t,x_bat,L0,L,L_seg,dL/dt,Explain,mode_câble,Scénario,Tbat,Trov,Tmax,U_bat_x,U_bat_y,U_rov_x,U_rov_y,x_rov,y_rov,Fx_rov,Fy_rov,Tr_cable_rov_x,Tr_cable_rov_y,Trainee_rov_x,Trainee_rov_y,Poids_app_rov,Sigma_f_rov_x,Sigma_f_rov_y,Tr_bat_cable_x,Tr_bat_cable_y,Tr_rov_cable_x,Tr_rov_cable_y,Poids_app_cable_y,Trainee_cable_x,Trainee_cable_y,Sigma_f_cable_x,Sigma_f_cable_y
0.1,0.0,403.0,403.0,403.0478337065279,0.0,HISTORY_LT2,caténaire,,0.008337781180859672,0.25502702417647527,0.25502702417647527,0.26372103732726715,-0.9645989915353583,0.048582892224862034,-0.9988191540930056,29.999997935916262,-400.00142611051433,0.0,0.0,-0.012389950429992982,0.2547258765588035,1.2643649459577743e-07,0.10514545200731124,8.829000000000008,-0.012389823993498387,-8.469128671433893,0.002198848302024079,-0.00804261531869973,0.012389950429992982,-0.2547258765588035,0.24840133288962993,0.0,0.0,0.014588798732017062,-0.014367158987873302
0.2,0.0,403.0,403.0,402.80474164274926,0.0,PILOT_ASC_HOLD_ACC,caténaire,,0.008337781180859672,0.25502702417647527,0.25502702417647527,0.4756109993030151,-0.8796557152329469,0.04858503753515564,-0.998819049742098,29.99999174239931,-400.0056696778865,0.0,0.0,-0.012390497542093096,0.2547258499465021,2.8447518103095546e-07,0.23370605953753965,8.829000000000008,-0.012390213066912065,-8.340568090515966,0.003965540439398542,-0.00733437686810492,0.012390497542093096,-0.2547258499465021,0.24840133288962993,0.0,0.0,0.01635603798149164,-0.013658893924977072
0.30000000000000004,0.0,403.0,403.0,402.61238845070545,0.0,PILOT_ASC_HOLD_ACC,caténaire,,0.008337781180859672,0.25502702417647527,0.25502702417647527,-0.0163043115820561,-0.9998670758775066,0.04865201500421596,-0.9988157895408091,29.99998141945711,-400.01262972859763,0.0,0.0,-0.01240757860671442,0.25472501850706913,7.902722139084854e-07,0.628684245992056,8.829000000000008,-0.012406788334500513,-7.945590735500883,-0.00013594178227573973,-0.008336672888612664,0.01240757860671442,-0.25472501850706913,0.24840133288962993,0.0,0.0,0.012271636824438681,-0.01466035850605188
0.4,0.0,403.0,403.0,402.87102735327124,0.0,PILOT_ASC_HOLD_ACC,caténaire,,0.008337781180859672,0.25502702417647527,0.25502702417647527,0.25818528700924825,-0.9660954184613195,0.048493532103671556,-0.9988234965919204,29.999966964250014,-400.02214838380996,0.0,0.0,-0.012367161184205725,0.25472698401337923,1.5495955386208983e-06,1.1758690561312652,8.829000000000008,-0.012365611588667105,-7.398403959855363,0.002152692427200563,-0.00805509219896154,0.012367161184205725,-0.25472698401337923,0.24840133288962993,0.0,0.0,0.014519853611406288,-0.01438074332271086
0.5,0.0,403.0,403.0,403.31625001700434,0.0,PILOT_ASC_HOLD_ACC,caténaire,,0.008337781180859672,0.25502702417647527,0.25502702417647527,0.2124306371503037,-0.9771761480919989,0.04852895075252318,-0.9988217763639613,29.999948382495802,-400.034024399479,0.0,0.0,-0.012376193896822705,0.25472654530876193,2.5606082683733937e-06,1.8304138517642692,8.829000000000008,-0.012373633288554332,-6.743859602926976,0.0017712001686698315,-0.008147480897946412,0.012376193896822705,-0.25472654530876193,0.24840133288962993,0.0,0.0,0.014147394065492537,-0.014472693317078428
0.6,0.0,403.0,403.0,402.8407493420708,0.0,PILOT_ASC_HOLD_ACC,caténaire,,0.008337781180859672,0.25502702417647527,0.25502702417647527,0.21409530038809427,-0.9768127775329987,0.048631970732478026,-0.9988167656896211,29.999925675743416,-400.0480286387809,0.0,0.0,-0.01240246677574131,0.25472526745139584,3.8236644146354765e-06,2.545228727727456,8.829000000000008,-0.012398643111326674,-6.029046004821156,0.0017850797664863507,-0.008144451193737901,0.01240246677574131,-0.25472526745139584,0.24840133288962993,0.0,0.0,0.014187546542227661,-0.014468385755503826
0.7,0.0,403.0,403.0,403.2970761588149,0.0,PILOT_ASC_HOLD_ACC,caténaire,,0.008337781180859672,0.25502702417647527,0.25502702417647527,0.21108529387671202,-0.9774676458630137,0.04871439516770546,-0.9988127490693361,29.999898838078085,-400.0639192343166,0.0,0.0,-0.012423487234176791,0.25472424310467734,5.341450239569111e-06,3.2770881016330877,8.829000000000008,-0.012418145783937223,-5.297187655262243,0.0017599829908414826,-0.008149911342575842,0.012423487234176791,-0.25472424310467734,0.24840133288962993,0.0,0.0,0.014183470225018273,-0.014472821557623278
0.7999999999999999,0.0,403.0,403.0,402.9032750772776,0.0,PILOT_ASC_HOLD_ACC,caténaire,,0.008337781180859672,0.25502702417647527,0.25502702417647527,0.21845242166969775,-0.9758476005333234,0.04881006514553619,-0.9988080784317319,29.99986786144132,-400.0814547383708,0.0,0.0,-0.01244788566392599,0.2547230519658681,7.116037819403271e-06,3.990655865797153,8.829000000000008,-0.012440769626106586,-4.583621082236987,0.0018214084903108274,-0.00813640375911381,0.01244788566392599,-0.2547230519658681,0.24840133288962993,0.0,0.0,0.014269294154236816,-0.014458122835351944
0.8999999999999999,0.0,403.0,403.0,403.04367848907464,0.0,PILOT_ASC_HOLD_ACC,caténaire,,0.008337781180859672,0.25502702417647527,0.25502702417647527,0.22924711590110253,-0.9733682550047678,0.04890216091441897,-0.9988035736108978,29.99983273773765,-400.1004043062954,0.0,0.0,-0.01247137257380341,0.25472190311481635,9.148930534152677e-06,4.660219724141623,8.829000000000008,-0.012462223643269259,-3.9140583727435683,0.0019114122887265686,-0.00811573151862497,0.01247137257380341,-0.25472190311481635,0.24840133288962993,0.0,0.0,0.014382784862529979,-0.014436301743811414
0.9999999999999999,0.0,403.0,403.0,403.038837656607,0.0,PILOT_ASC_HOLD_ACC,caténaire,,0.008337781180859672,0.25502702417647527,0.25502702417647527,0.21608553654690926,-0.976374436830069,0.04897744182958287,-0.9987998849578579,29.999793460200664,-400.1205546623365,0.0,0.0,-0.012490571241574941,0.25472096240860836,1.1440847944268341e-05,5.269546220903888,8.829000000000008,-0.012479130393630673,-3.304732816687511,0.0018016739200767849,-0.00814079640487421,0.012490571241574941,-0.25472096240860836,0.24840133288962993,0.0,0.0,0.014292245161651725,-0.014460425923852632
1.0999999999999999,0.0,403.0,403.0,402.66095725726,0.0,PILOT_ASC_HOLD_ACC,caténaire,,0.008337781180859672,0.25502702417647527,0.25502702417647527,0.21999556655962407,-0.9755008717034085,0.04906057997512008,-0.9987958047030959,29.999750023150458,-400.14171411195355,0.0,0.0,-0.012511773715426848,0.2547199218333785,1.3992340683459304e-05,5.81054011448887,8.829000000000008,-0.012497781374743389,-2.763739963677759,0.001834274894733395,-0.008133512810000885,0.012511773715426848,-0.2547199218333785,0.24840133288962993,0.0,0.0,0.014346048610160244,-0.014452101753749474
1.2,0.0,403.0,403.0,402.76911678316304,0.0,PILOT_ASC_HOLD_ACC,caténaire,,0.008337781180859672,0.25502702417647527,0.25502702417647527,0.2041496065793339,-0.9789397009691164,0.04915938639259515,-0.99879094645952,29.999702420425645,-400.16371414927636,0.0,0.0,-0.012536972022045052,0.2547186828499766,1.6804799941500038e-05,6.281373312537905,8.829000000000008,-0.012520167222103551,-2.2929080046121255,0.001702154747817076,-0.008162185015936694,0.012536972022045052,-0.2547186828499766,0.24840133288962993,0.0,0.0,0.014239126769862128,-0.014479534976283376
1.3,0.0,403.0,403.0,403.04408438637836,0.0,PILOT_ASC_HOLD_ACC,caténaire,,0.008337781180859672,0.25502702417647527,0.25502702417647527,0.18663133436281235,-0.9824300204258604,0.04931062990829102,-0.9987834909418796,29.999650644392037,-400.1864092981731,0.0,0.0,-0.012575543205778958,0.25471678149149907,1.988049877825598e-05,6.684575649545998,8.829000000000008,-0.012555662707000701,-1.8897075689625105,0.0015560912274089856,-0.008191286535818321,0.012575543205778958,-0.25471678149149907,0.24840133288962993,0.0,0.0,0.014131634433187944,-0.014506735137687438
1.4000000000000001,0.0,403.0,403.0,402.7555858603244,0.0,PILOT_ASC_HOLD_ACC,caténaire,,0.008337781180859672,0.25502702417647527,0.25502702417647527,0.19192093400797908,-0.9814103907588839,0.0494735239695052,-0.9987754354338311,29.999594683773555,-400.2096757860858,0.0,0.0,-0.01261708559346643,0.25471472711925325,2.3223877527897167e-05,7.025373729199637,8.829000000000008,-0.012593861715938534,-1.5489115436811174,0.001600194751784739,-0.008182785086769558,0.01261708559346643,-0.25471472711925325,0.24840133288962993,0.0,0.0,0.01421728034525117,-0.014496179316392882
1.5000000000000002,0.0,403.0,403.0,403.02676959897826,0.0,PILOT_ASC_HOLD_ACC,caténaire,,0.008337781180859672,0.25502702417647527,0.25502702417647527,0.17784106776318717,-0.984059223124731,0.049596389065816274,-0.9987693418360578,29.99953452568256,-400.2334095441774,0.0,0.0,-0.0126484195133538,0.2547131730871466,2.6838473685311308e-05,7.310394142927632,8.829000000000008,-0.012621581039668489,-1.2638926839852296,0.0014827999079798917,-0.008204870471420772,0.0126484195133538,-0.2547131730871466,0.24840133288962993,0.0,0.0,0.01413121942133369,-0.014516710668937421
1.6000000000000003,0.0,403.0,403.0,402.7868834675051,0.0,PILOT_ASC_HOLD_ACC,caténaire,,0.008337781180859672,0.25502702417647527,0.25502702417647527,0.19024038895798803,-0.9817375384536915,0.04970265837702193,-0.9987640591001745,29.999470161162836,-400.25752390337965,0.0,0.0,-0.012675521059551864,0.2547118258467348,3.0722941016181544e-05,7.5467371055277095,8.829000000000008,-0.012644798118535682,-1.0275510686255638,0.0015861827348933367,-0.008185512772662688,0.012675521059551864,-0.2547118258467348,0.24840133288962993,0.0,0.0,0.014261703794445201,-0.01449600572976753
1.7000000000000004,0.0,403.0,403.0,403.0458260687696,0.0,PILOT_ASC_HOLD_ACC,caténaire,,0.008337781180859672,0.25502702417647527,0.25502702417647527,0.21212222051598112,-0.9772431445466216,0.049804876578439905,-0.9987589670531157,29.99940158283741,-400.28194724076354,0.0,0.0,-0.01270158946327616,0.2547105272371264,3.487734950192314e-05,7.7413693295802535,8.829000000000008,-0.012666712113774237,-0.8329201431826281,0.0017686286582603127,-0.00814803949972495,0.01270158946327616,-0.2547105272371264,0.24840133288962993,0.0,0.0,0.014470218121536472,-0.01445723384722139
1.8000000000000005,0.0,403.0,403.0,402.7335576231817,0.0,PILOT_ASC_HOLD_ACC,caténaire,,0.008337781180859672,0.25502702417647527,0.25502702417647527,0.20436028062024858,-0.9788957430210906,0.04996068611250757,-0.998751185152322,29.99932878262232,-400.3066207351959,0.0,0.0,-0.012741325105087761,0.25470854264212456,3.930384568803042e-05,7.900764068345206,8.829000000000008,-0.01270202125939973,-0.6735273890126781,0.00170391130187071,-0.008161818504184895,0.012741325105087761,-0.25470854264212456,0.24840133288962993,0.0,0.0,0.01444523640695847,-0.014469028256679534
1.9000000000000006,0.0,403.0,403.0,403.1200811449998,0.0,PILOT_ASC_HOLD_ACC,caténaire,,0.008337781180859672,0.25502702417647527,0.25502702417647527,0.20425853811183414,-0.9789169778936396,0.05014712606812373,-0.9987418413920124,29.999251749255215,-400.3314963211545,0.0,0.0,-0.012788872332156144,0.2547061597307382,4.400757962682713e-05,8.030718613078495,8.829000000000008,-0.012744864752529316,-0.5435752271907752,0.0017030629950987588,-0.008161995555905611,0.012788872332156144,-0.2547061597307382,0.24840133288962993,0.0,0.0,0.014491935327254903,-0.014466822397013884
2.0000000000000004,0.0,403.0,403.0,403.0386882588166,0.0,PILOT_ASC_HOLD_ACC,caténaire,,0.008337781180859672,0.25502702417647527,0.25502702417647527,0.21581579867379497,-0.976434094572077,0.05030209170248249,-0.9987340484685374,29.999170468396407,-400.35653488037667,0.0,0.0,-0.012828392756736277,0.2547041723246547,4.8994382511509045e-05,8.136290375150118,8.829000000000008,-0.012779398374224768,-0.4380054525252355,0.0017994249047145674,-0.008141293818072817,0.012828392756736277,-0.2547041723246547,0.24840133288962993,0.0,0.0,0.014627817661450845,-0.014444133253097596
2.1000000000000005,0.0,403.0,403.0,402.65585189722253,0.0,PILOT_ASC_HOLD_ACC,caténaire,,0.008337781180859672,0.25502702417647527,0.25502702417647527,0.18530734081757952,-0.9826806141565617,0.05040619475436723,-0.9987287997902057,29.999084929062352,-400.3817046793133,0.0,0.0,-0.012854941848266133,0.25470283376983893,5.426270640507592e-05,8.221806707517398,8.829000000000008,-0.012800679141861056,-0.3524904587127704,0.0015450520589439637,-0.008193375931510205,0.012854941848266133,-0.25470283376983893,0.24840133288962993,0.0,0.0,0.014399993907210097,-0.01449487681171921
2.2000000000000006,0.0,403.0,403.0,403.03418945838587,0.0,PILOT_ASC_HOLD_ACC,caténaire,,0.008337781180859672,0.25502702417647527,0.25502702417647527,0.19345931278886142,-0.9811082989636065,0.05054287265853884,-0.998721892231978,29.998995123808086,-400.40698004209446,0.0,0.0,-0.012889798407437696,0.2547010721558198,5.9809919072999214e-05,8.290916961138148,8.829000000000008,-0.012829988488364696,-0.28338196670604,0.0016130214174330136,-0.008180266311484004,0.012889798407437696,-0.2547010721558198,0.24840133288962993,0.0,0.0,0.01450281982487071,-0.014480005577673843
2.3000000000000007,0.0,403.0,403.0,402.91827916793875,0.0,PILOT_ASC_HOLD_ACC,caténaire,,0.008337781180859672,0.25502702417647527,0.25502702417647527,0.21065487440132832,-0.9775604962819235,0.050747017693367855,-0.9987115400330714,29.99890104285149,-400.4323402378787,0.0,0.0,-0.012941860908170542,0.25469843206533893,6.564069493915436e-05,8.346664823123898,8.829000000000008,-0.012876220213231388,-0.2276367448107699,0.001756394247439753,-0.008150685509051262,0.012941860908170542,-0.25469843206533893,0.24840133288962993,0.0,0.0,0.014698255155610294,-0.01444778468476024
2.400000000000001,0.0,403.0,403.0,403.3205008099327,0.0,PILOT_ASC_HOLD_ACC,caténaire,,0.008337781180859672,0.25502702417647527,0.25502702417647527,0.20574080484305016,-0.9786065201205918,0.05094611087353197,-0.9987014037172782,29.998802671275914,-400.4577685567193,0.0,0.0,-0.012992635049441629,0.2546958470308861,7.176438639048471e-05,8.391567001006814,8.829000000000008,-0.012920870663051144,-0.1827371519623071,0.001715421810755306,-0.008159407026928042,0.012992635049441629,-0.2546958470308861,0.24840133288962993,0.0,0.0,0.014708056860196935,-0.014453921168184197
2.500000000000001,0.0,403.0,403.0,402.70698194013124,0.0,PILOT_ASC_HOLD_ACC,caténaire,,0.008337781180859672,0.25502702417647527,0.25502702417647527,0.19593709192238387,-0.9806164673352161,0.05106298014287957,-0.9986954350846549,29.9986999950854,-400.4832515475965,0.0,0.0,-0.013022439871421024,0.25469432486826976,7.818243913203433e-05,8.427690290493235,8.829000000000008,-0.01294425743228899,-0.146615384638503,0.0016336805976628237,-0.008176165526988658,0.013022439871421024,-0.25469432486826976,0.24840133288962993,0.0,0.0,0.014656120469083848,-0.014469157505628466
2.600000000000001,0.0,403.0,403.0,402.9229302048196,0.0,PILOT_ASC_HOLD_ACC,caténaire,,0.008337781180859672,0.25502702417647527,0.25502702417647527,0.19019133220802348,-0.9817470433634813,0.05118050461770989,-0.9986894191624726,29.99859300590248,-400.50877839431416,0.0,0.0,-0.013052411788504905,0.25469279064553796,8.488861789822895e-05,8.456723105622437,8.829000000000008,-0.012967523170606676,-0.11758410373203176,0.0015857737104466882,-0.00818559202252066,0.013052411788504905,-0.25469279064553796,0.24840133288962993,0.0,0.0,0.014638185498951593,-0.014477049778428702
2.700000000000001,0.0,403.0,403.0,403.2410227133423,0.0,PILOT_ASC_HOLD_ACC,caténaire,,0.008337781180859672,0.25502702417647527,0.25502702417647527,0.17517047444418302,-0.9845381175368477,0.05140547250765407,-0.9986778646772266,29.998481694665962,-400.53434040716024,0.0,0.0,-0.01310978468001263,0.2546898439395498,9.188565924093954e-05,8.480039346645036,8.829000000000008,-0.013017899020771691,-0.09427080941542165,0.0014605330852629692,-0.008208863388237736,0.01310978468001263,-0.2546898439395498,0.24840133288962993,0.0,0.0,0.014570317765275599,-0.0144973744381576
2.800000000000001,0.0,403.0,403.0,402.86478453957386,0.0,PILOT_ASC_HOLD_ACC,caténaire,,0.008337781180859672,0.25502702417647527,0.25502702417647527,0.19451502987149896,-0.9808995377479234,0.05161553724010926,-0.9986670297528675,29.9983660459728,-400.55993060994615,0.0,0.0,-0.013163356863615104,0.2546870807410333,9.918618362387412e-05,8.498753335579886,8.829000000000008,-0.01306417067999123,-0.07555958367908744,0.001621823755456941,-0.008178525706148587,0.013163356863615104,-0.2546870807410333,0.24840133288962993,0.0,0.0,0.014785180619072046,-0.014464273557551949
2.9000000000000012,0.0,403.0,403.0,403.0119528918987,0.0,PILOT_ASC_HOLD_ACC,caténaire,,0.008337781180859672,0.25502702417647527,0.25502702417647527,0.18993247227184185,-0.9817971562276528,0.05173411201693182,-0.9986608942247711,29.998246045041192,-400.5855434049595,0.0,0.0,-0.013193596636090552,0.2546855160155611,0.00010679205812202914,8.513766153228817,8.829000000000008,-0.013086804577968522,-0.06054833075562982,0.0015836153929423143,-0.008186009852616466,0.013193596636090552,-0.2546855160155611,0.24840133288962993,0.0,0.0,0.014777212029032866,-0.014470192978547652
3.0000000000000013,0.0,403.0,403.0,402.7477726948969,0.0,PILOT_ASC_HOLD_ACC,caténaire,,0.008337781180859672,0.25502702417647527,0.25502702417647527,0.18273645441691574,-0.9831619338782064,0.05188517644244283,-0.9986530571051874,29.99812168328682,-400.6111743023314,0.0,0.0,-0.013232122146987553,0.25468351733827554,0.0001146947135716878,8.525804957360986,8.829000000000008,-0.013117427433415865,-0.04851152530074643,0.0015236165706943813,-0.00819738907002731,0.013232122146987553,-0.25468351733827554,0.24840133288962993,0.0,0.0,0.014755738717681934,-0.014479573518672934
3.1000000000000014,0.0,403.0,403.0,402.9511773964608,0.0,PILOT_ASC_HOLD_ACC,caténaire,,0.008337781180859672,0.25502702417647527,0.25502702417647527,0.17933573223957264,-0.9837879319965743,0.05214997468435924,-0.9986392642693461,29.997992949416457,-400.636819702432,0.0,0.0,-0.013299652854630657,0.25467999979239603,0.0001229009879499552,8.535455998129974,8.829000000000008,-0.013176751866680702,-0.03886400207763785,0.0014952620933227979,-0.008202608505357891,0.013299652854630657,-0.25467999979239603,0.24840133288962993,0.0,0.0,0.014794914947953455,-0.014481275408123967
3.2000000000000015,0.0,403.0,403.0,402.9573787312638,0.0,PILOT_ASC_HOLD_ACC,caténaire,,0.008337781180859672,0.25502702417647527,0.25502702417647527,0.20628815728715494,-0.9784912856858102,0.052330517159035944,-0.9986298197900302,29.997859826292625,-400.66247672034365,0.0,0.0,-0.013345696064684914,0.25467759119494116,0.0001314246173867888,8.543191169057701,8.829000000000008,-0.013214271447298125,-0.031131239747365314,0.0017199855156630605,-0.008158446227426333,0.013345696064684914,-0.25467759119494116,0.24840133288962993,0.0,0.0,0.015065681580347975,-0.014434704532737569
3.3000000000000016,0.0,403.0,403.0,403.366035301819,0.0,PILOT_ASC_HOLD_ACC,caténaire,,0.008337781180859672,0.25502702417647527,0.25502702417647527,0.15506561560290888,-0.9879041729123785,0.05245440965637644,-0.9986233198296547,29.99772230036464,-400.68814304409347,0.0,0.0,-0.013377291999599451,0.25467593352938933,0.000140261632520344,8.54938954894942,8.829000000000008,-0.013237030367079107,-0.024934517521197463,0.0012929031715723535,-0.00823692882140157,0.013377291999599451,-0.25467593352938933,0.24840133288962993,0.0,0.0,0.014670195171171805,-0.014511529461160994
3.4000000000000017,0.0,403.0,403.0,403.41917479008043,0.0,PILOT_ASC_HOLD_ACC,caténaire,,0.008337781180859672,0.25502702417647527,0.25502702417647527,0.2399332609490516,-0.970789385134775,0.05269853891291934,-0.9986104665966823,29.997580362544767,-400.7138168211469,0.0,0.0,-0.013439551557410003,0.25467265560763336,0.00014940529237073363,8.55435562424741,8.829000000000008,-0.01329014626503927,-0.019971720144964067,0.002000511027803295,-0.008094229465955059,0.013439551557410003,-0.25467265560763336,0.24840133288962993,0.0,0.0,0.015440062585213299,-0.014365552183958491
3.5000000000000018,0.0,403.0,403.0,402.97082570507223,0.0,PILOT_ASC_HOLD_ACC,caténaire,,0.008337781180859672,0.25502702417647527,0.25502702417647527,0.1355981269124807,-0.9907639214151002,0.052957987830218475,-0.9985967411948501,29.997433997009995,-400.73949656781406,0.0,0.0,-0.01350571804271461,0.25466915525924844,0.00015887200220612117,8.55833416900241,8.829000000000008,-0.013346846040508488,-0.015996675738348287,0.001130587510730703,-0.008260772778649552,0.01350571804271461,-0.25466915525924844,0.24840133288962993,0.0,0.0,0.014636305553445313,-0.01452859514826807
3.600000000000002,0.0,403.0,403.0,402.9634522006819,0.0,PILOT_ASC_HOLD_ACC,caténaire,,0.008337781180859672,0.25502702417647527,0.25502702417647527,0.2204583175290125,-0.9753963964626264,0.05307959571568739,-0.9985902846105901,29.997283186388174,-400.7651810957527,0.0,0.0,-0.013536731339862142,0.25466750865577825,0.00016866834454004015,8.561521391157475,8.829000000000008,-0.0133680629953221,-0.012811100186754132,0.0018381332110573862,-0.008132641718304426,0.013536731339862142,-0.25466750865577825,0.24840133288962993,0.0,0.0,0.015374864550919527,-0.014398817484452736
3.700000000000002,0.0,403.0,403.0,402.9756461746981,0.0,PILOT_ASC_HOLD_ACC,caténaire,,0.008337781180859672,0.25502702417647527,0.25502702417647527,0.15674727975201028,-0.9876387448304896,0.05329078114994349,-0.9985790367539411,29.997127920349037,-400.79086945288685,0.0,0.0,-0.013590589332709891,0.2546646401483687,0.00017878153821496146,8.564074382027766,8.829000000000008,-0.01341180779449493,-0.010260977823874029,0.0013069245192672576,-0.008234715740135524,0.013590589332709891,-0.2546646401483687,0.24840133288962993,0.0,0.0,0.014897513851977148,-0.014498022998874288
3.800000000000002,0.0,403.0,403.0,402.9884786457615,0.0,PILOT_ASC_HOLD_ACC,caténaire,,0.008337781180859672,0.25502702417647527,0.25502702417647527,0.2087125389502983,-0.9779770324935655,0.053591175343846484,-0.9985629604212571,29.996968184757375,-400.8165608769531,0.0,0.0,-0.013667197970060862,0.2546605402490847,0.00018922264575124264,8.5661194332051,8.829000000000008,-0.013477975324309619,-0.00822002654582299,0.0017401994794692382,-0.008154158496837838,0.013667197970060862,-0.2546605402490847,0.24840133288962993,0.0,0.0,0.0154073974495301,-0.014413365856292576
3.900000000000002,0.0,403.0,403.0,402.9407938601784,0.0,PILOT_ASC_HOLD_ACC,caténaire,,0.008337781180859672,0.25502702417647527,0.25502702417647527,0.17692287756118674,-0.9842247179356295,0.05373050004114863,-0.9985554733540486,29.996803960841675,-400.842254757748,0.0,0.0,-0.013702729533008117,0.25465863084461465,0.00020000577112191085,8.567757772708958,8.829000000000008,-0.013502723761886206,-0.00658359644643447,0.0014751442389932027,-0.00820625033094061,0.013702729533008117,-0.25465863084461465,0.24840133288962993,0.0,0.0,0.01517787377200132,-0.01446354828592536
4.000000000000002,0.0,403.0,403.0,403.18370691586443,0.0,PILOT_ASC_HOLD_ACC,caténaire,,0.008337781180859672,0.25502702417647527,0.25502702417647527,0.1726307417778011,-0.984986612595951,0.05397875906501994,-0.9985420840254058,29.996635237303867,-400.8679506062949,0.0,0.0,-0.013766042293090974,0.2546552162039752,0.00021111596047226948,8.569070137202239,8.829000000000008,-0.013554926332618705,-0.005274646593793619,0.0014393573500327955,-0.008212602841901236,0.013766042293090974,-0.2546552162039752,0.24840133288962993,0.0,0.0,0.01520539964312377,-0.014466486156246489
4.100000000000001,0.0,403.0,403.0,403.11532979594085,0.0,PILOT_ASC_HOLD_ACC,caténaire,,0.008337781180859672,0.25502702417647527,0.25502702417647527,0.21897288268322526,-0.9757309448046622,0.05427352013255132,-0.9985261063249279,29.99646199917022,-400.8936480312579,0.0,0.0,-0.013841214330986583,0.2546511414585691,0.00022256492024432144,8.57012157816366,8.829000000000008,-0.013618649410742261,-0.004227280377779863,0.0018257479803547882,-0.008135431109174739,0.013841214330986583,-0.2546511414585691,0.24840133288962993,0.0,0.0,0.015666962311341372,-0.01438523967811392
4.200000000000001,0.0,403.0,403.0,403.07121668221885,0.0,PILOT_ASC_HOLD_ACC,caténaire,,0.008337781180859672,0.25502702417647527,0.25502702417647527,0.15196937654445705,-0.988385202536283,0.054408918013549634,-0.9985187377513728,29.996284226392884,-400.91934671953265,0.0,0.0,-0.013875744449657383,0.2546492622731829,0.00023436903723866246,8.570964230822701,8.829000000000008,-0.013641375412418721,-0.00338650690412301,0.0012670874078193513,-0.008240939541147196,0.013875744449657383,-0.2546492622731829,0.24840133288962993,0.0,0.0,0.015142831857476734,-0.014488868924700166
4.300000000000001,0.0,403.0,403.0,403.1462183320234,0.0,PILOT_ASC_HOLD_ACC,caténaire,,0.008337781180859672,0.25502702417647527,0.25502702417647527,0.20156476672024953,-0.979475188464216,0.05469213990135347,-0.9985032648083884,29.996101907258662,-400.9450464200274,0.0,0.0,-0.01394797368488564,0.25464531625457837,0.00024650981787243184,8.571639430421095,8.829000000000008,-0.013701463867013208,-0.002715253324334199,0.0016806029186844664,-0.00816664979349592,0.01394797368488564,-0.25464531625457837,0.24840133288962993,0.0,0.0,0.015628576603570105,-0.014410633158444347
4.4,0.0,403.0,403.0,403.1300552543708,0.0,PILOT_ASC_HOLD_ACC,caténaire,,0.008337781180859672,0.25502702417647527,0.25502702417647527,0.18085302521406227,-0.9835101337916767,0.05497982442987069,-0.9984874655726332,29.995915023596464,-400.97074693204166,0.0,0.0,-0.014021341014095,0.25464128702249944,0.0002590075317076398,8.572180772359928,8.829000000000008,-0.013762333482387359,-0.002177940617579921,0.001507912950131348,-0.00820029228471302,0.014021341014095,-0.25464128702249944,0.24840133288962993,0.0,0.0,0.015529253964226348,-0.014440246417582542
4.5,0.0,403.0,403.0,403.0195424278152,0.0,PILOT_ASC_HOLD_ACC,caténaire,,0.008337781180859672,0.25502702417647527,0.25502702417647527,0.1890124548132042,-0.9819746900635915,0.055132817244871346,-0.9984790295557757,29.995723556508974,-400.9964480949066,0.0,0.0,-0.014060358316424998,0.2546391356102244,0.00027186793170849873,8.572614948940155,8.829000000000008,-0.013788490384716499,-0.0017459154496286544,0.001575944488689623,-0.008187490090892723,0.014060358316424998,-0.2546391356102244,0.24840133288962993,0.0,0.0,0.015636302805114622,-0.014425292811487161
4.6,0.0,403.0,403.0,402.8388563417837,0.0,PILOT_ASC_HOLD_ACC,caténaire,,0.008337781180859672,0.25502702417647527,0.25502702417647527,0.20642039273411464,-0.9784633981215107,0.055503600372578565,-0.9984584870417403,29.995527493469147,-401.0221497796977,0.0,0.0,-0.014154918034099016,0.25463389671400083,0.0002850763467859954,8.572963129090827,8.829000000000008,-0.01386984168731302,-0.0014029741951802066,0.0017210880658841635,-0.008158213707017537,0.014154918034099016,-0.25463389671400083,0.24840133288962993,0.0,0.0,0.01587600609998318,-0.014390777531388427
4.699999999999999,0.0,403.0,403.0,403.01406288905895,0.0,PILOT_ASC_HOLD_ACC,caténaire,,0.008337781180859672,0.25502702417647527,0.25502702417647527,0.1601283805668698,-0.9870961968000038,0.05569044573598718,-0.9984480829035262,29.995326812842624,-401.0478518836517,0.0,0.0,-0.014202568651110286,0.25463124337759296,0.00029866244599977937,8.573242760334287,8.829000000000008,-0.013903906205110507,-0.0011259962881275953,0.0013351153980119825,-0.008230192093377227,0.014202568651110286,-0.25463124337759296,0.24840133288962993,0.0,0.0,0.015537684049122268,-0.014460102581340256
4.799999999999999,0.0,403.0,403.0,403.0639059126499,0.0,PILOT_ASC_HOLD_ACC,caténaire,,0.008337781180859672,0.25502702417647527,0.25502702417647527,0.2020528027421216,-0.9793746294978511,0.05597775279992898,-0.9984320163093078,29.99512149967394,-401.07355432416074,0.0,0.0,-0.014275839716652245,0.2546271459618808,0.0003126103354982721,8.573467285727487,8.829000000000008,-0.013963229381153972,-0.0009055683106407031,0.001684672056243213,-0.008165811354838596,0.014275839716652245,-0.2546271459618808,0.24840133288962993,0.0,0.0,0.015960511772895456,-0.014391624427089439
4.899999999999999,0.0,403.0,403.0,402.77419956697247,0.0,PILOT_ASC_HOLD_ACC,caténaire,,0.008337781180859672,0.25502702417647527,0.25502702417647527,0.19985392274673994,-0.979825703665065,0.05629205444419626,-0.9984143451525783,29.994911535483723,-401.0992570352967,0.0,0.0,-0.014355995129683502,0.2546226393393663,0.00032693407205808847,8.573647830699345,8.829000000000008,-0.014029061057625414,-0.0007295299612959383,0.0016663382759987508,-0.008169572312541165,0.014355995129683502,-0.2546226393393663,0.24840133288962993,0.0,0.0,0.01602233340568225,-0.014390878762277542
4.999999999999998,0.0,403.0,403.0,402.93950388990174,0.0,PILOT_ASC_HOLD_ACC,caténaire,,0.008337781180859672,0.25502702417647527,0.25502702417647527,0.17801437815114862,-0.9840278863789682,0.05649800866890804,-0.9984027118434965,29.9946968995233,-401.12495996437787,0.0,0.0,-0.01440851902272832,0.25461967253116985,0.00034164470427394797,8.573793231163682,8.829000000000008,-0.014066874318454372,-0.0005870963051552991,0.0014842449320710842,-0.00820460919249168,0.01440851902272832,-0.25461967253116985,0.24840133288962993,0.0,0.0,0.015892763954799403,-0.014422948834031585
5.099999999999998,0.0,403.0,403.0,402.86519987927056,0.0,PILOT_ASC_HOLD_ACC,caténaire,,0.008337781180859672,0.25502702417647527,0.25502702417647527,0.17778814819361302,-0.9840687853813298,0.05688662049736846,-0.9983806450489655,29.994477576054006,-401.1506630690048,0.0,0.0,-0.014507625540900359,0.2546140449022275,0.00035673024750657717,8.573910346092106,8.829000000000008,-0.014150895293393782,-0.0004756090056741158,0.0014823586761885971,-0.008204950199423886,0.014507625540900359,-0.2546140449022275,0.24840133288962993,0.0,0.0,0.015989984217088957,-0.014417662212021481
5.1999999999999975,0.0,403.0,403.0,403.0000642343246,0.0,PILOT_ASC_HOLD_ACC,caténaire,Fy:(t>5:-2),0.008337781180859672,0.25502702417647527,0.25502702417647527,0.195329771266737,-0.9807376205983354,0.05707711136315557,-0.9983697728589532,29.994253542068385,-401.17667612008097,0.0,-2.0,-0.014556205859534847,0.2546112721999624,0.00037221813730453553,8.781937807614893,8.829000000000008,-0.01418398772223031,-1.7924509201851517,0.001628616890929424,-0.008177175676385894,0.014556205859534847,-0.2546112721999624,0.24840133288962993,0.0,0.0,0.016184822750464272,-0.014387114986718325
5.299999999999997,0.0,403.0,403.01000000000005,402.93472033252476,0.09999999999999964,PILOT_DESC_ADD_SLACK_ACC,caténaire,,0.008337781180859672,0.25502702417647527,0.25502702417647527,0.19822909203536246,-0.9801557157262494,0.05735019312009065,-0.9983541232193556,29.99402478319323,-401.20322368785065,0.0,-2.0,-0.014625849087362884,0.25460728111894637,0.00038808389989224357,9.146548594518018,8.829000000000008,-0.014237765187470641,-1.4278441243630429,0.001652790793071345,-0.008172323880894365,0.014625849087362884,-0.25460728111894637,0.24840749669441634,0.0,-2.7755575615628914e-17,0.01627863988043423,-0.014372108305424403
5.399999999999997,0.0,403.0,403.02900000000005,402.8923409589543,0.18999999999999967,PILOT_DESC_ADD_SLACK_ACC,caténaire,,0.008337781180859672,0.25502702417647527,0.25502702417647527,0.1975206317226976,-0.9802987300021695,0.05749868101805072,-0.9983455822916154,29.993791284030358,-401.2301961807696,0.0,-2.0,-0.01466371751410586,0.2546051029515611,0.0004043341067988831,9.441694527188293,8.829000000000008,-0.014259383407306977,-1.132700369860153,0.001646883806009022,-0.008173516302632725,0.01466371751410586,-0.2546051029515611,0.24841920792351038,0.0,2.7755575615628914e-17,0.016310601320114883,-0.014359411330683414
5.4999999999999964,0.0,403.0,403.0561000000001,402.8957287394034,0.2709999999999997,PILOT_DESC_ADD_SLACK_ACC,caténaire,,0.008337781180859672,0.25502702417647527,0.25502702417647527,0.19610682938701457,-0.9805825367952319,0.05750834016129902,-0.9983450259363704,29.993553036989645,-401.25750522148684,0.0,-2.0,-0.014666180856664568,0.25460496106593855,0.0004209444142605192,9.678780922129917,8.829000000000008,-0.014245236442404049,-0.8956141168041523,0.0016350958315011085,-0.00817588262157092,0.014666180856664568,-0.25460496106593855,0.24843591183448133,0.0,-5.551115123125783e-17,0.016301276688165677,-0.014344931853028209
5.599999999999996,0.0,403.0,403.0904900000001,402.91305468198664,0.3438999999999997,PILOT_DESC_ADD_SLACK_ACC,caténaire,,0.008337781180859672,0.25502702417647527,0.25502702417647527,0.19463520009767804,-0.9808757000165397,0.05740331194102174,-0.9983510704046957,29.99331004653826,-401.28508002805796,0.0,-2.0,-0.014639395822192702,0.2546065025687083,0.00043787296979349086,9.868081307590316,8.829000000000008,-0.014201522852399211,-0.7063121898409825,0.0016228257085072766,-0.008178326952360461,0.014639395822192702,-0.2546065025687083,0.24845710915914165,0.0,0.0,0.016262221530699977,-0.014327720361927143
5.699999999999996,0.0,403.0,403.13144100000005,402.9377618688971,0.4095099999999997,PILOT_DESC_ADD_SLACK_ACC,caténaire,,0.008337781180859672,0.25502702417647527,0.25502702417647527,0.19380914623436538,-0.9810392524440124,0.05716286275028047,-0.9983648667306921,29.99306232749769,-401.31286421617017,0.0,-2.0,-0.014578074780612316,0.2546100210046717,0.0004550807862168352,10.018511273309558,8.829000000000008,-0.014122993994395481,-0.5558787056857781,0.0016159382521513718,-0.008179690616712327,0.014578074780612316,-0.2546100210046717,0.2484823505561221,0.0,5.551115123125783e-17,0.016194013032763688,-0.01430736106526187
5.799999999999995,0.0,403.0,403.1782969000001,402.95156670584555,0.4685589999999997,PILOT_DESC_ADD_SLACK_ACC,caténaire,,0.008337781180859672,0.25502702417647527,0.25502702417647527,0.19166852577081767,-0.9814597170688368,0.05695921936033881,-0.9983765057982188,29.992809904076164,-401.34081306059716,0.0,-2.0,-0.014526140212882285,0.2546129892814272,0.00047252960097457643,10.137607728545598,8.829000000000008,-0.014053610611907708,-0.43677928217298323,0.0015980902271350405,-0.008183196358748406,0.014526140212882285,-0.2546129892814272,0.248511231618191,0.0,5.551115123125783e-17,0.016124230440017324,-0.014284954021984597
5.899999999999995,0.0,403.0,403.2304672100001,402.982315636345,0.5217030999999998,PILOT_DESC_ADD_SLACK_ACC,caténaire,,0.008337781180859672,0.25502702417647527,0.25502702417647527,0.18867223434812136,-0.9820401152631636,0.056739698696418504,-0.9983890056445133,29.99255279980041,-401.3688912026027,0.0,-2.0,-0.014470156511217445,0.25461617708003037,0.0004902169454581862,10.231622354996299,8.829000000000008,-0.01397993956575926,-0.3427614679236779,0.001573107804898512,-0.008188035591890469,0.014470156511217445,-0.25461617708003037,0.24854338837883927,0.0,-5.551115123125783e-17,0.016043264316115958,-0.01426082429308162
5.999999999999995,0.0,403.0,403.28742048900006,403.0436832254744,0.5695327899999998,PILOT_DESC_ADD_SLACK_ACC,caténaire,,0.008337781180859672,0.25502702417647527,0.25502702417647527,0.1884911312405,-0.9820748919729476,0.05633555326895136,-0.9984118916749144,29.99229104125952,-401.3970707609614,0.0,-2.0,-0.014367088505515968,0.2546220136362588,0.0005081260301356145,10.305667695594883,8.829000000000008,-0.013858962475380354,-0.26871029076886543,0.0015715978068159913,-0.008188325552486837,0.014367088505515968,-0.2546220136362588,0.24857849326820908,0.0,-5.551115123125783e-17,0.01593868631233196,-0.014231845920536612
6.099999999999994,0.0,403.0,403.3486784401,403.20445692825416,0.6125795109999999,PILOT_DESC_ADD_SLACK_ACC,caténaire,,0.008337781180859672,0.25502702417647527,0.25502702417647527,0.186363873585895,-0.9824807919863169,0.05603962700744422,-0.9984285453676023,29.992024664680287,-401.4253297951713,0.0,-2.0,-0.014291619311668134,0.25462626077794653,0.000526213270245883,10.363880581870259,8.829000000000008,-0.013765406041422252,-0.2104931573518023,0.0015538611979765862,-0.008191709857979618,0.014291619311668134,-0.25462626077794653,0.24861625147342822,0.0,2.7755575615628914e-17,0.01584548050964472,-0.014201719162497906
6.199999999999994,0.0,403.0,403.41381059609,403.74899415167164,0.6513215598999998,PILOT_DESC_ADD_SLACK_ACC,caténaire,,0.008337781180859672,0.25502702417647527,0.25502702417647527,0.18571163086650486,-0.9826042897122438,0.05561623169244428,-0.9984522195740427,29.991753704512476,-401.45365106767207,0.0,-2.0,-0.014183642064433438,0.25463229834036477,0.0005444783633962039,10.4095821103378,8.829000000000008,-0.013639163701037234,-0.16478559132184323,0.0015484229409055024,-0.008192739554994732,0.014183642064433438,-0.25463229834036477,0.24865639766291187,0.0,0.0,0.01573206500533894,-0.014168640232447627
6.299999999999994,0.0,403.0,403.482429536481,403.6951493614494,0.6861894039099998,PILOT_DESC_ADD_SLACK_ACC,caténaire,,0.008337781180859672,0.25502702417647527,0.25502702417647527,0.1846671172989476,-0.9828011272828784,0.05514421539399369,-0.9984784001211949,29.991478202151303,-401.4820210523093,0.0,-2.0,-0.014063265152476788,0.2546389750873963,0.0005628859023056792,10.445421535478113,8.829000000000008,-0.01350037925017111,-0.12893948943449907,0.0015397140153387708,-0.008194380743586855,0.014063265152476788,-0.2546389750873963,0.24869869303823341,0.0,-2.7755575615628914e-17,0.01560297916781556,-0.014134662792749775
6.399999999999993,0.0,403.0,403.55418658283287,403.62530011704564,0.7175704635189999,PILOT_DESC_ADD_SLACK_ACC,caténaire,,0.008337781180859672,0.25502702417647527,0.25502702417647527,0.18286397473588256,-0.9831382236205621,0.05479682915863,-0.9984975250415797,29.99119819993241,-401.5104291458208,0.0,-2.0,-0.01397467227463212,0.2546438524589297,0.0005814236150127629,10.473502665384666,8.829000000000008,-0.013393248659619357,-0.10085348215641154,0.00152467980721004,-0.00819719137908733,0.01397467227463212,-0.2546438524589297,0.24874292268080916,0.0,5.551115123125783e-17,0.015499352081842159,-0.014098121157207766
6.499999999999993,0.0,403.0,403.6287679245496,403.6348154628453,0.7458134171670999,PILOT_DESC_ADD_SLACK_ACC,caténaire,,0.008337781180859672,0.25502702417647527,0.25502702417647527,0.183511783105059,-0.9830175102517766,0.05429698182792171,-0.9985248308201347,29.990913739344272,-401.5388670426764,0.0,-2.0,-0.013847197697339029,0.2546508161703774,0.000600086599123867,10.495490000873865,8.829000000000008,-0.013247111098215162,-0.07885918295576566,0.0015300810916393627,-0.008196184897432793,0.013847197697339029,-0.2546508161703774,0.2487888931639137,0.0,8.326672684688674e-17,0.01537727878897839,-0.014058107903896389
6.5999999999999925,0.0,403.0,403.7058911320947,403.3833382637195,0.77123207545039,PILOT_DESC_ADD_SLACK_ACC,caténaire,,0.008337781180859672,0.25502702417647527,0.25502702417647527,0.18355570029149207,-0.9830093106835255,0.053818294774388965,-0.998550745404347,29.99062486558925,-401.56732824082985,0.0,-2.0,-0.013725119562564767,0.2546574250896718,0.0006188507116591419,10.512696528703879,8.829000000000008,-0.013106268850905625,-0.06164604620645697,0.0015304472635299206,-0.008196116531226937,0.013725119562564767,-0.2546574250896718,0.24883643040349415,0.0,2.7755575615628914e-17,0.015255566826094687,-0.014017111217404565
6.699999999999992,0.0,403.0,403.7853020188852,403.55899129496197,0.794108867905351,PILOT_DESC_ADD_SLACK_ACC,caténaire,,0.008337781180859672,0.25502702417647527,0.25502702417647527,0.18242550920892683,-0.9832196771779255,0.05343645160289224,-0.9985712521598505,29.990331623662644,-401.59580765263746,0.0,-2.0,-0.01362773923483585,0.2546626548665034,0.000637707976885167,10.526155968064232,8.829000000000008,-0.012990031257950682,-0.04818137706927139,0.001521023977590933,-0.008197870521025028,0.01362773923483585,-0.2546626548665034,0.24888537772390285,0.0,5.551115123125783e-17,0.015148763212426784,-0.013975147663625564
6.799999999999992,0.0,403.0,403.8667718169967,403.3973915300065,0.8146979811148158,PILOT_DESC_ADD_SLACK_ACC,caténaire,,0.008337781180859672,0.25502702417647527,0.25502702417647527,0.18393957874148845,-0.9829375521224142,0.052945652739401994,-0.9985973952779964,29.990034057325637,-401.62430129869665,0.0,-2.0,-0.013502572261210736,0.2546693220681268,0.0006566550960062167,10.536680721656296,8.829000000000008,-0.01284591716520452,-0.037649956275584984,0.001533647958046038,-0.008195518224046537,0.013502572261210736,-0.2546693220681268,0.24893559411705707,0.0,0.0,0.015036220219256774,-0.013929246175116261
6.8999999999999915,0.0,403.0,403.95009463529703,403.4314366853043,0.8332281830033342,PILOT_DESC_ADD_SLACK_ACC,caténaire,,0.008337781180859672,0.25502702417647527,0.25502702417647527,0.18471558491159704,-0.9827920190410413,0.05245594998721334,-0.9986232389199338,29.989732212381057,-401.65280606718386,0.0,-2.0,-0.013377684825589034,0.254675912895224,0.0006756745081378583,10.544908264439387,8.829000000000008,-0.012702010317451176,-0.02941582266539733,0.0015401181276874004,-0.008194304801059473,0.013377684825589034,-0.254675912895224,0.24898695267568222,0.0,-5.551115123125783e-17,0.014917802953276434,-0.013883265020601332
6.999999999999991,0.0,403.0,404.0350851717673,403.71021750065637,0.8499053647030008,PILOT_DESC_ADD_SLACK_ACC,caténaire,,0.008337781180859672,0.25502702417647527,0.25502702417647527,0.1855442187462486,-0.9826359157337188,0.052099409875281874,-0.998641903532316,29.989426133579737,-401.6813195253728,0.0,-2.0,-0.013286757461843605,0.2546806728757772,0.0006947622690885141,10.551338492068663,8.829000000000008,-0.012591995192755091,-0.02298083505556825,0.001547027095279782,-0.00819300324584141,0.013286757461843605,-0.2546806728757772,0.24903933918323115,0.0,-2.7755575615628914e-17,0.014833784557123387,-0.013834336938387537
7.099999999999991,0.0,403.0,404.12157665459057,403.92169346313426,0.8649148282327007,PILOT_DESC_ADD_SLACK_ACC,caténaire,,0.008337781180859672,0.25502702417647527,0.25502702417647527,0.18811102856274234,-0.9821477693977966,0.05160365375839684,-0.998667643872967,29.989115863116773,-401.70983977185733,0.0,-2.0,-0.013160326254637129,0.25468723735825477,0.0007139217095567631,10.556363075869655,8.829000000000008,-0.012446404545080366,-0.017949686772098516,0.0015684285938625893,-0.008188933188508253,0.013160326254637129,-0.25468723735825477,0.24909265084481158,0.0,-5.551115123125783e-17,0.014728754848499719,-0.013783519701951519
7.19999999999999,0.0,403.0,404.2094189891315,404.10772022806003,0.8784233454094307,PILOT_DESC_ADD_SLACK_ACC,caténaire,,0.008337781180859672,0.25502702417647527,0.25502702417647527,0.1960168084258187,-0.980600535801687,0.051186178217946354,-0.9986891283875281,29.988801445445514,-401.7383653205125,0.0,-2.0,-0.013053858709889577,0.25469271649006914,0.000733134428350748,10.560288486655255,8.829000000000008,-0.012320724281538829,-0.014018796854683657,0.0016343452564249667,-0.008176032693348217,0.013053858709889577,-0.25469271649006914,0.24914679514502022,0.0,-5.551115123125783e-17,0.014688203966314544,-0.013721954038397183
7.29999999999999,0.0,403.0,404.2984770902184,404.6270155709099,0.8905810108684876,PILOT_DESC_ADD_SLACK_ACC,caténaire,,0.008337781180859672,0.25502702417647527,0.25502702417647527,0.2002000235402886,-0.9797550462102596,0.0508225939810035,-0.9987076969469305,29.988482922245996,-401.7668950101227,0.0,-2.0,-0.012961134903904567,0.25469745197451676,0.0007524053243266362,10.563354710139684,8.829000000000008,-0.01220872957957793,-0.010947837885806777,0.0016692239886818814,-0.0081689831861442,0.012961134903904567,-0.25469745197451676,0.24920168881999444,0.0,0.0,0.014630358892586449,-0.0136647463406665
7.39999999999999,0.0,403.0,404.38862938119655,404.32286872664804,0.9015229097816388,PILOT_DESC_ADD_SLACK_ACC,caténaire,,0.008337781180859672,0.25502702417647527,0.25502702417647527,0.20473873157435135,-0.9788166589271587,0.05034704157911983,-0.9987317835155894,29.988160334446086,-401.79542793337356,0.0,-2.0,-0.012839856190012199,0.2547035947004445,0.0007717303822373935,10.565749410502631,8.829000000000008,-0.012068125807774806,-0.008546994796931884,0.0017070667431137066,-0.008161159118314804,0.012839856190012199,-0.2547035947004445,0.24925725693225753,0.0,-5.551115123125783e-17,0.014546922933125905,-0.013607496886501813
7.499999999999989,0.0,403.0,404.47976644307687,404.555564614498,0.9113706188034749,PILOT_DESC_ADD_SLACK_ACC,caténaire,,0.008337781180859672,0.25502702417647527,0.25502702417647527,0.20477238621860447,-0.9788096187933273,0.050029041089674334,-0.9987477634756674,29.987833724444243,-401.82396338127614,0.0,-2.0,-0.012758757471502251,0.25470767002210964,0.0007910950759377279,10.567619251700242,8.829000000000008,-0.011967662395564523,-0.00667307827765562,0.0017073473481732087,-0.008161100419219433,0.012758757471502251,-0.25470767002210964,0.24931343203808068,0.0,-2.7755575615628914e-17,0.01446610481967546,-0.013555338403248407
7.599999999999989,0.0,403.0,404.57178979876915,404.6972014146785,0.9202335569231275,PILOT_DESC_ADD_SLACK_ACC,caténaire,,0.008337781180859672,0.25502702417647527,0.25502702417647527,0.21528052682590942,-0.9765522488682101,0.04957960090314339,-0.9987701753528112,29.987503130941537,-401.85250080007654,0.0,-2.0,-0.012644138078185945,0.2547133856564438,0.000810509946859374,10.569079079281034,8.829000000000008,-0.01183362813132657,-0.0052075350625298,0.0017949619251746234,-0.008142278962739552,0.012644138078185945,-0.2547133856564438,0.24937015343810776,0.0,5.551115123125783e-17,0.014439100003360569,-0.013485511181075549
7.699999999999989,0.0,403.0,404.66461081889224,404.78428951255285,0.9282102012308148,PILOT_DESC_ADD_SLACK_ACC,caténaire,,0.008337781180859672,0.25502702417647527,0.25502702417647527,0.19170842937091492,-0.9814519234828251,0.04927386545927549,-0.9987853053498041,29.98716859412412,-401.88103975708407,0.0,-2.0,-0.01256616727775104,0.2547172442145527,0.0008299607664453775,10.570218486531337,8.829000000000008,-0.011736206511305664,-0.004064269254119068,0.00159842293462098,-0.008183131377533626,0.01256616727775104,-0.2547172442145527,0.24942736650291863,0.0,0.0,0.01416459021237202,-0.013473009089167709
7.799999999999988,0.0,403.0,404.758149737003,405.0992838567266,0.9353891811077333,PILOT_DESC_ADD_SLACK_ACC,caténaire,,0.008337781180859672,0.25502702417647527,0.25502702417647527,0.19858779269745655,-0.9800831029007449,0.04885996232000732,-0.9988056387916958,29.986830150110535,-401.9095799144457,0.0,-2.0,-0.012460610791846178,0.25472242979172965,0.0008494609020639571,10.571107676149396,8.829000000000008,-0.011611149889782221,-0.0031698940588817948,0.0016557815607013149,-0.008171718451044384,0.012460610791846178,-0.25472242979172965,0.24948502206603462,0.0,5.551115123125783e-17,0.014116392352547493,-0.013409126176739339
7.899999999999988,0.0,403.0,404.85233476330274,404.64458053614794,0.94185026299696,PILOT_DESC_ADD_SLACK_ACC,caténaire,,0.008337781180859672,0.25502702417647527,0.25502702417647527,0.1915449538798859,-0.9814838412542268,0.04855849471570934,-0.9988203404972009,29.98648783758695,-401.93812100812255,0.0,-2.0,-0.012383728405836453,0.2547261791239349,0.0008689910379666649,10.571801298887028,8.829000000000008,-0.011514737367869787,-0.002472521989044907,0.0015970599117483464,-0.008183397500927354,0.012383728405836453,-0.2547261791239349,0.24954307587762548,0.0,-5.551115123125783e-17,0.0139807883175848,-0.013366500747236831
7.999999999999988,0.0,403.0,404.94710128697244,405.0972328522784,0.947665236697264,PILOT_DESC_ADD_SLACK_ACC,caténaire,,0.008337781180859672,0.25502702417647527,0.25502702417647527,0.19485488038458226,-0.980832083279452,0.04818198131957959,-0.9988385738827469,29.986141690777636,-401.9666628320401,0.0,-2.0,-0.012287707314858905,0.25473082912999134,0.0008885674224424235,10.572342277328627,8.829000000000008,-0.011399139892416482,-0.0019268935413894184,0.0016246573546692324,-0.008177963285550802,0.012287707314858905,-0.25473082912999134,0.2496014881128435,0.0,0.0,0.013912364669528138,-0.013307304302698664
8.099999999999987,0.0,403.0,405.0423911582752,404.74239814111183,0.9528987130275376,PILOT_DESC_ADD_SLACK_ACC,caténaire,,0.008337781180859672,0.25502702417647527,0.25502702417647527,0.20685485106355014,-0.9783716423688271,0.04792571108039002,-0.998850902896643,29.985791746357567,-401.99520522512023,0.0,-2.0,-0.012222351478373394,0.2547339733617163,0.0009081714963721777,10.572763935189373,8.829000000000008,-0.011314179982001217,-0.001502091448918108,0.0017247104843671987,-0.008157448667629576,0.012222351478373394,-0.2547339733617163,0.24966022292932608,0.0,2.7755575615628914e-17,0.013947061962740592,-0.013231199100019797
8.199999999999987,0.0,403.0,405.1381520424477,404.86003950653037,0.9576088417247839,PILOT_DESC_ADD_SLACK_ACC,caténaire,,0.008337781180859672,0.25502702417647527,0.25502702417647527,0.19251639039087753,-0.9812937579699909,0.04755982113352414,-0.9988683914379047,29.985438036303247,-402.02374806173503,0.0,-2.0,-0.0121290396540481,0.2547384334123515,0.0009278217115397904,10.57309252876775,8.829000000000008,-0.011201217942508309,-0.0011690378199062934,0.0016051595368080924,-0.008181812628097255,0.0121290396540481,-0.2547384334123515,0.2497192480689468,0.0,5.551115123125783e-17,0.013734199190856193,-0.013200997971501871
8.299999999999986,0.0,403.0,405.2343368382029,405.34079632371066,0.9618479575523055,PILOT_DESC_ADD_SLACK_ACC,caténaire,,0.008337781180859672,0.25502702417647527,0.25502702417647527,0.19659782818513086,-0.9804842140253406,0.047492426204412366,-0.9988715980811641,29.98508245518,-402.0522910853906,0.0,-2.0,-0.012111852125832141,0.25473925119303953,0.0009376637275200413,10.573231099846714,8.829000000000008,-0.0111741883983121,-0.0010296489602552583,0.0016391896720398672,-0.008175062827830471,0.012111852125832141,-0.25473925119303953,0.24977853449939172,0.0,2.7755575615628914e-17,0.013751041797872008,-0.013135779521478264
8.399999999999986,0.0,403.0,405.3309031543826,405.6861566856195,0.9656631617970749,PILOT_DESC_ADD_SLACK_ACC,caténaire,,1.2416622188191357,0.49497297582352384,1.2416622188191357,0.2008365341975732,-0.9796247682309319,0.04735829107981948,-0.9988779666535843,29.984723149327284,-402.08083445226254,0.0,-2.0,-0.023441074265694892,0.4944175996390752,0.000957410760018419,10.573485377579727,8.829000000000008,-0.022483663505676474,0.23890297721879428,0.24937113667170396,-1.2163630633318006,0.023441074265694892,-0.4944175996390752,0.2498380560915785,0.0,-5.551115123125783e-17,0.2728122109373989,-1.4609426068792972
8.499999999999986,0.0,403.0,405.42781283894436,405.08648984712374,0.9690968456173674,PILOT_DESC_ADD_SLACK_ACC,caténaire,,1.8624933282287015,0.49698378549411426,1.8624933282287015,0.20895376068380345,-0.9779255216508544,0.047176327397211504,-0.9988865772115028,29.984360136730142,-402.1093780770501,0.0,-2.0,-0.02344586977557587,0.4964304324218315,0.0009772667283867264,10.573676460827032,8.829000000000008,-0.02246860304718914,0.24110689324885648,0.38917498518188065,-1.8213797595792889,0.02344586977557587,-0.4964304324218315,0.24989778932933301,0.0,8.326672684688674e-17,0.41262085495745654,-2.0679124026717877
8.599999999999985,0.0,403.0,405.5250315550499,404.4097824591707,0.9721871610556306,PILOT_DESC_ADD_SLACK_ACC,caténaire,,2.7937399923430486,0.49819027129646865,2.7937399923430486,0.2191658737539116,-0.9756876138302075,0.046968146690063044,-0.9988963876181057,29.983989666219525,-402.1378420023969,0.0,-2.0,-0.023399073741814845,0.4976404623445266,0.001017834128742126,10.514711308899956,8.829000000000008,-0.02238123961307272,0.18335177124447455,0.6122924664631105,-2.7258175067912114,0.023399073741814845,-0.4976404623445266,0.2499577130480983,0.0,0.0,0.6356915402049254,-2.97350025608764
8.699999999999985,0.0,403.0,405.62252839954493,405.7875334660229,0.9749684449500675,PILOT_DESC_ADD_SLACK_ACC,caténaire,,4.190609988514568,0.49891416277788114,4.190609988514568,0.23326716296235525,-0.9724126853777125,0.04688793805389678,-0.998900155803899,29.9836117541845,-402.1662452122047,0.0,-2.0,-0.023393056358541067,0.4983654349315973,0.0010591346260965873,10.469901924797648,8.829000000000008,-0.02233392173244448,0.13926735972923865,0.9775317031025015,-4.075002312302116,0.023393056358541067,-0.4983654349315973,0.2500178081997735,0.0,0.0,1.0009247594610426,-4.32334993903394
8.799999999999985,0.0,403.0,405.72027555959045,404.9344384165508,0.9774716004550608,PILOT_DESC_ADD_SLACK_ACC,caténaire,,6.285914982771844,0.5010858372221189,6.285914982771844,0.2342140258229699,-0.9721850595991472,0.046663679956901995,-0.9989106571525203,29.983226408822826,-402.194602240591,0.0,-2.0,-0.023382509139069245,0.5005399829493675,0.0011012096102204615,10.435883102440524,8.829000000000008,-0.02228129952884878,0.10742308538988432,1.4722494540959181,-6.1110726321612185,0.023382509139069245,-0.5005399829493675,0.2500780576410675,0.0,-5.551115123125783e-17,1.4956319632349873,-6.361534557469518
8.899999999999984,0.0,403.0,405.8182480036314,405.99700501163386,0.9797244404095546,PILOT_DESC_ADD_SLACK_ACC,caténaire,,7.201817736319795,0.49891416277788114,7.201817736319795,0.22719493257252432,-0.9738493017984693,0.04664931832240023,-0.9989113279466078,29.98283367014075,-402.2229241843851,0.0,-2.0,-0.02327400559497918,0.4983710088718233,0.001143871074515341,10.410075588571518,8.829000000000008,-0.02213013452046384,0.07944659744333293,1.6362164950027855,-7.013485174194865,0.02327400559497918,-0.4983710088718233,0.2501384459430185,0.0,-5.551115123125783e-17,1.6594905005977647,-7.26171773712367
8.999999999999984,0.0,403.0,405.91642320326827,404.48741323869007,0.9817519963685992,PILOT_DESC_ADD_SLACK_ACC,caténaire,,6.496374279519126,0.5010858372221189,6.496374279519126,0.21937672875597383,-0.9756402261491313,0.04632080203862913,-0.9989266155721842,29.982433520978123,-402.2512189228766,0.0,-2.0,-0.023210697870326508,0.5005479794874456,0.0011874451170309779,10.390085912970347,8.829000000000008,-0.02202325275329553,0.06163389245778461,1.4251533382153523,-6.33812407121944,0.023210697870326508,-0.5005479794874456,0.25019895921956065,0.0,5.551115123125783e-17,1.4483640360856789,-6.588473091487325
9.099999999999984,0.0,403.0,406.01478088294147,405.720514253694,0.9835767967317393,PILOT_DESC_ADD_SLACK_ACC,caténaire,,7.010073863941092,0.49891416277788114,7.010073863941092,0.2095741270747469,-0.9777927619188321,0.04634964150942396,-0.9989252778521264,29.982026064262477,-402.2794938398518,0.0,-2.0,-0.02312449258872918,0.4983779686772559,0.0012312115515259463,10.375533728943353,8.829000000000008,-0.021893281037203234,0.04491169762060032,1.4691301107649526,-6.85439948467798,0.02312449258872918,-0.4983779686772559,0.25025958497323497,0.0,0.0,1.4922546033536819,-7.102517868382002
9.199999999999983,0.0,403.0,406.1133027946473,405.74800143095916,0.9852191170585654,PILOT_DESC_ADD_SLACK_ACC,caténaire,,6.395696757977946,0.5010858372221189,6.395696757977946,0.20111869429684837,-0.9795668791891295,0.04602302443700437,-0.998940379212729,29.981611276234375,-402.30775306314763,0.0,-2.0,-0.023061485731510373,0.5005548762527913,0.0012759161868348893,10.364019275261052,8.829000000000008,-0.021785569544675483,0.035574151513834806,1.2862941810831108,-6.2650127134524904,0.023061485731510373,-0.5005548762527913,0.25032031195632826,0.0,-5.551115123125783e-17,1.3093556668146211,-6.515247277748953
9.299999999999983,0.0,403.0,406.2119718733878,404.8584995618863,0.9866907874051263,PILOT_DESC_ADD_SLACK_ACC,caténaire,,7.065268682677254,0.49891416277788114,7.065268682677254,0.19880806160886672,-0.9800384454904435,0.04564165948776335,-0.9989578764488535,29.981189259665435,-402.3360011515174,0.0,-2.0,-0.022771270331130588,0.49839423257884974,0.0013207746527568323,10.355853456174335,8.829000000000008,-0.021450495678373756,0.0252476887531774,1.404632371548896,-6.924234936743329,0.022771270331130588,-0.49839423257884974,0.25038112965030873,0.0,0.0,1.4274036418800267,-7.17224803967187
9.399999999999983,0.0,403.0,406.31066879086853,405.531302913703,0.9869691748069667,PILOT_DESC_ADD_SLACK_ACC,caténaire,,6.052091637708112,0.5010858372221189,6.05246948304757,0.19851111552202746,-0.9800986363699322,0.046048127488478474,-0.998939222352794,29.980760059891658,-402.3642401008538,0.0,-2.0,-0.023074064515075102,0.5005542965666622,0.0013661194981264015,10.3491537334062,8.829000000000008,-0.021707945016948702,0.02070802997285348,1.2014074622429713,-5.931646761303591,0.023074064515075102,-0.5005542965666622,0.25044196450354517,0.0,5.551115123125783e-17,1.2244815267580464,-6.181759093366708
9.499999999999982,0.0,403.0,406.409286110394,404.5993412942584,0.9861731952549874,PILOT_DESC_ADD_SLACK_ACC,caténaire,,7.450440902618821,0.49891416277788114,7.450440902618821,0.20874064592201305,-0.9779710336917247,0.04557676502526588,-0.9989608393174536,29.98032365747006,-402.39247287063716,0.0,-2.0,-0.02273889356470474,0.4983957107959568,0.0014123554976493327,10.344624800949177,8.829000000000008,-0.02132653806705541,0.01402051174512664,1.5552098464164386,-7.286315390993234,0.02273889356470474,-0.4983957107959568,0.2505027502941559,0.0,5.551115123125783e-17,1.5779487399811434,-7.534208351495035
9.599999999999982,0.0,403.0,406.50772726188137,405.1648185396296,0.9844115148735681,PILOT_DESC_ADD_SLACK_ACC,caténaire,,5.978089396796108,0.5010858372221189,5.978089396796108,0.22072465954191425,-0.9753361598290642,0.04513975726955382,-0.9989806816518754,29.979880113209806,-402.42070024377733,0.0,-2.0,-0.022618893063417602,0.5005750712342529,0.0014589608841211953,10.34067046604957,8.829000000000008,-0.021159932179296407,0.012245537283815722,1.3195117468189483,-5.830646755385962,0.022618893063417602,-0.5005750712342529,0.25056342749822696,0.0,0.0,1.342130639882366,-6.0806583991219885
9.699999999999982,0.0,403.0,406.60590559993017,406.2557484518151,0.9817833804879282,PILOT_DESC_ADD_SLACK_ACC,caténaire,,7.419124925022617,0.49891416277788114,7.419124925022617,0.23136870773461604,-0.9728661372877637,0.04477912103852284,-0.9989969120668079,29.97942954831511,-402.44892425822536,0.0,-2.0,-0.022340937682864027,0.4984137080015,0.0015055126996445713,10.338209800498369,8.829000000000008,-0.020835424983219455,0.007623508499861487,1.716553346424163,-7.217815407862123,0.022340937682864027,-0.4984137080015,0.25062394270922506,0.0,0.0,1.738894284107027,-7.4656051731543975
9.799999999999981,0.0,403.0,406.70374354317204,405.2137711579593,0.9783794324187731,PILOT_DESC_ADD_SLACK_ACC,caténaire,,5.974237650842532,0.5010858372221189,5.974237650842532,0.23621247504636847,-0.9717014287488048,0.04447561135675687,-0.9990104704128193,29.97897200586353,-402.47714500833854,0.0,-2.0,-0.022286098952666096,0.5005899979604703,0.0015525032245132032,10.335818544142779,8.829000000000008,-0.020733595728152893,0.007408542103240379,1.4111894620207166,-5.805175261008592,0.022286098952666096,-0.5005899979604703,0.25068424810750906,0.0,0.0,1.4334755609733827,-6.055081010861553
9.89999999999998,0.0,403.0,406.8011717832633,404.9975356568931,0.9742824009126525,PILOT_DESC_ADD_SLACK_ACC,caténaire,,7.407473624615266,0.49891416277788114,7.407473624615266,0.22114826769693202,-0.9752401979485086,0.04548168177941384,-0.9989651728776716,29.978507584408888,-402.50536401211286,0.0,-2.0,-0.022691455186706268,0.49839787287052484,0.0015995369243287784,10.334539394371413,8.829000000000008,-0.02109191826237749,0.003937267241930442,1.63814996009438,-7.224066043968148,0.022691455186706268,-0.49839787287052484,0.25074430097276906,0.0,-5.551115123125783e-17,1.6608414152810864,-7.471719615865903
9.99999999999998,0.0,403.0,406.89812856278127,406.86712022619906,0.969567795179509,PILOT_DESC_ADD_SLACK_ACC,caténaire,,5.904215002518265,0.5010858372221189,5.904215002518265,0.21747215744086204,-0.9760665247502432,0.044931574759413936,-0.998990066812298,29.978036099391026,-402.53358098032237,0.0,-2.0,-0.022514575756029154,0.5005797740052208,0.0016485628732555288,10.333048493682956,8.829000000000008,-0.020866012882773625,0.004628267688168819,1.284002374592352,-5.762906618886252,0.022514575756029154,-0.5005797740052208,0.25080406323893517,0.0,0.0,1.3065169503483811,-6.012682329652537
10.09999999999998,0.0,403.0,406.9945590113472,405.24195980213483,0.9643044856591055,PILOT_DESC_ADD_SLACK_ACC,caténaire,,7.558879621709709,0.49891416277788114,7.558879621709709,0.20224330650978173,-0.979335307732745,0.04527090885985441,-0.9989747468334735,29.97755769156112,-402.5617971289364,0.0,-2.0,-0.022586297592008024,0.4984026494526682,0.0016973299675215156,10.33244823098392,8.829000000000008,-0.02088896762448651,0.0018508804365797715,1.5287328082039795,-7.402677700441853,0.022586297592008024,-0.4984026494526682,0.2508635010849771,0.0,0.0,1.5513191057959874,-7.650216848809544
10.19999999999998,0.0,403.0,407.0904145401604,407.1370801268592,0.9585552881324075,PILOT_DESC_ADD_SLACK_ACC,caténaire,,5.682072726988059,0.5010858372221189,5.689787412514802,0.19980168810321236,-0.9798363564550493,0.04468723608339663,-0.9990010264915782,29.97707228797078,-402.590011937441,0.0,-2.0,-0.02239214110599128,0.5005852657452886,0.0017473330431333402,10.331466787128809,8.829000000000008,-0.020644808062857938,0.0030520528740893837,1.1352877227774374,-5.5675014379245855,0.02239214110599128,-0.5005852657452886,0.25092258456170674,0.0,0.0,1.1576798638834287,-5.817164119108168
10.29999999999998,0.0,403.0,407.18565228510226,405.71612180985323,0.9523774494184306,PILOT_DESC_ADD_SLACK_ACC,caténaire,,7.574115616567063,0.49891416277788114,7.574115616567063,0.2063187222771849,-0.9784848413940351,0.04413549098759361,-0.9990255544455728,29.976580035126464,-402.6182264517629,0.0,-2.0,-0.022019821534865983,0.4984279980899215,0.0017969921900693982,10.331251345476218,8.829000000000008,-0.020222829344796585,0.0006793435661318625,1.5626818563897888,-7.411157317776707,0.022019821534865983,-0.4984279980899215,0.25098128724851804,0.0,5.551115123125783e-17,1.5847016779246548,-7.658604028618111
10.399999999999979,0.0,403.0,407.28023459936713,405.9431600133712,0.9458231426486157,PILOT_DESC_ADD_SLACK_ACC,caténaire,,5.384603537143101,0.5010858372221189,5.391573726638761,0.22353196389199267,-0.9746965995214043,0.043555556262150866,-0.9990510064649826,29.976081009389723,-402.64644001645087,0.0,-2.0,-0.02182507237529497,0.5006103100021063,0.0018467819028511149,10.330555906119454,8.829000000000008,-0.019978290472443854,0.002166216121551656,1.2036310034373676,-5.248354757424306,0.02182507237529497,-0.5006103100021063,0.251039585940655,0.0,5.551115123125783e-17,1.2254560758126627,-5.497925481485758
10.499999999999979,0.0,403.0,407.3741285865094,405.3289562919712,0.9389398714230732,PILOT_DESC_ADD_SLACK_ACC,caténaire,,7.834692396767141,0.49891416277788114,7.834692396767141,0.2164030873055758,-0.9763041041625377,0.04463549974165824,-0.9990033394152457,29.975575355752323,-402.67465358227133,0.0,-2.0,-0.02226928298378175,0.4984169146966647,0.0018961644171382656,10.330556735455726,8.829000000000008,-0.02037311856664348,-2.6349847617623823e-05,1.6954516227499308,-7.649042341814789,0.02226928298378175,-0.4984169146966647,0.2510974603613907,0.0,0.0,1.7177209057337126,-7.896361796150063
10.599999999999978,0.0,403.0,407.46730567552015,407.25751712328736,0.931770890107311,PILOT_DESC_ADD_SLACK_ACC,caténaire,,5.1029225704550125,0.5010858372221189,5.106897834212299,0.23632079617026566,-0.9716750903967085,0.04364109993964798,-0.9990472733539979,29.97506287876414,-402.7028664337051,0.0,-2.0,-0.021867937100552667,0.5006084393930631,0.0019476838318863237,10.330033588604666,8.829000000000008,-0.019920253268666345,0.00164202799772184,1.205926724645147,-4.9583827499342785,0.021867937100552667,-0.5006084393930631,0.25115489290011284,0.0,0.0,1.2277946617456996,-5.207836296427229
10.699999999999978,0.0,403.0,407.5597412294267,405.2815680347874,0.9243555390654855,PILOT_DESC_ADD_SLACK_ACC,caténaire,,7.654383855682511,0.49891416277788114,7.654383855682511,0.24803387897662127,-0.9687513586466916,0.042677465361744306,-0.9990889019252975,29.974543793282958,-402.731079460998,0.0,-2.0,-0.021292391900436684,0.4984596030447324,0.001998239247928113,10.330162369395243,8.829000000000008,-0.01929415265250857,-0.00037802756003202376,1.8985465189009596,-7.415194759795734,0.021292391900436684,-0.4984596030447324,0.25121186837107257,0.0,1.1102230246251565e-16,1.9198389108013962,-7.662442494469395
10.799999999999978,0.0,403.0,407.65141418962247,405.1126160974867,0.9167296019574128,PILOT_DESC_ADD_SLACK_ACC,caténaire,,5.545534805230481,0.5010858372221189,5.545534805230481,0.24988752942419934,-0.9682748693621402,0.04183817121850871,-0.9991244003771957,29.974018245523705,-402.75929189106813,0.0,-2.0,-0.020964515052868796,0.5006470866520546,0.002048302516847299,10.329725029383777,8.829000000000008,-0.018916212536021496,0.0013721160358244333,1.3857599918149535,-5.369601989077746,0.020964515052868796,-0.5006470866520546,0.2512683737941559,0.0,5.551115123125783e-17,1.4067245068678222,-5.618980701935644
10.899999999999977,0.0,403.0,407.74230674794273,405.4915795054288,0.9089255832023945,PILOT_DESC_ADD_SLACK_ACC,caténaire,,7.626936891599092,0.49891416277788114,7.626936891599092,0.24461583836565148,-0.9696200759166805,0.041121826386940064,-0.9991541399576956,29.97348642264657,-402.7875045870239,0.0,-2.0,-0.020516261583737583,0.4984921512230476,0.0020975086067355226,10.329919733498723,8.829000000000008,-0.01841875297700206,-0.0005881152782372112,1.8656695619004278,-7.395231127844043,0.020516261583737583,-0.4984921512230476,0.2513243981927576,0.0,0.0,1.8861858234841653,-7.6423988808743335
10.999999999999977,0.0,403.0,407.83240404914693,406.015611271397,0.90097301204218,PILOT_DESC_ADD_SLACK_ACC,caténaire,,5.376690962478432,0.5010858372221189,5.376690962478432,0.2446217365716252,-0.9696185878976755,0.040510961109197254,-0.9991790940717331,29.972948430417368,-402.8157167557389,0.0,-2.0,-0.020299468864074802,0.5006744928877727,0.0021464546964596164,10.32953364465904,8.829000000000008,-0.018153014167615188,0.001208137546806043,1.315255480250437,-5.213339498600531,0.020299468864074802,-0.5006744928877727,0.2513799324103975,0.0,5.551115123125783e-17,1.3355549491145118,-5.462634059077906
11.099999999999977,0.0,403.0,407.9216939162735,405.79232308631697,0.8928986712655615,PILOT_DESC_ADD_SLACK_ACC,caténaire,,7.506316679220227,0.49891416277788114,7.506316679220227,0.24583023442386864,-0.9693128988325215,0.03992594053964015,-0.99920264174592,29.972404416508983,-402.8439292450386,0.0,-2.0,-0.01991961719745403,0.49851634945211276,0.0021947735987427647,10.32976840218354,8.829000000000008,-0.017724843598711265,-0.0007152483643562135,1.8452795889125035,-7.275969579889864,0.01991961719745403,-0.49851634945211276,0.2514349689414342,0.0,-5.551115123125783e-17,1.8651992061099576,-7.523050960400543
11.199999999999976,0.0,403.0,408.01016660193346,405.69242772235185,0.8847268565996962,PILOT_DESC_ADD_SLACK_ACC,caténaire,,5.418554965378027,0.5010858372221189,5.418554965378027,0.22621973925687774,-0.9740762955593109,0.04316847895996894,-0.9990678067199857,29.97185446541735,-402.8721412494402,0.0,-2.0,-0.02163111342126146,0.5006187283719501,0.002242941042833111,10.32941332236035,8.829000000000008,-0.01938817237842835,0.0010320507322933992,1.2257840914168774,-5.278085947959938,0.02163111342126146,-0.5006187283719501,0.25148950177776735,0.0,5.551115123125783e-17,1.2474152048381388,-5.5272151745541205
11.299999999999976,0.0,403.0,408.09781455838197,406.05587623903295,0.8764795644851828,PILOT_DESC_ADD_SLACK_ACC,caténaire,,7.610266959413333,0.49891416277788114,7.612220878973574,0.27080368171001923,-0.9626345962889026,0.04145275425350094,-0.999140465182348,29.971298082850886,-402.9003536330415,0.0,-2.0,-0.020681366183222673,0.49848532868395384,0.0022957085309354484,10.3296910011443,8.829000000000008,-0.018385657652287224,-0.0008236701717549977,2.060888311405244,-7.325906262125628,0.020681366183222673,-0.49848532868395384,0.2515435262671144,0.0,0.0,2.0815696775884667,-7.572848064542467
11.399999999999975,0.0,403.0,408.1846322297447,406.0181316340223,0.8681767136270827,PILOT_DESC_ADD_SLACK_ACC,caténaire,,7.029460288345832,0.49945708138894057,7.029460288345832,0.30965827557148135,-0.9508479123235727,0.040157662561535176,-0.9991933557313089,29.970735541724576,-402.92856556793026,0.0,-2.0,-0.020057028938386286,0.49905419719678096,0.0023468118793507305,10.329362420234935,8.829000000000008,-0.017710217059035555,-0.0005833825682923788,2.1767305510873785,-6.683947639935093,0.020057028938386286,-0.49905419719678096,0.25159703898494284,0.0,5.551115123125783e-17,2.196787580025765,-6.931404798146931
11.499999999999975,0.0,403.0,408.27061585961496,405.9543154752205,0.8598362987026462,PILOT_DESC_ADD_SLACK_ACC,caténaire,,6.747118182919227,0.49972854069447026,6.747118182919227,0.34125388337753304,-0.9399711628979653,0.03931819437131239,-0.9992267408308185,29.970167104460025,-402.9567778781068,0.0,-2.0,-0.019648423895917477,0.4993421210182766,0.0023962647703845014,10.32963723364481,8.829000000000008,-0.017252159125532976,-2.064533692092141e-05,2.3024802815283505,-6.342096524608593,0.019648423895917477,-0.4993421210182766,0.251650037615877,0.0,-5.551115123125783e-17,2.322128705424268,-6.589788608010992
11.599999999999975,0.0,403.0,408.3557633176872,405.58577721027615,0.8514745807223331,PILOT_DESC_ADD_SLACK_ACC,caténaire,,6.62380988862573,0.49986427034723513,6.62380988862573,0.2513498335732541,-0.967896307030199,0.04281781169151999,-0.9990828969619836,29.96959292003353,-402.98499028558155,0.0,-2.0,-0.021403094199046954,0.49940584330630383,0.0024449643957384676,10.329708483209433,8.829000000000008,-0.018958129803308486,0.00011432651572995667,1.6648935131269518,-6.411161129670958,0.021403094199046954,-0.49940584330630383,0.2517025208468381,0.0,0.0,1.6862966073259986,-6.658864452130424
11.699999999999974,0.0,403.0,408.4400739396498,406.43935836870514,0.8431062196258022,PILOT_DESC_ADD_SLACK_ACC,caténaire,,6.5548204376784565,0.49993213517361756,6.5548204376784565,0.2571192021558369,-0.9663796955041769,0.04113333608989512,-0.9991536661905994,29.96901241816765,-403.0132027001492,0.0,-2.0,-0.020563876538235288,0.4995090257052143,0.002499061599205857,10.329713677182095,8.829000000000008,-0.01806481493902943,0.00022270288730119603,1.6853702012106584,-6.334445378648263,0.020563876538235288,-0.4995090257052143,0.2517544882683573,0.0,-5.551115123125783e-17,1.7059340777488936,-6.58219991608512
11.799999999999974,0.0,403.0,408.52354838111216,405.7092542130962,0.8347444146240388,PILOT_DESC_ADD_SLACK_ACC,caténaire,,6.543783078498533,0.4999660675868088,6.543783078498533,0.24900531283851002,-0.9685021188299979,0.03991967309948594,-0.9992028921593602,29.96842589562729,-403.04141506308497,0.0,-2.0,-0.0199584819789009,0.4995675407142815,0.002551168447634928,10.329675868176233,8.829000000000008,-0.017407313531265973,0.0002434088905065579,1.6294367526088755,-6.337667776689716,0.0199584819789009,-0.4995675407142815,0.2518059402845396,0.0,-5.551115123125783e-17,1.6493952345877765,-6.585429377119457
11.899999999999974,0.0,403.0,408.60618848432324,405.6454324088106,0.8264010321105509,PILOT_DESC_ADD_SLACK_ACC,caténaire,,6.441537520554548,0.49998303379340436,6.441537520554548,0.2197068481710585,-0.9755659387590052,0.04274607696723297,-0.9990859687253703,29.967833571100613,-403.0696273561863,0.0,-2.0,-0.021372313244843504,0.49952603366373294,0.0026018913258154136,10.329624729846905,8.829000000000008,-0.01877042191902809,0.00015076351063036952,1.4152499060166548,-6.284144598291153,0.021372313244843504,-0.49952603366373294,0.2518568780309113,0.0,1.1102230246251565e-16,1.4366222192614984,-6.5318137539239745
11.999999999999973,0.0,403.0,408.6879971565083,406.0974616720456,0.8180867218505404,PILOT_DESC_ADD_SLACK_ACC,caténaire,,6.367411159760665,0.4999915168967022,6.367411159760665,0.23072324195267824,-0.9730194168786385,0.041092073939840885,-0.9991553640246958,29.967234990008375,-403.0978396046833,0.0,-2.0,-0.02054568838161249,0.4995692060741843,0.0026571477866674685,10.329592067118647,8.829000000000008,-0.01788854059494502,0.0001612731928233302,1.4691097456256434,-6.195614693696857,0.02054568838161249,-0.4995692060741843,0.2519073032994291,0.0,0.0,1.4896554340072559,-6.4432765964716125
12.099999999999973,0.0,403.0,408.76897825878274,406.4973694736401,0.8098110227447304,PILOT_DESC_ADD_SLACK_ACC,caténaire,,6.39043336972966,0.4999957584483511,6.39043336972966,0.22514797327667527,-0.9743245815073156,0.04261651277125853,-0.9990915037368785,29.96663044618547,-403.12605180224796,0.0,-2.0,-0.02130807562548925,0.4995415141702242,0.0027103495019619806,10.3295547705317,8.829000000000008,-0.01859772612352727,9.62847019163604e-05,1.4387931215542673,-6.226356318612235,0.02130807562548925,-0.4995415141702242,0.2519572184700094,0.0,-5.551115123125783e-17,1.4601011971797566,-6.4739406143124505
12.199999999999973,0.0,403.0,408.8491365047958,405.67994830522247,0.8015824601308044,PILOT_DESC_ADD_SLACK_ACC,caténaire,,6.426515036660125,0.49999787922417555,6.426515036660125,0.23178552166876323,-0.9727669155274244,0.04264488474878134,-0.9990902931190769,29.966019703180773,-403.1542639691302,0.0,-2.0,-0.02132235193415006,0.49954302771299836,0.0027662200438942227,10.329532302585271,8.829000000000008,-0.018556131890255838,7.533029826234383e-05,1.4895731402844181,-6.251501209802483,0.02132235193415006,-0.49954302771299836,0.25200662644805344,0.0,5.551115123125783e-17,1.5108954922185682,-6.499037611067428
12.299999999999972,0.0,403.0,408.92847736822694,405.8568243587006,0.7934086343111794,PILOT_DESC_ADD_SLACK_ACC,caténaire,,6.465943726128373,0.49999893961208774,6.465943726128373,0.23475221182977726,-0.9720552448503261,0.04252793036271112,-0.9990952783088629,29.965402774828927,-403.1824761116087,0.0,-2.0,-0.02126392008525227,0.49954657972587513,0.0028225339851656477,10.329514432308168,8.829000000000008,-0.01844138610008662,6.101203403474642e-05,1.517894591275507,-6.2852545118901455,0.02126392008525227,-0.49954657972587513,0.25205553060743036,0.0,1.1102230246251565e-16,1.5391585113607593,-6.53274556100859
12.399999999999972,0.0,403.0,409.0070069984136,406.2724966476053,0.7852963018668464,PILOT_DESC_ADD_SLACK_ACC,caténaire,,6.467116193289489,0.4999994698060439,6.467116193289489,0.2460599491197139,-0.9692546112550632,0.040911007030102794,-0.9991627942951954,29.964779699363415,-403.210688234103,0.0,-2.0,-0.02045548182428273,0.499580867397523,0.0028790620329226966,10.329499798386074,8.829000000000008,-0.017576419791360032,8.066578358878473e-05,1.5912982814720895,-6.268282191868128,0.02045548182428273,-0.499580867397523,0.2521039347384718,0.0,-5.551115123125783e-17,1.6117537632963723,-6.515759124527179
12.499999999999972,0.0,403.0,409.08473214341615,406.065672408705,0.7772514500257052,PILOT_DESC_ADD_SLACK_ACC,caténaire,,6.303142991963078,0.4999997349030219,6.303142991963078,0.22212702634311923,-0.9750177353094471,0.04247617543141902,-0.9990974799891748,29.964150765098534,-403.2389003298852,0.0,-2.0,-0.021238076455403765,0.4995484751368646,0.0029334604235619548,10.329480237874304,8.829000000000008,-0.01830461603184181,2.8713011159808843e-05,1.40009840942023,-6.1456762053554534,0.021238076455403765,-0.4995484751368646,0.2521518430005504,0.0,0.0,1.4213364858756337,-6.393072837491768
12.599999999999971,0.0,403.0,409.16166007990125,406.6262348939719,0.7692793648511391,PILOT_DESC_ADD_SLACK_ACC,caténaire,,6.289544481722777,0.4999998674515109,6.289544481722777,0.21512509768705101,-0.9765865001857934,0.04089098566752418,-0.9991636138746939,29.96351572929873,-403.2671124161848,0.0,-2.0,-0.020445487413723724,0.4995816744997196,0.002990653783505745,10.329473293966384,8.829000000000008,-0.017454833630217978,5.496846609531758e-05,1.3530388710376648,-6.142284233168517,0.020445487413723724,-0.4995816744997196,0.25219925987886144,0.0,-5.551115123125783e-17,1.3734843584513885,-6.389666647789374
12.69999999999997,0.0,403.0,409.2377985492324,406.49539581240583,0.7613846933116941,PILOT_DESC_ADD_SLACK_ACC,caténaire,,6.303984180727263,0.49999993372575546,6.303984180727263,0.22133021511477471,-0.97519892118339,0.039736188492908636,-0.9992102057745686,29.962874875222855,-403.29532448420565,0.0,-2.0,-0.019868091612968444,0.4996050366653828,0.003045706307735761,10.329459908985958,8.829000000000008,-0.01682238530523268,6.494565133330354e-05,1.395262174800502,-6.147638572202384,0.019868091612968444,-0.4996050366653828,0.25224619014503025,0.0,5.551115123125783e-17,1.4151302664134706,-6.3949974187227365
12.79999999999997,0.0,403.0,409.31315569928466,406.4375792717937,0.753571500522381,PILOT_DESC_ADD_SLACK_ACC,caténaire,,6.365505130017036,0.49999996686287773,6.365505130017036,0.24814464320664475,-0.9687229924224194,0.038938500366051745,-0.9992416090161793,29.96222841368609,-403.32353653060005,0.0,-2.0,-0.019469248892716024,0.4996207713960983,0.0030992392373099032,10.329444072519287,8.829000000000008,-0.01637000965540612,6.484391537853185e-05,1.5795659993181441,-6.166411177830366,0.019469248892716024,-0.4996207713960983,0.25229263882124797,0.0,5.551115123125783e-17,1.59903524821086,-6.413739310405216
12.89999999999997,0.0,403.0,409.38774003147796,406.5025141709049,0.7458433219328129,PILOT_DESC_ADD_SLACK_ACC,caténaire,,6.332794459050653,0.49999998343143887,6.332794459050653,0.29236476160206276,-0.9563068786604899,0.038437744549928494,-0.9992609968341175,29.96157649547987,-403.3517485553908,0.0,-2.0,-0.019218871638106125,0.4996304818607418,0.0031517803298088667,10.329428252797925,8.829000000000008,-0.016067091308297258,5.873465865846583e-05,1.8514859422952084,-6.056094902333176,0.019218871638106125,-0.4996304818607418,0.2523386111476239,0.0,5.551115123125783e-17,1.8707048139333144,-6.303386773046294
12.99999999999997,0.0,403.0,409.4615603525847,406.88391952350213,0.7382032110670823,PILOT_DESC_ADD_SLACK_ACC,caténaire,,6.331576017588339,0.4999999917157194,6.331576017588339,0.3295161884026186,-0.9441499253723478,0.038118325067087185,-0.9992732325515779,29.960919221576763,-403.37996056060894,0.0,-2.0,-0.019059162217760692,0.49963660799752907,0.003203778623175159,10.329413920300253,8.829000000000008,-0.015855383594585534,5.052829777341117e-05,2.0863567958971405,-5.977957024495377,0.019059162217760692,-0.49963660799752907,0.2523841125524806,0.0,-5.551115123125783e-17,2.105415958114901,-6.225209519940426
13.09999999999997,0.0,403.0,409.5346257309044,407.4723694462227,0.7306537831972884,PILOT_DESC_ADD_SLACK_ACC,caténaire,,6.3294459584309815,0.4999999958578597,6.3294459584309815,0.3564545208679108,-0.93431267493962,0.037919160254437444,-0.9992808100256895,29.96025666254589,-403.408172548987,0.0,-2.0,-0.01895957997015224,0.49964040087368344,0.0032555088249920146,10.329401588839103,8.829000000000008,-0.015704071145160224,4.198971277880048e-05,2.2561596264718498,-5.913681584307417,0.01895957997015224,-0.49964040087368344,0.2524291486253409,0.0,5.551115123125783e-17,2.275119206442002,-6.16089283655576
13.199999999999969,0.0,403.0,409.60694545643474,406.12822240004255,0.723197255303349,PILOT_DESC_ADD_SLACK_ACC,caténaire,,6.356260761913934,0.49999999792892985,6.356260761913934,0.24571080227014677,-0.9693431805339948,0.04219066520876261,-0.9991095774584698,29.959588868824692,-403.4363845233699,0.0,-2.0,-0.021095332517001478,0.4995547866600089,0.0033071537354035846,10.329391340578107,8.829000000000008,-0.017788178781597892,-5.387276189239287e-05,1.5618019312481273,-6.161398023257086,0.021095332517001478,-0.4995547866600089,0.252473725092378,0.0,0.0,1.5828972637651288,-6.408479084824717
13.299999999999969,0.0,403.0,409.6785290046979,405.8021216873996,0.7158354826314944,PILOT_DESC_ADD_SLACK_ACC,caténaire,,6.328111875135787,0.4999999989644649,6.328111875135787,0.2391212647497822,-0.9709897119663342,0.04213775298942131,-0.9991118104461594,29.958915145710595,-403.46459651571104,0.0,-2.0,-0.02106887645107553,0.49955590418846435,0.003366143420422989,10.329404490875348,8.829000000000008,-0.01770273303065254,-3.960493619636907e-05,1.5131861150605852,-6.144531526928836,0.02106887645107553,-0.49955590418846435,0.2525178477941188,0.0,5.551115123125783e-17,1.5342549915116608,-6.391569583323182
13.399999999999968,0.0,403.0,409.7493860038742,405.89452106144404,0.7085699917625188,PILOT_DESC_ADD_SLACK_ACC,caténaire,,6.310197933354121,0.49999999948223245,6.310197933354121,0.2271083113006034,-0.9738695061137238,0.040658631046754545,-0.999173095975569,29.958235521685502,-403.4928085212542,0.0,-2.0,-0.020329315502325553,0.4995865474704451,0.0034253674556245315,10.329414158310726,8.829000000000008,-0.01690394804670102,7.057811632904532e-07,1.433098396616612,-6.145309344835418,0.020329315502325553,-0.4995865474704451,0.2525615226651856,0.0,-5.551115123125783e-17,1.4534277121189376,-6.392334369640677
13.499999999999968,0.0,403.0,409.81952620502506,407.1423091409117,0.7014020115088532,PILOT_DESC_ADD_SLACK_ACC,caténaire,,6.272036444416488,0.4999999997411162,6.272036444416488,0.22953989054866072,-0.9732992544160861,0.03950442202939873,-0.9992193956484848,29.95755026301107,-403.5210205265622,0.0,-2.0,-0.01975221100447231,0.4996096975655607,0.0034824012077752597,10.32941398615065,8.829000000000008,-0.016269809796697052,2.3683716202427263e-05,1.439682558968572,-6.104568395021088,0.01975221100447231,-0.4996096975655607,0.25260475571594254,0.0,5.551115123125783e-17,1.4594347699730443,-6.351573336870706
13.599999999999968,0.0,403.0,409.88895945512945,406.6556818626234,0.6943325010439858,PILOT_DESC_ADD_SLACK_ACC,caténaire,,6.223285312998588,0.4999999998705581,6.223285312998588,0.2518444992228335,-0.9677677139743814,0.038766190856634734,-0.9992483087033308,29.956859581066706,-403.5492325239758,0.0,-2.0,-0.0193830954232994,0.4996241542223208,0.0035377401219616566,10.329408205260894,8.829000000000008,-0.01584535530133774,3.235948320678972e-05,1.5673001731729437,-6.022694600770986,0.0193830954232994,-0.4996241542223208,0.252647553015875,0.0,0.0,1.586683268596243,-6.269671201977432
13.699999999999967,0.0,403.0,409.9576956726805,410.0739682951728,0.6873621755104176,PILOT_DESC_ADD_SLACK_ACC,caténaire,,6.169672645006604,0.49999999993527905,6.169672645006604,0.2993376018715514,-0.9541472633224855,0.03830591284638908,-0.999266059185943,29.956163617337243,-403.5774445106029,0.0,-2.0,-0.019152956420715347,0.4996330295282981,0.0035920546423890577,10.329400306671925,8.829000000000008,-0.015560901778326289,3.333620021450656e-05,1.8468150138887882,-5.886776269828651,0.019152956420715347,-0.4996330295282981,0.2526899206785486,0.0,5.551115123125783e-17,1.8659679703095036,-6.133719378678401
13.799999999999967,0.0,403.0,410.0257448256202,406.86284485208193,0.6804915293973123,PILOT_DESC_ADD_SLACK_ACC,caténaire,,6.085541892919953,0.4999999999676395,6.085541892919953,0.337773749653247,-0.9412273338812392,0.037989335714491805,-0.9992781446484116,29.955462466640522,-403.605656486118,0.0,-2.0,-0.01899466785601655,0.49963907229186866,0.0036457968131760415,10.32939216965951,8.829000000000008,-0.015348871042840507,3.1241951370830634e-05,2.0555363038434913,-5.727878371095637,0.01899466785601655,-0.49963907229186866,0.25273186484800825,0.0,0.0,2.0745309716995077,-5.974785578539498
13.899999999999967,0.0,403.0,410.0931169114103,406.57733653572535,0.6737208579007429,PILOT_DESC_ADD_SLACK_ACC,caténaire,,6.151702814636167,0.4999999999838197,6.151702814636167,0.3741609970090329,-0.92736376267202,0.037786348689498976,-0.9992858409147584,29.954756199653453,-403.6338684512191,0.0,-2.0,-0.018893174344138095,0.49964292044121045,0.0036991976308957046,10.329384543801817,8.829000000000008,-0.01519397671324239,2.7464243020247636e-05,2.301727258427542,-5.704866269021052,0.018893174344138095,-0.49964292044121045,0.25277339168649415,0.0,5.551115123125783e-17,2.32062043277168,-5.9517357977757674
13.999999999999966,0.0,403.0,410.15982193905484,406.63512306207303,0.6670502764455442,PILOT_DESC_ADD_SLACK_ACC,caténaire,,6.229098407390128,0.49999999999190986,6.229098407390128,0.40975720530223864,-0.9121946243554053,0.03764881414430919,-0.9992910320790073,29.95404486800748,-403.66208040716543,0.0,-2.0,-0.018824407071850013,0.4996455160314192,0.003752441941540087,10.329377840058976,8.829000000000008,-0.015071965130309926,2.335609038794928e-05,2.5524179549648047,-5.682150081802091,0.018824407071850013,-0.4996455160314192,0.25281450736336103,0.0,-5.551115123125783e-17,2.5712423620366547,-5.92898109047015
14.099999999999966,0.0,403.0,410.2258699129069,406.84751118775523,0.6604797385203338,PILOT_DESC_ADD_SLACK_ACC,caténaire,,6.273636282108855,0.4999999999959549,6.273636282108855,0.3983599623780308,-0.917229164589839,0.03886237617532171,-0.9992445725236679,29.95332851237313,-403.69029235532645,0.0,-2.0,-0.019431188087503656,0.4996222862577919,0.003805634568310742,10.329372139098744,8.829000000000008,-0.015625553519192915,-5.5746434721726246e-06,2.4991655133143325,-5.7543621659792095,0.019431188087503656,-0.4996222862577919,0.2528552180450968,0.0,1.1102230246251565e-16,2.5185967014018362,-6.001129234191905
14.199999999999966,0.0,403.0,410.291270818104,407.21226084565075,0.6540090519713411,PILOT_DESC_ADD_SLACK_ACC,caténaire,,6.291682029705762,0.49999999999797745,6.291682029705762,0.36876093032563545,-0.9295242741668299,0.03977420078655422,-0.999208693392822,29.95260694822094,-403.7185043053457,0.0,-2.0,-0.019887100393196664,0.4996043466943901,0.0038611761875844944,10.329373499809972,8.829000000000008,-0.01602592420561217,-2.2153495645937937e-05,2.320126518587379,-5.848271171950736,0.019887100393196664,-0.4996043466943901,0.2528955298863453,0.0,5.551115123125783e-17,2.3400136189805756,-6.094979988758781
14.299999999999965,0.0,403.0,410.3560346074807,406.4747318704204,0.6476378937668641,PILOT_DESC_ADD_SLACK_ACC,caténaire,,6.294298449104513,0.4999999999989887,6.294298449104513,0.34528962060936225,-0.938496178947705,0.03911371445135421,-0.9992347658792792,29.951880042094015,-403.7467162627494,0.0,-2.0,-0.01955685722563755,0.49961738293862906,0.0039185589087481565,10.329378907233153,8.829000000000008,-0.015638298316889395,-3.709828225950673e-06,2.1733559234933946,-5.907175043641051,0.01955685722563755,-0.49961738293862906,0.25293544902183945,0.0,0.0,2.1929127807190323,-6.153856977557841
14.399999999999965,0.0,403.0,410.42017118984074,407.024612174696,0.6413658236006305,PILOT_DESC_ADD_SLACK_ACC,caténaire,,6.317223847162067,0.49999999999949435,6.317223847162067,0.3327618880984948,-0.9430108831976038,0.03848423369627459,-0.999259207491635,29.951147923200985,-403.7749282213897,0.0,-2.0,-0.019242116848117836,0.49962960374531223,0.003974961713307482,10.329379812778644,8.829000000000008,-0.015267155134810355,9.41652394814696e-06,2.102131334922486,-5.9572108394692656,0.019242116848117836,-0.49962960374531223,0.2529749815591726,0.0,-5.551115123125783e-17,2.121373451770604,-6.203865461655405
14.499999999999964,0.0,403.0,410.48369041948376,406.95581677839317,0.6351922964303266,PILOT_DESC_ADD_SLACK_ACC,caténaire,,6.323709334431981,0.49999999999974715,6.323709334431981,0.3350540183508016,-0.9421989199669997,0.03806205583291358,-0.9992753774139399,29.950410715256243,-403.8031401768912,0.0,-2.0,-0.019031027916447167,0.49963768870671726,0.004030414706905626,10.32937751430405,8.829000000000008,-0.015000613209541542,1.5203010757858237e-05,2.1187842233839085,-5.958192105087047,0.019031027916447167,-0.49963768870671726,0.25301413357234237,0.0,5.551115123125783e-17,2.1378152513003554,-6.204815660221422
14.599999999999964,0.0,403.0,410.54660208686585,406.71778980516694,0.6291166738205768,PILOT_DESC_ADD_SLACK_ACC,caténaire,,6.246363565802388,0.49999999999987355,6.246363565802388,0.36019332903666196,-0.9328776799331663,0.037792690729502115,-0.9992856010808043,29.9496685071071,-403.83135212732503,0.0,-2.0,-0.01889634536474628,0.4996428005402758,0.004085273698248294,10.329373803420497,8.829000000000008,-0.014811071666497987,1.6603960764527415e-05,2.2498984871396766,-5.827093151284791,0.01889634536474628,-0.4996428005402758,0.25305291109599504,0.0,-5.551115123125783e-17,2.268794832504423,-6.073683040729072
14.699999999999964,0.0,403.0,410.6089159102926,407.5266014999815,0.6231382342671843,PILOT_DESC_ADD_SLACK_ACC,caténaire,,6.220226849955074,0.4999999999999368,6.220226849955074,0.3820012550589093,-0.9241618046280738,0.037627535734092596,-0.9992918335274134,29.948921361934065,-403.8595640722242,0.0,-2.0,-0.018813767867043918,0.4996459167636435,0.004139803345495854,10.329369750549178,8.829000000000008,-0.014673964521548063,1.566731281421596e-05,2.376134463433964,-5.74849607085048,0.018813767867043918,-0.4996459167636435,0.25309132012030433,0.0,0.0,2.394948231301008,-5.99505066749382
14.799999999999963,0.0,403.0,410.6706415285533,407.58021105749197,0.6172561826071582,PILOT_DESC_ADD_SLACK_ACC,caténaire,,6.104887231676204,0.49999999999996836,6.104887231676204,0.4071094462677991,-0.9133793838047396,0.037539121422243915,-0.9992951587808508,29.948169325439526,-403.88777601190094,0.0,-2.0,-0.01876956071112077,0.4996475793903938,0.004194184721705719,10.329365926323018,8.829000000000008,-0.014575375989415051,1.350571340275053e-05,2.4853572604150567,-5.576078137865834,0.01876956071112077,-0.4996475793903938,0.2531293665864319,0.0,0.0,2.5041268211261776,-5.822596350669796
14.899999999999963,0.0,403.0,410.73178849441285,406.6290610760229,0.6114696585953647,PILOT_DESC_ADD_SLACK_ACC,caténaire,,6.197547185814007,0.4999999999999842,6.197547185814007,0.24794754088748258,-0.9687734600864385,0.0414572682019554,-0.9991402778955673,29.947412430486324,-403.9159879470758,0.0,-2.0,-0.020728634100977045,0.4995701389477678,0.004248552018876774,10.32936262973191,8.829000000000008,-0.01648008208210027,-6.723132032959711e-05,1.536666584256721,-6.004019231250005,0.020728634100977045,-0.4995701389477678,0.2531670563825154,0.0,0.0,1.5573952183576982,-6.250422313815258
14.999999999999963,0.0,403.0,410.7923662688848,407.6110641569125,0.6057777447190971,PILOT_DESC_ADD_SLACK_ACC,caténaire,,6.18031617126045,0.49999999999999206,6.18031617126045,0.2700479185317009,-0.9628468838276916,0.040183577122210226,-0.9991923138864026,29.946650042172426,-403.94419990466105,0.0,-2.0,-0.020091788561104794,0.49959615694319337,0.004310445739707046,10.329379040182463,8.829000000000008,-0.01578134282139775,-2.4802874351692594e-05,1.6689815179166956,-5.950698166568014,0.020091788561104794,-0.49959615694319337,0.25320439534013905,0.0,0.0,1.6890733064778003,-6.197089928171067
15.099999999999962,0.0,403.0,410.85238421618226,406.7396555739827,0.6001794729744441,PILOT_DESC_ADD_SLACK_ACC,caténaire,,6.218682430853941,0.499999999999996,6.218682430853941,0.267516158402361,-0.9635533742318809,0.039144911260538706,-0.9992335442339817,29.945882393410923,-403.97241187051395,0.0,-2.0,-0.019572455630269197,0.49961677211698685,0.004370134749610246,10.32938509433033,8.829000000000008,-0.01520232088065895,1.8664473095952872e-06,1.6635980342263021,-5.992032439525831,0.019572455630269197,-0.49961677211698685,0.2532413892312209,0.0,-5.551115123125783e-17,1.6831704898565714,-6.238407822411597
15.199999999999962,0.0,403.0,410.911851599356,407.06879865764466,0.5946738317375647,PILOT_DESC_ADD_SLACK_ACC,caténaire,Fy:(t>15:-25),6.248571730627781,0.499999999999998,6.248571730627781,0.2588377510114533,-0.9659208138617434,0.038439638601651,-0.9992609239754021,29.945109677209125,-404.0006238357447,0.0,-25.0,-0.019219819300825423,0.49963046198769906,0.004428021876311142,10.329384638747797,8.829000000000008,-0.01479179742451428,-22.99998489926451,1.6173662537894393,-6.035625491521468,0.019219819300825423,-0.49963046198769906,0.2532780437653247,0.0,-5.551115123125783e-17,1.6365860730902648,-6.281977909743843
15.299999999999962,0.0,403.0,410.97292972423645,410.9937213468447,0.6107812488046082,PILOT_DESC_ADD_SLACK_MINPAY_ACC,caténaire,,7.0296431969562505,0.499999999999999,7.0296431969562505,0.2715297410497145,-0.9624300492635686,0.03801673213646739,-0.999277102748614,29.944332030408184,-404.03650246260855,0.0,-25.0,-0.019008366068233657,0.499638551374306,0.004484711400654811,16.706266184214424,8.829000000000008,-0.014523654667578847,-16.623095264411276,1.9087571969414179,-6.765539848351914,0.019008366068233657,-0.499638551374306,0.25331569112917257,0.0,-5.551115123125783e-17,1.9277655630096515,-7.0118627085970475
15.399999999999961,0.0,403.0,411.0363782657307,407.23956736346,0.6344854149424612,PILOT_DESC_ADD_SLACK_MINPAY_ACC,caténaire,,7.908348596575779,0.4999999999999995,7.908348596575779,0.3127895826170971,-0.9498224449897055,0.03772575102813376,-0.9992881304755717,29.94354954238902,-404.0779221212272,0.0,-25.0,-0.018862875514066863,0.4996440652377854,0.004540724100979826,22.26490262243996,8.829000000000008,-0.014322151413087037,-11.064453312322264,2.4736490567134437,-7.5115269998305125,0.018862875514066863,-0.4996440652377854,0.25335479957154744,0.0,5.551115123125783e-17,2.4925119322275107,-7.757816265496751
15.499999999999961,0.0,403.0,411.1026884783938,407.0292392350381,0.663102126630708,PILOT_DESC_ADD_SLACK_MINPAY_ACC,caténaire,,8.896892171147748,0.4999999999999997,8.896892171147748,0.34507379189784804,-0.9385755580374125,0.03753590487175256,-0.9992952796073136,29.94276228031939,-404.12302993094994,0.0,-25.0,-0.01876795243587627,0.4996476398036565,0.004596300095548078,26.406524754851834,8.829000000000008,-0.014171652340328193,-6.922827605344519,3.0700843176042314,-8.350405534333685,0.01876795243587627,-0.4996476398036565,0.2533956718921671,0.0,-5.551115123125783e-17,3.0888522700401078,-8.596657502245174
15.59999999999996,0.0,403.0,411.17213967907924,406.87469434585205,0.6945120068542805,PILOT_DESC_ADD_SLACK_MINPAY_ACC,caténaire,,10.009003692541212,0.49999999999999983,10.009003692541212,0.36631399805349213,-0.9304912975574064,0.03740749788468838,-0.9993000946172311,29.941970294365643,-404.17044534987446,0.0,-25.0,-0.018703748942344185,0.4996500473086154,0.00465162482491147,29.17742449029582,8.829000000000008,-0.014052124117432715,-4.151925462395571,3.666438159146937,-9.313290833129544,0.018703748942344185,-0.4996500473086154,0.2534384802564873,0.0,0.0,3.685141908089281,-9.559502400181671
15.69999999999996,0.0,403.0,411.2448702908515,407.3962471247489,0.7273061177228628,PILOT_DESC_ADD_SLACK_MINPAY_ACC,caténaire,,11.26012915410886,0.4999999999999999,11.26012915410886,0.37445811619502534,-0.9272438294298178,0.03733376731710482,-0.9993028519012204,29.941173624370524,-404.21924474395314,0.0,-25.0,-0.018666883658552406,0.4996514259506101,0.004706809729599163,30.905560832834805,8.829000000000008,-0.013960073928953242,-2.4237877412145927,4.216446751160288,-10.440885276730233,0.018666883658552406,-0.4996514259506101,0.25348330998578283,0.0,-5.551115123125783e-17,4.23511363481884,-10.687053392695061
15.79999999999996,0.0,403.0,411.3209405870438,407.50102430788803,0.7607029619228631,PILOT_DESC_ADD_SLACK_MINPAY_ACC,caténaire,,12.667645298372463,0.49999999999999994,12.667645298372463,0.3636451023630654,-0.9315375674267549,0.03729617562529884,-0.9993042556117366,29.94037230101743,-404.2688520672789,0.0,-25.0,-0.018648087812649417,0.49965212780586826,0.004761955365848481,31.93738535447903,8.829000000000008,-0.013886132446800935,-1.3919625177151076,4.606527171225658,-11.800387486270852,0.018648087812649417,-0.49965212780586826,0.2535301982313597,0.0,-5.551115123125783e-17,4.625175259038308,-12.04650941584536
15.89999999999996,0.0,403.0,411.40037864510725,407.16670105991994,0.7943805806342323,PILOT_DESC_ADD_SLACK_MINPAY_ACC,caténaire,,14.251100960669016,0.49999999999999994,14.251100960669016,0.25447262367651674,-0.9670799779745157,0.04120395275138145,-0.9991507565315967,29.93956634895352,-404.3189233781105,0.0,-25.0,-0.020601976375690723,0.4995753782657983,0.004817127536644178,32.537613193479196,8.829000000000008,-0.015784848839046545,-0.7918114282550164,3.626515051740373,-13.78195440315639,0.020601976375690723,-0.4995753782657983,0.25357916229961064,0.0,-5.551115123125783e-17,3.6471170281160634,-14.027950619122578
15.99999999999996,0.0,403.0,411.48321062278086,407.2499248374693,0.8283197767360668,PILOT_DESC_ADD_SLACK_MINPAY_ACC,caténaire,,16.032488580752634,0.49999999999999994,16.032488580752634,0.26632963269739107,-0.963882008726832,0.03999804682238765,-0.999199757931513,29.93875513527333,-404.3692586260849,0.0,-25.0,-0.019999023411193823,0.49959987896575647,0.004880229580628253,32.881543434192416,8.829000000000008,-0.01511879383056557,-0.4478566868418383,4.269926794936966,-15.453427298105845,0.019999023411193823,-0.49959987896575647,0.2536302183136553,0.0,0.0,4.28992581834816,-15.699396958757948
16.09999999999996,0.0,403.0,411.5694796934455,407.7032569340259,0.862690706646147,PILOT_DESC_ADD_SLACK_MINPAY_ACC,caténaire,,17.22026031918375,0.49999999999999994,17.22026031918375,0.2383359475791595,-0.9711827717229873,0.04099035307286594,-0.9991595422929022,29.937938881995194,-404.4197431596216,0.0,-25.0,-0.020495176536432968,0.499579771146451,0.004941053974712516,33.07687450464166,8.829000000000008,-0.015554122561720451,-0.2525457242118989,4.104207060732459,-16.724020146576247,0.020495176536432968,-0.499579771146451,0.2536833928847229,0.0,5.551115123125783e-17,4.124702237268892,-16.969916524837974
16.19999999999996,0.0,403.0,411.65909455781537,408.0942053108625,0.8961486436988494,PILOT_DESC_ADD_SLACK_MINPAY_ACC,caténaire,,17.752715488612218,0.5,17.752715488612218,0.2161858797560068,-0.9763522240432094,0.03990175527518917,-0.9992036078427454,29.93711744400954,-404.47031187506633,0.0,-25.0,-0.019950877637594584,0.4996018039213727,0.005004022861456496,33.18727647290516,8.829000000000008,-0.014946854776138087,-0.14212172317347438,3.8378864159637205,-17.33290325011287,0.019950877637594584,-0.4996018039213727,0.253738629737716,0.0,0.0,3.857837293601315,-17.57876642429653
16.29999999999996,0.0,403.0,411.751835489595,407.75767350269103,0.9274093177965115,PILOT_DESC_ADD_SLACK_MINPAY_ACC,caténaire,,17.976442409507374,0.5,17.976442409507374,0.21265140836320018,-0.9771281279960922,0.038916215789020235,-0.9992424771539,29.93629102373896,-404.5209279644188,0.0,-25.0,-0.019458107894510118,0.49962123857695,0.00506490895825893,33.24948677032101,8.829000000000008,-0.014393198936251187,-0.07989199110204481,3.822715795741703,-17.5652875196315,0.019458107894510118,-0.49962123857695,0.2537957934376353,0.0,5.551115123125783e-17,3.842173903636213,-17.811112964770814
16.399999999999963,0.0,403.0,411.8474393202371,407.0386371093221,0.956038306420689,PILOT_DESC_ADD_SLACK_MINPAY_ACC,caténaire,,18.149393550161605,0.5,18.149393550161605,0.20008376153816118,-0.9797787956313099,0.04070941399599081,-0.9991710282089363,29.9354598057354,-404.57157068443496,0.0,-25.0,-0.020354706997995405,0.49958551410446816,0.005123887707760577,33.28448310629543,8.829000000000008,-0.015230819290234829,-0.044931379600107846,3.6313989311527752,-17.782390954016,0.020354706997995405,-0.49958551410446816,0.25385472177252577,0.0,-5.551115123125783e-17,3.6517536381507707,-18.028121746347942
16.499999999999964,0.0,403.0,411.94565697561217,407.93264869401037,0.9821765537511804,PILOT_DESC_ADD_SLACK_MINPAY_ACC,caténaire,,18.113804971033492,0.5,18.113804971033492,0.22385244005610017,-0.9746230476860939,0.03980634265375485,-0.9992074134455429,29.93462351079208,-404.62222838157766,0.0,-25.0,-0.019903171326877425,0.49960370672277143,0.00518667054619632,33.304173187258684,8.829000000000008,-0.014716500780681105,-0.025223106018550823,4.054819441466164,-17.654131806060178,0.019903171326877425,-0.49960370672277143,0.25391526121795616,0.0,-5.551115123125783e-17,4.074722612793042,-17.899820251564996
16.599999999999966,0.0,403.0,412.04622141684325,407.2237410516622,1.005644412310666,PILOT_DESC_ADD_SLACK_MINPAY_ACC,caténaire,,17.794405103223948,0.5,17.794405103223948,0.21772342394233543,-0.976010507457182,0.040648524327989995,-0.9991735071897958,29.933782310348498,-404.67289448642236,0.0,-25.0,-0.020324262163994997,0.4995867535948979,0.005247696469460766,33.315229149791094,8.829000000000008,-0.015076565694534232,-0.01418409661401654,3.8742588060908845,-17.367526354696274,0.020324262163994997,-0.4995867535948979,0.25397724717637576,0.0,-5.551115123125783e-17,3.8945830682548794,-17.613135861114795
16.699999999999967,0.0,403.0,412.14883489281425,407.0208393184991,1.0261347597097914,PILOT_DESC_ADD_SLACK_MINPAY_ACC,caténaire,,17.81379871314364,0.5,17.81379871314364,0.22767637501539595,-0.9737368578111074,0.040642038018519004,-0.9991737710457081,29.932936084383016,-404.72356531929927,0.0,-25.0,-0.020321019009259502,0.4995868855228541,0.0053105856206083985,33.32144722500969,8.829000000000008,-0.015010433388651104,-0.007965889467463683,4.0557811162624695,-17.345952384616037,0.020321019009259502,-0.4995868855228541,0.2540404961198091,0.0,-5.551115123125783e-17,4.076102135271729,-17.591498774019083
16.79999999999997,0.0,403.0,412.25329681838303,407.16937191408766,1.0446192556877028,PILOT_DESC_ADD_SLACK_MINPAY_ACC,caténaire,,17.740077199498256,0.5,17.740077199498256,0.2554635731074264,-0.9668186814574832,0.03974439419398565,-0.999209879419811,29.93208485493974,-404.77423880747267,0.0,-25.0,-0.019872197096992825,0.4996049397099055,0.005373571046801994,33.32493959469724,8.829000000000008,-0.014498626050190831,-0.00445546559286214,4.531943508585411,-17.151438046972864,0.019872197096992825,-0.4996049397099055,0.25410488441149026,0.0,5.551115123125783e-17,4.551815705682404,-17.396938102271278
16.89999999999997,0.0,403.0,412.3594078373666,407.6473289017441,1.0611101898356303,PILOT_DESC_ADD_SLACK_MINPAY_ACC,caténaire,,17.87491236201576,0.5,17.87491236201576,0.2606703656946442,-0.9654278639280204,0.0387692215020237,-0.9992481911237705,29.931228792621113,-404.82491378080124,0.0,-25.0,-0.01938461075101185,0.49962409556188525,0.005434761414036007,33.32689301978331,8.829000000000008,-0.013949849336975843,-0.002482884654810391,4.6594599421663645,-17.25693845956144,0.01938461075101185,-0.49962409556188525,0.2541702891721597,0.0,-5.551115123125783e-17,4.6788445529173766,-17.502392265951165
16.99999999999997,0.0,403.0,412.46703012511347,407.0350588700551,1.0762228774686697,PILOT_DESC_ADD_SLACK_MINPAY_ACC,caténaire,,18.016228106404586,0.5,18.016228106404586,0.2326104648580092,-0.9725699829002235,0.04053382210108827,-0.9991781669281398,29.930368080352707,-404.87558958175805,0.0,-25.0,-0.020266911050544133,0.4995890834640699,0.005493962716222635,33.327981624326775,8.829000000000008,-0.014772948334321499,-0.0014292922091598825,4.190763194818702,-17.522042661372435,0.020266911050544133,-0.4995890834640699,0.25423662544939285,0.0,5.551115123125783e-17,4.211030105869246,-17.76739511938711
17.099999999999973,0.0,403.0,412.5760408713433,407.7888671834728,1.0901074622981677,PILOT_DESC_ADD_SLACK_MINPAY_ACC,caténaire,,17.78018068000296,0.5,17.78018068000296,0.21631801825462893,-0.9763229562897667,0.03965652970854419,-0.9992133704326996,29.92950244376819,-404.9262658591456,0.0,-25.0,-0.019828264854272096,0.4996066852163498,0.005557006780913081,33.32860829618518,8.829000000000008,-0.014271258073359015,-0.0007850185984779046,3.846173448907481,-17.359198564866684,0.019828264854272096,-0.4996066852163498,0.2543038175453303,0.0,-5.551115123125783e-17,3.866001713761753,-17.604501432537702
17.199999999999974,0.0,403.0,412.686254037137,407.97360343989845,1.1021316579368343,PILOT_DESC_ADD_SLACK_MINPAY_ACC,caténaire,,17.76000719039984,0.5,17.76000719039984,0.21951394783621073,-0.9756093617351986,0.03869845505645055,-0.9992509342383643,29.928632050097647,-404.976942398206,0.0,-25.0,-0.019349227528225276,0.49962546711918215,0.005618251410996258,33.32895248940176,8.829000000000008,-0.013730976117229017,-0.0004220434790696004,3.898569291964158,-17.326829279438527,0.019349227528225276,-0.49962546711918215,0.25437175078921404,0.0,-5.551115123125783e-17,3.917918519492383,-17.572082995768493
17.299999999999976,0.0,403.0,412.79754534208473,407.6345866403484,1.1129130494772317,PILOT_DESC_ADD_SLACK_MINPAY_ACC,caténaire,,17.53013529244144,0.5,17.53013529244144,0.24500804095194126,-0.9695210466353434,0.03805943949867718,-0.9992754770657821,29.927757079435064,-405.0276190779476,0.0,-25.0,-0.01902971974933859,0.49963773853289106,0.005677494265382209,33.32913753605365,8.829000000000008,-0.013352225483956382,-0.00022472541346729713,4.295024105623563,-16.995835116386996,0.01902971974933859,-0.49963773853289106,0.2544403485770256,0.0,-5.551115123125783e-17,4.314053825372902,-17.24103250634286
17.399999999999977,0.0,403.0,412.90976098341105,408.2721955909558,1.1221564132633262,PILOT_DESC_ADD_SLACK_MINPAY_ACC,caténaire,,17.901308794164915,0.5,17.901308794164915,0.2854261098500978,-0.9584007177667595,0.03762468226971935,-0.9992919409682551,29.926877658030655,-405.07829583259763,0.0,-25.0,-0.018812341134859675,0.49964597048412757,0.005735400960452087,33.32923606804306,8.829000000000008,-0.013076940174407588,-0.00011796147282439051,5.109500930343837,-17.15662719729206,0.018812341134859675,-0.49964597048412757,0.2545095161077365,0.0,-5.551115123125783e-17,5.128313271478697,-17.401763651668453
17.49999999999998,0.0,403.0,413.02288274208246,408.2107042922075,1.1312175867141279,PILOT_DESC_ADD_SLACK_MINPAY_ACC,caténaire,,18.115018040516212,0.5,18.115018040516212,0.3153163061921686,-0.9489866316494279,0.037351490432778196,-0.999302189611556,29.92599387764619,-405.12897262656816,0.0,-25.0,-0.018675745216389098,0.499651094805778,0.005792398567246716,33.32928778886456,8.829000000000008,-0.012883346649142383,-6.111632966820935e-05,5.711960575140068,-17.1909099525381,0.018675745216389098,-0.499651094805778,0.25457924215149036,0.0,5.551115123125783e-17,5.730636320356457,-17.435981805192387
17.59999999999998,0.0,403.0,413.13686272525774,408.3891916163691,1.1397998317527924,PILOT_DESC_ADD_SLACK_MINPAY_ACC,caténaire,,18.001989507936507,0.5,18.001989507936507,0.3276221506491451,-0.9448088306128541,0.03716916240910654,-0.9993089879340652,29.925105802812837,-405.1796494409108,0.0,-25.0,-0.01858458120455327,0.4996544939670326,0.005848827961836057,33.32931458567219,8.829000000000008,-0.012735753242717213,-3.0920360778452505e-05,5.897850518553504,-17.00843865569836,0.01858458120455327,-0.4996544939670326,0.2546494971880746,0.0,0.0,5.916435099758058,-17.253443652477316
17.69999999999998,0.0,403.0,413.2515924804225,408.14171294018064,1.1472975516475854,PILOT_DESC_ADD_SLACK_MINPAY_ACC,caténaire,,18.106437436435012,0.5,18.106437436435012,0.31823037467887244,-0.9480134116307345,0.03706159681017788,-0.9993129830247778,29.924213482728405,-405.2303262655602,0.0,-25.0,-0.01853079840508894,0.4996564915123889,0.0059048797469289935,33.32932814289152,8.829000000000008,-0.012625918658159947,-1.5365596098604328e-05,5.7620183694962765,-17.165145526593207,0.01853079840508894,-0.4996564915123889,0.2547202143694767,0.0,-5.551115123125783e-17,5.780549167901365,-17.41008180373612
17.799999999999983,0.0,403.0,413.3670178949772,409.6647486558836,1.1542541455467472,PILOT_DESC_ADD_SLACK_MINPAY_ACC,caténaire,,18.06713319815982,0.5,18.06713319815982,0.2942476409760052,-0.9557292115343424,0.03697939046295026,-0.9993160284319413,29.92331695400442,-405.2810030953315,0.0,-25.0,-0.01848969523147513,0.49965801421597067,0.0059607119917246985,33.329334880042246,8.829000000000008,-0.012528983239750432,-7.105741794077858e-06,5.316211322757795,-17.267286966163226,0.01848969523147513,-0.49965801421597067,0.2547913603417465,0.0,-5.551115123125783e-17,5.3347010179892695,-17.512153620037452
17.899999999999984,0.0,403.0,413.48306151691384,408.41335738800706,1.160436219366216,PILOT_DESC_ADD_SLACK_MINPAY_ACC,caténaire,,17.795471708578198,0.5,17.795471708578198,0.2853580398660455,-0.9584209873974008,0.036923517187550596,-0.9993180944416551,29.92241624895269,-405.3316799274714,0.0,-25.0,-0.018461758593775298,0.49965904722082755,0.006016375281017668,33.32933799555878,8.829000000000008,-0.01244538331275763,-2.9572204027772386e-06,5.078080925251543,-17.055553566138027,0.018461758593775298,-0.49965904722082755,0.2548628873649783,0.0,-5.551115123125783e-17,5.0965426838453185,-17.300349725993875
17.999999999999986,0.0,403.0,413.59960716795064,408.748412359545,1.1654565103680588,PILOT_DESC_ADD_SLACK_MINPAY_ACC,caténaire,,17.4790771123065,0.5,17.4790771123065,0.2982682659803455,-0.9544820802451337,0.03689315431582051,-0.9993192158487841,29.921511395439854,-405.382356760597,0.0,-25.0,-0.018446577157910257,0.49965960792439207,0.00607192326778984,33.32933929222024,8.829000000000008,-0.012374653890120418,-1.0998553747754158e-06,5.213454021224404,-16.68346588291941,0.018446577157910257,-0.49965960792439207,0.25493472382914706,0.0,0.0,5.231900598382314,-16.928190767014655
18.099999999999987,0.0,403.0,413.7165413410922,408.51777372034195,1.169341731415556,PILOT_DESC_ADD_SLACK_MINPAY_ACC,caténaire,,17.506021816654286,0.5,17.506021816654286,0.26409212704133495,-0.9644974590089824,0.03972771815454726,-0.9992105425836104,29.92060241704239,-405.43303359408924,0.0,-25.0,-0.01986385907727363,0.4996052712918052,0.006127408647864631,33.32933977441202,8.829000000000008,-0.013736450429408999,-5.495429618207481e-05,4.6232025375922445,-16.88451355951887,0.01986385907727363,-0.4996052712918052,0.25500679977075674,0.0,5.551115123125783e-17,4.643066396669518,-17.129112031039917
18.19999999999999,0.0,403.0,413.8338305480267,408.21060060687563,1.1728920693449658,PILOT_DESC_ADD_SLACK_MINPAY_ACC,caténaire,,17.326225987630515,0.5,17.326225987630515,0.3052118535293294,-0.952284476648229,0.03907054853684258,-0.9992364546177398,29.919688859828113,-405.4837104458996,0.0,-25.0,-0.01953527426842129,0.4996182273088699,0.006189295588323191,33.32936386950005,8.829000000000008,-0.013345978680098099,-1.7903191086077186e-05,5.288169548352745,-16.49949604691967,0.01953527426842129,-0.4996182273088699,0.2550790945482657,0.0,5.551115123125783e-17,5.307704822621167,-16.744035179680274
18.29999999999999,0.0,403.0,413.95140329962885,407.9220270455797,1.1757275160214573,PILOT_DESC_ADD_SLACK_MINPAY_ACC,caténaire,,17.425722865633173,0.5,17.425722865633173,0.3334902011765294,-0.9427535657419908,0.0382593155975274,-0.999267844359063,29.91877085395428,-405.53438730367765,0.0,-25.0,-0.0191296577987637,0.4996339221795315,0.006249721161079632,33.32937171923263,8.829000000000008,-0.012879936637684067,5.641412158752246e-06,5.811307824106455,-16.428162367207413,0.0191296577987637,-0.4996339221795315,0.2551515640971726,0.0,-5.551115123125783e-17,5.830437481905219,-16.67264472528977
18.39999999999999,0.0,403.0,414.0692511139669,408.4648914390462,1.1784781433805487,PILOT_DESC_ADD_SLACK_MINPAY_ACC,caténaire,,17.547096351432973,0.5,17.547096351432973,0.34426233163056535,-0.9388734989444991,0.03768165154685527,-0.999289794372334,29.91784855476823,-405.58506415957527,0.0,-25.0,-0.018840825773427636,0.499644897186167,0.006308315008138997,33.329369245764866,8.829000000000008,-0.012532510765288638,1.414295102364349e-05,6.040804303290502,-16.47450374778613,0.018840825773427636,-0.499644897186167,0.25522420318938027,0.0,0.0,6.059645129063929,-16.718924441782914
18.499999999999993,0.0,403.0,414.18737073299724,408.28663507656944,1.1811961903032204,PILOT_DESC_ADD_SLACK_MINPAY_ACC,caténaire,,17.79950962898222,0.5,17.79950962898222,0.24205077161033617,-0.9702635847865471,0.03970052800837802,-0.999211623268993,29.916922078078596,-405.6357410107586,0.0,-25.0,-0.01985026400418901,0.4996058116344965,0.006365590762537929,33.329363044711805,8.829000000000008,-0.01348467324165108,-3.1143653707488284e-05,4.308385039980755,-17.270216020058953,0.01985026400418901,-0.4996058116344965,0.25529700981669434,0.0,-1.1102230246251565e-16,4.328235303984944,-17.514524821876755
18.599999999999994,0.0,403.0,414.3057854330208,408.69062377491775,1.1841470002353902,PILOT_DESC_ADD_SLACK_MINPAY_ACC,caténaire,,17.663579012362256,0.5,17.663579012362256,0.2114419186606448,-0.9773905642234864,0.039048450110941116,-0.9992373184303782,29.91599110649788,-405.6864178723231,0.0,-25.0,-0.019524225055470558,0.4996186592151891,0.006427507151676071,33.32937669981497,8.829000000000008,-0.013096717903794488,-4.6409698484239925e-06,3.7348210367877726,-17.264215457098878,0.019524225055470558,-0.4996186592151891,0.2553699983261722,0.0,0.0,3.754345261843243,-17.508464117987895
18.699999999999996,0.0,403.0,414.4244384931132,408.643249862903,1.1865306009243726,PILOT_DESC_ADD_SLACK_MINPAY_ACC,caténaire,,17.576783544622337,0.5,17.576783544622337,0.20274789542140145,-0.9792309691294452,0.03822274499947659,-0.9992692438800992,29.91505576934453,-405.7370947354346,0.0,-25.0,-0.019111372499738294,0.4996346219400496,0.006487929058689461,33.329378734681896,8.829000000000008,-0.012623443441048833,1.3356621934690338e-05,3.5636558719497,-17.211730784579014,0.019111372499738294,-0.4996346219400496,0.25544313375614336,0.0,0.0,3.582767244449438,-17.455922272762923
18.799999999999997,0.0,403.0,414.5432886915557,408.4484515128554,1.188501984424832,PILOT_DESC_ADD_SLACK_MINPAY_ACC,caténaire,,17.393101792343312,0.5,17.393101792343312,0.19519636992651684,-0.9807641802021068,0.03955612592445787,-0.9992173501805544,29.9141162243767,-405.7877715940939,0.0,-25.0,-0.019778062962228934,0.4996086750902772,0.00654643504061923,33.329372878392626,8.829000000000008,-0.013231627921609704,-1.844651710314338e-05,3.3950703316278084,-17.058531220539383,0.019778062962228934,-0.4996086750902772,0.2555163906983451,0.0,1.1102230246251565e-16,3.414848394590037,-17.30262350493131
18.9,0.0,403.0,414.66227955211883,408.21512047250627,1.1899086056315928,PILOT_DESC_ADD_SLACK_MINPAY_ACC,caténaire,,17.406946418839233,0.5,17.406946418839233,0.22437674433987226,-0.974502476446027,0.03899014129450978,-0.9992395953332887,29.913172268866226,-405.838448458902,0.0,-25.0,-0.01949507064725489,0.4996197976666443,0.006608041674645102,33.32938096634367,8.829000000000008,-0.012887028972609786,7.640103092398931e-07,3.9057139663577454,-16.963112392522135,0.01949507064725489,-0.4996197976666443,0.2555897343419321,0.0,5.551115123125783e-17,3.925209037005,-17.207142455846846
19.0,0.0,403.0,414.7813997510515,409.8330332845179,1.1912019893262422,PILOT_DESC_ADD_SLACK_MINPAY_ACC,caténaire,,17.535390766716066,0.5,17.535390766716066,0.2623175195527174,-0.9649816158537475,0.03820715500389825,-0.9992698400865044,29.91222401767943,-405.88912532345546,0.0,-25.0,-0.019103577501949125,0.4996349200432522,0.006668321203123345,33.32938063137383,8.829000000000008,-0.012435256298825779,1.555141707143548e-05,4.599840210312582,-16.921329716692554,0.019103577501949125,-0.4996349200432522,0.25566315770716525,0.0,-5.551115123125783e-17,4.618943787814531,-17.165301479028642
19.1,0.0,403.0,414.9006620171405,408.6297595448026,1.1926226608902015,PILOT_DESC_ADD_SLACK_MINPAY_ACC,caténaire,,17.625406703649414,0.5,17.625406703649414,0.2741204161558385,-0.9616953766378155,0.03759708521635264,-0.9992929796527315,29.911271621407202,-405.93980218282513,0.0,-25.0,-0.01879854260817632,0.4996464898263657,0.006726747017782984,33.32937381279389,8.829000000000008,-0.012071795590393335,2.0302620249879055e-05,4.831483820520283,-16.9502721382608,0.01879854260817632,-0.4996464898263657,0.25573666863982025,0.0,-1.1102230246251565e-16,4.85028236312846,-17.194181959447345
19.200000000000003,0.0,403.0,415.02007012123977,408.68413776378196,1.1940810409926674,PILOT_DESC_ADD_SLACK_MINPAY_ACC,caténaire,,17.54327822855114,0.5,17.54327822855114,0.24941217427213466,-0.968397422200641,0.03907352673214168,-0.9992363381646568,29.91031520120311,-405.99047903542726,0.0,-25.0,-0.01953676336607084,0.4996181690823284,0.006783708923974383,33.329364910971876,8.829000000000008,-0.012753054442096456,-1.691994580710343e-05,4.375507166843943,-16.98886541347755,0.01953676336607084,-0.4996181690823284,0.25581026946417773,0.0,0.0,4.395043930210014,-17.232673313095702
19.300000000000004,0.0,403.0,415.1395930289798,408.5868785785228,1.1952290774001675,PILOT_DESC_ADD_SLACK_MINPAY_ACC,caténaire,,17.71400895443044,0.5,17.71400895443044,0.2745345172850362,-0.9615772453729716,0.0387553410740484,-0.9992487295654842,29.909354529980874,-406.0411558936694,0.0,-25.0,-0.0193776705370242,0.4996243647827421,0.0068441462867019085,33.32937232965527,8.829000000000008,-0.012533524250322291,-3.305561996569395e-06,4.86310689748737,-17.033387934913375,0.0193776705370242,-0.4996243647827421,0.25588394105125833,0.0,-5.551115123125783e-17,4.8824845680243945,-17.27712835864486
19.400000000000006,0.0,403.0,415.2592533808492,408.6642399821781,1.1966035186942818,PILOT_DESC_ADD_SLACK_MINPAY_ACC,caténaire,,17.457952597833007,0.5,17.457952597833007,0.2852046858795786,-0.9584666333015098,0.038020298594134166,-0.9992769670590895,29.908389680917217,-406.09183275301336,0.0,-25.0,-0.019010149297067083,0.49963848352954476,0.0069038044351767405,33.32937377899783,8.829000000000008,-0.012106344861890342,1.2262527363304798e-05,4.979089886765536,-16.73286505078235,0.019010149297067083,-0.49963848352954476,0.25595769735621715,0.0,5.551115123125783e-17,4.998100036062603,-16.97654583695568
19.500000000000007,0.0,403.0,415.3789861959689,409.5473206537814,1.1973281511967149,PILOT_DESC_ADD_SLACK_MINPAY_ACC,caténaire,,17.406971955092356,0.5,17.406971955092356,0.24028153541465494,-0.9707032418503485,0.039058001127144734,-0.9992369451476221,29.907420796405273,-406.14250960826985,0.0,-25.0,-0.019529000563572367,0.49961847257381103,0.006961675056560915,33.32936840243357,8.829000000000008,-0.012567325507011451,-1.31249926269561e-05,4.182573948289429,-16.89700410760625,0.019529000563572367,-0.49961847257381103,0.2560314983261089,0.0,-5.551115123125783e-17,4.2021029488530015,-17.14059108185395
19.60000000000001,0.0,403.0,415.49877400723085,410.26128306381946,1.19787811261993,PILOT_DESC_ADD_SLACK_MINPAY_ACC,caténaire,,17.473098721727602,0.5,17.473098721727602,0.2261151667780954,-0.9741005755839148,0.0390493550286144,-0.9992372830673649,29.906447722784826,-406.19318646790134,0.0,-25.0,-0.0195246775143072,0.49961864153368246,0.007022004760321772,33.32937415718472,8.829000000000008,-0.012502672753985429,-7.201281604807264e-06,3.9509326315935622,-17.020555522069422,0.0195246775143072,-0.49961864153368246,0.25610533319454903,0.0,-5.551115123125783e-17,3.9704573091078696,-17.264068830408558
19.70000000000001,0.0,403.0,415.6186245154475,410.82654442580844,1.1985050821662666,PILOT_DESC_MINPAY_ACC,caténaire,,17.428044584798034,0.5,17.428044584798034,0.18523351881462216,-0.9826945321449352,0.03869625594238753,-0.9992510194020525,29.905470481606795,-406.2438633299333,0.0,-25.0,-0.019348127971193764,0.49962550970102626,0.007082282373413671,33.32937731464909,8.829000000000008,-0.012265845597780094,2.8243501120073233e-06,3.2282580245002603,-17.126444119459176,0.019348127971193764,-0.49962550970102626,0.2561792067081682,0.0,0.0,3.247606152471454,-17.369890422452034
19.80000000000001,0.0,403.0,415.7385224151429,410.2653256046609,1.198978996953609,PILOT_DESC_MINPAY_ACC,caténaire,,17.359819822629067,0.5,17.359819822629067,0.16835361941036703,-0.9857266653750569,0.03796615403027096,-0.9992790256720842,29.904489151813564,-406.29454019102377,0.0,-25.0,-0.01898307701513548,0.4996395128360421,0.007141668537413105,33.32937607630753,8.829000000000008,-0.011841408477722377,1.558914356536434e-05,2.922588499451439,-17.11203730527196,0.01898307701513548,-0.4996395128360421,0.25625310943296964,0.0,0.0,2.9415715764665746,-17.355423708675033
19.900000000000013,0.0,403.0,415.85844929752216,409.84355571515584,1.1992688237927875,PILOT_DESC_MINPAY_ACC,caténaire,,17.41474492937093,0.5,17.41474492937093,0.1850359549422831,-0.9827317514859267,0.0374130350262346,-0.9992998873261848,29.903503874884176,-406.34521704691787,0.0,-25.0,-0.0187065175131173,0.4996499436630924,0.007199234974162801,33.329369241129115,8.829000000000008,-0.0115072825389545,1.918479220108793e-05,3.222353958082432,-17.114022786121353,0.0187065175131173,-0.4996499436630924,0.25632703002213175,0.0,-5.551115123125783e-17,3.241060475595549,-17.357345699762316
20.000000000000014,0.0,403.0,415.9784132252699,409.92662058013354,1.199639277477515,PILOT_DESC_MINPAY_ACC,caténaire,,17.50125568829894,0.5,17.50125568829894,0.23109878693459074,-0.9729302907594978,0.0370443659935769,-0.9993136219166303,29.902514762193942,-406.395893896417,0.0,-25.0,-0.01852218299678845,0.49965681095831516,0.007255398466098757,33.32936082942527,8.829000000000008,-0.011266784530689692,1.764038357521258e-05,4.044518959397991,-17.027501785473003,0.01852218299678845,-0.49965681095831516,0.25640097344533574,0.0,5.551115123125783e-17,4.06304114239478,-17.270757622985982
20.100000000000016,0.0,403.0,416.098427772642,408.9883768219738,1.20014547372127,PILOT_DESC_MINPAY_ACC,caténaire,,17.193618296091085,0.5,17.193618296091085,0.2127867373532629,-0.9770986666691105,0.03866835486441707,-0.9992520994884522,29.901521893908864,-406.44657074003607,0.0,-25.0,-0.019334177432208534,0.4996260497442261,0.007310599592101472,33.32935309491457,8.829000000000008,-0.012023577840107061,-2.0855341205106015e-05,3.658573940522589,-16.79986151232822,0.019334177432208534,-0.4996260497442261,0.25647494806948806,0.0,5.551115123125783e-17,3.677908117954798,-17.043012614002958
20.200000000000017,0.0,403.0,416.2184263274894,411.1549571799215,1.199985548473483,PILOT_DESC_MINPAY_ACC,caténaire,,17.13062467392188,0.5,17.13062467392188,0.27359480526015556,-0.9618450408120102,0.03848412154997408,-0.9992592118106928,29.900525017764505,-406.4972475906069,0.0,-25.0,-0.01924206077498704,0.4996296059053464,0.007369739341983606,33.329362239064686,8.829000000000008,-0.011872321433003437,-8.155029973977435e-06,4.6868499216464725,-16.477006388623618,0.01924206077498704,-0.4996296059053464,0.2565489128361603,0.0,0.0,4.7060919824214595,-16.720087081692807
20.30000000000002,0.0,403.0,416.3383978670718,409.87219372657717,1.199715395824479,PILOT_DESC_MINPAY_ACC,caténaire,,17.066680676542376,0.5,17.066680676542376,0.248191968973098,-0.9687108683901801,0.03857817381227477,-0.9992555851759399,29.89952418417967,-406.5479244438961,0.0,-25.0,-0.019289086906137384,0.49962779258796997,0.007428368883398734,33.329365814717306,8.829000000000008,-0.01186071802273865,-6.392694729129289e-06,4.235813080946176,-16.53267905871127,0.019289086906137384,-0.49962779258796997,0.2566228609511506,0.0,5.551115123125783e-17,4.255102167852313,-16.77568399034809
20.40000000000002,0.0,403.0,416.45833228080767,409.80891218072617,1.1993441373584386,PILOT_DESC_MINPAY_ACC,caténaire,,16.775578391724054,0.5,16.775578391724054,0.2581839732861869,-0.966095769547801,0.03843554703517081,-0.9992610813616766,29.898519397022156,-406.59860129931616,0.0,-25.0,-0.019217773517585406,0.4996305406808383,0.007487173071785537,33.329368617621746,8.829000000000008,-0.011730600445799868,-8.416974210945227e-07,4.331185483349217,-16.20681531596211,0.019217773517585406,-0.4996305406808383,0.25669678618249386,0.0,-5.551115123125783e-17,4.3504032568668025,-16.449749070460452
20.50000000000002,0.0,403.0,416.5781750374973,409.55512643154793,1.1984275668967643,PILOT_DESC_MINPAY_ACC,caténaire,,16.95796499059061,0.5,16.95796499059061,0.24342841779348126,-0.969918865375121,0.03780088393555082,-0.9992852911824986,29.897510699664497,-406.6492781550168,0.0,-25.0,-0.01890044196777541,0.4996426455912493,0.007545560184917506,33.329368986686674,8.829000000000008,-0.011354881782857902,1.163227791778354e-05,4.12805058665672,-16.44785016274467,0.01890044196777541,-0.4996426455912493,0.25677065491822304,0.0,0.0,4.146951028624495,-16.690722153417692
20.600000000000023,0.0,403.0,416.6979717569831,409.39996197135883,1.1979671948578292,PILOT_DESC_MINPAY_ACC,caténaire,,16.948614023096834,0.5,16.948614023096834,0.24596892807318124,-0.9692777137758456,0.0372634736350779,-0.9993054755842421,29.896498217346245,-406.69995500684,0.0,-25.0,-0.01863173681753895,0.49965273779212105,0.00760229321843953,33.32936388639808,8.829000000000008,-0.01102944359909942,1.66241901879971e-05,4.168832423587216,-16.427913851976538,0.01863173681753895,-0.49965273779212105,0.25684449527751857,0.0,-5.551115123125783e-17,4.187464160404755,-16.67072209449114
20.700000000000024,0.0,403.0,416.8177251501248,409.5132744028918,1.1975339314166524,PILOT_DESC_MINPAY_ACC,caténaire,,17.071647370654887,0.5,17.071647370654887,0.23398825087186859,-0.9722394244495146,0.036930405550774245,-0.9993178399017277,29.89548205854679,-406.75063185312183,0.0,-25.0,-0.018465202775387123,0.49965891995086387,0.007657603681547914,33.32935659744162,8.829000000000008,-0.010807599093839208,1.5517392469632796e-05,3.9945649077608714,-16.597728614050578,0.018465202775387123,-0.49965891995086387,0.2569183089313013,0.0,-1.1102230246251565e-16,4.013030110536259,-16.84046922507014
20.800000000000026,0.0,403.0,416.93746413419944,410.27623032762347,1.1973898407464614,PILOT_DESC_MINPAY_ACC,caténaire,,17.02366496574338,0.5,17.02366496574338,0.1944495154443591,-0.9809125271620575,0.03811155333248229,-0.9992734908435154,29.894462297214304,-406.8013086942312,0.0,-25.0,-0.019055776666241146,0.4996367454217577,0.0077119961075363865,33.329349793743376,8.829000000000008,-0.011343780558704759,-1.3460834871636962e-05,3.310243403675912,-16.698726223107517,0.019055776666241146,-0.4996367454217577,0.2569921137036164,0.0,-5.551115123125783e-17,3.3292991803421534,-16.941370854825657
20.900000000000027,0.0,403.0,417.05718053219545,409.5959223944581,1.1971639799600513,PILOT_DESC_MINPAY_ACC,caténaire,,16.96405446294127,0.5,16.96405446294127,0.22506545271250286,-0.9743436467670511,0.03834848237946699,-0.9992644264153466,29.893438754621634,-406.85198553982747,0.0,-25.0,-0.019174241189733494,0.4996322132076733,0.007769294079686926,33.3293556957151,8.829000000000008,-0.011404947110046568,-1.2091077230991232e-05,3.8180225975414315,-16.528818689377065,0.019174241189733494,-0.4996322132076733,0.2570659045543136,0.0,-5.551115123125783e-17,3.837196838731165,-16.771384998030424
21.00000000000003,0.0,403.0,417.1768646588469,409.6639091585354,1.196841266514556,PILOT_DESC_MINPAY_ACC,caténaire,,17.09593399042032,0.5,17.09593399042032,0.2680957296275026,-0.9633922771931986,0.03769852683701699,-0.9992891578889059,29.892411410379925,-406.9026623894541,0.0,-25.0,-0.018849263418508493,0.49964457894445297,0.007827114792260061,33.32936099713445,8.829000000000008,-0.011022148626248432,5.576078898172909e-06,4.583346896825358,-16.47009077777564,0.018849263418508493,-0.49964457894445297,0.25713967551358397,0.0,0.0,4.602196160243866,-16.712595681206505
21.10000000000003,0.0,403.0,417.29654609523675,409.8159669456471,1.1968143638983006,PILOT_DESC_MINPAY_ACC,caténaire,,17.009951585947572,0.5,17.009951585947572,0.28522213073066927,-0.9584614421777524,0.03713827876892625,-0.999310136168988,29.891380392088674,-406.95333923722205,0.0,-25.0,-0.018569139384463126,0.499655068084494,0.007883198484479294,33.32935855222922,8.829000000000008,-0.010685940899983832,1.3620313708884169e-05,4.8516146349694935,-16.303382728441058,0.018569139384463126,-0.499655068084494,0.25721344481462954,0.0,-5.551115123125783e-17,4.870183774353957,-16.545824351710923
21.20000000000003,0.0,403.0,417.4162078923118,410.0265256649992,1.1966179707500835,PILOT_DESC_MINPAY_ACC,caténaire,,17.098528558859233,0.5,17.098528558859233,0.28178860928431354,-0.9594765133538248,0.03679792440539961,-0.9993227270303896,29.890345811817124,-407.0040160804499,0.0,-25.0,-0.018398962202699806,0.4996613635151948,0.007937762604696454,33.329352580347276,8.829000000000008,-0.010461199598003353,1.394386246289514e-05,4.818170583409061,-16.405636565135055,0.018398962202699806,-0.4996613635151948,0.25728720201038485,0.0,5.551115123125783e-17,4.836569545611761,-16.648010726639864
21.300000000000033,0.0,403.0,417.5358697083637,410.17211600816415,1.196618160519181,PILOT_DESC_MINPAY_ACC,caténaire,,16.773195512845213,0.5,16.773195512845213,0.26036677395278685,-0.9655097840112333,0.03656880141380861,-0.999331137693186,29.88930774447904,-407.0546929190298,0.0,-25.0,-0.018284400706904305,0.499665568846593,0.00799136144889478,33.32934646655237,8.829000000000008,-0.010293039258009526,1.2035398960108523e-05,4.367182804558868,-16.194684376785368,0.018284400706904305,-0.499665568846593,0.25736095921783725,0.0,5.551115123125783e-17,4.385467205265773,-16.43698898641412
21.400000000000034,0.0,403.0,417.65546645439946,409.52565792910633,1.195967460357876,PILOT_DESC_MINPAY_ACC,caténaire,,16.943709490315815,0.5,16.943709490315815,0.2232578326270027,-0.9747594268180705,0.03777914928523657,-0.9992861131224049,29.888266246127873,-407.10536975359787,0.0,-25.0,-0.018889574642618284,0.49964305656120245,0.008044274735630503,33.32934118958397,8.829000000000008,-0.010845299906987781,-1.5753854832212255e-05,3.782815857469485,-16.516040550952145,0.018889574642618284,-0.49964305656120245,0.2574346763174018,0.0,5.551115123125783e-17,3.801705432112103,-16.758248931195943
21.500000000000036,0.0,403.0,417.775038720214,410.8888183587395,1.1957226581456564,PILOT_DESC_MINPAY_ACC,caténaire,,17.000955675422645,0.5,17.000955675422645,0.19072648074074278,-0.9816432190690523,0.037907370138175314,-0.9992812573491047,29.887221132676736,-407.1560465934172,0.0,-25.0,-0.018953685069087657,0.49964062867455233,0.008100215924555253,33.329348096912575,8.829000000000008,-0.010853469144532404,-1.1274412877071427e-05,3.242532445202719,-16.68887285647216,0.018953685069087657,-0.49964062867455233,0.257508378327836,0.0,5.551115123125783e-17,3.2614861302718063,-16.931005106818876
21.600000000000037,0.0,403.0,417.89460038265037,410.6865969053699,1.195616624363548,PILOT_DESC_MINPAY_ACC,caténaire,,16.964994819496283,0.5,16.964994819496283,0.18002902045272093,-0.9836612993275856,0.037368639378810395,-0.999301548478224,29.88617240140255,-407.2067234369947,0.0,-25.0,-0.018684319689405197,0.499650774239112,0.008156393308926601,33.329353040257686,8.829000000000008,-0.010527926380478596,3.8144967930975326e-06,3.054191399339401,-16.687808847231473,0.018684319689405197,-0.499650774239112,0.2575820738025548,0.0,5.551115123125783e-17,3.072875719028806,-16.929877547668028
21.70000000000004,0.0,403.0,418.0141452893007,410.7713639951234,1.1954490665033273,PILOT_DESC_MINPAY_ACC,caténaire,,16.968833657861946,0.5,16.968833657861946,0.20047036369391752,-0.9796997669084281,0.03694177291223277,-0.9993174197491509,29.88512016081957,-407.2574002793007,0.0,-25.0,-0.018470886456116387,0.49965870987457545,0.00821107117297318,33.329351367801834,8.829000000000008,-0.010259815283143207,1.0077676400044311e-05,3.4017482548531732,-16.624362379315237,0.018470886456116387,-0.49965870987457545,0.25765575894933435,0.0,0.0,3.4202191413092895,-16.86636533024048
21.80000000000004,0.0,403.0,418.13367586323994,410.65350380054997,1.1953057393923945,PILOT_DESC_MINPAY_ACC,caténaire,,16.96839192542063,0.5,16.96839192542063,0.2553588134889584,-0.9668463561360261,0.03666077383951751,-0.9993277678827341,29.884064500298166,-407.3080771182475,0.0,-25.0,-0.018330386919758756,0.49966388394136707,0.008264532315945164,33.329346949192825,8.829000000000008,-0.010065854603813592,1.0833134183485527e-05,4.333028428891034,-16.405827902580903,0.018330386919758756,-0.49966388394136707,0.2577294352617104,0.0,-5.551115123125783e-17,4.351358815810793,-16.64776235126056
21.90000000000004,0.0,403.0,418.25319342957727,410.77956171840043,1.195175663373447,PILOT_DESC_MINPAY_ACC,caténaire,,16.807105010094126,0.5,16.807105010094126,0.2195165100081071,-0.975608785238151,0.037804788107302416,-0.9992851434881648,29.883005484491893,-407.3587539535833,0.0,-25.0,-0.018902394053651208,0.4996425717440824,0.008317151368378592,33.32934219935296,8.829000000000008,-0.010585242685272616,-1.5228902967123759e-05,3.6894370351556343,-16.397159302267973,0.018902394053651208,-0.4996425717440824,0.2578031035564546,0.0,0.0,3.7083394292092855,-16.6389987704556
22.000000000000043,0.0,403.0,418.37266701233216,410.0493842854286,1.1947358275491728,PILOT_DESC_MINPAY_ACC,caténaire,,16.73226612298179,0.5,16.73226612298179,0.2295950162839775,-0.9732862520849456,0.03786877771806898,-0.9992827205921954,29.88194294027139,-407.40943079399534,0.0,-25.0,-0.01893438885903449,0.4996413602960977,0.008372665635401233,33.329348876539555,8.829000000000008,-0.010561723223633256,-9.763164356968446e-06,3.8416449129738495,-16.28528458372485,0.01893438885903449,-0.4996413602960977,0.2578767447405772,0.0,-5.551115123125783e-17,3.860579301832884,-16.52704919928037
22.100000000000044,0.0,403.0,418.49208602233745,410.26095241015776,1.1941901000526411,PILOT_DESC_MINPAY_ACC,caténaire,,16.62252819426362,0.5,16.62252819426362,0.23033309409093392,-0.9731118464834847,0.03745188265074722,-0.9992984321442291,29.880876875476478,-407.4601076376618,0.0,-25.0,-0.01872594132537361,0.49964921607211454,0.008428240593791943,33.32935315727277,8.829000000000008,-0.010297700731581667,2.373344877071304e-06,3.8287183505985243,-16.175579104343655,0.01872594132537361,-0.49964921607211454,0.25795035228712226,0.0,0.0,3.847444291923898,-16.417277968128648
22.200000000000045,0.0,403.0,418.61143394942013,410.40735815381544,1.1934792708269617,PILOT_DESC_MINPAY_ACC,caténaire,,16.536051904337302,0.5,16.536051904337302,0.21873947899207297,-0.9757832957835855,0.03779546300238428,-0.9992854962303993,29.879807378114656,-407.5107844805371,0.0,-25.0,-0.01889773150119214,0.49964274811519965,0.008482603285100587,33.329352116623596,8.829000000000008,-0.010415128216091554,-5.1352612118193974e-06,3.6170873781406176,-16.13560322646269,0.01889773150119214,-0.49964274811519965,0.25802391601954155,0.0,-5.551115123125783e-17,3.6359851096418097,-16.377222058558345
22.300000000000047,0.0,403.0,418.73070058700273,411.5327741232382,1.1926663758259033,PILOT_DESC_MINPAY_ACC,caténaire,,16.48348112618679,0.5,16.48348112618679,0.22540320099239444,-0.9742655679959044,0.0372989910951713,-0.9993041505283977,29.878734409043428,-407.5614613251242,0.0,-25.0,-0.01864949554758565,0.49965207526419886,0.008537763647843847,33.32935436824807,8.829000000000008,-0.010111731899741802,6.443512262421791e-06,3.715429409340221,-16.05928810195414,0.01864949554758565,-0.49965207526419886,0.25809742964669985,0.0,-5.551115123125783e-17,3.7340789048878067,-16.30084274757164
22.40000000000005,0.0,403.0,418.84988353024113,411.897451902718,1.1918294323841303,PILOT_DESC_MINPAY_ACC,caténaire,,16.532155368065318,0.5,16.532155368065318,0.2392901398028675,-0.9709481082906151,0.03684549378882284,-0.9993209742557482,29.8776580693949,-407.61213816756344,0.0,-25.0,-0.01842274689441142,0.4996604871278741,0.008591488201164758,33.329351543062764,8.829000000000008,-0.009831258693246662,1.203019063211741e-05,3.9559817692670767,-16.051864980589556,0.01842274689441142,-0.4996604871278741,0.25817089168629814,0.0,-5.551115123125783e-17,3.974404516161488,-16.29335457603113
22.50000000000005,0.0,403.0,418.96900086414416,411.91344059144876,1.1911733390303452,PILOT_DESC_MINPAY_ACC,caténaire,,16.564100353712814,0.5,16.564100353712814,0.24126184334526565,-0.9704600573674551,0.03653626341806328,-0.9993323278346627,29.876578452660144,-407.6628150059926,0.0,-25.0,-0.01826813170903164,0.4996661639173314,0.008643884132052583,33.32934626833706,8.829000000000008,-0.009624247576979056,1.2432254386851582e-05,3.99628538469272,-16.074797779504422,0.01826813170903164,-0.4996661639173314,0.25824431328558295,0.0,5.551115123125783e-17,4.014553516401752,-16.31621963013617
22.60000000000005,0.0,403.0,419.08806551987584,411.15419875647854,1.1906465573166756,PILOT_DESC_MINPAY_ACC,caténaire,,16.680734497752287,0.5,16.680734497752287,0.26349089494639866,-0.964661882879357,0.036344212923819556,-0.9993393308516121,29.87549562784286,-407.71349184027775,0.0,-25.0,-0.018172106461909778,0.49966966542580604,0.008695331081827082,33.32934081737886,8.829000000000008,-0.009476775380082696,1.048280466164897e-05,4.3952216611760155,-16.091268748412364,0.018172106461909778,-0.49966966542580604,0.25831770241507124,0.0,-5.551115123125783e-17,4.413393767637925,-16.3326207114231
22.700000000000053,0.0,403.0,419.20710607381574,410.3285426372264,1.1904055393989106,PILOT_DESC_MINPAY_ACC,caténaire,,16.767806428618254,0.5,16.767806428618254,0.2079242185740965,-0.978144937793143,0.03704701888269881,-0.9993135235710086,29.87440964410045,-407.7641686710686,0.0,-25.0,-0.018523509441349405,0.4996567617855043,0.008746138867983219,33.329336221117025,8.829000000000008,-0.009777370573366187,-7.017097480854773e-06,3.486433048872162,-16.401344976048264,0.018523509441349405,-0.4996567617855043,0.2583910766886856,0.0,-5.551115123125783e-17,3.504956558313512,-16.642610661145085
22.800000000000054,0.0,403.0,419.326142332696,411.0465223892253,1.1903625888026952,PILOT_DESC_MINPAY_ACC,caténaire,,16.67554352105643,0.5,16.67554352105643,0.26133729019773877,-0.9652475437690079,0.03745649126564038,-0.9992982594111065,29.873320401234515,-407.8148455041985,0.0,-25.0,-0.01872824563282019,0.49964912970555325,0.008798713355646408,33.32933929782799,8.829000000000008,-0.009929532277173782,-1.1572466462439479e-05,4.357941356367347,-16.09602742471291,0.01872824563282019,-0.49964912970555325,0.25846444831490906,0.0,0.0,4.376669602000167,-16.337212106103554
22.900000000000055,0.0,403.0,419.44515625546666,411.7811962959462,1.190139227706346,PILOT_DESC_MINPAY_ACC,caténaire,,16.383051376132975,0.5,16.383051376132975,0.30371226275657054,-0.9527638015013397,0.03707754859367087,-0.9993123912922744,29.87222784852449,-407.86552234118585,0.0,-25.0,-0.018538774296835436,0.4996561956461372,0.008852267281772274,33.329344371795656,8.829000000000008,-0.009686507015063161,5.674417877798987e-07,4.9757336043024925,-15.609178309316208,0.018538774296835436,-0.4996561956461372,0.2585378061735906,0.0,0.0,4.9942723785993275,-15.850296698788755
23.000000000000057,0.0,403.0,419.5640915591255,411.2408735417963,1.1893530365882565,PILOT_DESC_MINPAY_ACC,caténaire,,16.36704623735095,0.5,16.36704623735095,0.320125573081959,-0.9473751197170777,0.036705170932447434,-0.999326138168526,29.871132066978788,-407.9161991779841,0.0,-25.0,-0.018352585466223717,0.499663069084263,0.008904667044776804,33.329344123035824,8.829000000000008,-0.009447918421446913,7.192120079935194e-06,5.239510056390894,-15.505732388525303,0.018352585466223717,-0.499663069084263,0.2586111155729863,0.0,-5.551115123125783e-17,5.257862641857118,-15.74678434203658
23.10000000000006,0.0,403.0,419.68295288656935,412.33217841061014,1.18861327443859,PILOT_DESC_MINPAY_ACC,caténaire,,16.37931481444168,0.5,16.37931481444168,0.30737594145408015,-0.9515881622925003,0.03643474512014574,-0.9993360342487555,29.87003313612695,-407.96687601238494,0.0,-25.0,-0.01821737256007287,0.49966801712437775,0.008955925110988066,33.329340969610605,8.829000000000008,-0.009261447449084803,8.986734975735544e-06,5.034607311461774,-15.586362083884886,0.01821737256007287,-0.49966801712437775,0.2586843793748873,0.0,5.551115123125783e-17,5.0528246840218465,-15.827345721634376
23.20000000000006,0.0,403.0,419.8017500715183,411.9743571189367,1.1879718494896299,PILOT_DESC_MINPAY_ACC,caténaire,,16.448011433527316,0.5,16.448011433527316,0.29799556344000616,-0.9545672549223932,0.036241227191076884,-0.9993430709479527,29.86893111812596,-408.0175528437902,0.0,-25.0,-0.018120613595538442,0.49967153547397636,0.009006314290113915,33.329337029306004,8.829000000000008,-0.009114299305424527,8.5647799750177e-06,4.9014344346016365,-15.70073312303431,0.018120613595538442,-0.49967153547397636,0.25875760364060657,0.0,0.0,4.919555048197175,-15.94164705486768
23.30000000000006,0.0,403.0,419.920503250332,412.41163616976564,1.187531788136517,PILOT_DESC_MINPAY_ACC,caténaire,,16.612179030848946,0.5,16.612179030848946,0.3279392795650936,-0.9446988032798217,0.03611345960544496,-0.9993476962675834,29.867826062025202,-408.0682296723406,0.0,-25.0,-0.01805672980272248,0.4996738481337917,0.009056040878869328,33.32933327405738,8.829000000000008,-0.009000688923853152,7.1221911639440805e-06,5.4477860233829585,-15.693505650313147,0.01805672980272248,-0.4996738481337917,0.2588308007818031,0.0,5.551115123125783e-17,5.465842753185681,-15.934348697665135
23.400000000000063,0.0,403.0,420.03924964031046,412.0422470932638,1.1874638997844205,PILOT_DESC_MINPAY_ACC,caténaire,,16.61980650816962,0.5,16.61980650816962,0.34202110855789736,-0.9396922694695465,0.03602648587082259,-0.9993508354505936,29.866718005694803,-408.1189064985169,0.0,-25.0,-0.018013242935411296,0.4996754177252968,0.009105281973188181,33.32933015128838,8.829000000000008,-0.008907960962223115,5.5690136733232976e-06,5.684324645941931,-15.61750369580665,0.018013242935411296,-0.4996754177252968,0.2589039937384941,0.0,5.551115123125783e-17,5.702337888877342,-15.858275119793452
23.500000000000064,0.0,403.0,420.1579914293327,411.90615436585705,1.1874178902226125,PILOT_DESC_MINPAY_ACC,caténaire,,16.53429172519569,0.5,16.53429172519569,0.33765800458192435,-0.9412688627282606,0.03596908334905808,-0.9993529031543504,29.865606980044085,-408.16958332283684,0.0,-25.0,-0.01798454167452904,0.4996764515771752,0.00915414722245169,33.329327709524634,8.829000000000008,-0.00883039445207735,4.161101799127209e-06,5.582935951105,-15.563213968192237,0.01798454167452904,-0.4996764515771752,0.2589771838592455,0.0,1.1102230246251565e-16,5.6009204927795295,-15.803913235910168
23.600000000000065,0.0,403.0,420.2767119583235,411.0183281969018,1.1872052899079704,PILOT_DESC_MINPAY_ACC,caténaire,,16.573971493820498,0.5,16.573971493820498,0.31398906968549306,-0.9494265975408728,0.03593460514776516,-0.9993541435111349,29.86449301092855,-408.22026014576977,0.0,-25.0,-0.01796730257388258,0.49967707175556747,0.00920271604377597,33.32932588506202,8.829000000000008,-0.008764586530106611,2.9568175818894815e-06,5.20404589033858,-15.735769363117411,0.01796730257388258,-0.49967707175556747,0.25905036087572864,0.0,-5.551115123125783e-17,5.2220131929124625,-15.97639607399725
23.700000000000067,0.0,403.0,420.3954212732692,411.01426185346156,1.1870931494569326,PILOT_DESC_MINPAY_ACC,caténaire,,16.652592723526006,0.5,16.652592723526006,0.30410654234043843,-0.952638027220068,0.03590206176769823,-0.9993553131698597,29.86337612028417,-408.2709369677171,0.0,-25.0,-0.017951030883849115,0.49967765658492985,0.009251049980497864,33.32932458862514,8.829000000000008,-0.008699980903351251,2.245210062312708e-06,5.064162394155038,-15.863893080239073,0.017951030883849115,-0.49967765658492985,0.2591235309800932,0.0,0.0,5.082113425038887,-16.104447205843908
23.800000000000068,0.0,403.0,420.51413620405805,412.25773233752125,1.1871493078884976,PILOT_DESC_MINPAY_ACC,caténaire,,16.280965374862692,0.5,16.280965374862692,0.2906218833666568,-0.9568379804901231,0.03587555578797118,-0.9993562650511097,29.862256329646154,-408.321613788916,0.0,-25.0,-0.01793777789398559,0.4996781325255549,0.009299152837259333,33.32932360420344,8.829000000000008,-0.008638625056726256,1.73672898284849e-06,4.731604820269923,-15.578246029713238,0.01793777789398559,-0.4996781325255549,0.25919670454595384,0.0,5.551115123125783e-17,4.749542598163909,-15.818727457692841
23.90000000000007,0.0,403.0,420.63278184806273,411.7415898539749,1.1864564400468016,PILOT_DESC_MINPAY_ACC,caténaire,,16.083002813905566,0.5,16.083002813905566,0.3103663116720096,-0.9506170378123426,0.0358672099888096,-0.9993565646192647,29.861133659466454,-408.37229060953604,0.0,-25.0,-0.0179336049944048,0.49967828230963235,0.009347039872997908,33.329322842745874,8.829000000000008,-0.008586565121406892,1.1250554976527383e-06,4.991622263962422,-15.28877649408248,0.0179336049944048,-0.49967828230963235,0.2592698354047933,0.0,5.551115123125783e-17,5.009555868956827,-15.529184940987319
24.00000000000007,0.0,403.0,420.7513255260504,412.9058384845097,1.1854367798762655,PILOT_DESC_MINPAY_ACC,caténaire,,16.1272360651969,0.5,16.1272360651969,0.3427246924062357,-0.9394358866974645,0.035856391060429385,-0.9993569528552455,29.86000812709838,-408.422967429781,0.0,-25.0,-0.017928195530214693,0.49967847642762275,0.009394760195510509,33.32932234941349,8.829000000000008,-0.008533435334704183,8.258411057227022e-07,5.527202019807358,-15.150504312887579,0.017928195530214693,-0.49967847642762275,0.2593429034137704,0.0,0.0,5.545130215337573,-15.39083988590143
24.100000000000072,0.0,403.0,420.8697862660287,412.38107665501724,1.1846073997833673,PILOT_DESC_MINPAY_ACC,caténaire,,16.25346893782326,0.5,16.25346893782326,0.3541215955562564,-0.9351993881310504,0.035842435111941184,-0.9993574534896141,29.85887975025186,-408.4736442497507,0.0,-25.0,-0.017921217555970592,0.49967872674480707,0.009442305626362243,33.32932198730243,8.829000000000008,-0.008478911929608349,7.140472249034246e-07,5.755704353586025,-15.200234205659347,0.017921217555970592,-0.49967872674480707,0.25941592030137767,0.0,5.551115123125783e-17,5.773625571141996,-15.440497012102778
24.200000000000074,0.0,403.0,420.988197593276,411.7329439043103,1.1841132724733248,PILOT_DESC_MINPAY_ACC,caténaire,,16.215174302406503,0.5,16.215174302406503,0.3415659657661862,-0.9398578036225547,0.03582005130405736,-0.9993582560446354,29.857748547101362,-408.52432106948237,0.0,-25.0,-0.01791002565202868,0.4996791280223177,0.009489666130011183,33.3293216742405,8.829000000000008,-0.008420359522017497,8.022628037451796e-07,5.538551670668522,-15.239958105216665,0.01791002565202868,-0.4996791280223177,0.2594889067319421,0.0,0.0,5.55646169632055,-15.480148326507042
24.300000000000075,0.0,403.0,421.1065567751853,411.3681606957584,1.1835918190929744,PILOT_DESC_MINPAY_ACC,caténaire,,16.278373681303705,0.5,16.278373681303705,0.3386932631894083,-0.940896845286512,0.03580322260728333,-0.9993588590946363,29.856614537164358,-408.57499788894665,0.0,-25.0,-0.017901611303641665,0.49967942954731814,0.009536816832060311,33.329321322522475,8.829000000000008,-0.008364794471581354,7.520697877794191e-07,5.513375501537333,-15.316270443133641,0.017901611303641665,-0.49967942954731814,0.2595618610211381,0.0,5.551115123125783e-17,5.531277112840975,-15.556388011659822
24.400000000000077,0.0,403.0,421.2248816513603,412.1019938467629,1.1832487617497076,PILOT_DESC_MINPAY_ACC,caténaire,,16.160440962606266,0.5,16.160440962606266,0.31234378622162423,-0.949969135924289,0.035782886367358,-0.999359587457498,29.85547773896253,-408.62567470816026,0.0,-25.0,-0.017891443183679,0.499679793728749,0.009583772084838878,33.329320992786826,8.829000000000008,-0.008307671098840121,7.865155708941529e-07,5.047613317271471,-15.35192013740256,0.017891443183679,-0.499679793728749,0.2596347941649492,0.0,0.0,5.065504760455149,-15.59196513696636
24.500000000000078,0.0,403.0,421.34315205116917,411.7026032822108,1.1827039980888479,PILOT_DESC_MINPAY_ACC,caténaire,,16.246737212107554,0.5,16.246737212107554,0.29449375402760464,-0.9556534041370482,0.03579083118217025,-0.9993593029552933,29.854338171537005,-408.6763515271117,0.0,-25.0,-0.017895415591085127,0.49967965147764665,0.009630520810835328,33.329320647947654,8.829000000000008,-0.008264894780249799,2.994252952248644e-07,4.784562632293533,-15.526249722870642,0.017895415591085127,-0.49967965147764665,0.2597076937305916,0.0,5.551115123125783e-17,4.802458047884619,-15.766221680617695
24.60000000000008,0.0,403.0,421.4613906669823,411.83002856742837,1.18238615813164,PILOT_DESC_MINPAY_ACC,caténaire,,16.398475006725985,0.5,16.398475006725985,0.2946640616156772,-0.9556009056045063,0.03575488795114673,-0.9993605895709521,29.85319584914655,-408.72702834596333,0.0,-25.0,-0.017877443975573365,0.49968029478547604,0.009677141690714196,33.329320516651556,8.829000000000008,-0.008200302284859169,8.114370260159376e-07,4.832041249785048,-15.670397566960213,0.017877443975573365,-0.49968029478547604,0.2597805737051996,0.0,5.551115123125783e-17,4.849918693760621,-15.91029728804049
24.70000000000008,0.0,403.0,421.57963101036984,412.21196692249504,1.1824034338752247,PILOT_DESC_MINPAY_ACC,caténaire,,16.233296189104042,0.5,16.233296189104042,0.29028716315558917,-0.9569395816388203,0.0357215712117275,-0.9993617810133453,29.852050793322004,-408.7777051645445,0.0,-25.0,-0.01786078560586375,0.49968089050667264,0.009723509471309672,33.32932016089596,8.829000000000008,-0.008137276134554077,1.0514026271835064e-06,4.7123174993994486,-15.534283663820277,0.01786078560586375,-0.49968089050667264,0.2598534547446507,0.0,5.551115123125783e-17,4.730178285005312,-15.7741110995823
24.800000000000082,0.0,403.0,421.69783985856975,411.7714994068185,1.1820884819991055,PILOT_DESC_MINPAY_ACC,caténaire,,16.319608753570616,0.5,16.319608753570616,0.3165150448516327,-0.948587490104402,0.03572976309432917,-0.9993614881659304,29.85090302507208,-408.82838198277517,0.0,-25.0,-0.017864881547164584,0.4996807440829652,0.009769630422261815,33.32931969986423,8.829000000000008,-0.008095251124902768,4.439471865680389e-07,5.165401696597501,-15.480576707035379,0.017864881547164584,-0.4996807440829652,0.259926316371083,0.0,5.551115123125783e-17,5.183266578144665,-15.720331134747262
24.900000000000084,0.0,403.0,421.81603760952527,411.9447492139555,1.18197750955488,PILOT_DESC_MINPAY_ACC,caténaire,,16.25766337765518,0.5,16.25766337765518,0.3596752422075899,-0.9330775531234858,0.03571914072841287,-0.9993618678865147,29.84975255840511,-408.8790588008579,0.0,-25.0,-0.017859570364206434,0.49968093394325735,0.009815621460169234,33.329319505237955,8.829000000000008,-0.0080439489040372,4.391812069570733e-07,5.847479013087591,-15.169660763927801,0.017859570364206434,-0.49968093394325735,0.2599991711573904,0.0,-5.551115123125783e-17,5.8653385834517975,-15.409342526713667
25.000000000000085,0.0,403.0,421.9342129699268,412.2003492053919,1.1817536040153065,PILOT_DESC_MINPAY_ACC,caténaire,,16.0064357462752,0.5,16.0064357462752,0.38552881642088904,-0.922695795866172,0.03569193014134966,-0.9993628400750074,29.84859941042184,-408.9297356187942,0.0,-25.0,-0.01784596507067483,0.4996814200375037,0.009861428012114695,33.329319312705245,8.829000000000008,-0.007984537058560134,7.327427411496501e-07,6.170942228378488,-14.769070969890143,0.01784596507067483,-0.4996814200375037,0.2600720121425975,0.0,-5.551115123125783e-17,6.188788193449163,-15.00868037778505
25.100000000000087,0.0,403.0,422.05231791947676,412.0243908449726,1.1810494954995774,PILOT_DESC_MINPAY_ACC,caténaire,,15.919895147261794,0.5,15.919895147261794,0.384278742146977,-0.923217118739648,0.035674452450633665,-0.9993634641322184,29.84744360092622,-408.9804124364863,0.0,-25.0,-0.017837226225316832,0.4996817320661092,0.009907001696690712,33.329318991418624,8.829000000000008,-0.00793022452862612,7.234847245740639e-07,6.117677282301526,-14.697519728492336,0.017837226225316832,-0.4996817320661092,0.2601448097279302,0.0,0.0,6.1355145085268425,-14.937056650830517
25.200000000000088,0.0,403.0,422.1703421774555,411.95400605615146,1.1802425797875455,PILOT_DESC_MINPAY_ACC,caténaire,,15.896392868898936,0.5,15.896392868898936,0.35803796759043566,-0.9337070278003214,0.035649524560216236,-0.9993643536761908,29.84628514802242,-409.0310892539372,0.0,-25.0,-0.017824762280108118,0.4996821768380954,0.009952369374442178,33.32931867416958,8.829000000000008,-0.00787239290566594,8.510076625611873e-07,5.691512194799669,-14.84257373836585,0.017824762280108118,-0.4996821768380954,0.26021755757655357,0.0,-5.551115123125783e-17,5.709336957079778,-15.082038357627393
25.30000000000009,0.0,403.0,422.28828909901887,412.8733682719635,1.1794692156336588,PILOT_DESC_MINPAY_ACC,caténaire,,15.805677605447379,0.5,15.805677605447379,0.32010107334928234,-0.9473833980182668,0.03565488712465556,-0.9993641623673165,29.845124070987655,-409.0817660711044,0.0,-25.0,-0.01782744356232778,0.49968208118365826,0.00999750871497946,33.32931830106735,8.829000000000008,-0.00782993484734832,3.8225100240651955e-07,5.05941436651642,-14.97403655782996,0.01782744356232778,-0.49968208118365826,0.26029025775652026,0.0,-5.551115123125783e-17,5.077241810078748,-15.2134283812571
25.40000000000009,0.0,403.0,422.40614826135334,412.70242995564104,1.1785916233444933,PILOT_DESC_MINPAY_ACC,caténaire,,15.768950059781508,0.5,15.768950059781508,0.30895781851086557,-0.9510757416636212,0.035638358861679036,-0.9993647519187607,29.843960383974604,-409.1324428881442,0.0,-25.0,-0.017819179430839518,0.49968237595938036,0.01004250591557013,33.329318133433055,8.829000000000008,-0.0077766735152693875,5.093924286825313e-07,4.871940410676878,-14.997465873363302,0.017819179430839518,-0.49968237595938036,0.26036290384341143,0.0,-5.551115123125783e-17,4.889759590107717,-15.236785345479271
25.500000000000092,0.0,403.0,422.523921081596,411.9198434305836,1.17772820242624,PILOT_DESC_MINPAY_ACC,caténaire,,15.781037908957886,0.5,15.781037908957886,0.327919795949338,-0.9447055665256474,0.03562417856910047,-0.9993652575016188,29.84279410473705,-409.18311970501424,0.0,-25.0,-0.017812089284550234,0.4996826287508094,0.010087297039808004,33.32931791009511,8.829000000000008,-0.007724792244742229,5.388459101141052e-07,5.174914730974238,-14.908434358144778,0.017812089284550234,-0.4996826287508094,0.2604354967107227,0.0,-5.551115123125783e-17,5.192726820258788,-15.147681490184864
25.600000000000094,0.0,403.0,422.64161859838117,412.99108447627094,1.1769751678517948,PILOT_DESC_MINPAY_ACC,caténaire,,15.685969447559064,0.5,15.685969447559064,0.35524267971442,-0.9347741109537201,0.03560051931460803,-0.9993661005980392,29.841625250568747,-409.2337965217046,0.0,-25.0,-0.017800259657304016,0.4996830502990196,0.010131888015071876,33.32931767382196,8.829000000000008,-0.007668371642232139,7.241209729613729e-07,5.572325820469402,-14.662838144789239,0.017800259657304016,-0.4996830502990196,0.26050804316245285,0.0,-5.551115123125783e-17,5.590126080126706,-14.902013151925805
25.700000000000095,0.0,403.0,422.75922931534956,413.5289250760551,1.1761071696840524,PILOT_DESC_MINPAY_ACC,caténaire,,15.847303460677402,0.5,15.847303460677402,0.3565847661655593,-0.9342629739739521,0.03558189210928197,-0.999366763983035,29.840453840276563,-409.28447333815365,0.0,-25.0,-0.017790946054640985,0.4996833819915175,0.010176250570650892,33.32931735634862,8.829000000000008,-0.007614695483990092,7.383401268157286e-07,5.65090699888031,-14.805548860640172,0.017790946054640985,-0.4996833819915175,0.26058053611247034,0.0,-5.551115123125783e-17,5.668697944934951,-15.044651706519218
25.800000000000097,0.0,403.0,422.8767941664103,412.6044405158156,1.1756485106073855,PILOT_DESC_MINPAY_ACC,caténaire,,15.574359716275096,0.5,15.574359716275096,0.33365866953846,-0.9426939547073719,0.03557459354807851,-0.9993670238175207,29.83927989175255,-409.33515015435654,0.0,-25.0,-0.017787296774039254,0.49968351190876037,0.01022039849622704,33.329317032594595,8.829000000000008,-0.007566898277812213,5.445033508522101e-07,5.196520141845736,-14.681854752970553,0.017787296774039254,-0.49968351190876037,0.2606530007916377,0.0,5.551115123125783e-17,5.214307438619775,-14.920885264087675
25.900000000000098,0.0,403.0,422.99426313666663,412.4136989192238,1.1746897025628538,PILOT_DESC_MINPAY_ACC,caténaire,,15.645860172071124,0.5,15.645860172071124,0.3096095027861698,-0.9508637945491987,0.03557937929402284,-0.9993668534472473,29.838103420929112,-409.38582697037793,0.0,-25.0,-0.01778968964701142,0.49968342672362365,0.010264363965742086,33.32931679385404,8.829000000000008,-0.0075253256812693355,2.205776539199178e-07,4.844106988536877,-14.877081972201728,0.01778968964701142,-0.49968342672362365,0.260725406371749,0.0,0.0,4.861896678183888,-15.1160399925536
26.0000000000001,0.0,403.0,423.1116601016805,412.6339531803027,1.173969650139066,PILOT_DESC_MINPAY_ACC,caténaire,,15.720377176122454,0.5,15.720377176122454,0.3227311139173368,-0.9464906909788786,0.035546952948792634,-0.9993680073606801,29.836924441663783,-409.43650378632583,0.0,-25.0,-0.017773476474396317,0.49968400368034005,0.010308181473499935,33.32931669717645,8.829000000000008,-0.007465295000896382,7.008567877164751e-07,5.073454837250677,-14.879190655876734,0.017773476474396317,-0.49968400368034005,0.26079776756923445,0.0,-5.551115123125783e-17,5.091228313725073,-15.118076891987839
26.1000000000001,0.0,403.0,423.22900715288586,412.91896397105666,1.17347051205337,PILOT_DESC_MINPAY_ACC,caténaire,,15.554246651493632,0.5,15.554246651493632,0.34909986286765843,-0.9370855274444174,0.035527688609559946,-0.9993686923963859,29.835742973966784,-409.4871806020401,0.0,-25.0,-0.017763844304779973,0.49968434619819296,0.010351741655678662,33.32931638987183,8.829000000000008,-0.007412102649101311,7.360700138292486e-07,5.429985373046162,-14.575659427415474,0.017763844304779973,-0.49968434619819296,0.2608700980008227,0.0,-1.1102230246251565e-16,5.4477492173509425,-14.814473675612843
26.200000000000102,0.0,403.0,423.34627604320355,412.9274475919455,1.1726889031766212,PILOT_DESC_MINPAY_ACC,caténaire,,15.536754138331847,0.5,15.536754138331847,0.3534181734401429,-0.9354654428049349,0.03553511369480239,-0.9993684284060096,29.834559035568905,-409.53785741750903,0.0,-25.0,-0.017767556847401195,0.4996842142030048,0.010395082323884034,33.32931606716459,8.829000000000008,-0.0073724745235171606,2.8136759055996663e-07,5.490971268757823,-14.534096589766007,0.017767556847401195,-0.4996842142030048,0.2609423802555657,0.0,0.0,5.508738825605224,-14.772838423713445
26.300000000000104,0.0,403.0,423.463471077999,412.88924697831504,1.171950347954467,PILOT_DESC_MINPAY_ACC,caténaire,,15.469150329213978,0.5,15.469150329213978,0.32945679442523995,-0.944170652269517,0.03553431860002416,-0.9993684566773318,29.833372639679517,-409.5885342328842,0.0,-25.0,-0.01776715930001208,0.4996842283386659,0.010438281090334732,33.32931594379412,8.829000000000008,-0.007328878209677347,1.7213277914152059e-07,5.096416679944983,-14.605517756389176,0.01776715930001208,-0.4996842283386659,0.2610146169872064,0.0,0.0,5.114183839244995,-14.844187367740636
26.400000000000105,0.0,403.0,423.58058610995965,412.7123120370211,1.1711503196065927,PILOT_DESC_MINPAY_ACC,caténaire,,15.649032485013159,0.5,15.649032485013159,0.2919306522884273,-0.9564394880254858,0.03551385518732621,-0.9993691840805045,29.832183800830723,-409.6392110482019,0.0,-25.0,-0.017756927593663104,0.49968459204025223,0.010481313187106881,33.32931586827644,8.829000000000008,-0.007275614406556222,4.603166843253348e-07,4.5684322610326795,-14.967352618060183,0.017756927593663104,-0.49968459204025223,0.26108680440666165,0.0,0.0,4.586189188626343,-15.205950405693773
26.500000000000107,0.0,403.0,423.69766510381294,412.77495615481973,1.17078993853302,PILOT_DESC_MINPAY_ACC,caténaire,,15.58642856543999,0.5,15.58642856543999,0.2791996021975888,-0.960233087397382,0.03546796933891396,-0.9993708136377477,29.830992536777128,-409.6898878633662,0.0,-25.0,-0.01773398466945698,0.49968540681887386,0.010524120096600711,33.32931566647226,8.829000000000008,-0.007209864572856269,1.073291130637699e-06,4.351724655151981,-14.966604422891189,0.01773398466945698,-0.49968540681887386,0.26115896961293095,0.0,1.1102230246251565e-16,4.3694586398214375,-15.205130860097132
26.600000000000108,0.0,403.0,423.8146991307244,412.7391220099718,1.1703402691145426,PILOT_DESC_MINPAY_ACC,caténaire,,15.59907627041478,0.5,15.59907627041478,0.29299859281046975,-0.9561128723174293,0.035450520587640505,-0.9993714327466368,29.829798869435344,-409.74056467817275,0.0,-25.0,-0.017725260293820252,0.4996857163733184,0.010566626216598507,33.32931519587,8.829000000000008,-0.007158634077221745,9.122433155539511e-07,4.570507396374722,-14.914477618404927,0.017725260293820252,-0.4996857163733184,0.2612311071024551,0.0,-5.551115123125783e-17,4.588232656668541,-15.15293222767579
26.70000000000011,0.0,403.0,423.93169520521315,413.07342991513036,1.1699607448870393,PILOT_DESC_MINPAY_ACC,caténaire,,15.69100307895625,0.5,15.69100307895625,0.33548607722660995,-0.9420451645155348,0.03543381445617399,-0.9993720252203807,29.8286028158822,-409.7912414926752,0.0,-25.0,-0.017716907228086994,0.49968601261019036,0.010608915060351583,33.32931479592538,8.829000000000008,-0.007107992167735411,8.08535560281598e-07,5.264113070709691,-14.781633576929103,0.017716907228086994,-0.49968601261019036,0.26130322119884686,0.0,5.551115123125783e-17,5.281829977937778,-15.020016368340446
26.80000000000011,0.0,403.0,424.04867549630274,413.287430768738,1.1698029108958532,PILOT_DESC_MINPAY_ACC,caténaire,,15.742441618828433,0.5,15.742441618828433,0.36854688666607055,-0.9296091610611132,0.03542080507979387,-0.9993724863970888,29.827404392998332,-409.84191830690816,0.0,-25.0,-0.017710402539896936,0.4996862431985444,0.010650988302001233,33.32931444136613,8.829000000000008,-0.007059414237895703,6.845646680631035e-07,5.8018278471415945,-14.634317946332652,0.017710402539896936,-0.4996862431985444,0.26137532556665943,0.0,5.551115123125783e-17,5.819538249681491,-14.872628863964538
26.900000000000112,0.0,403.0,424.16565185859304,414.2160197557367,1.1697636229031014,PILOT_DESC_MINPAY_ACC,caténaire,,15.732084240277032,0.5,15.732084240277032,0.3872959406381568,-0.9219554513994727,0.03540958833499363,-0.9993728838896654,29.826203616976386,-409.8925951209129,0.0,-25.0,-0.017704794167496814,0.4996864419448327,0.010692856414995441,33.329314141239436,8.829000000000008,-0.007011937752501373,5.831842599945958e-07,6.092972364036815,-14.50428082719914,0.017704794167496814,-0.4996864419448327,0.26144742751283684,0.0,5.551115123125783e-17,6.110677158204312,-14.742519841631138
27.000000000000114,0.0,403.0,424.28262260216815,413.05058332603716,1.1697074357512975,PILOT_DESC_MINPAY_ACC,caténaire,,15.517503828518409,0.5,15.517503828518409,0.3827564819050955,-0.923849271017537,0.03541427675501187,-0.9993727177594551,29.825000503641856,-409.94327193472327,0.0,-25.0,-0.017707138377505934,0.49968635887972757,0.010734524255481041,33.329313885526105,8.829000000000008,-0.006972614122024892,2.4440582535589783e-07,5.939425173352556,-14.335834599988571,0.017707138377505934,-0.49968635887972757,0.26151952599574785,0.0,5.551115123125783e-17,5.957132311730062,-14.574001432872551
27.100000000000115,0.0,403.0,424.39954536162156,412.8303873906814,1.169227594534178,PILOT_DESC_MINPAY_ACC,caténaire,,15.528029914675104,0.5,15.528029914675104,0.35119995144778055,-0.9363004828061751,0.03539003557258308,-0.9993735764878775,29.82379506610262,-409.99394874845217,0.0,-25.0,-0.01769501778629154,0.49968678824393875,0.010776038765996003,33.32931377838073,8.829000000000008,-0.0069189790202955365,5.666246636337746e-07,5.45344335211358,-14.53890190613903,0.01769501778629154,-0.49968678824393875,0.26159159490218303,0.0,0.0,5.4711383698998715,-14.776997099480784
27.200000000000117,0.0,403.0,424.5164270294995,412.98036489328604,1.168816678779434,PILOT_DESC_MINPAY_ACC,caténaire,,15.682427600389296,0.5,15.682427600389296,0.32907497373306993,-0.9443037973356769,0.035369670193018586,-0.9993742974633864,29.82258732223704,-410.0446255619922,0.0,-25.0,-0.017684835096509293,0.4996871487316932,0.01081731313574237,33.329313529920086,8.829000000000008,-0.006867521960766922,6.786517730006381e-07,5.1606944506688786,-14.80897593448944,0.017684835096509293,-0.4996871487316932,0.26166363848057317,0.0,0.0,5.178379285765388,-15.04699944474056
27.300000000000118,0.0,403.0,424.6333025835386,413.24709336474086,1.1687555403908396,PILOT_DESC_MINPAY_ACC,caténaire,,15.630196102095091,0.5,15.630196102095091,0.3043541451086896,-0.9525589505931686,0.035348599497482563,-0.9993750429711392,29.821377289197475,-410.09530237530595,0.0,-25.0,-0.017674299748741282,0.4996875214855696,0.010858358559937305,33.32931323233557,8.829000000000008,-0.006815941188803977,7.538211335145206e-07,4.757114972534324,-14.888683196577135,0.017674299748741282,-0.4996875214855696,0.2617356782905125,0.0,0.0,4.774789272283065,-15.126635039772193
27.40000000000012,0.0,403.0,424.7501621779917,413.7513640591622,1.1685959445312006,PILOT_DESC_MINPAY_ACC,caténaire,,15.574945337862754,0.5,15.574945337862754,0.3119106387437646,-0.950111442641576,0.03533491623159695,-0.9993755268641042,29.820164984177513,-410.14597918836847,0.0,-25.0,-0.017667458115798475,0.4996877634320521,0.010899172549926998,33.32931290185227,8.829000000000008,-0.006768285565871477,6.652843111965012e-07,4.8579911487319904,-14.79793378402047,0.017667458115798475,-0.4996877634320521,0.2618077082632745,0.0,0.0,4.8756586068477885,-15.035813839189247
27.50000000000012,0.0,403.0,424.86699634796145,413.8526047775901,1.1683416996974505,PILOT_DESC_MINPAY_ACC,caténaire,,15.613914486809378,0.5,15.613914486809378,0.35009169953387687,-0.9367154327315643,0.03531972636800394,-0.9993760638164642,29.818950423062365,-410.19665600120925,0.0,-25.0,-0.01765986318400197,0.4996880319082321,0.010939776937220352,33.32931261017459,8.829000000000008,-0.0067200862467816196,6.420828171371795e-07,5.466301859063716,-14.625794665145287,0.01765986318400197,-0.4996880319082321,0.2618797225648813,0.0,-5.551115123125783e-17,5.4839617222477175,-14.863602974488638
27.600000000000122,0.0,403.0,424.9838154191469,413.46328606977477,1.168190711854023,PILOT_DESC_MINPAY_ACC,caténaire,,15.525298635054964,0.5,15.525298635054964,0.37361310027006517,-0.9275846329616453,0.03530155610328256,-0.9993767058205263,29.817733621918467,-410.247332813836,0.0,-25.0,-0.01765077805164128,0.49968835291026314,0.010980166856425187,33.32931232866563,8.829000000000008,-0.006670611195216093,6.815758837319663e-07,5.800454955661496,-14.401028436017391,0.01765077805164128,-0.49968835291026314,0.26195172755989216,0.0,-5.551115123125783e-17,5.818105733713137,-14.638765061367764
27.700000000000124,0.0,403.0,425.10060316780005,413.9100713594284,1.1678774865315982,PILOT_DESC_MINPAY_ACC,caténaire,,15.500166753823839,0.5,15.500166753823839,0.37276322475283735,-0.9279264940025506,0.03529622033190816,-0.9993768942847746,29.816514597237504,-410.29800962623557,0.0,-25.0,-0.01764811016595408,0.4996884471423873,0.011020333017476258,33.329312029810026,8.829000000000008,-0.00662777714847782,4.769524082348653e-07,5.777892143362093,-14.38301539233065,0.01764811016595408,-0.4996884471423873,0.2620237132483056,0.0,5.551115123125783e-17,5.795540253528047,-14.620680126224732
27.800000000000125,0.0,403.0,425.217357689466,413.40722040888556,1.1675452166596167,PILOT_DESC_MINPAY_ACC,caténaire,,15.384501508555864,0.5,15.384501508555864,0.3449900150179783,-0.9386063549422063,0.03528455084291544,-0.9993773063622237,29.815293363297492,-410.34868643847614,0.0,-25.0,-0.01764227542145772,0.49968865318111183,0.011060313885525976,33.3293118206784,8.829000000000008,-0.0065819615359317424,4.7385950097122986e-07,5.307499406480797,-14.439990883548495,0.01764227542145772,-0.49968865318111183,0.2620956784562528,0.0,-1.1102230246251565e-16,5.325141681902255,-14.677583858273353
27.900000000000126,0.0,403.0,425.3340591635785,414.3847469156918,1.167014741125362,PILOT_DESC_MINPAY_ACC,caténaire,,15.195431149177237,0.5,15.195431149177237,0.3122680952491477,-0.9499940192914212,0.03527648384886812,-0.9993775911472403,29.814069935370302,-410.39936325055874,0.0,-25.0,-0.01763824192443406,0.49968879557362017,0.011100090022700293,33.32931161289264,8.829000000000008,-0.0065381519017337665,4.08466249268713e-07,4.745048341443144,-14.435568712272943,0.01763824192443406,-0.49968879557362017,0.2621676109667236,0.0,5.551115123125783e-17,4.762686583367578,-14.673089896879839
28.000000000000128,0.0,403.0,425.4506750707217,413.45275083895166,1.1661590714315615,PILOT_DESC_MINPAY_ACC,caténaire,,15.30503523348574,0.5,15.30503523348574,0.3109031972338199,-0.9504415826076786,0.035248564926345746,-0.9993785762515792,29.812844328059143,-410.4500400625052,0.0,-25.0,-0.017624282463172873,0.4996892881257896,0.011139672093136816,33.329311433818546,8.829000000000008,-0.006484610370036057,7.219443247663548e-07,4.758384387866979,-14.546541909180469,0.017624282463172873,-0.4996892881257896,0.2622394907353849,0.0,0.0,4.776008670330151,-14.783991706570873
28.10000000000013,0.0,403.0,425.56723587842345,414.6653826743593,1.165608077017901,PILOT_DESC_MINPAY_ACC,caténaire,,15.145966954169513,0.5,15.145966954169513,0.33985456559557786,-0.940478003062188,0.03523347555154228,-0.999379108347057,29.811616559211192,-410.500716874211,0.0,-25.0,-0.01761673777577114,0.4996895541735285,0.011178999607090756,33.32931111724246,8.829000000000008,-0.006437738168680382,6.714159823673072e-07,5.147426019734257,-14.244448755503234,0.01761673777577114,-0.4996895541735285,0.26231133654182615,0.0,0.0,5.165042757510029,-14.481826973134936
28.20000000000013,0.0,403.0,425.6837152731108,413.3269680302872,1.1647939468736468,PILOT_DESC_MINPAY_ACC,caténaire,,15.119054574493257,0.5,15.119054574493257,0.3523766564201944,-0.9358582649152191,0.03521954698587349,-0.9993795993065446,29.81038664445052,-410.551393685693,0.0,-25.0,-0.017609773492936746,0.4996897996532723,0.011218111402119806,33.32931082287307,8.829000000000008,-0.00639166209081694,6.225263362580336e-07,5.327601899194379,-14.149292181243766,0.017609773492936746,-0.4996897996532723,0.26238313216687453,0.0,-5.551115123125783e-17,5.345211672687316,-14.386598848730163
28.300000000000132,0.0,403.0,425.8001160038683,413.4166915356173,1.1640073075750819,PILOT_DESC_MINPAY_ACC,caténaire,,15.126226644390604,0.5,15.126226644390604,0.3429933879509943,-0.9393378177322037,0.03521603791128528,-0.9993797229651155,29.80915459913582,-410.60207049696743,0.0,-25.0,-0.01760801895564264,0.49968986148255773,0.011257010835850888,33.32931054988789,8.829000000000008,-0.006351008119791753,4.113704434871579e-07,5.188195723674133,-14.208636726664585,0.01760801895564264,-0.49968986148255773,0.2624548793050122,0.0,0.0,5.205803742629776,-14.44587170884213
28.400000000000134,0.0,403.0,425.91644736188033,413.8246925036631,1.16331358011998,PILOT_DESC_MINPAY_ACC,caténaire,,15.051509421101791,0.5,15.051509421101791,0.3149815953304181,-0.949097779263604,0.03519309834282848,-0.9993805310436221,29.80792043681841,-410.6527473081048,0.0,-25.0,-0.01759654917141424,0.49969026552181106,0.011295729536291108,33.32931036954271,8.829000000000008,-0.006300819635123132,6.350645165298374e-07,4.740948449589459,-14.285354166132922,0.01759654917141424,-0.49969026552181106,0.26252658368314385,0.0,0.0,4.758544998760874,-14.52251784797159
28.500000000000135,0.0,403.0,426.0327013314647,413.66988865936133,1.162539695843398,PILOT_DESC_MINPAY_ACC,caténaire,,15.020487846829717,0.5,15.020487846829717,0.30319140932160354,-0.9529296770032823,0.03518770815325866,-0.9993807208441241,29.80668417422779,-410.70342411903044,0.0,-25.0,-0.01759385407662933,0.49969036042206205,0.011334207951037763,33.32931009109933,8.829000000000008,-0.006259646125591567,4.5152138739013026e-07,4.5540828789783205,-14.313468632311169,0.01759385407662933,-0.49969036042206205,0.26259824036055945,0.0,5.551115123125783e-17,4.57167673305495,-14.550560752372672
28.600000000000136,0.0,403.0,426.1488794377563,413.2817944045503,1.1617810629159888,PILOT_DESC_MINPAY_ACC,caténaire,,14.886646410293803,0.5,14.886646410293803,0.3171993958477675,-0.9483588684004652,0.035181464405212505,-0.9993809406639217,29.805445825088462,-410.7541009298056,0.0,-25.0,-0.017590732202606253,0.49969047033196085,0.011372499709923586,33.32930989310844,8.829000000000008,-0.006218232492682666,3.634403924479557e-07,4.7220352475445315,-14.117883143944079,0.017590732202606253,-0.49969047033196085,0.26266985027732226,0.0,0.0,4.739625979747138,-14.354903763998717
28.700000000000138,0.0,403.0,426.2649624895149,413.623613841735,1.1608305175860154,PILOT_DESC_MINPAY_ACC,caténaire,,14.697699872580237,0.5,14.697699872580237,0.32861684248905343,-0.9444633242389693,0.03514406881360172,-0.999382256410041,29.804205403204968,-410.8047777404596,0.0,-25.0,-0.01757203440680086,0.4996911282050205,0.011410602066169468,33.32930973377362,8.829000000000008,-0.0061614323406313926,8.619786342478619e-07,4.82991172397908,-13.881438480323807,0.01757203440680086,-0.4996911282050205,0.2627414016043266,0.0,0.0,4.847483758385881,-14.1183882069245
28.80000000000014,0.0,403.0,426.38092219371214,413.6336190143162,1.1595970419724269,PILOT_DESC_MINPAY_ACC,caténaire,,14.975584788026753,0.5,14.975584788026753,0.31577677093113277,-0.9488335106541647,0.03514615611469928,-0.9993821830062618,29.802962927510695,-410.85545455082627,0.0,-25.0,-0.01757307805734964,0.4996910915031309,0.01144841922996811,33.329309355811404,8.829000000000008,-0.006124658827381531,4.4731452675250694e-07,4.72894180716848,-14.209336688522528,0.01757307805734964,-0.4996910915031309,0.26281287690230193,0.0,0.0,4.74651488522583,-14.446214903123357
28.90000000000014,0.0,403.0,426.49682645303875,413.99451173167046,1.1590425932663149,PILOT_DESC_MINPAY_ACC,caténaire,,15.001863732873513,0.5,15.001863732873513,0.2875013580931774,-0.9577802300604136,0.03511124576605905,-0.999383410118837,29.80171841026348,-410.90613136104383,0.0,-25.0,-0.017555622883029524,0.4996917050594185,0.011486072692622692,33.32930915968976,8.829000000000008,-0.006069550190406833,8.64749168272283e-07,4.313056197129919,-14.368488497406569,0.017555622883029524,-0.4996917050594185,0.26288431802514145,0.0,-5.551115123125783e-17,4.330611820012948,-14.605295884440846
29.000000000000142,0.0,403.0,426.61268605883,415.08969733563885,1.1585960579120624,PILOT_DESC_MINPAY_ACC,caténaire,,14.9148500427755,0.5,14.9148500427755,0.27715782565885033,-0.9608244062658162,0.03509224107951627,-0.9993840776278241,29.800471869832865,-410.95680817097315,0.0,-25.0,-0.017546120539758136,0.49969203881391205,0.011523448342873834,33.32930878053122,8.829000000000008,-0.006022672196884302,8.193451250804173e-07,4.133767407883468,-14.330551936893453,0.017546120539758136,-0.49969203881391205,0.26295573162441344,0.0,-5.551115123125783e-17,4.151313528423226,-14.56728824408295
29.100000000000144,0.0,403.0,426.7284880648845,414.4938956669337,1.1580200605455997,PILOT_DESC_MINPAY_ACC,caténaire,,14.765022152267719,0.5,14.765022152267719,0.2995508118149666,-0.9540803483674708,0.03510647827121961,-0.9993835776034107,29.799223321844853,-411.00748498062933,0.0,-25.0,-0.017553239135609806,0.49969178880170534,0.011560595333195024,33.3293084212615,8.829000000000008,-0.005992643802414783,2.100631988355417e-07,4.422874372177761,-14.087017478689008,0.017553239135609806,-0.49969178880170534,0.2630271097203321,0.0,0.0,4.44042761131337,-14.323682157770381
29.200000000000145,0.0,403.0,426.8442082569008,414.6848257053804,1.1572019201630863,PILOT_DESC_MINPAY_ACC,caténaire,,14.913805973476032,0.5,14.913805973476032,0.3251220933273753,-0.945672049090183,0.03510128377201596,-0.9993837600629483,29.797972776308907,-411.0581617902155,0.0,-25.0,-0.01755064188600798,0.49969188003147413,0.011597616443509332,33.3293083291449,8.829000000000008,-0.0059530254424986495,2.0917637044703952e-07,4.8488078175748415,-14.10356945467049,0.01755064188600798,-0.49969188003147413,0.2630984373876748,0.0,0.0,4.86635845946085,-14.34016289731429
29.300000000000146,0.0,403.0,426.9598845644474,414.51303018773774,1.156763075465902,PILOT_DESC_MINPAY_ACC,caténaire,,14.889846419823654,0.5,14.889846419823654,0.31670221850066055,-0.9485250153774333,0.03508033543516902,-0.9993844956100509,29.796720246431146,-411.10883859973194,0.0,-25.0,-0.01754016771758451,0.49969224780502547,0.01163445139816434,33.32930823747691,8.829000000000008,-0.005905716319420171,4.85281923090497e-07,4.715647394292269,-14.12339180433085,0.01754016771758451,-0.49969224780502547,0.263169738005487,0.0,5.551115123125783e-17,4.733187562009853,-14.359914314130389
29.400000000000148,0.0,403.0,427.07551657556144,413.91022884009686,1.1563201111405,PILOT_DESC_MINPAY_ACC,caténaire,,14.946926937188868,0.5,14.946926937188868,0.28318025124218604,-0.9590667053476584,0.03508020261402479,-0.9993845002723221,29.79546574798128,-411.1595154090866,0.0,-25.0,-0.017540101307012394,0.49969225013616103,0.011671051331098326,33.329308024681566,8.829000000000008,-0.005869049975914068,2.7481772235660173e-07,4.232674525371742,-14.335099972721894,0.017540101307012394,-0.49969225013616103,0.2632410113198429,0.0,0.0,4.250214626678754,-14.57155121153821
29.50000000000015,0.0,403.0,427.19112012760036,415.33906752061455,1.1560355203889856,PILOT_DESC_MINPAY_ACC,caténaire,,14.822319741154931,0.5,14.822319741154931,0.2668902749550365,-0.963726922491234,0.03506421127400217,-0.9993850614691678,29.79420929318142,-411.2101922183497,0.0,-25.0,-0.017532105637001087,0.4996925307345839,0.011707480972861489,33.32930790415237,8.829000000000008,-0.005824624664139598,4.348869495629515e-07,3.9559329911883045,-14.284668588324307,0.017532105637001087,-0.4996925307345839,0.2633122670925805,0.0,5.551115123125783e-17,3.9734650968253056,-14.521048851966311
29.60000000000015,0.0,403.0,427.30667313674326,415.12730854269665,1.1555300914290372,PILOT_DESC_MINPAY_ACC,caténaire,,14.694000739325993,0.5,14.694000739325993,0.27429990967168827,-0.9616441959238893,0.0350300573949674,-0.9993862592005682,29.792950896840008,-411.2608690274678,0.0,-25.0,-0.0175150286974837,0.4996931296002841,0.011743690987037063,33.329307713488944,8.829000000000008,-0.005771337710446639,8.430892179944749e-07,4.03056307551284,-14.13040052587418,0.0175150286974837,-0.4996931296002841,0.26338349171166364,0.0,5.551115123125783e-17,4.048078104210324,-14.3667101637628
29.700000000000152,0.0,403.0,427.42215498529674,414.9144639210735,1.1548184855349832,PILOT_DESC_MINPAY_ACC,caténaire,,14.915566783324973,0.5,14.915566783324973,0.31070903374500725,-0.9505050743416598,0.035023409463302714,-0.9993864921988719,29.791690576719358,-411.31154583630484,0.0,-25.0,-0.017511704731651357,0.49969324609943594,0.011779624877121272,33.32930734382621,8.829000000000008,-0.005732079854530085,5.899256336761027e-07,4.6344013430060285,-14.177321914232294,0.017511704731651357,-0.49969324609943594,0.2634546724687486,0.0,-5.551115123125783e-17,4.65191304773768,-14.413560487862982
29.800000000000153,0.0,403.0,427.5376170944655,414.5747070269387,1.1546210916871367,PILOT_DESC_MINPAY_ACC,caténaire,,14.811273332638065,0.5,14.811273332638065,0.3331970544830875,-0.9428572123517932,0.034987297305137215,-0.9993877570929524,29.790428345905422,-411.3622226449453,0.0,-25.0,-0.017493648652568607,0.4996938785464762,0.011815368670641454,33.329307085196874,8.829000000000008,-0.005678279981927154,9.637433393550054e-07,4.935072647578906,-13.96491588579158,0.017493648652568607,-0.4996938785464762,0.2635258410588621,0.0,-5.551115123125783e-17,4.952566296231475,-14.201083923279196
29.900000000000155,0.0,403.0,427.65304057154225,414.54903500071777,1.1542347707679488,PILOT_DESC_MINPAY_ACC,caténaire,,14.900362622915674,0.5,14.900362622915674,0.3425023050007884,-0.939516988174853,0.03499181894864135,-0.999387598785709,29.789164222331493,-411.41289945326446,0.0,-25.0,-0.017495909474320673,0.4996937993928545,0.011850830369764915,33.329306662597,8.829000000000008,-0.005645079104555759,4.6198984193779324e-07,5.1034085436962116,-13.999143814194886,0.017495909474320673,-0.4996937993928545,0.2635969858369084,0.0,-5.551115123125783e-17,5.1209044531705326,-14.235240627750832
30.000000000000156,0.0,403.0,427.7684470897606,414.244185057455,1.1540651821839552,PILOT_DESC_MINPAY_ACC,caténaire,,14.774812528062283,0.5,14.774812528062283,0.3307530770341451,-0.9437173316372042,0.034981530794880304,-0.9993879589545028,29.78789821706453,-411.46357626142964,0.0,-25.0,-0.017490765397440152,0.4996939794772514,0.011886137395614385,33.329306460045146,8.829000000000008,-0.005604628001825767,4.3952238826250323e-07,4.886814706259236,-13.943246654422872,0.017490765397440152,-0.4996939794772514,0.2636681201618453,0.0,5.551115123125783e-17,4.904305471656676,-14.179272513738278
30.100000000000158,0.0,403.0,427.88381322725496,414.92340231191565,1.1536613749433577,PILOT_DESC_MINPAY_ACC,caténaire,,14.564890330163895,0.5,14.564890330163895,0.3017191653280709,-0.9533968456386525,0.034953025083124915,-0.999388956331587,29.786630343588232,-411.51425306944833,0.0,-25.0,-0.017476512541562458,0.4996944781657935,0.011921243374487338,33.32930626736294,8.829000000000008,-0.005555269167075119,7.455287232005503e-07,4.394506553511942,-13.886120497851168,0.017476512541562458,-0.4996944781657935,0.26373922959689233,0.0,-1.1102230246251565e-16,4.411983066053504,-14.12207574642007
30.20000000000016,0.0,403.0,427.9991010300282,415.52273680941147,1.1528780277322623,PILOT_DESC_MINPAY_ACC,caténaire,,14.714274956618018,0.5,14.714274956618018,0.2884922208729032,-0.957482239258682,0.03496131214867036,-0.9993886664620744,29.785360618355547,-411.5649298772185,0.0,-25.0,-0.01748065607433518,0.4996943332310372,0.011956091266893405,33.32930594046862,8.829000000000008,-0.005524564807441776,2.7369964783474643e-07,4.244953860769273,-14.088656934530567,0.01748065607433518,-0.4996943332310372,0.2638102907479464,0.0,0.0,4.262434516843609,-14.324540977013658
30.30000000000016,0.0,403.0,428.11434820096093,415.01207915837296,1.152471709327437,PILOT_DESC_MINPAY_ACC,caténaire,,14.752373490517833,0.5,14.752373490517833,0.3069759064750934,-0.9517172861957456,0.034925869386219874,-0.9993899057162908,29.784089051601256,-411.61560668489744,0.0,-25.0,-0.017462934693109937,0.4996949528581454,0.011990796990736904,33.32930582046282,8.829000000000008,-0.005472137702373033,7.733209557159171e-07,4.528623224910849,-14.04008886334169,0.017462934693109937,-0.4996949528581454,0.26388132685432714,0.0,0.0,4.546086159603958,-14.27590248934551
30.400000000000162,0.0,403.0,428.2295664155213,414.6218345793405,1.1521821456032229,PILOT_DESC_MINPAY_ACC,caténaire,,14.87999647705151,0.5,14.87999647705151,0.34898176158832145,-0.9371295161709037,0.034912235445596136,-0.9993903820910983,29.782815660801067,-411.6662834923186,0.0,-25.0,-0.017456117722798068,0.49969519104554916,0.012025222948139966,33.329305481381006,8.829000000000008,-0.005430894774658102,6.724265446678146e-07,5.192847382989453,-13.944483899164032,0.017456117722798068,-0.49969519104554916,0.26395234511256527,0.0,0.0,5.210303500712251,-14.180226745097015
30.500000000000163,0.0,403.0,428.3447840866349,414.9571956715241,1.1521767111359684,PILOT_DESC_MINPAY_ACC,caténaire,,14.99620886838497,0.5,14.99620886838497,0.38121818563796006,-0.9244850971967594,0.03489452410531452,-0.9993910006536298,29.78154045970262,-411.7169602995156,0.0,-25.0,-0.01744726205265726,0.4996955003268149,0.012059438232433871,33.329305186563026,8.829000000000008,-0.005387823820223387,6.868898339007501e-07,5.7168275362536045,-13.863771613271785,0.01744726205265726,-0.4996955003268149,0.2640233630358334,0.0,0.0,5.734274798306262,-14.099443750562767
30.600000000000165,0.0,403.0,428.46002450392274,416.3162042003182,1.1524041728785177,PILOT_DESC_MINPAY_ACC,caténaire,,14.842388570569371,0.5,14.842388570569371,0.39901995400280765,-0.9169422426236002,0.03488218151492898,-0.9993914315285874,29.780263462662898,-411.7676371064837,0.0,-25.0,-0.01744109075746449,0.4996957157642937,0.01209343019500378,33.32930488538958,8.829000000000008,-0.0053476605624607106,6.01153871571114e-07,5.922409204720388,-13.609613061788771,0.01744109075746449,-0.4996957157642937,0.2640943949793993,0.0,-5.551115123125783e-17,5.939850295477853,-13.845214382573666
30.700000000000166,0.0,403.0,428.5752546216133,415.2962458710783,1.1523011769055351,PILOT_DESC_MINPAY_ACC,caténaire,,14.587786651389939,0.5,14.587786651389939,0.3881459479269615,-0.9215979183504487,0.03486529594255631,-0.9993920207500349,29.778984683069655,-411.81831391325136,0.0,-25.0,-0.017432647971278154,0.49969601037501743,0.012127216071861057,33.32930462182544,8.829000000000008,-0.005305431899417097,6.322004537651083e-07,5.662190277960023,-13.44407381126143,0.017432647971278154,-0.49969601037501743,0.2641654205744945,0.0,0.0,5.679622925931301,-13.679604401061953
30.800000000000168,0.0,403.0,428.6904245422915,415.1697465556214,1.1516992067824996,PILOT_DESC_MINPAY_ACC,caténaire,,14.470035641829465,0.5,14.470035641829465,0.34503501206559417,-0.9385898148013833,0.03487862355139317,-0.9993915557073514,29.777704134999112,-411.8689907198083,0.0,-25.0,-0.017439311775696586,0.4996957778536757,0.012160781724965826,33.329304344653174,8.829000000000008,-0.00527853005073076,1.2250684022774294e-07,4.992668922268208,-13.581428073234132,0.017439311775696586,-0.4996957778536757,0.26423640906532636,0.0,-5.551115123125783e-17,5.010108234043904,-13.816887442022482
30.90000000000017,0.0,403.0,428.8055167285706,415.42840247570206,1.1509218627905395,PILOT_DESC_MINPAY_ACC,caténaire,,14.647068347171999,0.5,14.647068347171999,0.31557664719336187,-0.9489000894436654,0.03486896668816737,-0.9993918926837957,29.776421827418552,-411.9196675263244,0.0,-25.0,-0.017434483344083686,0.49969594634189785,0.012194223214292785,33.32930429089357,8.829000000000008,-0.0052402601297909,2.3723545439224836e-07,4.622272720212556,-13.898604464718991,0.017434483344083686,-0.49969594634189785,0.26430734964219216,0.0,-1.1102230246251565e-16,4.63970720355664,-14.133993061418696
31.00000000000017,0.0,403.0,428.92057435363097,415.6575882404465,1.1505762506038364,PILOT_DESC_MINPAY_ACC,caténaire,,14.449438712322715,0.5,14.449438712322715,0.3056447096399002,-0.9521456356404419,0.03483916927931711,-0.99939293187611,29.775137773084616,-411.97034433276144,0.0,-25.0,-0.017419584639658554,0.499696465938055,0.012227467669028335,33.32930418688854,8.829000000000008,-0.005192116970630219,6.528265927840948e-07,4.41639449968741,-13.75797000739212,0.017419584639658554,-0.499696465938055,0.26437826891619737,0.0,5.551115123125783e-17,4.433814084327069,-13.993288204413977
31.100000000000172,0.0,403.0,429.0355613409594,414.8010241430164,1.149869873284277,PILOT_DESC_MINPAY_ACC,caténaire,,14.533158803284827,0.5,14.533158803284827,0.32167822990929057,-0.9468490462594478,0.03483848045295292,-0.999392955888588,29.773851988045024,-412.02102113898087,0.0,-25.0,-0.01741924022647646,0.499696477944294,0.012260451334169305,33.3293039006691,8.829000000000008,-0.005158788892307156,3.7861338597622307e-07,4.675000798831287,-13.760707552027336,0.01741924022647646,-0.499696477944294,0.26444914465048364,0.0,0.0,4.6924200390577635,-13.995954885321146
31.200000000000173,0.0,403.0,429.15050149174505,414.7577863441917,1.1494015078561035,PILOT_DESC_MINPAY_ACC,caténaire,,14.296919481642448,0.5,14.296919481642448,0.35872040077564854,-0.9334450568016085,0.034814494317473306,-0.9993937917484873,29.772564483409134,-412.0716979450741,0.0,-25.0,-0.017407247158736653,0.49969689587424365,0.012293267278041694,33.329303734679776,8.829000000000008,-0.005113979880694959,6.305540125595144e-07,5.1285966863119565,-13.345388817629757,0.017407247158736653,-0.49969689587424365,0.26451999151563915,0.0,5.551115123125783e-17,5.146003933470693,-13.580565721988362
31.300000000000175,0.0,403.0,429.2653522352687,414.97356723178945,1.1485074352369733,PILOT_DESC_MINPAY_ACC,caténaire,,14.462691106232246,0.5,14.462691106232246,0.3831670163318653,-0.9236790771665969,0.03479547804479512,-0.9993944540108446,29.771275274113282,-412.12237475095714,0.0,-25.0,-0.01739773902239756,0.4996972270054223,0.012325841472711789,33.32930345818043,8.829000000000008,-0.00507189754968577,6.85185845838987e-07,5.541626199304414,-13.35888517435015,0.01739773902239756,-0.4996972270054223,0.2645907832719038,0.0,5.551115123125783e-17,5.559023938326812,-13.593991618083667
31.400000000000176,0.0,403.0,429.3801556601758,415.15105673724463,1.1480342490706659,PILOT_DESC_MINPAY_ACC,caténaire,,14.477189859166478,0.5,14.477189859166478,0.3863367957976449,-0.9223577831908879,0.03476520180328802,-0.9993955076662977,29.769984374184915,-412.17305155661177,0.0,-25.0,-0.01738260090164401,0.49969775383314885,0.01235819018743679,33.32930315775471,8.829000000000008,-0.005024410714207221,9.115878469856398e-07,5.593071142344535,-13.353148745334394,0.01738260090164401,-0.49969775383314885,0.26466154586189683,0.0,-5.551115123125783e-17,5.61045374324618,-13.588184953305646
31.500000000000178,0.0,403.0,429.4949193917758,415.1043399639276,1.1476373160003526,PILOT_DESC_MINPAY_ACC,caténaire,,14.25562919142974,0.5,14.25562919142974,0.3586963874086209,-0.9334542847188632,0.03474523554185524,-0.9993962020175688,29.768691799452977,-412.2237283619625,0.0,-25.0,-0.01737261777092762,0.4996981010087844,0.012390277829569838,33.32930275803447,8.829000000000008,-0.004982339941357782,8.590432472033172e-07,5.113442691202728,-13.306978150103394,0.01737261777092762,-0.4996981010087844,0.26473228398571036,0.0,0.0,5.130815308973656,-13.541943967126468
31.60000000000018,0.0,403.0,429.60960308107366,415.74546368901656,1.1468368929787074,PILOT_DESC_MINPAY_ACC,caténaire,,14.076168100292847,0.5,14.076168100292847,0.332747280401885,-0.9430160377136485,0.03474667580275556,-0.9993961519440918,29.76739756394106,-412.27440516702694,0.0,-25.0,-0.01737333790137778,0.4996980759720459,0.012422137875240786,33.329302381418145,8.829000000000008,-0.004951200026136995,4.573901861704144e-07,4.683806653852213,-13.274052268129415,0.01737333790137778,-0.4996980759720459,0.26480297277301135,0.0,-1.1102230246251565e-16,4.701179991753591,-13.508947371328448
31.70000000000018,0.0,403.0,429.72417883399567,415.6584457971184,1.14575752921982,PILOT_DESC_MINPAY_ACC,caténaire,,14.334204744750462,0.5,14.334204744750462,0.3230894160940689,-0.9463684426310893,0.034754746619521056,-0.9993958713079683,29.766101678029134,-412.3250819719389,0.0,-25.0,-0.017377373309760528,0.4996979356539841,0.012453839320533977,33.3293021808851,8.829000000000008,-0.00492353398922655,1.1653907705522215e-07,4.6312298411542585,-13.565439020644666,0.017377373309760528,-0.4996979356539841,0.2648735950304373,0.0,0.0,4.648607214464019,-13.800263361268213
31.800000000000182,0.0,403.0,429.8387090455144,415.2448780556258,1.1453021151872507,PILOT_DESC_MINPAY_ACC,caténaire,,14.325476119901433,0.5,14.325476119901433,0.33522374111915504,-0.9421385478739727,0.03474647932153448,-0.9993961587752668,29.76480415093921,-412.375758776812,0.0,-25.0,-0.01737323966076724,0.4996980793876334,0.012485403688039659,33.329302129742445,8.829000000000008,-0.004887835972727583,2.091300714823774e-07,4.802239698226476,-13.496583269207209,0.01737323966076724,-0.4996980793876334,0.2649441892170313,0.0,0.0,4.819612937887243,-13.73133715937781
31.900000000000183,0.0,403.0,429.95319651813287,414.9142401669162,1.1448747261844339,PILOT_DESC_MINPAY_ACC,caténaire,,14.491952683669155,0.5,14.491952683669155,0.339056987379758,-0.9407658365974831,0.03473801974710857,-0.9993964528574482,29.763504994570628,-412.4264355816154,0.0,-25.0,-0.017369009873554286,0.4996982264287241,0.012516778714512998,33.32930203807447,8.829000000000008,-0.004852231159041287,2.645031855763591e-07,4.913597818174862,-13.633533990383153,0.017369009873554286,-0.4996982264287241,0.26501475706020144,0.0,5.551115123125783e-17,4.930966828048416,-13.868217459751675
32.000000000000185,0.0,403.0,430.0676788152277,415.5540328491725,1.1448229709483404,PILOT_DESC_MINPAY_ACC,caténaire,,14.380517483706036,0.5,14.380517483706036,0.37149677298102873,-0.9284342452024709,0.03469281059065382,-0.9993980232586619,29.76220422079166,-412.47711238633065,0.0,-25.0,-0.01734640529532691,0.49969901162933095,0.012547964136769865,33.329301922106254,8.829000000000008,-0.0047984411585570465,9.337355777461198e-07,5.342315838994056,-13.351364895605549,0.01734640529532691,-0.49969901162933095,0.2650853217132799,0.0,0.0,5.359662244289383,-13.585978585521602
32.100000000000186,0.0,403.0,430.18213416157244,416.63208751642463,1.144553463447326,PILOT_DESC_MINPAY_ACC,caténaire,,14.211112790221788,0.5,14.211112790221788,0.3918235127596074,-0.9200403984873282,0.03466797378416158,-0.9993988851273052,29.760901847532306,-412.5277891907346,0.0,-25.0,-0.01733398689208079,0.4996994425636526,0.012578842007124162,33.329301512665914,8.829000000000008,-0.004755144884956628,9.55229559451709e-07,5.568248133687687,-13.074797874464021,0.01733398689208079,-0.4996994425636526,0.2651558697544422,0.0,5.551115123125783e-17,5.585582120579768,-13.309341447273232
32.20000000000019,0.0,403.0,430.2965313656749,416.3126592209948,1.143972041024626,PILOT_DESC_MINPAY_ACC,caténaire,,14.028109369885073,0.5,14.028109369885073,0.3905724541270677,-0.9205721905842907,0.03469431682054356,-0.9993979709707018,29.759597889224658,-412.5784659948202,0.0,-25.0,-0.01734715841027178,0.4996989854853509,0.012609478700120089,33.329301093879344,8.829000000000008,-0.004737679710151691,7.93646890429045e-08,5.478993103358926,-12.913887372391116,0.01734715841027178,-0.4996989854853509,0.26522638195786125,0.0,0.0,5.496340261769197,-13.148359975918606
32.30000000000019,0.0,403.0,430.4108396355535,415.7265536053153,1.1430826987855411,PILOT_DESC_MINPAY_ACC,caténaire,,14.255685397620088,0.5,14.255685397620088,0.3578529526289682,-0.9337779523498773,0.03467818496543236,-0.9993985308611892,29.75829235169044,-412.6291427988793,0.0,-25.0,-0.01733909248271618,0.4996992654305946,0.01264003992612355,33.32930105903654,8.829000000000008,-0.00469905255659263,3.244671233915142e-07,5.101439111288015,-13.311644719933732,0.01733909248271618,-0.4996992654305946,0.26529683934396087,0.0,0.0,5.118778203770732,-13.546047146020365
32.40000000000019,0.0,403.0,430.52511337438875,415.76345549160095,1.1427373883527865,PILOT_DESC_MINPAY_ACC,caténaire,,14.40749813273017,0.5,14.40749813273017,0.3341129555313994,-0.9425330407715546,0.03464935556283981,-0.9993995307979088,29.756985247805368,-412.67981960283026,0.0,-25.0,-0.017324677781419905,0.4996997653989544,0.012670388520198519,33.329300916824074,8.829000000000008,-0.0046542892612213855,6.822230176339872e-07,4.813731782939596,-13.579543024952663,0.017324677781419905,-0.4996997653989544,0.26536727544579947,0.0,0.0,4.831056460721015,-13.813875514905819
32.50000000000019,0.0,403.0,430.6393863924728,417.69335743982197,1.1427301808400174,PILOT_DESC_MINPAY_ACC,caténaire,,14.332644104127388,0.5,14.332644104127388,0.30042532560471885,-0.9538053384917169,0.034627869944256255,-0.9994002754768101,29.75567659249054,-412.7304964065538,0.0,-25.0,-0.017313934972128128,0.49970013773840505,0.012700483884098498,33.32930061766944,8.829000000000008,-0.00461345108802963,7.554078393923191e-07,4.305889271759025,-13.670552461218534,0.017313934972128128,-0.49970013773840505,0.26543771110338116,0.0,5.551115123125783e-17,4.3232032067311525,-13.904814887853558
32.60000000000019,0.0,403.0,430.7536437858144,415.6059319369663,1.1425739334160894,PILOT_DESC_MINPAY_ACC,caténaire,,14.313582412179615,0.5,14.313582412179615,0.28702913255487705,-0.9579218533183148,0.03462414352575044,-0.9994004045852234,29.754366399358688,-412.78117321002554,0.0,-25.0,-0.01731207176287522,0.4997002022926117,0.012730350413083904,33.3293002864385,8.829000000000008,-0.004581721349791316,4.887311035872699e-07,4.108415143520659,-13.711293391899533,0.01731207176287522,-0.4997002022926117,0.26550813713017657,0.0,-5.551115123125783e-17,4.1257272152835345,-13.945485457061968
32.700000000000195,0.0,403.0,430.86788329938776,415.57027829578306,1.1423951357337647,PILOT_DESC_MINPAY_ACC,caténaire,,14.228159249099926,0.5,14.228159249099926,0.30440655826663143,-0.9525422023638973,0.03463197592230425,-0.9994001332017706,29.753054678986384,-412.83185001333436,0.0,-25.0,-0.017315987961152125,0.4997000666008853,0.012760046245218709,33.32930007214779,8.829000000000008,-0.004555941715933416,1.3874866766627747e-07,4.331144987488048,-13.5529221467219,0.017315987961152125,-0.4997000666008853,0.2655785521362319,0.0,0.0,4.3484609754492,-13.787043661186553
32.800000000000196,0.0,403.0,430.9820896314636,415.62071285151035,1.142063320758886,PILOT_DESC_MINPAY_ACC,caténaire,,14.219131643898887,0.5,14.219131643898887,0.31419400378190365,-0.9493587983410156,0.034593504466152544,-0.9994014656026629,29.751741439966843,-412.88252681659696,0.0,-25.0,-0.017296752233076272,0.4997007328013314,0.012789609293663731,33.32930001135981,8.829000000000008,-0.004507142939412541,7.441611344916055e-07,4.467565901498553,-13.499057730904557,0.017296752233076272,-0.4997007328013314,0.26564894668985983,0.0,0.0,4.484862653731629,-13.733109517016029
32.9000000000002,0.0,403.0,431.09626428967397,416.0861873955342,1.1417465821035109,PILOT_DESC_MINPAY_ACC,caténaire,,14.249617814778421,0.5,14.249617814778421,0.323186681374103,-0.9463352307625421,0.034596190329868166,-0.9994013726299656,29.75042669856632,-412.9332036196115,0.0,-25.0,-0.017298095164934083,0.4997006863149828,0.012818889351065102,33.32929968506369,8.829000000000008,-0.004479205813868981,3.713786611569958e-07,4.605286692407535,-13.484915363026369,0.017298095164934083,-0.4997006863149828,0.2657193217203354,0.0,0.0,4.622584787572469,-13.718896727621017
33.0000000000002,0.0,403.0,431.2104165337428,415.9673620265646,1.141522440688124,PILOT_DESC_MINPAY_ACC,caténaire,,14.057337342752591,0.5,14.057337342752591,0.336307759024229,-0.9417521389516994,0.03459040500148201,-0.9994015728834098,29.749110464097193,-412.98388042250224,0.0,-25.0,-0.017295202500741003,0.4997007864417049,0.012848021085936821,33.329299522214704,8.829000000000008,-0.004447181414804182,3.086564035470474e-07,4.7275916195887335,-13.238527510502852,0.017295202500741003,-0.4997007864417049,0.2657896829351718,0.0,5.551115123125783e-17,4.744886822089475,-13.472438614009386
33.1000000000002,0.0,403.0,431.3245101441756,416.9605197939584,1.1409361043280548,PILOT_DESC_MINPAY_ACC,caténaire,,14.048583319870625,0.5,14.048583319870625,0.3216321139344577,-0.9468647122403769,0.03456620590461757,-0.9994024101478641,29.74779274723426,-413.0345572252901,0.0,-25.0,-0.017283102952308785,0.49970120507393206,0.012876977252021297,33.329299386881075,8.829000000000008,-0.004406125700287488,5.919550005728524e-07,4.51847555095435,-13.302107802554259,0.017283102952308785,-0.49970120507393206,0.2658600080093795,0.0,-1.1102230246251565e-16,4.535758653906659,-13.535948999618812
33.2000000000002,0.0,403.0,431.43854922879916,417.1677003013732,1.1403908462355707,PILOT_DESC_MINPAY_ACC,caténaire,,14.09362414640156,0.5,14.09362414640156,0.2892716765331166,-0.9572470408184713,0.0345421691259175,-0.9994032412155149,29.74647356166276,-413.08523402788063,0.0,-25.0,-0.01727108456295875,0.49970162060775747,0.012905698242350763,33.32929912735454,8.829000000000008,-0.004365386320607989,7.479622894379645e-07,4.076886285257193,-13.491080008550647,0.01727108456295875,-0.49970162060775747,0.26593029947494273,0.0,0.0,4.094157369820151,-13.72485132968346
33.3000000000002,0.0,403.0,431.55254824371946,415.96962202189576,1.1399901492028637,PILOT_DESC_MINPAY_ACC,caténaire,,13.965207829919223,0.5,13.965207829919223,0.2725309304913262,-0.962147021990679,0.03453914169342283,-0.999403345847452,29.74515292096249,-413.13591083022186,0.0,-25.0,-0.017269570846711414,0.499701672923726,0.012934185227923162,33.329298799413486,8.829000000000008,-0.004335385618788252,4.72337205792428e-07,3.8059510843926403,-13.436583125037693,0.017269570846711414,-0.499701672923726,0.26600056624232316,0.0,0.0,3.8232206552393517,-13.670284231719096
33.400000000000205,0.0,403.0,431.6664855080987,416.4803690244766,1.1393726437922165,PILOT_DESC_MINPAY_ACC,caténaire,,13.98313923488168,0.5,13.98313923488168,0.28697759166731823,-0.9579372953804575,0.034522220944281264,-0.9994039304811015,29.74383083513368,-413.18658763240563,0.0,-25.0,-0.017261110472140632,0.49970196524055077,0.012962507521712251,33.32929859230069,8.829000000000008,-0.00429860295042838,5.57541234513792e-07,4.012847621575132,-13.394970579590916,0.017261110472140632,-0.49970196524055077,0.2660707949478755,0.0,0.0,4.030108732047272,-13.628601749883591
33.500000000000206,0.0,403.0,431.7803707788111,416.8264750912935,1.138852707124402,PILOT_DESC_MINPAY_ACC,caténaire,,14.027688222451886,0.5,14.027688222451886,0.33140106210207676,-0.9434899766492569,0.034503710723664587,-0.9994045697045304,29.742507316437216,-413.2372644344036,0.0,-25.0,-0.017251855361832293,0.4997022848522652,0.012990620102999667,33.32929834787768,8.829000000000008,-0.004261235258832626,6.32729936000942e-07,4.648790775757348,-13.234983233444186,0.017251855361832293,-0.4997022848522652,0.26614099160554666,0.0,5.551115123125783e-17,4.66604263111918,-13.468544526690906
33.60000000000021,0.0,403.0,431.89421816064834,417.3682907359855,1.1384738183722207,PILOT_DESC_MINPAY_ACC,caténaire,,14.088434188048325,0.5,14.088434188048325,0.36513304542734154,-0.9309553475526927,0.034483264462024765,-0.9994052753873385,29.741182377329,-413.2879412361906,0.0,-25.0,-0.017241632231012383,0.49970263769366924,0.013018518357791373,33.32929807040636,8.829000000000008,-0.00422311387322101,7.081000177322494e-07,5.144152880384761,-13.115703146007766,0.017241632231012383,-0.49970263769366924,0.2662111649092547,0.0,5.551115123125783e-17,5.161394512615773,-13.34919461879218
33.70000000000021,0.0,403.0,432.0080435874082,417.1129963670657,1.1382542675989136,PILOT_DESC_MINPAY_ACC,caténaire,,13.810933947725541,0.5,13.810933947725541,0.38193844502165114,-0.9241877645881509,0.034479527338461824,-0.99940540432525,29.73985603051616,-413.3386180377416,0.0,-25.0,-0.017239763669230912,0.499702702162625,0.013046196556547252,33.32929775996148,8.829000000000008,-0.00419356711268366,4.6212409188228776e-07,5.274926636291027,-12.763896172023074,0.017239763669230912,-0.499702702162625,0.26628132468028176,0.0,0.0,5.292166399960258,-12.997317549505418
33.80000000000021,0.0,403.0,432.1217937503593,417.05045942835994,1.1375016295107292,PILOT_DESC_MINPAY_ACC,caténaire,,13.850707274834507,0.5,13.850707274834507,0.3683316424839791,-0.9296944665561122,0.03448885064889009,-0.9994050826271189,29.738528285847618,-413.38929483913853,0.0,-25.0,-0.017244425324445044,0.49970254131355946,0.013073710190336702,33.32929755733488,8.829000000000008,-0.004170715134108343,9.864843519835631e-08,5.101653760104592,-12.876925911302129,0.017244425324445044,-0.49970254131355946,0.26635143806016626,0.0,0.0,5.118898185429037,-13.110277014555523
33.90000000000021,0.0,403.0,432.23548412643845,416.73213566967337,1.1369037607913137,PILOT_DESC_MINPAY_ACC,caténaire,,13.771978363398162,0.5,13.771978363398162,0.32871051613896296,-0.944430726194175,0.03444413093088922,-0.9994066248751885,29.737199150940697,-413.4399716405026,0.0,-25.0,-0.01722206546544461,0.49970331243759425,0.013101102639508404,33.32929751411785,8.829000000000008,-0.004120962825936207,8.265554356512439e-07,4.5269941160872404,-13.006679526874592,0.01722206546544461,-0.49970331243759425,0.26642151458859004,0.0,5.551115123125783e-17,4.544216181552685,-13.239961324723597
34.00000000000021,0.0,403.0,432.3491049445107,416.8582278992157,1.1362081807224063,PILOT_DESC_MINPAY_ACC,caténaire,,13.822291384685688,0.5,13.822291384685688,0.2979206299608847,-0.9545906443307046,0.034457525403008685,-0.9994061631504486,29.7358686423795,-413.4906484415912,0.0,-25.0,-0.017228762701504342,0.4997030815752243,0.0131281964809815,33.32929715170785,8.829000000000008,-0.004100566220522843,2.3328306753001016e-07,4.117945756828469,-13.194630039033857,0.017228762701504342,-0.4997030815752243,0.26649154824281623,0.0,5.551115123125783e-17,4.135174519529973,-13.427841572366265
34.100000000000215,0.0,403.0,432.4626732190387,416.3320840459654,1.1356827452800071,PILOT_DESC_MINPAY_ACC,caténaire,,13.81547401959077,0.5,13.81547401959077,0.2963361071496527,-0.9550837196808402,0.03445910456711236,-0.9994061087027799,29.734536766962897,-413.541325242602,0.0,-25.0,-0.01722955228355618,0.49970305435138995,0.013155184001618025,33.32929704942255,8.829000000000008,-0.004074368281938155,1.0377393522276179e-07,4.094023789392693,-13.19493431578476,0.01722955228355618,-0.49970305435138995,0.2665615495102275,0.0,0.0,4.11125334167625,-13.428075820625923
34.200000000000216,0.0,403.0,432.5761928370328,416.3244074371197,1.1351961799410057,PILOT_DESC_MINPAY_ACC,caténaire,,13.785286155660556,0.5,13.785286155660556,0.32491754330785816,-0.9457423486609797,0.03442166544089739,-0.9994073988860974,29.73320353342353,-413.5920020435782,0.0,-25.0,-0.017210832720448696,0.4997036994430487,0.013182026548362672,33.32929700388764,8.829000000000008,-0.004028806172086024,7.033306772541437e-07,4.479081311493056,-13.037328905818102,0.017210832720448696,-0.4997036994430487,0.26663152078670105,0.0,0.0,4.496292144213505,-13.27040108447445
34.30000000000022,0.0,403.0,432.68966262277223,416.6663550279375,1.1346978573940076,PILOT_DESC_MINPAY_ACC,caténaire,,13.476325576958203,0.5,13.476325576958203,0.3418274948789836,-0.9397627167241518,0.03442084363134336,-0.9994074271905862,29.731868956948777,-413.64267884431996,0.0,-25.0,-0.01721042181567168,0.4997037135952931,0.013208595825427522,33.32929669553632,8.829000000000008,-0.004001825990244158,4.091316085919061e-07,4.606578612145196,-12.664548335661413,0.01721042181567168,-0.4997037135952931,0.26670146134754574,0.0,0.0,4.623789033960867,-12.89755058790916
34.40000000000022,0.0,403.0,432.8030257636569,417.1086671055465,1.1336314088466979,PILOT_DESC_MINPAY_ACC,caténaire,,13.695458455337695,0.5,13.695458455337695,0.3409060484026691,-0.9400973705752383,0.03440529092531145,-0.9994079627241044,29.730533046532024,-413.69335564492536,0.0,-25.0,-0.017202645462655725,0.4997039813620522,0.013235013654019774,33.32929651616319,8.829000000000008,-0.003967631808635951,4.975252352323878e-07,4.668864623072095,-12.875064482685383,0.017202645462655725,-0.4997039813620522,0.2667713361745837,0.0,0.0,4.686067268534751,-13.107997127872851
34.50000000000022,0.0,403.0,432.9163367471151,417.3327247325942,1.1331098345820785,PILOT_DESC_MINPAY_ACC,caténaire,,13.464314870464259,0.5,13.464314870464259,0.3302282060102973,-0.9439011240353624,0.03439619917078728,-0.9994082756724619,29.729195813571337,-413.7440324453649,0.0,-25.0,-0.01719809958539364,0.49970413783623097,0.013261231806344425,33.329296297984456,8.829000000000008,-0.003936867779049216,4.358206808774412e-07,4.44629654483118,-12.708981940597258,0.01719809958539364,-0.49970413783623097,0.2668411788528021,0.0,1.1102230246251565e-16,4.463494644416574,-12.941844899580687
34.60000000000022,0.0,403.0,433.029554556621,416.97338051175683,1.1321780950590883,PILOT_DESC_MINPAY_ACC,caténaire,,13.421435499167865,0.5,13.421435499167865,0.35348867691534613,-0.9354388036064348,0.034417895944932296,-0.999407528708246,29.72785726832139,-413.7947092456592,0.0,-25.0,-0.017208947972466148,0.499703764354123,0.013287272311730753,33.32929610694721,8.829000000000008,-0.003921675660735395,-1.2869867305198568e-07,4.744325476905507,-12.554931566022521,0.017208947972466148,-0.499703764354123,0.26691096410041537,0.0,5.551115123125783e-17,4.761534424877973,-12.78772436627623
34.70000000000022,0.0,403.0,433.1426799302222,417.056168449049,1.131253736011633,PILOT_DESC_MINPAY_ACC,caténaire,,13.46632882856649,0.5,13.46632882856649,0.3644821358429246,-0.9312103804465346,0.0343983720736597,-0.9994082008862455,29.72651741584622,-413.84538604599635,0.0,-25.0,-0.01719918603682985,0.49970410044312275,0.013313237723091575,33.32929616332376,8.829000000000008,-0.003885948313738275,2.6376687856100034e-07,4.908236293399064,-12.539985191667538,0.01719918603682985,-0.49970410044312275,0.2669806923723413,0.0,5.551115123125783e-17,4.925435479435894,-12.772708599738321
34.800000000000225,0.0,403.0,433.2557310867591,417.623480346463,1.1305115653694302,PILOT_DESC_MINPAY_ACC,caténaire,,13.490515301365612,0.5,13.490515301365612,0.37065357968220863,-0.9287711902663457,0.03436086019786652,-0.9994094912929647,29.72517626805495,-413.89606284624557,0.0,-25.0,-0.01718043009893326,0.4997047456464824,0.013338991583829753,33.32929604765463,8.829000000000008,-0.0038414385151035076,7.933011048066874e-07,5.000307788208773,-12.529601953755689,0.01718043009893326,-0.4997047456464824,0.2670503748983177,0.0,5.551115123125783e-17,5.017488218307706,-12.762256324503854
34.900000000000226,0.0,403.0,433.36872028189174,416.8852883417897,1.1298919513264738,PILOT_DESC_MINPAY_ACC,caténaire,,13.578382663670151,0.5,13.578382663670151,0.3525366024986498,-0.93579802516286,0.03435977242257635,-0.9994095286913512,29.72383383978417,-413.94673964623036,0.0,-25.0,-0.017179886211288176,0.4997047643456756,0.013364474918758813,33.32929569982478,8.829000000000008,-0.003815411292529363,4.641704478558495e-07,4.786876891676842,-12.706623681568143,0.017179886211288176,-0.4997047643456756,0.26712001923249407,0.0,-1.1102230246251565e-16,4.80405677788813,-12.939208426681326
35.00000000000023,0.0,403.0,433.48167128198304,416.6991587521011,1.129510000913107,PILOT_DESC_MINPAY_ACC,caténaire,,13.65863886895787,0.5,13.65863886895787,0.3196488628841584,-0.9475360702669131,0.03430876007720785,-0.9994112811960674,29.722490139709627,-413.9974164460604,0.0,-25.0,-0.017154380038603926,0.4997056405980337,0.013389809666656729,33.32929549630095,8.829000000000008,-0.003764570371947197,1.1368989731863621e-06,4.3659683830077505,-12.942052999087256,0.017154380038603926,-0.4997056405980337,0.2671896400239926,0.0,-1.1102230246251565e-16,4.383122763046354,-13.174568999661297
35.10000000000023,0.0,403.0,433.59460395460377,417.9685955400842,1.1293267262072744,PILOT_DESC_MINPAY_ACC,caténaire,,13.469500608640043,0.5,13.469500608640043,0.30174133561498334,-0.9533898291786451,0.03430335447608998,-0.9994114667501509,29.721145184778294,-414.0480932455115,0.0,-25.0,-0.01715167723804499,0.49970573337507546,0.013414830338433631,33.32929499780965,8.829000000000008,-0.0037368468996113596,7.311847127766669e-07,4.064305103717878,-12.841684884392988,0.01715167723804499,-0.49970573337507546,0.267259249518796,0.0,5.551115123125783e-17,4.081456780955923,-13.074131368249267
35.20000000000023,0.0,403.0,433.7074823017758,417.45684521255055,1.1287834717205298,PILOT_DESC_MINPAY_ACC,caténaire,,13.277153102693548,0.5,13.277153102693548,0.31848428209363977,-0.9479281418226272,0.03429745906042729,-0.999411669084366,29.71979898423133,-414.09877004471883,0.0,-25.0,-0.017148729530213645,0.499705834542183,0.013439689848214548,33.32929467719607,8.829000000000008,-0.003709039681999097,5.117382428920791e-07,4.228564574158696,-12.585787069330824,0.017148729530213645,-0.499705834542183,0.26732882552845333,0.0,-5.551115123125783e-17,4.24571330368891,-12.818164078344553
35.30000000000023,0.0,403.0,433.8202732835518,417.4637286072427,1.1279098177593323,PILOT_DESC_MINPAY_ACC,caténaire,,13.516380718611378,0.5,13.516380718611378,0.32660978640400135,-0.9451592709301077,0.03427987584457834,-0.9994122723441414,29.718451547337803,-414.1494468437556,0.0,-25.0,-0.01713993792228917,0.4997061361720707,0.013464387125949183,33.329294452811425,8.829000000000008,-0.0036755507963399867,5.889834895356216e-07,4.414582219460825,-12.775132545616495,0.01713993792228917,-0.4997061361720707,0.26739834768778603,0.0,5.551115123125783e-17,4.431722157383114,-13.00744033410078
35.40000000000023,0.0,403.0,433.9330334790792,417.7604615188053,1.127601955274284,PILOT_DESC_MINPAY_ACC,caténaire,,13.342764827593781,0.5,13.342764827593781,0.3623757577085826,-0.9320320864783201,0.03427637824682077,-0.9994123923057393,29.71710288526068,-414.200123642596,0.0,-25.0,-0.017138189123410384,0.49970619615286965,0.013488883777586278,33.32929419455599,8.829000000000008,-0.0036493053458241057,3.9070885549108425e-07,4.835094514326721,-12.435884941651775,0.017138189123410384,-0.49970619615286965,0.2674678508710761,0.0,5.551115123125783e-17,4.852232703450132,-12.668123286933568
35.500000000000234,0.0,403.0,434.04573124096913,416.89058370686314,1.126977618899593,PILOT_DESC_MINPAY_ACC,caténaire,,13.326646209018923,0.5,13.326646209018923,0.3847638920260635,-0.923015030968053,0.03428987946695426,-0.99941192916942,29.71575300674844,-414.2508004413062,0.0,-25.0,-0.01714493973347713,0.49970596458471,0.01351322753574058,33.32929402325802,8.829000000000008,-0.0036317121977365516,-1.2157272522017593e-08,5.1276122630365055,-12.300694763317889,0.01714493973347713,-0.49970596458471,0.2675373155714909,0.0,-5.551115123125783e-17,5.144757202769982,-12.532863412331107
35.600000000000236,0.0,403.0,434.1583695860975,417.1963638950343,1.1263834512831765,PILOT_DESC_MINPAY_ACC,caténaire,,13.30639000743655,0.5,13.30639000743655,0.3843283525750636,-0.9231964673930126,0.03424479954655359,-0.99941347484613,29.714401917665466,-414.3014772400204,0.0,-25.0,-0.017122399773276797,0.499706737423065,0.013537475722325873,33.329294028566686,8.829000000000008,-0.003584924050950924,7.65989746298601e-07,5.114022950279377,-12.284412248619105,0.017122399773276797,-0.499706737423065,0.2676067436485737,0.0,-5.551115123125783e-17,5.1311453500526545,-12.516512242393595
35.70000000000024,0.0,403.0,434.27095040219336,417.6837755483877,1.1258081609585608,PILOT_DESC_MINPAY_ACC,caténaire,,13.359687338157864,0.5,13.359687338157864,0.3574592664886403,-0.9339287300438953,0.034226492296590576,-0.9994141019742873,29.71304963360781,-414.3521540384793,0.0,-25.0,-0.017113246148295288,0.49970705098714363,0.013561432831937455,33.32929369270005,8.829000000000008,-0.003551813316357833,7.436871811705714e-07,4.775544036415485,-12.476995829509281,0.017113246148295288,-0.49970705098714363,0.2676761362658839,0.0,5.551115123125783e-17,4.7926572825637805,-12.709026744230542
35.80000000000024,0.0,403.0,434.38349009900736,417.37341815045136,1.1253969681396883,PILOT_DESC_MINPAY_ACC,caténaire,,13.621324915732325,0.5,13.621324915732325,0.30653270457754916,-0.9518601268171565,0.034207146117347806,-0.9994147643268566,29.71169616561238,-414.40283083669027,0.0,-25.0,-0.017103573058673903,0.4997073821634283,0.013585189558248716,33.32929336662827,8.829000000000008,-0.0035183835004251873,7.487916917625626e-07,4.175381566348986,-12.965596061706664,0.017103573058673903,-0.4997073821634283,0.26774550353807147,0.0,0.0,4.19248513940766,-13.197557940332022
35.90000000000024,0.0,403.0,434.4960451134461,417.65840201215747,1.1255501443874405,PILOT_DESC_MINPAY_ACC,caténaire,,13.462954725644133,0.5,13.462954725644133,0.2661639803308304,-0.9639277647077344,0.034174331348728354,-0.9994158869444026,29.71034152482245,-414.45350763465166,0.0,-25.0,-0.017087165674364177,0.4997079434722013,0.013608743182818189,33.329293038313395,8.829000000000008,-0.003478422491545988,9.817855897154004e-07,3.583353616791205,-12.977315855051579,0.017087165674364177,-0.4997079434722013,0.2678148802517439,0.0,5.551115123125783e-17,3.600440782465569,-13.209208918272036
36.00000000000024,0.0,403.0,434.60858223725364,417.4515992291718,1.125371238075703,PILOT_DESC_MINPAY_ACC,caténaire,,13.35543219501097,0.5,13.35543219501097,0.24700607728163215,-0.9690139306459634,0.034201419529149624,-0.9994149603153794,29.708985724558357,-414.5041844322858,0.0,-25.0,-0.017100709764574812,0.4997074801576897,0.013632049344954532,33.329292607862754,8.829000000000008,-0.0034686604196202796,8.802043538480575e-08,3.2988729168904776,-12.941599846763227,0.017100709764574812,-0.4997074801576897,0.26788424593798055,0.0,0.0,3.3159736266550524,-13.173423080982937
36.10000000000024,0.0,403.0,434.7210817526211,417.2180881980561,1.1249951536744485,PILOT_DESC_MINPAY_ACC,caténaire,,13.50145344512881,0.5,13.50145344512881,0.26676363392360575,-0.963761984940199,0.03417738682860201,-0.999415782459717,29.707628768074123,-414.5548612298906,0.0,-25.0,-0.017088693414301005,0.4997078912298585,0.013655309955166131,33.32929256928146,8.829000000000008,-0.003433383459134874,4.605113161915142e-07,3.6016967842729475,-13.01218757185503,0.017088693414301005,-0.4997078912298585,0.2679535884431088,0.0,0.0,3.6187854776872483,-13.24394187464178
36.200000000000244,0.0,403.0,434.83357662233146,417.88200513146006,1.1249486971036926,PILOT_DESC_MINPAY_ACC,caténaire,,13.256154561499185,0.5,13.256154561499185,0.2932564102256896,-0.9560338267349864,0.034134436965501135,-0.9994172503079223,29.706270667128738,-414.6055380273419,0.0,-25.0,-0.017067218482750567,0.49970862515396114,0.013678353526979636,33.32929236732782,8.829000000000008,-0.0033888649557709313,9.924817732098745e-07,3.8874523001021517,-12.673332173220512,0.017067218482750567,-0.49970862515396114,0.2680229280847448,0.0,0.0,3.904519518584902,-12.905017870289727
36.300000000000246,0.0,403.0,434.94601824893635,417.5342560675033,1.1244162660491264,PILOT_DESC_MINPAY_ACC,caténaire,,13.324083303248495,0.5,13.324083303248495,0.2936474643026434,-0.9559137862321204,0.03412925539756497,-0.9994174272675095,29.7049114365617,-414.6562148244623,0.0,-25.0,-0.017064627698782486,0.49970871363375474,0.01370111735805982,33.32929193216668,8.829000000000008,-0.0033635103407226655,6.458004264686679e-07,3.9125832761561092,-12.736674918480446,0.017064627698782486,-0.49970871363375474,0.26809223490837,0.0,-1.1102230246251565e-16,3.929647903854892,-12.968291397205832
36.40000000000025,0.0,403.0,435.0584255403476,418.29718961184227,1.1240729141126762,PILOT_DESC_MINPAY_ACC,caténaire,,13.206580300419802,0.5,13.206580300419802,0.2664376186130483,-0.963852164695296,0.03411229200864283,-0.9994180064086884,29.70355108482455,-414.7068916213675,0.0,-25.0,-0.017056146004321416,0.4997090032043442,0.013723729590484764,33.32929164901286,8.829000000000008,-0.003332416413836652,6.522171958067702e-07,3.518729805265848,-12.729191010781879,0.017056146004321416,-0.4997090032043442,0.26816152056845205,0.0,0.0,3.5357859512701695,-12.960738493417772
36.50000000000025,0.0,403.0,435.17077842741077,418.19525946095246,1.1235288706312587,PILOT_DESC_MINPAY_ACC,caténaire,,13.110323413003314,0.5,13.110323413003314,0.25989972681350537,-0.965635610363591,0.03412501357442511,-0.9994175721131511,29.702189622281928,-414.75756841805526,0.0,-25.0,-0.017062506787212554,0.49970878605657554,0.013746151170806463,33.32929136301779,8.829000000000008,-0.003316355616406091,1.4907435286204418e-07,3.407369473476265,-12.659795150979534,0.017062506787212554,-0.49970878605657554,0.2682307726947559,0.0,0.0,3.4244319802634777,-12.891273164341355
36.60000000000025,0.0,403.0,435.28306309718545,417.8358063723693,1.1228466977468379,PILOT_DESC_MINPAY_ACC,caténaire,,13.30659250056638,0.5,13.30659250056638,0.2888216786035695,-0.9573829108400759,0.03409717425894793,-0.9994185222956171,29.700827054287434,-414.80824521469333,0.0,-25.0,-0.017048587129473967,0.49970926114780856,0.013768482857825424,33.32929129766885,8.829000000000008,-0.003280104271648543,5.58816651619054e-07,3.843232382507251,-12.739504261554965,0.017048587129473967,-0.49970926114780856,0.26829998277325495,0.0,-1.1102230246251565e-16,3.860280969636725,-12.970913539929517
36.70000000000025,0.0,403.0,435.3953256232772,417.7297912169919,1.1226252609174252,PILOT_DESC_MINPAY_ACC,caténaire,,13.292915235266088,0.5,13.292915235266088,0.31498859781622784,-0.9490954552866464,0.03410453428433666,-0.9994182711664062,29.699463392924848,-414.8589220111451,0.0,-25.0,-0.01705226714216833,0.4997091355832031,0.013790588264373554,33.32929105264771,8.829000000000008,-0.003261678877794775,1.88230906417175e-07,4.187116730846437,-12.616245437301666,0.01705226714216833,-0.4997091355832031,0.26836917920282005,0.0,5.551115123125783e-17,4.204168997988606,-12.84758539368205
36.80000000000025,0.0,403.0,435.50756548273483,418.4061775914519,1.1223985945763282,PILOT_DESC_MINPAY_ACC,caténaire,,13.31809084868919,0.5,13.31809084868919,0.3349050666054456,-0.9422518752233937,0.03408887636489134,-0.999418805360485,29.69809864433597,-414.90959880753417,0.0,-25.0,-0.01704443818244567,0.4997094026802425,0.013812587079598223,33.32929097010168,8.829000000000008,-0.0032318511028474484,3.727819191112758e-07,4.460296102737629,-12.548996076572909,0.01704443818244567,-0.4997094026802425,0.26843836166111446,0.0,-1.1102230246251565e-16,4.477340540920074,-12.780267117592036
36.900000000000254,0.0,403.0,435.619789975536,419.90028121523903,1.1222449280113396,PILOT_DESC_MINPAY_ACC,caténaire,,13.241603069370791,0.5,13.241603069370791,0.3409397001260433,-0.9400851668215832,0.03406444938931984,-0.9994196382340116,29.696732818463392,-414.96027560379895,0.0,-25.0,-0.01703222469465992,0.4997098191170058,0.013834402010153738,33.32929080665456,8.829000000000008,-0.0031978226845061804,6.257715625679339e-07,4.5145881796593725,-12.448234630454628,0.01703222469465992,-0.4997098191170058,0.2685075346477017,0.0,-1.1102230246251565e-16,4.531620404354032,-12.679436914923933
37.000000000000256,0.0,403.0,435.7319853390485,418.47899756499714,1.1219536351250021,PILOT_DESC_MINPAY_ACC,caténaire,,13.068471785904867,0.5,13.068471785904867,0.3488906914793704,-0.9371634251287482,0.034071621867993826,-0.9994193937398275,29.69536592664992,-415.01095239985517,0.0,-25.0,-0.017035810933996913,0.49970969686991373,0.013856004191726253,33.329290532323604,8.829000000000008,-0.00317980674227066,2.2919351039263347e-07,4.559468157962992,-12.247293780077014,0.017035810933996913,-0.49970969686991373,0.2685766896795641,0.0,0.0,4.576503968896989,-12.478426787267363
37.10000000000026,0.0,403.0,435.8441198582768,419.49985098948827,1.1213451922835307,PILOT_DESC_MINPAY_ACC,caténaire,,12.920166262410461,0.5,12.920166262410461,0.3657035074573417,-0.9307314030553594,0.03405698349752344,-0.9994198926752705,29.693997974900867,-415.061629195835,0.0,-25.0,-0.01702849174876172,0.49970994633763527,0.013877501381058808,33.329290431832796,8.829000000000008,-0.003150990367702911,3.7817042652932287e-07,4.724950119095519,-12.025204473121807,0.01702849174876172,-0.49970994633763527,0.2686458072081975,0.0,-5.551115123125783e-17,4.7419786108442805,-12.256268612251244
37.20000000000026,0.0,403.0,435.95616995493475,418.98253219764007,1.1205009665792287,PILOT_DESC_MINPAY_ACC,caténaire,,12.709249368406173,0.5,12.709249368406173,0.3565070433188682,-0.9342926351331464,0.034048136071423,-0.999420194127606,29.69262897282169,-415.11230599168874,0.0,-25.0,-0.0170240680357115,0.499710097063803,0.013898820193723889,33.32929026599304,8.829000000000008,-0.003125247841987611,3.63056834373765e-07,4.530936915132678,-11.87415808297248,0.0170240680357115,-0.499710097063803,0.26871487270040656,0.0,0.0,4.547960983168389,-12.105153307335875
37.30000000000026,0.0,403.0,436.0681018863557,418.72265248379875,1.1193193142093534,PILOT_DESC_MINPAY_ACC,caténaire,,12.790342363052387,0.5,12.790342363052387,0.3178741227571888,-0.9481329242681891,0.03404407742867542,-0.9994203323887454,29.691258928993232,-415.16298278742147,0.0,-25.0,-0.01702203871433771,0.4997101661943727,0.013919981001514165,33.32929010680781,8.829000000000008,-0.003102057712823545,2.730021790853243e-07,4.065718858419387,-12.126944707072159,0.01702203871433771,-0.4997101661943727,0.2687838653578702,0.0,5.551115123125783e-17,4.082740897133724,-12.357871007908662
37.40000000000026,0.0,403.0,436.17994368618076,419.3408572783785,1.118417998250885,PILOT_DESC_MINPAY_ACC,caténaire,,12.951671178029235,0.5,12.951671178029235,0.2911441225960321,-0.9566792042674422,0.03404722231690358,-0.9994202252568752,29.689887851145535,-415.2136595830632,0.0,-25.0,-0.01702361115845179,0.4997101126284376,0.013941000708326292,33.32928998710112,8.829000000000008,-0.003082610450125499,9.972954728709738e-08,3.7708029412796393,-12.390594476530575,0.01702361115845179,-0.4997101126284376,0.2688528024599777,0.0,-5.551115123125783e-17,3.787826552438091,-12.621451786699035
37.50000000000026,0.0,403.0,436.2917366319108,418.35178615090956,1.1179294573002572,PILOT_DESC_MINPAY_ACC,caténaire,,13.144102537737679,0.5,13.144102537737679,0.28603029016366377,-0.9582205764378523,0.034014143074055925,-0.9994213516184942,29.688515745761023,-415.26433637867166,0.0,-25.0,-0.017007071537027962,0.4997106758092471,0.013961904348903561,33.32928994336069,8.829000000000008,-0.003045167188124401,6.191699313262689e-07,3.7596114628100574,-12.594949510469236,0.017007071537027962,-0.4997106758092471,0.2689217094493747,0.0,5.551115123125783e-17,3.7766185343470853,-12.825738476829109
37.600000000000264,0.0,403.0,436.40352409385895,418.3747465109088,1.1178746194813864,PILOT_DESC_MINPAY_ACC,caténaire,,12.972808931861772,0.5,12.972808931861772,0.30921686271325755,-0.9509915519150369,0.03400685747532689,-0.9994215995487854,29.68714262532078,-415.3150131740737,0.0,-25.0,-0.017003428737663445,0.4997107997743927,0.013982569457127928,33.329289671871,8.829000000000008,-0.0030208592805355174,4.7164538585775517e-07,4.011411278488823,-12.33703169880848,0.017003428737663445,-0.4997107997743927,0.26899061305867566,0.0,-5.551115123125783e-17,4.028414707226486,-12.567751885524196
37.700000000000266,0.0,403.0,436.51527236038714,418.3631139807963,1.1174826652821854,PILOT_DESC_MINPAY_ACC,caténaire,,13.015784103074996,0.5,13.015784103074996,0.3657144038363972,-0.9307271215703281,0.034005564021776166,-0.9994216435596944,29.685768497927448,-415.36568996931857,0.0,-25.0,-0.017002782010888083,0.4997108217798472,0.014003084706498253,33.329289465057315,8.829000000000008,-0.00299969730438983,2.868371566933092e-07,4.760059723719328,-12.114143273235825,0.017002782010888083,-0.4997108217798472,0.2690594925086848,0.0,0.0,4.777062505730216,-12.344794602506989
37.80000000000027,0.0,403.0,436.62699394484076,419.28846334606914,1.1172158445362297,PILOT_DESC_MINPAY_ACC,caténaire,,12.917479435159086,0.5,12.917479435159086,0.4033700884539231,-0.9150369237034505,0.033950074002902016,-0.9994235300788138,29.68439337063501,-415.4163667644678,0.0,-25.0,-0.016975037001451008,0.4997117650394069,0.014023471122131755,33.329289339294256,8.829000000000008,-0.0029515658793192526,1.1043336556326722e-06,5.210524822361853,-11.819970644350555,0.016975037001451008,-0.4997117650394069,0.2691283555123842,0.0,0.0,5.227499859363304,-12.050554053877578
37.90000000000027,0.0,403.0,436.7386718533206,419.3809448769384,1.1167790847985455,PILOT_DESC_MINPAY_ACC,caténaire,,13.054824160448657,0.5,13.054824160448657,0.4202033915687746,-0.9074299475519304,0.03394809903252498,-0.9994235971659253,29.683017259487283,-415.4670435592489,0.0,-25.0,-0.01697404951626249,0.49971179858296266,0.014043544902922511,33.32928885508405,8.829000000000008,-0.002930504613339978,6.536670085210972e-07,5.485681388554506,-11.846338403215599,0.01697404951626249,-0.49971179858296266,0.2691971915950659,0.0,-5.551115123125783e-17,5.502655438070769,-12.076853010203497
38.00000000000027,0.0,403.0,436.8503379212847,419.00494589022554,1.1166606796403942,PILOT_DESC_MINPAY_ACC,caténaire,,12.974869084306206,0.5,12.974869084306206,0.405997121765515,-0.9138743552141716,0.03393778583538753,-0.9994239474280128,29.681640171504682,-415.51772035381214,0.0,-25.0,-0.016968892917693764,0.4997119737140064,0.014063489648476857,33.32928856849083,8.829000000000008,-0.0029054032692169066,5.422048303671545e-07,5.267759503512683,-11.857400118408624,0.016968892917693764,-0.4997119737140064,0.2692660203794847,0.0,5.551115123125783e-17,5.284728396430377,-12.087846071743146
38.10000000000027,0.0,403.0,436.9619773407511,418.9264421709927,1.1163941946645481,PILOT_DESC_MINPAY_ACC,caténaire,,13.014534718359398,0.5,13.014534718359398,0.35877040129045307,-0.9334258402025771,0.033939189267516726,-0.9994238997701943,29.680262115054326,-415.5683971481946,0.0,-25.0,-0.016969594633758363,0.49971194988509715,0.014083277528012538,33.329288330722385,8.829000000000008,-0.0028863171057458246,2.8060747325753255e-07,4.6692298435143345,-12.148103004330231,0.016969594633758363,-0.49971194988509715,0.2693348327382899,0.0,5.551115123125783e-17,4.686199438148093,-12.378480121477038
38.20000000000027,0.0,403.0,437.0736007087431,419.42935561024944,1.1162336799195918,PILOT_DESC_MINPAY_ACC,caténaire,,12.924835691106964,0.5,12.924835691106964,0.323696507867206,-0.9461609645269541,0.03392690392051765,-0.9994243168896622,29.678883096498268,-415.61907394248357,0.0,-25.0,-0.016963451960258825,0.4997121584448311,0.014102949191694664,33.32928820772582,8.829000000000008,-0.002860502768564161,3.6617063869925914e-07,4.18372417796875,-12.228975003850167,0.016963451960258825,-0.4997121584448311,0.2694036352032796,0.0,0.0,4.200687629929009,-12.459283527091719
38.300000000000274,0.0,403.0,437.18519168970437,418.8206339295279,1.115909809612968,PILOT_DESC_MINPAY_ACC,caténaire,,12.962251220559894,0.5,12.962251220559894,0.3111098235435172,-0.9503739672858897,0.0339087819157691,-0.9994249319028363,29.677503124441287,-415.6697507366505,0.0,-25.0,-0.01695439095788455,0.49971246595141816,0.014122458463600291,33.32928804719474,8.829000000000008,-0.002831932494284258,5.13146147795851e-07,4.032683689955129,-12.318986117439874,0.01695439095788455,-0.49971246595141816,0.2694724177055358,0.0,5.551115123125783e-17,4.049638080913014,-12.549226165685756
38.400000000000276,0.0,403.0,437.2967610046055,418.7811911452652,1.1156931490114514,PILOT_DESC_MINPAY_ACC,caténaire,,13.066393963637958,0.5,13.066393963637958,0.3275468816383808,-0.9448349275555876,0.033893584118160916,-0.9994254474224805,29.676122208406806,-415.72042753064636,0.0,-25.0,-0.016946792059080458,0.49971272371124026,0.014141786163236475,33.32928782221196,8.829000000000008,-0.0028050058958439834,5.459231928739428e-07,4.279856597048176,-12.345585394046639,0.016946792059080458,-0.49971272371124026,0.2695411868532555,0.0,-5.551115123125783e-17,4.296803389107256,-12.575756930904625
38.50000000000028,0.0,403.0,437.40833164782686,419.6263079258309,1.1157064322133732,PILOT_DESC_MINPAY_ACC,caténaire,,12.85818475174831,0.5,12.85818475174831,0.3456299123133198,-0.9383709094565362,0.03388583216451145,-0.999425710284921,29.67474035737036,-415.7711043244602,0.0,-25.0,-0.016942916082255725,0.4997128551424605,0.014160943119832358,33.329287582798585,8.829000000000008,-0.0027819729624233673,4.3794103987693234e-07,4.444173268255234,-12.065746519458228,0.016942916082255725,-0.4997128551424605,0.26960995681972577,0.0,0.0,4.46111618433749,-12.295849417780962
38.60000000000028,0.0,403.0,437.51986184398373,419.7082394672544,1.1153019615687383,PILOT_DESC_MINPAY_ACC,caténaire,,12.763242196853696,0.5,12.763242196853696,0.3339310340588621,-0.9425975092755016,0.03386050247425888,-0.9994265687744102,29.673357579009593,-415.8217811181281,0.0,-25.0,-0.01693025123712944,0.4997132843872051,0.014179955578968163,33.32928739078935,8.829000000000008,-0.0027502956581612788,6.751765440071722e-07,4.262042664739058,-12.030600305034275,0.01693025123712944,-0.4997132843872051,0.26967870185541515,0.0,-5.551115123125783e-17,4.278972915976187,-12.260634887566065
38.70000000000028,0.0,403.0,437.6313366486208,419.3440990944006,1.1147480463703767,PILOT_DESC_MINPAY_ACC,caténaire,,12.865435488374578,0.5,12.865435488374578,0.29465445097785353,-0.9556038690372386,0.03387545162142064,-0.9994260621864156,29.67197388388361,-415.87245791157096,0.0,-25.0,-0.01693772581071032,0.4997130310932078,0.014198764087598638,33.32928709477512,8.829000000000008,-0.0027389617231116815,1.2586831843464097e-07,3.790857830418004,-12.294259929539741,0.01693772581071032,-0.4997130310932078,0.269747412748853,0.0,5.551115123125783e-17,3.8077955562287142,-12.524225547884097
38.80000000000028,0.0,403.0,437.74278203896586,418.8817542625382,1.1144539034506027,PILOT_DESC_MINPAY_ACC,caténaire,,12.941644861419974,0.5,12.941644861419974,0.27519998693964703,-0.9613870017783774,0.03384677782686852,-0.9994270336701617,29.670589275770382,-415.92313470497186,0.0,-25.0,-0.01692338891343426,0.49971351683508086,0.01421750747542214,33.3292870395949,8.829000000000008,-0.00270588143801212,5.564299740967726e-07,3.561540496840327,-12.441929151401094,0.01692338891343426,-0.49971351683508086,0.26981610551189544,0.0,5.551115123125783e-17,3.578463885753761,-12.67182656272428
38.90000000000028,0.0,403.0,437.85421619778657,419.5473111309012,1.1143415882072552,PILOT_DESC_MINPAY_ACC,caténaire,,12.825672248397659,0.5,12.825672248397659,0.28495868130730256,-0.9585398009199217,0.03385045696993271,-0.9994269090648534,29.669203765696675,-415.9738114981873,0.0,-25.0,-0.016925228484966356,0.4997134545324267,0.01423603662676739,33.329286795620554,8.829000000000008,-0.0026891918581989655,2.5015297211439247e-07,3.654786650783063,-12.293917323643257,0.016925228484966356,-0.4997134545324267,0.26988479135204557,0.0,-5.551115123125783e-17,3.671711879268029,-12.523745986823638
39.000000000000284,0.0,403.0,437.9656170532419,418.768313328142,1.114008554552948,PILOT_DESC_MINPAY_ACC,caténaire,,12.768776913595566,0.5,12.768776913595566,0.3296228753289471,-0.9441126839842146,0.03382760025080599,-0.9994276829572372,29.667817359225683,-416.0244882913193,0.0,-25.0,-0.016913800125402997,0.4997138414786186,0.014254463447229122,33.32928668593305,8.829000000000008,-0.0026593366781738747,5.274116574582877e-07,4.208880960693249,-12.055164243090385,0.016913800125402997,-0.4997138414786186,0.2699534566646514,0.0,0.0,4.225794760818652,-12.284924627904351
39.100000000000286,0.0,403.0,438.0769765561812,418.78010729195483,1.1135950293933405,PILOT_DESC_MINPAY_ACC,caténaire,,12.575402680538696,0.5,12.575402680538696,0.35730551239888014,-0.9339875645903288,0.033812113152839586,-0.9994282070284686,29.666430066309132,-416.0751650842755,0.0,-25.0,-0.016906056576419793,0.4997141035142343,0.014272697414889977,33.32928645466959,8.829000000000008,-0.0026333591615298156,5.58183820942304e-07,4.493260698392129,-11.74526972333903,0.016906056576419793,-0.4997141035142343,0.27002209648837366,0.0,-5.551115123125783e-17,4.510166754968549,-11.97496173036489
39.20000000000029,0.0,403.0,438.188260166652,419.2094971664855,1.1128361047084703,PILOT_DESC_MINPAY_ACC,caténaire,,12.500240894205188,0.5,12.500240894205188,0.3555959873047445,-0.9346397668689065,0.03382054530485292,-0.9994279217208623,29.665041895606194,-416.1258418770457,0.0,-25.0,-0.01691027265242646,0.49971396086043113,0.014290764750081496,33.329286209947554,8.829000000000008,-0.0026195079023449645,1.7080797931612324e-07,4.445035502322036,-11.683222235165108,0.01691027265242646,-0.49971396086043113,0.2700906895334598,0.0,0.0,4.461945774974462,-11.91284550649208
39.30000000000029,0.0,403.0,438.299460441248,419.0455505733904,1.1120027459599242,PILOT_DESC_MINPAY_ACC,caténaire,,12.539248478797726,0.5,12.539248478797726,0.3256622671269939,-0.9454861647690601,0.03378623690877439,-0.9994290821241617,29.663652851733953,-416.1765186697589,0.0,-25.0,-0.016893118454387197,0.49971454106208085,0.014308748390731358,33.32928613502806,8.829000000000008,-0.0025843700636558383,6.760901385405305e-07,4.083560087673977,-11.855685953304732,0.016893118454387197,-0.49971454106208085,0.2701592312119395,0.0,0.0,4.100453206128364,-12.085241263154874
39.40000000000029,0.0,403.0,438.41059351482426,419.4715344213527,1.1113307357626634,PILOT_DESC_MINPAY_ACC,caténaire,,12.576768081351238,0.5,12.576768081351238,0.30648564800107114,-0.9518752794191913,0.033779755469998486,-0.99942930121164,29.662262946405026,-416.22719546224675,0.0,-25.0,-0.016889877734999243,0.49971465060582,0.014326501882201994,33.32928583863999,8.829000000000008,-0.002563375852797249,4.892457994287724e-07,3.8545989151721223,-11.971514631626576,0.016889877734999243,-0.49971465060582,0.27022773146902257,0.0,0.0,3.8714887929071216,-12.201001550763374
39.50000000000029,0.0,403.0,438.52167361122144,420.384027805473,1.1108009639718146,PILOT_DESC_MINPAY_ACC,caténaire,,12.669514502676872,0.5,12.669514502676872,0.30699738726647596,-0.9517103573102257,0.03373714646512055,-0.9994307404459756,29.660872186617482,-416.27787225457155,0.0,-25.0,-0.016868573232560274,0.4997153702229878,0.014344122025787071,33.32928562412502,8.829000000000008,-0.002524451206773203,9.943479994944937e-07,3.8895078502565252,-12.057708174289692,0.016868573232560274,-0.4997153702229878,0.27029619907200664,0.0,-5.551115123125783e-17,3.9063764234890854,-12.287127345440673
39.60000000000029,0.0,403.0,438.6327245773167,420.92324144721897,1.1105096609528857,PILOT_DESC_MINPAY_ACC,caténaire,,12.639883914873108,0.5,12.639883914873108,0.3352177151121197,-0.9421406919749351,0.03374756171099985,-0.9994303888108277,29.659480585346202,-416.3285490465649,0.0,-25.0,-0.016873780855499926,0.49971519440541384,0.014361485192455073,33.329285188141455,8.829000000000008,-0.002512295663044853,3.8254685819083534e-07,4.237113005226197,-11.908548978041402,0.016873780855499926,-0.49971519440541384,0.27036464871964117,0.0,0.0,4.253986786081697,-12.137899523727176
39.700000000000294,0.0,403.0,438.74374339997405,419.4440798493157,1.1101882265733785,PILOT_DESC_MINPAY_ACC,caténaire,,12.584307695901376,0.5,12.584307695901376,0.36085591643559317,-0.9326215779046869,0.03375612943890825,-0.9994300994693445,29.658088146643035,-416.3792258384307,0.0,-25.0,-0.016878064719454126,0.49971504973467223,0.01437877518004943,33.329285020432465,8.829000000000008,-0.0024992895394046963,7.01671325487041e-08,4.541121886311979,-11.736396900189636,0.016878064719454126,-0.49971504973467223,0.2704330785546881,0.0,5.551115123125783e-17,4.557999951031433,-11.965678871369619
39.800000000000296,0.0,403.0,438.8547221782947,419.6043657127242,1.1097877832068388,PILOT_DESC_MINPAY_ACC,caténaire,,12.463121160798227,0.5,12.463121160798227,0.3600793527116374,-0.9329216793229581,0.03373824934107025,-0.9994307032162858,29.656694874843353,-416.42990263027315,0.0,-25.0,-0.016869124670535127,0.4997153516081429,0.014395985978556012,33.32928498962725,8.829000000000008,-0.0024731386919791144,3.41235384837546e-07,4.487712600346937,-11.627115922937378,0.016869124670535127,-0.4997153516081429,0.2705014837071877,0.0,-5.551115123125783e-17,4.504581725017472,-11.856329790838334
39.9000000000003,0.0,403.0,438.9656406794487,419.8963672465339,1.1091850115398367,PILOT_DESC_MINPAY_ACC,caténaire,,12.447228138715275,0.5,12.447228138715275,0.32653471999887035,-0.9451852075838149,0.03371267626229017,-0.9994315661711082,29.65530077866411,-416.4805794220018,0.0,-25.0,-0.016856338131145086,0.4997157830855541,0.014413026828174667,33.32928484001258,8.829000000000008,-0.0024433113029704197,6.230981313137818e-07,4.064452155037452,-11.764935912134698,0.016856338131145086,-0.4997157830855541,0.2705698517060184,0.0,5.551115123125783e-17,4.0813084931685975,-11.994081843514234
40.0000000000003,0.0,403.0,439.0765017526453,419.7559493337578,1.1086107319656293,PILOT_DESC_MINPAY_ACC,caténaire,,12.534118535314416,0.5,12.534118535314416,0.2992828637854346,-0.9541644341749429,0.033721123533432734,-0.999431281193281,29.653905868047765,-416.5312562135228,0.0,-25.0,-0.016860561766716367,0.4997156405966405,0.01442987205421033,33.329284566803196,8.829000000000008,-0.0024306897125060366,2.0739982886652797e-07,3.7512468902749956,-11.959610120129945,0.016860561766716367,-0.4997156405966405,0.27063818430737724,0.0,-5.551115123125783e-17,3.768107452041712,-12.188687576419209
40.1000000000003,0.0,403.0,439.18732851891855,420.1655630111129,1.1082676627324628,PILOT_DESC_MINPAY_ACC,caténaire,Fx:(t>40:5),12.411333285739639,0.5,12.411333285739639,0.29417067875611314,-0.9557529030874915,0.033679622351423764,-0.9994326805934782,29.652510147201514,-416.58193300497464,5.0,-25.0,-0.016839811175711882,0.4997163402967391,0.014446640023765556,33.32928447588294,8.829000000000008,4.9976068288480535,8.161796714034608e-07,3.6510503369343694,-11.862167819032075,0.016839811175711882,-0.4997163402967391,0.27070649576261824,0.0,0.0,3.6678901481100814,-12.091177663566196
40.2000000000003,0.0,403.0,439.2980998521144,419.9781334264623,1.107713331958401,PILOT_DESC_MINPAY_ACC,caténaire,,12.457825615587543,0.5,12.457825615587543,0.31637916267954974,-0.9486328190728945,0.03366654199773542,-0.9994331212992266,29.652780295298214,-416.63260979615444,5.0,-25.0,-0.01683327099886771,0.4997165606496133,-0.0005412196366202138,33.32928411803399,8.829000000000008,4.982625509364512,6.786835982097728e-07,3.9413964370674335,-11.81790223323333,0.01683327099886771,-0.4997165606496133,0.2707747730499924,0.0,0.0,3.9582297080663014,-12.04684402083295
40.3000000000003,0.0,403.0,439.40884242609997,420.296559994666,1.107425739855846,PILOT_DESC_MINPAY_ACC,caténaire,,12.351396191244973,0.5,12.351396191244973,0.3510474411026595,-0.9363576742331292,0.03369393831989385,-0.9994321980607265,29.6547113185647,-416.683286587108,5.0,-25.0,-0.016846969159946924,0.49971609903036324,-0.027653157945958552,33.329283820449604,8.829000000000008,4.955499872894094,-8.052003863667778e-08,4.335926026981682,-11.565324611166073,0.016846969159946924,-0.49971609903036324,0.2708430326107509,0.0,-5.551115123125783e-17,4.3527729961416295,-11.794197677585686
40.400000000000304,0.0,403.0,439.5195496235855,419.8893464138771,1.1070719748550495,PILOT_DESC_MINPAY_ACC,caténaire,,12.452449082566602,0.5,12.452449082566602,0.36038708409289666,-0.9328028460607415,0.03372095739790907,-0.9994312867987314,29.658294175122155,-416.7339633780884,5.0,-25.0,-0.016860478698954535,0.4997156433993657,-0.09519816200133502,33.32928385574102,8.829000000000008,4.8879413592997105,-5.008596275501986e-07,4.487701814681444,-11.615679944644596,0.016860478698954535,-0.4997156433993657,0.2709112703661252,0.0,5.551115123125783e-17,4.504562293380398,-11.844484317677836
40.500000000000306,0.0,403.0,439.63025691932205,419.8881604670648,1.1070729573659697,PILOT_DESC_MINPAY_ACC,caténaire,,12.367157864147105,0.5,12.367157864147105,0.33765531749627836,-0.9412698266525319,0.03372359029665953,-0.9994311979608717,29.66350634546604,-416.78464016923573,5.0,-25.0,-0.016861795148329764,0.4997155989804358,-0.20146839324828214,33.32928407534035,8.829000000000008,4.781669811603388,-3.256792240335926e-07,4.175836615145187,-11.640832538970242,0.016861795148329764,-0.4997155989804358,0.2709795081820597,0.0,5.551115123125783e-17,4.1926984102935165,-11.869568629768617
40.60000000000031,0.0,403.0,439.74095881187765,419.706735420851,1.1070189255557688,PILOT_DESC_MINPAY_ACC,caténaire,,12.515055322144315,0.5,12.515055322144315,0.3318576117162157,-0.9433294893864017,0.03375199576902161,-0.9994302390770494,29.670312405747126,-416.83531696049164,5.0,-25.0,-0.016875997884510805,0.4997151195385247,-0.3435273377731314,33.329284218150946,8.829000000000008,4.639596664342358,-6.623105406333707e-07,4.153216369703127,-11.805820746680967,0.016875997884510805,-0.4997151195385247,0.2710477426675788,0.0,0.0,4.170092367587638,-12.034488123551913
40.70000000000031,0.0,403.0,439.85169673805063,419.79254788253525,1.1073792617299956,PILOT_DESC_MINPAY_ACC,caténaire,,12.469869653409688,0.5,12.469869653409688,0.3516849865568827,-0.9361184060953429,0.03377802035678543,-0.999429359855301,29.67866499824966,-416.88599375196833,5.0,-25.0,-0.016889010178392717,0.4997146799276505,-0.5173831840231073,33.329284508557414,8.829000000000008,4.4657278057985,-8.11514944132341e-07,4.3854659414254655,-11.673274504166564,0.016889010178392717,-0.4997146799276505,0.27111599936351627,0.0,-5.551115123125783e-17,4.402354951603858,-11.901873184730698
40.80000000000031,0.0,403.0,439.9624690416918,421.16917351935933,1.1077230364117132,PILOT_DESC_MINPAY_ACC,caténaire,,12.413835063337087,0.5,12.413835063337087,0.34831996597149895,-0.9373756991226163,0.033830999411034124,-0.9994275679001707,29.68850616668746,-416.93667054371554,5.0,-25.0,-0.016915499705517062,0.49971378395008537,-0.718229189576347,33.32928486438758,8.829000000000008,4.264855310718136,-1.3516623411646833e-06,4.323986606837375,-11.63642732128845,0.016915499705517062,-0.49971378395008537,0.27118427724905403,0.0,0.0,4.340902106542892,-11.86495682798948
40.90000000000031,0.0,403.0,440.0732716560836,420.91947276307593,1.1080261439177332,PILOT_DESC_MINPAY_ACC,caténaire,,12.518466701410915,0.5,12.518466701410915,0.3133160332758513,-0.9496489158064078,0.03388998644077085,-0.999425569424279,29.699768953562167,-416.9873473359133,5.0,-25.0,-0.016944993220385424,0.4997127847121395,-0.94072233046033,33.32928545701419,8.829000000000008,4.042332676319284,-1.7582736830945578e-06,3.9222363295818985,-11.888148330553493,0.016944993220385424,-0.4997127847121395,0.2712525738175468,0.0,5.551115123125783e-17,3.939181322802284,-12.116608541448086
41.00000000000031,0.0,403.0,440.1841325853685,420.0240510269188,1.108609292849252,PILOT_DESC_MINPAY_ACC,caténaire,,12.66592046964333,0.5,12.66592046964333,0.29484452812112727,-0.9555452392414657,0.033927885451823916,-0.9994242835696798,29.712379184662314,-417.03802412869715,5.0,-25.0,-0.016963942725911958,0.4997121417848399,-1.179276957007889,33.32928622796711,8.829000000000008,3.8037591002661992,-1.6302480574381661e-06,3.7344773440917143,-12.102860005378714,0.016963942725911958,-0.4997121417848399,0.27132090633020123,0.0,-5.551115123125783e-17,3.7514412868176263,-12.331251240833353
41.100000000000314,0.0,403.0,440.295085078351,420.46027639983043,1.1095249298250724,PILOT_DESC_MINPAY_ACC,caténaire,,12.766484362434136,0.5,12.766484362434136,0.2982861396070094,-0.9544764946913821,0.03396104077260631,-0.9994231574811748,29.72625733546255,-417.08870092202443,5.0,-25.0,-0.016980520386303155,0.4997115787405874,-1.428344364406087,33.329286942767816,8.829000000000008,3.55467511520761,-1.4784916047005936e-06,3.808065336823731,-12.185309243788478,0.016980520386303155,-0.4997115787405874,0.27138929528093153,0.0,5.551115123125783e-17,3.8250458572100343,-12.413631527248134
41.200000000000315,0.0,403.0,440.40614912428236,420.1374496446917,1.1106404593136254,PILOT_DESC_MINPAY_ACC,caténaire,,12.594307179462993,0.5,12.594307179462993,0.3347083941640812,-0.9423217554933676,0.03400887667964873,-0.9994215308402098,29.741320377967853,-417.13937771584455,5.0,-25.0,-0.017004438339824363,0.4997107654201049,-1.6826551704149695,33.329287591023274,8.829000000000008,3.3003403912452063,-1.6435566294603632e-06,4.215420331647217,-11.867889650574291,0.017004438339824363,-0.4997107654201049,0.2714577529907218,0.0,-5.551115123125783e-17,4.232424769987041,-12.096142663003674
41.30000000000032,0.0,403.0,440.51728758407495,420.08484338975524,1.1113845979257158,PILOT_DESC_MINPAY_ACC,caténaire,,12.740195632954219,0.5,12.740195632954219,0.34895355044446097,-0.9371400213587109,0.03405958050581409,-0.9994198041742858,29.757483533936906,-417.1900545102125,5.0,-25.0,-0.017029790252907046,0.4997099020871429,-1.9374122822856235,33.32928831165605,8.829000000000008,3.0455579274614695,-1.7862568171267412e-06,4.445736499476391,-11.939347207580871,0.017029790252907046,-0.4997099020871429,0.27152625656776336,0.0,-5.551115123125783e-17,4.462766289729298,-12.16753085310025
41.40000000000032,0.0,403.0,440.62853005217767,420.3693542447788,1.1124246810269267,PILOT_DESC_MINPAY_ACC,caténaire,,12.732818490945423,0.5,12.732818490945423,0.3351156751960102,-0.9421769919913786,0.0341013612019254,-0.9994183794408504,29.77466187588178,-417.2407313051759,5.0,-25.0,-0.0170506806009627,0.4997091897204252,-2.188427723526582,33.329289094871285,8.829000000000008,2.7945215958724554,-1.7154082954107253e-06,4.26696706574142,-11.996568625371163,0.0170506806009627,-0.4997091897204252,0.271594824253497,0.0,0.0,4.284017746342382,-12.22468299083809
41.50000000000032,0.0,403.0,440.7398719158055,421.60611510421177,1.1134186362786391,PILOT_DESC_MINPAY_ACC,caténaire,,12.750103041009996,0.5,12.750103041009996,0.2920809455740251,-0.9563936016267482,0.034134568838492994,-0.9994172458038786,29.792771725025275,-417.2914081007111,5.0,-25.0,-0.017067284419246497,0.4997086229019393,-2.432200572577258,33.32928984698223,8.829000000000008,2.5507321430034957,-1.5301158384772862e-06,3.7240621523844526,-12.194116968503707,0.017067284419246497,-0.4997086229019393,0.271663453204692,0.0,0.0,3.741129436803699,-12.422162138200955
41.60000000000032,0.0,403.0,440.85131336968357,421.71722419292865,1.1144145387806808,PILOT_DESC_MINPAY_ACC,caténaire,,12.749518259478833,0.5,12.749518259478833,0.2645403768286379,-0.9643746103187092,0.03417122841816521,-0.9994159930421334,29.81173181821644,-417.3420848967564,5.0,-25.0,-0.017085614209082604,0.4997079965210667,-2.665941752391666,33.32929051789301,8.829000000000008,2.3169726333992515,-1.485585933380662e-06,3.37276236474613,-12.295311703236168,0.017085614209082604,-0.4997079965210667,0.27173214354137304,0.0,0.0,3.3898479789552125,-12.523287556215863
41.70000000000032,0.0,403.0,440.96285044579827,422.2987363674089,1.115370761146722,PILOT_DESC_MINPAY_ACC,caténaire,,12.711314883703576,0.5,12.711314883703576,0.26416754282213767,-0.9644768060038116,0.034216531050592955,-0.9994144430629687,29.83146423561874,-417.3927616932968,5.0,-25.0,-0.017108265525296477,0.49970722153148434,-2.887555287129767,33.32929116921407,8.829000000000008,2.0953364473449367,-1.6092544470325265e-06,3.3579168188664403,-12.259768379143136,0.017108265525296477,-0.49970722153148434,0.27180089281773406,0.0,5.551115123125783e-17,3.3750250843917367,-12.487674707856886
41.800000000000324,0.0,403.0,441.07447150301726,421.41361920260385,1.1162105721897204,PILOT_DESC_MINPAY_ACC,caténaire,,12.628619515578288,0.5,12.628619515578288,0.29943291478575074,-0.954117356273802,0.034250137678123606,-0.9994132919213301,29.851895098503487,-417.44343849037364,5.0,-25.0,-0.017125068839061803,0.49970664596066505,-3.095587893325068,33.32929187481812,8.829000000000008,1.8872870378358706,-1.4792212255088089e-06,3.7814243512698225,-12.049185065591299,0.017125068839061803,-0.49970664596066505,0.2718696938584084,0.0,0.0,3.798549420108884,-12.277022017693556
41.900000000000325,0.0,403.0,441.1861566478093,420.79347443065546,1.116851447920395,PILOT_DESC_MINPAY_ACC,caténaire,,12.61306441580906,0.5,12.61306441580906,0.32034369948642444,-0.947301385093124,0.034279028786515585,-0.9994123013979033,29.87295505706751,-417.49411528794354,5.0,-25.0,-0.017139514393257792,0.49970615069895163,-3.2891580745915796,33.32929252337271,8.829000000000008,1.6937024110151624,-1.3259283520028475e-06,4.040515716820851,-11.948373391364717,0.017139514393257792,-0.49970615069895163,0.27193853440141164,0.0,0.0,4.057655231214109,-12.176141007662256
42.00000000000033,0.0,403.0,441.2979009174397,420.62161900965975,1.1174426963040478,PILOT_DESC_MINPAY_ACC,caténaire,,12.695498967360033,0.5,12.695498967360033,0.3183959219086889,-0.9479578244373091,0.03431213506814983,-0.9994111653303983,29.894579583101873,-417.5447920859554,5.0,-25.0,-0.017156067534074913,0.49970558266519916,-3.4678708559791733,33.32929310470911,8.829000000000008,1.514973076486752,-1.3126256988016394e-06,4.042195097803405,-12.034797581244721,0.017156067534074913,-0.49970558266519916,0.27200741138781104,0.0,0.0,4.05935116533748,-12.262495752522108
42.10000000000033,0.0,403.0,441.40971899034946,420.16456739580343,1.118180729098112,PILOT_DESC_MINPAY_ACC,caténaire,,12.480631948477315,0.5,12.480631948477315,0.2864704902974166,-0.9580890658956284,0.03434683121949393,-0.9994099735269705,29.916709100161732,-417.59546888440485,5.0,-25.0,-0.017173415609746966,0.49970498676348524,-3.6317303356440522,33.32929368028823,8.829000000000008,1.3510962487462006,-1.3329482939639092e-06,3.5753327535018986,-11.957557005303768,0.017173415609746966,-0.49970498676348524,0.27207633386511115,0.0,0.0,3.5925061691116458,-12.18518565820214
42.20000000000033,0.0,403.0,441.52156419831994,420.57962109373653,1.1184520797049675,PILOT_DESC_MINPAY_ACC,caténaire,,12.356502876799302,0.5,12.356502876799302,0.27855000735417884,-0.9604217268486729,0.03437972560174293,-0.9994088425001798,29.93928898263784,-417.6461456832986,5.0,-25.0,-0.017189862800871467,0.4997044212500899,-3.781055702980114,33.32929426469021,8.829000000000008,1.2017544342190147,-1.314059709045523e-06,3.441903967204378,-11.86745383074618,0.017189862800871467,-0.4997044212500899,0.2721452730679329,0.0,0.0,3.459093830005249,-12.095012978928338
42.30000000000033,0.0,403.0,441.63341230358867,420.89559856000477,1.118481052687115,PILOT_DESC_MINPAY_ACC,caténaire,,12.626229934203089,0.5,12.626229934203089,0.2998558994759488,-0.9539845069755952,0.034406942695907765,-0.9994079058594246,29.962269449925355,-417.69682248263035,5.0,-25.0,-0.017203471347953882,0.4997039529297123,-3.9164035179964425,33.329294840867504,8.829000000000008,1.0663930106556037,-1.2062027892056904e-06,3.7860495339106173,-12.045227738741236,0.017203471347953882,-0.4997039529297123,0.2722142140565928,0.0,0.0,3.803253005258571,-12.272717477614355
42.40000000000033,0.0,403.0,441.74531991327405,420.8159542428178,1.119076096853978,PILOT_DESC_MINPAY_ACC,caténaire,,12.79319665440691,0.5,12.79319665440691,0.30557922127588744,-0.9521666553311046,0.03443693040245372,-0.9994068730124166,29.985605381549753,-417.7474992823642,5.0,-25.0,-0.01721846520122686,0.4997034365062083,-4.038499266637963,33.32929536971542,8.829000000000008,0.9442822681608103,-1.1937783810367364e-06,3.9093350712829515,-12.181255269419703,0.01721846520122686,-0.4997034365062083,0.27228319172261356,0.0,5.551115123125783e-17,3.9265535364841786,-12.408675514203297
42.500000000000334,0.0,403.0,441.8573171041618,421.18882686355005,1.119971908877373,PILOT_DESC_MINPAY_ACC,caténaire,,12.733315394614118,0.5,12.733315394614118,0.2858196406389585,-0.95828343042391,0.03446616266676884,-0.9994058653175033,30.009256073930207,-417.7981760824959,5.0,-25.0,-0.01723308133338442,0.49970293265875165,-4.148178534554858,33.329295893105126,8.829000000000008,0.8345883841117576,-1.1742361323285877e-06,3.639431630231125,-12.2021251570204,0.01723308133338442,-0.49970293265875165,0.27235222460473857,0.0,0.0,3.6566647115645097,-12.429475865074414
42.600000000000335,0.0,403.0,441.9693852891073,421.8854175998188,1.1206818494553956,PILOT_DESC_MINPAY_ACC,caténaire,,12.695410870678984,0.5,12.695410870678984,0.2757228915835852,-0.9612371648333133,0.03449347219654016,-0.9994049231296726,30.033184962438696,-417.84885288301905,5.0,-25.0,-0.01724673609827008,0.4997024615648363,-4.2463400861466845,33.329296407971064,8.829000000000008,0.7364131777550451,-1.13046410632478e-06,3.5004153951052905,-12.203300751725493,0.01724673609827008,-0.4997024615648363,0.27242130124621505,0.0,-5.551115123125783e-17,3.5176621312035605,-12.430581912044115
42.70000000000034,0.0,403.0,442.0815118773452,420.8214589091729,1.1212658823788326,PILOT_DESC_MINPAY_ACC,caténaire,,12.83588951182756,0.5,12.83588951182756,0.23959717251924537,-0.9708723885870806,0.03452156483650948,-0.9994039531446925,30.057359322006437,-417.899529683919,5.0,-25.0,-0.01726078241825474,0.4997019765723463,-4.333907882345332,33.32929690362113,8.829000000000008,0.6488313352364132,-1.1198065337225671e-06,3.07544283380332,-12.46201070998788,0.01726078241825474,-0.4997019765723463,0.2724904138863407,0.0,0.0,3.092703616221575,-12.689222272673884
42.80000000000034,0.0,403.0,442.19372098303444,421.51214623008445,1.1220910568928302,PILOT_DESC_MINPAY_ACC,caténaire,,12.855836900637481,0.5,12.855836900637481,0.22717123334033645,-0.9738548304252694,0.03454573423564753,-0.9994031179889926,30.081749958685926,-417.95020648519227,5.0,-25.0,-0.017272867117823765,0.4997015589944963,-4.411801816989835,33.329297394635454,8.829000000000008,0.5709253158923406,-1.046370059043511e-06,2.920476324340025,-12.519718864845235,0.017272867117823765,-0.4997015589944963,0.2725595773886126,0.0,0.0,2.937749191457849,-12.746860846451119
42.90000000000034,0.0,403.0,442.3060099966403,422.14740938247724,1.1228901360587176,PILOT_DESC_MINPAY_ACC,caténaire,,12.688238310024651,0.5,12.688238310024651,0.24386403084161545,-0.9698094320337783,0.034564712226787225,-0.9994024618083944,30.106330903804043,-418.0008832868143,5.0,-25.0,-0.017282356113393613,0.4997012309041972,-4.480916751265518,33.32929785342393,8.829000000000008,0.5018008926210884,-9.156718761005322e-07,3.094204938561618,-12.305173188954235,0.017282356113393613,-0.4997012309041972,0.2726287901445643,0.0,1.1102230246251565e-16,3.111487294675012,-12.532245629713868
43.00000000000034,0.0,403.0,442.4183388769855,421.19917899874554,1.1232888034523016,PILOT_DESC_MINPAY_ACC,caténaire,,12.534738736051954,0.5,12.534738736051954,0.2986887681209438,-0.9543505748928918,0.034586362608685306,-0.9994017127869556,30.13107911588637,-418.05156008874155,5.0,-25.0,-0.017293181304342653,0.4997008563934778,-4.542107193431328,33.32929825486385,8.829000000000008,0.44059962526432894,-8.88742675897447e-07,3.7439856717892344,-11.962535118883382,0.017293181304342653,-0.4997008563934778,0.27269802747359595,0.0,0.0,3.761278853093577,-12.189537947803263
43.10000000000034,0.0,403.0,442.53067424396585,421.6257856295054,1.1233536698032476,PILOT_DESC_MINPAY_ACC,caténaire,,12.663013048267903,0.5,12.663013048267903,0.338806272361006,-0.940856157873689,0.03461502350687223,-0.9994007205058534,30.15597419451045,-418.10223689096506,5.0,-25.0,-0.017307511753436117,0.4997003602529267,-4.5961767928087545,33.32929864456489,8.829000000000008,0.3865156954378097,-9.951821908771308e-07,4.290308247742428,-11.91407380369773,0.017307511753436117,-0.4997003602529267,0.2727672688008629,0.0,0.0,4.307615759495864,-12.141006895149795
43.200000000000344,0.0,403.0,442.6430422659785,421.16415446694833,1.1236802201269775,PILOT_DESC_MINPAY_ACC,caténaire,,12.623831414465476,0.5,12.623831414465476,0.35351925999600653,-0.9354272461350887,0.03463906975582056,-0.9993998873556328,30.180998111699676,-418.1529136935203,5.0,-25.0,-0.01731953487791028,0.4996999436778164,-4.64387273595404,33.32929908092239,8.829000000000008,0.3388077291680496,-9.753998000405772e-07,4.462767539956175,-11.808675855707062,0.01731953487791028,-0.4996999436778164,0.27283653025605425,0.0,0.0,4.480087074834086,-12.035539269128824
43.300000000000345,0.0,403.0,442.7554328757937,421.0912142534585,1.1239060981520475,PILOT_DESC_MINPAY_ACC,caténaire,,12.464767817668717,0.5,12.464767817668717,0.34149243455994976,-0.9398845232997076,0.034658166794973036,-0.999399225272069,30.206134964798625,-418.2035904964007,5.0,-25.0,-0.017329083397486518,0.4996996126360345,-4.6858840216538065,33.329299508606574,8.829000000000008,0.29678689494870714,-8.787573975155283e-07,4.256623908280202,-11.7154423583511,0.017329083397486518,-0.4996996126360345,0.27290580563392614,0.0,5.551115123125783e-17,4.273952991677689,-11.942236165353208
43.40000000000035,0.0,403.0,442.8678129238668,421.0971970880561,1.1238004807310256,PILOT_DESC_MINPAY_ACC,caténaire,,12.7959575445453,0.5,12.7959575445453,0.29768196604158464,-0.9546650968238112,0.034678345300404256,-0.9993985252977042,30.231370746862556,-418.254267299574,5.0,-25.0,-0.017339172650202128,0.4996992626488521,-4.722840268340532,33.32929989389619,8.829000000000008,0.25982055900926593,-8.4345496276228e-07,3.8091257992448933,-12.215854048216716,0.017339172650202128,-0.4996992626488521,0.27297507450174635,0.0,-5.551115123125783e-17,3.8264649718950956,-12.442578236363822
43.50000000000035,0.0,403.0,442.98025052697614,421.38254575183,1.1243760310935973,PILOT_DESC_MINPAY_ACC,caténaire,,12.783484016503545,0.5,12.783484016503545,0.27336693490294,-0.9619098288830257,0.034700514798819485,-0.9993977557873025,30.25669313577949,-418.30494410302845,5.0,-25.0,-0.017350257399409742,0.49969887789365125,-4.755312589494422,33.32930026370844,8.829000000000008,0.2273371531061681,-8.583979180798451e-07,3.494581842972299,-12.296558922843818,0.017350257399409742,-0.49969887789365125,0.2730443788453674,0.0,-5.551115123125783e-17,3.5119321003717086,-12.523213421892102
43.60000000000035,0.0,403.0,443.09273817015213,421.74955190527055,1.1248764317599815,PILOT_DESC_MINPAY_ACC,caténaire,,12.686358379634086,0.5,12.686358379634086,0.2742383147845568,-0.961661763149667,0.034717609588229816,-0.999397162085464,30.28209130374746,-418.35562090676905,5.0,-25.0,-0.017358804794114908,0.499698581042732,-4.7838163983345625,33.32930064010043,8.829000000000008,0.19882479687132282,-7.788568510136429e-07,3.4790855427837926,-12.199985767307467,0.017358804794114908,-0.499698581042732,0.2731137140327087,0.0,1.1102230246251565e-16,3.4964443475779077,-12.42657063431749
43.70000000000035,0.0,403.0,443.20525208262296,421.3000433265739,1.1251391247083824,PILOT_DESC_MINPAY_ACC,caténaire,,12.572056482017558,0.5,12.572056482017558,0.3118511995681075,-0.9501309537784423,0.034740523387904745,-0.9993963658302618,30.307555746647722,-418.40629771076925,5.0,-25.0,-0.017370261693952373,0.4996981829151309,-4.808815112068501,33.32930098157486,8.829000000000008,0.1738146262375464,-8.355100149515238e-07,3.9206108949551766,-11.94510001621579,0.017370261693952373,-0.4996981829151309,0.27318306541193044,0.0,0.0,3.937981156649129,-12.17161513371899
43.80000000000035,0.0,403.0,443.31776736790516,422.9366990305482,1.1251528528218717,PILOT_DESC_MINPAY_ACC,caténaire,,12.700597712082084,0.5,12.700597712082084,0.33699964874744615,-0.9415047725551359,0.03476077056388999,-0.9993956618025739,30.33307812775673,-418.456974515048,5.0,-25.0,-0.017380385281944993,0.49969783090128694,-4.830722608302267,33.329301347947684,8.829000000000008,0.15189700641578785,-8.211510333921979e-07,4.280096967854281,-11.95767336022812,0.017380385281944993,-0.49969783090128694,0.2732524176373264,0.0,0.0,4.297477353136226,-12.18411877349208
43.900000000000354,0.0,403.0,443.4303101285034,421.86576898281913,1.1254276059821686,PILOT_DESC_MINPAY_ACC,caténaire,,12.737701785669419,0.5,12.737701785669419,0.340687767474435,-0.9401764967777516,0.03478281489624427,-0.999394894817806,30.358651141201207,-418.5076513196004,5.0,-25.0,-0.017391407448122134,0.499697447408903,-4.849908387339069,33.329301707965065,8.829000000000008,0.13270020521280834,-8.446260366667957e-07,4.339579184114839,-11.975687841850386,0.017391407448122134,-0.499697447408903,0.2733217867979707,0.0,1.1102230246251565e-16,4.356970591562961,-12.202063502461318
44.000000000000355,0.0,403.0,443.5428855172401,421.72075373436894,1.1257538873672464,PILOT_DESC_MINPAY_ACC,caténaire,,12.735149984917685,0.5,12.735149984917685,0.317357012677417,-0.9483061354354223,0.03480248041710528,-0.9993942101877602,30.384268388047424,-418.5583281244344,5.0,-25.0,-0.01740124020855264,0.4996971050938801,-4.866700579627576,33.3293020783007,8.829000000000008,0.11589818016387099,-8.166054286107283e-07,4.041589155212328,-12.076820866387767,0.01740124020855264,-0.4996971050938801,0.2733911760699627,0.0,5.551115123125783e-17,4.0589903954208815,-12.303126795411684
44.10000000000036,0.0,403.0,443.6554901948978,421.84017210071846,1.1260467765773226,PILOT_DESC_MINPAY_ACC,caténaire,,12.811923056351684,0.5,12.811923056351684,0.32771460336774033,-0.944776766617133,0.0348231013436637,-0.9993934918803549,30.40992426762036,-418.6090049295406,5.0,-25.0,-0.01741155067183185,0.49969674594017743,-4.881390345798399,33.32930243637407,8.829000000000008,0.10119810352976888,-8.1768575910246e-07,4.1986542827903,-12.10440723932744,0.01741155067183185,-0.49969674594017743,0.2734605833950738,0.0,5.551115123125783e-17,4.216065833462132,-12.330643401872543
44.20000000000036,0.0,403.0,443.7681369812225,421.9936143238665,1.126467863246409,PILOT_DESC_MINPAY_ACC,caténaire,,12.697055834242459,0.5,12.697055834242459,0.31837708455689656,-0.9479641512362431,0.03484392348707068,-0.9993927661315279,30.435613879894476,-418.6596817349194,5.0,-25.0,-0.01742196174353534,0.49969638306576397,-4.894235021938427,33.32930279489606,8.829000000000008,0.08834301631803765,-8.220381886303585e-07,4.042451618962248,-12.036353757106841,0.01742196174353534,-0.49969638306576397,0.27353001667514526,0.0,0.0,4.0598735807057835,-12.26252012349746
44.30000000000036,0.0,403.0,443.8807990509592,422.1136478244526,1.1266206973667259,PILOT_DESC_MINPAY_ACC,caténaire,,12.686638599522164,0.5,12.686638599522164,0.27819279993448287,-0.9605252552976484,0.034866282754158165,-0.9993919863231381,30.461332939840695,-418.71035854057214,5.0,-25.0,-0.017433141377079082,0.49969599316156904,-4.90546185013952,33.3293031552873,8.829000000000008,0.07710500848340018,-8.515511424889155e-07,3.529331513757957,-12.185836779675027,0.017433141377079082,-0.49969599316156904,0.2735994593756135,0.0,-5.551115123125783e-17,3.546764655135036,-12.411933313460983
44.40000000000036,0.0,403.0,443.99347312076935,421.7298708448831,1.1267406981017016,PILOT_DESC_MINPAY_ACC,caténaire,,12.702361643716058,0.5,12.702361643716058,0.26686826970168864,-0.963733016258355,0.03488883703862512,-0.9993911992058427,30.48707770145641,-418.7610353465088,5.0,-25.0,-0.01744441851931256,0.49969559960292137,-4.915271038820516,33.32930352868851,8.829000000000008,0.06728454266017092,-8.717085719922579e-07,3.389857272983602,-12.241685300502912,0.01744441851931256,-0.49969559960292137,0.2736689094726928,0.0,-5.551115123125783e-17,3.407301691502915,-12.46771199063314
44.50000000000036,0.0,403.0,444.10616143692323,422.47114749388254,1.1268831615386277,PILOT_DESC_MINPAY_ACC,caténaire,,12.589816661745445,0.5,12.589816661745445,0.28687707092443154,-0.9579674035048472,0.03490558095226042,-0.9993906145338693,30.51284489125301,-418.811712152736,5.0,-25.0,-0.01745279047613021,0.4996953072669347,-4.9238388872236865,33.329303910912586,8.829000000000008,0.05870832230018319,-7.818204892373615e-07,3.611729727397138,-12.060633978054348,0.01745279047613021,-0.4996953072669347,0.2737383683509402,0.0,5.551115123125783e-17,3.6291825178732684,-12.286590916970342
44.600000000000364,0.0,403.0,444.21884034403297,422.545369562346,1.1267890710972823,PILOT_DESC_MINPAY_ACC,caténaire,,12.507499474602055,0.5,12.507499474602055,0.34104015149357453,-0.9400487301567083,0.034925902971367676,-0.9993899045425837,30.538631650490377,-418.8623889592238,5.0,-25.0,-0.017462951485683838,0.49969495227129185,-4.931320755778984,33.32930425365812,8.829000000000008,0.051216292735332125,-7.940705941678061e-07,4.265559515624089,-11.757658998535359,0.017462951485683838,-0.49969495227129185,0.2738078214296365,0.0,-5.551115123125783e-17,4.283022467109773,-11.983546129377013
44.700000000000365,0.0,403.0,444.3314945773267,421.8288166201505,1.1265423329369972,PILOT_DESC_MINPAY_ACC,caténaire,,12.507338197788455,0.5,12.507338197788455,0.37775420471274257,-0.9259059135904918,0.03494924064365179,-0.9993890886828973,30.564435481825324,-418.9130657659763,5.0,-25.0,-0.017474620321825896,0.49969454434144867,-4.937852468946697,33.329304601861864,8.829000000000008,0.04467291073147717,-8.537966920130202e-07,4.724699593978885,-11.580618400608575,0.017474620321825896,-0.49969454434144867,0.2738772592998743,0.0,-1.1102230246251565e-16,4.742174214300711,-11.806435685650149
44.80000000000037,0.0,403.0,444.44412681178346,421.8229358842867,1.1263223445675792,PILOT_DESC_MINPAY_ACC,caténaire,,12.374640477617117,0.5,12.374640477617117,0.38933498286381857,-0.9210962333645872,0.034969349338347944,-0.9993883852671356,30.590254204130513,-418.9637425730134,5.0,-25.0,-0.017484674669173972,0.4996941926335678,-4.9435532216396965,33.3293049762351,8.829000000000008,0.03896210369112918,-8.311313379749663e-07,4.8178804382989755,-11.398234733174084,0.017484674669173972,-0.4996941926335678,0.2739466836104584,0.0,0.0,4.83536511296815,-11.623982242197194
44.90000000000037,0.0,403.0,444.55671293193956,422.84981081037535,1.1258612015610456,PILOT_DESC_MINPAY_ACC,caténaire,,12.119405671100274,0.5,12.119405671100274,0.37555503419627617,-0.9268000951067246,0.034982986310683466,-0.9993879080060887,30.6160859138036,-419.0144193803276,5.0,-25.0,-0.017491493155341733,0.49969395400304434,-4.94852789789103,33.32930534066393,8.829000000000008,0.033980608953627645,-7.053330364215071e-07,4.551503811248607,-11.232266328612711,0.017491493155341733,-0.49969395400304434,0.27401607949708773,0.0,1.1102230246251565e-16,4.568995304403949,-11.457944203118668
45.00000000000037,0.0,403.0,444.6692067127782,422.21556544362574,1.1249378083865356,PILOT_DESC_MINPAY_ACC,caténaire,,12.283171195655923,0.5,12.283171195655923,0.33089956132564996,-0.9436659792079466,0.03500025186023543,-0.9993873034863511,30.64192895034634,-419.06509618787686,5.0,-25.0,-0.017500125930117714,0.49969365174317554,-4.9528685799488645,33.32930564991252,8.829000000000008,0.029631294121017504,-6.983443157082547e-07,4.0644959603304045,-11.591210774127491,0.017500125930117714,-0.49969365174317554,0.27408541846756446,0.0,-5.551115123125783e-17,4.0819960862605225,-11.816819007403103
45.10000000000037,0.0,403.0,444.78165033989785,422.7542274596903,1.1244362711966862,PILOT_DESC_MINPAY_ACC,caténaire,,12.31883333851651,0.5,12.31883333851651,0.30370368642065043,-0.9527665353351298,0.03502371932938181,-0.9993864813395948,30.66778186398712,-419.1157729956589,5.0,-25.0,-0.017511859664690904,0.4996932406697974,-4.956655233809588,33.329305956095546,8.829000000000008,0.025832906525720567,-8.032346627828701e-07,3.7412750973090727,-11.736972159309266,0.017511859664690904,-0.4996932406697974,0.27415472652426787,0.0,0.0,3.7587869569737635,-11.962510673454796
45.20000000000037,0.0,403.0,444.8940561492152,422.7977862766535,1.1240580931732653,PILOT_DESC_MINPAY_ACC,caténaire,,12.521588383856457,0.5,12.521588383856457,0.300979846225931,-0.9536305008575464,0.035044537704407464,-0.9993857515379555,30.69364338859674,-419.1664498037087,5.0,-25.0,-0.017522268852203732,0.49969287576897775,-4.959957663273672,33.329306308262105,8.829000000000008,0.022520067874124194,-8.159689244280344e-07,3.7687457462775202,-11.940968602029068,0.017522268852203732,-0.49969287576897775,0.27422401127081614,0.0,5.551115123125783e-17,3.786268015129724,-12.16643746652723
45.300000000000374,0.0,403.0,445.0064686525045,422.4641508066879,1.1241250328929693,PILOT_DESC_MINPAY_ACC,caténaire,,12.293614298896241,0.5,12.293614298896241,0.3325357142455731,-0.9430906630601253,0.03506521818605916,-0.9993850261403581,30.719512419895654,-419.2171266120305,5.0,-25.0,-0.01753260909302958,0.49969251307017903,-4.962837483032322,33.329306666036416,8.829000000000008,0.019629907874648467,-8.208934119124933e-07,4.088065811543052,-11.593992860551493,0.01753260909302958,-0.49969251307017903,0.2742933001433981,0.0,0.0,4.105598420636081,-11.819392073478275
45.400000000000375,0.0,403.0,445.11884175655865,422.2311653486631,1.1237310405414878,PILOT_DESC_MINPAY_ACC,caténaire,,12.254224754946167,0.5,12.254224754946167,0.33989370204890523,-0.9404638596498485,0.035084876236450596,-0.9993843362087845,30.745387994497193,-419.2678034206259,5.0,-25.0,-0.017542438118225298,0.49969216810439226,-4.9653483968777685,33.329307025979055,8.829000000000008,0.0171091650040065,-8.059165566010051e-07,4.165133817697991,-11.52465551005339,0.017542438118225298,-0.49969216810439226,0.27436256473106063,0.0,5.551115123125783e-17,4.182676255816216,-11.749985113426723
45.50000000000038,0.0,403.0,445.2311716874285,422.1118030111984,1.1232993086986582,PILOT_DESC_MINPAY_ACC,caténaire,,12.209078224749573,0.5,12.209078224749573,0.318168086875574,-0.9480343182047457,0.03510500433819733,-0.9993836293788364,30.77126927215373,-419.31848022949,5.0,-25.0,-0.017552502169098667,0.4996918146894182,-4.967537393727559,33.32930737934194,8.829000000000008,0.01491010410334237,-8.059686464889637e-07,3.8845390612828012,-11.574625150708869,0.017552502169098667,-0.4996918146894182,0.27443180270761514,0.0,1.1102230246251565e-16,3.9020915634519,-11.799885162690671
45.60000000000038,0.0,403.0,445.34345389107204,422.87933420092793,1.1228220364352184,PILOT_DESC_MINPAY_ACC,caténaire,,12.227909923826855,0.5,12.227909923826855,0.3150242079551525,-0.9490836361471147,0.0351259461742832,-0.9993828935424908,30.79715551984497,-419.3691570386227,5.0,-25.0,-0.0175629730871416,0.4996914467712454,-4.969445429650794,33.32930773270483,8.829000000000008,0.012991597262064225,-8.205239367953254e-07,3.8520876387005045,-11.605309212984979,0.0175629730871416,-0.4996914467712454,0.27450101126603904,0.0,0.0,3.869650611787646,-11.830499648490186
45.70000000000038,0.0,403.0,445.45569705917484,422.6104468386521,1.1224316810279193,PILOT_DESC_MINPAY_ACC,caténaire,,12.173781553932189,0.5,12.173781553932189,0.3380205652057774,-0.9411387238329783,0.03514561582171136,-0.9993822020070763,30.82304609806863,-419.41983384802893,5.0,-25.0,-0.01757280791085568,0.49969110100353814,-4.971108254242174,33.32930809249794,8.829000000000008,0.011318937846970023,-8.064985337341568e-07,4.114988521551825,-11.45721723588919,0.01757280791085568,-0.49969110100353814,0.2745701957637177,0.0,-5.551115123125783e-17,4.132561329462681,-11.682338141129012
45.80000000000038,0.0,403.0,445.5678944175883,422.5244567726047,1.1219735841345957,PILOT_DESC_MINPAY_ACC,caténaire,,12.215378384716495,0.5,12.215378384716495,0.36116503282761114,-0.9325019137045407,0.03516170237865814,-0.9993816361559956,30.848940449271574,-419.470510657704,5.0,-25.0,-0.01758085118932907,0.4996908180779978,-4.972557218025531,33.32930844608513,8.829000000000008,0.009861930785139528,-7.358368776522184e-07,4.411767535317824,-11.390863720373213,0.01758085118932907,-0.4996908180779978,0.2746393520251981,0.0,-5.551115123125783e-17,4.4293483865071535,-11.615915186426012
45.90000000000038,0.0,403.0,445.6800590105537,422.53938421740986,1.1216459296534094,PILOT_DESC_MINPAY_ACC,caténaire,,12.12988639357114,0.5,12.12988639357114,0.3609102232394409,-0.9326005633502785,0.03517742733774107,-0.9993810827736824,30.874838087784777,-419.5211874676243,5.0,-25.0,-0.017588713668870534,0.4996905413868412,-4.973819839037059,33.32930876871757,8.829000000000008,0.008591447294070242,-6.898956002032719e-07,4.377800006172817,-11.312338884019322,0.017588713668870534,-0.4996905413868412,0.2747084880906959,0.0,0.0,4.395388719841687,-11.537320937315467
46.000000000000384,0.0,403.0,445.7921771565725,423.15470614083586,1.1211814601878962,PILOT_DESC_MINPAY_ACC,caténaire,,12.148016589262289,0.5,12.148016589262289,0.332170564485021,-0.9432193361513017,0.0351933377908276,-0.9993805226114528,30.900738590113747,-419.57186427777464,5.0,-25.0,-0.0175966688954138,0.4996902613057264,-4.974919930942036,33.329309071236885,8.829000000000008,0.007483400162549891,-6.674573995724131e-07,4.035213527828654,-11.458244142878977,0.0175966688954138,-0.4996902613057264,0.2747775955272026,0.0,0.0,4.052810196724068,-11.6831568086575
46.100000000000385,0.0,403.0,445.9042572636297,423.32523563829784,1.1208010705718363,PILOT_DESC_MINPAY_ACC,caténaire,,12.25111857897781,0.5,12.25111857897781,0.3279807943147874,-0.9446843909796759,0.035209080946773254,-0.9993799680896569,30.926641586909437,-419.62254108814744,5.0,-25.0,-0.017604540473386627,0.49968998404482845,-4.975878242069461,33.32930936388655,8.829000000000008,0.006517217457152391,-6.520686284261501e-07,4.018131602777792,-11.573440493601446,0.017604540473386627,-0.49968998404482845,0.27484667951723585,0.0,1.1102230246251565e-16,4.035736143251178,-11.798283798129038
46.20000000000039,0.0,403.0,446.0163238905566,422.3970502403562,1.1206662692688405,PILOT_DESC_MINPAY_ACC,caténaire,,12.27556305843318,0.5,12.27556305843318,0.3541101740838478,-0.9352037128937775,0.03522662342616459,-0.9993793498977209,30.952546756110944,-419.6732178987376,5.0,-25.0,-0.017613311713082294,0.49968967494886046,-4.976712900716322,33.32930964980694,8.829000000000008,0.005673787570596112,-6.752442089918986e-07,4.346901771599025,-11.480152150108404,0.017613311713082294,-0.49968967494886046,0.27491575519838,0.0,5.551115123125783e-17,4.3645150833121065,-11.704926069858885
46.30000000000039,0.0,403.0,446.12838340642566,422.6511260006961,1.1205951586907483,PILOT_DESC_MINPAY_ACC,caténaire,,12.151051325115821,0.5,12.151051325115821,0.36591211717502353,-0.93064940901743,0.035242871569842314,-0.9993787770427744,30.978453816574977,-419.72389470955284,5.0,-25.0,-0.017621435784921157,0.4996893885213872,-4.977439598473975,33.329309945821265,8.829000000000008,0.004938965741104084,-6.656573532382026e-07,4.446216916275505,-11.3083687346595,0.017621435784921157,-0.4996893885213872,0.27498482649640693,0.0,5.551115123125783e-17,4.463838352060426,-11.53307329668448
46.40000000000039,0.0,403.0,446.2404117500817,423.2900312571496,1.1202834365602985,PILOT_DESC_MINPAY_ACC,caténaire,,12.226795317969172,0.5,12.226795317969172,0.3527510611714943,-0.9357172055927926,0.03525953292373279,-0.9993781893447546,31.00436252336092,-419.77457152059,5.0,-25.0,-0.017629766461866394,0.4996890946723773,-4.978072223565404,33.32931023772325,8.829000000000008,0.004298009972729666,-6.676043824427325e-07,4.3130150231402835,-11.440822748285154,0.017629766461866394,-0.4996890946723773,0.2750538785804903,0.0,5.551115123125783e-17,4.33064478960215,-11.66545796437704
46.50000000000039,0.0,403.0,446.352427315812,422.7897095005742,1.1201556573030755,PILOT_DESC_MINPAY_ACC,caténaire,,12.149880234997417,0.5,12.149880234997417,0.30979478103428987,-0.9508034463778077,0.0352790299210187,-0.9993775012715826,31.03027266281686,-419.82524833184965,5.0,-25.0,-0.01763951496050935,0.4996887506357913,-4.978622782259429,33.3293105304477,8.829000000000008,0.003737702780060914,-7.189165174281698e-07,3.763969486993871,-11.552148000513151,0.01763951496050935,-0.4996887506357913,0.2751229227885096,0.0,5.551115123125783e-17,3.78160900195438,-11.776713828360432
46.60000000000039,0.0,403.0,446.46441612506766,423.19675528819226,1.1198880925566732,PILOT_DESC_MINPAY_ACC,caténaire,,12.168674359850257,0.5,12.168674359850257,0.2832576267987305,-0.9590438555459031,0.03529902053471866,-0.9993767953826473,31.056184048173723,-419.875925143349,5.0,-25.0,-0.01764951026735933,0.49968839769132367,-4.979101592485582,33.32931084567792,8.829000000000008,0.0032488972470581245,-7.566307687056906e-07,3.4468698204577453,-11.670292374953364,0.01764951026735933,-0.49968839769132367,0.2751919505043603,0.0,0.0,3.4645193307251048,-11.894788822140328
46.700000000000394,0.0,403.0,446.57638473759937,423.71430057297766,1.1196861253171841,PILOT_DESC_MINPAY_ACC,caténaire,,12.27002733796941,0.5,12.27002733796941,0.2797153687764878,-0.9600829716593422,0.035320047559026346,-0.9993760524649509,31.082096516496335,-419.9266019551005,5.0,-25.0,-0.017660023779513173,0.49968802623247544,-4.979517804053967,33.329311177432295,8.829000000000008,0.0028221721665202537,-7.963352359752207e-07,3.4321152217377002,-11.78024430897904,0.017660023779513173,-0.49968802623247544,0.27526096577134457,0.0,0.0,3.4497752455172135,-12.00467136944017
46.800000000000395,0.0,403.0,446.68835556772814,424.3551123746631,1.1197083012877371,PILOT_DESC_MINPAY_ACC,caténaire,,12.238575112940559,0.5,12.238575112940559,0.3083112426334303,-0.951285539502115,0.035340865416866776,-0.9993753165010565,31.108009925543005,-419.9772787671175,5.0,-25.0,-0.017670432708433388,0.49968765825052824,-4.979879362602674,33.32931152660808,8.829000000000008,0.0024502046888930096,-8.151413979362587e-07,3.773290301133278,-11.642379529050817,0.017670432708433388,-0.49968765825052824,0.2753299824052124,0.0,5.551115123125783e-17,3.7909607338417115,-11.866737204896133
46.9000000000004,0.0,403.0,446.8003222262265,423.29233718488933,1.1196665849835288,PILOT_DESC_MINPAY_ACC,caténaire,,12.001365273829864,0.5,12.001365273829864,0.325342306210964,-0.9455963112181283,0.03535707333759401,-0.999374743209473,31.13392415132457,-420.02795557940624,5.0,-25.0,-0.017678536668797006,0.4996873716047365,-4.980193277714679,33.32931188400857,8.829000000000008,0.002128185616524725,-7.443867033884999e-07,3.904551855867985,-11.34844673251486,0.017678536668797006,-0.4996873716047365,0.2753989964677688,0.0,0.0,3.922230392536782,-11.572735107651827
47.0000000000004,0.0,403.0,446.91223781032244,423.80341386798966,1.119155840959053,PILOT_DESC_MINPAY_ACC,caténaire,,12.14601878083399,0.5,12.14601878083399,0.3205878269148257,-0.9472187948061576,0.03538103141990872,-0.9993738953042867,31.159839086501343,-420.0786323919431,5.0,-25.0,-0.01769051570995436,0.49968694765214333,-4.9804659444438215,33.32931221037952,8.829000000000008,0.0018435398462237629,-8.419683439342407e-07,3.893865766614229,-11.504937271274526,0.01769051570995436,-0.49968694765214333,0.27546797904906045,0.0,5.551115123125783e-17,3.911556282324183,-11.729156239877609
47.1000000000004,0.0,403.0,447.0241364793634,424.00958708813147,1.1189866904096677,PILOT_DESC_MINPAY_ACC,caténaire,,12.120623086352293,0.5,12.120623086352293,0.2874971248652709,-0.9577815007579771,0.035403145340127916,-0.9993731121558284,31.185754636191394,-420.12930920476055,5.0,-25.0,-0.017701572670063958,0.4996865560779142,-4.980702147909242,33.3293125795189,8.829000000000008,0.0015962794206938469,-8.64403197908814e-07,3.4846442889019102,-11.608908569768282,0.017701572670063958,-0.4996865560779142,0.2755369512042425,0.0,-1.1102230246251565e-16,3.5023458615719743,-11.833058174641954
47.2000000000004,0.0,403.0,447.1360149661906,423.7328491892525,1.1187848682720434,PILOT_DESC_MINPAY_ACC,caténaire,,12.030574774704958,0.5,12.030574774704958,0.27602219559458485,-0.9611512615291856,0.03542164711428186,-0.9993724565524664,31.211670717974588,-420.17998601786616,5.0,-25.0,-0.01771082355714093,0.4996862282762332,-4.980906675669448,33.32931295852792,8.829000000000008,0.0013825007734116213,-8.131958537660466e-07,3.3207056635788903,-11.563202121628867,0.01771082355714093,-0.4996862282762332,0.2756059109195019,0.0,0.0,3.338416487136031,-11.7872824389856
47.3000000000004,0.0,403.0,447.24785739919423,424.13036854322155,1.1184243300361683,PILOT_DESC_MINPAY_ACC,caténaire,,11.980456073421536,0.5,11.980456073421536,0.2948049733233781,-0.9555574434348793,0.035437554107764606,-0.9993718926199892,31.237587260591372,-420.23066283124285,5.0,-25.0,-0.017718777053882303,0.4996859463099946,-4.981083815835282,33.329313315105935,8.829000000000008,0.0011974071108360462,-7.385840774531971e-07,3.5318980331269385,-11.448013976702555,0.017718777053882303,-0.4996859463099946,0.27567484841188833,0.0,-5.551115123125783e-17,3.549616810180821,-11.672025074600661
47.400000000000404,0.0,403.0,447.3596574792826,423.91005974011597,1.1180008008837803,PILOT_DESC_MINPAY_ACC,caténaire,,12.13138622238587,0.5,12.13138622238587,0.3487566799743707,-0.9372133045221106,0.035451833594449166,-0.9993713861697219,31.26350420234386,-420.28133964486574,5.0,-25.0,-0.017725916797224583,0.49968569308486094,-4.9812372424504385,33.32931363893472,8.829000000000008,0.0010368407523371204,-6.679804229747788e-07,4.230901982406119,-11.369696569916266,0.017725916797224583,-0.49968569308486094,0.2757437597987645,0.0,-5.551115123125783e-17,4.248627899203344,-11.593638503202362
47.500000000000405,0.0,403.0,447.47144974654714,424.04397036658077,1.1179226726452212,PILOT_DESC_MINPAY_ACC,caténaire,,11.961798252255669,0.5,11.961798252255669,0.39311359082004094,-0.9194899155034674,0.0354695507385455,-0.9993707575121487,31.28942148970993,-420.3320164587113,5.0,-25.0,-0.01773477536927275,0.4996853787560743,-4.981370097224942,33.32931393180873,8.829000000000008,0.0008951274057853453,-6.894352040376361e-07,4.702345463609116,-10.998752864236089,0.01773477536927275,-0.4996853787560743,0.27581266636996865,0.0,-5.551115123125783e-17,4.7200802389783885,-11.222625576622194
47.600000000000406,0.0,403.0,447.5832011830096,424.33568510544353,1.117514364624435,PILOT_DESC_MINPAY_ACC,caténaire,,11.92641495572696,0.5,11.92641495572696,0.4238035501985394,-0.9057541337687144,0.035489431845458885,-0.9993700516962106,31.315339075451803,-420.38269327278664,5.0,-25.0,-0.017744715922729443,0.4996850258481053,-4.981484795096982,33.329314234103755,8.829000000000008,0.0007704889802884196,-7.400481507602308e-07,5.054456999378042,-10.802399647190713,0.017744715922729443,-0.4996850258481053,0.2758815477738634,0.0,0.0,5.072201715300771,-11.026203125264955
47.70000000000041,0.0,403.0,447.6949089130363,423.7092491248755,1.117077300266943,PILOT_DESC_MINPAY_ACC,caténaire,,12.011656492226694,0.5,12.011656492226694,0.4276193046118299,-0.9039589207056342,0.03551215501608708,-0.9993692444968043,31.341256918023337,-420.4333700871087,5.0,-25.0,-0.01775607750804354,0.49968462224840215,-4.98158352338176,33.32931455860546,8.829000000000008,0.0006603991101963302,-8.191461446926951e-07,5.136416196442151,-10.858044038600067,0.01775607750804354,-0.49968462224840215,0.27595040223796446,0.0,-5.551115123125783e-17,5.154172273950195,-11.081778258610505
47.80000000000041,0.0,403.0,447.8065944731778,425.04778845424505,1.1168556014155968,PILOT_DESC_MINPAY_ACC,caténaire,,11.96462179816241,0.5,11.96462179816241,0.40431462326622597,-0.9146199677533231,0.03552952305446958,-0.999368627179942,31.367174980727906,-420.4840469017038,5.0,-25.0,-0.01776476152723479,0.499684313589971,-4.981668145838732,33.329314917725675,8.829000000000008,0.0005670926340330951,-7.68684358831706e-07,4.83747155484691,-10.943082003216011,0.01776476152723479,-0.499684313589971,0.27601924303698105,0.0,-5.551115123125783e-17,4.855236316374144,-11.166747073769
47.90000000000041,0.0,403.0,447.91825079077415,423.5331002737432,1.1165631759634729,PILOT_DESC_MINPAY_ACC,caténaire,,11.974310510659816,0.5,11.974310510659816,0.34772285566935607,-0.9375973632882869,0.03554323118081589,-0.9993681397349162,31.393093232463354,-420.5347237165551,5.0,-25.0,-0.017771615590407946,0.4996840698674581,-4.981740812731209,33.329315254788746,8.829000000000008,0.00048757167838342497,-6.753438057671701e-07,4.163741445438217,-11.227081961989864,0.017771615590407946,-0.4996840698674581,0.2760880658114636,0.0,0.0,4.181513061028625,-11.450677966045857
48.00000000000041,0.0,403.0,448.0298828448396,424.19798498189976,1.116320540654663,PILOT_DESC_MINPAY_ACC,caténaire,,12.009913773131341,0.5,12.009913773131341,0.30138317083908656,-0.9535031118643388,0.03556097698551973,-0.9993675084351279,31.419011646722694,-420.58540053163154,5.0,-25.0,-0.017780488492759865,0.49968375421756395,-4.981803290282366,33.32931555087787,8.829000000000008,0.0004162212248735031,-6.949045712190127e-07,3.6195858944503416,-11.451490155903116,0.017780488492759865,-0.49968375421756395,0.27615687363037944,0.0,0.0,3.6373663829431013,-11.675017036490301
48.10000000000041,0.0,403.0,448.14150029915635,424.29666636276215,1.1161745431672947,PILOT_DESC_MINPAY_ACC,caténaire,,12.00469235736685,0.5,12.00469235736685,0.2693328531031902,-0.9630471505795006,0.03557680792194995,-0.9993669449897195,31.444930199722442,-420.6360773469396,5.0,-25.0,-0.017788403960974974,0.4996834724948597,-4.981856625279032,33.32931585556554,8.829000000000008,0.00035497075999302297,-6.719396097309982e-07,3.233258043235676,-11.561084768345653,0.017788403960974974,-0.4996834724948597,0.2762256724502951,0.0,0.0,3.251046447196651,-11.784542568390219
48.200000000000415,0.0,403.0,448.2531036859754,424.0118025641807,1.1160338681905941,PILOT_DESC_MINPAY_ACC,caténaire,,11.85168288656198,0.5,11.85168288656198,0.2563672736215152,-0.9665794437167964,0.03559301388697072,-0.9993663679364249,31.470848871045778,-420.68675416247163,5.0,-25.0,-0.01779650694348536,0.49968318396821243,-4.9819021118070195,33.329316150159265,8.829000000000008,0.0003013812494954138,-6.658725268948729e-07,3.038383629454664,-11.455593051600953,0.01779650694348536,-0.49968318396821243,0.27629446259927987,0.0,-5.551115123125783e-17,3.0561801363981496,-11.678981772969886
48.300000000000416,0.0,403.0,448.3646639265178,424.8793042950106,1.115602405423348,PILOT_DESC_MINPAY_ACC,caténaire,,12.039023114803324,0.5,12.039023114803324,0.27273855992764445,-0.9620881861495829,0.03561218321526939,-0.9993656850255777,31.49676764282953,-420.73743097822563,5.0,-25.0,-0.017806091607634696,0.4996828425127888,-4.981940731450582,33.32931644213605,8.829000000000008,0.0002531769417837282,-7.153511702995274e-07,3.283505827267083,-11.582601911534033,0.017806091607634696,-0.4996828425127888,0.2763632261537419,0.0,0.0,3.3013119188747178,-11.805921527893078
48.40000000000042,0.0,403.0,448.4762229196473,424.1022803526835,1.1155899312950524,PILOT_DESC_MINPAY_ACC,caténaire,,11.882632972643611,0.5,11.882632972643611,0.3245771999225361,-0.9458592079640851,0.03563206626440125,-0.9993649762993145,31.522686499005594,-420.7881077942181,5.0,-25.0,-0.017816033132200624,0.49968248814965727,-4.981973174206843,33.32931675579612,8.829000000000008,0.00021079266095647142,-7.560542272244675e-07,3.8568317379678647,-11.239297812032607,0.017816033132200624,-0.49968248814965727,0.2764319889393231,0.0,0.0,3.8746477711000655,-11.46254831124294
48.50000000000042,0.0,403.0,448.58774962810753,423.95498664555635,1.1152670846022321,PILOT_DESC_MINPAY_ACC,caténaire,,11.75335817471727,0.5,11.75335817471727,0.369690398024151,-0.92915499762351,0.03564845318539671,-0.999364391893912,31.54860542544588,-420.83878461046254,5.0,-25.0,-0.017824226592698354,0.499682195946956,-4.98200018581081,33.32931708725145,8.829000000000008,0.000175587596491944,-7.168016082914619e-07,4.3451036617316365,-10.920691486897686,0.017824226592698354,-0.499682195946956,0.2765007318252643,0.0,0.0,4.362927888324335,-11.143872951019379
48.60000000000042,0.0,403.0,448.6992215412905,424.470351260976,1.1147191318298968,PILOT_DESC_MINPAY_ACC,caténaire,,11.908823499999052,0.5,11.908823499999052,0.4010525398589469,-0.9160550530796105,0.03566777383896962,-0.9993637025174429,31.574524410415368,-420.88946142694596,5.0,-25.0,-0.01783388691948481,0.49968185125872144,-4.9820226861880155,33.329317401584454,8.829000000000008,0.0001434268924995763,-7.471568324035616e-07,4.776063911406533,-10.909137943407345,0.01783388691948481,-0.49968185125872144,0.2765694409364663,0.0,0.0,4.793897798326018,-11.1322503537296
48.70000000000042,0.0,403.0,448.81067534754277,423.66174640005244,1.1145380625224577,PILOT_DESC_MINPAY_ACC,caténaire,,11.757088783696467,0.5,11.757088783696467,0.41691430873201607,-0.9089457955095589,0.03569185755037165,-0.9993628426675689,31.600443443193818,-420.9401382436784,5.0,-25.0,-0.017845928775185826,0.49968142133378446,-4.982041065423369,33.329317729151754,8.829000000000008,0.00011300580144535388,-8.495144712128422e-07,4.901698542955752,-10.686556417373497,0.017845928775185826,-0.49968142133378446,0.2766381388869097,0.0,-1.1102230246251565e-16,4.919544471730938,-10.909599699820372
48.80000000000042,0.0,403.0,448.9220826262465,424.55792670690477,1.1140727870369904,PILOT_DESC_MINPAY_ACC,caténaire,,11.782300367356433,0.5,11.782300367356433,0.40511162637919534,-0.9142672312690656,0.03571261081019593,-0.9993621012571567,31.626362513640867,-420.99081506069405,5.0,-25.0,-0.017856305405097965,0.49968105062857837,-4.982055546414585,33.329318101655815,8.829000000000008,8.814818031765981e-05,-8.477156114850004e-07,4.7731468643079555,-10.772171134843461,0.017856305405097965,-0.49968105062857837,0.27670680815868043,0.0,0.0,4.791003169713053,-10.995145377313358
48.900000000000425,0.0,403.0,449.0334531879908,423.9039710462396,1.1137056174433269,PILOT_DESC_MINPAY_ACC,caténaire,,11.737549192779634,0.5,11.737549192779634,0.3659403507254766,-0.9306383076743161,0.03573196343311413,-0.9993614094956913,31.652281613470645,-421.04149187799226,5.0,-25.0,-0.017865981716557067,0.49968070474784565,-4.982066842072116,33.3293184733374,8.829000000000008,6.717621132690255e-05,-8.219147602517296e-07,4.295242868263314,-10.923412917012474,0.017865981716557067,-0.49968070474784565,0.27677545479883414,0.0,-1.1102230246251565e-16,4.313108849979871,-11.146318166961485
49.000000000000426,0.0,403.0,449.1447818696498,424.2972977694341,1.1132868165903491,PILOT_DESC_MINPAY_ACC,caténaire,,11.737448838690916,0.5,11.737448838690916,0.34509107281143747,-0.9385692044094838,0.03574931388573461,-0.9993607889829875,31.678200735692492,-421.09216869556445,5.0,-25.0,-0.017874656942867304,0.49968039449149376,-4.982075450305552,33.32931883372873,8.829000000000008,4.989275158084894e-05,-7.717797885220534e-07,4.050488811813209,-11.016408018327153,0.017874656942867304,-0.49968039449149376,0.27684407562492086,0.0,0.0,4.068363468756076,-11.239244337193727
49.10000000000043,0.0,403.0,449.25607295447855,424.36075332243354,1.1129108482872667,PILOT_DESC_MINPAY_ACC,caténaire,,11.853894933164748,0.5,11.853894933164748,0.3465765555094255,-0.9380216901389978,0.0357690357305649,-0.9993600832947579,31.704119874545256,-421.1428455133939,5.0,-25.0,-0.01788451786528245,0.49968004164737895,-4.98208184377132,33.32931917213767,8.829000000000008,3.3638363396981674e-05,-7.862149544735075e-07,4.10828207530687,-11.119210559937299,0.01788451786528245,-0.49968004164737895,0.2769126732770553,0.0,5.551115123125783e-17,4.126166593172153,-11.341977928307623
49.20000000000043,0.0,403.0,449.3673536066087,424.9289485543333,1.112806521301452,PILOT_DESC_MINPAY_ACC,caténaire,,11.85260402297742,0.5,11.85260402297742,0.38487619536040335,-0.9229682086859227,0.03578889201441848,-0.9993593724023307,31.730039024610807,-421.19352233148544,5.0,-25.0,-0.01789444600720924,0.4996796862011654,-4.982086154333923,33.329319516827304,8.829000000000008,1.9399658867769176e-05,-7.969715412059486e-07,4.56178514147696,-10.93957670335103,0.01789444600720924,-0.4996796862011654,0.27698126449867805,0.0,-5.551115123125783e-17,4.579679587484169,-11.162275125053517
49.30000000000043,0.0,403.0,449.478624726275,424.5943546931381,1.1127111966631924,PILOT_DESC_MINPAY_ACC,caténaire,,11.668897475933552,0.5,11.668897475933552,0.4116382935620404,-0.9113473077116822,0.03580757532283302,-0.9993587031439212,31.755958181142912,-421.24419914984264,5.0,-25.0,-0.01790378766141651,0.4996793515719606,-4.982088640289726,33.32931986630222,8.829000000000008,7.572048857262814e-06,-7.821258236617723e-07,4.803365044743687,-10.634418298655685,0.01790378766141651,-0.4996793515719606,0.2770498498446761,0.0,-5.551115123125783e-17,4.821268832405104,-10.85704780038297
49.40000000000043,0.0,403.0,449.58985064048335,424.729758345384,1.1122591420839003,PILOT_DESC_MINPAY_ACC,caténaire,,11.769508762147588,0.5,11.769508762147588,0.4145490785423772,-0.9100269564577007,0.03582373533374257,-0.9993581239909635,31.781877340199035,-421.29487596846053,5.0,-25.0,-0.017911867666871285,0.49967906199548173,-4.982089610605534,33.32932020919737,8.829000000000008,-1.4782724058193253e-06,-7.288071586231126e-07,4.879039012244717,-10.71057023781941,0.017911867666871285,-0.49967906199548173,0.2771184073269124,0.0,-5.551115123125783e-17,4.896950879911588,-10.933130892487977
49.50000000000043,0.0,403.0,449.70105610703285,424.49210274159117,1.1120546654951777,PILOT_DESC_MINPAY_ACC,caténaire,,11.73805391161687,0.5,11.73805391161687,0.39352953052592454,-0.9193119756666098,0.035844523196610675,-0.9993573785972701,31.8077964987624,-421.34555278732137,5.0,-25.0,-0.017922261598305338,0.49967868929863507,-4.982089421173179,33.32932052876429,8.829000000000008,-1.1682771484444743e-05,-7.819370821948723e-07,4.619270845126579,-10.790933531969682,0.017922261598305338,-0.49967868929863507,0.27718695220561096,0.0,0.0,4.637193106724884,-11.013425269062706
49.600000000000435,0.0,403.0,449.812236994648,424.944471189992,1.111808876151623,PILOT_DESC_MINPAY_ACC,caténaire,,11.657898928853914,0.5,11.657898928853914,0.3395097215939132,-0.9406025456818748,0.03586497446356525,-0.9993566448504397,31.833715653431508,-421.39622960644283,5.0,-25.0,-0.017932487231782625,0.49967832242521987,-4.982087924092408,33.329320871584684,8.829000000000008,-2.0411324190838798e-05,-8.059901048795837e-07,3.9579700197051713,-10.965449409781993,0.017932487231782625,-0.49967832242521987,0.2772554819343342,0.0,5.551115123125783e-17,3.975902506936954,-11.187872250272878
49.700000000000436,0.0,403.0,449.92337984508777,424.9088664313035,1.1114285043975949,PILOT_DESC_MINPAY_ACC,caténaire,,11.744378279250633,0.5,11.744378279250633,0.2965783423094225,-0.955008527120567,0.035883297911066286,-0.9993559870891983,31.85963480129684,-421.446906425833,5.0,-25.0,-0.017941648955533143,0.49967799354459913,-4.982085308496977,33.329321225022404,8.829000000000008,-2.6957452510245616e-05,-7.814330018618421e-07,3.4831282415149403,-11.215981402413925,0.017941648955533143,-0.49967799354459913,0.27732398821768495,0.0,5.551115123125783e-17,3.5010698904704736,-11.43833540774084
49.80000000000044,0.0,403.0,450.03450587273784,424.5042756466369,1.111260276500574,PILOT_DESC_MINPAY_ACC,caténaire,,11.64461526873303,0.5,11.64461526873303,0.27120837155560246,-0.9625206591020049,0.035898232854930254,-0.9993554507170577,31.885553940176354,-421.4975832454836,5.0,-25.0,-0.017949116427465127,0.49967772535852883,-4.982081854055638,33.32932156761849,8.829000000000008,-3.0970483102521484e-05,-7.070229841588116e-07,3.1581171444245895,-11.208182763450186,0.017949116427465127,-0.49967772535852883,0.27739248413179673,0.0,0.0,3.1760662608520547,-11.430468004676918
49.90000000000044,0.0,403.0,450.145596922013,424.5008410629766,1.1109104927514,PILOT_DESC_MINPAY_ACC,caténaire,,11.789050969516735,0.5,11.789050969516735,0.26695934084338424,-0.9637077930246625,0.03591270637316749,-0.9993549307032785,31.911473068732374,-421.5482600653699,5.0,-25.0,-0.017956353186583746,0.49967746535163926,-4.98207788536704,33.32932187761486,8.829000000000008,-3.42385536242773e-05,-6.57033510265137e-07,3.1471972759912474,-11.36120029168823,0.017956353186583746,-0.49967746535163926,0.2774609584859209,0.0,1.1102230246251565e-16,3.1651536291778313,-11.583416798553948
50.00000000000044,0.0,403.0,450.25668549257335,424.8544802707293,1.1108857056033834,PILOT_DESC_MINPAY_ACC,caténaire,,11.859630789919278,0.5,11.859630789919278,0.2930503959635529,-0.9560969958250078,0.03592792155764492,-0.9993543838161455,31.93739218587554,-421.5989368854752,5.0,-25.0,-0.01796396077882246,0.49967719190807275,-4.9820734978969545,33.32932216570363,8.829000000000008,-3.745867577720219e-05,-6.423883078809922e-07,3.475469498967388,-11.338957369835587,0.01796396077882246,-0.49967719190807275,0.2775294313122137,0.0,0.0,3.493433459746211,-11.561105130431446
50.10000000000044,0.0,403.0,450.36778606288414,424.4843433724181,1.1110057031077414,PILOT_DESC_MINPAY_ACC,caténaire,,11.892251001880961,0.5,11.892251001880961,0.3021088429912045,-0.953273437680142,0.03594470333485309,-0.9993537803511674,31.963311290532484,-421.64961370579465,5.0,-25.0,-0.017972351667426546,0.4996768901755837,-4.982068697789199,33.32932244736217,8.829000000000008,-4.104945662497528e-05,-6.624622486128828e-07,3.5927541907392495,-11.336566994318177,0.017972351667426546,-0.4996768901755837,0.2775979115349184,0.0,-5.551115123125783e-17,3.610726542406676,-11.558645972958843
50.20000000000044,0.0,403.0,450.4789040715909,425.15317025837635,1.1111800870675237,PILOT_DESC_MINPAY_ACC,caténaire,,11.79930300899709,0.5,11.79930300899709,0.287525269627844,-0.9577730520981657,0.035963134168723605,-0.9993531172617427,31.989230381506275,-421.7002905263349,5.0,-25.0,-0.017981567084361803,0.49967655863087135,-4.982063437546755,33.329322737843576,8.829000000000008,-4.500463111689612e-05,-7.035255578102806e-07,3.3925977790825192,-11.301054455558212,0.017981567084361803,-0.49967655863087135,0.27766640250631,0.0,0.0,3.410579346166881,-11.523064611682774
50.300000000000445,0.0,403.0,450.59001929978234,424.91819963249196,1.1111522819147692,PILOT_DESC_MINPAY_ACC,caténaire,,11.791081802161147,0.5,11.791081802161147,0.296877193234026,-0.9549156675526309,0.03598176222534309,-0.9993524467309612,32.01514945747852,-421.7509673471097,5.0,-25.0,-0.017990881112671546,0.4996762233654806,-4.9820576704758395,33.32932304626978,8.829000000000008,-4.8551588511358545e-05,-7.303647464595997e-07,3.5005032706184025,-11.25948875027839,0.017990881112671546,-0.4996762233654806,0.27773489176384614,0.0,0.0,3.518494151731074,-11.481430081880024
50.400000000000446,0.0,403.0,450.7011304957441,425.5842297421029,1.1111119596178263,PILOT_DESC_MINPAY_ACC,caténaire,,11.694598234991734,0.5,11.694598234991734,0.29283976184131344,-0.9561615312721605,0.036000896522649393,-0.9993517576156883,32.04106851726691,-421.8016441681279,5.0,-25.0,-0.018000448261324697,0.49967587880784414,-4.982051448887883,33.32932336650965,8.829000000000008,-5.1897149207391635e-05,-7.546825173676552e-07,3.424643361964824,-11.181924955982401,0.018000448261324697,-0.49967587880784414,0.27780337853599474,0.0,-5.551115123125783e-17,3.4426438102261487,-11.403797456254251
50.50000000000045,0.0,403.0,450.8122188804102,425.3400105361838,1.110883846660959,PILOT_DESC_MINPAY_ACC,caténaire,,11.650719534835886,0.5,11.650719534835886,0.26649607776380474,-0.9638360029260725,0.03602238055123443,-0.9993509834384624,32.06698755975624,-421.8523209893977,5.0,-25.0,-0.018011190275617216,0.4996754917192312,-4.982044798590037,33.32932369744162,8.829000000000008,-5.598886565394423e-05,-8.10839154041787e-07,3.1048710591599034,-11.229382947668931,0.018011190275617216,-0.4996754917192312,0.2778718512477059,0.0,5.551115123125783e-17,3.1228822494355204,-11.451186588140455
50.60000000000045,0.0,403.0,450.9232780735441,425.1277231258876,1.1105919313390196,PILOT_DESC_MINPAY_ACC,caténaire,,11.56187606191576,0.5,11.56187606191576,0.26910940883353085,-0.9631096127011025,0.036042303241684275,-0.9993502651108042,32.092906583582625,-421.9029978109378,5.0,-25.0,-0.018021151620842137,0.4996751325554021,-4.982037623970847,33.32932405297292,8.829000000000008,-5.877559168876445e-05,-8.144716829860954e-07,3.111409632028702,-11.135353976089835,0.018021151620842137,-0.4996751325554021,0.2779403059663266,0.0,1.1102230246251565e-16,3.129430783649544,-11.357088802678911
50.70000000000045,0.0,403.0,451.03429333992705,425.94818376638176,1.110152663829293,PILOT_DESC_MINPAY_ACC,caténaire,,11.544192382499007,0.5,11.544192382499007,0.3029167127690809,-0.9530170329669739,0.03605996674158514,-0.9993496279073685,32.11882558781714,-421.95367463274937,5.0,-25.0,-0.01802998337079257,0.49967481395368424,-4.982030092253847,33.3293244100744,8.829000000000008,-6.0075624639388536e-05,-7.759719267141918e-07,3.4969288080804635,-11.001811972369145,0.01802998337079257,-0.49967481395368424,0.27800873360935535,0.0,0.0,3.514958791451256,-11.223478052713473
50.80000000000045,0.0,403.0,451.14526564977103,425.5382806975207,1.1097230984396158,PILOT_DESC_MINPAY_ACC,caténaire,,11.545331487098387,0.5,11.545331487098387,0.318645149410719,-0.9478740785341798,0.036078847637697684,-0.9993489464411998,32.14474457202645,-422.0043514548196,5.0,-25.0,-0.018039423818848842,0.4996744732205999,-4.982022393951249,33.329324750277856,8.829000000000008,-6.181777009839351e-05,-7.765015510585727e-07,3.678863876702744,-10.943520444705037,0.018039423818848842,-0.4996744732205999,0.27807713477481216,0.0,5.551115123125783e-17,3.6969033005215928,-11.165117783150825
50.90000000000045,0.0,403.0,451.2561996407762,425.6192118866565,1.10933991005143,PILOT_DESC_MINPAY_ACC,caténaire,,11.421793612616865,0.5,11.421793612616865,0.31442370043948054,-0.9492827485011743,0.03609863136578776,-0.9993482320059993,32.17066353562983,-422.05502827714866,5.0,-25.0,-0.01804931568289388,0.49967411600299966,-4.9820144724113025,33.3293250907804,8.829000000000008,-6.378809419604892e-05,-7.932166070645508e-07,3.5912826133350175,-10.842511633398095,0.01804931568289388,-0.49967411600299966,0.2781455123212847,0.0,5.551115123125783e-17,3.6093319290179116,-11.06404023707981
51.000000000000455,0.0,403.0,451.3670745514296,425.2903020478466,1.108749106533942,PILOT_DESC_MINPAY_ACC,caténaire,,11.470621176752541,0.5,11.470621176752541,0.28267666909131556,-0.9592152525640106,0.03611559120759513,-0.9993476192355318,32.196582477970516,-422.1057050997421,5.0,-25.0,-0.018057795603797566,0.4996738096177659,-4.982006298396159,33.329325438535626,8.829000000000008,-6.409399995632725e-05,-7.518466134115442e-07,3.2424769866527146,-11.002794789124778,0.018057795603797566,-0.4996738096177659,0.2782138534517818,0.0,5.551115123125783e-17,3.2605347822565123,-11.224254745290763
51.100000000000456,0.0,403.0,451.47790616941006,425.0569912290607,1.1083161798043795,PILOT_DESC_MINPAY_ACC,caténaire,,11.533334293582147,0.5,11.533334293582147,0.2697286671473496,-0.9629363665990159,0.036130866070750355,-0.9993470670978014,32.222501398946534,-422.1563819225862,5.0,-25.0,-0.018065433035375177,0.4996735335489007,-4.981998085184724,33.329325768196526,8.829000000000008,-6.351822009964536e-05,-6.982545812661556e-07,3.1108708867727315,-11.105867019433822,0.018065433035375177,-0.4996735335489007,0.2782821678975204,0.0,5.551115123125783e-17,3.1289363198081066,-11.327258385085202
51.20000000000046,0.0,403.0,451.58871148069403,426.17433613519273,1.1080531128394784,PILOT_DESC_MINPAY_ACC,caténaire,,11.530737704039053,0.5,11.530737704039053,0.28033759362734995,-0.9599014707766765,0.036147643801704855,-0.9993464603667664,32.248420298749814,-422.20705874566306,5.0,-25.0,-0.018073821900852428,0.4996732301833832,-4.981989945764235,33.329326074379644,8.829000000000008,-6.376766508786602e-05,-6.954369808909178e-07,3.232499260698462,-11.068372081247166,0.018073821900852428,-0.4996732301833832,0.27835046612832487,0.0,5.551115123125783e-17,3.2505730825993147,-11.289694845302224
51.30000000000046,0.0,403.0,451.6994927106759,427.05675583557075,1.1078122998186997,PILOT_DESC_MINPAY_ACC,caténaire,,11.442647603076063,0.5,11.442647603076063,0.3257084624157699,-0.945470252049611,0.036167071442425494,-0.9993457574549854,32.27433917729721,-422.2577355689717,5.0,-25.0,-0.018083535721212747,0.4996728787274927,-4.981981774386019,33.32932637929167,8.829000000000008,-6.531010723165309e-05,-7.41980841212353e-07,3.7269671567633993,-10.818682913395202,0.018083535721212747,-0.4996728787274927,0.2784187495158848,0.0,-5.551115123125783e-17,3.745050692484612,-11.03993704260681
51.40000000000046,0.0,403.0,451.81023476346485,426.33631234060493,1.1074205278894844,PILOT_DESC_MINPAY_ACC,caténaire,,11.472613225415353,0.5,11.472613225415353,0.3604509909630436,-0.9327781532142355,0.036186099813001804,-0.9993450686226073,32.30025803407456,-422.3084123925277,5.0,-25.0,-0.018093049906500902,0.49967253431130365,-4.981973405358357,33.329326704615916,8.829000000000008,-6.645526485726805e-05,-7.610727905671411e-07,4.135314806036684,-10.701402976944147,0.018093049906500902,-0.49967253431130365,0.27848700875538784,0.0,0.0,4.153407855943184,-10.922588502500062
51.50000000000046,0.0,403.0,451.9209476638586,427.73813683832526,1.1071290039377166,PILOT_DESC_MINPAY_ACC,caténaire,,11.088887104358715,0.5,11.088887104358715,0.38018629593813574,-0.924909930955896,0.03620913237476889,-0.9993442343520408,32.32617686870016,-422.3590892163374,5.0,-25.0,-0.018104566187384444,0.4996721171760204,-4.981964889597395,33.32932703831439,8.829000000000008,-6.94557847795707e-05,-8.445096000286867e-07,4.2158429142823,-10.256221806070146,0.018104566187384444,-0.4996721171760204,0.2785552500259235,0.0,-5.551115123125783e-17,4.233947480469684,-10.477338673220242
51.60000000000046,0.0,403.0,452.0315576957815,425.52557208891096,1.1061003192284893,PILOT_DESC_MINPAY_ACC,caténaire,,11.398874334498641,0.5,11.398874334498641,0.3840389587747042,-0.9233168893414876,0.03622646295089245,-0.9993436062646658,32.35209568017383,-422.40976604042856,5.0,-25.0,-0.018113231475446225,0.4996718031323329,-4.98195598934894,33.3293274085754,8.829000000000008,-6.922082438620691e-05,-7.882922758994937e-07,4.3776118306245575,-10.524773192523805,0.018113231475446225,-0.4996718031323329,0.2786234278903419,0.0,0.0,4.395725062100004,-10.745821567765796
51.700000000000465,0.0,403.0,452.14213725738784,425.548998279284,1.105795616063764,PILOT_DESC_MINPAY_ACC,caténaire,,11.327248542451189,0.5,11.327248542451189,0.35205084434545103,-0.9359808774732821,0.036246746173036554,-0.9993428707865322,32.378014468573895,-422.4604428647825,5.0,-25.0,-0.018123373086518277,0.4996714353932661,-4.981947119215264,33.329327754237084,8.829000000000008,-7.049230178246546e-05,-8.103696558237061e-07,3.9877674134807206,-10.602088030121418,0.018123373086518277,-0.4996714353932661,0.278691586973452,0.0,5.551115123125783e-17,4.005890786567239,-10.823067878541233
51.800000000000466,0.0,403.0,452.2526751843683,425.9669987591883,1.1053792698045777,PILOT_DESC_MINPAY_ACC,caténaire,,11.304464853102152,0.5,11.304464853102152,0.3333022232763376,-0.942820040070771,0.036261961222370166,-0.999342318811881,32.40393323347652,-422.5111196894066,5.0,-25.0,-0.018130980611185083,0.4996711594059405,-4.981938086159839,33.3293281095441,8.829000000000008,-6.906677102413994e-05,-7.310499654522573e-07,3.767803268488164,-10.658076005780394,0.018130980611185083,-0.4996711594059405,0.2787597203937914,0.0,0.0,3.785934249099349,-10.878987444792543
51.90000000000047,0.0,403.0,452.36317119721963,426.17731459210387,1.1049601285134698,PILOT_DESC_MINPAY_ACC,caténaire,,11.366366032048763,0.5,11.366366032048763,0.3379441671096497,-0.941166159568312,0.03628326052719026,-0.9993415457217397,32.4298519753569,-422.56179651427436,5.0,-25.0,-0.01814163026359513,0.49967077286086986,-4.981929235785502,33.329328430083066,8.829000000000008,-7.086604909734007e-05,-7.97056074475222e-07,3.841197101764133,-10.697639066631046,0.01814163026359513,-0.49967077286086986,0.27882782797907996,0.0,-5.551115123125783e-17,3.859338732027728,-10.918482011512836
52.00000000000047,0.0,403.0,452.47364198132095,425.6140441605664,1.10470784101305,PILOT_DESC_MINPAY_ACC,caténaire,,11.303065348559791,0.5,11.303065348559791,0.3770187573606673,-0.9262056232814712,0.03629917210595798,-0.9993409678905503,32.45577069361525,-422.6124733394078,5.0,-25.0,-0.01814958605297899,0.49967048394527513,-4.981920154851922,33.329328779558026,8.829000000000008,-6.974090490086127e-05,-7.364967089529273e-07,4.26146765208043,-10.46896268615402,0.01814958605297899,-0.49967048394527513,0.27889592001385943,0.0,0.0,4.279617238133409,-10.689737250085436
52.10000000000047,0.0,403.0,452.5840775130958,426.419900922446,1.10435531774861,PILOT_DESC_MINPAY_ACC,caténaire,,11.322687483813098,0.5,11.322687483813098,0.40780339510644054,-0.9130697623619238,0.036315815453973305,-0.9993403632136116,32.481689388626634,-422.66315016478677,5.0,-25.0,-0.018157907726986652,0.4996701816068058,-4.981911218106727,33.329329102489645,8.829000000000008,-6.912583371310177e-05,-7.159035604331621e-07,4.617430397628182,-10.338403570143555,0.018157907726986652,-0.4996701816068058,0.278963990319793,0.0,0.0,4.635588305355168,-10.559109761430568
52.20000000000047,0.0,403.0,452.6944853558474,425.68948158346404,1.1040784275158964,PILOT_DESC_MINPAY_ACC,caténaire,,11.411315192740174,0.5,11.411315192740174,0.4199897588212948,-0.9075288438860942,0.03633470784531736,-0.9993396764893284,32.50760806059608,-422.71382699040436,5.0,-25.0,-0.01816735392265868,0.4996698382446642,-4.981902360187243,33.32932941637408,8.829000000000008,-6.971410990175286e-05,-7.45381264266598e-07,4.792635515632723,-10.356097684087313,0.01816735392265868,-0.4996698382446642,0.2790320435587532,0.0,1.1102230246251565e-16,4.810802869555381,-10.576735478773223
52.30000000000047,0.0,403.0,452.80488611762155,425.9739462458936,1.104007617741512,PILOT_DESC_MINPAY_ACC,caténaire,,11.39100019387857,0.5,11.39100019387857,0.4105605712955267,-0.9118333275865116,0.03635582985648585,-0.999338908296603,32.53352670932748,-422.7645038162704,5.0,-25.0,-0.018177914928242923,0.4996694541483015,-4.981893426891513,33.32932974319373,8.829000000000008,-7.134181975576581e-05,-8.026579720876725e-07,4.676695547226241,-10.386693611322896,0.018177914928242923,-0.4996694541483015,0.2791000924331372,0.0,-5.551115123125783e-17,4.694873462154484,-10.607262973038061
52.400000000000475,0.0,403.0,452.91527655707483,425.7064700999497,1.1039043945325482,PILOT_DESC_MINPAY_ACC,caténaire,,11.315860227414996,0.5,11.315860227414996,0.37470574345340213,-0.9271437891843062,0.036371596553979466,-0.9993383345814942,32.55944533427828,-422.815180642404,5.0,-25.0,-0.018185798276989733,0.4996691672907471,-4.9818842850261245,33.329330095136115,8.829000000000008,-7.008330311375488e-05,-7.375731456704671e-07,4.24011781932832,-10.491429529125524,0.018185798276989733,-0.4996691672907471,0.279168134945044,0.0,1.1102230246251565e-16,4.25830361760531,-10.711930561471227
52.500000000000476,0.0,403.0,453.0256427919597,426.2174698159881,1.1036623488485942,PILOT_DESC_MINPAY_ACC,caténaire,,11.396575387208793,0.5,11.396575387208793,0.3545745526174326,-0.935027746452557,0.03638299680802846,-0.999337919596403,32.58536393586798,-422.8658574687835,5.0,-25.0,-0.01819149840401423,0.4996689597982015,-4.98187530443972,33.32933041851635,8.829000000000008,-6.680284373405954e-05,-6.21685458668253e-07,4.040935619290401,-10.656114201578516,0.01819149840401423,-0.4996689597982015,0.27923616253772743,0.0,0.0,4.059127117694415,-10.87654699883899
52.60000000000048,0.0,403.0,453.1360034992371,427.72423371379574,1.1036070727743086,PILOT_DESC_MINPAY_ACC,caténaire,,11.32538458251482,0.5,11.32538458251482,0.35462596720095774,-0.9350082477640426,0.03639958076503203,-0.9993373156848142,32.61128251519006,-422.9165342953702,5.0,-25.0,-0.018199790382516016,0.4996686578424071,-4.981866744220041,33.329330691127765,8.829000000000008,-6.653460255723331e-05,-6.510298362627509e-07,4.016275461497133,-10.589327993751084,0.018199790382516016,-0.4996686578424071,0.2793041867233015,0.0,0.0,4.034475251879649,-10.80969246487019
52.70000000000048,0.0,403.0,453.2463451069411,426.76346453307127,1.1034160770396941,PILOT_DESC_MINPAY_ACC,caténaire,,11.263074132441986,0.5,11.263074132441986,0.3886815452399921,-0.9213721595478408,0.03642095798810975,-0.9993365368179171,32.637201072333944,-422.96721112217386,5.0,-25.0,-0.018210478994054875,0.49966826840895856,-4.981858218383608,33.329330976524844,8.829000000000008,-6.86973776629074e-05,-7.550662033395383e-07,4.377749057950134,-10.377482936555497,0.018210478994054875,-0.49966826840895856,0.27937219913627137,0.0,0.0,4.395959536944189,-10.597779005828185
52.80000000000048,0.0,403.0,453.3566571763322,426.46582388669697,1.1031206939113216,PILOT_DESC_MINPAY_ACC,caténaire,,11.235510153163167,0.5,11.235510153163167,0.4090740763111769,-0.9125011781308326,0.036442366977917404,-0.9993357563347001,32.663119606578704,-423.01788794922925,5.0,-25.0,-0.018221183488958702,0.49966787816735003,-4.981849415414285,33.329331307606395,8.829000000000008,-7.05989032434573e-05,-8.142262615251639e-07,4.596155937790073,-10.252416251662321,0.018221183488958702,-0.49966787816735003,0.2794401933424018,0.0,0.0,4.614377121279031,-10.47264393648727
52.90000000000048,0.0,403.0,453.4669372617946,426.7614941042029,1.1028008546240478,PILOT_DESC_MINPAY_ACC,caténaire,,11.308821543590907,0.5,11.308821543590907,0.41174412739118293,-0.9112994971790961,0.036461135445522215,-0.9993350717362137,32.689038117290494,-423.06856477655606,5.0,-25.0,-0.018230567722761108,0.49966753586810686,-4.981840368787244,33.32933166463314,8.829000000000008,-7.093651000555923e-05,-7.994987640813633e-07,4.6563408582884485,-10.305723386362523,0.018230567722761108,-0.49966753586810686,0.27950816783426297,0.0,-5.551115123125783e-17,4.67457142601121,-10.525882754396365
53.00000000000048,0.0,403.0,453.57720333730254,426.21503626150684,1.1026607550791674,PILOT_DESC_MINPAY_ACC,caténaire,,11.249705792373248,0.5,11.249705792373248,0.39161990865360424,-0.9201270820632023,0.036476525143201516,-0.9993345101183475,32.71495660435678,-423.11924160414935,5.0,-25.0,-0.018238262571600758,0.49966725505917375,-4.981831278907083,33.3293320151549,8.829000000000008,-6.954147868398763e-05,-7.297859383470495e-07,4.405608754789134,-10.351158964805903,0.018238262571600758,-0.49966725505917375,0.27957613369066164,0.0,-5.551115123125783e-17,4.423847017360735,-10.571250086174416
53.100000000000485,0.0,403.0,453.6874450939606,427.592269620346,1.1024175665806035,PILOT_DESC_MINPAY_ACC,caténaire,,11.261249317803372,0.5,11.261249317803372,0.3596544796083223,-0.9330855562581958,0.03649691518024189,-0.9993337656570632,32.74087506824257,-423.16991843198593,5.0,-25.0,-0.018248457590120944,0.4996668828285316,-4.981822367797397,33.3293323351705,8.829000000000008,-7.082538751834733e-05,-7.820009741976719e-07,4.050158763134147,-10.507709083864787,0.018248457590120944,-0.4996668828285316,0.27964408455739603,0.0,-5.551115123125783e-17,4.068407220724268,-10.727731882135922
53.200000000000486,0.0,403.0,453.7976673855771,426.63047420756016,1.102222916165019,PILOT_DESC_MINPAY_ACC,caténaire,,11.22579652753699,0.5,11.22579652753699,0.3419114272551729,-0.9397321830778865,0.03652106267681688,-0.9993328834682443,32.7667935085199,-423.22059526008314,5.0,-25.0,-0.01826053133840844,0.49966644173412217,-4.981813292172888,33.32933267799095,8.829000000000008,-7.38235112969221e-05,-8.802749391634279e-07,3.8382281128063362,-10.549242277610494,0.01826053133840844,-0.49966644173412217,0.2797120234262588,0.0,0.0,3.856488644144745,-10.769196695918358
53.30000000000049,0.0,403.0,453.90786518127237,427.15923677540127,1.101977956952584,PILOT_DESC_MINPAY_ACC,caténaire,,11.107658073769413,0.5,11.107658073769413,0.34862591026891276,-0.9372619562796582,0.03653748027547472,-0.9993322833447937,32.7927119241894,-423.2712720884738,5.0,-25.0,-0.01826874013773736,0.49966614167239687,-4.981803832376403,33.32933306395368,8.829000000000008,-7.25725141403899e-05,-7.943739248617021e-07,3.8724174069236996,-10.41078533590666,0.01826874013773736,-0.49966614167239687,0.2797799471963139,0.0,0.0,3.890686147061437,-10.630671530382742
53.40000000000049,0.0,403.0,454.0180174160751,426.8492168507174,1.1015223480271938,PILOT_DESC_MINPAY_ACC,caténaire,,11.12554143152719,0.5,11.12554143152719,0.3847927585400782,-0.923002997273095,0.0365524927738768,-0.999331734346516,32.81863031566805,-423.3219489171292,5.0,-25.0,-0.0182762463869384,0.499665867173258,-4.981794532891242,33.32933341223235,8.829000000000008,-7.077927818066598e-05,-7.20594400149821e-07,4.281027777689278,-10.268908087585595,0.0182762463869384,-0.499665867173258,0.27984784288352427,0.0,0.0,4.299304024076217,-10.488726111875328
53.50000000000049,0.0,403.0,454.12813233583137,426.1995050834535,1.1011491975625531,PILOT_DESC_MINPAY_ACC,caténaire,,10.998191127167203,0.5,10.998191127167203,0.40916120459114297,-0.9124621135463787,0.03656966603195627,-0.9993311060535999,32.84454868355361,-423.3726257460248,5.0,-25.0,-0.018284833015978136,0.49966555302679994,-4.981785463200272,33.32933372821037,8.829000000000008,-7.029621625065374e-05,-7.187628341398522e-07,4.500033129915353,-10.035432721082016,0.018284833015978136,-0.49966555302679994,0.2799157155704684,0.0,5.551115123125783e-17,4.518317962931332,-10.255182558538348
53.60000000000049,0.0,403.0,454.23818831503,426.22098612862413,1.1005597919861845,PILOT_DESC_MINPAY_ACC,caténaire,,10.838910255695906,0.5,10.838910255695906,0.4163401442629775,-0.9092089332354161,0.03658570874316663,-0.9993305188553785,32.8704670280071,-423.42330257516005,5.0,-25.0,-0.018292854371583313,0.49966525942768925,-4.981776455418238,33.329334043365925,8.829000000000008,-6.930978982122582e-05,-6.972063957277896e-07,4.5126734595099,-9.854834031015685,0.018292854371583313,-0.49966525942768925,0.27998355192760344,0.0,-5.551115123125783e-17,4.530966313881483,-10.07451573851577
53.70000000000049,0.0,403.0,454.34815950455635,426.410581760779,1.0997118952630938,PILOT_DESC_MINPAY_ACC,caténaire,,10.959807695008987,0.5,10.959807695008987,0.40204550663691374,-0.9156196866565656,0.03660080596084856,-0.9993299660287468,32.896385349357324,-423.47397940452765,5.0,-25.0,-0.01830040298042428,0.4996649830143734,-4.981767574045955,33.329334349025686,8.829000000000008,-6.797702637939551e-05,-6.679599451331342e-07,4.406341437383034,-10.035015687520344,0.01830040298042428,-0.4996649830143734,0.2800513360220397,0.0,0.0,4.424641840363458,-10.254629334512678
53.800000000000495,0.0,403.0,454.4580786758288,427.29612379356524,1.0991917127243989,PILOT_DESC_MINPAY_ACC,caténaire,,11.064258451001129,0.5,11.064258451001129,0.35839893960564595,-0.9335685299374377,0.03661861871937731,-0.9993293134713326,32.92230364804854,-423.5246562341179,5.0,-25.0,-0.018309309359688657,0.4996646567356663,-4.981758863461278,33.32933464189979,8.829000000000008,-6.81728209661614e-05,-7.013645486608766e-07,3.9654184963616115,-10.329243496948994,0.018309309359688657,-0.4996646567356663,0.2801190880534396,0.0,5.551115123125783e-17,3.9837278057213,-10.54878906563122
53.900000000000496,0.0,403.0,454.5679720337474,427.65509435385445,1.098933579186489,PILOT_DESC_MINPAY_ACC,caténaire,,11.09628091412329,0.5,11.09628091412329,0.3277823580625197,-0.9447532618324079,0.03663572475838722,-0.9993286865048094,32.948221924015485,-423.57533306394197,5.0,-25.0,-0.01831786237919361,0.4996643432524047,-4.981750127795687,33.329334949428805,8.829000000000008,-6.79901748803502e-05,-7.073187973105632e-07,3.6371651237554636,-10.483247587826671,0.01831786237919361,-0.4996643432524047,0.2801868241739922,0.0,0.0,3.655482986134657,-10.702725106905085
54.0000000000005,0.0,403.0,454.6778486770221,427.0069880720102,1.098766432746656,PILOT_DESC_MINPAY_ACC,caténaire,,11.044568536643263,0.5,11.044568536643263,0.3112906954046441,-0.9503147388915385,0.0366536369655481,-0.9993280296765411,32.974140177319036,-423.6260098940018,5.0,-25.0,-0.01832681848277405,0.49966401483827055,-4.981741415540947,33.32933525957478,8.829000000000008,-6.82340237210255e-05,-7.255869505229384e-07,3.438071420215934,-10.495816265069845,0.01832681848277405,-0.49966401483827055,0.28025454999196464,0.0,0.0,3.456398238698708,-10.71522572991615
54.1000000000005,0.0,403.0,454.7877000474819,427.0911649366508,1.098513704597851,PILOT_DESC_MINPAY_ACC,caténaire,,11.045655152570841,0.5,11.045655152570841,0.3189136399971243,-0.9477837782024888,0.0366738272776585,-0.9993272889263098,33.000058407877916,-423.6766867243035,5.0,-25.0,-0.01833691363882925,0.4996636444631549,-4.981732672048625,33.329335577721146,8.829000000000008,-6.958568745396576e-05,-7.778157069537883e-07,3.5226100908593585,-10.468892773225381,0.01833691363882925,-0.4996636444631549,0.2803222602322673,0.0,-5.551115123125783e-17,3.5409470044981877,-10.688234157456268
54.2000000000005,0.0,403.0,454.8975290025294,427.7493706054446,1.0982895504749284,PILOT_DESC_MINPAY_ACC,caténaire,,10.993445600426794,0.5,10.993445600426794,0.35979967464270807,-0.9330295783773424,0.03669636084232063,-0.9993264617235602,33.02597661524156,-423.7273635548645,5.0,-25.0,-0.018348180421160314,0.4996632308617801,-4.981723755359349,33.32933591874713,8.829000000000008,-7.193578050923577e-05,-8.503911033130862e-07,3.955438150235871,-10.25720991348046,0.018348180421160314,-0.4996632308617801,0.2803899566561474,0.0,0.0,3.973786330657031,-10.476483187686092
54.3000000000005,0.0,403.0,455.0073274545493,427.13700610005486,1.097984520199245,PILOT_DESC_MINPAY_ACC,caténaire,,10.96326415654751,0.5,10.96326415654751,0.3908077961999121,-0.9204723061718739,0.03671872440368849,-0.9993256402585526,33.05189479862661,-423.77804038570895,5.0,-25.0,-0.018359362201844243,0.4996628201292763,-4.9817145375403005,33.32933629162514,8.829000000000008,-7.389974214433437e-05,-8.88245594410364e-07,4.284529104177821,-10.09138104134873,0.018359362201844243,-0.4996628201292763,0.28045763427855674,0.0,0.0,4.302888466379665,-10.31058622719945
54.4000000000005,0.0,403.0,455.1170925302636,427.04821398652626,1.0976507571434826,PILOT_DESC_MINPAY_ACC,caténaire,,11.004181516822635,0.5,11.004181516822635,0.40520522400065656,-0.9142257524498956,0.03673821957380634,-0.9993249237473,33.07781295737842,-423.8287172168495,5.0,-25.0,-0.01836910978690317,0.49966246187365,-4.981705068069893,33.329336681102085,8.829000000000008,-7.417785679564304e-05,-8.570242755467916e-07,4.4589518364680005,-10.060306127312407,0.01836910978690317,-0.49966246187365,0.2805252913284628,0.0,1.1102230246251565e-16,4.4773209462549035,-10.279443297857593
54.500000000000504,0.0,403.0,455.226835863437,427.44243477453784,1.097433331733469,PILOT_DESC_MINPAY_ACC,caténaire,,10.823852976807812,0.5,10.823852976807812,0.39903333183005807,-0.9169364209630909,0.036756778714302815,-0.9993242412843529,33.10373109140428,-423.8793940482757,5.0,-25.0,-0.018378389357151408,0.49966212064217647,-4.981695562971224,33.32933705682136,8.829000000000008,-7.395232837481558e-05,-8.22536470934665e-07,4.319078116574313,-9.924785009584852,0.018378389357151408,-0.49966212064217647,0.28059293497669113,0.0,0.0,4.337456505931464,-10.143854195250338
54.600000000000506,0.0,403.0,455.3365236752334,426.9273778366628,1.0968781179643659,PILOT_DESC_MINPAY_ACC,caténaire,,10.87308649407054,0.5,10.87308649407054,0.3645091395412552,-0.9311998105621014,0.036776366974922106,-0.9993235206038762,33.129649200779355,-423.9300708799761,5.0,-25.0,-0.018388183487461053,0.4996617603019381,-4.981686086777631,33.329337417511866,8.829000000000008,-7.427026509176926e-05,-8.221862017876447e-07,3.9633394021112958,-10.12501608350383,0.018388183487461053,-0.4996617603019381,0.2806605444026266,0.0,5.551115123125783e-17,3.981727585598757,-10.344017299403141
54.70000000000051,0.0,403.0,455.44617147706936,427.2669767616131,1.0964780183592884,PILOT_DESC_MINPAY_ACC,caténaire,,10.999291105184176,0.5,10.999291105184176,0.3544527058241228,-0.9350739432440398,0.03679357347990344,-0.9993228872344407,33.15556728539768,-423.9807477119505,5.0,-25.0,-0.01839678673995172,0.49966144361722037,-4.981676569856246,33.32933777797806,8.829000000000008,-7.335659619744916e-05,-7.784047255654514e-07,3.8987284943797373,-10.28515050661366,0.01839678673995172,-0.49966144361722037,0.2807281291672034,0.0,5.551115123125783e-17,3.9171252811196893,-10.504083821063677
54.80000000000051,0.0,403.0,455.5558086233953,427.41713956630053,1.0963714632593446,PILOT_DESC_MINPAY_ACC,caténaire,,11.045150838066816,0.5,11.045150838066816,0.37054396569629316,-0.9288149274672883,0.03680892583877211,-0.999322321865471,33.18148534556381,-424.03142454418446,5.0,-25.0,-0.018404462919386053,0.4996611609327355,-4.981667170019135,33.32933811930314,8.829000000000008,-7.163293852041619e-05,-7.197641309630853e-07,4.092713993251014,-10.258900974524288,0.018404462919386053,-0.4996611609327355,0.2807957073639319,0.0,5.551115123125783e-17,4.1111184561703995,-10.47776642809309
54.90000000000051,0.0,403.0,455.6654454641998,428.3209294296697,1.0963684080453877,PILOT_DESC_MINPAY_ACC,caténaire,,10.9489856684323,0.5,10.9489856684323,0.3649419890866188,-0.9310302597668361,0.03682142981126392,-0.9993218612172228,33.20740338185229,-424.08210137665833,5.0,-25.0,-0.01841071490563196,0.4996609306086114,-4.981657991058037,33.32933843490734,8.829000000000008,-6.870596366859161e-05,-6.344840528527129e-07,3.995744608318566,-10.19383697106389,0.01841071490563196,-0.4996609306086114,0.28086328537234295,0.0,5.551115123125783e-17,4.014155323224198,-10.412634616300158
55.00000000000051,0.0,403.0,455.77506290945263,428.39064492724356,1.0961744525278703,PILOT_DESC_MINPAY_ACC,caténaire,,10.848089748244913,0.5,10.848089748244913,0.32963999019515344,-0.9441067084096687,0.036842558917323874,-0.9993210824616999,33.23332139523878,-424.13277820934366,5.0,-25.0,-0.018421279458661937,0.49966054123084996,-4.981649187164846,33.32933871305177,8.829000000000008,-7.046662350784771e-05,-7.457173865077493e-07,3.575964198247598,-10.241754304748177,0.018421279458661937,-0.49966054123084996,0.28093085142571456,0.0,5.551115123125783e-17,3.59438547770626,-10.460483994553313
55.10000000000051,0.0,403.0,455.88464283193895,427.98094357445115,1.0957992248629793,PILOT_DESC_MINPAY_ACC,caténaire,,10.793702715745217,0.5,10.793702715745217,0.3136508530008804,-0.9495383838538705,0.03686639804818827,-0.9993202032856899,33.2592393851364,-424.18345504227756,5.0,-25.0,-0.018433199024094134,0.49966010164284497,-4.981640157668175,33.329339040021004,8.829000000000008,-7.335669226904429e-05,-8.583361577052528e-07,3.385454063831407,-10.249035032507846,0.018433199024094134,-0.49966010164284497,0.2809983943507854,0.0,0.0,3.403887262855501,-10.467696739799907
55.200000000000514,0.0,403.0,455.99417821890006,427.5028199202785,1.0953538696113754,PILOT_DESC_MINPAY_ACC,caténaire,,10.728147836158781,0.5,10.728147836158781,0.3220269608693094,-0.9467304983326965,0.036888282667086415,-0.9993193956898231,33.285157350581784,-424.23413187549755,5.0,-25.0,-0.018444141333543208,0.49965969784491154,-4.98163075785449,33.32933941633845,8.829000000000008,-7.489918803305073e-05,-8.858166467007322e-07,3.45475284343487,-10.156664747113442,0.018444141333543208,-0.49965969784491154,0.2810659098250279,0.0,0.0,3.473196984768413,-10.375258535133327
55.300000000000516,0.0,403.0,456.10366052523796,428.254629755956,1.0948230633790574,PILOT_DESC_MINPAY_ACC,caténaire,,10.75862120279871,0.5,10.75862120279871,0.36559272051794967,-0.9307749259108157,0.03691069609484866,-0.9993185680821677,33.311075291060774,-424.28480870901285,5.0,-25.0,-0.01845534804742433,0.49965928404108384,-4.9816211603950515,33.329339804768644,8.829000000000008,-7.650844247564237e-05,-9.111902770086999e-07,3.9332735945532757,-10.013854852937499,0.01845534804742433,-0.49965928404108384,0.2811333925814104,0.0,5.551115123125783e-17,3.9517289426007003,-10.232380744397172
55.40000000000052,0.0,403.0,456.2131012659685,427.8287466880379,1.094407407305099,PILOT_DESC_MINPAY_ACC,caténaire,,10.816382031269479,0.5,10.816382031269479,0.3954739031856946,-0.9184772135981774,0.03692516255487693,-0.999318033646094,33.33699320603695,-424.33548554283186,5.0,-25.0,-0.018462581277438463,0.499659016823047,-4.9816113567383224,33.32934020426479,8.829000000000008,-7.393801576061065e-05,-7.789121738710492e-07,4.277596820253752,-9.934600429293784,0.018462581277438463,-0.499659016823047,0.281200849717564,0.0,-5.551115123125783e-17,4.29605940153119,-10.153058596399267
55.50000000000052,0.0,403.0,456.32251626205283,427.7324452058186,1.0941499608433742,PILOT_DESC_MINPAY_ACC,caténaire,,10.80215745457579,0.5,10.80215745457579,0.4113785199199877,-0.9114645979677105,0.03693587137394969,-0.9993176378939016,33.36291109636712,-424.38616237691053,5.0,-25.0,-0.018467935686974846,0.4996588189469508,-4.981601882460339,33.32934054581419,8.829000000000008,-6.981814731421565e-05,-6.352388695063382e-07,4.44377554560605,-9.845784101518829,0.018467935686974846,-0.4996588189469508,0.28126829098522027,0.0,5.551115123125783e-17,4.462243481293025,-10.06417462948056
55.60000000000052,0.0,403.0,456.43190535523536,427.89889540548353,1.0938909318253367,PILOT_DESC_MINPAY_ACC,caténaire,,10.662061081354897,0.5,10.662061081354897,0.4095898434471768,-0.9122697847374521,0.03694809939709674,-0.9993171858578948,33.38882896342458,-424.43683921120095,5.0,-25.0,-0.01847404969854837,0.4996585929289474,-4.9815929361046605,33.329340824332476,8.829000000000008,-6.698580320918524e-05,-5.82738586274445e-07,4.367071929136389,-9.726676167545198,0.01847404969854837,-0.4996585929289474,0.28133571628683346,0.0,5.551115123125783e-17,4.385545978834938,-9.944999044187313
55.70000000000052,0.0,403.0,456.54124322869075,428.73450120992,1.0933787345536874,PILOT_DESC_MINPAY_ACC,caténaire,,10.592462582212955,0.5,10.592462582212955,0.38222565626923743,-0.9240690167349789,0.036967247079446625,-0.9993164777203302,33.41474680815343,-424.4875160456856,5.0,-25.0,-0.018483623539723312,0.4996582388601651,-4.981584352683784,33.329341079821596,8.829000000000008,-6.797622350784849e-05,-6.813182480414071e-07,4.048710961993688,-9.788166483147581,0.018483623539723312,-0.4996582388601651,0.28140311001760676,0.0,0.0,4.067194585533412,-10.00642161199014
55.80000000000052,0.0,403.0,456.6505211968146,428.00175441984146,1.092779681239,PILOT_DESC_MINPAY_ACC,caténaire,,10.612157528108238,0.5,10.612157528108238,0.3494352457820395,-0.9369605162466802,0.03698403574398931,-0.9993158565238957,33.440664630223544,-424.53819288039733,5.0,-25.0,-0.018492017871994657,0.4996579282619478,-4.981575642363082,33.329341378527786,8.829000000000008,-6.76602350768718e-05,-6.932102749601654e-07,3.708261874112223,-9.943172596027388,0.018492017871994657,-0.4996579282619478,0.28147046682390314,0.0,0.0,3.7267538919842176,-10.161360057465433
55.900000000000524,0.0,403.0,456.759749301211,428.3082618489988,1.0922810439635384,PILOT_DESC_MINPAY_ACC,caténaire,,10.634984791258791,0.5,10.634984791258791,0.32417898291129377,-0.9459957648100751,0.0370072403438517,-0.9993149974668311,33.46658242974024,-424.58886971534014,5.0,-25.0,-0.01850362017192585,0.49965749873341553,-4.981566972537793,33.32934168246788,8.829000000000008,-7.059270971954135e-05,-8.187987177166178e-07,3.4476385529073528,-10.060650571350378,0.01850362017192585,-0.49965749873341553,0.2815377928951713,0.0,-5.551115123125783e-17,3.4661421730792785,-10.278770277188622
56.000000000000526,0.0,403.0,456.8689372057461,427.9910562290029,1.091879045351005,PILOT_DESC_MINPAY_ACC,caténaire,,10.579088034384235,0.5,10.579088034384235,0.3203816119194853,-0.9472885636087203,0.0370303992175142,-0.9993141395646272,33.49250020572604,-424.6395465505559,5.0,-25.0,-0.0185151996087571,0.4996570697823136,-4.9815579269620445,33.32934204151347,8.829000000000008,-7.312657080138507e-05,-8.887042213245877e-07,3.38934527709416,-10.021449108382042,0.0185151996087571,-0.4996570697823136,0.28160509418802965,0.0,0.0,3.407860476702917,-10.239501083976327
56.10000000000053,0.0,403.0,456.9780778630502,428.09482015191674,1.0914065730413327,PILOT_DESC_MINPAY_ACC,caténaire,,10.630024473934105,0.5,10.630024473934105,0.3433122361076199,-0.9392213309645315,0.03704466647667579,-0.9993136107777337,33.51841795733631,-424.6902233860679,5.0,-25.0,-0.018522333238337896,0.49965680538886686,-4.981548556711536,33.32934243113999,8.829000000000008,-7.088994987380914e-05,-7.634711494119983e-07,3.6494174720250436,-9.983945734593934,0.018522333238337896,-0.49965680538886686,0.28167236635861725,0.0,0.0,3.6679398052633814,-10.201930173624184
56.20000000000053,0.0,403.0,457.0871862970837,427.95764034581964,1.0910843403350041,PILOT_DESC_MINPAY_ACC,caténaire,,10.76950541701214,0.5,10.76950541701214,0.3489267250496066,-0.937150009628211,0.03706307842505105,-0.999312928074914,33.544335685316604,-424.74090022183435,5.0,-25.0,-0.018531539212525525,0.499656464037457,-4.9815394730657285,33.32934276588533,8.829000000000008,-7.101227825412337e-05,-7.700772215457619e-07,3.7577682555620435,-10.092642105243998,0.018531539212525525,-0.499656464037457,0.2817396186674098,0.0,1.1102230246251565e-16,3.776299794774569,-10.310558950614045
56.30000000000053,0.0,403.0,457.19629373827144,427.846337905908,1.0910744118772562,PILOT_DESC_MINPAY_ACC,caténaire,,10.80164064232663,0.5,10.80164064232663,0.33231698806143645,-0.9431677578489285,0.037076803080886504,-0.9993124189528023,33.57025338962613,-424.7915770578575,5.0,-25.0,-0.018538401540443252,0.49965620947640116,-4.981530373749927,33.329343103546705,8.829000000000008,-6.877529037030428e-05,-6.869769038075901e-07,3.5895686843799854,-10.187759185713068,0.018538401540443252,-0.49965620947640116,0.28180687036423174,0.0,0.0,3.6081070859204285,-10.405608524825237
56.40000000000053,0.0,403.0,457.3054068248103,429.01267473753506,1.0911308653883698,PILOT_DESC_MINPAY_ACC,caténaire,,10.652321033507292,0.5,10.652321033507292,0.3377100872651183,-0.9412501776676518,0.037087522417006975,-0.9993120211830577,33.596171071010566,-424.84225389410966,5.0,-25.0,-0.018543761208503488,0.49965601059152887,-4.981521561086976,33.32934340472031,8.829000000000008,-6.53222954793975e-05,-5.846881663273962e-07,3.5973962658018026,-10.026499065361604,0.018543761208503488,-0.49965601059152887,0.2818741255407378,0.0,0.0,3.615940027010306,-10.244280950412396
56.50000000000053,0.0,403.0,457.4144952400719,429.2836426883307,1.0908841526162012,PILOT_DESC_MINPAY_ACC,caténaire,,10.61179665071383,0.5,10.61179665071383,0.31912266240525883,-0.9477134199426424,0.0371065646733224,-0.9993113142850654,33.6220887306209,-424.8929307305567,5.0,-25.0,-0.0185532823366612,0.4996556571425327,-4.981513190886239,33.329343661106684,8.829000000000008,-6.647322290032065e-05,-6.81750790931801e-07,3.386464800079006,-10.056942095583882,0.0185532823366612,-0.4996556571425327,0.2819413655103502,0.0,0.0,3.405018082415667,-10.274656387216064
56.600000000000534,0.0,403.0,457.5235534580999,428.21480836830114,1.0905821802801177,PILOT_DESC_MINPAY_ACC,caténaire,,10.648239324430318,0.5,10.648239324430318,0.31807902693281265,-0.9480642027971918,0.037128288774684576,-0.9993105073862996,33.648006368073496,-424.943607567231,5.0,-25.0,-0.018564144387342288,0.4996552536931498,-4.981504673216043,33.32934396003719,8.829000000000008,-6.881760338561804e-05,-7.862696662641611e-07,3.3869816028625057,-10.095214526309737,0.018564144387342288,-0.4996552536931498,0.2820085868669774,0.0,5.551115123125783e-17,3.405545747249848,-10.31286119313591
56.700000000000536,0.0,403.0,457.63259189890334,428.1143095220021,1.090384408034119,PILOT_DESC_MINPAY_ACC,caténaire,,10.477790574663985,0.5,10.477790574663985,0.342410667516609,-0.9395503896922349,0.037146061600993215,-0.9993098468981155,33.67392398258689,-424.99428440416744,5.0,-25.0,-0.018573030800496607,0.49965492344905776,-4.981495855154001,33.32934430480172,8.829000000000008,-6.888595449705548e-05,-7.717492280789884e-07,3.587707264769929,-9.844412217539173,0.018573030800496607,-0.49965492344905776,0.2820757960333093,0.0,-5.551115123125783e-17,3.606280295570426,-10.06199134495492
56.80000000000054,0.0,403.0,457.7415785621611,428.37308731525115,1.0898666325778292,PILOT_DESC_MINPAY_ACC,caténaire,,10.477595666492833,0.5,10.477595666492833,0.34776377731592034,-0.9375821858306412,0.03716669342373163,-0.9993090797645873,33.699841574138304,-425.0449612413611,5.0,-25.0,-0.018583346711865813,0.49965453988229364,-4.981487028340178,33.32934464313603,8.829000000000008,-7.037505204365857e-05,-8.169816823055953e-07,3.6437282461684655,-9.823607047240005,0.018583346711865813,-0.49965453988229364,0.2821429732849729,0.0,0.0,3.6623115928803314,-10.041118613837325
56.90000000000054,0.0,403.0,457.8505186983103,428.69569823813237,1.0894013614916433,PILOT_DESC_MINPAY_ACC,caténaire,Fy:(y<-425:-50),10.465999121147672,0.5,10.465999121147672,0.3315308839947195,-0.9434443666468522,0.03718501342211004,-0.999308398231896,33.72575914223136,-425.09563807882705,5.0,-50.0,-0.01859250671105502,0.499654199115948,-4.981478010724532,33.329345001359165,8.829000000000008,-7.051743558683654e-05,-25.000000799524898,3.469801940522045,-9.874087912177677,0.01859250671105502,-0.499654199115948,0.28221012185823496,0.0,5.551115123125783e-17,3.4883944472331,-10.09153198943539
57.00000000000054,0.0,403.0,457.9619147523726,428.80966824191137,1.1139605406229274,PILOT_DESC_MINPAY_ACC,caténaire,,11.77424901129115,0.5,11.77424901129115,0.33260713843609346,-0.9430654757021665,0.0372020942778895,-0.9993077624942873,33.751676686818605,-425.1546482498929,5.0,-50.0,-0.01860104713894475,0.49965388124714366,-4.981468974874092,45.19199535348576,8.829000000000008,-7.002201303674127e-05,-13.137350765267108,3.9161992708795523,-11.103887744869052,0.01860104713894475,-0.49965388124714366,0.2822787842113559,0.0,0.0,3.934800318018497,-11.32126284190484
57.10000000000054,0.0,403.0,458.0766136137968,429.1011957810005,1.1469886142417558,PILOT_DESC_MINPAY_ACC,caténaire,,12.820055354145056,0.5,12.820055354145056,0.32376411872156824,-0.9461378310946277,0.03720432177906681,-0.9993076795666888,33.77759420806518,-425.2180375378805,5.0,-50.0,-0.018602160889533405,0.4996538397833444,-4.981460002514764,52.14822337018458,8.829000000000008,-6.216340429698874e-05,-6.181122790032084,4.1506739236964965,-12.129539367283872,0.018602160889533405,-0.4996538397833444,0.28234948235045937,0.0,0.0,4.16927608458603,-12.346843724716756
57.20000000000054,0.0,403.0,458.19493080453253,429.2969145633113,1.1831719073576712,PILOT_DESC_MINPAY_ACC,caténaire,,14.422562273413211,0.5,14.422562273413211,0.333569052562413,-0.94272566909606,0.03720719073532243,-0.9993075727510451,33.80351170859062,-425.28348720013145,5.0,-50.0,-0.018603595367661215,0.49965378637552255,-4.981452037132518,55.59331727157953,8.829000000000008,-5.563250017992516e-05,-2.7360289420449533,4.810920433064846,-13.596519669283062,0.018603595367661215,-0.49965378637552255,0.2824224107571157,0.0,0.0,4.829524028432507,-13.813751044901469
57.300000000000544,0.0,403.0,458.31703048409423,428.52913437235037,1.2209967956171386,PILOT_DESC_MINPAY_ACC,caténaire,,15.571364616655295,0.5,15.571364616655295,0.3705342351322653,-0.928818809346014,0.03721370588785089,-0.9993073301512866,33.829429190571894,-425.3498488720297,5.0,-50.0,-0.018606852943925445,0.4996536650756433,-4.9814449086034305,57.153444289812526,8.829000000000008,-5.1761547355866355e-05,-1.1759020451118403,5.769723678197989,-14.462976343134423,0.018606852943925445,-0.4996536650756433,0.2824976706160451,0.0,-5.551115123125783e-17,5.788330531141915,-14.68013233759402
57.400000000000546,0.0,403.0,458.442855177753,428.9244385778593,1.2582469365876505,PILOT_DESC_MINPAY_ACC,caténaire,,16.157534886972797,0.5,16.157534886972797,0.4015563544089978,-0.9158343159293364,0.03722661511658622,-0.9993068493345584,33.85534665529932,-425.4166025112764,5.0,-50.0,-0.01861330755829311,0.4996534246672792,-4.981438276087471,57.83059552098437,8.829000000000008,-5.158364576374197e-05,-0.49875105434836087,6.488160805448994,-14.79762491031512,0.01861330755829311,-0.4996534246672792,0.28257522650094646,0.0,1.1102230246251565e-16,6.506774113007287,-15.014703108481452
57.50000000000055,0.0,403.0,458.57218879042415,428.88831359384284,1.2933361267112833,PILOT_DESC_MINPAY_ACC,caténaire,,16.609899738448135,0.5,16.609899738448135,0.4189841937879056,-0.9079935271552869,0.03723623245811591,-0.9993064910188091,33.8812641028322,-425.4835224008745,5.0,-50.0,-0.018618116229057954,0.49965324550940454,-4.981431666369292,58.11900913400286,8.829000000000008,-4.978259834942378e-05,-0.21033762048774207,6.9592854508116355,-15.0816814492092,0.018618116229057954,-0.49965324550940454,0.2826549452150282,0.0,-1.1102230246251565e-16,6.977903567040693,-15.298679749503576
57.60000000000055,0.0,403.0,458.7047875744759,429.37299006904004,1.3259878405176009,PILOT_DESC_MINPAY_ACC,caténaire,,16.890375322168865,0.5,16.890375322168865,0.4207058196700788,-0.9071971193162636,0.03724662207154791,-0.9993061038261797,33.907181533770874,-425.55051240301276,5.0,-50.0,-0.018623311035773953,0.49965305191308984,-4.98142528743512,58.24085649577926,8.829000000000008,-4.859847089377922e-05,-0.08849045230765284,7.105879194448324,-15.322899836442101,0.018623311035773953,-0.49965305191308984,0.2827366765170084,0.0,0.0,7.124502505484098,-15.539816211838183
57.70000000000055,0.0,403.0,458.8403881955442,428.8196152463535,1.35600621068308,PILOT_DESC_MINPAY_ACC,caténaire,,16.848584105057142,0.5,16.848584105057142,0.4021167093847896,-0.9155884184684452,0.03725540939054375,-0.9993057762622723,33.93309894851006,-425.61753190196845,5.0,-50.0,-0.018627704695271877,0.4996528881311362,-4.981419060233007,58.2921566322407,8.829000000000008,-4.6764928279152684e-05,-0.03719047962817257,6.7750971981184485,-15.426368474181853,0.018627704695271877,-0.4996528881311362,0.28282025809272554,0.0,0.0,6.793724902813721,-15.643201104220264
57.80000000000055,0.0,403.0,458.97868515049106,429.39899714171503,1.382969549468585,PILOT_DESC_MINPAY_ACC,caténaire,,17.09885547467566,0.5,17.09885547467566,0.3568476900466123,-0.9341625801263915,0.03726625207582049,-0.9993053719740637,33.959016347660935,-425.6845637977507,5.0,-50.0,-0.018633126037910244,0.49965268598703183,-4.98141306797947,58.313723626937936,8.829000000000008,-4.6194017380152275e-05,-0.015623687075041914,6.1016870785788795,-15.97311094743129,0.018633126037910244,-0.49965268598703183,0.28290550163600936,0.0,0.0,6.12032020461679,-16.189858131782312
57.90000000000055,0.0,403.0,459.11946019434913,431.1352528455293,1.4077504385806074,PILOT_DESC_MINPAY_ACC,caténaire,,16.176048392005104,0.5,16.176048392005104,0.3195184901715093,-0.947580041177799,0.03729300341393503,-0.9993043740004185,33.984933731413804,-425.7516009014286,5.0,-50.0,-0.018646501706967515,0.49965218700020925,-4.98140714888118,58.322785091905814,8.829000000000008,-5.3650588148101974e-05,-0.006562721093985147,5.168546559154741,-15.328100601390267,0.018646501706967515,-0.49965218700020925,0.2829922726249224,0.0,-5.551115123125783e-17,5.187193060861709,-15.544760515765553
58.000000000000554,0.0,403.0,459.2622815742831,429.75995448840325,1.4282137993396669,PILOT_DESC_MINPAY_ACC,caténaire,,16.386073931083075,0.5,16.386073931083075,0.2914021060103054,-0.956600654721059,0.03731530256291735,-0.9993035415701469,34.010851097283144,-425.8186401926802,5.0,-50.0,-0.018657651281458677,0.49965177078507345,-4.981400274336208,58.326591565150245,8.829000000000008,-5.792561766604365e-05,-0.0027566640646909946,4.774936452758173,-15.674929050781747,0.018657651281458677,-0.49965177078507345,0.2830803049354453,0.0,5.551115123125783e-17,4.793594104039631,-15.891500516631375
58.100000000000556,0.0,403.0,459.4069869781186,429.84879449435584,1.4470540383546993,PILOT_DESC_MINPAY_ACC,caténaire,,16.688767063798927,0.5,16.688767063798927,0.298854347210087,-0.9542987368500667,0.03733021316360963,-0.9993029846773999,34.03676844384395,-425.88568040281984,5.0,-50.0,-0.018665106581804813,0.49965149233869993,-4.981392852014347,58.32819050727925,8.829000000000008,-5.7958596151763686e-05,-0.0011580003820554907,4.987510586592829,-15.926069328568314,0.018665106581804813,-0.49965149233869993,0.28316949852152234,0.0,5.551115123125783e-17,5.006175693174634,-16.14255132238549
58.20000000000056,0.0,403.0,459.5534487318903,429.46128976976786,1.4646175377169417,PILOT_DESC_MINPAY_ACC,caténaire,,17.005699853878497,0.5,17.005699853878497,0.2817754147467117,-0.9594803883583648,0.037336804833453426,-0.9993027384155558,34.062685771085214,-425.9527209989596,5.0,-50.0,-0.018668402416726713,0.4996513692077779,-4.981385425469858,58.32886218636726,8.829000000000008,-5.382788658447879e-05,-0.0004864444249719213,4.791788129384708,-16.31663550010513,0.018668402416726713,-0.4996513692077779,0.2832597746874138,0.0,0.0,4.810456531801434,-16.533027094625496
58.30000000000056,0.0,403.0,459.7015547237927,430.2056037508977,1.4810599190243248,PILOT_DESC_MINPAY_ACC,caténaire,,16.876852985291556,0.5,16.876852985291556,0.2915772931484293,-0.9565472712418529,0.03735095154809941,-0.9993022097536118,34.088603080383855,-426.01976175724747,5.0,-50.0,-0.018675475774049707,0.4996511048768059,-4.981378528223108,58.329144341589014,8.829000000000008,-5.400399715771442e-05,-0.0002045535341892446,4.9209071103153,-16.14350767023056,0.018675475774049707,-0.4996511048768059,0.28335106432959123,0.0,5.551115123125783e-17,4.939582586089349,-16.359807710777773
58.40000000000056,0.0,403.0,459.85111487491804,429.77886851317913,1.4956015112535517,PILOT_DESC_MINPAY_ACC,caténaire,,16.582560083503235,0.5,16.582560083503235,0.29831589283038445,-0.9544671959186499,0.03736826331148324,-0.9993015625410998,34.11452037168117,-426.0868025837199,5.0,-50.0,-0.01868413165574162,0.4996507812705499,-4.981371608414606,58.329262990232756,8.829000000000008,-5.574007034780948e-05,-8.622849669848165e-05,4.9468412167237625,-15.827509624053867,0.01868413165574162,-0.4996507812705499,0.28344325028712647,0.0,-1.1102230246251565e-16,4.965525348379504,-16.04371715503729
58.50000000000056,0.0,403.0,460.0019250156278,430.019957668886,1.5081014070978156,PILOT_DESC_MINPAY_ACC,caténaire,,16.764072964206836,0.5,16.764072964206836,0.28738740426612236,-0.9578144287225894,0.037387561601023134,-0.9993008407069064,34.14043764439845,-426.1538434389351,5.0,-50.0,-0.018693780800511567,0.4996504203534532,-4.981364466157884,58.329313005956976,8.829000000000008,-5.824695839518057e-05,-3.6573689577323876e-05,4.8177834141112825,-16.056870969275575,0.018693780800511567,-0.4996504203534532,0.2835362067138401,0.0,-5.551115123125783e-17,4.836477194911794,-16.27298518291519
58.60000000000056,0.0,403.0,460.15389655041986,430.2569757179333,1.5197153479205223,PILOT_DESC_MINPAY_ACC,caténaire,,16.99930311333636,0.5,16.99930311333636,0.2616273299934446,-0.9651689697666939,0.03739278104329671,-0.9993006454145058,34.16635489770009,-426.22088430634153,5.0,-50.0,-0.018696390521648357,0.4996503227072529,-4.981357002687453,58.329334220031654,8.829000000000008,-5.3393209101137984e-05,-1.5457261099527386e-05,4.447482285291443,-16.407199872650605,0.018696390521648357,-0.4996503227072529,0.283629879001194,0.0,-5.551115123125783e-17,4.466178675813091,-16.623220316356665
58.700000000000564,0.0,403.0,460.3069604850916,429.93889611902176,1.5306393467177148,PILOT_DESC_MINPAY_ACC,caténaire,,17.01031858886036,0.5,17.01031858886036,0.24790869029935728,-0.9687834026623584,0.037403084271145186,-0.9993002598253469,34.192272133203986,-426.2879251789004,5.0,-50.0,-0.018701542135572593,0.49965012991267344,-4.981350161155496,58.32934318588991,8.829000000000008,-5.1703291068960766e-05,-6.684197423112437e-06,4.217005802939183,-16.479314322886907,0.018701542135572593,-0.49965012991267344,0.2837242246225087,0.0,-5.551115123125783e-17,4.235707345074756,-16.69524022817707
58.800000000000566,0.0,403.0,460.4610098811897,430.94671933833274,1.5404939609807824,PILOT_DESC_MINPAY_ACC,caténaire,,16.76351915891697,0.5,16.76351915891697,0.2578832552696256,-0.966176084702753,0.03741914612639578,-0.999299658512486,34.218189351473455,-426.35496605368735,5.0,-50.0,-0.01870957306319789,0.499649829256243,-4.981343536167407,58.32934706292178,8.829000000000008,-5.3109230605308255e-05,-3.1078219890900982e-06,4.323030890476244,-16.196511306801984,0.01870957306319789,-0.499649829256243,0.28381917766300885,0.0,5.551115123125783e-17,4.341740463539442,-16.412341958395217
58.90000000000057,0.0,403.0,460.61589693079026,429.57762325538647,1.54887049600566,PILOT_DESC_MINPAY_ACC,caténaire,,16.640926238218228,0.5,16.640926238218228,0.3007953627699234,-0.9536887069353973,0.03743916122420114,-0.999298908839006,34.244106552039845,-426.42200692951025,5.0,-50.0,-0.01871958061210057,0.499649454419503,-4.9813367310317975,58.32934886562887,8.829000000000008,-5.631164389807708e-05,-1.679951630251253e-06,5.005513444652388,-15.870263426333667,0.01871958061210057,-0.499649454419503,0.28391464701677593,0.0,0.0,5.024233025264489,-16.085998233736394
59.00000000000057,0.0,403.0,460.77151344789354,430.2449241705568,1.556165171032878,PILOT_DESC_MINPAY_ACC,caténaire,,16.70603282318141,0.5,16.70603282318141,0.3314706270102006,-0.9434655390789133,0.03744636864443349,-0.9992986387838948,34.270023733835686,-426.4890478058931,5.0,-50.0,-0.018723184322216747,0.4996493193919474,-4.981329515561602,58.3293498400304,8.829000000000008,-5.269988381861879e-05,-8.405776554809563e-07,5.537559174752933,-15.761566263392869,0.018723184322216747,-0.4996493193919474,0.28401056600007146,0.0,5.551115123125783e-17,5.55628235907515,-15.977205016784746
59.10000000000057,0.0,403.0,460.9277996048973,429.7707251890566,1.5628615700376685,PILOT_DESC_MINPAY_ACC,caténaire,,16.812457569689297,0.5,16.812457569689297,0.352383774193156,-0.9358555848448983,0.03744909657250861,-0.9992985365574709,34.2959408980649,-426.55608868255615,5.0,-50.0,-0.018724548286254306,0.49964926827873546,-4.981322762888421,58.32935032757737,8.829000000000008,-4.7311174675712664e-05,-4.0414389701481923e-07,5.924437251869409,-15.734032311561615,0.018724548286254306,-0.49964926827873546,0.2841068977363293,0.0,0.0,5.943161800155663,-15.949574682104021
59.20000000000057,0.0,403.0,461.08470982052603,429.87086930535963,1.5691021562872303,PILOT_DESC_MINPAY_ACC,caténaire,,16.809224141629226,0.5,16.809224141629226,0.36450969140404665,-0.9311995945405727,0.03745867750081174,-0.999298177462508,34.32185804652372,-426.6231295593539,5.0,-50.0,-0.01872933875040587,0.499649088731254,-4.981316700699264,58.329350562003484,8.829000000000008,-4.603944966952156e-05,-3.4926527092693505e-07,6.12712510460672,-15.652742705226741,0.01872933875040587,-0.499649088731254,0.2842036141301412,0.0,-5.551115123125783e-17,6.145854443357126,-15.868188179827854
59.30000000000057,0.0,403.0,461.2421811399492,430.09123980066784,1.5747131942317731,PILOT_DESC_MINPAY_ACC,caténaire,,16.748022849957568,0.5,16.748022849957568,0.36039535163398917,-0.9327996518656155,0.03746755067309291,-0.9992978448123258,34.34777517963606,-426.6901704362681,5.0,-50.0,-0.018733775336546455,0.4996489224061629,-4.981310801463225,58.3293507645793,8.829000000000008,-4.457679977143414e-05,-3.13014538733114e-07,6.035909584184544,-15.622549883877793,0.018733775336546455,-0.4996489224061629,0.28430067637737844,0.0,-1.1102230246251565e-16,6.05464335952109,-15.837898129906579
59.400000000000574,0.0,403.0,461.4001453102008,430.5619535181378,1.5796417025157927,PILOT_DESC_MINPAY_ACC,caténaire,,16.792359158139277,0.5,16.792359158139277,0.3346686717777285,-0.942335863761181,0.03748543818878677,-0.99929717397969,34.37369229788946,-426.75721131328663,5.0,-50.0,-0.018742719094393383,0.499648586989845,-4.9813050896474085,58.32935094618536,8.829000000000008,-4.780874180188022e-05,-4.668248081429738e-07,5.619876535469047,-15.824042271873154,0.018742719094393383,-0.499648586989845,0.28439804240824523,0.0,-5.551115123125783e-17,5.638619254563441,-16.039292816454754
59.500000000000576,0.0,403.0,461.55856201108656,430.01222574748624,1.5841670088577469,PILOT_DESC_MINPAY_ACC,caténaire,,16.65501142077771,0.5,16.65501142077771,0.3334708040505724,-0.9427604270682264,0.03750074652994137,-0.9992965996188005,34.39960940020662,-426.82425219046075,5.0,-50.0,-0.018750373264970685,0.49964829980940023,-4.981298963713979,58.32935121691289,8.829000000000008,-4.933697894937694e-05,-4.832777165120206e-07,5.553960049958209,-15.701685679878583,0.018750373264970685,-0.49964829980940023,0.28449568737016084,0.0,-5.551115123125783e-17,5.57271042322318,-15.916838292317824
59.60000000000058,0.0,403.0,461.71735861757173,430.630194186102,1.587966064851382,PILOT_DESC_MINPAY_ACC,caténaire,,16.628659548334117,0.5,16.628659548334117,0.36010613258671936,-0.9329113426652267,0.03750884992291417,-0.9992962954887105,34.42552648607812,-426.89129306779597,5.0,-50.0,-0.018754424961457086,0.49964814774435523,-4.981292641963478,58.329351497235095,8.829000000000008,-4.706692493527953e-05,-3.550205605051815e-07,5.988082280051822,-15.513065105959322,0.018754424961457086,-0.49964814774435523,0.2845935664984717,0.0,0.0,6.00683670501328,-15.728119687205204
59.70000000000058,0.0,403.0,461.87649196624693,430.6157693967085,1.5913334867521625,PILOT_DESC_MINPAY_ACC,caténaire,,16.661015337277092,0.5,16.661015337277092,0.3806162332817507,-0.9247330874162619,0.0375172693109765,-0.9992959794292418,34.45144355626064,-426.95833394524954,5.0,-50.0,-0.01875863465548825,0.4996479897146209,-4.981286611088347,58.329351703173984,8.829000000000008,-4.524574383513169e-05,-3.0711140652783797e-07,6.341452900323884,-15.406992152329938,0.01875863465548825,-0.4996479897146209,0.28469165318809475,0.0,0.0,6.360211534979372,-15.621948488856464
59.80000000000058,0.0,403.0,462.0359349515306,430.5834633111603,1.5944298528367176,PILOT_DESC_MINPAY_ACC,caténaire,,16.69743596258378,0.5,16.69743596258378,0.3901159473428814,-0.9207657398213543,0.037525934399179534,-0.9992956540721413,34.47736061136125,-427.0253748228055,5.0,-50.0,-0.018762967199589767,0.49964782703607064,-4.981280813571526,58.329351881318054,8.829000000000008,-4.3780771115109474e-05,-2.9164588255525814e-07,6.513936048740468,-15.37442697720814,0.018762967199589767,-0.49964782703607064,0.2847899307316788,0.0,0.0,6.532699015940057,-15.589284873512533
59.90000000000058,0.0,403.0,462.19566399132253,430.5131825897874,1.5972903979192585,PILOT_DESC_MINPAY_ACC,caténaire,,16.61298493011205,0.5,16.61298493011205,0.3841284996463046,-0.9232796411485953,0.03754197297967756,-0.9992950516563129,34.50327765186827,-427.0924157004586,5.0,-50.0,-0.01877098648983878,0.49964752582815647,-4.981275203771959,58.32935205046095,8.829000000000008,-4.619026179852881e-05,-4.237109010318818e-07,6.381520975850609,-15.338430764680874,0.01877098648983878,-0.49964752582815647,0.28488838459367755,0.0,0.0,6.400291962340448,-15.553189905915351
60.00000000000058,0.0,403.0,462.3556336873571,430.4542108425924,1.5996969603458262,PILOT_DESC_MINPAY_ACC,caténaire,,16.29868573680243,0.5,16.29868573680243,0.35473863492458924,-0.9349655078621023,0.037553547036170226,-0.9992946167697503,34.529194676978534,-427.159456578253,5.0,-50.0,-0.018776773518085113,0.49964730838487514,-4.981269285239025,58.32935229626217,8.829000000000008,-4.6058757109612714e-05,-3.9535296281201227e-07,5.7817735293381665,-15.238708987394286,0.018776773518085113,-0.49964730838487514,0.2849869867914863,0.0,5.551115123125783e-17,5.8005503028562515,-15.453369308987675
60.100000000000584,0.0,403.0,462.5157572115138,430.7518252530688,1.6012352415671116,PILOT_DESC_MINPAY_ACC,caténaire,,16.280798438501545,0.5,16.280798438501545,0.34142010453115273,-0.9399108001411286,0.03756313928745492,-0.9992942562463127,34.55511168673588,-427.2264974561792,5.0,-50.0,-0.01878156964372746,0.49964712812315637,-4.981263383556473,58.329352525544756,8.829000000000008,-4.495320020048155e-05,-3.463320936702985e-07,5.5585919047238255,-15.302498287268424,0.01878156964372746,-0.49964712812315637,0.2850856838059467,0.0,5.551115123125783e-17,5.577373474367553,-15.517059731585633
60.200000000000585,0.0,403.0,462.67601570081536,430.96256365346767,1.602584893015437,PILOT_DESC_MINPAY_ACC,caténaire,,16.019669870759238,0.5,16.019669870759238,0.34894671306599684,-0.9371425672972266,0.03757414303603928,-0.9992938425583876,34.58102868150882,-427.2935383342208,5.0,-50.0,-0.01878707151801964,0.4996469212791938,-4.981257623537975,58.32935272643903,8.829000000000008,-4.469505599491441e-05,-3.5228178063562154e-07,5.590011145803818,-15.012714549937341,0.01878707151801964,-0.4996469212791938,0.2851844640102875,0.0,0.0,5.608798217321838,-15.227177007206247
60.30000000000059,0.0,403.0,462.8363435302824,430.90108588121325,1.6032782946708868,PILOT_DESC_MINPAY_ACC,caténaire,,16.013176201373323,0.5,16.013176201373323,0.3551869471306915,-0.9347952891344603,0.03758605846539919,-0.9992933944588225,34.60694566138341,-427.36057921237983,5.0,-50.0,-0.018793029232699595,0.49964669722941124,-4.981251896601955,58.32935293079532,8.829000000000008,-4.4925834654208074e-05,-3.719752825759315e-07,5.687671168831634,-14.969041677123835,0.018793029232699595,-0.49964669722941124,0.28528328695455285,0.0,0.0,5.706464198064333,-15.183405087398693
60.40000000000059,0.0,403.0,462.9967325643671,430.88518027655243,1.603890340846756,PILOT_DESC_MINPAY_ACC,caténaire,,16.13612243626944,0.5,16.13612243626944,0.3452321481974426,-0.9385173220836038,0.03760121130890219,-0.9992928244053908,34.63286262628273,-427.42762009066286,5.0,-50.0,-0.018800605654451095,0.4996464122026954,-4.981246140097123,58.32935314652669,8.829000000000008,-4.674575157359584e-05,-4.412706218204221e-07,5.570708212250249,-15.144030417700751,0.018800605654451095,-0.4996464122026954,0.28538214762414965,0.0,0.0,5.5895088179047,-15.358294682279297
60.50000000000059,0.0,403.0,463.15720136900995,431.45192525824444,1.6046880464285622,PILOT_DESC_MINPAY_ACC,caténaire,,16.0007598454141,0.5,16.0007598454141,0.3125546410394711,-0.9498997822742605,0.03760737375734434,-0.9992925925068571,34.65877957560013,-427.494660969093,5.0,-50.0,-0.01880368687867217,0.49964629625342855,-4.981240150403056,58.32935340251605,8.829000000000008,-4.383728172818735e-05,-3.012305285210459e-07,5.001111749842186,-15.199118293381582,0.01880368687867217,-0.49964629625342855,0.2854810574627613,0.0,0.0,5.019915436720859,-15.413283532172251
60.60000000000059,0.0,403.0,463.31771499174266,431.152942631634,1.6051362273272838,PILOT_DESC_MINPAY_ACC,caténaire,,15.978597297848175,0.5,15.978597297848175,0.28954180171126404,-0.9571653697568645,0.037614687831607915,-0.9992923172222083,34.6846965103051,-427.5617018476235,5.0,-50.0,-0.018807343915803958,0.4996461586111042,-4.981234533385642,58.329353577198134,8.829000000000008,-4.187730144611379e-05,-2.6419076704087274e-07,4.626471850437696,-15.294159990790885,0.018807343915803958,-0.4996461586111042,0.28557999492636865,0.0,5.551115123125783e-17,4.6452791943535,-15.50822615447562
60.70000000000059,0.0,403.0,463.47826461530855,431.17276998337474,1.6054962356589197,PILOT_DESC_MINPAY_ACC,caténaire,,15.865147965935055,0.5,15.865147965935055,0.28194901264498323,-0.959429389933683,0.03762990915113387,-0.9992917441554681,34.71061343105097,-427.6287427262421,5.0,-50.0,-0.018814954575566936,0.49964587207773403,-4.981229167508497,58.329353730415875,8.829000000000008,-4.4122084063680234e-05,-3.9750639757585304e-07,4.4731628044619525,-15.22148923416468,0.018814954575566936,-0.49964587207773403,0.2856789545801867,0.0,-5.551115123125783e-17,4.491977759037519,-15.435456151662228
60.800000000000594,0.0,403.0,463.63882404677673,432.28231666289935,1.6055943146816913,PILOT_DESC_MINPAY_ACC,caténaire,,15.718336880323799,0.5,15.718336880323799,0.29811454889184746,-0.9545301020601761,0.03764464878011693,-0.9992911890025957,34.736530337089484,-427.69578360499315,5.0,-50.0,-0.018822324390058466,0.49964559450129786,-4.981223514004067,58.329353960984356,8.829000000000008,-4.5838394124864124e-05,-4.445143559905773e-07,4.685864908407818,-15.003625706591706,0.018822324390058466,-0.49964559450129786,0.2857779202794043,0.0,0.0,4.704687232797876,-15.217493380813599
60.900000000000595,0.0,403.0,463.79936304011,431.4348145618514,1.605389933332793,PILOT_DESC_MINPAY_ACC,caténaire,,16.10878682053952,0.5,16.10878682053952,0.3434234311205131,-0.939180678547751,0.0376614196994503,-0.9992905570784816,34.762447227848526,-427.7628244838924,5.0,-50.0,-0.01883070984972515,0.4996452785392408,-4.981217640585032,58.329354218853084,8.829000000000008,-4.835043475726053e-05,-5.026076834724336e-07,5.532134841098584,-15.129061336695376,0.01883070984972515,-0.4996452785392408,0.2858768733809546,0.0,0.0,5.550965550948309,-15.342829741853661
61.0000000000006,0.0,403.0,463.95996182603005,431.446728041041,1.6059878592007102,PILOT_DESC_MINPAY_ACC,caténaire,,16.084303440584826,0.5,16.084303440584826,0.3840798219446834,-0.9232998918958782,0.037676070014532076,-0.9992900048275576,34.78836410249076,-427.8298653629592,5.0,-50.0,-0.018838035007266038,0.4996450024137788,-4.981211445297076,58.329354510352566,8.829000000000008,-4.948030434182016e-05,-4.872336631933649e-07,6.177656401564078,-14.850635627912473,0.018838035007266038,-0.4996450024137788,0.28597586333748803,0.0,0.0,6.196494436571344,-15.064304766988764
61.1000000000006,0.0,403.0,464.1206096254706,431.770569596799,1.606477994405179,PILOT_DESC_MINPAY_ACC,caténaire,,15.789282988533065,0.5,15.789282988533065,0.41951510822741367,-0.907748353878398,0.037688344643812946,-0.999289541963694,34.81428096063956,-427.8969062421884,5.0,-50.0,-0.018844172321906473,0.499644770981847,-4.981205105236728,58.3293547929498,8.829000000000008,-4.927755863448624e-05,-4.3606836186427245e-07,6.62384276176771,-14.332695641761083,0.018844172321906473,-0.499644770981847,0.28607488350499877,0.0,0.0,6.642686934089617,-14.546265529237932
61.2000000000006,0.0,403.0,464.2812426298069,432.26187072482696,1.6063300433633532,PILOT_DESC_MINPAY_ACC,caténaire,,15.61381591942267,0.5,15.61381591942267,0.44721899424742767,-0.8944244916058143,0.03770534460801321,-0.9992889006628619,34.8401978023625,-427.9639471215629,5.0,-50.0,-0.018852672304006605,0.49964445033143096,-4.981198791160694,58.32935504587284,8.829000000000008,-5.1463464701306805e-05,-5.037957393483339e-07,6.982795051848682,-13.965379365756391,0.018852672304006605,-0.49964445033143096,0.28617389455309605,0.0,5.551115123125783e-17,7.001647724152689,-14.178849921534725
61.3000000000006,0.0,403.0,464.4418273219054,432.1609599755757,1.6058469209851338,PILOT_DESC_MINPAY_ACC,caténaire,,15.354649138718852,0.5,15.354649138718852,0.46163559968150475,-0.8870696551605728,0.0377148248072986,-0.9992885429092813,34.86611462693096,-428.03098800110536,5.0,-50.0,-0.0188574124036493,0.49964427145464063,-4.981192197000552,58.32935533806472,8.829000000000008,-4.960940420151161e-05,-3.904806433752128e-07,7.088252663051578,-13.620643316594919,0.0188574124036493,-0.49964427145464063,0.28627287582247307,0.0,0.0,7.107110075455227,-13.834014712227086
61.4000000000006,0.0,403.0,464.60231679635297,431.96989208413584,1.604894744475465,PILOT_DESC_MINPAY_ACC,caténaire,,15.529301722991452,0.5,15.529301722991452,0.4620869784315023,-0.8868346093630111,0.03773298588117696,-0.9992878573146432,34.892031434962945,-428.098028880778,5.0,-50.0,-0.01886649294058848,0.4996439286573216,-4.981185840411624,58.329355564577725,8.829000000000008,-5.233335221266344e-05,-5.067649624379555e-07,7.175888110328243,-13.771922227189458,0.01886649294058848,-0.4996439286573216,0.28637179840154886,0.0,-5.551115123125783e-17,7.194754603268832,-13.985194357445232
61.500000000000604,0.0,403.0,464.76275560210513,431.63336934321904,1.6043880575213898,PILOT_DESC_MINPAY_ACC,caténaire,,15.445869581378867,0.5,15.445869581378867,0.442391691030623,-0.8968219398002403,0.03774347216475352,-0.9992874612987739,34.91794822555048,-428.16506976061953,5.0,-50.0,-0.01887173608237676,0.49964373064938694,-4.981179134800717,58.32935585855006,8.829000000000008,-5.087088309441157e-05,-4.1080055979136887e-07,6.833124363544657,-13.85219471987372,0.01887173608237676,-0.49964373064938694,0.28647068974942985,0.0,0.0,6.851996099627034,-14.065367760773677
61.600000000000605,0.0,403.0,464.92313221622635,431.5232760060732,1.6037661412121729,PILOT_DESC_MINPAY_ACC,caténaire,,15.665013042754435,0.5,15.665013042754435,0.39957336946775524,-0.9167012176342871,0.037747026961950196,-0.9992873270263832,34.94386499918106,-428.232110640598,5.0,-50.0,-0.018873513480975098,0.4996436635131916,-4.981172616583979,58.329356096833834,8.829000000000008,-4.6130064954574834e-05,-2.3965298368011645e-07,6.259322044249722,-14.36013653054998,0.018873513480975098,-0.4996436635131916,0.28656954276360364,0.0,0.0,6.278195557730697,-14.573210651299568
61.70000000000061,0.0,403.0,465.08349678314926,431.631470558297,1.6036456692290437,PILOT_DESC_MINPAY_ACC,caténaire,,15.769914107503295,0.5,15.769914107503295,0.3641963196574796,-0.9313222002872836,0.03774944969186554,-0.9992872355073696,34.969781757434944,-428.2991515206564,5.0,-50.0,-0.01887472484593277,0.4996436177536848,-4.98116670582247,58.32935623580797,8.829000000000008,-4.143066840267551e-05,-1.4643835299921193e-07,5.743344679267268,-14.686871104941444,0.01887472484593277,-0.4996436177536848,0.2866683883521196,0.0,0.0,5.762219404113201,-14.89984633434301
61.80000000000061,0.0,403.0,465.2438715843443,432.4040814666585,1.6037480119499983,PILOT_DESC_MINPAY_ACC,caténaire,,14.468596654644495,0.5,14.468596654644495,0.3340174594885282,-0.9425668871527523,0.03777728901805269,-0.9992861834501899,34.99569850187861,-428.36619240076357,5.0,-50.0,-0.018888644509026345,0.49964309172509497,-4.981161397210913,58.32935632077508,8.829000000000008,-5.004171993938655e-05,-5.874998336707904e-07,4.832763896948572,-13.637620110236986,0.018888644509026345,-0.49964309172509497,0.28676724024884104,0.0,0.0,4.851652541457598,-13.850495961713241
61.90000000000061,0.0,403.0,465.4039954293942,432.2200001269768,1.6012384504989077,PILOT_DESC_MINPAY_ACC,caténaire,,14.767042208609643,0.5,14.767042208609643,0.31239667195390947,-0.949951745801923,0.03779650477039949,-0.9992854568275981,35.0216152296417,-428.4332332810666,5.0,-50.0,-0.018898252385199744,0.49964272841379903,-4.981154985248055,58.32935666153373,8.829000000000008,-5.3237633254710204e-05,-6.10052481420098e-07,4.613174840572562,-14.027977526399415,0.018898252385199744,-0.49964272841379903,0.2868659374610936,0.0,-5.551115123125783e-17,4.632073092957762,-14.240754317352119
62.00000000000061,0.0,403.0,465.56395319946944,432.97096848809093,1.5995777007526282,PILOT_DESC_MINPAY_ACC,caténaire,,15.209631532059069,0.5,15.209631532059069,0.3216031828403624,-0.9468745390953062,0.03781017914217436,-0.9992849395208739,35.04753193965891,-428.5002741615729,5.0,-50.0,-0.01890508957108718,0.49964246976043697,-4.981148163790604,58.32935701534902,8.829000000000008,-5.325336169192951e-05,-5.148905515284241e-07,4.891465910539334,-14.401612846727867,0.01890508957108718,-0.49964246976043697,0.2869645323079739,0.0,1.1102230246251565e-16,4.9103710001104215,-14.61429078418033
62.10000000000061,0.0,403.0,465.72385011632275,432.5808648653867,1.598969168533382,PILOT_DESC_MINPAY_ACC,caténaire,,15.35157174382293,0.5,15.35157174382293,0.314147031434493,-0.9493743427336215,0.037811280912991345,-0.9992848978323045,35.073448631925004,-428.5673150422509,5.0,-50.0,-0.018905640456495672,0.4996424489161522,-4.981141340322125,58.329357314069235,8.829000000000008,-4.698077862119732e-05,-2.3701461770997412e-07,4.822650691175617,-14.57438833421993,0.018905640456495672,-0.4996424489161522,0.28706308964611615,0.0,0.0,4.841556331632113,-14.786967693489967
62.200000000000614,0.0,403.0,465.8837207496594,432.36974219436706,1.5987063333664642,PILOT_DESC_MINPAY_ACC,caténaire,,15.522775062791117,0.5,15.522775062791117,0.28568885228287494,-0.9583224299166192,0.03782118528808757,-0.9992845230180463,35.099365308530835,-428.63435592300794,5.0,-50.0,-0.018910592644043784,0.49964226150902313,-4.981135320575764,58.329357451559666,8.829000000000008,-4.591321980829122e-05,-2.8693131781665215e-07,4.4346837919340265,-14.875823517223084,0.018910592644043784,-0.49964226150902313,0.2871616307836118,0.0,0.0,4.4535943845780706,-15.088304147948497
62.300000000000615,0.0,403.0,466.0436020647967,432.8853970335245,1.5988131513730375,PILOT_DESC_MINPAY_ACC,caténaire,,15.422907331998548,0.5,15.422907331998548,0.27087753755279487,-0.9626138164650112,0.03782403657609649,-0.9992844150976687,35.125281969832265,-428.7013968038606,5.0,-50.0,-0.018912018288048244,0.49964220754883437,-4.9811294376246025,58.32935761793298,8.829000000000008,-4.14559126511449e-05,-1.7451819900315968e-07,4.177719159996712,-14.846303687841326,0.018912018288048244,-0.49964220754883437,0.2872601785051607,0.0,0.0,4.19663117828476,-15.058685716885
62.40000000000062,0.0,403.0,466.2034731162683,432.61824260608046,1.5987105147160445,PILOT_DESC_MINPAY_ACC,caténaire,,15.141898326429255,0.5,15.141898326429255,0.2721387162829739,-0.9622580314551055,0.037839188604054566,-0.9992838414613672,35.15119861731505,-428.7684376847714,5.0,-50.0,-0.018919594302027283,0.4996419207306836,-4.9811241257963195,58.329357719220894,8.829000000000008,-4.372009834696655e-05,-3.6004843195769354e-07,4.120696772641769,-14.57041327608317,0.018919594302027283,-0.4996419207306836,0.2873587199003866,0.0,0.0,4.139616366943796,-14.782696476913468
62.50000000000062,0.0,403.0,466.36327882486137,432.203185427925,1.5980570859309262,PILOT_DESC_MINPAY_ACC,caténaire,,15.186133745950007,0.5,15.186133745950007,0.29928082191979327,-0.9541650746233656,0.03784426007477116,-0.999283649410613,35.177115250224475,-428.83547856580225,5.0,-50.0,-0.01892213003738558,0.4996418247053065,-4.981118523858246,58.3293579280283,8.829000000000008,-4.065389563123745e-05,-2.472663993557944e-07,4.544918589271827,-14.4900784389448,0.01892213003738558,-0.4996418247053065,0.2874572210195377,0.0,-5.551115123125783e-17,4.563840719309212,-14.702263042630568
62.60000000000062,0.0,403.0,466.52303466812293,432.6457794458224,1.597558432615639,PILOT_DESC_MINPAY_ACC,caténaire,,15.24294084586528,0.5,15.24294084586528,0.3185148675019432,-0.9479178652078563,0.037849727323355474,-0.9992834423433362,35.2030318695826,-428.9025194469155,5.0,-50.0,-0.018924863661677737,0.4996417211716681,-4.981113314803407,58.32935807145357,8.829000000000008,-3.817846508447076e-05,-2.073747680242377e-07,4.855103283860738,-14.449055946102252,0.018924863661677737,-0.4996417211716681,0.2875556914026719,0.0,0.0,4.874028147522416,-14.66114197587125
62.70000000000062,0.0,403.0,466.6827570901395,432.39493471842206,1.5972242201654507,PILOT_DESC_MINPAY_ACC,caténaire,,15.155723262694343,0.5,15.155723262694343,0.3282348123746215,-0.9445961613014301,0.037862613915389545,-0.9992829541563761,35.22894847621457,-428.9695603280979,5.0,-50.0,-0.018931306957694773,0.49964147707818807,-4.981108422927979,58.329358191732965,8.829000000000008,-3.9729885673800425e-05,-3.311888576718047e-07,4.974635981532164,-14.316038015687862,0.018931306957694773,-0.49964147707818807,0.28765414118560306,0.0,5.551115123125783e-17,4.993567288489859,-14.528025351580448
62.80000000000062,0.0,403.0,466.8424320856112,432.4047090255633,1.596749954717497,PILOT_DESC_MINPAY_ACC,caténaire,,15.095496946318933,0.5,15.095496946318933,0.3207674689593509,-0.9471579756605609,0.037879046343305786,-0.9992823313999512,35.25486506960324,-429.03660120939065,5.0,-50.0,-0.018939523171652893,0.4996411656999756,-4.981103332271654,58.32935838382391,8.829000000000008,-4.285544330695501e-05,-4.504761221824083e-07,4.842144348154334,-14.29782032926562,0.018939523171652893,-0.4996411656999756,0.2877525617357379,0.0,0.0,4.861083871325987,-14.509708933229858
62.900000000000624,0.0,403.0,467.00205244797525,433.2572997163536,1.5962036236401664,PILOT_DESC_MINPAY_ACC,caténaire,,15.152633683004064,0.5,15.152633683004064,0.2919214627710302,-0.9564422928612171,0.0378843124300323,-0.9992821317684529,35.280781648706764,-429.1036420908336,5.0,-50.0,-0.01894215621501615,0.49964106588422647,-4.981097841134534,58.32935864515465,8.829000000000008,-3.999734954973633e-05,-2.889611323553254e-07,4.423378989576129,-14.492619702658516,0.01894215621501615,-0.49964106588422647,0.28785094861109156,0.0,5.551115123125783e-17,4.442321145791145,-14.704409819931652
63.000000000000625,0.0,403.0,467.16163516388457,433.39028883158073,1.5958271590930868,PILOT_DESC_MINPAY_ACC,caténaire,,15.170278933885326,0.5,15.170278933885326,0.27034404259548284,-0.9627637813259968,0.03788919171568802,-0.9992819467753492,35.30669821447784,-429.17068297237284,5.0,-50.0,-0.01894459585784401,0.4996409733876746,-4.981092716214156,58.32935881271493,8.829000000000008,-3.731207200008413e-05,-2.1389740112454092e-07,4.10119453428765,-14.605395110157549,0.01894459585784401,-0.4996409733876746,0.2879493122819055,0.0,0.0,4.120139130145494,-14.817086771263316
63.10000000000063,0.0,403.0,467.3211876229858,433.35633663921124,1.5955245910123963,PILOT_DESC_MINPAY_ACC,caténaire,,15.036240040279967,0.5,15.036240040279967,0.2600097334781607,-0.9656059954746636,0.03789609769174534,-0.9992816849015785,35.332614767811556,-429.23772385398337,5.0,-50.0,-0.01894804884587267,0.49964084245078927,-4.981087935361956,58.32935893675305,8.829000000000008,-3.5984207829464765e-05,-2.207961671274461e-07,3.9095687653868425,-14.519083532290534,0.01894804884587267,-0.49964084245078927,0.2880476573030136,0.0,0.0,3.928516814232715,-14.730676717438309
63.20000000000063,0.0,403.0,467.4806861390906,432.7384231623379,1.5949851610479238,PILOT_DESC_MINPAY_ACC,caténaire,,14.99193044498973,0.5,14.99193044498973,0.2660363595750943,-0.9639629948208753,0.037907288372641366,-0.9992812604508471,35.358531309150536,-429.3047647356675,5.0,-50.0,-0.018953644186320683,0.49964063022542354,-4.981083324654696,58.329359064846656,8.829000000000008,-3.696884101689335e-05,-3.0492793001712926e-07,3.9883985985880916,-14.451666169898559,0.018953644186320683,-0.49964063022542354,0.2881459690747118,0.0,0.0,4.007352242774412,-14.66316083104927
63.30000000000063,0.0,403.0,467.64012734044667,432.780365344414,1.5944120135606257,PILOT_DESC_MINPAY_ACC,caténaire,,14.867322145156564,0.5,14.867322145156564,0.29713793640766184,-0.9548345651197363,0.03792815722882871,-0.9992804685818819,35.38444783816657,-429.3718056174533,5.0,-50.0,-0.018964078614414355,0.49964023429094095,-4.9810785877888595,58.32935924170485,8.829000000000008,-4.26664032735502e-05,-5.240042142418133e-07,4.417645422119754,-14.195833074965593,0.018964078614414355,-0.49964023429094095,0.28824424551871763,0.0,0.0,4.436609500734168,-14.407229063737818
63.40000000000063,0.0,403.0,467.7994921326899,432.6913459051293,1.5936479224323574,PILOT_DESC_MINPAY_ACC,caténaire,,14.802326871327454,0.5,14.802326871327454,0.3157722404333455,-0.948835018415586,0.037942448585751576,-0.999279926044408,35.41036435296047,-429.4388464994137,5.0,-50.0,-0.018971224292875788,0.499639963022204,-4.9810731208863865,58.329359545667515,8.829000000000008,-4.434517926199533e-05,-4.913102884529508e-07,4.674163919785784,-14.044966089549508,0.018971224292875788,-0.499639963022204,0.288342474865638,0.0,0.0,4.693135144078659,-14.256263577706074
63.50000000000063,0.0,403.0,467.9587752534433,433.22565362267693,1.592831207533755,PILOT_DESC_MINPAY_ACC,caténaire,,14.039235740701118,0.5,14.039235740701118,0.3227589704500294,-0.9464811920973586,0.037970505782716345,-0.9992788603240863,35.436280852972644,-429.50588738153795,5.0,-50.0,-0.018985252891358172,0.49963943016204315,-4.9810674388849305,58.32935983063869,8.829000000000008,-5.2691776288860126e-05,-7.391992795646729e-07,4.5312892735739485,-13.287872579994637,0.018985252891358172,-0.49963943016204315,0.28844065387184636,0.0,5.551115123125783e-17,4.550274526465307,-13.499071356284833
63.600000000000634,0.0,403.0,468.11783234734423,432.95349275482647,1.5905709390093334,PILOT_DESC_MINPAY_ACC,caténaire,,14.209105191470742,0.5,14.209105191470742,0.31541290826594476,-0.9489545285730073,0.03798891614434584,-0.9992781605990286,35.46219733542089,-429.5729282639086,5.0,-50.0,-0.01899445807217292,0.4996390802995143,-4.981060687427273,58.32936025943079,8.829000000000008,-5.514549944596325e-05,-6.602696984714385e-07,4.481735192298521,-13.483794718416389,0.01899445807217292,-0.4996390802995143,0.2885386935595152,0.0,1.1102230246251565e-16,4.500729650370694,-13.69489510515639
63.700000000000635,0.0,403.0,468.2767200866218,433.741614075774,1.588877392776015,PILOT_DESC_MINPAY_ACC,caténaire,,14.516922089210842,0.5,14.516922089210842,0.30009027280436573,-0.9539108072394407,0.03798793625868896,-0.9992781978502311,35.4881137994873,-429.6399691464993,5.0,-50.0,-0.01899396812934448,0.49963909892511554,-4.981053621576947,58.32936064242572,8.829000000000008,-4.7589706292150424e-05,-2.5864917319040615e-07,4.3563871100310045,-13.847848868751182,0.01899396812934448,-0.49963909892511554,0.2886366288603002,0.0,5.551115123125783e-17,4.375381078160349,-14.058851338815996
63.80000000000064,0.0,403.0,468.4355170657161,433.2536241852072,1.587969790943156,PILOT_DESC_MINPAY_ACC,caténaire,,14.772068362513172,0.5,14.772068362513172,0.29722180009471694,-0.9548084632786077,0.037989393517101844,-0.9992781424509409,35.51403024769048,-429.7070100291763,5.0,-50.0,-0.018994696758550922,0.49963907122547047,-4.981047523861994,58.329360792478234,8.829000000000008,-4.222062054459741e-05,-1.3629630046807506e-07,4.390580749828382,-14.104495892657742,0.018994696758550922,-0.49963907122547047,0.28873450821828006,0.0,5.551115123125783e-17,4.409575446586933,-14.315400455664932
63.90000000000064,0.0,403.0,468.5942834854595,434.8979118115055,1.5876641974339927,PILOT_DESC_MINPAY_ACC,caténaire,,14.800020105366087,0.5,14.800020105366087,0.31305135512733584,-0.949736199717026,0.037993047721550446,-0.9992780035229575,35.53994668182012,-429.77405091189866,5.0,-50.0,-0.018996523860775223,0.49963900176147874,-4.981042114098418,58.329360871510495,8.829000000000008,-3.863795919389901e-05,-1.2672803251234654e-07,4.633166349896669,-14.056114850605967,0.018996523860775223,-0.49963900176147874,0.28883236874007256,0.0,0.0,4.652162873757445,-14.266921483627373
64.00000000000064,0.0,403.0,468.75302808765963,433.7847465948942,1.5874460220010083,PILOT_DESC_MINPAY_ACC,caténaire,,14.779421665180593,0.5,14.779421665180593,0.3432281338649642,-0.9392520684691487,0.0380031917684383,-0.9992776177896768,35.56586310307044,-429.84109179466327,5.0,-50.0,-0.01900159588421915,0.4996388088948384,-4.981037163385383,58.329360945003586,8.829000000000008,-3.875926960272835e-05,-2.461015853327808e-07,5.072713317743356,-13.881602369798621,0.01900159588421915,-0.4996388088948384,0.2889302158139573,0.0,1.1102230246251565e-16,5.091714913627576,-14.092310962879502
64.10000000000063,0.0,403.0,468.9117490298701,433.72893692300823,1.5872094221050617,PILOT_DESC_MINPAY_ACC,caténaire,,14.800122621913836,0.5,14.800122621913836,0.3702209073280502,-0.9289437441401902,0.03801296341057132,-0.9992772461197875,35.591779511401,-429.9081326775099,5.0,-50.0,-0.01900648170528566,0.49963862305989376,-4.981032197129124,58.32936108774474,8.829000000000008,-3.867883440911157e-05,-2.8919536987359606e-07,5.4793148256513415,-13.748481322134568,0.01900648170528566,-0.49963862305989376,0.2890280483042863,0.0,5.551115123125783e-17,5.498321307356627,-13.959091896890175
64.20000000000063,0.0,403.0,469.07045291372634,433.3278371293915,1.5870388385625238,PILOT_DESC_MINPAY_ACC,caténaire,,14.854795728153851,0.5,14.854795728153851,0.39126681244686473,-0.9202772851036095,0.038019271936018326,-0.9992770061206528,35.61769590683862,-429.97517356045296,5.0,-50.0,-0.019009635968009163,0.4996385030603264,-4.981027241185174,58.32936125550287,8.829000000000008,-3.687715318356766e-05,-2.414368154290969e-07,5.81218857410406,-13.670531083474122,0.019009635968009163,-0.4996385030603264,0.28912587028017867,0.0,0.0,5.83119821007207,-13.88104371625427
64.30000000000062,0.0,403.0,469.2291524750857,433.7375803487804,1.586995613593684,PILOT_DESC_MINPAY_ACC,caténaire,,14.673060983414837,0.5,14.673060983414837,0.40767952871247365,-0.9131250746030225,0.03803519886770458,-0.9992764000250851,35.64361228998385,-430.0422144434765,5.0,-50.0,-0.01901759943385229,0.49963820001254255,-4.981022516090458,58.32936139556506,8.829000000000008,-4.0115524310380124e-05,-4.044224084509551e-07,5.981906586487946,-13.398339905135371,0.01901759943385229,-0.49963820001254255,0.2892236895917685,0.0,0.0,6.000924185921798,-13.608754415556145
64.40000000000062,0.0,403.0,469.387811894607,434.03882313179525,1.586594195213457,PILOT_DESC_MINPAY_ACC,caténaire,,14.527842624593687,0.5,14.527842624593687,0.4132487227548741,-0.9106181928456432,0.03805314787812245,-0.9992757166751156,35.66952865975724,-430.1092553266348,5.0,-50.0,-0.019026573939061226,0.4996378583375578,-4.981017376066688,58.32936163009011,8.829000000000008,-4.395000574852759e-05,-5.115723382687065e-07,6.003612408997159,-13.229317796753408,0.019026573939061226,-0.4996378583375578,0.28932148416071285,0.0,5.551115123125783e-17,6.02263898293622,-13.439634170930253
64.50000000000061,0.0,403.0,469.54640623811105,433.9356245422578,1.5859434350403363,PILOT_DESC_MINPAY_ACC,caténaire,,14.483060456806427,0.5,14.483060456806427,0.4021084251899098,-0.9155920567541479,0.038065310034734956,-0.999275253457204,35.695445014880626,-430.17629620996365,5.0,-50.0,-0.019032655017367478,0.499637626728602,-4.9810117447292175,58.32936192683205,8.829000000000008,-4.439974658509982e-05,-4.464393583702986e-07,5.823760632216688,-13.260575111742066,0.019032655017367478,-0.499637626728602,0.2894192386180705,0.0,0.0,5.8427932872340556,-13.470793499852597
64.6000000000006,0.0,403.0,469.7049331520217,433.43637703562996,1.5852691391066376,PILOT_DESC_MINPAY_ACC,caténaire,,14.529656486960786,0.5,14.529656486960786,0.37076440269569017,-0.9287269554038519,0.038075622776648506,-0.9992748605614824,35.721361355204095,-430.2433370934413,5.0,-50.0,-0.019037811388324253,0.4996374302807412,-4.981006055770734,58.32936218578886,8.829000000000008,-4.386715905813077e-05,-3.8393040568962533e-07,5.387079408761576,-13.494083632198917,0.019037811388324253,-0.4996374302807412,0.28951695151314316,0.0,1.1102230246251565e-16,5.4061172201499,-13.704204110966515
