t,x_bat,L0,L,L_seg,dL/dt,Explain,mode_câble,Scénario,Tbat,Trov,Tmax,U_bat_x,U_bat_y,U_rov_x,U_rov_y,x_rov,y_rov,Fx_rov,Fy_rov,Tr_cable_rov_x,Tr_cable_rov_y,Trainee_rov_x,Trainee_rov_y,Poids_app_rov,Sigma_f_rov_x,Sigma_f_rov_y,Tr_bat_cable_x,Tr_bat_cable_y,Tr_rov_cable_x,Tr_rov_cable_y,Poids_app_cable_y,Trainee_cable_x,Trainee_cable_y,Sigma_f_cable_x,Sigma_f_cable_y
0.1,0.0,403.0,403.0,403.0478337065279,0.0,HISTORY_LT2,caténaire,,0.008337781180859672,0.25502702417647527,0.25502702417647527,0.26372103732726715,-0.9645989915353583,0.048582892224862034,-0.9988191540930056,29.999997935916262,-400.00142611051433,0.0,0.0,-0.012389950429992982,0.2547258765588035,1.2643649459577743e-07,0.10514545200731124,8.829000000000008,-0.012389823993498387,-8.469128671433893,0.002198848302024079,-0.00804261531869973,0.012389950429992982,-0.2547258765588035,0.24840133288962993,0.0,0.0,0.014588798732017062,-0.014367158987873302
0.2,0.0,403.0,403.0,402.80474164274926,0.0,PILOT_ASC_HOLD_ACC,caténaire,,0.008337781180859672,0.25502702417647527,0.25502702417647527,0.4756109993030151,-0.8796557152329469,0.04858503753515564,-0.998819049742098,29.99999174239931,-400.0056696778865,0.0,0.0,-0.012390497542093096,0.2547258499465021,2.8447518103095546e-07,0.23370605953753965,8.829000000000008,-0.012390213066912065,-8.340568090515966,0.003965540439398542,-0.00733437686810492,0.012390497542093096,-0.2547258499465021,0.24840133288962993,0.0,0.0,0.01635603798149164,-0.013658893924977072
0.30000000000000004,0.0,403.0,403.0,402.61238845070545,0.0,PILOT_ASC_HOLD_ACC,caténaire,,0.008337781180859672,0.25502702417647527,0.25502702417647527,-0.0163043115820561,-0.9998670758775066,0.04865201500421596,-0.9988157895408091,29.99998141945711,-400.01262972859763,0.0,0.0,-0.01240757860671442,0.25472501850706913,7.902722139084854e-07,0.628684245992056,8.829000000000008,-0.012406788334500513,-7.945590735500883,-0.00013594178227573973,-0.008336672888612664,0.01240757860671442,-0.25472501850706913,0.24840133288962993,0.0,0.0,0.012271636824438681,-0.01466035850605188
0.4,0.0,403.0,403.0,402.87102735327124,0.0,PILOT_ASC_HOLD_ACC,caténaire,,0.008337781180859672,0.25502702417647527,0.25502702417647527,0.25818528700924825,-0.9660954184613195,0.048493532103671556,-0.9988234965919204,29.999966964250014,-400.02214838380996,0.0,0.0,-0.012367161184205725,0.25472698401337923,1.5495955386208983e-06,1.1758690561312652,8.829000000000008,-0.012365611588667105,-7.398403959855363,0.002152692427200563,-0.00805509219896154,0.012367161184205725,-0.25472698401337923,0.24840133288962993,0.0,0.0,0.014519853611406288,-0.01438074332271086
0.5,0.0,403.0,403.0,403.31625001700434,0.0,PILOT_ASC_HOLD_ACC,caténaire,,0.008337781180859672,0.25502702417647527,0.25502702417647527,0.2124306371503037,-0.9771761480919989,0.04852895075252318,-0.9988217763639613,29.999948382495802,-400.034024399479,0.0,0.0,-0.012376193896822705,0.25472654530876193,2.5606082683733937e-06,1.8304138517642692,8.829000000000008,-0.012373633288554332,-6.743859602926976,0.0017712001686698315,-0.008147480897946412,0.012376193896822705,-0.25472654530876193,0.24840133288962993,0.0,0.0,0.014147394065492537,-0.014472693317078428
0.6,0.0,403.0,403.0,402.8407493420708,0.0,PILOT_ASC_HOLD_ACC,caténaire,,0.008337781180859672,0.25502702417647527,0.25502702417647527,0.21409530038809427,-0.9768127775329987,0.048631970732478026,-0.9988167656896211,29.999925675743416,-400.0480286387809,0.0,0.0,-0.01240246677574131,0.25472526745139584,3.8236644146354765e-06,2.545228727727456,8.829000000000008,-0.012398643111326674,-6.029046004821156,0.0017850797664863507,-0.008144451193737901,0.01240246677574131,-0.25472526745139584,0.24840133288962993,0.0,0.0,0.014187546542227661,-0.014468385755503826
0.7,0.0,403.0,403.0,403.2970761588149,0.0,PILOT_ASC_HOLD_ACC,caténaire,,0.008337781180859672,0.25502702417647527,0.25502702417647527,0.21108529387671202,-0.9774676458630137,0.04871439516770546,-0.9988127490693361,29.999898838078085,-400.0639192343166,0.0,0.0,-0.012423487234176791,0.25472424310467734,5.341450239569111e-06,3.2770881016330877,8.829000000000008,-0.012418145783937223,-5.297187655262243,0.0017599829908414826,-0.008149911342575842,0.012423487234176791,-0.25472424310467734,0.24840133288962993,0.0,0.0,0.014183470225018273,-0.014472821557623278
0.7999999999999999,0.0,403.0,403.0,402.9032750772776,0.0,PILOT_ASC_HOLD_ACC,caténaire,,0.008337781180859672,0.25502702417647527,0.25502702417647527,0.21845242166969775,-0.9758476005333234,0.04881006514553619,-0.9988080784317319,29.99986786144132,-400.0814547383708,0.0,0.0,-0.01244788566392599,0.2547230519658681,7.116037819403271e-06,3.990655865797153,8.829000000000008,-0.012440769626106586,-4.583621082236987,0.0018214084903108274,-0.00813640375911381,0.01244788566392599,-0.2547230519658681,0.24840133288962993,0.0,0.0,0.014269294154236816,-0.014458122835351944
0.8999999999999999,0.0,403.0,403.0,403.04367848907464,0.0,PILOT_ASC_HOLD_ACC,caténaire,,0.008337781180859672,0.25502702417647527,0.25502702417647527,0.22924711590110253,-0.9733682550047678,0.04890216091441897,-0.9988035736108978,29.99983273773765,-400.1004043062954,0.0,0.0,-0.01247137257380341,0.25472190311481635,9.148930534152677e-06,4.660219724141623,8.829000000000008,-0.012462223643269259,-3.9140583727435683,0.0019114122887265686,-0.00811573151862497,0.01247137257380341,-0.25472190311481635,0.24840133288962993,0.0,0.0,0.014382784862529979,-0.014436301743811414
0.9999999999999999,0.0,403.0,403.0,403.038837656607,0.0,PILOT_ASC_HOLD_ACC,caténaire,,0.008337781180859672,0.25502702417647527,0.25502702417647527,0.21608553654690926,-0.976374436830069,0.04897744182958287,-0.9987998849578579,29.999793460200664,-400.1205546623365,0.0,0.0,-0.012490571241574941,0.25472096240860836,1.1440847944268341e-05,5.269546220903888,8.829000000000008,-0.012479130393630673,-3.304732816687511,0.0018016739200767849,-0.00814079640487421,0.012490571241574941,-0.25472096240860836,0.24840133288962993,0.0,0.0,0.014292245161651725,-0.014460425923852632
1.0999999999999999,0.0,403.0,403.0,402.66095725726,0.0,PILOT_ASC_HOLD_ACC,caténaire,,0.008337781180859672,0.25502702417647527,0.25502702417647527,0.21999556655962407,-0.9755008717034085,0.04906057997512008,-0.9987958047030959,29.999750023150458,-400.14171411195355,0.0,0.0,-0.012511773715426848,0.2547199218333785,1.3992340683459304e-05,5.81054011448887,8.829000000000008,-0.012497781374743389,-2.763739963677759,0.001834274894733395,-0.008133512810000885,0.012511773715426848,-0.2547199218333785,0.24840133288962993,0.0,0.0,0.014346048610160244,-0.014452101753749474
1.2,0.0,403.0,403.0,402.76911678316304,0.0,PILOT_ASC_HOLD_ACC,caténaire,,0.008337781180859672,0.25502702417647527,0.25502702417647527,0.2041496065793339,-0.9789397009691164,0.04915938639259515,-0.99879094645952,29.999702420425645,-400.16371414927636,0.0,0.0,-0.012536972022045052,0.2547186828499766,1.6804799941500038e-05,6.281373312537905,8.829000000000008,-0.012520167222103551,-2.2929080046121255,0.001702154747817076,-0.008162185015936694,0.012536972022045052,-0.2547186828499766,0.24840133288962993,0.0,0.0,0.014239126769862128,-0.014479534976283376
1.3,0.0,403.0,403.0,403.04408438637836,0.0,PILOT_ASC_HOLD_ACC,caténaire,,0.008337781180859672,0.25502702417647527,0.25502702417647527,0.18663133436281235,-0.9824300204258604,0.04931062990829102,-0.9987834909418796,29.999650644392037,-400.1864092981731,0.0,0.0,-0.012575543205778958,0.25471678149149907,1.988049877825598e-05,6.684575649545998,8.829000000000008,-0.012555662707000701,-1.8897075689625105,0.0015560912274089856,-0.008191286535818321,0.012575543205778958,-0.25471678149149907,0.24840133288962993,0.0,0.0,0.014131634433187944,-0.014506735137687438
1.4000000000000001,0.0,403.0,403.0,402.7555858603244,0.0,PILOT_ASC_HOLD_ACC,caténaire,,0.008337781180859672,0.25502702417647527,0.25502702417647527,0.19192093400797908,-0.9814103907588839,0.0494735239695052,-0.9987754354338311,29.999594683773555,-400.2096757860858,0.0,0.0,-0.01261708559346643,0.25471472711925325,2.3223877527897167e-05,7.025373729199637,8.829000000000008,-0.012593861715938534,-1.5489115436811174,0.001600194751784739,-0.008182785086769558,0.01261708559346643,-0.25471472711925325,0.24840133288962993,0.0,0.0,0.01421728034525117,-0.014496179316392882
1.5000000000000002,0.0,403.0,403.0,403.02676959897826,0.0,PILOT_ASC_HOLD_ACC,caténaire,,0.008337781180859672,0.25502702417647527,0.25502702417647527,0.17784106776318717,-0.984059223124731,0.049596389065816274,-0.9987693418360578,29.99953452568256,-400.2334095441774,0.0,0.0,-0.0126484195133538,0.2547131730871466,2.6838473685311308e-05,7.310394142927632,8.829000000000008,-0.012621581039668489,-1.2638926839852296,0.0014827999079798917,-0.008204870471420772,0.0126484195133538,-0.2547131730871466,0.24840133288962993,0.0,0.0,0.01413121942133369,-0.014516710668937421
1.6000000000000003,0.0,403.0,403.0,402.7868834675051,0.0,PILOT_ASC_HOLD_ACC,caténaire,,0.008337781180859672,0.25502702417647527,0.25502702417647527,0.19024038895798803,-0.9817375384536915,0.04970265837702193,-0.9987640591001745,29.999470161162836,-400.25752390337965,0.0,0.0,-0.012675521059551864,0.2547118258467348,3.0722941016181544e-05,7.5467371055277095,8.829000000000008,-0.012644798118535682,-1.0275510686255638,0.0015861827348933367,-0.008185512772662688,0.012675521059551864,-0.2547118258467348,0.24840133288962993,0.0,0.0,0.014261703794445201,-0.01449600572976753
1.7000000000000004,0.0,403.0,403.0,403.0458260687696,0.0,PILOT_ASC_HOLD_ACC,caténaire,,0.008337781180859672,0.25502702417647527,0.25502702417647527,0.21212222051598112,-0.9772431445466216,0.049804876578439905,-0.9987589670531157,29.99940158283741,-400.28194724076354,0.0,0.0,-0.01270158946327616,0.2547105272371264,3.487734950192314e-05,7.7413693295802535,8.829000000000008,-0.012666712113774237,-0.8329201431826281,0.0017686286582603127,-0.00814803949972495,0.01270158946327616,-0.2547105272371264,0.24840133288962993,0.0,0.0,0.014470218121536472,-0.01445723384722139
1.8000000000000005,0.0,403.0,403.0,402.7335576231817,0.0,PILOT_ASC_HOLD_ACC,caténaire,,0.008337781180859672,0.25502702417647527,0.25502702417647527,0.20436028062024858,-0.9788957430210906,0.04996068611250757,-0.998751185152322,29.99932878262232,-400.3066207351959,0.0,0.0,-0.012741325105087761,0.25470854264212456,3.930384568803042e-05,7.900764068345206,8.829000000000008,-0.01270202125939973,-0.6735273890126781,0.00170391130187071,-0.008161818504184895,0.012741325105087761,-0.25470854264212456,0.24840133288962993,0.0,0.0,0.01444523640695847,-0.014469028256679534
1.9000000000000006,0.0,403.0,403.0,403.1200811449998,0.0,PILOT_ASC_HOLD_ACC,caténaire,,0.008337781180859672,0.25502702417647527,0.25502702417647527,0.20425853811183414,-0.9789169778936396,0.05014712606812373,-0.9987418413920124,29.999251749255215,-400.3314963211545,0.0,0.0,-0.012788872332156144,0.2547061597307382,4.400757962682713e-05,8.030718613078495,8.829000000000008,-0.012744864752529316,-0.5435752271907752,0.0017030629950987588,-0.008161995555905611,0.012788872332156144,-0.2547061597307382,0.24840133288962993,0.0,0.0,0.014491935327254903,-0.014466822397013884
2.0000000000000004,0.0,403.0,403.0,403.0386882588166,0.0,PILOT_ASC_HOLD_ACC,caténaire,,0.008337781180859672,0.25502702417647527,0.25502702417647527,0.21581579867379497,-0.976434094572077,0.05030209170248249,-0.9987340484685374,29.999170468396407,-400.35653488037667,0.0,0.0,-0.012828392756736277,0.2547041723246547,4.8994382511509045e-05,8.136290375150118,8.829000000000008,-0.012779398374224768,-0.4380054525252355,0.0017994249047145674,-0.008141293818072817,0.012828392756736277,-0.2547041723246547,0.24840133288962993,0.0,0.0,0.014627817661450845,-0.014444133253097596
2.1000000000000005,0.0,403.0,403.0,402.65585189722253,0.0,PILOT_ASC_HOLD_ACC,caténaire,,0.008337781180859672,0.25502702417647527,0.25502702417647527,0.18530734081757952,-0.9826806141565617,0.05040619475436723,-0.9987287997902057,29.999084929062352,-400.3817046793133,0.0,0.0,-0.012854941848266133,0.25470283376983893,5.426270640507592e-05,8.221806707517398,8.829000000000008,-0.012800679141861056,-0.3524904587127704,0.0015450520589439637,-0.008193375931510205,0.012854941848266133,-0.25470283376983893,0.24840133288962993,0.0,0.0,0.014399993907210097,-0.01449487681171921
2.2000000000000006,0.0,403.0,403.0,403.03418945838587,0.0,PILOT_ASC_HOLD_ACC,caténaire,,0.008337781180859672,0.25502702417647527,0.25502702417647527,0.19345931278886142,-0.9811082989636065,0.05054287265853884,-0.998721892231978,29.998995123808086,-400.40698004209446,0.0,0.0,-0.012889798407437696,0.2547010721558198,5.9809919072999214e-05,8.290916961138148,8.829000000000008,-0.012829988488364696,-0.28338196670604,0.0016130214174330136,-0.008180266311484004,0.012889798407437696,-0.2547010721558198,0.24840133288962993,0.0,0.0,0.01450281982487071,-0.014480005577673843
2.3000000000000007,0.0,403.0,403.0,402.91827916793875,0.0,PILOT_ASC_HOLD_ACC,caténaire,,0.008337781180859672,0.25502702417647527,0.25502702417647527,0.21065487440132832,-0.9775604962819235,0.050747017693367855,-0.9987115400330714,29.99890104285149,-400.4323402378787,0.0,0.0,-0.012941860908170542,0.25469843206533893,6.564069493915436e-05,8.346664823123898,8.829000000000008,-0.012876220213231388,-0.2276367448107699,0.001756394247439753,-0.008150685509051262,0.012941860908170542,-0.25469843206533893,0.24840133288962993,0.0,0.0,0.014698255155610294,-0.01444778468476024
2.400000000000001,0.0,403.0,403.0,403.3205008099327,0.0,PILOT_ASC_HOLD_ACC,caténaire,,0.008337781180859672,0.25502702417647527,0.25502702417647527,0.20574080484305016,-0.9786065201205918,0.05094611087353197,-0.9987014037172782,29.998802671275914,-400.4577685567193,0.0,0.0,-0.012992635049441629,0.2546958470308861,7.176438639048471e-05,8.391567001006814,8.829000000000008,-0.012920870663051144,-0.1827371519623071,0.001715421810755306,-0.008159407026928042,0.012992635049441629,-0.2546958470308861,0.24840133288962993,0.0,0.0,0.014708056860196935,-0.014453921168184197
2.500000000000001,0.0,403.0,403.0,402.70698194013124,0.0,PILOT_ASC_HOLD_ACC,caténaire,,0.008337781180859672,0.25502702417647527,0.25502702417647527,0.19593709192238387,-0.9806164673352161,0.05106298014287957,-0.9986954350846549,29.9986999950854,-400.4832515475965,0.0,0.0,-0.013022439871421024,0.25469432486826976,7.818243913203433e-05,8.427690290493235,8.829000000000008,-0.01294425743228899,-0.146615384638503,0.0016336805976628237,-0.008176165526988658,0.013022439871421024,-0.25469432486826976,0.24840133288962993,0.0,0.0,0.014656120469083848,-0.014469157505628466
2.600000000000001,0.0,403.0,403.0,402.9229302048196,0.0,PILOT_ASC_HOLD_ACC,caténaire,,0.008337781180859672,0.25502702417647527,0.25502702417647527,0.19019133220802348,-0.9817470433634813,0.05118050461770989,-0.9986894191624726,29.99859300590248,-400.50877839431416,0.0,0.0,-0.013052411788504905,0.25469279064553796,8.488861789822895e-05,8.456723105622437,8.829000000000008,-0.012967523170606676,-0.11758410373203176,0.0015857737104466882,-0.00818559202252066,0.013052411788504905,-0.25469279064553796,0.24840133288962993,0.0,0.0,0.014638185498951593,-0.014477049778428702
2.700000000000001,0.0,403.0,403.0,403.2410227133423,0.0,PILOT_ASC_HOLD_ACC,caténaire,,0.008337781180859672,0.25502702417647527,0.25502702417647527,0.17517047444418302,-0.9845381175368477,0.05140547250765407,-0.9986778646772266,29.998481694665962,-400.53434040716024,0.0,0.0,-0.01310978468001263,0.2546898439395498,9.188565924093954e-05,8.480039346645036,8.829000000000008,-0.013017899020771691,-0.09427080941542165,0.0014605330852629692,-0.008208863388237736,0.01310978468001263,-0.2546898439395498,0.24840133288962993,0.0,0.0,0.014570317765275599,-0.0144973744381576
2.800000000000001,0.0,403.0,403.0,402.86478453957386,0.0,PILOT_ASC_HOLD_ACC,caténaire,,0.008337781180859672,0.25502702417647527,0.25502702417647527,0.19451502987149896,-0.9808995377479234,0.05161553724010926,-0.9986670297528675,29.9983660459728,-400.55993060994615,0.0,0.0,-0.013163356863615104,0.2546870807410333,9.918618362387412e-05,8.498753335579886,8.829000000000008,-0.01306417067999123,-0.07555958367908744,0.001621823755456941,-0.008178525706148587,0.013163356863615104,-0.2546870807410333,0.24840133288962993,0.0,0.0,0.014785180619072046,-0.014464273557551949
2.9000000000000012,0.0,403.0,403.0,403.0119528918987,0.0,PILOT_ASC_HOLD_ACC,caténaire,,0.008337781180859672,0.25502702417647527,0.25502702417647527,0.18993247227184185,-0.9817971562276528,0.05173411201693182,-0.9986608942247711,29.998246045041192,-400.5855434049595,0.0,0.0,-0.013193596636090552,0.2546855160155611,0.00010679205812202914,8.513766153228817,8.829000000000008,-0.013086804577968522,-0.06054833075562982,0.0015836153929423143,-0.008186009852616466,0.013193596636090552,-0.2546855160155611,0.24840133288962993,0.0,0.0,0.014777212029032866,-0.014470192978547652
3.0000000000000013,0.0,403.0,403.0,402.7477726948969,0.0,PILOT_ASC_HOLD_ACC,caténaire,,0.008337781180859672,0.25502702417647527,0.25502702417647527,0.18273645441691574,-0.9831619338782064,0.05188517644244283,-0.9986530571051874,29.99812168328682,-400.6111743023314,0.0,0.0,-0.013232122146987553,0.25468351733827554,0.0001146947135716878,8.525804957360986,8.829000000000008,-0.013117427433415865,-0.04851152530074643,0.0015236165706943813,-0.00819738907002731,0.013232122146987553,-0.25468351733827554,0.24840133288962993,0.0,0.0,0.014755738717681934,-0.014479573518672934
3.1000000000000014,0.0,403.0,403.0,402.9511773964608,0.0,PILOT_ASC_HOLD_ACC,caténaire,,0.008337781180859672,0.25502702417647527,0.25502702417647527,0.17933573223957264,-0.9837879319965743,0.05214997468435924,-0.9986392642693461,29.997992949416457,-400.636819702432,0.0,0.0,-0.013299652854630657,0.25467999979239603,0.0001229009879499552,8.535455998129974,8.829000000000008,-0.013176751866680702,-0.03886400207763785,0.0014952620933227979,-0.008202608505357891,0.013299652854630657,-0.25467999979239603,0.24840133288962993,0.0,0.0,0.014794914947953455,-0.014481275408123967
3.2000000000000015,0.0,403.0,403.0,402.9573787312638,0.0,PILOT_ASC_HOLD_ACC,caténaire,,0.008337781180859672,0.25502702417647527,0.25502702417647527,0.20628815728715494,-0.9784912856858102,0.052330517159035944,-0.9986298197900302,29.997859826292625,-400.66247672034365,0.0,0.0,-0.013345696064684914,0.25467759119494116,0.0001314246173867888,8.543191169057701,8.829000000000008,-0.013214271447298125,-0.031131239747365314,0.0017199855156630605,-0.008158446227426333,0.013345696064684914,-0.25467759119494116,0.24840133288962993,0.0,0.0,0.015065681580347975,-0.014434704532737569
3.3000000000000016,0.0,403.0,403.0,403.366035301819,0.0,PILOT_ASC_HOLD_ACC,caténaire,,0.008337781180859672,0.25502702417647527,0.25502702417647527,0.15506561560290888,-0.9879041729123785,0.05245440965637644,-0.9986233198296547,29.99772230036464,-400.68814304409347,0.0,0.0,-0.013377291999599451,0.25467593352938933,0.000140261632520344,8.54938954894942,8.829000000000008,-0.013237030367079107,-0.024934517521197463,0.0012929031715723535,-0.00823692882140157,0.013377291999599451,-0.25467593352938933,0.24840133288962993,0.0,0.0,0.014670195171171805,-0.014511529461160994
3.4000000000000017,0.0,403.0,403.0,403.41917479008043,0.0,PILOT_ASC_HOLD_ACC,caténaire,,0.008337781180859672,0.25502702417647527,0.25502702417647527,0.2399332609490516,-0.970789385134775,0.05269853891291934,-0.9986104665966823,29.997580362544767,-400.7138168211469,0.0,0.0,-0.013439551557410003,0.25467265560763336,0.00014940529237073363,8.55435562424741,8.829000000000008,-0.01329014626503927,-0.019971720144964067,0.002000511027803295,-0.008094229465955059,0.013439551557410003,-0.25467265560763336,0.24840133288962993,0.0,0.0,0.015440062585213299,-0.014365552183958491
3.5000000000000018,0.0,403.0,403.0,402.97082570507223,0.0,PILOT_ASC_HOLD_ACC,caténaire,,0.008337781180859672,0.25502702417647527,0.25502702417647527,0.1355981269124807,-0.9907639214151002,0.052957987830218475,-0.9985967411948501,29.997433997009995,-400.73949656781406,0.0,0.0,-0.01350571804271461,0.25466915525924844,0.00015887200220612117,8.55833416900241,8.829000000000008,-0.013346846040508488,-0.015996675738348287,0.001130587510730703,-0.008260772778649552,0.01350571804271461,-0.25466915525924844,0.24840133288962993,0.0,0.0,0.014636305553445313,-0.01452859514826807
3.600000000000002,0.0,403.0,403.0,402.9634522006819,0.0,PILOT_ASC_HOLD_ACC,caténaire,,0.008337781180859672,0.25502702417647527,0.25502702417647527,0.2204583175290125,-0.9753963964626264,0.05307959571568739,-0.9985902846105901,29.997283186388174,-400.7651810957527,0.0,0.0,-0.013536731339862142,0.25466750865577825,0.00016866834454004015,8.561521391157475,8.829000000000008,-0.0133680629953221,-0.012811100186754132,0.0018381332110573862,-0.008132641718304426,0.013536731339862142,-0.25466750865577825,0.24840133288962993,0.0,0.0,0.015374864550919527,-0.014398817484452736
3.700000000000002,0.0,403.0,403.0,402.9756461746981,0.0,PILOT_ASC_HOLD_ACC,caténaire,,0.008337781180859672,0.25502702417647527,0.25502702417647527,0.15674727975201028,-0.9876387448304896,0.05329078114994349,-0.9985790367539411,29.997127920349037,-400.79086945288685,0.0,0.0,-0.013590589332709891,0.2546646401483687,0.00017878153821496146,8.564074382027766,8.829000000000008,-0.01341180779449493,-0.010260977823874029,0.0013069245192672576,-0.008234715740135524,0.013590589332709891,-0.2546646401483687,0.24840133288962993,0.0,0.0,0.014897513851977148,-0.014498022998874288
3.800000000000002,0.0,403.0,403.0,402.9884786457615,0.0,PILOT_ASC_HOLD_ACC,caténaire,,0.008337781180859672,0.25502702417647527,0.25502702417647527,0.2087125389502983,-0.9779770324935655,0.053591175343846484,-0.9985629604212571,29.996968184757375,-400.8165608769531,0.0,0.0,-0.013667197970060862,0.2546605402490847,0.00018922264575124264,8.5661194332051,8.829000000000008,-0.013477975324309619,-0.00822002654582299,0.0017401994794692382,-0.008154158496837838,0.013667197970060862,-0.2546605402490847,0.24840133288962993,0.0,0.0,0.0154073974495301,-0.014413365856292576
3.900000000000002,0.0,403.0,403.0,402.9407938601784,0.0,PILOT_ASC_HOLD_ACC,caténaire,,0.008337781180859672,0.25502702417647527,0.25502702417647527,0.17692287756118674,-0.9842247179356295,0.05373050004114863,-0.9985554733540486,29.996803960841675,-400.842254757748,0.0,0.0,-0.013702729533008117,0.25465863084461465,0.00020000577112191085,8.567757772708958,8.829000000000008,-0.013502723761886206,-0.00658359644643447,0.0014751442389932027,-0.00820625033094061,0.013702729533008117,-0.25465863084461465,0.24840133288962993,0.0,0.0,0.01517787377200132,-0.01446354828592536
4.000000000000002,0.0,403.0,403.0,403.18370691586443,0.0,PILOT_ASC_HOLD_ACC,caténaire,,0.008337781180859672,0.25502702417647527,0.25502702417647527,0.1726307417778011,-0.984986612595951,0.05397875906501994,-0.9985420840254058,29.996635237303867,-400.8679506062949,0.0,0.0,-0.013766042293090974,0.2546552162039752,0.00021111596047226948,8.569070137202239,8.829000000000008,-0.013554926332618705,-0.005274646593793619,0.0014393573500327955,-0.008212602841901236,0.013766042293090974,-0.2546552162039752,0.24840133288962993,0.0,0.0,0.01520539964312377,-0.014466486156246489
4.100000000000001,0.0,403.0,403.0,403.11532979594085,0.0,PILOT_ASC_HOLD_ACC,caténaire,,0.008337781180859672,0.25502702417647527,0.25502702417647527,0.21897288268322526,-0.9757309448046622,0.05427352013255132,-0.9985261063249279,29.99646199917022,-400.8936480312579,0.0,0.0,-0.013841214330986583,0.2546511414585691,0.00022256492024432144,8.57012157816366,8.829000000000008,-0.013618649410742261,-0.004227280377779863,0.0018257479803547882,-0.008135431109174739,0.013841214330986583,-0.2546511414585691,0.24840133288962993,0.0,0.0,0.015666962311341372,-0.01438523967811392
4.200000000000001,0.0,403.0,403.0,403.07121668221885,0.0,PILOT_ASC_HOLD_ACC,caténaire,,0.008337781180859672,0.25502702417647527,0.25502702417647527,0.15196937654445705,-0.988385202536283,0.054408918013549634,-0.9985187377513728,29.996284226392884,-400.91934671953265,0.0,0.0,-0.013875744449657383,0.2546492622731829,0.00023436903723866246,8.570964230822701,8.829000000000008,-0.013641375412418721,-0.00338650690412301,0.0012670874078193513,-0.008240939541147196,0.013875744449657383,-0.2546492622731829,0.24840133288962993,0.0,0.0,0.015142831857476734,-0.014488868924700166
4.300000000000001,0.0,403.0,403.0,403.1462183320234,0.0,PILOT_ASC_HOLD_ACC,caténaire,,0.008337781180859672,0.25502702417647527,0.25502702417647527,0.20156476672024953,-0.979475188464216,0.05469213990135347,-0.9985032648083884,29.996101907258662,-400.9450464200274,0.0,0.0,-0.01394797368488564,0.25464531625457837,0.00024650981787243184,8.571639430421095,8.829000000000008,-0.013701463867013208,-0.002715253324334199,0.0016806029186844664,-0.00816664979349592,0.01394797368488564,-0.25464531625457837,0.24840133288962993,0.0,0.0,0.015628576603570105,-0.014410633158444347
4.4,0.0,403.0,403.0,403.1300552543708,0.0,PILOT_ASC_HOLD_ACC,caténaire,,0.008337781180859672,0.25502702417647527,0.25502702417647527,0.18085302521406227,-0.9835101337916767,0.05497982442987069,-0.9984874655726332,29.995915023596464,-400.97074693204166,0.0,0.0,-0.014021341014095,0.25464128702249944,0.0002590075317076398,8.572180772359928,8.829000000000008,-0.013762333482387359,-0.002177940617579921,0.001507912950131348,-0.00820029228471302,0.014021341014095,-0.25464128702249944,0.24840133288962993,0.0,0.0,0.015529253964226348,-0.014440246417582542
4.5,0.0,403.0,403.0,403.0195424278152,0.0,PILOT_ASC_HOLD_ACC,caténaire,,0.008337781180859672,0.25502702417647527,0.25502702417647527,0.1890124548132042,-0.9819746900635915,0.055132817244871346,-0.9984790295557757,29.995723556508974,-400.9964480949066,0.0,0.0,-0.014060358316424998,0.2546391356102244,0.00027186793170849873,8.572614948940155,8.829000000000008,-0.013788490384716499,-0.0017459154496286544,0.001575944488689623,-0.008187490090892723,0.014060358316424998,-0.2546391356102244,0.24840133288962993,0.0,0.0,0.015636302805114622,-0.014425292811487161
4.6,0.0,403.0,403.0,402.8388563417837,0.0,PILOT_ASC_HOLD_ACC,caténaire,,0.008337781180859672,0.25502702417647527,0.25502702417647527,0.20642039273411464,-0.9784633981215107,0.055503600372578565,-0.9984584870417403,29.995527493469147,-401.0221497796977,0.0,0.0,-0.014154918034099016,0.25463389671400083,0.0002850763467859954,8.572963129090827,8.829000000000008,-0.01386984168731302,-0.0014029741951802066,0.0017210880658841635,-0.008158213707017537,0.014154918034099016,-0.25463389671400083,0.24840133288962993,0.0,0.0,0.01587600609998318,-0.014390777531388427
4.699999999999999,0.0,403.0,403.0,403.01406288905895,0.0,PILOT_ASC_HOLD_ACC,caténaire,,0.008337781180859672,0.25502702417647527,0.25502702417647527,0.1601283805668698,-0.9870961968000038,0.05569044573598718,-0.9984480829035262,29.995326812842624,-401.0478518836517,0.0,0.0,-0.014202568651110286,0.25463124337759296,0.00029866244599977937,8.573242760334287,8.829000000000008,-0.013903906205110507,-0.0011259962881275953,0.0013351153980119825,-0.008230192093377227,0.014202568651110286,-0.25463124337759296,0.24840133288962993,0.0,0.0,0.015537684049122268,-0.014460102581340256
4.799999999999999,0.0,403.0,403.0,403.0639059126499,0.0,PILOT_ASC_HOLD_ACC,caténaire,,0.008337781180859672,0.25502702417647527,0.25502702417647527,0.2020528027421216,-0.9793746294978511,0.05597775279992898,-0.9984320163093078,29.99512149967394,-401.07355432416074,0.0,0.0,-0.014275839716652245,0.2546271459618808,0.0003126103354982721,8.573467285727487,8.829000000000008,-0.013963229381153972,-0.0009055683106407031,0.001684672056243213,-0.008165811354838596,0.014275839716652245,-0.2546271459618808,0.24840133288962993,0.0,0.0,0.015960511772895456,-0.014391624427089439
4.899999999999999,0.0,403.0,403.0,402.77419956697247,0.0,PILOT_ASC_HOLD_ACC,caténaire,,0.008337781180859672,0.25502702417647527,0.25502702417647527,0.19985392274673994,-0.979825703665065,0.05629205444419626,-0.9984143451525783,29.994911535483723,-401.0992570352967,0.0,0.0,-0.014355995129683502,0.2546226393393663,0.00032693407205808847,8.573647830699345,8.829000000000008,-0.014029061057625414,-0.0007295299612959383,0.0016663382759987508,-0.008169572312541165,0.014355995129683502,-0.2546226393393663,0.24840133288962993,0.0,0.0,0.01602233340568225,-0.014390878762277542
4.999999999999998,0.0,403.0,403.0,402.93950388990174,0.0,PILOT_ASC_HOLD_ACC,caténaire,,0.008337781180859672,0.25502702417647527,0.25502702417647527,0.17801437815114862,-0.9840278863789682,0.05649800866890804,-0.9984027118434965,29.9946968995233,-401.12495996437787,0.0,0.0,-0.01440851902272832,0.25461967253116985,0.00034164470427394797,8.573793231163682,8.829000000000008,-0.014066874318454372,-0.0005870963051552991,0.0014842449320710842,-0.00820460919249168,0.01440851902272832,-0.25461967253116985,0.24840133288962993,0.0,0.0,0.015892763954799403,-0.014422948834031585
5.099999999999998,0.0,403.0,403.0,402.86519987927056,0.0,PILOT_ASC_HOLD_ACC,caténaire,,0.008337781180859672,0.25502702417647527,0.25502702417647527,0.17778814819361302,-0.9840687853813298,0.05688662049736846,-0.9983806450489655,29.994477576054006,-401.1506630690048,0.0,0.0,-0.014507625540900359,0.2546140449022275,0.00035673024750657717,8.573910346092106,8.829000000000008,-0.014150895293393782,-0.0004756090056741158,0.0014823586761885971,-0.008204950199423886,0.014507625540900359,-0.2546140449022275,0.24840133288962993,0.0,0.0,0.015989984217088957,-0.014417662212021481
5.1999999999999975,0.0,403.0,403.0,403.0000642343246,0.0,PILOT_ASC_HOLD_ACC,caténaire,Fy:(t>5:-2),0.008337781180859672,0.25502702417647527,0.25502702417647527,0.195329771266737,-0.9807376205983354,0.05707711136315557,-0.9983697728589532,29.994253542068385,-401.17667612008097,0.0,-2.0,-0.014556205859534847,0.2546112721999624,0.00037221813730453553,8.781937807614893,8.829000000000008,-0.01418398772223031,-1.7924509201851517,0.001628616890929424,-0.008177175676385894,0.014556205859534847,-0.2546112721999624,0.24840133288962993,0.0,0.0,0.016184822750464272,-0.014387114986718325
5.299999999999997,0.0,403.0,403.01000000000005,402.93472033252476,0.09999999999999964,PILOT_DESC_ADD_SLACK_ACC,caténaire,,0.008337781180859672,0.25502702417647527,0.25502702417647527,0.19822909203536246,-0.9801557157262494,0.05735019312009065,-0.9983541232193556,29.99402478319323,-401.20322368785065,0.0,-2.0,-0.014625849087362884,0.25460728111894637,0.00038808389989224357,9.146548594518018,8.829000000000008,-0.014237765187470641,-1.4278441243630429,0.001652790793071345,-0.008172323880894365,0.014625849087362884,-0.25460728111894637,0.24840749669441634,0.0,-2.7755575615628914e-17,0.01627863988043423,-0.014372108305424403
5.399999999999997,0.0,403.0,403.02900000000005,402.8923409589543,0.18999999999999967,PILOT_DESC_ADD_SLACK_ACC,caténaire,,0.008337781180859672,0.25502702417647527,0.25502702417647527,0.1975206317226976,-0.9802987300021695,0.05749868101805072,-0.9983455822916154,29.993791284030358,-401.2301961807696,0.0,-2.0,-0.01466371751410586,0.2546051029515611,0.0004043341067988831,9.441694527188293,8.829000000000008,-0.014259383407306977,-1.132700369860153,0.001646883806009022,-0.008173516302632725,0.01466371751410586,-0.2546051029515611,0.24841920792351038,0.0,2.7755575615628914e-17,0.016310601320114883,-0.014359411330683414
5.4999999999999964,0.0,403.0,403.0561000000001,402.8957287394034,0.2709999999999997,PILOT_DESC_ADD_SLACK_ACC,caténaire,,0.008337781180859672,0.25502702417647527,0.25502702417647527,0.19610682938701457,-0.9805825367952319,0.05750834016129902,-0.9983450259363704,29.993553036989645,-401.25750522148684,0.0,-2.0,-0.014666180856664568,0.25460496106593855,0.0004209444142605192,9.678780922129917,8.829000000000008,-0.014245236442404049,-0.8956141168041523,0.0016350958315011085,-0.00817588262157092,0.014666180856664568,-0.25460496106593855,0.24843591183448133,0.0,-5.551115123125783e-17,0.016301276688165677,-0.014344931853028209
5.599999999999996,0.0,403.0,403.0904900000001,402.91305468198664,0.3438999999999997,PILOT_DESC_ADD_SLACK_ACC,caténaire,,0.008337781180859672,0.25502702417647527,0.25502702417647527,0.19463520009767804,-0.9808757000165397,0.05740331194102174,-0.9983510704046957,29.99331004653826,-401.28508002805796,0.0,-2.0,-0.014639395822192702,0.2546065025687083,0.00043787296979349086,9.868081307590316,8.829000000000008,-0.014201522852399211,-0.7063121898409825,0.0016228257085072766,-0.008178326952360461,0.014639395822192702,-0.2546065025687083,0.24845710915914165,0.0,0.0,0.016262221530699977,-0.014327720361927143
5.699999999999996,0.0,403.0,403.13144100000005,402.9377618688971,0.4095099999999997,PILOT_DESC_ADD_SLACK_ACC,caténaire,,0.008337781180859672,0.25502702417647527,0.25502702417647527,0.19380914623436538,-0.9810392524440124,0.05716286275028047,-0.9983648667306921,29.99306232749769,-401.31286421617017,0.0,-2.0,-0.014578074780612316,0.2546100210046717,0.0004550807862168352,10.018511273309558,8.829000000000008,-0.014122993994395481,-0.5558787056857781,0.0016159382521513718,-0.008179690616712327,0.014578074780612316,-0.2546100210046717,0.2484823505561221,0.0,5.551115123125783e-17,0.016194013032763688,-0.01430736106526187
5.799999999999995,0.0,403.0,403.1782969000001,402.95156670584555,0.4685589999999997,PILOT_DESC_ADD_SLACK_ACC,caténaire,,0.008337781180859672,0.25502702417647527,0.25502702417647527,0.19166852577081767,-0.9814597170688368,0.05695921936033881,-0.9983765057982188,29.992809904076164,-401.34081306059716,0.0,-2.0,-0.014526140212882285,0.2546129892814272,0.00047252960097457643,10.137607728545598,8.829000000000008,-0.014053610611907708,-0.43677928217298323,0.0015980902271350405,-0.008183196358748406,0.014526140212882285,-0.2546129892814272,0.248511231618191,0.0,5.551115123125783e-17,0.016124230440017324,-0.014284954021984597
5.899999999999995,0.0,403.0,403.2304672100001,402.982315636345,0.5217030999999998,PILOT_DESC_ADD_SLACK_ACC,caténaire,,0.008337781180859672,0.25502702417647527,0.25502702417647527,0.18867223434812136,-0.9820401152631636,0.056739698696418504,-0.9983890056445133,29.99255279980041,-401.3688912026027,0.0,-2.0,-0.014470156511217445,0.25461617708003037,0.0004902169454581862,10.231622354996299,8.829000000000008,-0.01397993956575926,-0.3427614679236779,0.001573107804898512,-0.008188035591890469,0.014470156511217445,-0.25461617708003037,0.24854338837883927,0.0,-5.551115123125783e-17,0.016043264316115958,-0.01426082429308162
5.999999999999995,0.0,403.0,403.28742048900006,403.0436832254744,0.5695327899999998,PILOT_DESC_ADD_SLACK_ACC,caténaire,,0.008337781180859672,0.25502702417647527,0.25502702417647527,0.1884911312405,-0.9820748919729476,0.05633555326895136,-0.9984118916749144,29.99229104125952,-401.3970707609614,0.0,-2.0,-0.014367088505515968,0.2546220136362588,0.0005081260301356145,10.305667695594883,8.829000000000008,-0.013858962475380354,-0.26871029076886543,0.0015715978068159913,-0.008188325552486837,0.014367088505515968,-0.2546220136362588,0.24857849326820908,0.0,-5.551115123125783e-17,0.01593868631233196,-0.014231845920536612
6.099999999999994,0.0,403.0,403.3486784401,403.20445692825416,0.6125795109999999,PILOT_DESC_ADD_SLACK_ACC,caténaire,,0.008337781180859672,0.25502702417647527,0.25502702417647527,0.186363873585895,-0.9824807919863169,0.05603962700744422,-0.9984285453676023,29.992024664680287,-401.4253297951713,0.0,-2.0,-0.014291619311668134,0.25462626077794653,0.000526213270245883,10.363880581870259,8.829000000000008,-0.013765406041422252,-0.2104931573518023,0.0015538611979765862,-0.008191709857979618,0.014291619311668134,-0.25462626077794653,0.24861625147342822,0.0,2.7755575615628914e-17,0.01584548050964472,-0.014201719162497906
6.199999999999994,0.0,403.0,403.41381059609,403.74899415167164,0.6513215598999998,PILOT_DESC_ADD_SLACK_ACC,caténaire,,0.008337781180859672,0.25502702417647527,0.25502702417647527,0.18571163086650486,-0.9826042897122438,0.05561623169244428,-0.9984522195740427,29.991753704512476,-401.45365106767207,0.0,-2.0,-0.014183642064433438,0.25463229834036477,0.0005444783633962039,10.4095821103378,8.829000000000008,-0.013639163701037234,-0.16478559132184323,0.0015484229409055024,-0.008192739554994732,0.014183642064433438,-0.25463229834036477,0.24865639766291187,0.0,0.0,0.01573206500533894,-0.014168640232447627
6.299999999999994,0.0,403.0,403.482429536481,403.6951493614494,0.6861894039099998,PILOT_DESC_ADD_SLACK_ACC,caténaire,,0.008337781180859672,0.25502702417647527,0.25502702417647527,0.1846671172989476,-0.9828011272828784,0.05514421539399369,-0.9984784001211949,29.991478202151303,-401.4820210523093,0.0,-2.0,-0.014063265152476788,0.2546389750873963,0.0005628859023056792,10.445421535478113,8.829000000000008,-0.01350037925017111,-0.12893948943449907,0.0015397140153387708,-0.008194380743586855,0.014063265152476788,-0.2546389750873963,0.24869869303823341,0.0,-2.7755575615628914e-17,0.01560297916781556,-0.014134662792749775
6.399999999999993,0.0,403.0,403.55418658283287,403.62530011704564,0.7175704635189999,PILOT_DESC_ADD_SLACK_ACC,caténaire,,0.008337781180859672,0.25502702417647527,0.25502702417647527,0.18286397473588256,-0.9831382236205621,0.05479682915863,-0.9984975250415797,29.99119819993241,-401.5104291458208,0.0,-2.0,-0.01397467227463212,0.2546438524589297,0.0005814236150127629,10.473502665384666,8.829000000000008,-0.013393248659619357,-0.10085348215641154,0.00152467980721004,-0.00819719137908733,0.01397467227463212,-0.2546438524589297,0.24874292268080916,0.0,5.551115123125783e-17,0.015499352081842159,-0.014098121157207766
6.499999999999993,0.0,403.0,403.6287679245496,403.6348154628453,0.7458134171670999,PILOT_DESC_ADD_SLACK_ACC,caténaire,,0.008337781180859672,0.25502702417647527,0.25502702417647527,0.183511783105059,-0.9830175102517766,0.05429698182792171,-0.9985248308201347,29.990913739344272,-401.5388670426764,0.0,-2.0,-0.013847197697339029,0.2546508161703774,0.000600086599123867,10.495490000873865,8.829000000000008,-0.013247111098215162,-0.07885918295576566,0.0015300810916393627,-0.008196184897432793,0.013847197697339029,-0.2546508161703774,0.2487888931639137,0.0,8.326672684688674e-17,0.01537727878897839,-0.014058107903896389
6.5999999999999925,0.0,403.0,403.7058911320947,403.3833382637195,0.77123207545039,PILOT_DESC_ADD_SLACK_ACC,caténaire,,0.008337781180859672,0.25502702417647527,0.25502702417647527,0.18355570029149207,-0.9830093106835255,0.053818294774388965,-0.998550745404347,29.99062486558925,-401.56732824082985,0.0,-2.0,-0.013725119562564767,0.2546574250896718,0.0006188507116591419,10.512696528703879,8.829000000000008,-0.013106268850905625,-0.06164604620645697,0.0015304472635299206,-0.008196116531226937,0.013725119562564767,-0.2546574250896718,0.24883643040349415,0.0,2.7755575615628914e-17,0.015255566826094687,-0.014017111217404565
6.699999999999992,0.0,403.0,403.7853020188852,403.55899129496197,0.794108867905351,PILOT_DESC_ADD_SLACK_ACC,caténaire,,0.008337781180859672,0.25502702417647527,0.25502702417647527,0.18242550920892683,-0.9832196771779255,0.05343645160289224,-0.9985712521598505,29.990331623662644,-401.59580765263746,0.0,-2.0,-0.01362773923483585,0.2546626548665034,0.000637707976885167,10.526155968064232,8.829000000000008,-0.012990031257950682,-0.04818137706927139,0.001521023977590933,-0.008197870521025028,0.01362773923483585,-0.2546626548665034,0.24888537772390285,0.0,5.551115123125783e-17,0.015148763212426784,-0.013975147663625564
6.799999999999992,0.0,403.0,403.8667718169967,403.3973915300065,0.8146979811148158,PILOT_DESC_ADD_SLACK_ACC,caténaire,,0.008337781180859672,0.25502702417647527,0.25502702417647527,0.18393957874148845,-0.9829375521224142,0.052945652739401994,-0.9985973952779964,29.990034057325637,-401.62430129869665,0.0,-2.0,-0.013502572261210736,0.2546693220681268,0.0006566550960062167,10.536680721656296,8.829000000000008,-0.01284591716520452,-0.037649956275584984,0.001533647958046038,-0.008195518224046537,0.013502572261210736,-0.2546693220681268,0.24893559411705707,0.0,0.0,0.015036220219256774,-0.013929246175116261
6.8999999999999915,0.0,403.0,403.95009463529703,403.4314366853043,0.8332281830033342,PILOT_DESC_ADD_SLACK_ACC,caténaire,,0.008337781180859672,0.25502702417647527,0.25502702417647527,0.18471558491159704,-0.9827920190410413,0.05245594998721334,-0.9986232389199338,29.989732212381057,-401.65280606718386,0.0,-2.0,-0.013377684825589034,0.254675912895224,0.0006756745081378583,10.544908264439387,8.829000000000008,-0.012702010317451176,-0.02941582266539733,0.0015401181276874004,-0.008194304801059473,0.013377684825589034,-0.254675912895224,0.24898695267568222,0.0,-5.551115123125783e-17,0.014917802953276434,-0.013883265020601332
6.999999999999991,0.0,403.0,404.0350851717673,403.71021750065637,0.8499053647030008,PILOT_DESC_ADD_SLACK_ACC,caténaire,,0.008337781180859672,0.25502702417647527,0.25502702417647527,0.1855442187462486,-0.9826359157337188,0.052099409875281874,-0.998641903532316,29.989426133579737,-401.6813195253728,0.0,-2.0,-0.013286757461843605,0.2546806728757772,0.0006947622690885141,10.551338492068663,8.829000000000008,-0.012591995192755091,-0.02298083505556825,0.001547027095279782,-0.00819300324584141,0.013286757461843605,-0.2546806728757772,0.24903933918323115,0.0,-2.7755575615628914e-17,0.014833784557123387,-0.013834336938387537
7.099999999999991,0.0,403.0,404.12157665459057,403.92169346313426,0.8649148282327007,PILOT_DESC_ADD_SLACK_ACC,caténaire,,0.008337781180859672,0.25502702417647527,0.25502702417647527,0.18811102856274234,-0.9821477693977966,0.05160365375839684,-0.998667643872967,29.989115863116773,-401.70983977185733,0.0,-2.0,-0.013160326254637129,0.25468723735825477,0.0007139217095567631,10.556363075869655,8.829000000000008,-0.012446404545080366,-0.017949686772098516,0.0015684285938625893,-0.008188933188508253,0.013160326254637129,-0.25468723735825477,0.24909265084481158,0.0,-5.551115123125783e-17,0.014728754848499719,-0.013783519701951519
7.19999999999999,0.0,403.0,404.2094189891315,404.10772022806003,0.8784233454094307,PILOT_DESC_ADD_SLACK_ACC,caténaire,,0.008337781180859672,0.25502702417647527,0.25502702417647527,0.1960168084258187,-0.980600535801687,0.051186178217946354,-0.9986891283875281,29.988801445445514,-401.7383653205125,0.0,-2.0,-0.013053858709889577,0.25469271649006914,0.000733134428350748,10.560288486655255,8.829000000000008,-0.012320724281538829,-0.014018796854683657,0.0016343452564249667,-0.008176032693348217,0.013053858709889577,-0.25469271649006914,0.24914679514502022,0.0,-5.551115123125783e-17,0.014688203966314544,-0.013721954038397183
7.29999999999999,0.0,403.0,404.2984770902184,404.6270155709099,0.8905810108684876,PILOT_DESC_ADD_SLACK_ACC,caténaire,,0.008337781180859672,0.25502702417647527,0.25502702417647527,0.2002000235402886,-0.9797550462102596,0.0508225939810035,-0.9987076969469305,29.988482922245996,-401.7668950101227,0.0,-2.0,-0.012961134903904567,0.25469745197451676,0.0007524053243266362,10.563354710139684,8.829000000000008,-0.01220872957957793,-0.010947837885806777,0.0016692239886818814,-0.0081689831861442,0.012961134903904567,-0.25469745197451676,0.24920168881999444,0.0,0.0,0.014630358892586449,-0.0136647463406665
7.39999999999999,0.0,403.0,404.38862938119655,404.32286872664804,0.9015229097816388,PILOT_DESC_ADD_SLACK_ACC,caténaire,,0.008337781180859672,0.25502702417647527,0.25502702417647527,0.20473873157435135,-0.9788166589271587,0.05034704157911983,-0.9987317835155894,29.988160334446086,-401.79542793337356,0.0,-2.0,-0.012839856190012199,0.2547035947004445,0.0007717303822373935,10.565749410502631,8.829000000000008,-0.012068125807774806,-0.008546994796931884,0.0017070667431137066,-0.008161159118314804,0.012839856190012199,-0.2547035947004445,0.24925725693225753,0.0,-5.551115123125783e-17,0.014546922933125905,-0.013607496886501813
7.499999999999989,0.0,403.0,404.47976644307687,404.555564614498,0.9113706188034749,PILOT_DESC_ADD_SLACK_ACC,caténaire,,0.008337781180859672,0.25502702417647527,0.25502702417647527,0.20477238621860447,-0.9788096187933273,0.050029041089674334,-0.9987477634756674,29.987833724444243,-401.82396338127614,0.0,-2.0,-0.012758757471502251,0.25470767002210964,0.0007910950759377279,10.567619251700242,8.829000000000008,-0.011967662395564523,-0.00667307827765562,0.0017073473481732087,-0.008161100419219433,0.012758757471502251,-0.25470767002210964,0.24931343203808068,0.0,-2.7755575615628914e-17,0.01446610481967546,-0.013555338403248407
7.599999999999989,0.0,403.0,404.57178979876915,404.6972014146785,0.9202335569231275,PILOT_DESC_ADD_SLACK_ACC,caténaire,,0.008337781180859672,0.25502702417647527,0.25502702417647527,0.21528052682590942,-0.9765522488682101,0.04957960090314339,-0.9987701753528112,29.987503130941537,-401.85250080007654,0.0,-2.0,-0.012644138078185945,0.2547133856564438,0.000810509946859374,10.569079079281034,8.829000000000008,-0.01183362813132657,-0.0052075350625298,0.0017949619251746234,-0.008142278962739552,0.012644138078185945,-0.2547133856564438,0.24937015343810776,0.0,5.551115123125783e-17,0.014439100003360569,-0.013485511181075549
7.699999999999989,0.0,403.0,404.66461081889224,404.78428951255285,0.9282102012308148,PILOT_DESC_ADD_SLACK_ACC,caténaire,,0.008337781180859672,0.25502702417647527,0.25502702417647527,0.19170842937091492,-0.9814519234828251,0.04927386545927549,-0.9987853053498041,29.98716859412412,-401.88103975708407,0.0,-2.0,-0.01256616727775104,0.2547172442145527,0.0008299607664453775,10.570218486531337,8.829000000000008,-0.011736206511305664,-0.004064269254119068,0.00159842293462098,-0.008183131377533626,0.01256616727775104,-0.2547172442145527,0.24942736650291863,0.0,0.0,0.01416459021237202,-0.013473009089167709
7.799999999999988,0.0,403.0,404.758149737003,405.0992838567266,0.9353891811077333,PILOT_DESC_ADD_SLACK_ACC,caténaire,,0.008337781180859672,0.25502702417647527,0.25502702417647527,0.19858779269745655,-0.9800831029007449,0.04885996232000732,-0.9988056387916958,29.986830150110535,-401.9095799144457,0.0,-2.0,-0.012460610791846178,0.25472242979172965,0.0008494609020639571,10.571107676149396,8.829000000000008,-0.011611149889782221,-0.0031698940588817948,0.0016557815607013149,-0.008171718451044384,0.012460610791846178,-0.25472242979172965,0.24948502206603462,0.0,5.551115123125783e-17,0.014116392352547493,-0.013409126176739339
7.899999999999988,0.0,403.0,404.85233476330274,404.64458053614794,0.94185026299696,PILOT_DESC_ADD_SLACK_ACC,caténaire,,0.008337781180859672,0.25502702417647527,0.25502702417647527,0.1915449538798859,-0.9814838412542268,0.04855849471570934,-0.9988203404972009,29.98648783758695,-401.93812100812255,0.0,-2.0,-0.012383728405836453,0.2547261791239349,0.0008689910379666649,10.571801298887028,8.829000000000008,-0.011514737367869787,-0.002472521989044907,0.0015970599117483464,-0.008183397500927354,0.012383728405836453,-0.2547261791239349,0.24954307587762548,0.0,-5.551115123125783e-17,0.0139807883175848,-0.013366500747236831
7.999999999999988,0.0,403.0,404.94710128697244,405.0972328522784,0.947665236697264,PILOT_DESC_ADD_SLACK_ACC,caténaire,,0.008337781180859672,0.25502702417647527,0.25502702417647527,0.19485488038458226,-0.980832083279452,0.04818198131957959,-0.9988385738827469,29.986141690777636,-401.9666628320401,0.0,-2.0,-0.012287707314858905,0.25473082912999134,0.0008885674224424235,10.572342277328627,8.829000000000008,-0.011399139892416482,-0.0019268935413894184,0.0016246573546692324,-0.008177963285550802,0.012287707314858905,-0.25473082912999134,0.2496014881128435,0.0,0.0,0.013912364669528138,-0.013307304302698664
8.099999999999987,0.0,403.0,405.0423911582752,404.74239814111183,0.9528987130275376,PILOT_DESC_ADD_SLACK_ACC,caténaire,,0.008337781180859672,0.25502702417647527,0.25502702417647527,0.20685485106355014,-0.9783716423688271,0.04792571108039002,-0.998850902896643,29.985791746357567,-401.99520522512023,0.0,-2.0,-0.012222351478373394,0.2547339733617163,0.0009081714963721777,10.572763935189373,8.829000000000008,-0.011314179982001217,-0.001502091448918108,0.0017247104843671987,-0.008157448667629576,0.012222351478373394,-0.2547339733617163,0.24966022292932608,0.0,2.7755575615628914e-17,0.013947061962740592,-0.013231199100019797
8.199999999999987,0.0,403.0,405.1381520424477,404.86003950653037,0.9576088417247839,PILOT_DESC_ADD_SLACK_ACC,caténaire,,0.008337781180859672,0.25502702417647527,0.25502702417647527,0.19251639039087753,-0.9812937579699909,0.04755982113352414,-0.9988683914379047,29.985438036303247,-402.02374806173503,0.0,-2.0,-0.0121290396540481,0.2547384334123515,0.0009278217115397904,10.57309252876775,8.829000000000008,-0.011201217942508309,-0.0011690378199062934,0.0016051595368080924,-0.008181812628097255,0.0121290396540481,-0.2547384334123515,0.2497192480689468,0.0,5.551115123125783e-17,0.013734199190856193,-0.013200997971501871
8.299999999999986,0.0,403.0,405.2343368382029,404.8412949026055,0.9618479575523055,PILOT_DESC_ADD_SLACK_ACC,caténaire,,0.008337781180859672,0.25502702417647527,0.25502702417647527,0.19426672182664068,-0.9809487452414272,0.04750650909555232,-0.9988709283954329,29.98508245518,-402.0522910853906,0.0,-2.0,-0.012115443643651363,0.25473908040508036,0.0009376637275200413,10.573231099846714,8.829000000000008,-0.011177779916131322,-0.0010298197482132565,0.0016197534173134655,-0.00817893598746188,0.012115443643651363,-0.25473908040508036,0.24977853449939172,0.0,2.7755575615628914e-17,0.013735197060964828,-0.013139481893150506
8.399999999999986,0.0,403.0,405.3309031543826,404.93421402241376,0.9656631617970749,PILOT_DESC_ADD_SLACK_ACC,caténaire,,1.2416622188191357,0.49497297582352384,1.2416622188191357,0.1992269642633147,-0.9799533747635263,0.047362157399728155,-0.9988777833381036,29.98472314813011,-402.08083445231944,0.0,-2.0,-0.023442987989565574,0.49441750890286623,0.0009574171400280318,10.573485419735519,8.829000000000008,-0.02248557084953754,0.23890292863837814,0.247372594495788,-1.21677108164818,0.023442987989565574,-0.49441750890286623,0.2498380560915785,0.0,-5.551115123125783e-17,0.2708155824853536,-1.4613505344594677
8.499999999999986,0.0,403.0,405.42781283894436,405.1630077892324,0.9690968456173674,PILOT_DESC_ADD_SLACK_ACC,caténaire,,1.8624933282287015,0.49698378549411426,1.8624933282287015,0.20653064145128208,-0.9784401331413802,0.047179604190651196,-0.9988864224467232,29.98436013400925,-402.1093780771655,0.0,-2.0,-0.02344749828878381,0.4964303555062455,0.0009772749324205117,10.573676504162398,8.829000000000008,-0.022470223356363297,0.2411068596686352,0.384661941777807,-1.822338220047023,0.02344749828878381,-0.4964303555062455,0.24989778932933301,0.0,8.326672684688674e-17,0.4081094400665908,-2.0688707862239357
8.599999999999985,0.0,403.0,405.5250315550499,405.5856505815276,0.9721871610556306,PILOT_DESC_ADD_SLACK_ACC,caténaire,,2.7937399923430486,0.49819027129646865,2.7937399923430486,0.21413111287279546,-0.9768049275571136,0.04696539491609374,-0.9988965170028253,29.983989661437008,-402.1378420025818,0.0,-2.0,-0.02339770283479453,0.4976405268027352,0.0010178454570320208,10.514711360261636,8.829000000000008,-0.022379857377762512,0.18335188706436334,0.598226653637652,-2.7289389908340627,0.02339770283479453,-0.4976405268027352,0.2499577130480983,0.0,0.0,0.6216243564724466,-2.9766218045887
8.699999999999985,0.0,403.0,405.62252839954493,405.2812784095928,0.9749684449500675,PILOT_DESC_ADD_SLACK_ACC,caténaire,,4.190609988514568,0.49891416277788114,4.190609988514568,0.21999425994156044,-0.9755011663718117,0.04674650506099707,-0.9989067845723054,29.983611747799998,-402.1662452124206,0.0,-2.0,-0.023322493435299338,0.49836874211803706,0.0010591436055541717,10.469901947678807,8.829000000000008,-0.022263349829745167,0.13927068979683632,0.9219101431269735,-4.087944931605326,0.023322493435299338,-0.49836874211803706,0.2500178081997735,0.0,0.0,0.9452326365622729,-4.3362958655235895
8.799999999999985,0.0,403.0,405.72027555959045,404.52340594091777,0.9774716004550608,PILOT_DESC_ADD_SLACK_ACC,caténaire,,6.285914982771844,0.5010858372221189,6.285914982771844,0.22331736942563077,-0.9747457886612366,0.04650386879310658,-0.9989181098504889,29.98322642432618,-402.19460223972953,0.0,-2.0,-0.023302430028261375,0.5005437173907687,0.0011010845149880663,10.43588230942892,8.829000000000008,-0.02220134551327331,0.10742602681968094,1.4037539983857674,-6.127169157339425,0.023302430028261375,-0.5005437173907687,0.2500780576410675,0.0,-5.551115123125783e-17,1.4270564284140288,-6.377634817089127
8.899999999999984,0.0,403.0,405.8182480036314,404.7024454834792,0.9797244404095546,PILOT_DESC_ADD_SLACK_ACC,caténaire,,7.350296897081543,0.49891416277788114,7.350296897081543,0.22271903484418082,-0.9748826757708215,0.04625351803290844,-0.9989297332993845,29.98283373406761,-402.2229241814711,0.0,-2.0,-0.023076535224920144,0.4983801915629945,0.0011435890201173587,10.410074079727202,8.829000000000008,-0.021932946204802784,0.07945427129018867,1.6370510307361785,-7.165677106736822,0.023076535224920144,-0.4983801915629945,0.2501384459430185,0.0,-5.551115123125783e-17,1.6601275659610986,-7.413918852356798
8.999999999999984,0.0,403.0,405.91642320326827,406.190082383763,0.9817519963685992,PILOT_DESC_ADD_SLACK_ACC,caténaire,,6.231507694093056,0.5010858372221189,6.231507694093056,0.21873645405806413,-0.9757839738723445,0.0460162424374938,-0.9989406916488754,29.982433699344444,-402.2512189153389,0.0,-2.0,-0.023058087367607574,0.5005550328101193,0.001186766014549068,10.390082517198906,8.829000000000008,-0.021871321353058505,0.06163755000901716,1.3630578964414588,-6.080605340958212,0.023058087367607574,-0.5005550328101193,0.25019895921956065,0.0,5.551115123125783e-17,1.3861159838090664,-6.330961414548771
9.099999999999984,0.0,403.0,406.01478088294147,404.7627440820002,0.9835767967317393,PILOT_DESC_ADD_SLACK_ACC,caténaire,,7.371563916877895,0.49891416277788114,7.371563916877895,0.2117521692817145,-0.9773233951996075,0.04578406833173465,-0.9989513597202794,29.982026407491592,-402.2794938264813,0.0,-2.0,-0.022842320120292695,0.49839098129066917,0.0012302154216124865,10.375529448259348,8.829000000000008,-0.021612104698680207,0.04492042955000919,1.5609446503977062,-7.204401875174021,0.022842320120292695,-0.49839098129066917,0.25025958497323497,0.0,0.0,1.583786970517999,-7.452533271491455
9.199999999999983,0.0,403.0,406.1133027946473,405.4913408155521,0.9852191170585654,PILOT_DESC_ADD_SLACK_ACC,caténaire,,6.171776101880741,0.5010858372221189,6.171776101880741,0.2044609846464302,-0.9788747140249422,0.04554352454616227,-0.9989623553327288,29.981611878461145,-402.30775304101485,0.0,-2.0,-0.02282121512725984,0.5005658881752802,0.0012743232954908542,10.364012848147034,8.829000000000008,-0.021546891831768986,0.035578736322307236,1.261887418807843,-6.041395566754482,0.02282121512725984,-0.5005658881752802,0.25032031195632826,0.0,-5.551115123125783e-17,1.2847086339351028,-6.291641142973433
9.299999999999983,0.0,403.0,406.2119718734218,404.592863451908,0.9866907877447585,PILOT_DESC_ADD_SLACK_ACC,caténaire,,7.212536192108385,0.49891416277788114,7.212536192108385,0.19144001143231887,-0.9815043158452201,0.04619554804455945,-0.998932415802422,29.981190200101988,-402.33600111910994,0.0,-2.0,-0.02304761317671676,0.4983815299017516,0.0013186585277169104,10.355845922707909,8.829000000000008,-0.02172895464899985,0.02522745260965209,1.3807680110732428,-7.07913540074423,0.02304761317671676,-0.4983815299017516,0.2503811296503296,0.0,0.0,1.4038156242499595,-7.327135800995652
9.399999999999983,0.0,403.0,406.31066879098927,405.39832053631403,0.9869691756746457,PILOT_DESC_ADD_SLACK_ACC,caténaire,,6.229421325126363,0.5010858372221189,6.229421325126363,0.20122874555129616,-0.9795442776944039,0.045713673596387165,-0.9989545835754111,29.980761245317385,-402.3642400649355,0.0,-2.0,-0.022906474406544333,0.500561993857758,0.0013645603688446984,10.349151160038309,8.829000000000008,-0.021541914037699634,0.02071315389605921,1.253538638765671,-6.10199401237502,0.022906474406544333,-0.500561993857758,0.2504419645036196,0.0,-5.551115123125783e-17,1.2764451131722154,-6.352114041729158
9.499999999999982,0.0,403.0,406.40928611067096,406.35129903515065,0.9861731968167647,PILOT_DESC_ADD_SLACK_ACC,caténaire,,7.176303602543233,0.49891416277788114,7.176303602543233,0.21476137226498895,-0.9766665515839368,0.045293184993084684,-0.9989737370888095,29.98032514298651,-402.3924728295111,0.0,-2.0,-0.022597411470368537,0.49840214567675456,0.0014104137620594346,10.34462098468888,8.829000000000008,-0.0211869977083091,0.014023130365627523,1.5411928094723686,-7.008855692615282,0.022597411470368537,-0.49840214567675456,0.2505027502943266,0.0,5.551115123125783e-17,1.5637902209427372,-7.2567550879977105
9.599999999999982,0.0,403.0,406.50772726240234,405.0887524989802,0.9844115173138275,PILOT_DESC_ADD_SLACK_ACC,caténaire,,6.107627769742645,0.5010858372221189,6.107627769742645,0.22892978091112273,-0.9734429389604637,0.044958923537038516,-0.9989888363712534,29.979881945535713,-402.42070019656137,0.0,-2.0,-0.02252827984116217,0.5005791574486398,0.0014566802385870105,10.340666004150444,8.829000000000008,-0.02107159960257516,0.012245161599075516,1.3982178872138729,-5.945427126254822,0.02252827984116217,-0.5005791574486398,0.2505634274985481,0.0,5.551115123125783e-17,1.420746167055035,-6.195442856204914
9.699999999999982,0.0,403.0,406.60590560080334,406.35897572407174,0.9817833840101142,PILOT_DESC_ADD_SLACK_ACC,caténaire,,7.176717832937286,0.49891416277788114,7.176717832937286,0.2292369612529773,-0.973370646565583,0.04535415031408758,-0.9989709710743786,29.979431756763763,-402.4489242050506,0.0,-2.0,-0.02262782793245518,0.49840076567298053,0.001503000203770537,10.338205435199367,8.829000000000008,-0.021124827728684643,0.0076062008723400965,1.645168987792596,-6.985606477264916,0.02262782793245518,-0.49840076567298053,0.25062394270976324,0.0,0.0,1.6677968157250511,-7.233383300228133
9.799999999999981,0.0,403.0,406.70374354452724,406.37732154918785,0.9783794372389513,PILOT_DESC_ADD_SLACK_ACC,caténaire,,6.146643042695358,0.5010858372221189,6.146643042695358,0.23577757807887223,-0.9718070454957924,0.044958633581743616,-0.9989888494204842,29.97897449355109,-402.477144954993,0.0,-2.0,-0.02252813454867047,0.5005791639874245,0.0015506088122499654,10.335818419021555,8.829000000000008,-0.020977525736420505,0.007397583008971864,1.4492406099220616,-5.973351015039044,0.02252813454867047,-0.5005791639874245,0.2506842481083444,0.0,-5.551115123125783e-17,1.4717687444707321,-6.223245930918124
9.89999999999998,0.0,403.0,406.80117178524745,405.1962903709844,0.9742824072020024,PILOT_DESC_ADD_SLACK_ACC,caténaire,,7.056977716048606,0.49891416277788114,7.056977716048606,0.23568835094134347,-0.9718286892403156,0.044553486228723065,-0.9990070004083391,29.978510270375008,-402.50536396223384,0.0,-2.0,-0.022228365280639224,0.49841874121796886,0.0015981714138761087,10.334541933446634,8.829000000000008,-0.020630193866763114,0.003960674664595487,1.6632474405253044,-6.858173403785633,0.022228365280639224,-0.49841874121796886,0.25074430097399203,0.0,-5.551115123125783e-17,1.6854758058059436,-7.10584784402961
9.99999999999998,0.0,403.0,406.89812856555284,404.85954245277804,0.9695678030541711,PILOT_DESC_ADD_SLACK_ACC,caténaire,,6.348993529632125,0.5010858372221189,6.348993529632125,0.21002393187564292,-0.9776962452824983,0.04532605255271789,-0.9989722463412026,29.97803913821575,-402.5335809260772,0.0,-2.0,-0.022712242991352403,0.5005708444195422,0.0016460962331936832,10.333045295921696,8.829000000000008,-0.02106614675815872,0.00461614034123059,1.333440584546355,-6.207387135244205,0.022712242991352403,-0.5005708444195422,0.25080406324064347,0.0,5.551115123125783e-17,1.3561528275377075,-6.4571539164231035
10.09999999999998,0.0,403.0,406.9945590150805,406.8051998381743,0.9643044952762438,PILOT_DESC_ADD_SLACK_ACC,caténaire,,6.881453807685828,0.49891416277788114,6.881453807685828,0.20496517946597886,-0.9787692655608262,0.04476495245984755,-0.998997547059685,29.977561016818715,-402.5617970743546,0.0,-2.0,-0.022333868778296493,0.49841402480843966,0.0016952981213574562,10.332447984445793,8.829000000000008,-0.020638570656939036,0.0018620092542249722,1.4104584146791694,-6.735355489339409,0.022333868778296493,-0.49841402480843966,0.2508635010872783,0.0,5.551115123125783e-17,1.432792283457466,-6.98290601306057
10.19999999999998,0.0,403.0,407.0904145450422,405.51523181694637,0.9585552996171692,PILOT_DESC_ADD_SLACK_ACC,caténaire,,6.362495249446884,0.5010858372221189,6.362495249446884,0.20566001656979757,-0.9786235014470634,0.04427315706187626,-0.9990194630555375,29.977075983493158,-402.5900118787965,0.0,-2.0,-0.02218465197281663,0.5005945040463756,0.001744668336295717,10.331463811827405,8.829000000000008,-0.02043998363652091,0.003058315873772699,1.3085108784265045,-6.226487378954016,0.02218465197281663,-0.5005945040463756,0.25092258456471583,0.0,-5.551115123125783e-17,1.330695530399321,-6.476159298435676
10.29999999999998,0.0,403.0,407.18565229133407,405.49450569666993,0.9523774629182805,PILOT_DESC_ADD_SLACK_ACC,caténaire,,6.946504033504393,0.49891416277788114,6.946504033504393,0.21415362584569753,-0.9767999920849413,0.043863321349526786,-0.999037541356774,29.976584168888685,-402.61822638698135,0.0,-2.0,-0.021884032247756317,0.49843397852968774,0.0017937939839625346,10.331246851099683,8.829000000000008,-0.020090238263793782,0.0006808296293634442,1.4876190257267285,-6.785345084945104,0.021884032247756317,-0.49843397852968774,0.25098128725235924,0.0,-5.551115123125783e-17,1.5095030579744848,-7.0327977762224325
10.399999999999979,0.0,403.0,407.28023460716787,405.5155921255394,0.945823158337913,PILOT_DESC_ADD_SLACK_ACC,caténaire,,6.0396223219410015,0.5010858372221189,6.0396223219410015,0.22801326383695253,-0.9736580259590224,0.04335905526511575,-0.9990595539438663,29.97608562578584,-402.64643994502825,0.0,-2.0,-0.021726608508680648,0.5006145930227188,0.001843211391535994,10.33055104278698,8.829000000000008,-0.019883397117144652,0.0021656358096926454,1.3771139979682814,-5.880526747519123,0.021726608508680648,-0.5006145930227188,0.2510395859454632,0.0,0.0,1.398840606476962,-6.130101754596378
10.499999999999979,0.0,403.0,407.3741285961176,405.4791455794753,0.9389398894973443,PILOT_DESC_ADD_SLACK_ACC,caténaire,,6.851573837513787,0.49891416277788114,6.851573837513787,0.2434320652072418,-0.969917949946766,0.04285435739846732,-0.9990813300487426,29.975580486271205,-402.6746535044073,0.0,-2.0,-0.02138064584284042,0.4984558253282803,0.0018923105312721952,10.330552018317325,8.829000000000008,-0.019488335311568225,7.843645597915838e-06,1.6678927691858882,-6.645464450390269,0.02138064584284042,-0.4984558253282803,0.25109746036731295,0.0,-5.551115123125783e-17,1.6892734150287287,-6.892822815351236
10.599999999999978,0.0,403.0,407.4673056871953,405.29248155423903,0.9317709107769956,PILOT_DESC_ADD_SLACK_ACC,caténaire,,6.316214145653835,0.5010858372221189,6.316214145653835,0.2507739812920289,-0.9680456654037273,0.042330842018176426,-0.9991036481837267,29.975068819622898,-402.7028663379453,0.0,-2.0,-0.021211385412995182,0.5006366880218159,0.0019415292606722952,10.330020483695579,8.829000000000008,-0.01926985615232289,0.001657171717386774,1.583942167998643,-6.114383725461901,0.021211385412995182,-0.5006366880218159,0.2511548929073092,0.0,0.0,1.6051535534116381,-6.363865520576407
10.699999999999978,0.0,403.0,407.5597412434627,405.33966063497843,0.9243555626745076,PILOT_DESC_ADD_SLACK_ACC,caténaire,,6.927876867279348,0.49891416277788114,6.927876867279348,0.24161213212993385,-0.970372906468244,0.044162045989633185,-0.9990243809307205,29.974550760332143,-402.73107934233536,0.0,-2.0,-0.022033070201476122,0.49842741260674145,0.0019903463395177894,10.330145597714248,8.829000000000008,-0.020042723861958333,-0.0004269896790187744,1.67385910103701,-6.7226240113559745,0.022033070201476122,-0.49842741260674145,0.2512118683797241,0.0,5.551115123125783e-17,1.6958921712384862,-6.9698395555829915
10.799999999999978,0.0,403.0,407.65141420636036,405.2555131742403,0.9167296289762324,PILOT_DESC_ADD_SLACK_ACC,caténaire,,6.038205311929673,0.5010858372221189,6.038205311929673,0.24090738853306326,-0.9705481081070528,0.04295993990541314,-0.9990767956285059,29.974025988164904,-402.75929176587005,0.0,-2.0,-0.021526617454515857,0.5006232325867016,0.002042261296804715,10.329720243586864,8.829000000000008,-0.01948435615771114,0.0013434761735577894,1.454648273123448,-5.860368741855301,0.021526617454515857,-0.5006232325867016,0.2512683738044728,0.0,0.0,1.476174890577964,-6.10972360063753
10.899999999999977,0.0,403.0,407.7423067677619,405.5371861438279,0.9089256140151591,PILOT_DESC_ADD_SLACK_ACC,caténaire,,6.949567883609191,0.49891416277788114,6.949567883609191,0.2280641100384543,-0.9736461172892171,0.04187267184844452,-0.9991229550722335,29.973494752310614,-402.78750446480257,0.0,-2.0,-0.020890869018539652,0.49847659264202593,0.002092880727858012,10.329921913358492,8.829000000000008,-0.01879798829068164,-0.0006014939994898327,1.5849470145271547,-6.766419786713931,0.020890869018539652,-0.49847659264202593,0.25132439820497376,0.0,5.551115123125783e-17,1.6058378835456943,-7.013571981150983
10.999999999999977,0.0,403.0,407.832404072454,405.53608956551176,0.9009730469213567,PILOT_DESC_ADD_SLACK_ACC,caténaire,,6.202282372195069,0.5010858372221189,6.202282372195069,0.21359781772935635,-0.9769216817438625,0.04362609567082784,-0.9990479286683497,29.972957220148956,-402.81571664097646,0.0,-2.0,-0.021860418673949025,0.5006087677618036,0.00214278515684326,10.329539106611303,8.829000000000008,-0.019717633517105766,0.001147874373099711,1.3247939796421222,-6.05914412569512,0.021860418673949025,-0.5006087677618036,0.25137993242476353,0.0,5.551115123125783e-17,1.3466543983160713,-6.308372961032161
11.099999999999977,0.0,403.0,407.92169394349156,406.15309525747676,0.8928987103760719,PILOT_DESC_ADD_SLACK_ACC,caténaire,,6.759913034140193,0.49891416277788114,6.759913034140193,0.20280093296678192,-0.9792199863094108,0.04204070677467031,-0.9991158986693618,29.97241314702335,-402.84392915772787,0.0,-2.0,-0.020974704023075035,0.498473072102695,0.002195251437510082,10.329788504599552,8.829000000000008,-0.018779452585564953,-0.0007384232977614147,1.3709166700979407,-6.619441948743567,0.020974704023075035,-0.498473072102695,0.2514349689582109,0.0,0.0,1.3918913741210157,-6.866480051888051
11.199999999999976,0.0,403.0,408.01016663347207,407.8615628216089,0.8847268998048324,PILOT_DESC_ADD_SLACK_ACC,caténaire,,6.003850303343171,0.5010858372221189,6.003850303343171,0.20267309303391554,-0.979246453840945,0.04074994841560524,-0.9991693758838517,29.971862783647307,-402.8721411973689,0.0,-2.0,-0.020419222018591705,0.5006696232414618,0.002246305255630026,10.32943912719787,8.829000000000008,-0.01817291676296168,0.0011087504393252345,1.2168189110911725,-5.879249118940682,0.020419222018591705,-0.5006696232414618,0.25148950179720714,0.0,0.0,1.2372381331097642,-6.1284292403849365
11.299999999999976,0.0,403.0,408.09781459461,405.942572136895,0.8764796113794624,PILOT_DESC_ADD_SLACK_ACC,caténaire,,7.11135501395275,0.49891416277788114,7.11135501395275,0.2228818674934168,-0.9748454611591764,0.03976517749208773,-0.9992090525305617,29.971306392130884,-402.9003535907166,0.0,-2.0,-0.019839410236178794,0.49851954788336506,0.0022957823889591705,10.329698138225387,8.829000000000008,-0.017543627847219623,-0.0007823138912552707,1.5849920859184619,-6.93247215804339,0.019839410236178794,-0.49851954788336506,0.2515435262894446,0.0,0.0,1.6048314961546406,-7.17944817963731
11.399999999999975,0.0,403.0,408.18463227100074,406.1498912068342,0.8681767639076508,PILOT_DESC_ADD_SLACK_ACC,caténaire,,6.802121123289881,0.49945708138894057,6.802121123289881,0.2660538878911739,-0.96395815715102,0.03906716612729673,-0.9992365868655841,29.970744123952837,-402.9285655215167,0.0,-2.0,-0.019512372772076503,0.4990757892929312,0.0023445350579947948,10.329359426255708,8.829000000000008,-0.01716783771408171,-0.0005647844513685385,1.809730770757952,-6.55696014272454,0.019512372772076503,-0.4990757892929312,0.2515970390103723,0.0,0.0,1.8292431435300285,-6.804438893007099
11.499999999999975,0.0,403.0,408.2706159062206,406.2577549446556,0.8598363521986371,PILOT_DESC_ADD_SLACK_ACC,caténaire,,6.647870241461203,0.49972854069447026,6.647870241461203,0.3152460819817096,-0.9490099619051325,0.03862486834229321,-0.9992537813516347,29.97017614023232,-402.956777821413,0.0,-2.0,-0.019301949091210226,0.49935563393828364,0.0023924424382369817,10.329629705682404,8.829000000000008,-0.016909506652973243,-1.4660379321185246e-05,2.0957150471434463,-6.308895084599361,0.019301949091210226,-0.49935563393828364,0.25165003764460386,0.0,0.0,2.1150169962346563,-6.556600680893041
11.599999999999975,0.0,403.0,408.35576336995894,406.0645590800605,0.8514746373834946,PILOT_DESC_ADD_SLACK_ACC,caténaire,,6.581935571073988,0.49986427034723513,6.581935571073988,0.3487639592731113,-0.9372105957105604,0.03834287296796938,-0.9992646416703446,29.96960252350461,-402.984990216615,0.0,-2.0,-0.019166232219150738,0.4994966909923382,0.002440132090689094,10.329699496085937,8.829000000000008,-0.016726100128461645,0.0001961870782665187,2.295541909448291,-6.16865975749478,0.019166232219150738,-0.4994966909923382,0.25170252087905737,0.0,0.0,2.3147081416674418,-6.41645392760806
11.699999999999974,0.0,403.0,408.4400739979089,405.7943225167584,0.8431062794993732,PILOT_DESC_ADD_SLACK_ACC,caténaire,,6.518921598743272,0.49993213517361756,6.518921598743272,0.3622885760288436,-0.9320659781791164,0.03815713265668431,-0.9992717514407281,29.969023333144943,-403.0132025916313,0.0,-2.0,-0.019075976801159158,0.49956806031644363,0.0024877822817651967,10.329684714470986,8.829000000000008,-0.016588194519393962,0.0002527747874214725,2.3617308232523726,-6.076065036605617,0.019075976801159158,-0.49956806031644363,0.2517544883042671,0.0,-5.551115123125783e-17,2.3808068000535316,-6.323878608617793
11.799999999999974,0.0,403.0,408.5235484457256,405.97702128781697,0.8347444781671836,PILOT_DESC_ADD_SLACK_ACC,caténaire,,6.521286144197093,0.4999660675868088,6.521286144197093,0.24921443693668716,-0.9684483282149493,0.04271155621053156,-0.999087445104819,29.968438614250278,-403.04141490499444,0.0,-2.0,-0.021354328799092406,0.499509821104408,0.0025355021137281578,10.329639567155121,8.829000000000008,-0.01881882668536425,0.00014938825952093282,1.6251986545290982,-6.315528664158988,0.021354328799092406,-0.499509821104408,0.25180594032436615,0.0,-5.551115123125783e-17,1.6465529833281907,-6.56323254493903
11.899999999999974,0.0,403.0,408.6061885557383,406.5270292703755,0.8264011001267654,PILOT_DESC_ADD_SLACK_ACC,caténaire,,6.469955723274695,0.49998303379340436,6.469955723274695,0.25048913133295997,-0.9681194115831265,0.042707523215185804,-0.9990876175095076,29.96784762289649,-403.069627179862,0.0,-2.0,-0.021353037022930847,0.499526858027828,0.002590192106360212,10.329611377652252,8.829000000000008,-0.018762844916570633,0.0001382356800725404,1.6206535888857911,-6.26368972778558,0.021353037022930847,-0.499526858027828,0.2518568780749301,0.0,0.0,1.642006625908722,-6.511359707738477
11.999999999999973,0.0,403.0,408.68799723523847,405.4714889490669,0.8180867950016403,PILOT_DESC_ADD_SLACK_ACC,caténaire,,6.5048697142233545,0.4999915168967022,6.5048697142233545,0.246410215131632,-0.9691656235539842,0.04265175471954983,-0.9990899998595439,29.967250377502587,-403.0978394143012,0.0,-2.0,-0.021325515540533795,0.49953652454609937,0.002645302480940036,10.329581772892283,8.829000000000008,-0.018680213059593758,0.00011829743837488138,1.6028663456850143,-6.304296112722704,0.021325515540533795,-0.49953652454609937,0.2519073033479569,0.0,5.551115123125783e-17,1.6241918612255482,-6.551925333920846
12.099999999999973,0.0,403.0,408.7689783454069,405.98435042892976,0.8098111016839074,PILOT_DESC_ADD_SLACK_ACC,caténaire,,6.400131788089839,0.4999957584483511,6.400131788089839,0.23048753504741928,-0.9730752777600328,0.04267824507714857,-0.9990888686183701,29.966646905491608,-403.12605161213304,0.0,-2.0,-0.021338941516593504,0.49954019662214694,0.0027007475189527366,10.32955496621111,8.829000000000008,-0.018638193997640766,9.516283324906283e-05,1.475150599815459,-6.227810017396335,0.021338941516593504,-0.49954019662214694,0.25195721852340286,0.0,-5.551115123125783e-17,1.4964895413320525,-6.475392995495079
12.199999999999973,0.0,403.0,408.84913659994265,406.15899896508364,0.801582545358013,PILOT_DESC_ADD_SLACK_ACC,caténaire,,6.383093389293246,0.49999787922417555,6.383093389293246,0.2176544134625192,-0.9760258994003627,0.0410216472224702,-0.9991582579647507,29.966037220809635,-403.1542637796565,0.0,-2.0,-0.02051073661351739,0.499577009991697,0.002756641491177346,10.329532772115444,8.829000000000008,-0.017754095122340045,0.00010978210713297187,1.3893084477231052,-6.2300644662414495,0.02051073661351739,-0.499577009991697,0.2520066265067001,0.0,0.0,1.4098191843366226,-6.477634849726446
12.299999999999972,0.0,403.0,408.92847747256843,406.3514517499841,0.7934087262575422,PILOT_DESC_ADD_SLACK_ACC,caténaire,,6.408322762452014,0.49999893961208774,6.408322762452014,0.21657025432673166,-0.9762670356725431,0.03983404101621993,-0.9992063096159463,29.965421618124957,-403.1824759112923,0.0,-2.0,-0.019916978268574373,0.49960209526168053,0.002810416790486447,10.329506492469873,8.829000000000008,-0.017106561478087926,0.0001085877315460948,1.3878520904720162,-6.25623426693191,0.019916978268574373,-0.49960209526168053,0.2520555306717444,0.0,0.0,1.4077690687405906,-6.503780831521847
12.399999999999972,0.0,403.0,409.007007112672,406.00404250834544,0.785296401035834,PILOT_DESC_ADD_SLACK_ACC,caténaire,,6.339869094357274,0.4999994698060439,6.339869094357274,0.23565325944427695,-0.9718371989758822,0.03903912059551418,-0.9992376829679357,29.964800313267197,-403.2106880070853,0.0,-2.0,-0.0195195395994513,0.4996183116941876,0.0028627222900571374,10.329480245783035,8.829000000000008,-0.016656817309394164,9.855747721410069e-05,1.4940108165353279,-6.161320622533936,0.0195195395994513,-0.4996183116941876,0.2521039348088985,0.0,-5.551115123125783e-17,1.5135303561347793,-6.408834999419225
12.499999999999972,0.0,403.0,409.08473226838373,406.03685650541763,0.7772515571171773,PILOT_DESC_ADD_SLACK_ACC,caténaire,,6.387360320239991,0.4999997349030219,6.387360320239991,0.2777413966411618,-0.9606558783413637,0.03852305927461907,-0.9992577114559207,29.9641734561439,-403.2389000702025,0.0,-2.0,-0.019261519424962934,0.4996285908277607,0.00291411611005933,10.329456318133706,8.829000000000008,-0.016347403314903603,8.490896146007287e-05,1.7740343761937938,-6.136055238722923,0.019261519424962934,-0.4996285908277607,0.25215184307757793,0.0,5.551115123125783e-17,1.7932958956187568,-6.3835319864731055
12.599999999999971,0.0,403.0,409.1616602164572,406.46526055546786,0.769279480734726,PILOT_DESC_ADD_SLACK_ACC,caténaire,,6.418048820361566,0.4999998674515109,6.418048820361566,0.31445674421181363,-0.9492718030257224,0.03818818354475673,-0.9992705652812716,29.96354114988957,-403.26711210510496,0.0,-2.0,-0.019094086710592338,0.4996351501888322,0.0029649998537633992,10.329435657310958,8.829000000000008,-0.01612908685682894,7.080749978172207e-05,2.0181987362433693,-6.092472775611735,0.019094086710592338,-0.4996351501888322,0.2521992599630319,0.0,0.0,2.0372928229539617,-6.339908665837536
12.69999999999997,0.0,403.0,409.23779869837745,405.5469573655696,0.7613848192020612,PILOT_DESC_ADD_SLACK_ACC,caténaire,,6.441470764353801,0.49999993372575546,6.441470764353801,0.24160516246755734,-0.9703746418105872,0.04234212853350824,-0.999103169923533,29.96290346727464,-403.2953241164491,0.0,-2.0,-0.021171061460561538,0.4995515187469587,0.0030156356945123665,10.329418406202874,8.829000000000008,-0.01815542576604917,-3.007505017471601e-05,1.5562925905517209,-6.2506398856931895,0.021171061460561538,-0.4995515187469587,0.2522461902369604,0.0,-5.551115123125783e-17,1.5774636520122824,-6.497945214203188
12.79999999999997,0.0,403.0,409.31315586216846,406.1294714196522,0.7535716379100499,PILOT_DESC_ADD_SLACK_ACC,caténaire,,6.4347767993132665,0.49999996686287773,6.4347767993132665,0.24461905765262112,-0.9696192637489952,0.04228399479493758,-0.9991056319449819,29.962259732852058,-403.3235361378403,0.0,-2.0,-0.021141995996298884,0.4995527828650055,0.0030731459545508166,10.329425763384979,8.829000000000008,-0.018068850041748068,-2.1453750022715212e-05,1.5740690368529608,-6.239283542539245,0.021141995996298884,-0.4995527828650055,0.2522926389216464,0.0,-5.551115123125783e-17,1.5952110328492597,-6.486543686482604
12.89999999999997,0.0,403.0,409.38774020938064,405.7334142582682,0.7458434721217632,PILOT_DESC_ADD_SLACK_ACC,caténaire,,6.348497240241915,0.49999998343143887,6.348497240241915,0.24300742344249524,-0.9700244286366398,0.042333711414603195,-0.9991035266066601,29.961609975479927,-403.35174816639375,0.0,-2.0,-0.021166855005892913,0.4995517467496222,0.0031309213098026085,10.329431008110456,8.829000000000008,-0.018035933696090304,-1.7245139929400466e-05,1.5427319570829796,-6.158197408166949,0.021166855005892913,-0.4995517467496222,0.25233861125727963,0.0,5.551115123125783e-17,1.5638988120888726,-6.405410543659292
12.99999999999997,0.0,403.0,409.46156054688186,406.62233894059386,0.7382033750124284,PILOT_DESC_ADD_SLACK_ACC,caténaire,,6.32846552291877,0.4999999917157194,6.32846552291877,0.23625987072459578,-0.9716899060323707,0.04234720750533469,-0.9991029546630819,29.960954206130133,-403.37996020070113,0.0,-2.0,-0.021173603401851194,0.4995514690546917,0.0031891279920044455,10.329435221540722,8.829000000000008,-0.017984475409846747,-1.330940459354224e-05,1.49516244632985,-6.149306069294037,0.021173603401851194,-0.4995514690546917,0.2523841126722416,0.0,0.0,1.5163360497317013,-6.396473425676487
13.09999999999997,0.0,403.0,409.53462594302056,407.20170503300415,0.7306539613872826,PILOT_DESC_ADD_SLACK_ACC,caténaire,,6.33375647749249,0.4999999958578597,6.33375647749249,0.22631630114344395,-0.974053864956528,0.04220977797073413,-0.9991087701765314,29.960292441955318,-403.40817223944777,0.0,-2.0,-0.02110488881052824,0.499554380949817,0.0032477023998766456,10.329438472272852,8.829000000000008,-0.017857186410651593,-7.146777338817856e-06,1.4334323383294292,-6.169419976595004,0.02110488881052824,-0.499554380949817,0.2524291487560852,0.0,-5.551115123125783e-17,1.4545372271399575,-6.416545208788737
13.199999999999969,0.0,403.0,409.6069456877891,406.87601295757077,0.7231974476854768,PILOT_DESC_ADD_SLACK_ACC,caténaire,,6.307950664745655,0.49999999792892985,6.307950664745655,0.21016460902051876,-0.9776660151172549,0.040702769847390505,-0.9991712988906108,29.95962472538509,-403.436384280578,0.0,-2.0,-0.020351384839396962,0.49958564737595157,0.003306389621044025,10.329440217726743,8.829000000000008,-0.017044995218352937,2.5865102687205876e-05,1.325707985176992,-6.167068989958124,0.020351384839396962,-0.49958564737595157,0.2524737252349803,0.0,0.0,1.346059370016389,-6.414180912099095
13.299999999999969,0.0,403.0,409.67852925664755,406.67086697103787,0.7158356885844918,PILOT_DESC_ADD_SLACK_ACC,caténaire,,6.242715971082706,0.4999999989644649,6.242715971082706,0.21327060552512228,-0.9769931672324775,0.03955699851501235,-0.9992173156368355,29.95895132714982,-403.46459631308727,0.0,-2.0,-0.019778499216543514,0.49960865678369315,0.003362897799104893,10.32943390482286,8.829000000000008,-0.01641560141743862,4.2561606544921915e-05,1.3313878152741605,-6.099090848720865,0.019778499216543514,-0.49960865678369315,0.2525178479494157,0.0,-5.551115123125783e-17,1.351166314490704,-6.346181657555142
13.399999999999968,0.0,403.0,409.749386277706,406.7988532819855,0.7085702105845814,PILOT_DESC_ADD_SLACK_ACC,caténaire,,6.298084388985532,0.49999999948223245,6.298084388985532,0.24303881276297276,-0.970016564544526,0.038813184581095186,-0.9992464844585013,29.95827245704742,-403.49280833140966,0.0,-2.0,-0.019406592270451387,0.4996232417118732,0.0034177719917345994,10.32942351618702,8.829000000000008,-0.015988820278716787,4.675789888608506e-05,1.5306789525800564,-6.109246182215256,0.019406592270451387,-0.4996232417118732,0.2525615228339702,0.0,5.551115123125783e-17,1.5500855448505078,-6.356307901093159
13.499999999999968,0.0,403.0,409.8195265019676,406.6642214485579,0.7014022426161366,PILOT_DESC_ADD_SLACK_ACC,caténaire,,6.3323016841969535,0.4999999997411162,6.3323016841969535,0.2950039651527296,-0.9554960285339585,0.03831294434577773,-0.9992657896153343,29.957588257338273,-403.5210203341463,0.0,-2.0,-0.019156472162970263,0.4996328945489734,0.0034716464586633878,10.329412103170727,8.829000000000008,-0.015684825704306876,4.499771969257438e-05,1.868054105381409,-6.050489110729086,0.019156472162970263,-0.4996328945489734,0.25260475589897213,0.0,5.551115123125783e-17,1.8872105775443793,-6.297517249379087
13.599999999999968,0.0,403.0,409.88895977636776,407.114530520298,0.6943327440019698,PILOT_DESC_ADD_SLACK_ACC,caténaire,,6.342711767095504,0.4999999998705581,6.342711767095504,0.34327594429060404,-0.9392345958659071,0.03800073053029057,-0.9992777113891633,29.956898829353893,-403.5492323218837,0.0,-2.0,-0.019000365260226398,0.49963885556523324,0.003524905972911488,10.329401119728159,8.829000000000008,-0.01547545928731491,3.997529338484185e-05,2.177300371212835,-5.957294323261879,0.019000365260226398,-0.49963885556523324,0.25264755321388005,0.0,-5.551115123125783e-17,2.196300736473061,-6.204285625613232
13.699999999999967,0.0,403.0,409.95769601936985,406.5896522001797,0.6873624300206791,PILOT_DESC_ADD_SLACK_ACC,caténaire,,6.366442286449483,0.49999999993527905,6.366442286449483,0.38461895187306633,-0.9230754367114662,0.0378033526424521,-0.9992851977933979,29.956204242883086,-403.5774442962961,0.0,-2.0,-0.01890167631877938,0.4996425988320242,0.003577851910017293,10.32939136218134,8.829000000000008,-0.015323824408762088,3.3961013356176295e-05,2.448654359374568,-5.876706493862701,0.01890167631877938,-0.4996425988320242,0.2526899208922412,0.0,5.551115123125783e-17,2.4675560356933475,-6.123659171802485
13.799999999999967,0.0,403.0,410.02574519889714,406.07159309794173,0.6804917952729883,PILOT_DESC_ADD_SLACK_ACC,caténaire,,6.388898357312334,0.4999999999676395,6.388898357312334,0.24178306047809478,-0.9703303312098649,0.042028770153003964,-0.9991164008659982,29.95550454847081,-403.6056562593882,0.0,-2.0,-0.02101438507514191,0.4995582004006672,0.003630667958550408,10.329383072659496,8.829000000000008,-0.0173837171165915,-5.8726939844433446e-05,1.5447273979144485,-6.199341859117038,0.02101438507514191,-0.4995582004006672,0.2527318650780889,0.0,-5.551115123125783e-17,1.5657417829895903,-6.4461681944396165
13.899999999999967,0.0,403.0,410.09311731240126,406.8221731167389,0.673721135041308,PILOT_DESC_ADD_SLACK_ACC,caténaire,,6.285910941767909,0.4999999999838197,6.285910941767909,0.2822798593914091,-0.9593321015070675,0.040517534992165656,-0.9991788275169557,29.95479905948616,-403.63386824205594,0.0,-2.0,-0.02025876749542724,0.49958941374231086,0.0036910522705424654,10.329397407341876,8.829000000000008,-0.016567715224884774,-1.3178915821754345e-05,1.7743860567891654,-6.030276153652478,0.02025876749542724,-0.49958941374231086,0.2527733919336572,0.0,5.551115123125783e-17,1.7946448242845927,-6.2770921754611315
13.999999999999966,0.0,403.0,410.15982236884514,407.12733921939,0.6670505644387894,PILOT_DESC_ADD_SLACK_ACC,caténaire,,6.220019877311211,0.49999999999190986,6.220019877311211,0.29476901697738156,-0.9555685358100633,0.03941106146138195,-0.9992230823167002,29.95408804792977,-403.66208022911667,0.0,-2.0,-0.019705530730372133,0.49961154115026624,0.0037490656055065136,10.329400624185512,8.829000000000008,-0.01595646512486562,1.2165335769864782e-05,1.833469144814799,-5.943655286871763,0.019705530730372133,-0.49961154115026624,0.25281450762827545,0.0,-5.551115123125783e-17,1.8531746755451712,-6.190452320393755
14.099999999999966,0.0,403.0,410.2258703725124,406.2103125609442,0.6604800366729986,PILOT_DESC_ADD_SLACK_ACC,caténaire,,6.288847732861956,0.4999999999959549,6.288847732861956,0.24482780918098085,-0.9695665752549647,0.04174531603277657,-0.999128284350575,29.953371717551672,-403.6902922121223,0.0,-2.0,-0.02087265801621942,0.49956414217124595,0.003805366225695789,10.32939765475935,8.829000000000008,-0.01706729179052363,-3.8203069411935076e-05,1.539684812709371,-6.097456558650915,0.02087265801621942,-0.49956414217124595,0.25285521832838864,0.0,5.551115123125783e-17,1.5605574707255905,-6.344165482493772
14.199999999999966,0.0,403.0,410.29127130844967,407.2961020749901,0.6540093593725615,PILOT_DESC_ADD_SLACK_ACC,caténaire,,6.251182428824886,0.49999999999797745,6.251182428824886,0.227957898152865,-0.973670989949751,0.04040516985001473,-0.9991833776886963,29.95264969807631,-403.7185042078623,0.0,-2.0,-0.020202584924925642,0.49959168884232724,0.0038660507026937415,10.329406979744606,8.829000000000008,-0.0163365342222319,-1.3314130740127439e-06,1.4250064074450426,-6.086594983830415,0.020202584924925642,-0.49959168884232724,0.2528955301885848,0.0,0.0,1.4452089923699682,-6.333291142484157
14.299999999999965,0.0,403.0,410.35603512937087,406.79624849167465,0.6476382092119666,PILOT_DESC_ADD_SLACK_ACC,caténaire,,6.302840754714854,0.4999999999989887,6.302840754714854,0.2295423858496934,-0.9732986659286196,0.039323431574630176,-0.9992265347403437,29.95192223308954,-403.74671620404604,0.0,-2.0,-0.01966171578727532,0.49961326736916134,0.003924586556539796,10.329407304709129,8.829000000000008,-0.015737129230735523,2.0572078282654616e-05,1.4467691044679296,-6.134546498124501,0.01966171578727532,-0.49961326736916134,0.25293544934352236,0.0,5.551115123125783e-17,1.466430820255205,-6.38122431615014
14.399999999999965,0.0,403.0,410.42017174394834,407.26717988129,0.6413661457745393,PILOT_DESC_ADD_SLACK_ACC,caténaire,,6.297188739531452,0.49999999999949435,6.297188739531452,0.2550620319881928,-0.9669246919166219,0.038587379448983945,-0.9992552297322542,29.95118952239303,-403.77492819337243,0.0,-2.0,-0.01929368972447246,0.49962761486562185,0.003981390578817456,10.329402283264841,8.829000000000008,-0.015312299145655003,2.989813045495282e-05,1.6061737557180589,-6.08890728191227,0.01929368972447246,-0.49962761486562185,0.25297498190071366,0.0,0.0,1.6254674454425313,-6.335559914877178
14.499999999999964,0.0,403.0,410.48369100634653,406.28190161765804,0.6351926239817423,PILOT_DESC_ADD_SLACK_ACC,caténaire,,6.342831272134009,0.49999999999974715,6.342831272134009,0.20912474535075012,-0.977888971653727,0.041632776737652456,-0.9991329800887931,29.9504517075968,-403.8031401727328,0.0,-2.0,-0.020816388368815702,0.49956649004414394,0.004037052914918411,10.329394985447975,8.829000000000008,-0.01677933545389729,-3.8524507889547976e-05,1.326442974587799,-6.202584750080227,0.020816388368815702,-0.49956649004414394,0.2530141339340731,0.0,5.551115123125783e-17,1.3472593629566147,-6.449137106190298
14.599999999999964,0.0,403.0,410.5466027068872,406.4419875444782,0.6291170054064729,PILOT_DESC_ADD_SLACK_ACC,caténaire,,6.281185462835447,0.49999999999987355,6.281185462835447,0.21716633697744228,-0.9761346126860783,0.041548811894053725,-0.9991364752776232,29.949708299688755,-403.8313521649347,0.0,-2.0,-0.02077440594702161,0.49956823763868524,0.004098491836408588,10.329404388894693,8.829000000000008,-0.016675914110613022,-2.737346662939899e-05,1.3640620388399345,-6.131282538974304,0.02077440594702161,-0.49956823763868524,0.2530529114781641,0.0,5.551115123125783e-17,1.3848364447869561,-6.377797865134825
14.699999999999964,0.0,403.0,410.60891656371547,406.40709124964116,0.6231385682825161,PILOT_DESC_ADD_SLACK_ACC,caténaire,,6.258637357507406,0.4999999999999368,6.258637357507406,0.2695957698460495,-0.962973582649657,0.04030540407112107,-0.9991874070476786,29.94895933314267,-403.85956416626107,0.0,-2.0,-0.020152702035557985,0.49959370352377613,0.004160011779124507,10.329411070501772,8.829000000000008,-0.01599269025643348,4.77402554110995e-06,1.6873021565844541,-6.026902438663889,0.020152702035557985,-0.49959370352377613,0.25309132052306144,0.0,-5.551115123125783e-17,1.7074548586200122,-6.273404821664603
14.799999999999963,0.0,403.0,410.67064221542876,407.125473215574,0.6172565171330391,PILOT_DESC_ADD_SLACK_ACC,caténaire,,6.295933996974582,0.49999999999996836,6.295933996974582,0.3059518257368894,-0.952046994810794,0.039213579012566016,-0.9992308518160481,29.948205035699836,-403.8877761659961,0.0,-2.0,-0.019606789506281766,0.4996154259079924,0.00421944171289963,10.329409905216353,8.829000000000008,-0.015387347793382137,2.5331124337668598e-05,1.9262525010933247,-5.994025041346761,0.019606789506281766,-0.4996154259079924,0.2531293670098085,0.0,0.0,1.9458592905996064,-6.240511100244945
14.899999999999963,0.0,403.0,410.7317892145758,407.36158833631157,0.6114699914704824,PILOT_DESC_ADD_SLACK_ACC,caténaire,,6.279821886353379,0.4999999999999842,6.279821886353379,0.323871150193171,-0.9461011986423823,0.038501497029928874,-0.9992585424836028,29.94744560914107,-403.9159881572874,0.0,-2.0,-0.019250748514963827,0.4996292712417856,0.004277020025543886,10.32940372210772,8.829000000000008,-0.01497372848941994,3.299334949780075e-05,2.0338531373415174,-5.941347013939598,0.019250748514963827,-0.4996292712417856,0.25316705682640983,0.0,0.0,2.053103885856481,-6.187809228354974
14.999999999999963,0.0,403.0,410.79236702194,407.0125941257166,0.6057780736414665,PILOT_DESC_ADD_SLACK_ACC,caténaire,,6.279203945480876,0.49999999999999206,6.279203945480876,0.3193499185921768,-0.9476368658379485,0.038045369592943946,-0.9992760128475696,29.946681191339476,-403.94420013758094,0.0,-2.0,-0.01902268479647167,0.49963800642377687,0.004333425211125234,10.329395668759686,8.829000000000008,-0.014689259585346438,3.367518345420706e-05,2.005263268812993,-5.950405146852777,0.01902268479647167,-0.49963800642377687,0.25320439580430754,0.0,5.551115123125783e-17,2.0242859536094646,-6.196838757472246
15.099999999999962,0.0,403.0,410.85238500153355,407.07415049361697,0.6001797959358168,PILOT_DESC_ADD_SLACK_ACC,caténaire,,6.244926954967539,0.499999999999996,6.244926954967539,0.3019259279601832,-0.9533313873073634,0.037758720605051976,-0.9992868852428063,29.945911877118018,-403.9724121066494,0.0,-2.0,-0.01887936030252584,0.49964344262139915,0.004389117857836429,10.329387448999148,8.829000000000008,-0.01449024244468941,3.089162053981909e-05,1.8855053659221355,-5.953484877612353,0.01887936030252584,-0.49964344262139915,0.25324138971529614,0.0,-5.551115123125783e-17,1.9043847262246614,-6.199886930518455
15.199999999999962,0.0,403.0,410.91185241623873,406.96460087531733,0.5946741470519987,PILOT_DESC_ADD_SLACK_ACC,caténaire,Fy:(t>15:-25),6.150106825151252,0.499999999999998,6.150106825151252,0.2988844143471472,-0.9542893203113838,0.037575021731782246,-0.9992938095184299,29.945137732815745,-404.00062406542065,0.0,-25.0,-0.018787510865891047,0.499646904759213,0.004444404355901678,10.329379908640348,8.829000000000008,-0.014343106509989368,-22.999973186600446,1.8381710766077248,-5.868981262015991,0.018787510865891047,-0.499646904759213,0.2532780442688352,0.0,5.551115123125783e-17,1.8569585874736159,-6.115350122506368
15.299999999999962,0.0,403.0,410.97291086529515,407.1457543386751,0.6105844905642126,PILOT_DESC_ADD_SLACK_MINPAY_ACC,caténaire,,6.918870178295156,0.499999999999999,6.918870178295156,0.31725287701665894,-0.9483409787753837,0.03747023709580793,-0.9992977440843064,29.94435880747797,-404.03650268192075,0.0,-25.0,-0.018735118547903926,0.4996488720421522,0.004499470240453865,16.70625653281251,8.829000000000008,-0.01423564830745006,-16.623094595145346,2.195031469768902,-6.561448116904241,0.018735118547903926,-0.4996488720421522,0.2533156795048893,0.0,0.0,2.213766588316806,-6.807781309441504
15.399999999999961,0.0,403.0,411.0363195334371,406.6157374162719,0.6340866814198055,PILOT_DESC_ADD_SLACK_MINPAY_ACC,caténaire,,7.783728950582047,0.4999999999999995,7.783728950582047,0.20434407112867065,-0.9788991268739394,0.041203999292889426,-0.9991507546122715,29.94357513692409,-404.07792232995257,0.0,-25.0,-0.020601999646444692,0.49957537730613527,0.0045544588065216125,22.264891240690062,8.829000000000008,-0.01604754083992308,-11.064533382003809,1.5905588623240308,-7.6194854735481705,0.020601999646444692,-0.49957537730613527,0.2533547633701082,0.0,0.0,1.6111608619704754,-7.865706087484197
15.499999999999961,0.0,403.0,411.10256892633384,406.6095992840835,0.6624939289671747,PILOT_DESC_ADD_SLACK_MINPAY_ACC,caténaire,,8.756695069404799,0.4999999999999997,8.756695069404799,0.19714860193362482,-0.9803736169214353,0.04124085068743596,-0.9991492342160786,29.942786117189932,-404.1230301557784,0.0,-25.0,-0.02062042534371797,0.499574617108039,0.004616846676830491,26.406543608610857,8.829000000000008,-0.016003578666887477,-6.922881774281112,1.726370190492222,-8.584832817470481,0.02062042534371797,-0.499574617108039,0.25339559820261115,0.0,-5.551115123125783e-17,1.7469906158359398,-8.83101183637591
15.59999999999996,0.0,403.0,411.1719373384017,406.78864760586544,0.693684120678309,PILOT_DESC_ADD_SLACK_MINPAY_ACC,caténaire,,9.851281953080395,0.49999999999999983,9.851281953080395,0.21532662848558187,-0.9765420846359016,0.04003347120854836,-0.9991983392615273,29.94199176292955,-404.17044560886234,0.0,-25.0,-0.020016735604274173,0.4995991696307635,0.004679486292358464,29.17746653081732,8.829000000000008,-0.01533724931191571,-4.151934299551925,2.1212433292176596,-9.620191414797166,0.020016735604274173,-0.4995991696307635,0.2534383555376436,0.0,5.551115123125783e-17,2.1412600648219335,-9.866352228890285
15.69999999999996,0.0,403.0,411.2445618819546,406.7162734556004,0.7262454355291469,PILOT_DESC_ADD_SLACK_MINPAY_ACC,caténaire,,11.08269219721544,0.4999999999999999,11.08269219721544,0.2141479748098335,-0.9768012310008863,0.04109862777475633,-0.9991550944648344,29.941192296252733,-404.21924504004613,0.0,-25.0,-0.02054931388737816,0.4995775472324171,0.004739913909799089,30.905607831560708,8.829000000000008,-0.01580939997757907,-2.4238146212068834,2.37333608947443,-10.82558738104396,0.02054931388737816,-0.4995775472324171,0.2534831198885593,0.0,0.0,2.3938854033618084,-11.071681808387817
15.79999999999996,0.0,403.0,411.32050121237637,406.81243666551944,0.7593933042173487,PILOT_DESC_ADD_SLACK_MINPAY_ACC,caténaire,,12.468028721867364,0.49999999999999994,12.468028721867364,0.26327112483919607,-0.9647218847035162,0.04002476491804276,-0.999198688046204,29.940387559775925,-404.268852409437,0.0,-25.0,-0.020012382459021375,0.49959934402310197,0.004802607511344051,31.937444668297257,8.829000000000008,-0.015209774947677324,-1.3919559876796512,3.282471946133425,-12.028180167097455,0.020012382459021375,-0.49959934402310197,0.2535299274093919,0.0,0.0,3.3024843285924463,-12.274249583711164
15.89999999999996,0.0,403.0,411.3997814572957,408.6286288972205,0.7928024491932232,PILOT_DESC_ADD_SLACK_MINPAY_ACC,caténaire,,14.026532312100779,0.49999999999999994,14.026532312100779,0.2996344589810498,-0.9540540817957511,0.03901426876750733,-0.999238653592092,29.93957775337413,-404.3189237641571,0.0,-25.0,-0.019507134383753663,0.4996193267960459,0.004863312004590121,32.5376702331861,8.829000000000008,-0.014643822379163542,-0.7917104400178658,4.20283242071653,-13.382070405799743,0.019507134383753663,-0.4996193267960459,0.25357879420470153,0.0,-5.551115123125783e-17,4.222339555100284,-13.628110938391087
15.99999999999996,0.0,403.0,411.4824264653067,406.87725815368157,0.8264500801098394,PILOT_DESC_ADD_SLACK_MINPAY_ACC,caténaire,,15.77984885111337,0.49999999999999994,15.77984885111337,0.2431101557781245,-0.9699986866782531,0.04108036605662784,-0.9991558454638862,29.93876306569821,-404.3692590223572,0.0,-25.0,-0.020540183028313917,0.49957792273194307,0.004922117924936923,32.88155679413148,8.829000000000008,-0.015618065103376995,-0.44786528313658636,3.8362415123494302,-15.306432661561308,0.020540183028313917,-0.49957792273194307,0.2536297349742961,0.0,-5.551115123125783e-17,3.856781695377744,-15.552380849318954
16.09999999999996,0.0,403.0,411.5684767106855,406.95304351725025,0.860502453788171,PILOT_DESC_ADD_SLACK_MINPAY_ACC,caténaire,,16.948622468977046,0.49999999999999994,16.948622468977046,0.22886912142880533,-0.9734572025807846,0.04086360003460498,-0.999164734261679,29.93794317200059,-404.419743568985,0.0,-25.0,-0.020431800017302486,0.4995823671308394,0.004985225608752664,33.076891658909396,8.829000000000008,-0.015446574408549822,-0.25252597395977006,3.879016333903286,-16.498758616248224,0.020431800017302486,-0.4995823671308394,0.25368277466572925,0.0,5.551115123125783e-17,3.8994481339205884,-16.744658208713332
16.19999999999996,0.0,403.0,411.65784027914947,407.49315951031656,0.8936356846397403,PILOT_DESC_ADD_SLACK_MINPAY_ACC,caténaire,,17.5242999061324,0.5,17.5242999061324,0.20507160852724723,-0.9787469720903597,0.03989063436445157,-0.9992040518782945,29.937118129444833,-404.47031229093744,0.0,-25.0,-0.019945317182225784,0.49960202593914727,0.0050480357426950576,33.187285014687376,8.829000000000008,-0.014897281439530726,-0.14211295937348467,3.593736370064459,-17.15185547113046,0.019945317182225784,-0.49960202593914727,0.25373785662483156,0.0,0.0,3.6136816872466846,-17.397719640444777
16.29999999999996,0.0,403.0,411.75030933553484,407.1165623479349,0.9246905638539393,PILOT_DESC_ADD_SLACK_MINPAY_ACC,caténaire,,17.59566522911859,0.5,17.59566522911859,0.20440424565806142,-0.9788865635797434,0.03894674055495502,-0.9992412878780305,29.936288121128598,-404.52092838387637,0.0,-25.0,-0.01947337027747751,0.49962064393901523,0.005108984778027172,33.24949148220535,8.829000000000008,-0.014364385499450339,-0.07988787385563967,3.596628678009766,-17.224160270031476,0.01947337027747751,-0.49962064393901523,0.2537948527460652,0.0,5.551115123125783e-17,3.6161020482872437,-17.469986061224425
16.399999999999963,0.0,403.0,411.8455922967623,407.15654406384635,0.9528296122743068,PILOT_DESC_ADD_SLACK_MINPAY_ACC,caténaire,,17.801028827487144,0.5,17.801028827487144,0.19610723418541254,-0.9805824558394607,0.04066783082453297,-0.9991727215732158,29.935453324683863,-404.57157110610655,0.0,-25.0,-0.020333915412266486,0.4995863607866079,0.005168099932321786,33.28448601655216,8.829000000000008,-0.0151658154799447,-0.04492762266124117,3.490910529013301,-17.45537656412638,0.020333915412266486,-0.4995863607866079,0.2538535833033123,0.0,0.0,3.5112444444255675,-17.701109341609676
16.499999999999964,0.0,403.0,411.943451470538,407.390916728944,0.9785917377572794,PILOT_DESC_ADD_SLACK_MINPAY_ACC,caténaire,,18.05309815099908,0.5,18.05309815099908,0.20529962802171528,-0.9786991686591673,0.03985010835552676,-0.9992056689511187,29.9346134729673,-404.622228804211,0.0,-25.0,-0.01992505417776338,0.49960283447555937,0.005230882317516235,33.30417445181477,8.829000000000008,-0.014694171860247147,-0.02522271370968099,3.706294335039627,-17.66855215210515,0.01992505417776338,-0.49960283447555937,0.2539139017876829,0.0,-5.551115123125783e-17,3.7262193892173903,-17.914241084793026
16.599999999999966,0.0,403.0,412.0436811108269,407.48592872595367,1.0022964028896397,PILOT_DESC_ADD_SLACK_MINPAY_ACC,caténaire,,17.913939839347663,0.5,17.913939839347663,0.22696287939255583,-0.9739034096756415,0.03885650138530116,-0.9992448009872725,29.93376872319345,-404.6728949098866,0.0,-25.0,-0.01942825069265058,0.49962240049363627,0.005292073770002451,33.315230242547685,8.829000000000008,-0.014136176922648128,-0.014147356958687851,4.065799367203365,-17.446447090265004,0.01942825069265058,-0.49962240049363627,0.2539756813813375,0.0,0.0,4.085227617896015,-17.6920938093773
16.699999999999967,0.0,403.0,412.14601714680845,407.8887944874857,1.0233603598154692,PILOT_DESC_ADD_SLACK_MINPAY_ACC,caténaire,,18.160206641751067,0.5,18.160206641751067,0.23103536147824208,-0.9729453539364984,0.03817550170776329,-0.9992710498505201,29.932919261360624,-404.72356573134795,0.0,-25.0,-0.019087750853881646,0.49963552492526003,0.0053512773666417315,33.32143221110254,8.829000000000008,-0.013736473487239914,-0.00793226397220792,4.195649905996531,-17.66888867861844,0.019087750853881646,-0.49963552492526003,0.25403875931617736,0.0,0.0,4.214737656850413,-17.914485444227523
16.79999999999997,0.0,403.0,412.2502986329824,407.07293571522536,1.0428148617394757,PILOT_DESC_ADD_SLACK_MINPAY_ACC,caténaire,,18.29350439091794,0.5,18.29350439091794,0.2159568940865687,-0.9764028983449827,0.04068759296264681,-0.9991719170287494,29.932065220703304,-404.77423919689727,0.0,-25.0,-0.020343796481323406,0.4995859585143747,0.005409122455336296,33.324909837681815,8.829000000000008,-0.01493467402598711,-0.004504203803818996,3.9506083902216447,-17.861830708178942,0.020343796481323406,-0.4995859585143747,0.254103036388538,0.0,0.0,3.9709521867029682,-18.107313630304777
16.89999999999997,0.0,403.0,412.35635791898,407.6733696394902,1.0605928599761005,PILOT_DESC_ADD_SLACK_MINPAY_ACC,caténaire,,18.350262480008617,0.5,18.350262480008617,0.27139333407926275,-0.962468523234574,0.03966464999443225,-0.9992130481237818,29.93120620182131,-404.82491416384784,0.0,-25.0,-0.019832324997216124,0.4996065240618909,0.0054723660682257985,33.32688463067258,8.829000000000008,-0.014359958928990325,-0.0025088452655381843,4.980138915679139,-17.661550030100706,0.019832324997216124,-0.4996065240618909,0.2541684092620048,0.0,5.551115123125783e-17,4.999971240676355,-17.906988144900595
16.99999999999997,0.0,403.0,412.464028694649,407.8994041372085,1.076707756690259,PILOT_DESC_ADD_SLACK_MINPAY_ACC,caténaire,,18.18072710500692,0.5,18.18072710500692,0.3173609599049248,-0.9483048144601106,0.0387184964955909,-0.9992501578829601,29.93034239628634,-404.87558996708015,0.0,-25.0,-0.01935924824779545,0.49962507894148006,0.005533522576683001,33.32798461738404,8.829000000000008,-0.013825725671112449,-0.0013903036744906672,5.769853005814481,-17.240871044063493,0.01935924824779545,-0.49962507894148006,0.25423477542624656,0.0,0.0,5.789212254062276,-17.486261347578726
17.099999999999973,0.0,403.0,412.5731159572563,408.9593122262397,1.0908726260726311,PILOT_DESC_ADD_SLACK_MINPAY_ACC,caténaire,,18.16045474224307,0.5,18.16045474224307,0.3433180475207849,-0.9392192067065686,0.038063565474763056,-0.9992753199110587,29.929473982176145,-404.926266233747,0.0,-25.0,-0.019031782737381528,0.49963765995552933,0.005592724983267458,33.32859419471792,8.829000000000008,-0.01343905775411407,-0.0007681453265533378,6.234811864196469,-17.056647896440076,0.019031782737381528,-0.49963765995552933,0.25430201468538544,0.0,0.0,6.25384364693385,-17.301983541710218
17.199999999999974,0.0,403.0,412.6834740210882,408.3776380047307,1.1035806383194062,PILOT_DESC_ADD_SLACK_MINPAY_ACC,caténaire,,17.979686339530996,0.5,17.979686339530996,0.3445538335199924,-0.9387665608694619,0.037662084809890216,-0.999290532011473,29.92860108838003,-404.97694275646234,0.0,-25.0,-0.018831042404945108,0.4996452660057365,0.005650573584043482,33.328930989713434,8.829000000000008,-0.013180468820901625,-0.00042374428083746807,6.194969853772444,-16.878728310473157,0.018831042404945108,-0.4996452660057365,0.25437003724159124,0.0,5.551115123125783e-17,6.213800896177389,-17.1240035392373
17.299999999999976,0.0,403.0,412.7949396500762,407.93477460403915,1.1146562898794865,PILOT_DESC_ADD_SLACK_MINPAY_ACC,caténaire,,17.797677997191826,0.5,17.797677997191826,0.2370422894994061,-0.9714993324696007,0.040243899631304626,-0.9991898861289907,29.92772380109431,-405.02761942042576,0.0,-25.0,-0.020121949815652313,0.49959494306449537,0.005707598192201833,33.3291167820592,8.829000000000008,-0.014414351623450481,-0.0002882748763113341,4.218802340227555,-17.29043229378076,0.020121949815652313,-0.49959494306449537,0.2544387424793381,0.0,5.551115123125783e-17,4.238924290043207,-17.535588494365918
17.399999999999977,0.0,403.0,412.90736567297006,407.598190730646,1.1242602289389958,PILOT_DESC_ADD_SLACK_MINPAY_ACC,caténaire,,18.099684658731608,0.5,18.099684658731608,0.22649595801020184,-0.9740121051635041,0.040357152871693856,-0.9991853182528707,29.926841709024714,-405.07829618048083,0.0,-25.0,-0.020178576435846928,0.49959265912643536,0.0057702888851057284,33.32924317761336,8.829000000000008,-0.0144082875507412,-0.00016416326021584382,4.099505416461969,-17.629311957246752,0.020178576435846928,-0.49959265912643536,0.25450803968514046,0.0,0.0,4.119683992897816,-17.874396576688046
17.49999999999998,0.0,403.0,413.0207164311249,408.11207028953726,1.133507581548552,PILOT_DESC_ADD_SLACK_MINPAY_ACC,caténaire,,18.208671851801455,0.5,18.208671851801455,0.20297628877244828,-0.9791836529457402,0.039480992426144126,-0.9992203216693737,29.925954814192604,-405.12897299525696,0.0,-25.0,-0.019740496213072063,0.49961016083468685,0.005833295398946465,33.32931515586806,8.829000000000008,-0.013907200814125598,-7.468329726378897e-05,3.6959286359540027,-17.829633819137225,0.019740496213072063,-0.49961016083468685,0.2545779068797055,0.0,5.551115123125783e-17,3.7156691321670747,-18.074666073092207
17.59999999999998,0.0,403.0,413.13492122377,408.7752941854941,1.142047926450921,PILOT_DESC_ADD_SLACK_MINPAY_ACC,caténaire,,18.025222854233924,0.5,18.025222854233924,0.20270127043168887,-0.9792406215866352,0.04005471599620245,-0.9991974878503566,29.925063283626887,-405.17964983492755,0.0,-25.0,-0.020027357998101226,0.4995987439251783,0.0058944351750889095,33.329347901239444,8.829000000000008,-0.014132922823012317,-5.33548353871538e-05,3.653735572367529,-17.65103043201765,0.020027357998101226,-0.4995987439251783,0.25464830048445836,0.0,5.551115123125783e-17,3.6737629303656303,-17.89598087545837
17.69999999999998,0.0,403.0,413.24985793124364,408.04210521730795,1.1493670747365026,PILOT_DESC_ADD_SLACK_MINPAY_ACC,caténaire,,17.694240226315273,0.5,17.694240226315273,0.20573315810086,-0.9786081277293002,0.04009142676160631,-0.9991960155546151,29.924167042086896,-405.2303266923831,0.0,-25.0,-0.020045713380803156,0.49959800777730756,0.005956893827603957,33.3293712949874,8.829000000000008,-0.014088819553199199,-3.0697235295917835e-05,3.6402919219551166,-17.315727299466857,0.020045713380803156,-0.49959800777730756,0.25471914522722366,0.0,0.0,3.6603376353359196,-17.560606162016942
17.799999999999983,0.0,403.0,413.36538713787496,408.73297855365513,1.1552920663133972,PILOT_DESC_ADD_SLACK_MINPAY_ACC,caténaire,,17.916194923618594,0.5,17.916194923618594,0.21248891478482387,-0.9771634771590514,0.039922913022498625,-0.999202762714254,29.923266104273722,-405.281003560071,0.0,-25.0,-0.019961456511249313,0.499601381357127,0.006019485202825782,33.329384754344254,8.829000000000008,-0.01394197130842353,-1.3864298630039684e-05,3.8069928163930853,-17.50705132902249,0.019961456511249313,-0.499601381357127,0.2547903551749033,0.0,0.0,3.8269542729043344,-17.751862355204715
17.899999999999984,0.0,403.0,413.4814939563944,409.21076545812605,1.1610681851940938,PILOT_DESC_ADD_SLACK_MINPAY_ACC,caténaire,,17.97736570967114,0.5,17.97736570967114,0.2555223245616832,-0.9668031555857654,0.039278425797809886,-0.9992283048767413,29.922360519136777,-405.3316804323803,0.0,-25.0,-0.019639212898904943,0.49961415243837065,0.006081746208930804,33.32939083322505,8.829000000000008,-0.01355746668997414,4.985663409229346e-06,4.593618275630663,-17.38057389722939,0.019639212898904943,-0.49961415243837065,0.254861921151275,0.0,0.0,4.613257488529569,-17.625326128516488
17.999999999999986,0.0,403.0,413.5981328312918,408.0894600323483,1.1663887489742069,PILOT_DESC_ADD_SLACK_MINPAY_ACC,caténaire,,18.157825188766623,0.5,18.157825188766623,0.2402426530627335,-0.9707128657071458,0.039921993462843634,-0.9992027994546216,29.92145041484427,-405.3823573030278,0.0,-25.0,-0.019960996731421817,0.4996013997273108,0.00614259732916074,33.32938864724746,8.829000000000008,-0.013818399402261077,-9.9530252342106e-06,4.362284097198623,-17.626034523997042,0.019960996731421817,-0.4996013997273108,0.2549338150768117,0.0,5.551115123125783e-17,4.382245093930045,-17.870702108647542
18.099999999999987,0.0,403.0,413.71528662067755,408.6958563790423,1.0,PILOT_DESC_ADD_SLACK_MINPAY_ACC,caténaire,,18.126085656016887,0.5,18.126085656016887,0.2531519420338889,-0.9674265317038141,0.03922192063821041,-0.9992305244243941,29.92053570441863,-405.4330341769929,0.0,-25.0,-0.019610960319105204,0.49961526221219704,0.006204931327134952,33.32939301120231,8.829000000000008,-0.013406028991970253,8.273414501047682e-06,4.5886537852932925,-17.535656179566672,0.019610960319105204,-0.49961526221219704,0.255006026385587,0.0,5.551115123125783e-17,4.608264745612398,-17.78026541539328
18.19999999999999,0.0,403.0,413.8328974569183,408.3508249840885,1.1761083624077422,PILOT_DESC_ADD_SLACK_MINPAY_ACC,caténaire,,18.121149370648336,0.5,18.121149370648336,0.24716465766427048,-0.9689734939624014,0.0383754696646016,-0.999263390367135,29.919616525316655,-405.48371104820023,0.0,-25.0,-0.0191877348323008,0.4996316951835675,0.006265705882683726,33.32938938365781,8.829000000000008,-0.012922028949617073,2.1078841371036106e-05,4.478907680679407,-17.558913420291688,0.0191877348323008,-0.4996316951835675,0.25507851940912174,0.0,5.551115123125783e-17,4.498095415511707,-17.803466596066134
18.29999999999999,0.0,403.0,413.95091862021314,407.92229169867784,1.1802116329480519,PILOT_DESC_ADD_SLACK_MINPAY_ACC,caténaire,,17.816383471575364,0.5,17.816383471575364,0.21110277724129986,-0.9774638701461094,0.03978209042243406,-0.9992083793091515,29.9186930388717,-405.5343879123813,0.0,-25.0,-0.01989104521121703,0.49960418965457576,0.006324566619124355,33.3293801415552,8.829000000000008,-0.013566478592092673,-1.566879023329193e-05,3.7610880312455506,-17.41487114013323,0.01989104521121703,-0.49960418965457576,0.25515126535024235,0.0,5.551115123125783e-17,3.7809790764567675,-17.659324064437563
18.39999999999999,0.0,403.0,414.06924809759295,408.54056941024436,1.1832947737979846,PILOT_DESC_ADD_SLACK_MINPAY_ACC,caténaire,,17.65145334151553,0.5,17.65145334151553,0.20571699027339493,-0.9786115265583459,0.0392199724778464,-0.9992306008919248,29.917765030267216,-405.58506478178526,0.0,-25.0,-0.0196099862389232,0.4996153004459624,0.0063866589775209365,33.32938701157759,8.829000000000008,-0.013223327261402264,2.312023539730035e-06,3.631203855367835,-17.27391570051393,0.0196099862389232,-0.4996153004459624,0.2552242013301463,0.0,5.551115123125783e-17,3.6508138416067584,-17.518306799629745
18.499999999999993,0.0,403.0,414.18782204419347,409.10994443634286,1.185739466005171,PILOT_DESC_ADD_SLACK_MINPAY_ACC,caténaire,,17.507585475301727,0.5,17.507585475301727,0.23260779571329837,-0.9725706212781674,0.03832470103855608,-0.9992653387815997,29.916832613886974,-405.63574165041854,0.0,-25.0,-0.01916235051927804,0.49963266939079987,0.006447472670348372,33.32938599784511,8.829000000000008,-0.012714877848929666,1.8667235899272328e-05,4.072400865672094,-17.02736328279482,0.01916235051927804,-0.49963266939079987,0.25529728799610546,0.0,5.551115123125783e-17,4.091563216191372,-17.271698664189515
18.599999999999994,0.0,403.0,414.30658721234676,408.1356520218682,1.1876516815326055,PILOT_DESC_ADD_SLACK_MINPAY_ACC,caténaire,,17.611197884136686,0.5,17.611197884136686,0.21179292272519018,-0.9773145644486844,0.039742071304569096,-0.9992099718119423,29.91589595921412,-405.6864185128294,0.0,-25.0,-0.019871035652284548,0.49960498590597113,0.006506219775369357,33.329377813066245,8.829000000000008,-0.013364815876915192,-1.720102779501076e-05,3.729927072572994,-17.211680189554638,0.019871035652284548,-0.49960498590597113,0.2553704925272969,0.0,5.551115123125783e-17,3.7497981082252783,-17.45591468293331
18.699999999999996,0.0,403.0,414.4255451759224,408.347025220339,1.1895796357565958,PILOT_DESC_ADD_SLACK_MINPAY_ACC,caténaire,,17.72422401882253,0.5,17.72422401882253,0.23550724854613964,-0.9718725924123114,0.039596765037641195,-0.9992157405678483,29.914954849602637,-405.7370953809739,0.0,-25.0,-0.019798382518820597,0.49960787028392417,0.006568257022905628,33.32938535497214,8.829000000000008,-0.01323012549591497,-6.77474394450428e-06,4.174183231288295,-17.225687545669608,0.019798382518820597,-0.49960787028392417,0.255443815893823,0.0,0.0,4.193981613807116,-17.46985160005971
18.799999999999997,0.0,403.0,414.54469923376024,408.32815243763247,1.191540578378317,PILOT_DESC_ADD_SLACK_MINPAY_ACC,caténaire,,17.64709491912167,0.5,17.64709491912167,0.263552534477355,-0.9646450443404365,0.03900493009800928,-0.9992390181673498,29.914009329949323,-405.78777225137674,0.0,-25.0,-0.01950246504900464,0.4996195090836749,0.00662995898817778,33.32938832543711,8.829000000000008,-0.01287250606082686,7.83452077257607e-06,4.65093659209697,-17.023182660736015,0.01950246504900464,-0.4996195090836749,0.2555172601290243,0.0,-1.1102230246251565e-16,4.670439057145975,-17.267284909690666
18.9,0.0,403.0,414.6640143237659,408.79520484077005,1.193150900056936,PILOT_DESC_ADD_SLACK_MINPAY_ACC,caténaire,,17.614836371317402,0.5,17.614836371317402,0.24557929660483882,-0.9693765053265282,0.03934580554589048,-0.9992256539870985,29.913059519460656,-405.83844911916805,0.0,-25.0,-0.01967290277294524,0.49961282699354925,0.006690269975851541,33.329384890350994,8.829000000000008,-0.012982632797093701,-2.2826554655352993e-06,4.325839125877459,-17.075408523526285,0.01967290277294524,-0.49961282699354925,0.25559080362131026,0.0,1.1102230246251565e-16,4.345512028650404,-17.319430546898523
19.0,0.0,403.0,414.7834678645687,408.7514739356143,1.1945354080279735,PILOT_DESC_ADD_SLACK_MINPAY_ACC,caténaire,,17.44893818457756,0.5,17.44893818457756,0.2395842361094535,-0.9708755810132674,0.039287081763444,-0.9992279645839145,29.912105381427722,-405.8891259877202,0.0,-25.0,-0.019643540881722,0.49961398229195725,0.006751373525776276,33.329385891148235,8.829000000000008,-0.012892167355945722,-1.265598186250827e-07,4.180490525873089,-16.940747998016327,0.019643540881722,-0.49961398229195725,0.2556644324519649,0.0,-5.551115123125783e-17,4.200134066754811,-17.18469754785632
19.1,0.0,403.0,414.9030128050864,408.7114759255959,1.195449405176998,PILOT_DESC_ADD_SLACK_MINPAY_ACC,caténaire,,17.349265334874943,0.5,17.349265334874943,0.22041832547288967,-0.9754054345736071,0.03898960028942993,-0.9992396164430585,29.91114694600567,-405.93980285631454,0.0,-25.0,-0.019494800144714965,0.49961980822152924,0.006812326166349678,33.32938594662762,8.829000000000008,-0.012682473978365288,5.754849141226259e-06,3.8240960132979875,-16.92256769349651,0.019494800144714965,-0.49961980822152924,0.2557381176196195,0.0,-5.551115123125783e-17,3.8435908134427024,-17.16644938409842
19.200000000000003,0.0,403.0,415.02262004457526,409.5447563533983,1.1960723948883376,PILOT_DESC_ADD_SLACK_MINPAY_ACC,caténaire,,17.482252684049328,0.5,17.482252684049328,0.2238577451909403,-0.9746218291819797,0.0381804636774974,-0.9992708602743159,29.910184283092292,-405.9904797229906,0.0,-25.0,-0.0190902318387487,0.49963543013715794,0.006872554665613351,33.329383423362465,8.829000000000008,-0.01221767717313535,1.885349961838756e-05,3.9135376667095465,-17.03858508914973,0.0190902318387487,-0.49963543013715794,0.25581184118714373,0.0,0.0,3.9326278985482954,-17.282408678099745
19.300000000000004,0.0,403.0,415.1423099247364,409.09826693389914,1.196898801611745,PILOT_DESC_ADD_SLACK_MINPAY_ACC,caténaire,,17.62517819729753,0.5,17.62517819729753,0.24932619463067252,-0.9684195623132507,0.037576260158264645,-0.9992937629508745,29.909217547619857,-406.04115658338213,0.0,-25.0,-0.018788130079132322,0.49964688147543723,0.006930826544692599,33.32937515693502,8.829000000000008,-0.011857303534439723,2.2038410449454204e-05,4.39441860961969,-17.06856735551992,0.018788130079132322,-0.49964688147543723,0.2558856156927652,0.0,5.551115123125783e-17,4.413206739698822,-17.312328621302594
19.400000000000006,0.0,403.0,415.2621027414491,409.74578408713046,1.1979281671268251,PILOT_DESC_ADD_SLACK_MINPAY_ACC,caténaire,,17.246636282652396,0.5,17.246636282652396,0.2775927891714988,-0.9606988307476947,0.037176775559207106,-0.9993087047349383,29.90824685971291,-406.0918334364275,0.0,-25.0,-0.018588387779603553,0.49965435236746913,0.006987614854120817,33.329365494028615,8.829000000000008,-0.011600772925482736,1.9846396078548878e-05,4.787541869527849,-16.568823311074926,0.018588387779603553,-0.49965435236746913,0.2559594536464675,0.0,5.551115123125783e-17,4.806130257307452,-16.812518209795925
19.500000000000007,0.0,403.0,415.3819124683074,408.65829722634453,1.1980972685831475,PILOT_DESC_ADD_SLACK_MINPAY_ACC,caténaire,,17.30429831380271,0.5,17.30429831380271,0.2146777155350581,-0.9766849432916679,0.039091737555489586,-0.9992356258935591,29.907272304881655,-406.1425102828575,0.0,-25.0,-0.019545868777744793,0.49961781294677954,0.007043398795424381,33.3293567922923,8.829000000000008,-0.012502469982320411,-2.5394760925223636e-05,3.714847230944324,-16.900847617318504,0.019545868777744793,-0.49961781294677954,0.2560333020232535,0.0,0.0,3.7343930997220687,-17.14443212824203
19.60000000000001,0.0,403.0,415.50174892304767,410.41929312841256,1.198364547402762,PILOT_DESC_ADD_SLACK_MINPAY_ACC,caténaire,,17.286264809898157,0.5,17.286264809898157,0.26595203253161936,-0.9639862635910849,0.03872554730037401,-0.9992498846566291,29.906293582560405,-406.1931871377523,0.0,-25.0,-0.019362773650187005,0.49962494232831456,0.007103766985747505,33.32936792674658,8.829000000000008,-0.0122590066644395,-7.1309251126194795e-06,4.597317261072222,-16.663721825539778,0.019362773650187005,-0.49962494232831456,0.2561071668745841,0.0,0.0,4.616680034722409,-16.907239600993506
19.70000000000001,0.0,403.0,415.62160580183394,409.4489057755635,1.1985687878625229,PILOT_DESC_MINPAY_ACC,caténaire,,17.136618399442984,0.5,17.136618399442984,0.30298167388864017,-0.9529963826204366,0.03796023876154856,-0.9992792503965877,29.9053107739036,-406.2438639950241,0.0,-25.0,-0.01898011938077428,0.49963962519829386,0.007163209739275012,33.329371053330625,8.829000000000008,-0.011816909641499267,1.0678528909124907e-05,5.192081327454105,-16.33113534501598,0.01898011938077428,-0.49963962519829386,0.256181044314898,0.0,0.0,5.211061446834879,-16.57459392589938
19.80000000000001,0.0,403.0,415.7414511086335,409.058957600656,1.1984530679953753,PILOT_DESC_MINPAY_ACC,caténaire,,17.46117401021142,0.5,17.46117401021142,0.2418520954794761,-0.9703131267339357,0.03889000296599827,-0.9992434976867772,29.904324026276917,-406.29454084873646,0.0,-25.0,-0.019445001482999134,0.4996217488433886,0.0072207432369231625,33.32936637130547,8.829000000000008,-0.01222425824607597,-1.1879851150808918e-05,4.223021523901399,-16.942806350293576,0.019445001482999134,-0.4996217488433886,0.2562549146224652,0.0,-5.551115123125783e-17,4.242466525384398,-17.186173184514498
19.900000000000013,0.0,403.0,415.8613508879229,409.24901873768385,1.1989977928943103,PILOT_DESC_MINPAY_ACC,caténaire,,17.46665144346561,0.5,17.46665144346561,0.2503579008329272,-0.9681533563906755,0.038588855785770655,-0.9992551727207344,29.903333203897482,-406.34521770640873,0.0,-25.0,-0.019294427892885328,0.4996275863603672,0.007280502171968695,33.329371580085585,8.829000000000008,-0.012013925720916634,-8.335540542248054e-07,4.372914189966468,-16.910397219897266,0.019294427892885328,-0.4996275863603672,0.25632881850581174,0.0,5.551115123125783e-17,4.392208617859353,-17.153695987751824
20.000000000000014,0.0,403.0,415.98130076386065,409.3425942800916,1.1994987593772726,PILOT_DESC_MINPAY_ACC,caténaire,,17.44289473072092,0.5,17.44289473072092,0.23569903078243123,-0.9718260990980963,0.03787500082863086,-0.9992824847420428,29.90233837687614,-406.39589456435885,0.0,-25.0,-0.01893750041431543,0.4996412423710214,0.007339472830520886,33.329371945561554,8.829000000000008,-0.011598027583794543,1.3187932566438576e-05,4.111273382070897,-16.95146034313525,0.01893750041431543,-0.4996412423710214,0.2564027532677544,0.0,0.0,4.130210882485213,-17.194698832238515
20.100000000000016,0.0,403.0,416.10129095151933,409.2702444704549,1.1999018765870688,PILOT_DESC_MINPAY_ACC,caténaire,,17.525828382185807,0.5,17.525828382185807,0.23691606435902177,-0.9715301222549056,0.037336599115674454,-0.9993027461017385,29.901339683845606,-406.446571417913,0.0,-25.0,-0.018668299557837227,0.49965137305086926,0.007396627696681062,33.32936616322045,8.829000000000008,-0.011271671861156164,1.753627130796076e-05,4.152150284939103,-17.02687019076347,0.018668299557837227,-0.49965137305086926,0.25647671287705487,0.0,0.0,4.17081858449694,-17.270044850937285
20.200000000000017,0.0,403.0,416.2213339831001,409.28852627162377,1.2004303158080134,PILOT_DESC_MINPAY_ACC,caténaire,,17.3445359951265,0.5,17.3445359951265,0.20344388841027441,-0.979086607133663,0.03870964663926461,-0.9992505007539717,29.900337233591117,-406.4972482656217,0.0,-25.0,-0.019354823319632303,0.49962525037698585,0.00745238669837505,33.32935847431885,8.829000000000008,-0.011902436621257253,-1.6275304169255378e-05,3.5286398455205035,-16.981802899776095,0.019354823319632303,-0.49962525037698585,0.25655070505831734,0.0,5.551115123125783e-17,3.547994668840136,-17.224877445094766
20.30000000000002,0.0,403.0,416.3413882930411,409.5682308464452,1.200543099410122,PILOT_DESC_MINPAY_ACC,caténaire,,17.112258272462036,0.5,17.112258272462036,0.193974650465536,-0.9810065417604376,0.03848538989281347,-0.9992591629626412,29.899330815857756,-406.54792511875553,0.0,-25.0,-0.019242694946406735,0.4996295814813206,0.007511493266239143,33.32936561037079,8.829000000000008,-0.011731201680167593,-4.808147892276793e-06,3.3193443170768004,-16.78723730957942,0.019242694946406735,-0.4996295814813206,0.25662470419134087,0.0,-5.551115123125783e-17,3.3385870120232073,-17.0302421868694
20.40000000000002,0.0,403.0,416.4614062748624,409.32776025518916,1.2001798182126582,PILOT_DESC_MINPAY_ACC,caténaire,,17.32750572747514,0.5,17.32750572747514,0.21787448606763962,-0.9759767970196637,0.03783358931569464,-0.9992840534700288,29.898320487723833,-406.59860197349207,0.0,-25.0,-0.01891679465784732,0.4996420267350144,0.007569977949658617,33.32936771851202,8.829000000000008,-0.011346816708188701,9.745247027126425e-06,3.775221405207728,-16.911243540241063,0.01891679465784732,-0.4996420267350144,0.2566986809324206,0.0,-5.551115123125783e-17,3.7941381998655754,-17.154186886043657
20.50000000000002,0.0,403.0,416.58143458781655,409.0553842262267,1.200283129541834,PILOT_DESC_MINPAY_ACC,caténaire,,17.079675836335785,0.5,17.079675836335785,0.19783472641451358,-0.9802353906202809,0.038483878614953976,-0.9992592211667348,29.897306377317673,-406.6492788249802,0.0,-25.0,-0.019241939307476988,0.4996296105833674,0.007626762096184978,33.32936344562872,8.829000000000008,-0.011615177211292009,-6.943787916213751e-06,3.378952996330068,-16.74210271509838,0.019241939307476988,-0.4996296105833674,0.25677266404140897,0.0,0.0,3.3981949356375454,-16.984959661640335
20.600000000000023,0.0,403.0,416.70142261022903,409.3797374799601,1.199880224124584,PILOT_DESC_MINPAY_ACC,caténaire,,17.04064363294175,0.5,17.04064363294175,0.24382792831831254,-0.9698185095016488,0.038386874495175916,-0.9992629523135999,29.896288395185778,-406.6999556787829,0.0,-25.0,-0.019193437247587958,0.4996314761567999,0.007685108996278437,33.32936649018983,8.829000000000008,-0.01150832825130952,-2.0336533808062995e-06,4.154984834230831,-16.52633160904833,0.019193437247587958,-0.4996314761567999,0.256846622316094,0.0,0.0,4.174178271478419,-16.769116462889038
20.700000000000024,0.0,403.0,416.82136654204027,410.8836052867039,1.1994393181121201,PILOT_DESC_MINPAY_ACC,caténaire,,16.931914037663436,0.5,16.931914037663436,0.2771867131995923,-0.9608160729429993,0.03773162537357097,-0.9992879086863148,29.895266576944465,-406.75063253326346,0.0,-25.0,-0.018865812686785485,0.4996439543431574,0.007743138435558811,33.329367381822536,8.829000000000008,-0.011122674251226674,1.1336165684383559e-05,4.693301600277966,-16.268455153076225,0.018865812686785485,-0.4996439543431574,0.25692055341419306,0.0,0.0,4.712167412964751,-16.511178554005188
20.800000000000026,0.0,403.0,416.9412490238275,409.5239772021331,1.1988248178723842,PILOT_DESC_MINPAY_ACC,caténaire,,17.096986524535346,0.5,17.096986524535346,0.2914913082995089,-0.9565734771494768,0.03722058138928346,-0.9993070740873617,29.89424105114507,-406.8013093839653,0.0,-25.0,-0.01861029069464173,0.4996535370436809,0.007799430673312795,33.32936241140962,8.829000000000008,-0.010810860021328937,1.5948453288672226e-05,4.983622970015882,-16.354523848552525,0.01861029069464173,-0.4996535370436809,0.2569944466356969,0.0,-5.551115123125783e-17,5.002233260710524,-16.597182938960508
20.900000000000027,0.0,403.0,417.0611091930357,409.6613202101661,1.19860169208205,PILOT_DESC_MINPAY_ACC,caténaire,,17.0538362412338,0.5,17.0538362412338,0.284348080519661,-0.9587211112230628,0.03684505616581008,-0.9993209903910448,29.893211921725666,-406.851986229351,0.0,-25.0,-0.01842252808290504,0.4996604951955224,0.007854340195723172,33.32935541869215,8.829000000000008,-0.01056818788718187,1.591388766541968e-05,4.849225600691461,-16.34987283181181,0.01842252808290504,-0.4996604951955224,0.25706832610416264,0.0,0.0,4.867648128774365,-16.592465000903168
21.00000000000003,0.0,403.0,417.1809406294304,409.87993090154583,1.198314363947159,PILOT_DESC_MINPAY_ACC,caténaire,,16.991456863110034,0.5,16.991456863110034,0.2574184718901893,-0.9663000208681152,0.0373169107897741,-0.9993034815155544,29.892179269576967,-406.90266306943204,0.0,-25.0,-0.01865845539488705,0.4996517407577772,0.007908203332922732,33.32934844115374,8.829000000000008,-0.01075025206196432,1.8191150985558124e-07,4.373914860889855,-16.418845121402907,0.01865845539488705,-0.4996517407577772,0.25714218786228304,0.0,5.551115123125783e-17,4.392573316284742,-16.6613546742984
21.10000000000003,0.0,403.0,417.3007337095859,409.62868367351444,1.1979308015553756,PILOT_DESC_MINPAY_ACC,caténaire,,16.995787073681658,0.5,16.995787073681658,0.2863936843651244,-0.9581120276647035,0.037508890176162636,-0.9992962939777934,29.891143034010913,-406.95333990945244,0.0,-25.0,-0.018754445088081318,0.4996481469888967,0.00796318324421309,33.32934836137414,8.829000000000008,-0.010791261843868229,-3.4916369742177267e-06,4.867486078716846,-16.283868014922692,0.018754445088081318,-0.4996481469888967,0.25721602597836635,0.0,0.0,4.886240523804927,-16.526300135933223
21.20000000000003,0.0,403.0,417.42049311442554,410.2785516123322,1.1975940483960255,PILOT_DESC_MINPAY_ACC,caténaire,,16.910622263738485,0.5,16.910622263738485,0.3129012985981101,-0.9497856480994101,0.03713022162768001,-0.9993104355713891,29.89010320135758,-407.0040167506367,0.0,-25.0,-0.018565110813840005,0.49965521778569455,0.00801856443849488,33.32934989229026,8.829000000000008,-0.010546546375345125,5.11007594639068e-06,5.2913556664258845,-16.06146632652917,0.018565110813840005,-0.49965521778569455,0.25728984333764243,0.0,5.551115123125783e-17,5.309920777239724,-16.303831700977224
21.300000000000033,0.0,403.0,417.54020515780843,410.90513042482837,1.1971204338291275,PILOT_DESC_MINPAY_ACC,caténaire,,16.965046152322884,0.5,16.965046152322884,0.3117069102372258,-0.9501783001681116,0.03679999591346962,-0.9993226507493806,29.889059853188787,-407.0546935901176,0.0,-25.0,-0.01839999795673481,0.4996613253746903,0.008072875176210043,33.329347651731894,8.829000000000008,-0.010327122780524767,8.977106574548088e-06,5.288122118172502,-16.11981871528772,0.01839999795673481,-0.4996613253746903,0.257363631504241,0.0,-5.551115123125783e-17,5.306522116129237,-16.36211640915817
21.400000000000034,0.0,403.0,417.65988544026953,409.51113877286923,1.1968028246113072,PILOT_DESC_MINPAY_ACC,caténaire,,16.84387200047114,0.5,16.84387200047114,0.2613677175167565,-0.9652393051674186,0.03753628892648387,-0.9992952651812315,29.888013062645733,-407.10537042660616,0.0,-25.0,-0.018768144463241935,0.49964763259061573,0.008126233590654851,33.32934371568879,8.829000000000008,-0.010641910872587083,-8.651720598606971e-06,4.402444378907545,-16.2583673060637,0.018768144463241935,-0.49964763259061573,0.2574374000940275,0.0,5.551115123125783e-17,4.421212523370787,-16.50057753856029
21.500000000000036,0.0,403.0,417.77951288309936,409.65338738150774,1.1962744282983522,PILOT_DESC_MINPAY_ACC,caténaire,,16.62554718617632,0.5,16.62554718617632,0.2542534435538095,-0.9671376253879432,0.03773594757640056,-0.9992877454770027,29.886962724799055,-407.1560472659786,0.0,-25.0,-0.01886797378820028,0.49964387273850136,0.008181402335488724,33.32934750907071,8.829000000000008,-0.010686571452711555,-8.618190797449188e-06,4.227102623051677,-16.079192226413767,0.01886797378820028,-0.49964387273850136,0.2575111361144968,0.0,-5.551115123125783e-17,4.245970596839878,-16.32132496303777
21.600000000000037,0.0,403.0,417.8990490851547,410.07511410734827,1.1953620205533873,PILOT_DESC_MINPAY_ACC,caténaire,,16.66800908436957,0.5,16.66800908436957,0.2370147198385341,-0.9715060589516984,0.038034516498133115,-0.9992764259977083,29.88590882476189,-407.2067241082238,0.0,-25.0,-0.019017258249066558,0.49963821299885414,0.00823699041828144,33.32935128779791,8.829000000000008,-0.010780267830785117,-1.049920324192044e-05,3.9505635033979942,-16.193071816126988,0.019017258249066558,-0.49963821299885414,0.25758481589593374,0.0,0.0,3.9695807616470606,-16.435125213229906
21.70000000000004,0.0,403.0,418.01851164264934,410.155918123114,1.1946255749468166,PILOT_DESC_MINPAY_ACC,caténaire,,16.86167207093329,0.5,16.86167207093329,0.23973581846265662,-0.970838162283519,0.037398691722920964,-0.9993004242255749,29.88485133130212,-407.2574009539687,0.0,-25.0,-0.018699345861460482,0.49965021211278743,0.00829325656788753,33.32935589123871,8.829000000000008,-0.010406089293572953,6.103351495312381e-06,4.042346754574111,-16.369954726372217,0.018699345861460482,-0.49965021211278743,0.2576584502843012,0.0,-5.551115123125783e-17,4.061046100435571,-16.611946488200704
21.80000000000004,0.0,403.0,418.13794663223786,410.1369231017319,1.194349895884942,PILOT_DESC_MINPAY_ACC,caténaire,,17.06124718719748,0.5,17.06124718719748,0.206274427065759,-0.9784941802272986,0.037769043320506554,-0.9992864951387332,29.883790369145917,-407.3080777976792,0.0,-25.0,-0.018884521660253277,0.4996432475693666,0.008347751408165394,33.32935321514477,8.829000000000008,-0.010536770252087883,-3.5372858704363352e-06,3.5192989885664523,-16.694331080092102,0.018884521660253277,-0.4996432475693666,0.25773206768034945,0.0,5.551115123125783e-17,3.5381835102267054,-16.936242259981118
21.90000000000004,0.0,403.0,418.2573967057063,410.0249117505686,1.1945007346845695,PILOT_DESC_MINPAY_ACC,caténaire,,16.737172777808755,0.5,16.737172777808755,0.20208840235535702,-0.979367284338955,0.0376574272528994,-0.9992907075384484,29.882725894732964,-407.3587546425687,0.0,-25.0,-0.0188287136264497,0.4996453537692242,0.008403112433565204,33.32935476609937,8.829000000000008,-0.010425601192884498,1.1986858794443833e-07,3.382388506612944,-16.391839450914446,0.0188287136264497,-0.4996453537692242,0.25780569437380685,0.0,0.0,3.4012172202393938,-16.633679110309863
22.000000000000043,0.0,403.0,418.376795519769,409.8581464100052,1.1939881406269324,PILOT_DESC_MINPAY_ACC,caténaire,,16.60064075071334,0.5,16.60064075071334,0.23496372560987003,-0.9720041397275682,0.03790811256757142,-0.9992812291850398,29.881657945119613,-407.4094314874183,0.0,-25.0,-0.01895405628378571,0.4996406145925199,0.008458069449277603,33.32935471353605,8.829000000000008,-0.010495986834508107,-4.6718714372673276e-06,3.9005483982986355,-16.135891531823532,0.01895405628378571,-0.4996406145925199,0.2578792894719672,0.0,5.551115123125783e-17,3.919502454582421,-16.377652856944085
22.100000000000044,0.0,403.0,418.4961208741049,409.93364584604257,1.193253543359189,PILOT_DESC_MINPAY_ACC,caténaire,,16.55191031412662,0.5,16.55191031412662,0.22770383934450358,-0.9737304357715088,0.037784383175473196,-0.999285915235499,29.880586496843982,-407.4601083338252,0.0,-25.0,-0.018892191587736598,0.4996429576177495,0.00851357843693214,33.32935676193568,8.829000000000008,-0.010378613150804458,-2.8044657796044703e-07,3.7689335270125195,-16.117098843025442,0.018892191587736598,-0.4996429576177495,0.25795283929098595,0.0,-5.551115123125783e-17,3.787825718600256,-16.358788961352204
22.200000000000045,0.0,403.0,418.615370348741,410.175306796992,1.1924947463611417,PILOT_DESC_MINPAY_ACC,caténaire,,16.639196307401072,0.5,16.639196307401072,0.2867184097798197,-0.9580149025424037,0.03784587841995076,-0.9992835881203204,29.879511589030635,-407.51078518032557,0.0,-25.0,-0.01892293920997538,0.4996417940601602,0.008568645202156533,33.329356884932366,8.829000000000008,-0.010354294007818848,-1.3210074811809136e-06,4.7707639052722834,-15.940598028818762,0.01892293920997538,-0.4996417940601602,0.258026342339239,0.0,0.0,4.789686844482259,-16.182213480539684
22.300000000000047,0.0,403.0,418.73456896913785,410.76443994964393,1.1919862039684832,PILOT_DESC_MINPAY_ACC,caténaire,,16.314224743405333,0.5,16.314224743405333,0.3307271509163787,-0.943726417796352,0.0372727839594483,-0.9993051283646613,29.87843322978595,-407.56146202726626,0.0,-25.0,-0.01863639197972415,0.49965256418233067,0.008623759826967097,33.329357464101,8.829000000000008,-0.010012632152757054,1.0028283327301324e-05,5.395557068795935,-15.396164876218526,0.01863639197972415,-0.49965256418233067,0.2580998140419318,0.0,-5.551115123125783e-17,5.414193460775659,-15.637717626358924
22.40000000000005,0.0,403.0,418.85365680680235,411.2612101716735,1.1908783766450044,PILOT_DESC_MINPAY_ACC,caténaire,,16.585196119675576,0.5,16.585196119675576,0.3494269682108769,-0.9369636032882785,0.036837897260544046,-0.9993212543148583,29.877351532997217,-407.6121388708642,0.0,-25.0,-0.018418948630272023,0.49966062715742915,0.008677223863495027,33.32935306717489,8.829000000000008,-0.009741724766776996,1.3694332317015778e-05,5.795314797281036,-15.539725117534003,0.018418948630272023,-0.49966062715742915,0.258173217460311,0.0,-5.551115123125783e-17,5.813733745911308,-15.781212527231123
22.50000000000005,0.0,403.0,418.97269911514405,411.5298324259531,1.1904230834169534,PILOT_DESC_MINPAY_ACC,caténaire,,16.65960728650739,0.5,16.65960728650739,0.3435080695625091,-0.9391497250946934,0.036535440774888725,-0.9993323579107125,29.876266588966896,-407.66281570989736,0.0,-25.0,-0.018267720387444362,0.49966617895535625,0.008729399918860301,33.32934706276848,8.829000000000008,-0.009538320468584062,1.3241723827661644e-05,5.722709538657665,-15.645865603308968,0.018267720387444362,-0.49966617895535625,0.2582465928153044,0.0,-5.551115123125783e-17,5.74097725904511,-15.88728518944902
22.60000000000005,0.0,403.0,419.0917153107374,410.65573235992355,1.190161955933399,PILOT_DESC_MINPAY_ACC,caténaire,,16.63614591988275,0.5,16.63614591988275,0.3139717527504151,-0.9494323243258743,0.03634520610562733,-0.9993392947308433,29.87517846549642,-407.7134925445166,0.0,-25.0,-0.018172603052813666,0.49966964736542163,0.008780638086822985,33.32934125687698,8.829000000000008,-0.00939196496599068,1.0904242394360608e-05,5.223279893477254,-15.79489468853869,0.018172603052813666,-0.49966964736542163,0.25831995207490943,0.0,0.0,5.2414524965300675,-16.036244383829203
22.700000000000053,0.0,403.0,419.21070329451254,411.10350316478434,1.1898798377514799,PILOT_DESC_MINPAY_ACC,caténaire,,16.562780125775724,0.5,16.562780125775724,0.29569199460517415,-0.9552833319630432,0.036219827076602415,-0.999343846794756,29.874087211370952,-407.7641693755011,0.0,-25.0,-0.018109913538301207,0.499671923397378,0.00883123656002877,33.329336475858426,8.829000000000008,-0.009278676978272438,8.399255797542082e-06,4.897481491597561,-15.822147785122304,0.018109913538301207,-0.499671923397378,0.25839329394530053,0.0,0.0,4.915591405135862,-16.063426414574383
22.800000000000054,0.0,403.0,419.3296511968644,410.8446654965981,1.1894790235183765,PILOT_DESC_MINPAY_ACC,caténaire,,16.49281400658271,0.5,16.49281400658271,0.27348021900470043,-0.9618776272547049,0.03612278247801328,-0.9993473593230966,29.872992864353158,-407.8148462036859,0.0,-25.0,-0.01806139123900664,0.4996736796615483,0.008881367451952964,33.32933279313674,8.829000000000008,-0.009180023787053676,6.472798283141401e-06,4.5104583865240295,-15.864068803404939,0.01806139123900664,-0.4996736796615483,0.2584666111102846,0.0,-5.551115123125783e-17,4.528519777763036,-16.105275871956202
22.900000000000055,0.0,403.0,419.44854901545136,411.2812305716225,1.1889781858694763,PILOT_DESC_MINPAY_ACC,caténaire,,16.542651764828843,0.5,16.542651764828843,0.2797149634941582,-0.9600830897362278,0.036066582682359107,-0.9993493891595756,29.871895457327437,-407.865523029713,0.0,-25.0,-0.018033291341179553,0.4996746945797878,0.008931104967638902,33.32932995509191,8.829000000000008,-0.009102186373540651,4.6496716876731625e-06,4.627227234495671,-15.882320218807337,0.018033291341179553,-0.4996746945797878,0.25853989740461386,0.0,0.0,4.645260525836851,-16.12345501598251
23.000000000000057,0.0,403.0,419.5674117092545,411.0084962196717,1.1886269380313768,PILOT_DESC_MINPAY_ACC,caténaire,,16.710229951007246,0.5,16.710229951007246,0.32035233159548676,-0.94729846597645,0.036037287784760626,-0.9993504459843495,29.87079501623959,-407.91619985419027,0.0,-25.0,-0.018018643892380313,0.49967522299217476,0.008980557879276246,33.329327916413206,8.829000000000008,-0.009038086013104067,3.1394053721101045e-06,5.353161126301908,-15.829575198702893,0.018018643892380313,-0.49967522299217476,0.25861316204871204,0.0,-5.551115123125783e-17,5.371179770194288,-16.070637259646357
23.10000000000006,0.0,403.0,419.68627628970114,411.535448477864,1.1886458044664316,PILOT_DESC_MINPAY_ACC,caténaire,,16.53936522070277,0.5,16.53936522070277,0.3479753397159953,-0.9375036868991704,0.03599522218817981,-0.9993519620131956,29.869691562456406,-407.96687667762103,0.0,-25.0,-0.017997611094089906,0.4996759810065978,0.009029797626036425,33.329326539897615,8.829000000000008,-0.008967813468053481,2.520904203606733e-06,5.755291231360964,-15.505715873380758,0.017997611094089906,-0.4996759810065978,0.2586864278557004,0.0,0.0,5.773288842455054,-15.746705426531655
23.20000000000006,0.0,403.0,419.80510837870736,411.54417713130624,1.1883208900622453,PILOT_DESC_MINPAY_ACC,caténaire,,16.528551232941766,0.5,16.528551232941766,0.3620263856616109,-0.9321678475922621,0.035979831153584454,-0.9993525162574814,29.868585119402066,-408.0175535002115,0.0,-25.0,-0.017989915576792227,0.4996762581287407,0.009078787580198103,33.329325434572816,8.829000000000008,-0.008911127996594125,1.6927015522583133e-06,5.98377166308467,-15.407384026629757,0.017989915576792227,-0.4996762581287407,0.25875967363559915,0.0,0.0,6.001761578661462,-15.648300611122899
23.30000000000006,0.0,403.0,419.92390904634624,411.1528447021785,1.18800667638866,PILOT_DESC_MINPAY_ACC,caténaire,,16.319690471401852,0.5,16.319690471401852,0.3545699680380884,-0.9350294849711794,0.03595955974302389,-0.999353245886102,29.867475705971728,-408.0682303222377,0.0,-25.0,-0.017979779871511944,0.499676622943051,0.00912759915022356,33.32932469240588,8.829000000000008,-0.008852180721288384,1.3153489248907135e-06,5.78647212883645,-15.25939177636394,0.017979779871511944,-0.499676622943051,0.25883290004798043,0.0,0.0,5.804451908707962,-15.50023549925901
23.400000000000063,0.0,403.0,420.0426396465026,410.7107993840022,1.1873060015637278,PILOT_DESC_MINPAY_ACC,caténaire,,16.495187785722113,0.5,16.495187785722113,0.32145108712555004,-0.9469261843384637,0.03593142179563355,-0.999354257972489,29.86636334181448,-408.1189071438255,0.0,-25.0,-0.017965710897816775,0.4996771289862445,0.009176217399926665,33.32932411570495,8.829000000000008,-0.00878949349789011,1.2446911838992492e-06,5.302396046060467,-15.619725229880272,0.017965710897816775,-0.4996771289862445,0.2589060832721334,0.0,0.0,5.320361756958284,-15.860496275594382
23.500000000000064,0.0,403.0,420.16134226945235,411.4587924270372,1.1870262294974194,PILOT_DESC_MINPAY_ACC,caténaire,,16.32759885027215,0.5,16.32759885027215,0.3026040507067148,-0.9531163562209432,0.035906881395457335,-0.9993551400120242,29.865248047826068,-408.16958396499837,0.0,-25.0,-0.017953440697728668,0.4996775700060121,0.009224619127251567,33.32932356995879,8.829000000000008,-0.0087288215704771,1.1399647945609104e-06,4.940797550406652,-15.562101522008652,0.017953440697728668,-0.4996775700060121,0.25897924925168236,0.0,-5.551115123125783e-17,4.95875099110438,-15.802799842762981
23.600000000000065,0.0,403.0,420.2799861793569,411.22606716182895,1.186439099045511,PILOT_DESC_MINPAY_ACC,caténaire,,16.368041938462333,0.5,16.368041938462333,0.3045248465503831,-0.9525043925533706,0.035906773244325424,-0.9993551438978941,29.864129844230465,-408.22026078579125,0.0,-25.0,-0.017953386622162712,0.4996775719489471,0.009272812749515944,33.32932307012141,8.829000000000008,-0.008680573872646768,6.420703542175943e-07,4.9844754596404774,-15.590631843883159,0.017953386622162712,-0.4996775719489471,0.2590523790416563,0.0,0.0,5.0024288462626405,-15.83125703679045
23.700000000000067,0.0,403.0,420.39858532052557,411.9664599440783,1.1859914116863108,PILOT_DESC_MINPAY_ACC,caténaire,,16.103308188371383,0.5,16.103308188371383,0.3333854777729682,-0.9427906041163594,0.035894081523927535,-0.9993555998299871,29.86300874711024,-408.2709376063701,0.0,-25.0,-0.017947040761963767,0.49967779991499356,0.00932086451209241,33.3293227886124,8.829000000000008,-0.008626176249871357,5.885273850481099e-07,5.368609094105544,-15.182047655186572,0.017947040761963767,-0.49967779991499356,0.25912548123705553,0.0,-5.551115123125783e-17,5.386556134867508,-15.42259997386451
23.800000000000068,0.0,403.0,420.517091207611,411.0849822591181,1.185058870854276,PILOT_DESC_MINPAY_ACC,caténaire,,16.046120214526024,0.5,16.046120214526024,0.3503474842229831,-0.9366197949534415,0.03588722701683291,-0.999355846001334,29.86188477459793,-408.32161442675283,0.0,-25.0,-0.017943613508416455,0.499677923000667,0.009368738169712561,33.32932253058117,8.829000000000008,-0.008574875338703894,4.535818334261421e-07,5.621717848698746,-15.029113825127638,0.017943613508416455,-0.499677923000667,0.2591985259524582,0.0,-5.551115123125783e-17,5.639661462207163,-15.269593222175846
23.90000000000007,0.0,403.0,420.635501713098,411.2359516331365,1.1841050548703231,PILOT_DESC_MINPAY_ACC,caténaire,,15.911774275741454,0.5,15.911774275741454,0.36310701961196795,-0.9317474401942373,0.03585649115170262,-0.9993569492640195,29.86075794379384,-408.37229124698433,0.0,-25.0,-0.01792824557585131,0.49967847463200976,0.00941644865431283,33.329322331693,8.829000000000008,-0.00851179692153848,8.063250049872295e-07,5.7776769340028595,-14.825754950370614,0.01792824557585131,-0.49967847463200976,0.25927151187650554,0.0,0.0,5.795605179578711,-15.066161913126118
24.00000000000007,0.0,403.0,420.7537994907672,411.30773241968933,1.1829777766920226,PILOT_DESC_MINPAY_ACC,caténaire,,15.941101935670318,0.5,15.941101935670318,0.35768187542797125,-0.9338434965187311,0.03586863901104062,-0.9993565133302007,29.85962827572411,-408.4229680669471,0.0,-25.0,-0.01793431950552031,0.49967825666510035,0.009463928012642144,33.329321978180495,8.829000000000008,-0.008470391492878166,2.348455865330834e-07,5.701843236739022,-14.886494369967883,0.01793431950552031,-0.49967825666510035,0.25934442831732674,0.0,-5.551115123125783e-17,5.7197775562445425,-15.126828198315657
24.100000000000072,0.0,403.0,420.8720016638904,411.8050461976492,1.1820217312317864,PILOT_DESC_MINPAY_ACC,caténaire,,16.001920868263664,0.5,16.001920868263664,0.33459356495423476,-0.9423625344267546,0.035834105578503195,-0.9993577521975744,29.85849578419055,-408.47364488683155,0.0,-25.0,-0.017917052789251597,0.4996788760987872,0.009511294937717662,33.32932187522223,8.829000000000008,-0.008405757851533935,7.513210036336204e-07,5.354139749427903,-15.07961070511332,0.017917052789251597,-0.4996788760987872,0.259417285829372,0.0,0.0,5.372056802217155,-15.319872295382735
24.200000000000074,0.0,403.0,420.99012994179424,411.7210962021948,1.1812827790383056,PILOT_DESC_MINPAY_ACC,caténaire,,15.861926546333022,0.5,15.861926546333022,0.3272321391344744,-0.9449439809414504,0.035822148564407755,-0.999358180870217,29.857360490737705,-408.52432170646557,0.0,-25.0,-0.017911074282203877,0.4996790904351085,0.009558417317704695,33.32932154578565,8.829000000000008,-0.008352656964499182,6.362207543020304e-07,5.190532154550461,-14.988632016092797,0.017911074282203877,-0.4996790904351085,0.25949009779384663,0.0,5.551115123125783e-17,5.208443228832665,-15.228821008734059
24.300000000000075,0.0,403.0,421.1081637003695,411.54861732774305,1.1803375857529896,PILOT_DESC_MINPAY_ACC,caténaire,,15.88631208275195,0.5,15.88631208275195,0.3402050000166685,-0.9403512949763289,0.03581302635962687,-0.9993585078153708,29.856222413065872,-408.5749985258875,0.0,-25.0,-0.017906513179813434,0.4996792539076854,0.009605357357310733,33.32932126681883,8.829000000000008,-0.0083011558225027,5.207265090234614e-07,5.404602802377427,-14.938714139413896,0.017906513179813434,-0.4996792539076854,0.25956285149845226,0.0,0.0,5.422509315557241,-15.178830541823128
24.400000000000077,0.0,403.0,421.2261172540303,411.45037238764394,1.1795355366078568,PILOT_DESC_MINPAY_ACC,caténaire,,16.10936066768222,0.5,16.10936066768222,0.3480551801624828,-0.9374740484739094,0.03578294584426106,-0.9993595853278772,29.855081568342097,-408.6256753451359,0.0,-25.0,-0.01789147292213053,0.4996797926639386,0.009652121886800287,33.32932103854606,8.829000000000008,-0.008239351035330243,8.312099950558149e-07,5.60694642949255,-15.10210756345841,0.01789147292213053,-0.4996797926639386,0.25963555576631436,0.0,-5.551115123125783e-17,5.62483790241468,-15.342151800356035
24.500000000000078,0.0,403.0,421.3440432184956,412.16134468868825,1.1792596446523704,PILOT_DESC_MINPAY_ACC,caténaire,,16.166857578820213,0.5,16.166857578820213,0.3522928807584276,-0.9358898044999359,0.03576483199643133,-0.9993602337457034,29.853937977167977,-408.6763521641072,0.0,-25.0,-0.017882415998215665,0.4996801168728517,0.009698650536466003,33.32932067404238,8.829000000000008,-0.008183765461749662,7.9091522309227e-07,5.695468829253791,-15.130397178820356,0.017882415998215665,-0.4996801168728517,0.25970824302873485,0.0,0.0,5.7133512452520065,-15.370369052664474
24.60000000000008,0.0,403.0,421.461955837725,411.80991069614913,1.1791261922942722,PILOT_DESC_MINPAY_ACC,caténaire,,15.807188397545266,0.5,15.807188397545266,0.37241539009140984,-0.9280661491634435,0.035746276218527176,-0.9993608976423427,29.852791658072036,-408.72702898281483,0.0,-25.0,-0.017873138109263588,0.49968044882117135,0.009744976035437383,33.32932032725918,8.829000000000008,-0.008128162073826205,7.760803484302414e-07,5.886840233320227,-14.6701164652109,0.017873138109263588,-0.49968044882117135,0.25978092206541253,0.0,0.0,5.904713371429491,-14.91001599196666
24.70000000000008,0.0,403.0,421.5797844982078,411.65065457208016,1.178286604827875,PILOT_DESC_MINPAY_ACC,caténaire,,15.956408497392518,0.5,15.956408497392518,0.3765737011001453,-0.9263866620584184,0.03574747471599086,-0.9993608547724037,29.85164262958874,-408.7777058012638,0.0,-25.0,-0.01787373735799543,0.49968042738620183,0.009791096033458164,33.32931998698098,8.829000000000008,-0.008082641324537265,4.1436717168608084e-07,6.008763804128909,-14.781804006340037,0.01787373735799543,-0.49968042738620183,0.25985354935155774,0.0,5.551115123125783e-17,6.026637541486905,-15.021630884374682
24.800000000000082,0.0,403.0,421.69756742578346,411.8826187839862,1.1778292757564903,PILOT_DESC_MINPAY_ACC,caténaire,,15.767478881351106,0.5,15.767478881351106,0.35879784858489433,-0.9334152901312746,0.03573758266008527,-0.9993612085655583,29.850490906891665,-408.8283826195746,0.0,-25.0,-0.017868791330042634,0.49968060428277916,0.009837065707802723,33.32931980528991,8.829000000000008,-0.00803172562223991,4.0957268510055655e-07,5.657337500236533,-14.717605874675087,0.017868791330042634,-0.49968060428277916,0.2599261484488318,0.0,-5.551115123125783e-17,5.6752062915665755,-14.957360330509035
24.900000000000084,0.0,403.0,421.8152713938943,411.96658435429043,1.1770396811085075,PILOT_DESC_MINPAY_ACC,caténaire,,15.971221431545306,0.5,15.971221431545306,0.3340564397598358,-0.9425530728054433,0.03571743575849888,-0.999361928824006,29.849336506952717,-408.8790594377489,0.0,-25.0,-0.01785871787924944,0.499680964412003,0.009882852448413288,33.3293196256924,8.829000000000008,-0.007975865430836152,5.901043920175653e-07,5.335289370038013,-15.053723836759179,0.01785871787924944,-0.499680964412003,0.2599986988770331,0.0,5.551115123125783e-17,5.353148087917263,-15.29340610229415
25.000000000000085,0.0,403.0,421.9329450332029,412.0159425612676,1.1767363930854922,PILOT_DESC_MINPAY_ACC,caténaire,,15.933776840837687,0.5,15.933776840837687,0.33989595345275897,-0.9404630459653585,0.03568975861369923,-0.9993629176280736,29.84817944839196,-408.9297362557265,0.0,-25.0,-0.017844879306849616,0.4996814588140368,0.009928425948567453,33.32931936698825,8.829000000000008,-0.007916453358282163,8.258022816676203e-07,5.415826271420015,-14.985128301466498,0.017844879306849616,-0.4996814588140368,0.2600712306111527,0.0,-5.551115123125783e-17,5.433671150726865,-15.22473852966938
25.100000000000087,0.0,403.0,422.0505838740141,412.22513272992626,1.176388408112047,PILOT_DESC_MINPAY_ACC,caténaire,,15.849582780071938,0.5,15.849582780071938,0.3703130391942701,-0.928907020644533,0.03567667407973951,-0.9993633848238628,29.847019751013416,-408.9804130734288,0.0,-25.0,-0.017838337039869756,0.4996816924119314,0.009973763640685094,33.32931900487722,8.829000000000008,-0.007864573399184662,6.972891455347963e-07,5.869307169249608,-14.722788718695519,0.017838337039869756,-0.4996816924119314,0.26014374089615794,0.0,-5.551115123125783e-17,5.887145506289478,-14.962326670211292
25.200000000000088,0.0,403.0,422.168174543852,412.48659154292244,1.1759066983791342,PILOT_DESC_MINPAY_ACC,caténaire,,16.073821067608375,0.5,16.073821067608375,0.3891905081060625,-0.9211572875465649,0.03565435606266249,-0.9993641813141778,29.845857432110407,-409.03108989089867,0.0,-25.0,-0.017827178031331246,0.4996820906570889,0.010018906482688947,33.32931869914275,8.829000000000008,-0.007808271548642299,7.897998344219559e-07,6.255778588508435,-14.80651741514696,0.017827178031331246,-0.4996820906570889,0.26021622148951556,0.0,0.0,6.273605766539767,-15.045983284314532
25.30000000000009,0.0,403.0,422.28576669409523,412.12635734084523,1.175921502432585,PILOT_DESC_MINPAY_ACC,caténaire,,16.068334607957468,0.5,16.068334607957468,0.4001787710943384,-0.916437096131221,0.03563487193583932,-0.9993648762599757,29.844692510450216,-409.0817667081053,0.0,-25.0,-0.01781743596791966,0.49968243812998786,0.010063826990017755,33.32931835288296,8.829000000000008,-0.007753608977901906,7.910129369292918e-07,6.430206396945048,-14.725617907781343,0.01781743596791966,-0.49968243812998786,0.26028870299536616,0.0,0.0,6.448023832912967,-14.965011642915965
25.40000000000009,0.0,403.0,422.4033590661758,412.18648853033704,1.175923720805865,PILOT_DESC_MINPAY_ACC,caténaire,,16.06087749185408,0.5,16.06087749185408,0.4168333305271892,-0.9089829341421163,0.035620437535315845,-0.9993653908505101,29.843525004253696,-409.13244352504825,0.0,-25.0,-0.017810218767657923,0.49968269542525506,0.010108532451454696,33.329318006025005,8.829000000000008,-0.007701686316203226,7.01450254325664e-07,6.694709056118705,-14.599063547442594,0.017810218767657923,-0.49968269542525506,0.2603611846379529,0.0,0.0,6.712519274886363,-14.838385058229896
25.500000000000092,0.0,403.0,422.52095013339084,412.0756138963145,1.1759106721500472,PILOT_DESC_MINPAY_ACC,caténaire,,16.11688851575438,0.5,16.11688851575438,0.40828106509924056,-0.9128562712067161,0.03560639416750862,-0.9993658913002724,29.842354930828407,-409.1831203417574,0.0,-25.0,-0.01780319708375431,0.4996829456501362,0.010153036621329846,33.329317698496055,8.829000000000008,-0.007650160462424463,6.441461835038353e-07,6.580220409297916,-14.712402753945888,0.01780319708375431,-0.4996829456501362,0.260433665476246,0.0,-1.1102230246251565e-16,6.598023606381671,-14.951652034119778
25.600000000000094,0.0,403.0,422.6385512154715,412.35907966758305,1.1760108208070608,PILOT_DESC_MINPAY_ACC,caténaire,,16.04798314575084,0.5,16.04798314575084,0.37340260660458724,-0.9276693879722991,0.035587820211978635,-0.9993665528986649,29.84118230734963,-409.23379715825183,0.0,-25.0,-0.017793910105989318,0.49968327644933247,0.010197339823204827,33.329317416089836,8.829000000000008,-0.007596570282784491,6.925391602408126e-07,5.992358737369848,-14.887222703008455,0.017793910105989318,-0.49968327644933247,0.26050615248750686,0.0,0.0,6.010152647475837,-15.12639982697028
25.700000000000095,0.0,403.0,422.7561475170311,412.7666752918943,1.1759630155957388,PILOT_DESC_MINPAY_ACC,caténaire,,15.701982196034352,0.5,15.701982196034352,0.33697066362875183,-0.9415151469060912,0.03557908291853548,-0.9993668639987401,29.84000715168076,-409.28447397451544,0.0,-25.0,-0.01778954145926774,0.49968343199937004,0.01024142811453504,33.32931711244893,8.829000000000008,-0.007548113344732701,5.444482980010434e-07,5.291107360884542,-14.78365407401611,0.01778954145926774,-0.49968343199937004,0.26057863655214775,0.0,0.0,5.30889690234381,-15.022758869463333
25.800000000000097,0.0,403.0,422.8736703032406,413.2797041022878,1.175227862095396,PILOT_DESC_MINPAY_ACC,caténaire,,15.640116949492775,0.5,15.640116949492775,0.32378080049980207,-0.9461321225007147,0.03556548172393469,-0.9993673481306783,29.838829479974105,-409.33515079059754,0.0,-25.0,-0.017782740861967346,0.49968367406533915,0.010285329370398449,33.32931687370838,8.829000000000008,-0.007497411491568897,5.477737090586743e-07,5.0639695858172935,-14.797617045583001,0.017782740861967346,-0.49968367406533915,0.260651075303362,0.0,5.551115123125783e-17,5.081752326679261,-15.036649644344978
25.900000000000098,0.0,403.0,422.99111454002394,414.188523467639,1.1744423678332212,PILOT_DESC_MINPAY_ACC,caténaire,,15.675839515901615,0.5,15.675839515901615,0.33673915431878965,-0.9415979725703887,0.03554207657708543,-0.9993681807985426,29.83764930913029,-409.38582760649706,0.0,-25.0,-0.017771038288542713,0.4996840903992713,0.010329028683938552,33.3293166335472,8.829000000000008,-0.007442009604604161,7.239464636654702e-07,5.278668941821775,-14.760338706511744,0.017771038288542713,-0.4996840903992713,0.26072346563824333,0.0,5.551115123125783e-17,5.296439980110318,-14.999299331272772
26.0000000000001,0.0,403.0,423.1084952144046,412.5834638901365,1.1738067438066466,PILOT_DESC_MINPAY_ACC,caténaire,,15.618449519554764,0.5,15.618449519554764,0.36753408608324856,-0.9300100513257646,0.03553188254166598,-0.9993685432927361,29.8364666576166,-409.4365044221553,0.0,-25.0,-0.01776594127083299,0.49968427164636803,0.01037249669456653,33.32931631614863,8.829000000000008,-0.007393444576266459,5.877949860177978e-07,5.740312570206912,-14.525315039309989,0.01776594127083299,-0.49968427164636803,0.26079581679450053,0.0,-5.551115123125783e-17,5.758078511477745,-14.764203494161857
26.1000000000001,0.0,403.0,423.2258071923264,412.94799269615095,1.173119779217655,PILOT_DESC_MINPAY_ACC,caténaire,,15.829563792034762,0.5,15.829563792034762,0.38422023974982084,-0.9232414675298062,0.03552941658207301,-0.9993686309652398,29.835281541621388,-409.48718123761756,0.0,-25.0,-0.017764708291036505,0.4996843154826199,0.01041577142236492,33.329316058416495,8.829000000000008,-0.007348936868671585,3.738991054547114e-07,6.082038795310679,-14.614509705714857,0.017764708291036505,-0.4996843154826199,0.2608681256076015,0.0,5.551115123125783e-17,6.0998035036017155,-14.853325895589876
26.200000000000102,0.0,403.0,423.34309955412124,413.33351605077394,1.1729236179483844,PILOT_DESC_MINPAY_ACC,caténaire,,15.745725583042134,0.5,15.745725583042134,0.3779415158468391,-0.9258294716627861,0.03552288042145354,-0.9993688633165249,29.834093975980554,-409.5378580529552,0.0,-25.0,-0.01776144021072677,0.49968443165826243,0.01045887491395456,33.329315894445934,8.829000000000008,-0.00730256529677221,3.26104185432996e-07,5.950963394963298,-14.577856797495112,0.01776144021072677,-0.49968443165826243,0.26094042232970477,0.0,-5.551115123125783e-17,5.968724835174025,-14.81660080682367
26.300000000000104,0.0,403.0,423.4603574817131,412.9829539750757,1.172579275919059,PILOT_DESC_MINPAY_ACC,caténaire,,15.576353955208404,0.5,15.576353955208404,0.34368904298627984,-0.9390835115851919,0.03550686992600352,-0.9993694322862081,29.83290397615129,-409.5885348681841,0.0,-25.0,-0.01775343496300176,0.49968471614310406,0.010501794586510346,33.32931575148572,8.829000000000008,-0.007251640376491415,4.6762881567019576e-07,5.353422184081131,-14.627497169951,0.01775343496300176,-0.49968471614310406,0.2610126978272375,0.0,5.551115123125783e-17,5.371175619044132,-14.866169188266868
26.400000000000105,0.0,403.0,423.5775505322704,412.70175441215054,1.1719305055723435,PILOT_DESC_MINPAY_ACC,caténaire,,15.492742647431877,0.5,15.492742647431877,0.3214091170125677,-0.9469404308092467,0.03549292116261798,-0.9993699277781696,29.831711559108566,-409.6392116832572,0.0,-25.0,-0.01774646058130899,0.4996849638890848,0.010544501922414174,33.32931554646644,8.829000000000008,-0.007201958658894815,5.103555196228626e-07,4.97950873441403,-14.670704396975932,0.01774646058130899,-0.4996849638890848,0.2610849333358326,0.0,0.0,4.997255194995339,-14.909304427529184
26.500000000000107,0.0,403.0,423.6946684594335,412.7863523843405,1.1711792716311014,PILOT_DESC_MINPAY_ACC,caténaire,,15.55186218344831,0.5,15.55186218344831,0.3089185018714385,-0.9510885128112453,0.035471413154792714,-0.9993706914097502,29.830516741412954,-409.68988849816014,0.0,-25.0,-0.017735706577396357,0.4996853457048751,0.01058700243975203,33.32931532267988,8.829000000000008,-0.007148704137644327,6.683847502131357e-07,4.804257967021931,-14.7911974755013,0.017735706577396357,-0.4996853457048751,0.26115712253983403,0.0,-1.1102230246251565e-16,4.821993673599327,-15.029725698666342
26.600000000000108,0.0,403.0,423.811730587773,412.4332764777573,1.1706212833952572,PILOT_DESC_MINPAY_ACC,caténaire,,15.652599728665496,0.5,15.652599728665496,0.30427074776840796,-0.9525855930321716,0.03544817895284242,-0.999371515808274,29.829319540815963,-409.7405653128403,0.0,-25.0,-0.01772408947642121,0.499685757904137,0.01062927322213257,33.329315029656335,8.829000000000008,-0.007094816254288639,7.875604666196523e-07,4.76262822396063,-14.91044099502603,0.01772408947642121,-0.499685757904137,0.2612292773505299,0.0,0.0,4.780352313437051,-15.148897475579638
26.70000000000011,0.0,403.0,423.9287626331343,413.08620330724193,1.1703204536129657,PILOT_DESC_MINPAY_ACC,caténaire,,15.3206554270531,0.5,15.3206554270531,0.3035719215083906,-0.9528085266577453,0.03543318468536502,-0.9993720475493864,29.82811997528022,-409.79124212725793,0.0,-25.0,-0.01771659234268251,0.4996860237746932,0.010671308631195543,33.3293146842938,8.829000000000008,-0.007045283711486968,7.080684838456364e-07,4.650920806758462,-14.597651124881455,0.01771659234268251,-0.4996860237746932,0.2613014136186653,0.0,0.0,4.6686373991011445,-14.836035735037482
26.80000000000011,0.0,403.0,424.04570120354157,413.11627136981383,1.1693857040728473,PILOT_DESC_MINPAY_ACC,caténaire,,15.432552164790366,0.5,15.432552164790366,0.2672517206684185,-0.9636267523267346,0.03544108546166159,-0.9993717673925451,29.826918061316576,-409.84191894143953,0.0,-25.0,-0.017720542730830794,0.49968588369627254,0.010713132657239605,33.32931437384884,8.829000000000008,-0.007007410073591189,2.5754510346587267e-07,4.124376120345352,-14.871220122669857,0.017720542730830794,-0.49968588369627254,0.2613734922706637,0.0,0.0,4.142096663076183,-15.109532514095466
26.900000000000112,0.0,403.0,424.1625780145533,413.16524642887026,1.1687681101169443,PILOT_DESC_MINPAY_ACC,caténaire,,15.486387209115266,0.5,15.486387209115266,0.2573946356018917,-0.9663063704454035,0.035396808114799644,-0.9993733366341548,29.825713811549573,-409.8925957555353,0.0,-25.0,-0.017698404057399822,0.4996866683170774,0.010754812989840214,33.32931426094617,8.829000000000008,-0.006943591067559608,9.292632370261344e-07,3.9861129924800203,-14.964594615352294,0.017698404057399822,-0.4996866683170774,0.26144553285537636,0.0,-5.551115123125783e-17,4.0038113965374205,-15.202835750813994
27.000000000000114,0.0,403.0,424.27940999794606,413.5615287960874,1.1683198339280114,PILOT_DESC_MINPAY_ACC,caténaire,,15.346534011680022,0.5,15.346534011680022,0.2717272103625746,-0.962374315507523,0.03540462692239054,-0.9993730596691539,29.824507247252214,-409.9432725693213,0.0,-25.0,-0.01770231346119527,0.49968652983457695,0.010796193545550632,33.32931385352456,8.829000000000008,-0.006906119915644639,3.833591293300742e-07,4.170070875728183,-14.769110164903482,0.01770231346119527,-0.49968652983457695,0.26151754580921976,0.0,0.0,4.187773189189379,-15.00727914892884
27.100000000000115,0.0,403.0,424.3961736548089,413.1140163879492,1.1676365686278651,PILOT_DESC_MINPAY_ACC,caténaire,,15.29292644345032,0.5,15.29292644345032,0.3196223000427178,-0.9475450307586457,0.03541078939025846,-0.9993728413333829,29.82329838091488,-409.99394938297957,0.0,-25.0,-0.01770539469512923,0.49968642066669144,0.010837429604510854,33.32931368544165,8.829000000000008,-0.0068679650906183776,1.0610833101054595e-07,4.887960324239692,-14.49073645724884,0.01770539469512923,-0.49968642066669144,0.261589516647924,0.0,0.0,4.905665718934821,-14.728833361267608
27.200000000000117,0.0,403.0,424.5128650853623,413.3874228580534,1.1669143055344458,PILOT_DESC_MINPAY_ACC,caténaire,,15.403657517299862,0.5,15.403657517299862,0.3518054310088326,-0.9360731481634806,0.03538465973810586,-0.9993737668436263,29.822087225255853,-410.04462619660245,0.0,-25.0,-0.01769232986905293,0.49968688342181317,0.01087851579342039,33.32931363893472,8.829000000000008,-0.00681381407563254,5.223565295864319e-07,5.4190903719861225,-14.418950185450946,0.01769232986905293,-0.49968688342181317,0.261661442967741,0.0,5.551115123125783e-17,5.436782701855176,-14.656975625905018
27.300000000000118,0.0,403.0,424.629513647641,413.07242946263915,1.1664856227865459,PILOT_DESC_MINPAY_ACC,caténaire,,15.420129999188001,0.5,15.420129999188001,0.3678435491924984,-0.9298876939273183,0.03534917369910834,-0.9993750226610579,29.820873798325465,-410.0953030100512,0.0,-25.0,-0.01767458684955417,0.49968751133052897,0.01091935485253531,33.32931340991427,8.829000000000008,-0.0067552319970188585,9.212447906747911e-07,5.672195347911032,-14.33898912500439,0.01767458684955417,-0.49968751133052897,0.2617333428643904,0.0,5.551115123125783e-17,5.689869934760586,-14.57694329347053
27.40000000000012,0.0,403.0,424.7461269122806,413.0429799205699,1.1661326463963508,PILOT_DESC_MINPAY_ACC,caténaire,,15.11232890517713,0.5,15.11232890517713,0.3635329850542989,-0.9315813269798353,0.035330249186582924,-0.9993756918658837,29.81965811965108,-410.14597982319293,0.0,-25.0,-0.017665124593291462,0.49968784593294185,0.010959918325442257,33.329313006006856,8.829000000000008,-0.006705206267849205,8.519397880490942e-07,5.4938300380214065,-14.078363415240633,0.017665124593291462,-0.49968784593294185,0.26180522100426407,0.0,-1.1102230246251565e-16,5.511495162614698,-14.31624604016931
27.50000000000012,0.0,403.0,424.8626468382725,412.8696723597727,1.1651992599191041,PILOT_DESC_MINPAY_ACC,caténaire,,15.14600885519952,0.5,15.14600885519952,0.33391859153968967,-0.9426019171549301,0.035309007959247234,-0.9993764425665306,29.81844020590794,-410.19665663605065,0.0,-25.0,-0.017654503979623617,0.4996882212832653,0.011000255776573247,33.32931263245604,8.829000000000008,-0.00665424820305037,8.537392943708255e-07,5.0575339443758915,-14.276656984156617,0.017654503979623617,-0.4996882212832653,0.26187704161201736,0.0,-5.551115123125783e-17,5.075188448355515,-14.514468163827864
27.600000000000122,0.0,403.0,424.97908948504676,412.907828557512,1.1644264677423208,PILOT_DESC_MINPAY_ACC,caténaire,,15.119782860294071,0.5,15.119782860294071,0.3134193897529713,-0.9496148093447548,0.035293372574692686,-0.9993769948584487,29.817220074082066,-410.2473334486238,0.0,-25.0,-0.017646686287346343,0.49968849742922433,0.01104035992335039,33.329312258157536,8.829000000000008,-0.006606326363995952,7.555867540531835e-07,4.7388331172708025,-14.357969718212246,0.017646686287346343,-0.49968849742922433,0.26194881458636954,0.0,0.0,4.756479803558149,-14.5957094010551
27.700000000000124,0.0,403.0,425.0954573250302,413.07888148878106,1.1636783998347964,PILOT_DESC_MINPAY_ACC,caténaire,,15.2930779535813,0.5,15.2930779535813,0.29502727867440814,-0.9554888303051862,0.03528134221817408,-0.9993774196424912,29.815997740147402,-410.2980102609451,0.0,-25.0,-0.01764067110908704,0.4996887098212456,0.011080247437903198,33.329311926851766,8.829000000000008,-0.006560423671183844,6.36673000542487e-07,4.5118751712006775,-14.612365165633426,0.01764067110908704,-0.4996887098212456,0.26202054145127623,0.0,-5.551115123125783e-17,4.529515842309764,-14.850033334003395
27.800000000000125,0.0,403.0,425.2117924877496,413.5046293010877,1.163351627194044,PILOT_DESC_MINPAY_ACC,caténaire,,15.303348628498343,0.5,15.303348628498343,0.30766243679361976,-0.9514955727622761,0.035285112873923705,-0.9993772865186974,29.81477321940485,-410.3486870730541,0.0,-25.0,-0.017642556436961852,0.4996886432593487,0.0111199289789692,33.329311647660674,8.829000000000008,-0.006522627457992652,2.909200134126877e-07,4.708265530146099,-14.561068468453824,0.017642556436961852,-0.4996886432593487,0.2620922481745552,0.0,-5.551115123125783e-17,4.725908086583061,-14.798664863538617
27.900000000000126,0.0,403.0,425.3281002850158,413.4614027380015,1.1630779726617837,PILOT_DESC_MINPAY_ACC,caténaire,,15.286306438003177,0.5,15.286306438003177,0.35234818149871816,-0.9358689860202369,0.035272972868501715,-0.999377715073244,29.81354652445314,-410.3993638850662,0.0,-25.0,-0.017636486434250857,0.499688857536622,0.011159452221706298,33.3293115201031,8.829000000000008,-0.00647703421254456,3.7763970794912893e-07,5.386102275262568,-14.305980106128652,0.017636486434250857,-0.499688857536622,0.26216393803030297,0.0,5.551115123125783e-17,5.403738761696818,-14.543505025634971
28.000000000000128,0.0,403.0,425.44438003499386,413.1414324169216,1.16279749978063,PILOT_DESC_MINPAY_ACC,caténaire,,15.122798503824477,0.5,15.122798503824477,0.38274873601412746,-0.9238524801501525,0.035244090372346756,-0.9993787340612296,29.812317670490028,-410.4500406969524,0.0,-25.0,-0.017622045186173378,0.4996893670306148,0.011198768576673436,33.32931135456237,8.829000000000008,-0.006423276609499942,7.215929755943762e-07,5.788232012335157,-13.97123490456926,0.017622045186173378,-0.4996893670306148,0.26223561059824996,0.0,0.0,5.80585405752133,-14.208688661001624
28.10000000000013,0.0,403.0,425.56060183099646,414.2828058324416,1.1622179600262197,PILOT_DESC_MINPAY_ACC,caténaire,,15.15627479150441,0.5,15.15627479150441,0.395100475600033,-0.9186379124446299,0.03524512168223436,-0.9993786976905223,29.811086675434712,-410.50071750859803,0.0,-25.0,-0.01762256084111718,0.49968934884526117,0.011237826895190903,33.329311038135835,8.829000000000008,-0.006384733945926275,3.8698108539847453e-07,5.988251378448183,-13.92312863490478,0.01762256084111718,-0.49968934884526117,0.2623072474444978,0.0,-5.551115123125783e-17,6.0058739392893,-14.160510736305541
28.20000000000013,0.0,403.0,425.6767781539733,415.80232402759265,1.1617632297685547,PILOT_DESC_MINPAY_ACC,caténaire,,14.880488618630823,0.5,14.880488618630823,0.3752194739278433,-0.9269359990772355,0.03523737658928456,-0.9993789708069231,29.809853552134747,-410.5513943201147,0.0,-25.0,-0.01761868829464228,0.49968948540346153,0.011276718228747958,33.32931086848276,8.829000000000008,-0.006341970065894322,3.538862145546773e-07,5.583449111271918,-13.793260584467992,0.01761868829464228,-0.49968948540346153,0.26237885626206026,0.0,-5.551115123125783e-17,5.60106779956656,-14.030571213609393
28.300000000000132,0.0,403.0,425.79285838439665,414.7265027539728,1.1608023042333633,PILOT_DESC_MINPAY_ACC,caténaire,,14.779053565886942,0.5,14.779053565886942,0.3355099791640479,-0.9420366520902146,0.03522691630993064,-0.9993793395739642,29.80861831484476,-410.6020711315134,0.0,-25.0,-0.01761345815496532,0.4996896697869821,0.011315415581637015,33.32931071333506,8.829000000000008,-0.006298042573328305,3.831220354300058e-07,4.958519953955076,-13.922410142270083,0.01761345815496532,-0.4996896697869821,0.26245040585004853,0.0,0.0,4.976133412110041,-14.159649406207016
28.400000000000134,0.0,403.0,425.90883183502524,414.3520996380812,1.1597345062860194,PILOT_DESC_MINPAY_ACC,caténaire,,14.771045960182494,0.5,14.771045960182494,0.3113447457692979,-0.9502970321335595,0.03520639099709526,-0.9993800628554482,29.807380978207252,-410.6527479427844,0.0,-25.0,-0.01760319549854763,0.4996900314277241,0.01135391049472973,33.329310545326926,8.829000000000008,-0.006249285003817899,5.767546440438309e-07,4.598887549219633,-14.036881137469829,0.01760319549854763,-0.4996900314277241,0.2625218896210558,0.0,0.0,4.61649074471818,-14.274049279276497
28.500000000000135,0.0,403.0,426.02470757294185,414.3907598269816,1.1587573791661145,PILOT_DESC_MINPAY_ACC,caténaire,,14.850894257763743,0.5,14.850894257763743,0.3095155384639208,-0.9508943850130723,0.03518899025523418,-0.999380675701115,29.806141558474742,-410.70342475386315,0.0,-25.0,-0.01759449512761709,0.4996903378505575,0.011392172003054547,33.32931029245486,8.829000000000008,-0.006202323124562542,6.30305414972554e-07,4.596582532862494,-14.121631962130422,0.01759449512761709,-0.4996903378505575,0.26259331316385504,0.0,0.0,4.614177027990111,-14.358728986817125
28.600000000000136,0.0,403.0,426.14051132981814,413.87265053186024,1.1580375687628228,PILOT_DESC_MINPAY_ACC,caténaire,,14.973122635091178,0.5,14.973122635091178,0.33727192811151946,-0.9414072692028345,0.035189136651260194,-0.9993806705463834,29.80490007130119,-410.7541015647318,0.0,-25.0,-0.017594568325630097,0.4996903352731917,0.01143020962192144,33.32931001610504,8.829000000000008,-0.006164358703708657,3.5137822607111957e-07,5.050013940987436,-14.095806491340335,0.017594568325630097,-0.4996903352731917,0.26266469233894607,0.0,5.551115123125783e-17,5.067608509313066,-14.33283213427458
28.700000000000138,0.0,403.0,426.2562747402913,413.8326142420534,1.1576341047318235,PILOT_DESC_MINPAY_ACC,caténaire,,14.931625495891524,0.5,14.931625495891524,0.3504643173047397,-0.9365760846274704,0.03516984110065807,-0.9993813497744264,29.803656529341403,-410.8047783754833,0.0,-25.0,-0.017584920550329036,0.4996906748872132,0.01146807722826341,33.32930986200412,8.829000000000008,-0.006116843322065626,5.368913278402943e-07,5.2330019356676685,-13.984603344065794,0.017584920550329036,-0.4996906748872132,0.26273604664530187,0.0,-5.551115123125783e-17,5.250586856217997,-14.221557972307707
28.80000000000014,0.0,403.0,426.3719935305377,413.86200155853066,1.1571879024634746,PILOT_DESC_MINPAY_ACC,caténaire,,14.93252153809285,0.5,14.93252153809285,0.36005521821672876,-0.9329309941442098,0.03515382602182887,-0.9993819132423936,29.80241094843384,-410.85545518605585,0.0,-25.0,-0.017576913010914436,0.4996909566211968,0.0115057148486337,33.329309626628245,8.829000000000008,-0.006071198162280736,5.832494309743197e-07,5.376532300924024,-13.931012163612786,0.017576913010914436,-0.4996909566211968,0.26280737344862093,0.0,0.0,5.394109213934938,-14.167895746785362
28.90000000000014,0.0,403.0,426.4876723328657,414.1708292339036,1.1567880232802719,PILOT_DESC_MINPAY_ACC,caténaire,,14.821568646009803,0.5,14.821568646009803,0.33810624243724563,-0.9411079474879417,0.03515039167153071,-0.9993820340417061,29.80116334379356,-410.906131996434,0.0,-25.0,-0.017575195835765355,0.49969101702085306,0.01154313258193674,33.329309370914935,8.829000000000008,-0.006032063253828615,3.8793577772366916e-07,5.011264881928069,-13.948696046997917,0.017575195835765355,-0.49969101702085306,0.2628786756041677,0.0,5.551115123125783e-17,5.028840077763834,-14.185508388414602
29.000000000000142,0.0,403.0,426.60329294667986,413.8648551270967,1.1562061381414888,PILOT_DESC_MINPAY_ACC,caténaire,,14.779177980918366,0.5,14.779177980918366,0.31484917028708626,-0.9491417175372356,0.03514259471082933,-0.9993823082469443,29.79991372846553,-410.95680880668283,0.0,-25.0,-0.017571297355414666,0.49969115412347215,0.011580369279071525,33.32930920081324,8.829000000000008,-0.005990928076343141,3.5493670935693444e-07,4.653211924817322,-14.027534372597351,0.017571297355414666,-0.49969115412347215,0.26294994189345045,0.0,5.551115123125783e-17,4.670783222172736,-14.264275584827372
29.100000000000144,0.0,403.0,426.7188527039954,414.90355681016376,1.155597573155773,PILOT_DESC_MINPAY_ACC,caténaire,,14.673423855966872,0.5,14.673423855966872,0.3234128324969616,-0.9462579668231555,0.03510470866350646,-0.9993836397648556,29.79866211616147,-411.00748561681337,0.0,-25.0,-0.01755235433175323,0.4996918198824278,0.011617411395340995,33.32930904521693,8.829000000000008,-0.005934942936412236,8.65099352154175e-07,4.745573571686735,-13.884844224281599,0.01755235433175323,-0.4996918198824278,0.26302117067197545,0.0,5.551115123125783e-17,4.763125926018488,-14.12151487349205
29.200000000000145,0.0,403.0,426.8343365310395,414.3989199072315,1.154838270440838,PILOT_DESC_MINPAY_ACC,caténaire,,14.742590226703676,0.5,14.742590226703676,0.35924228424082016,-0.9332443309302435,0.0351136832152043,-0.9993833244811834,29.797408525543098,-411.05816242665554,0.0,-25.0,-0.01755684160760215,0.4996916622405917,0.0116541656756983,33.329308665908854,8.829000000000008,-0.005902675931903849,3.281494400653173e-07,5.296161788667419,-13.758438752298819,0.01755684160760215,-0.4996916622405917,0.26309235264856345,0.0,-1.1102230246251565e-16,5.313718630275021,-13.995038061890847
29.300000000000146,0.0,403.0,426.9497658456385,414.99465231600783,1.154293145990221,PILOT_DESC_MINPAY_ACC,caténaire,,14.718742111180184,0.5,14.718742111180184,0.38164249480684714,-0.924310016259483,0.03509737023713931,-0.9993838975100795,29.796152967366083,-411.10883923638835,0.0,-25.0,-0.017548685118569655,0.49969194875503975,0.011690777706794577,33.32930852205143,8.829000000000008,-0.005857907411775078,4.7080646226049794e-07,5.617297459729405,-13.604680760104092,0.017548685118569655,-0.49969194875503975,0.2631635010247444,0.0,1.1102230246251565e-16,5.634846144847975,-13.841209207834387
29.400000000000148,0.0,403.0,427.06514132103956,414.3222566657542,1.1537547540101887,PILOT_DESC_MINPAY_ACC,caténaire,,14.811486510573133,0.5,14.811486510573133,0.3941293306940533,-0.9190549878471134,0.035074625900189955,-0.9993846960094804,29.794895456553263,-411.1595160459642,0.0,-25.0,-0.017537312950094978,0.4996923480047402,0.011727168823373746,33.32930831561153,8.829000000000008,-0.005810144126721232,6.636162623863129e-07,5.837641264996188,-13.612570554972473,0.017537312950094978,-0.4996923480047402,0.26323461621549477,0.0,-5.551115123125783e-17,5.855178577946283,-13.849028286761719
29.50000000000015,0.0,403.0,427.1804868817759,414.34196063702973,1.1534556073632563,PILOT_DESC_MINPAY_ACC,caténaire,,14.811352055545836,0.5,14.811352055545836,0.4123132137287618,-0.9110421580720952,0.035046481664307995,-0.9993856833690151,29.793636009025736,-411.21019285531884,0.0,-25.0,-0.017523240832153997,0.49969284168450756,0.01176331908119078,33.329308024606796,8.829000000000008,-0.005759921750963218,8.662912946988399e-07,6.106916165690206,-13.493766140650042,0.017523240832153997,-0.49969284168450756,0.2633057129674298,0.0,0.0,6.1244394065223595,-13.73015326936712
29.60000000000015,0.0,403.0,427.2958054842701,414.62410432426395,1.153186024941811,PILOT_DESC_MINPAY_ACC,caténaire,,14.763926612324127,0.5,14.763926612324127,0.4024956340814688,-0.9154219052138507,0.035049590167979996,-0.9993855743550918,29.79237464152429,-411.2608696643847,0.0,-25.0,-0.017524795083989998,0.4996927871775459,0.011799211772983395,33.32930764477534,8.829000000000008,-0.0057255833110066035,4.319528770224679e-07,5.942416003359671,-13.515221827891224,0.017524795083989998,-0.4996927871775459,0.26337679310283063,0.0,-5.551115123125783e-17,5.959940798443661,-13.75153782196594
29.700000000000152,0.0,403.0,427.41109033122376,414.7802034203736,1.1528484695367052,PILOT_DESC_MINPAY_ACC,caténaire,,14.68452354160705,0.5,14.68452354160705,0.3618855835599147,-0.9322225187215228,0.03502246639366547,-0.9993865252482168,29.791111365495077,-411.3115464733066,0.0,-25.0,-0.017511233196832735,0.4996932626241084,0.011834944673507606,33.329307455383,8.829000000000008,-0.00567628852332513,7.180071008860978e-07,5.314117371153772,-13.689243522182421,0.017511233196832735,-0.4996932626241084,0.2634478524319752,0.0,5.551115123125783e-17,5.3316286043506045,-13.925488932374554
29.800000000000153,0.0,403.0,427.52632890964475,414.71014628647555,1.1523857842096636,PILOT_DESC_MINPAY_ACC,caténaire,,14.782723964217649,0.5,14.782723964217649,0.3357770050769822,-0.9419415071338201,0.03501202013145539,-0.9993868912720011,29.789846197369688,-411.36222328198915,0.0,-25.0,-0.017506010065727697,0.49969344563600054,0.011870423258874472,33.32930714060142,8.829000000000008,-0.005635586806853225,5.862374123921654e-07,4.963698779584736,-13.924461290398412,0.017506010065727697,-0.49969344563600054,0.26351888324209943,0.0,-5.551115123125783e-17,4.981204789650464,-14.160635852792312
29.900000000000155,0.0,403.0,427.6415454786525,415.03094462087853,1.152165690077825,PILOT_DESC_MINPAY_ACC,caténaire,,14.588656502646902,0.5,14.588656502646902,0.3370637582627486,-0.9414818229077986,0.034985732253444014,-0.9993878118821993,29.788579150715364,-411.4129000904763,0.0,-25.0,-0.017492866126722007,0.49969390594109964,0.011905699974905502,33.329306883542266,8.829000000000008,-0.005587166151816505,7.894833586874483e-07,4.917307388786451,-13.734954917887714,0.017492866126722007,-0.49969390594109964,0.2635899004860511,0.0,5.551115123125783e-17,4.934800254913173,-13.971058923342762
30.000000000000156,0.0,403.0,427.7567034179848,415.1300518655212,1.151579393322872,PILOT_DESC_MINPAY_ACC,caténaire,,14.684226655526441,0.5,14.684226655526441,0.3633437846979607,-0.9316551369049397,0.03498217581880359,-0.9993879363765515,29.787310241672323,-411.46357689870024,0.0,-25.0,-0.017491087909401796,0.49969396818827577,0.011940725262941184,33.3293065373573,8.829000000000008,-0.005550362646460612,5.055455645219809e-07,5.335422488381655,-13.680635195097652,0.017491087909401796,-0.49969396818827577,0.2636608815918152,0.0,-5.551115123125783e-17,5.352913576291057,-13.916668281694113
30.100000000000158,0.0,403.0,427.8718276970427,415.76749346487725,1.1512427905793083,PILOT_DESC_MINPAY_ACC,caténaire,,14.690901552824936,0.5,14.690901552824936,0.37574679487323354,-0.926722367347682,0.034982598488939226,-0.9993879215814856,29.7860394825084,-411.5142537067557,0.0,-25.0,-0.017491299244469613,0.4996939607907428,0.01197557077157516,33.3293063157391,8.829000000000008,-0.005515728472894454,2.765298390272619e-07,5.5200591722721795,-13.614387065505662,0.017491299244469613,-0.4996939607907428,0.26373184195004334,0.0,0.0,5.537550471516649,-13.850349184346362
30.20000000000016,0.0,403.0,427.9869230093387,414.91573693213786,1.150953122960004,PILOT_DESC_MINPAY_ACC,caténaire,,14.6114944585359,0.5,14.6114944585359,0.37502286673759483,-0.9270155605079756,0.034954477692872486,-0.9993889055263813,29.784766884768317,-411.564930514719,0.0,-25.0,-0.017477238846436243,0.49969445276319063,0.012010249139811928,33.32930619446221,8.829000000000008,-0.005466989706624315,6.472253986089527e-07,5.479644539160614,-13.545082725338837,0.017477238846436243,-0.49969445276319063,0.26380278445372496,0.0,0.0,5.497121778007051,-13.780974393648302
30.30000000000016,0.0,403.0,428.101976362731,414.7069013966279,1.1505335339231908,PILOT_DESC_MINPAY_ACC,caténaire,,14.549830120977449,0.5,14.549830120977449,0.3937713579516393,-0.9192084190524595,0.03493788464824477,-0.999389485744325,29.783492464698334,-411.61560732246653,0.0,-25.0,-0.017468942324122386,0.4996947428721625,0.012044670553570717,33.329305910710175,8.829000000000008,-0.005424271770551669,6.535823331432766e-07,5.729306364702954,-13.374326342985537,0.017468942324122386,-0.4996947428721625,0.2638737010947574,0.0,0.0,5.746775307027077,-13.610147384762941
30.400000000000162,0.0,403.0,428.2169796129528,414.53141770566015,1.1500325022174636,PILOT_DESC_MINPAY_ACC,caténaire,,14.512990243172693,0.5,14.512990243172693,0.39874734518868477,-0.9170608238851858,0.0349322908768909,-0.9993896812825777,29.78221623653776,-411.6662841299962,0.0,-25.0,-0.01746614543844545,0.49969484064128883,0.012078871685113277,33.329305624116884,8.829000000000008,-0.005387273753332172,4.647581661743061e-07,5.787016330214396,-13.309294789441614,0.01746614543844545,-0.49969484064128883,0.26394458685317357,0.0,5.551115123125783e-17,5.804482475652841,-13.545045043229727
30.500000000000163,0.0,403.0,428.3319303951626,414.8434921572091,1.149507822098105,PILOT_DESC_MINPAY_ACC,caténaire,,14.32920352992961,0.5,14.32920352992961,0.39164332263807833,-0.9201171163678057,0.034934310642423784,-0.9993896106824098,29.78093821261927,-411.71696093737097,0.0,-25.0,-0.017467155321211892,0.4996948053412049,0.012112887530324773,33.32930542036871,8.829000000000008,-0.005354267790887119,2.2570991120574035e-07,5.611936881218913,-13.184545431806214,0.017467155321211892,-0.4996948053412049,0.26401544027133145,0.0,-5.551115123125783e-17,5.629404036540125,-13.420224796876088
30.600000000000165,0.0,403.0,428.4467971917357,416.9063872254163,1.1486679657312138,PILOT_DESC_MINPAY_ACC,caténaire,,14.276665521532806,0.5,14.276665521532806,0.4130409090219496,-0.9107124724490828,0.034933025122212656,-0.9993896556177729,29.779658403944847,-411.7676377446705,0.0,-25.0,-0.017466512561106328,0.49969482780888647,0.012146742363018678,33.329305321373276,8.829000000000008,-0.00531977019808765,1.491821564059137e-07,5.896846904816236,-13.001937355443715,0.017466512561106328,-0.49969482780888647,0.26408624192238234,0.0,5.551115123125783e-17,5.914313417377342,-13.23754594133022
30.700000000000166,0.0,403.0,428.5615778866424,415.0300378002815,1.1478069490667562,PILOT_DESC_MINPAY_ACC,caténaire,,14.491365084356254,0.5,14.491365084356254,0.41376250011077453,-0.9103848601015295,0.03492203492039434,-0.9993900397127333,29.77837682201369,-411.81831455192025,0.0,-25.0,-0.01746101746019717,0.49969501985636666,0.012180425858309467,33.32930525594955,8.829000000000008,-0.005280591601887704,2.758059096663601e-07,5.995983447321229,-13.192719375001857,0.01746101746019717,-0.49969501985636666,0.26415699050204694,0.0,-5.551115123125783e-17,6.013444464781426,-13.428257404356177
30.800000000000168,0.0,403.0,428.6763240230598,414.70854009042563,1.147461364174032,PILOT_DESC_MINPAY_ACC,caténaire,,14.324187234302558,0.5,14.324187234302558,0.3910357396052394,-0.9203754942149337,0.034903863608202176,-0.9993906745138359,29.777093479885334,-411.8689913590781,0.0,-25.0,-0.017451931804101088,0.49969533725691795,0.012213907408565677,33.32930513504651,8.829000000000008,-0.005238024395535411,4.723034194853426e-07,5.601269149409429,-13.183630904998461,0.017451931804101088,-0.49969533725691795,0.26422771778053333,0.0,-1.1102230246251565e-16,5.61872108121353,-13.419098524474846
30.90000000000017,0.0,403.0,428.791005614459,414.5851916499086,1.1468159139914975,PILOT_DESC_MINPAY_ACC,caténaire,,14.367861708999419,0.5,14.367861708999419,0.36507129770636837,-0.9309795634658089,0.034865107267576495,-0.9993920273322279,29.775808391748846,-411.9196681660785,0.0,-25.0,-0.017432553633788248,0.49969601366611394,0.012247164461501833,33.3293049279337,8.829000000000008,-0.005185389172286415,9.415998079020937e-07,5.245293919370058,-13.37618562178139,0.017432553633788248,-0.49969601366611394,0.2642984052747305,0.0,0.0,5.262726473003846,-13.611583230172773
31.00000000000017,0.0,403.0,428.90563784352867,414.6110649193906,1.1463222906965442,PILOT_DESC_MINPAY_ACC,caténaire,,14.271425358190728,0.5,14.271425358190728,0.3650583909818824,-0.9309846245635418,0.03483065442612523,-0.9993932286704007,29.7745215751493,-411.9703449727651,0.0,-25.0,-0.017415327213062614,0.49969661433520035,0.012280131861783792,33.329304515128705,8.829000000000008,-0.005135195351278822,1.1294638966319326e-06,5.209903578279142,-13.286477579081804,0.017415327213062614,-0.49969661433520035,0.26436906234295143,0.0,0.0,5.227318905492204,-13.521805131074053
31.100000000000172,0.0,403.0,429.0202063526386,414.9678762168769,1.1456850910991179,PILOT_DESC_MINPAY_ACC,caténaire,,14.206085064210225,0.5,14.206085064210225,0.39108026198869034,-0.9203565769216068,0.03484367533471198,-0.9993927747833526,29.77323304681797,-412.02102177907517,0.0,-25.0,-0.01742183766735599,0.4996963873916763,0.012312823812897467,33.3293040199272,8.829000000000008,-0.005109013854458522,4.0731887196443495e-07,5.555719468744956,-13.074663821153687,0.01742183766735599,-0.4996963873916763,0.264439680135433,0.0,-5.551115123125783e-17,5.573141306412311,-13.30992052840993
31.200000000000173,0.0,403.0,429.13470443925127,415.16193100953535,1.1449808661266023,PILOT_DESC_MINPAY_ACC,caténaire,,14.18843856247005,0.5,14.18843856247005,0.4004029734283657,-0.9163391614842853,0.034833784606849744,-0.9993931195730555,29.771942815482024,-412.07169858524946,0.0,-25.0,-0.017416892303424872,0.49969655978652777,0.012345392212321952,33.32930384130175,8.829000000000008,-0.00507150009110292,4.0108827192852914e-07,5.681092988718695,-13.001421895105105,0.017416892303424872,-0.49969655978652777,0.264510254520862,0.0,5.551115123125783e-17,5.69850988102212,-13.236608200370771
31.300000000000175,0.0,403.0,429.24913560993224,415.2038751649323,1.1443117068095152,PILOT_DESC_MINPAY_ACC,caténaire,,14.219884538057787,0.5,14.219884538057787,0.39373281526068865,-0.9192249290499537,0.034813798235825574,-0.9993938159966745,29.770650893646046,-412.12237539129006,0.0,-25.0,-0.017406899117912787,0.49969690799833727,0.012377764016539262,33.32930366544279,8.829000000000008,-0.005029135101373525,5.73441113260742e-07,5.598835171851429,-13.071272355594703,0.017406899117912787,-0.49969690799833727,0.2645807876606171,0.0,-1.1102230246251565e-16,5.616242070969342,-13.306388475932424
31.400000000000176,0.0,403.0,429.3635128391802,415.6826146012527,1.1437722924794336,PILOT_DESC_MINPAY_ACC,caténaire,,14.3771288336542,0.5,14.3771288336542,0.39571435764563356,-0.918373642453388,0.03479294239901685,-0.9993945422900902,29.7693572954317,-412.1730521971395,0.0,-25.0,-0.017396471199508424,0.4996972711450451,0.012409907258620895,33.32930341399138,8.829000000000008,-0.004986563940887529,6.851364204862875e-07,5.6892363011979885,-13.203576174984638,0.017396471199508424,-0.4996972711450451,0.2646512875519258,0.0,0.0,5.706632772397497,-13.438622158577758
31.500000000000178,0.0,403.0,429.47787296380784,415.447501818757,1.1436012462764131,PILOT_DESC_MINPAY_ACC,caténaire,,14.212191209870134,0.5,14.212191209870134,0.37262359790443284,-0.9279825721880534,0.03475602477936514,-0.9993958268581754,29.768062035029374,-412.2237290027606,0.0,-25.0,-0.01737801238968257,0.4996979134290877,0.012441819564930153,33.32930311364043,8.829000000000008,-0.004936192824752416,1.0270695085523585e-06,5.295797822727564,-13.18866575536373,0.01737801238968257,-0.4996979134290877,0.2647217769002805,0.0,5.551115123125783e-17,5.313175835117247,-13.423641891892537
31.60000000000018,0.0,403.0,429.5921847006651,415.34741045011737,1.143117368572282,PILOT_DESC_MINPAY_ACC,caténaire,,14.154270722502604,0.5,14.154270722502604,0.320345531844085,-0.9473007654528367,0.034775369564448384,-0.9993951539164355,29.76676512922944,-412.2744058080393,0.0,-25.0,-0.017387684782224192,0.49969757695821776,0.012473449873317152,33.329302663300915,8.829000000000008,-0.00491423490890704,2.402591263717113e-07,4.534257382465258,-13.408351489853393,0.017387684782224192,-0.49969757695821776,0.26479223642335803,0.0,0.0,4.551645067247482,-13.643256830388253
31.70000000000018,0.0,403.0,429.70644129845743,415.4355253082877,1.1425659779232715,PILOT_DESC_MINPAY_ACC,caténaire,,14.097635450802807,0.5,14.097635450802807,0.2847471035826772,-0.9586026742093285,0.0347558654314891,-0.9993958323998094,29.765466585351206,-412.32508261323795,0.0,-25.0,-0.01737793271574455,0.4996979161999047,0.012504979366653303,33.32930255795004,8.829000000000008,-0.0048729533490912465,4.741499353144718e-07,4.014260861980569,-13.514031043167805,0.01737793271574455,-0.4996979161999047,0.2648626619597924,0.0,-5.551115123125783e-17,4.031638794696313,-13.748866297407917
31.800000000000182,0.0,403.0,429.8206369381455,415.22636997183105,1.1419563968810262,PILOT_DESC_MINPAY_ACC,caténaire,,14.06121948797082,0.5,14.06121948797082,0.27505876679132196,-0.9614274152588105,0.03472439198432678,-0.9993969264518071,29.764166417155188,-412.37575941827856,0.0,-25.0,-0.01736219599216339,0.49969846322590356,0.012536283298131215,33.32930235008953,8.829000000000008,-0.004825912694032175,8.133154238976203e-07,3.8676616919433577,-13.5188419077066,0.01736219599216339,-0.49969846322590356,0.26493304992284133,0.0,0.0,3.885023887935521,-13.753607321009662
31.900000000000183,0.0,403.0,429.93477042655076,415.6713538244228,1.1413348840525157,PILOT_DESC_MINPAY_ACC,caténaire,,14.373226014101153,0.5,14.373226014101153,0.3008435603358255,-0.9536735039857531,0.03472378921716017,-0.999396947394979,29.762864640321606,-412.42643622304803,0.0,-25.0,-0.017361894608580085,0.4996984736974895,0.012567323607729016,33.32930199343679,8.829000000000008,-0.004794571000851068,4.6713427792610673e-07,4.324092487593696,-13.707364816447026,0.017361894608580085,-0.4996984736974895,0.2650033995770527,0.0,5.551115123125783e-17,4.341454382202277,-13.942059890567462
32.000000000000185,0.0,403.0,430.0489103744154,416.5243519835811,1.1413994786464627,PILOT_DESC_MINPAY_ACC,caténaire,,14.215501888861382,0.5,14.215501888861382,0.3533914140130526,-0.935475552059943,0.03471519846147172,-0.9993972458416026,29.76156126529769,-412.4771130276618,0.0,-25.0,-0.01735759923073586,0.4996986229208013,0.012598200335210114,33.329301788641864,8.829000000000008,-0.004759398895525745,4.115626595080357e-07,5.023636313409944,-13.298254477291765,0.01735759923073586,-0.4996986229208013,0.26507375321274884,0.0,0.0,5.04099391264068,-13.532879346999819
32.100000000000186,0.0,403.0,430.1630245853675,416.2792676429576,1.1411421095209529,PILOT_DESC_MINPAY_ACC,caténaire,,14.155906014209778,0.5,14.155906014209778,0.3927337486771051,-0.9196522183140908,0.03469072133963527,-0.999398095782124,29.760256303807473,-412.5277898321384,0.0,-25.0,-0.017345360669817636,0.499699047891062,0.01262888802487105,33.32930160822193,8.829000000000008,-0.004716472644946587,6.561129879401051e-07,5.559502034881383,-13.018510368213802,0.017345360669817636,-0.499699047891062,0.26514409098471453,0.0,5.551115123125783e-17,5.576847395551201,-13.253065325120149
32.20000000000019,0.0,403.0,430.2771037084122,416.6584445427789,1.1407912304466086,PILOT_DESC_MINPAY_ACC,caténaire,,13.92646191277975,0.5,13.92646191277975,0.4112531797119211,-0.911521158381326,0.0346951916729036,-0.9993979405996295,29.75894977015971,-412.5784666363963,0.0,-25.0,-0.0173475958364518,0.49969897029981475,0.01265933576103165,33.329301320507106,8.829000000000008,-0.004688260075420151,2.9080691632543676e-07,5.727301743767635,-12.694264694890414,0.0173475958364518,-0.49969897029981475,0.265214407129179,0.0,0.0,5.744649339604087,-12.92874925806105
32.30000000000019,0.0,403.0,430.391105358107,416.11641812959346,1.1400164969479774,PILOT_DESC_MINPAY_ACC,caténaire,,14.136515480826713,0.5,14.136515480826713,0.39288598014789156,-0.9195871935837462,0.034706633481346734,-0.9993975433191695,29.757641673758588,-412.62914344055724,0.0,-25.0,-0.017353316740673367,0.49969877165958476,0.012689637699355888,33.329301193024314,8.829000000000008,-0.004663679041317479,-3.531610559548426e-08,5.554038740560445,-12.999758598066618,0.017353316740673367,-0.49969877165958476,0.26528467552058294,0.0,0.0,5.571392057301119,-13.23417269420562
32.40000000000019,0.0,403.0,430.5050792871709,416.45607670899176,1.1397392906389705,PILOT_DESC_MINPAY_ACC,caténaire,,14.01212332283935,0.5,14.01212332283935,0.3513171734071307,-0.9362565052747159,0.03468721738983125,-0.9993982174037287,29.756332022797785,-412.67982024472997,0.0,-25.0,-0.017343608694915625,0.49969910870186435,0.012719816699796415,33.329301208501704,8.829000000000008,-0.00462379199511921,3.172035576426424e-07,4.922699559212052,-13.11894161371991,0.017343608694915625,-0.49969910870186435,0.26535492682553113,0.0,0.0,4.940043167906968,-13.353285795596245
32.50000000000019,0.0,403.0,430.6190033839789,416.96415075334943,1.1392409680805864,PILOT_DESC_MINPAY_ACC,caténaire,,13.854729263347314,0.5,13.854729263347314,0.32659453640744185,-0.9451645405900542,0.034646826080215576,-0.9993996184923063,29.755020830572985,-412.73049704879696,0.0,-25.0,-0.017323413040107788,0.49969980924615315,0.01274977297360353,33.32930106942957,8.829000000000008,-0.004573640066504257,8.786757135226253e-07,4.524878880813534,-13.094998819191245,0.017323413040107788,-0.49969980924615315,0.2654251474148496,0.0,-5.551115123125783e-17,4.542202293853642,-13.329273481022549
32.60000000000019,0.0,403.0,430.73285114777565,416.34824325090955,1.1384776379675843,PILOT_DESC_MINPAY_ACC,caténaire,,13.843261879480062,0.5,13.843261879480062,0.3270556477168881,-0.9450050810955921,0.03466847740484774,-0.999398867657168,29.753708113801494,-412.78117385257104,0.0,-25.0,-0.01733423870242387,0.499699433828584,0.012779438989083803,33.32930068413994,8.829000000000008,-0.004554799713340068,1.1796851140388753e-07,4.5275169805078574,-13.081952815045575,0.01733423870242387,-0.499699433828584,0.26549532095399014,0.0,0.0,4.5448512192102815,-13.316156927920169
32.700000000000195,0.0,403.0,430.8466279133212,415.5139968486776,1.1377676554553229,PILOT_DESC_MINPAY_ACC,caténaire,,14.128378290630359,0.5,14.128378290630359,0.3594599518371998,-0.9331605130014868,0.0346336771128161,-0.9994000742493695,29.75239387876343,-412.8318506563058,0.0,-25.0,-0.01731683855640805,0.49970003712468475,0.012809017060772475,33.329300632399125,8.829000000000008,-0.004507821495635575,6.695237999565506e-07,5.078586179887728,-13.184044733563695,0.01731683855640805,-0.49970003712468475,0.2655654507311946,0.0,-5.551115123125783e-17,5.095903018444137,-13.418179319957185
32.800000000000196,0.0,403.0,430.9603977987323,416.4036587935553,1.137698854111079,PILOT_DESC_MINPAY_ACC,caténaire,,14.147083201025282,0.5,14.147083201025282,0.3806125991050456,-0.9247345832196944,0.034620869102611175,-0.9994005180219689,29.751078141118207,-412.88252745981737,0.0,-25.0,-0.017310434551305588,0.49970025901098447,0.012838323726674329,33.32930033885225,8.829000000000008,-0.004472110824631259,5.978632273695439e-07,5.38455810689756,-13.082297087674453,0.017310434551305588,-0.49970025901098447,0.26563557626761847,0.0,0.0,5.401868541448866,-13.316361770417819
32.9000000000002,0.0,403.0,431.07416522811144,416.84404810919324,1.1376742937912914,PILOT_DESC_MINPAY_ACC,caténaire,,14.155621607114137,0.5,14.155621607114137,0.385756162377236,-0.9226007712916717,0.03460580615418925,-0.9994010397134968,29.74976091276937,-412.93320426312965,0.0,-25.0,-0.017302903077094624,0.4997005198567484,0.012867431318382768,33.329300076708755,8.829000000000008,-0.004435471758711855,5.965654921169516e-07,5.460618267224631,-13.059987412836556,0.017302903077094624,-0.4997005198567484,0.2657057002901922,0.0,0.0,5.477921170301726,-13.293982232403112
33.0000000000002,0.0,403.0,431.18793214994105,416.4840326109351,1.1376692182962727,PILOT_DESC_MINPAY_ACC,caténaire,,13.965863588158797,0.5,13.965863588158797,0.3722967010858824,-0.9281137680050701,0.034608394043960745,-0.9994009501004579,29.74844220592995,-412.9838810662431,0.0,-25.0,-0.017304197021980373,0.49970047505022896,0.012896332993322853,33.329299815163424,8.829000000000008,-0.00440786402865752,2.902136415627865e-07,5.199444941686965,-12.961910278250869,0.017304197021980373,-0.49970047505022896,0.2657758239999222,0.0,0.0,5.216749138708945,-13.195834929301176
33.1000000000002,0.0,403.0,431.3016606586614,416.86149575324964,1.1372850872030091,PILOT_DESC_MINPAY_ACC,caténaire,,13.7535152677569,0.5,13.7535152677569,0.3661412097221393,-0.9305593020024079,0.03459978881332794,-0.9994012480550907,29.747122029802522,-413.0345578692598,0.0,-25.0,-0.01729989440666397,0.49970062402754534,0.012925086895123054,33.32929968790494,8.829000000000008,-0.004374807511540915,3.119324816225344e-07,5.035728718068424,-12.79846156764332,0.01729989440666397,-0.49970062402754534,0.2658459240325617,0.0,-1.1102230246251565e-16,5.053028612475088,-13.032316267638304
33.2000000000002,0.0,403.0,431.4153121212876,416.12936556959727,1.1365146262627053,PILOT_DESC_MINPAY_ACC,caténaire,,13.763639548734435,0.5,13.763639548734435,0.3284764776552447,-0.9445121511273443,0.0345904272056331,-0.9994015721148991,29.745800395405922,-413.08523467217253,0.0,-25.0,-0.01729521360281655,0.49970078605744955,0.012953656818897189,33.32929955115069,8.829000000000008,-0.004341556783919362,3.372081351926681e-07,4.521031838684709,-12.999924797516552,0.01729521360281655,-0.49970078605744955,0.2659159765754927,0.0,-5.551115123125783e-17,4.538327052287525,-13.23370960699851
33.3000000000002,0.0,403.0,431.52889626273543,415.97737371304873,1.1358414144778448,PILOT_DESC_MINPAY_ACC,caténaire,,13.778777427936662,0.5,13.778777427936662,0.30320393717800703,-0.9529256909537884,0.03455435989957485,-0.999402819793866,29.744477313823726,-413.13591147497283,0.0,-25.0,-0.017277179949787426,0.499701409896933,0.012982040779258165,33.329299403255696,8.829000000000008,-0.004295139170529261,8.13152624346003e-07,4.177779565649849,-13.130151001015008,0.017277179949787426,-0.499701409896933,0.2659859876229636,0.0,-5.551115123125783e-17,4.195056745599636,-13.363866423288977
33.400000000000205,0.0,403.0,431.6424228382302,416.5588536747285,1.13526575494748,PILOT_DESC_MINPAY_ACC,caténaire,,13.712975107880377,0.5,13.712975107880377,0.28208269780486117,-0.9593900935485687,0.03455624265087055,-0.9994027546959505,29.743152800528474,-413.1865882775021,0.0,-25.0,-0.017278121325435276,0.49970137734797526,0.013010151840322563,33.32929904675252,8.829000000000008,-0.004267969485112714,4.241004845084717e-07,3.868193013361804,-13.15609247157855,0.017278121325435276,-0.49970137734797526,0.26605596318790475,0.0,5.551115123125783e-17,3.885471134687239,-13.38973788573862
33.500000000000206,0.0,403.0,431.7558844395332,417.83763971122653,1.1346160130304104,PILOT_DESC_MINPAY_ACC,caténaire,,13.836672211170818,0.5,13.836672211170818,0.2910107905368616,-0.9567197707746563,0.03451538690512591,-0.9994041665246295,29.741826864576726,-413.23726507989,0.0,-25.0,-0.017257693452562953,0.49970208326231474,0.013038115194583835,33.329298860799625,8.829000000000008,-0.004219578257979119,9.440619308520581e-07,4.026620918572244,-13.237817866155401,0.017257693452562953,-0.49970208326231474,0.26612589870402253,0.0,5.551115123125783e-17,4.043878612024807,-13.471394050713695
33.60000000000021,0.0,403.0,431.8693122991953,416.80821289632746,1.134278596621166,PILOT_DESC_MINPAY_ACC,caténaire,,13.791234181331442,0.5,13.791234181331442,0.3314175061608422,-0.9434842005090113,0.034521049759945584,-0.9994039709364133,29.740499522098894,-413.2879418819632,0.0,-25.0,-0.017260524879972792,0.49970198546820666,0.013065791004450301,33.32929844687312,8.829000000000008,-0.00419473387552249,4.323413165252532e-07,4.57065643925703,-13.011811555606045,0.017260524879972792,-0.49970198546820666,0.2661958134224515,0.0,0.0,4.587916964137003,-13.2453177276518
33.70000000000021,0.0,403.0,431.982700699587,416.40668991118844,1.1338840039167342,PILOT_DESC_MINPAY_ACC,caténaire,,13.745707952586034,0.5,13.745707952586034,0.3582348949990104,-0.9336314904741849,0.03450461463366068,-0.9994045384972906,29.739170781376433,-413.3386186838923,0.0,-25.0,-0.01725230731683034,0.4997022692486453,0.013093332946199064,33.32929825733126,8.829000000000008,-0.004158974370631277,5.265798961318069e-07,4.92419224508172,-12.833425803395755,0.01725230731683034,-0.4997022692486453,0.2662657038189565,0.0,0.0,4.941444552398551,-13.066862368825445
33.80000000000021,0.0,403.0,432.0960444772812,416.3954887934346,1.1334377769421284,PILOT_DESC_MINPAY_ACC,caténaire,,14.018028563975085,0.5,14.018028563975085,0.3677784795418959,-0.9299134314471703,0.03447999329204658,-0.9994053882497235,29.737840654329183,-413.3892954856459,0.0,-25.0,-0.01723999664602329,0.49970269412486173,0.013120668724907764,33.32929802644162,8.829000000000008,-0.004119327921115527,7.205664758203056e-07,5.155529231433623,-13.03555304405052,0.01723999664602329,-0.49970269412486173,0.26633556671090186,0.0,1.1102230246251565e-16,5.1727692280796465,-13.26892017146448
33.90000000000021,0.0,403.0,432.2094025546469,416.11600337616176,1.1335807736568317,PILOT_DESC_MINPAY_ACC,caténaire,,14.065195134427935,0.5,14.065195134427935,0.3539390456331885,-0.9352684919189077,0.03445960917246225,-0.9994060913040709,29.736509154172627,-413.4399722871593,0.0,-25.0,-0.017229804586231124,0.49970304565203544,0.013147772017805778,33.32929771053853,8.829000000000008,-0.004082032568425346,7.561905590591778e-07,4.978221742523989,-13.154733841921573,0.017229804586231124,-0.49970304565203544,0.26640543841688563,0.0,-5.551115123125783e-17,4.99545154711022,-13.388031449156722
34.00000000000021,0.0,403.0,432.322782931099,416.44429154276105,1.1338037645216388,PILOT_DESC_MINPAY_ACC,caténaire,,14.04543677309743,0.5,14.04543677309743,0.31605643719064785,-0.948740390470625,0.03444375423777544,-0.999406637857688,29.735176293338547,-413.49064908842064,0.0,-25.0,-0.01722187711888772,0.499703318928844,0.013174657510413829,33.32929737893376,8.829000000000008,-0.0040472196084738905,6.978625961551188e-07,4.439150705291683,-13.325473168438931,0.01722187711888772,-0.499703318928844,0.26647532386759093,0.0,5.551115123125783e-17,4.456372582410571,-13.558701163500185
34.100000000000215,0.0,403.0,432.43617942121557,416.4972674545979,1.1339649011653068,PILOT_DESC_MINPAY_ACC,caténaire,,13.90393704021767,0.5,13.90393704021767,0.2941236144268941,-0.9557673877238435,0.034421716505155756,-0.999407397127337,29.733842083431266,-413.54132588944935,0.0,-25.0,-0.017210858252577878,0.4997036985636685,0.013201340824705516,33.32929707297509,8.829000000000008,-0.0040095174278723614,7.715387511098015e-07,4.089476217032793,-13.288929584005631,0.017210858252577878,-0.4997036985636685,0.2665452192504444,0.0,5.551115123125783e-17,4.106687075285371,-13.522088063318856
34.200000000000216,0.0,403.0,432.54956210993015,417.5135132068838,1.133826887145537,PILOT_DESC_MINPAY_ACC,caténaire,,13.88972316020293,0.5,13.88972316020293,0.3023197919153097,-0.9532065586305435,0.034430319454389284,-0.9994071007863955,29.732506537018175,-413.5920026902209,0.0,-25.0,-0.017215159727194642,0.49970355039319775,0.01322780218680852,33.32929673471578,8.829000000000008,-0.003987357540386122,2.851089746513935e-07,4.199138215553808,-13.239775213867992,0.017215159727194642,-0.49970355039319775,0.2666151061263832,0.0,5.551115123125783e-17,4.2163533752810025,-13.472863658134806
34.30000000000022,0.0,403.0,432.6629295309439,417.00828247315445,1.1336742101376451,PILOT_DESC_MINPAY_ACC,caténaire,,13.501426371820013,0.5,13.501426371820013,0.34244340239259274,-0.9395384591158494,0.03439766032173981,-0.9994082253835967,29.731169661485904,-413.6426794908974,0.0,-25.0,-0.017198830160869906,0.4997041126917984,0.013254143576026415,33.329296609700414,8.829000000000008,-0.003944686584843491,7.223922011689865e-07,4.623474383919124,-12.685109329245869,0.017198830160869906,-0.4997041126917984,0.2666849835916092,0.0,0.0,4.640673214079994,-12.918128458346057
34.40000000000022,0.0,403.0,432.77620554807805,417.243206815347,1.1327601713411277,PILOT_DESC_MINPAY_ACC,caténaire,,13.60643012034444,0.5,13.60643012034444,0.3697987645378221,-0.9291118736440194,0.034414907394462235,-0.9994076316243691,29.729831471058105,-413.69335629133315,0.0,-25.0,-0.017207453697231118,0.49970381581218454,0.013280228853717395,33.32929629297486,8.829000000000008,-0.003927224843513722,1.0878703449179739e-07,5.031641048273584,-12.641895782719642,0.017207453697231118,-0.49970381581218454,0.2667548047172681,0.0,0.0,5.048848501970815,-12.874844793814558
34.50000000000022,0.0,403.0,432.88942029896896,416.91828267178226,1.1321475089088344,PILOT_DESC_MINPAY_ACC,caténaire,,13.737387450507471,0.5,13.737387450507471,0.3707947183891022,-0.9287148522634633,0.03438725085740956,-0.999408583602557,29.728491971555357,-413.7440330917326,0.0,-25.0,-0.01719362542870478,0.4997042918012785,0.013306224134870289,33.329296245271635,8.829000000000008,-0.003887401293834492,5.370729070364177e-07,5.093750711112905,-12.758115756584,0.01719362542870478,-0.4997042918012785,0.26682458807961074,0.0,-1.1102230246251565e-16,5.11094433654161,-12.990995460305667
34.60000000000022,0.0,403.0,433.00260609827035,416.62605001378427,1.131857993014157,PILOT_DESC_MINPAY_ACC,caténaire,,13.82885226576717,0.5,13.82885226576717,0.344737929525161,-0.9386989719535784,0.034359565698268826,-0.9994095357985266,29.72715117625218,-413.79470989195306,0.0,-25.0,-0.017179782849134413,0.4997047678992633,0.013331980845914203,33.32929600982103,8.829000000000008,-0.0038478020032202097,7.777202810643757e-07,4.767329897809906,-12.981129405173556,0.017179782849134413,-0.4997047678992633,0.26689435359675867,0.0,5.551115123125783e-17,4.78450968065904,-13.213939819476062
34.70000000000022,0.0,403.0,433.1157841307511,417.416279112699,1.131780324807534,PILOT_DESC_MINPAY_ACC,caténaire,,13.605254169498142,0.5,13.605254169498142,0.3073241075921661,-0.9516049037771288,0.03436947538017129,-0.9994091950558049,29.725809098348332,-413.84538669191426,0.0,-25.0,-0.017184737690085643,0.49970459752790247,0.013357499709542194,33.32929566879525,8.829000000000008,-0.003827237980543449,2.663231413180256e-07,4.181222596205614,-12.94682658482866,0.017184737690085643,-0.49970459752790247,0.26696411432659006,0.0,-5.551115123125783e-17,4.198407333895699,-13.179567068029971
34.800000000000225,0.0,403.0,433.2289104502098,417.21821464726116,1.1312631945874978,PILOT_DESC_MINPAY_ACC,caténaire,,13.552573014744013,0.5,13.552573014744013,0.2987215970121944,-0.9543402996198389,0.034367065554466204,-0.9994092779263033,29.72446574469849,-413.89606349178666,0.0,-25.0,-0.017183532777233102,0.49970463896315165,0.013382906395648637,33.329295552004574,8.829000000000008,-0.003800626381584465,1.9096771808335689e-07,4.048446254588701,-12.933766591510544,0.017183532777233102,-0.49970463896315165,0.2670338431815242,0.0,0.0,4.065629787365935,-13.166437387292172
34.900000000000226,0.0,403.0,433.3419796885222,416.97241101802945,1.1306923831236668,PILOT_DESC_MINPAY_ACC,caténaire,,13.321309427700543,0.5,13.321309427700543,0.32025664852993097,-0.9473308181793604,0.03434221811042125,-0.9994101320555321,29.72312112417319,-413.9467402915954,0.0,-25.0,-0.017171109055210625,0.49970506602776604,0.013408160311978416,33.32929546826222,8.829000000000008,-0.0037629487432322088,5.342899740412577e-07,4.266237911345549,-12.619686959363982,0.017171109055210625,-0.49970506602776604,0.26710353685275395,0.0,5.551115123125783e-17,4.283409020400759,-12.852288488538994
35.00000000000023,0.0,403.0,433.45495129795825,418.1533603251422,1.1297160943601798,PILOT_DESC_MINPAY_ACC,caténaire,,13.274830987155505,0.5,13.274830987155505,0.34158075469269006,-0.9398524288544305,0.03433075402515815,-0.9994105259241892,29.721775249331642,-413.99741709122605,0.0,-25.0,-0.017165377012579076,0.4997052629620946,0.013433187324840286,33.329295234007944,8.829000000000008,-0.00373218968773879,4.969700313495196e-07,4.534426787010485,-12.47638214591016,0.017165377012579076,-0.4997052629620946,0.26717317034745025,0.0,-1.1102230246251565e-16,4.551592164023064,-12.708914238524805
35.10000000000023,0.0,403.0,433.5678257426712,417.2971058686043,1.1287444471290518,PILOT_DESC_MINPAY_ACC,caténaire,,13.45575586109601,0.5,13.45575586109601,0.32917166498527406,-0.9442700964082378,0.03431790388557769,-0.9994109672566637,29.720428130426864,-414.04809389069106,0.0,-25.0,-0.017158951942788846,0.49970548362833184,0.013458032812222532,33.329295016128285,8.829000000000008,-0.0037009191305663134,4.997566094289141e-07,4.4292535604323335,-12.70586788420284,0.017158951942788846,-0.49970548362833184,0.267242743951708,0.0,0.0,4.446412512375122,-12.938330623879464
35.20000000000023,0.0,403.0,433.68064892113875,417.5270353271513,1.128231784675621,PILOT_DESC_MINPAY_ACC,caténaire,,13.433873510037683,0.5,13.433873510037683,0.30034999535607,-0.953829062405633,0.034310321540841474,-0.9994112275914073,29.719079777882378,-414.09877068998946,0.0,-25.0,-0.017155160770420737,0.49970561379570366,0.013482692796592522,33.32929479697754,8.829000000000008,-0.0036724679738282147,4.107732394231789e-07,4.03486384635385,-12.813618974555114,0.017155160770420737,-0.49970561379570366,0.26731228595645284,0.0,-5.551115123125783e-17,4.0520190071242705,-13.046012302394363
35.30000000000023,0.0,403.0,433.79342158062275,416.7256525434421,1.127726594840188,PILOT_DESC_MINPAY_ACC,caténaire,,13.507454731351094,0.5,13.507454731351094,0.29331885029890176,-0.9560146714665683,0.034296272546573116,-0.9994117098020272,29.7177302011819,-414.14944748915093,0.0,-25.0,-0.017148136273286558,0.4997058549010136,0.013507185517807463,33.329294616856714,8.829000000000008,-0.0036409507554790946,4.7175772266427884e-07,3.961991092264364,-12.913324897342159,0.017148136273286558,-0.4997058549010136,0.2673817968222825,0.0,-5.551115123125783e-17,3.9791392285376506,-13.14564895542089
35.40000000000023,0.0,403.0,433.9061634864464,418.8011103554453,1.1274190582366463,PILOT_DESC_MINPAY_ACC,caténaire,,13.294652699681158,0.5,13.294652699681158,0.3157608461093314,-0.9488388103699803,0.03427419619326876,-0.9994124671402218,29.71637941083117,-414.20012428815517,0.0,-25.0,-0.01713709809663438,0.4997062335701109,0.013531489983193621,33.32929441004301,8.829000000000008,-0.00360560811344076,6.43613113027186e-07,4.19793078518103,-12.614482451847518,0.01713709809663438,-0.4997062335701109,0.26745128873215623,0.0,-5.551115123125783e-17,4.215067883277665,-12.846737396685473
35.500000000000234,0.0,403.0,434.01883515082534,417.97840912983077,1.12671664378947,PILOT_DESC_MINPAY_ACC,caténaire,,13.322621863612138,0.5,13.322621863612138,0.3594486091194766,-0.9331648822164675,0.034280663654025594,-0.9994122453219388,29.71502741861107,-414.2508010869449,0.0,-25.0,-0.017140331827012797,0.4997061226609694,0.01355558005519781,33.32929412786119,8.829000000000008,-0.0035847517718149875,2.5052214880361134e-07,4.788797898700112,-12.432202862172156,0.017140331827012797,-0.4997061226609694,0.2675207373465746,0.0,0.0,4.805938230527125,-12.664388247486551
35.600000000000236,0.0,403.0,434.1314491890735,417.3386874948416,1.1261403824817988,PILOT_DESC_MINPAY_ACC,caténaire,,13.325580508360234,0.5,13.325580508360234,0.3838166845805907,-0.9234093093734561,0.03423890351087336,-0.9994136768557718,29.71367423147371,-414.3014778856511,0.0,-25.0,-0.01711945175543668,0.4997068384278859,0.013579552019321255,33.32929401802412,8.829000000000008,-0.0035398997361154247,8.564519973219831e-07,5.114580130830568,-12.304965094225313,0.01711945175543668,-0.4997068384278859,0.26759015044137097,0.0,-5.551115123125783e-17,5.131699582586005,-12.537081782211827
35.70000000000024,0.0,403.0,434.2440119529346,417.47571932317686,1.1256276386107527,PILOT_DESC_MINPAY_ACC,caténaire,,13.269588864429156,0.5,13.269588864429156,0.38364737637114155,-0.9234796644233916,0.034248188931671794,-0.9994133587034447,29.71231986436977,-414.3521546840718,0.0,-25.0,-0.017124094465835897,0.49970667935172236,0.013603244830559493,33.32929364252941,8.829000000000008,-0.003520849635276404,3.2188112442099737e-07,5.090842953361961,-12.254195471559411,0.017124094465835897,-0.49970667935172236,0.2676595319316361,0.0,5.551115123125783e-17,5.107967047827797,-12.486242618979498
35.80000000000024,0.0,403.0,434.35651736900905,417.3445968338578,1.125054160744171,PILOT_DESC_MINPAY_ACC,caténaire,,13.125011661748855,0.5,13.125011661748855,0.34671557409689163,-0.9379703143909528,0.034244543960351655,-0.9994134836037323,29.71096432364929,-414.40283148238524,0.0,-25.0,-0.017122271980175827,0.49970674180186614,0.013626830622464533,33.32929350136373,8.829000000000008,-0.003495441357711295,2.431655872214833e-07,4.550645953331652,-12.310871314755495,0.017122271980175827,-0.49970674180186614,0.26772887807384504,0.0,0.0,4.567768225311828,-12.542849178483516
35.90000000000024,0.0,403.0,434.4689422541907,417.5855861464933,1.124248851816558,PILOT_DESC_MINPAY_ACC,caténaire,,13.256174579522655,0.5,13.256174579522655,0.3265350800863231,-0.9451850831837215,0.034229716618115774,-0.9994139915471685,29.70960761778169,-414.4535082806176,0.0,-25.0,-0.017114858309057887,0.49970699577358424,0.013650266415718182,33.32929339474177,8.829000000000008,-0.0034645918933397055,3.9051534628242734e-07,4.328606027962711,-12.529538472644056,0.017114858309057887,-0.49970699577358424,0.2677981745783837,0.0,0.0,4.345720886271769,-12.761447293839257
36.00000000000024,0.0,403.0,434.58132089177343,417.75776361981303,1.1237863758270894,PILOT_DESC_MINPAY_ACC,caténaire,,13.332549458012751,0.5,13.332549458012751,0.3310897091981269,-0.9435992817203177,0.03420640202395113,-0.9994147897947959,29.708249757050122,-414.5041850787198,0.0,-25.0,-0.017103201011975565,0.49970739489739796,0.013673515243105562,33.32929322351857,8.829000000000008,-0.0034296857688700024,6.184159602184991e-07,4.414269922923086,-12.580584092081443,0.017103201011975565,-0.49970739489739796,0.2678674425768052,0.0,0.0,4.431373123935062,-12.812424044402036
36.10000000000024,0.0,403.0,434.6936731791844,417.86738004561164,1.1235228741094923,PILOT_DESC_MINPAY_ACC,caténaire,,13.304797569835422,0.5,13.304797569835422,0.36348795832510084,-0.9315988966033878,0.034199814887781385,-0.9994150152272285,29.706890753089965,-414.55486187661586,0.0,-25.0,-0.017099907443890693,0.49970750761361427,0.01369654931977353,33.32929295240272,8.829000000000008,-0.003403358124117163,4.600163237000743e-07,4.83613370458824,-12.394734735590115,0.017099907443890693,-0.49970750761361427,0.2679366943334952,0.0,-5.551115123125783e-17,4.853233612032131,-12.626505548870234
36.200000000000244,0.0,403.0,434.80599619883225,417.8732875526972,1.1232301964788163,PILOT_DESC_MINPAY_ACC,caténaire,,13.41877465431319,0.5,13.41877465431319,0.37925241710946156,-0.9252932530374525,0.03416834422753289,-0.9994160916518949,29.7055306146771,-414.60553867435857,0.0,-25.0,-0.017084172113766446,0.49970804582594747,0.01371942573991899,33.329292750673375,8.829000000000008,-0.0033647463738474565,7.964993145037624e-07,5.089102722295457,-12.416301651665968,0.017084172113766446,-0.49970804582594747,0.2680059280501074,0.0,5.551115123125783e-17,5.106186894409223,-12.648003769441809
36.300000000000246,0.0,403.0,434.91831567074934,417.7499196696718,1.1231947191707967,PILOT_DESC_MINPAY_ACC,caténaire,,13.515871036809056,0.5,13.515871036809056,0.3749358089733347,-0.9270507748497442,0.03414497407201604,-0.9994168903643872,29.70416935468211,-414.65621547183576,0.0,-25.0,-0.01707248703600802,0.4997084451821936,0.013742061387691282,33.32929240142291,8.829000000000008,-0.0033304256483167385,8.466050971378536e-07,5.067584041165268,-12.52989871744305,0.01707248703600802,-0.4997084451821936,0.26807515957996764,0.0,0.0,5.0846565282012754,-12.761532003045275
36.40000000000025,0.0,403.0,435.0306513669069,418.5972130420435,1.1233569615758778,PILOT_DESC_MINPAY_ACC,caténaire,,13.348392129006315,0.5,13.348392129006315,0.3424255437081911,-0.9395449680649403,0.03413899969196895,-0.9994170944605819,29.70280698454524,-414.7068922690308,0.0,-25.0,-0.017069499845984475,0.49970854723029096,0.013764484523033369,33.32929203026486,8.829000000000008,-0.0033050153229511065,5.774951432613307e-07,4.570830432405127,-12.54141465656554,0.017069499845984475,-0.49970854723029096,0.26814440111013293,0.0,0.0,4.587899932251111,-12.772978802685698
36.50000000000025,0.0,403.0,435.14296816710305,418.1009663301442,1.123168001961323,PILOT_DESC_MINPAY_ACC,caténaire,,13.390292090836928,0.5,13.390292090836928,0.3239536080205726,-0.9460729675085602,0.03415079477331169,-0.999416691483763,29.701443512736596,-414.7575690660333,0.0,-25.0,-0.017075397386655845,0.4997083457418815,0.01378675464594357,33.32929177701902,8.829000000000008,-0.003288642740712276,1.2276089478291397e-07,4.33783343527596,-12.668193374184495,0.017075397386655845,-0.4997083457418815,0.26821363099319656,0.0,-5.551115123125783e-17,4.354908832662616,-12.89968808893318
36.60000000000025,0.0,403.0,435.2552763390011,418.58736003763954,1.1230817189808948,PILOT_DESC_MINPAY_ACC,caténaire,,13.281533255951492,0.5,13.281533255951492,0.3289557582689002,-0.9443453336051028,0.034106453218644535,-0.999418205682108,29.700078944713702,-414.80824586299485,0.0,-25.0,-0.017053226609322267,0.499709102841054,0.013808932313587114,33.32929172318466,8.829000000000008,-0.0032442942957351534,8.260257047254527e-07,4.369036843185138,-12.542353953378779,0.017053226609322267,-0.499709102841054,0.2682828555579456,0.0,0.0,4.38609006979446,-12.773780200661887
36.70000000000025,0.0,403.0,435.36755499179475,417.7277896723609,1.1227865279364055,PILOT_DESC_MINPAY_ACC,caténaire,,13.331708596677172,0.5,13.331708596677172,0.35562300046650497,-0.9346294889094824,0.034090532162439055,-0.9994187488820098,29.698713295259378,-414.85892265968107,0.0,-25.0,-0.017045266081219528,0.4997093744410049,0.01383082837243608,33.329291360999,8.829000000000008,-0.0032144377087834474,7.354399969017322e-07,4.741062212495434,-12.460207992002537,0.017045266081219528,-0.4997093744410049,0.26835206192769495,0.0,5.551115123125783e-17,4.758107478576654,-12.691565304515848
36.80000000000025,0.0,403.0,435.47981711067723,418.6880923954113,1.1226211888248903,PILOT_DESC_MINPAY_ACC,caténaire,,13.375940637113134,0.5,13.375940637113134,0.36817673284704766,-0.929755824606694,0.03405965753810667,-0.9994198015490723,29.697346574325817,-414.9095994561222,0.0,-25.0,-0.017029828769053335,0.49970990077453614,0.013852540033490356,33.329291038590966,8.829000000000008,-0.003177288735562979,9.393654920586414e-07,4.924710122528371,-12.43635871694931,0.017029828769053335,-0.49970990077453614,0.26842125810626427,0.0,-1.1102230246251565e-16,4.941739951297424,-12.667647359617584
36.900000000000254,0.0,403.0,435.59207319373826,418.20871350579216,1.122560830610138,PILOT_DESC_MINPAY_ACC,caténaire,,13.263968600547539,0.5,13.263968600547539,0.3606357221657151,-0.9327067469992985,0.03407130652668503,-0.9994194044902093,29.69597879429601,-414.96027625225014,0.0,-25.0,-0.017035653263342516,0.49970970224510464,0.013874017508889763,33.32929062668329,8.829000000000008,-0.003161635754452753,3.2892838675024905e-07,4.783460895041832,-12.371393005717533,0.017035653263342516,-0.49970970224510464,0.268490450564471,0.0,-5.551115123125783e-17,4.8004965483051745,-12.602612257398166
37.000000000000256,0.0,403.0,435.7043014485264,418.01996690036344,1.1222825478812257,PILOT_DESC_MINPAY_ACC,caténaire,,12.989791328418944,0.5,12.989791328418944,0.32477352396901493,-0.945791815427025,0.0340518818336363,-0.9994200665103679,29.69460996038762,-415.01095304826845,0.0,-25.0,-0.01702594091681815,0.4997100332551839,0.013895405689122894,33.32929048245205,8.829000000000008,-0.0031305352276952553,5.157072280326247e-07,4.218740305352772,-12.28563832252358,0.01702594091681815,-0.4997100332551839,0.26855962586987364,0.0,-5.551115123125783e-17,4.23576624626959,-12.51678872990889
37.10000000000026,0.0,403.0,435.8164498208474,418.18576237801733,1.1214837232100694,PILOT_DESC_MINPAY_ACC,caténaire,,12.950980455016015,0.5,12.950980455016015,0.3011325557221252,-0.9535822900433193,0.034062842502346244,-0.9994196930022244,29.693240082967485,-415.06162984411486,0.0,-25.0,-0.017031421251173122,0.4997098465011122,0.013916599708190508,33.32929025634771,8.829000000000008,-0.003114821542982614,1.028488156862295e-07,3.899961843526265,-12.349825600600441,0.017031421251173122,-0.4997098465011122,0.2686287519372829,0.0,0.0,3.9169932647774384,-12.58090669516427
37.20000000000026,0.0,403.0,435.9285185352756,417.84522261861065,1.1206871442820052,PILOT_DESC_MINPAY_ACC,caténaire,,13.019035504583762,0.5,13.019035504583762,0.3042646419173303,-0.9525875433150062,0.03405902287024727,-0.9994198231779896,29.691869167273502,-415.112306639927,0.0,-25.0,-0.017029511435123636,0.4997099115889948,0.013937703373495588,33.32929021126144,8.829000000000008,-0.003091808061628048,1.2285042316761974e-07,3.961232175911188,-12.401771047642288,0.017029511435123636,-0.4997099115889948,0.2686978289051221,0.0,-5.551115123125783e-17,3.9782616873463117,-12.632783130326162
37.30000000000026,0.0,403.0,436.0405291671651,418.5709614329965,1.1201063188953764,PILOT_DESC_MINPAY_ACC,caténaire,,13.072017015255245,0.5,13.072017015255245,0.33801210476553245,-0.9411417624523816,0.03402584362144333,-0.9994209533354046,29.690497220976834,-415.1629834356982,0.0,-25.0,-0.017012921810721664,0.4997104766677023,0.013958666929225875,33.329290157427074,8.829000000000008,-0.003054254881495789,6.34094767804072e-07,4.418499984857279,-12.302621132544841,0.017012921810721664,-0.4997104766677023,0.2687668700720183,0.0,0.0,4.435512906668,-12.533564739140525
37.40000000000026,0.0,403.0,436.15249811968255,418.2469535131712,1.119689525174346,PILOT_DESC_MINPAY_ACC,caténaire,,12.987661967725037,0.5,12.987661967725037,0.35778838820934616,-0.9338026928974655,0.03401235181056105,-0.9994214125804562,29.689124256595203,-415.213660231258,0.0,-25.0,-0.017006175905280526,0.4997107062902281,0.013979391328963402,33.32928987935762,8.829000000000008,-0.0030267845763171236,5.856478395571685e-07,4.646834642040166,-12.127913719903637,0.017006175905280526,-0.4997107062902281,0.26883588554856314,0.0,0.0,4.663840817945447,-12.358788540645302
37.50000000000026,0.0,403.0,436.2644126884399,418.002386442785,1.1191456875737784,PILOT_DESC_MINPAY_ACC,caténaire,,12.952941729252787,0.5,12.952941729252787,0.35281408481936627,-0.9356934442182829,0.034023340419229595,-0.9994210385551814,29.687750283285382,-415.2643370266226,0.0,-25.0,-0.017011670209614797,0.4997105192775907,0.013999944497645862,33.3292896225976,8.829000000000008,-0.003011725711968935,1.4187518360131435e-07,4.569980281924901,-12.119982659403261,0.017011670209614797,-0.4997105192775907,0.26890486750402,0.0,0.0,4.586991952134516,-12.350788311176832
37.600000000000264,0.0,403.0,436.37627136651827,417.99772875200887,1.118586780783797,PILOT_DESC_MINPAY_ACC,caténaire,,13.047245585644047,0.5,13.047245585644047,0.315777832654337,-0.9488331573064516,0.033992835070347636,-0.9994220765842027,29.686375306066992,-415.31501382193994,0.0,-25.0,-0.016996417535173818,0.49971103829210134,0.014020410395693614,33.32928956038901,8.829000000000008,-0.0029760071394802044,5.986810975855406e-07,4.120030933143544,-12.379659223179305,0.016996417535173818,-0.49971103829210134,0.2689738150095533,0.0,0.0,4.137027350678718,-12.610396446461852
37.700000000000266,0.0,403.0,436.48809860256154,418.928484108118,1.1182723604329032,PILOT_DESC_MINPAY_ACC,caténaire,,13.102101268238618,0.5,13.102101268238618,0.29346325117161215,-0.9559703552996753,0.03396455927091414,-0.999423037914142,29.68499933684622,-415.3656906170577,0.0,-25.0,-0.01698227963545707,0.499711518957071,0.014040648254904468,33.329289297871696,8.829000000000008,-0.0029416313805526,8.16828759298005e-07,3.8449852353570075,-12.5252204045704,0.01698227963545707,-0.499711518957071,0.26904274313483,0.0,0.0,3.8619675149924646,-12.75588918039264
37.80000000000027,0.0,403.0,436.5999085107856,418.02126061133634,1.1180990822406491,PILOT_DESC_MINPAY_ACC,caténaire,,13.166052209783425,0.5,13.166052209783425,0.29674611061350176,-0.9549564104375443,0.03398046881829878,-0.9994224971146529,29.683622387081655,-415.41636741190314,0.0,-25.0,-0.01699023440914939,0.49971124855732646,0.01406066669109274,33.32928893972363,8.829000000000008,-0.0029295677180566516,1.8828094994205458e-07,3.9069747853875314,-12.573005957888078,0.01699023440914939,-0.49971124855732646,0.26911166057957725,0.0,0.0,3.9239650197966807,-12.803605545865828
37.90000000000027,0.0,403.0,436.71171561311235,420.08777400279894,1.1180710232670783,PILOT_DESC_MINPAY_ACC,caténaire,,13.123906207036235,0.5,13.123906207036235,0.3369915980703361,-0.941507654153699,0.033966119196683894,-0.9994229849001457,29.682244460794518,-415.46704420668584,0.0,-25.0,-0.016983059598341947,0.49971149245007285,0.014080617204247652,33.329288857177616,8.829000000000008,-0.0029024423940942953,3.496276832493095e-07,4.422646125634344,-12.356258146319854,0.016983059598341947,-0.49971149245007285,0.2691805762948241,0.0,0.0,4.439629185232686,-12.586789062475104
38.00000000000027,0.0,403.0,436.8235117599334,418.3622188642625,1.117961468210828,PILOT_DESC_MINPAY_ACC,caténaire,,13.176996379939503,0.5,13.176996379939503,0.36210957221271134,-0.9321355361276209,0.03394653707413008,-0.9994236502208035,29.680865567026583,-415.517721001352,0.0,-25.0,-0.01697326853706504,0.49971182511040174,0.01410039694042344,33.329288703899216,8.829000000000008,-0.0028728715966416015,5.290096112275933e-07,4.77151652218834,-12.282746585166628,0.01697326853706504,-0.49971182511040174,0.2692494852573112,0.0,5.551115123125783e-17,4.7884897907254045,-12.513208925019716
38.10000000000027,0.0,403.0,436.93530866389693,418.7651618349854,1.1179690396352582,PILOT_DESC_MINPAY_ACC,caténaire,,13.109345112032226,0.5,13.109345112032226,0.3651333506941145,-0.9309552278229544,0.033931044896791655,-0.9994241763096448,29.679485715634783,-415.56839779584186,0.0,-25.0,-0.016965522448395828,0.4997120881548224,0.014119988827357396,33.329288471962826,8.829000000000008,-0.0028455336210384315,5.601176411573761e-07,4.786659106161839,-12.204213365381694,0.016965522448395828,-0.4997120881548224,0.269318394686486,0.0,0.0,4.803624628610234,-12.43460705885003
38.20000000000027,0.0,403.0,437.0470927181635,419.64920373795064,1.1178405426661977,PILOT_DESC_MINPAY_ACC,caténaire,,12.954083056021606,0.5,12.954083056021606,0.33384226270324724,-0.9426289533178874,0.03391665780151972,-0.9994246646564086,29.678104915731776,-415.619074590145,0.0,-25.0,-0.01695832890075986,0.4997123323282043,0.01413940768782263,33.329288226343536,8.829000000000008,-0.0028189212129372306,5.586717293226684e-07,4.324620398668049,-12.210893752290627,0.01695832890075986,-0.4997123323282043,0.26938729619535856,0.0,0.0,4.341578727568809,-12.441218788423473
38.300000000000274,0.0,403.0,437.15883415448536,419.17561331762926,1.117414363218101,PILOT_DESC_MINPAY_ACC,caténaire,,13.119932056197074,0.5,13.119932056197074,0.3201949772480923,-0.9473516646658164,0.0338963579559966,-0.999425353349273,29.676723176188364,-415.6697513842619,0.0,-25.0,-0.0169481789779983,0.4997126766746365,0.01415865809377683,33.32928798139718,8.829000000000008,-0.0027895208842214723,6.580718050486212e-07,4.200936346230539,-12.429189473740706,0.0169481789779983,-0.4997126766746365,0.2694561714353619,0.0,0.0,4.217884525208537,-12.659445978979981
38.400000000000276,0.0,403.0,437.27057040371494,419.4567773441502,1.1173624922957914,PILOT_DESC_MINPAY_ACC,caténaire,,12.997201553444343,0.5,12.997201553444343,0.3319504024100558,-0.9432968410525935,0.03389381045505963,-0.9994254397466757,29.675340506804655,-415.7204281781594,0.0,-25.0,-0.016946905227529816,0.4997127198733379,0.014177720616373981,33.32928769285994,8.829000000000008,-0.002769184611155835,4.1273327155977313e-07,4.314426285870452,-12.260219167887909,0.016946905227529816,-0.4997127198733379,0.2695250434781428,0.0,5.551115123125783e-17,4.331373191097982,-12.490406844283104
38.50000000000028,0.0,403.0,437.3822774377867,418.7558402848906,1.117070340717441,PILOT_DESC_MINPAY_ACC,caténaire,,12.870120794041943,0.5,12.870120794041943,0.376057571221924,-0.9265962999746262,0.03386612107156262,-0.9994263784009136,29.67395691435941,-415.7711049719194,0.0,-25.0,-0.01693306053578131,0.4997131892004568,0.014196656852433697,33.32928751191667,8.829000000000008,-0.0027364036833476147,7.011171163640029e-07,4.839906367140193,-11.925406307985764,0.01693306053578131,-0.4997131892004568,0.2695938975132708,0.0,5.551115123125783e-17,4.8568394276759745,-12.155525599672949
38.60000000000028,0.0,403.0,437.4939327614478,419.6986526444585,1.116553236611235,PILOT_DESC_MINPAY_ACC,caténaire,,12.792440193692842,0.5,12.792440193692842,0.40274157241994285,-0.9153137308293325,0.03386471282820933,-0.999426426119033,29.672572409779605,-415.8217817654456,0.0,-25.0,-0.016932356414104666,0.4997132130595165,0.01421538134005428,33.32928720446264,8.829000000000008,-0.0027169750740503856,4.175221448576849e-07,5.152047478695933,-11.709096160100104,0.016932356414104666,-0.4997132130595165,0.26966271967511113,0.0,0.0,5.168979835110038,-11.93914665348451
38.70000000000028,0.0,403.0,437.6055260090719,419.61765093816734,1.1159324762412144,PILOT_DESC_MINPAY_ACC,caténaire,,12.84294343253379,0.5,12.84294343253379,0.39865175993326896,-0.9171023794005265,0.03385710363901617,-0.9994266839209252,29.67118699954144,-415.8724585588327,0.0,-25.0,-0.016928551819508086,0.4997133419604626,0.014233985091725134,33.3292870214258,8.829000000000008,-0.0026945667277829526,3.633862561969181e-07,5.119862002103013,-11.778293980483104,0.016928551819508086,-0.4997133419604626,0.269731503574494,0.0,0.0,5.136790553922522,-12.008275818869073
38.80000000000028,0.0,403.0,437.71707348841977,419.39887441686494,1.1154747934784148,PILOT_DESC_MINPAY_ACC,caténaire,,12.63684502650579,0.5,12.63684502650579,0.3578843689546,-0.933765912023976,0.03385725053220186,-0.9994266789446836,29.669800691114368,-415.92313535209865,0.0,-25.0,-0.01692862526610093,0.4997133394723418,0.014252447423672324,33.329286862091045,8.829000000000008,-0.0026761778424286044,2.01563381097003e-07,4.5225293078881,-11.799855121280824,0.01692862526610093,-0.4997133394723418,0.26980025926320483,0.0,0.0,4.5394579331542015,-12.029768201489961
38.90000000000028,0.0,403.0,437.82853855620306,418.9885157904331,1.1146506778325684,PILOT_DESC_MINPAY_ACC,caténaire,,12.804643633371354,0.5,12.804643633371354,0.3315499719285625,-0.9434376588382347,0.0338426940008847,-0.9994271719654026,29.668413490628016,-415.9738121452974,0.0,-25.0,-0.01692134700044235,0.4997135859827013,0.01427079560411402,33.329286773712965,8.829000000000008,-0.0026505513963283305,3.5969566170024336e-07,4.245379237199519,-12.080383011725777,0.01692134700044235,-0.4997135859827013,0.26986896415503614,0.0,0.0,4.262300584199962,-12.310227633553444
39.000000000000284,0.0,403.0,437.93996301291486,419.1555622639564,1.1142445671181025,PILOT_DESC_MINPAY_ACC,caténaire,,12.855850814444516,0.5,12.855850814444516,0.3278655606130022,-0.9447243905837945,0.033829703851794186,-0.9994276117544982,29.66702540662453,-416.0244889383763,0.0,-25.0,-0.016914851925897093,0.4997138058772491,0.014288979720666036,33.32928661602315,8.829000000000008,-0.0026258722052310574,4.2190038840317357e-07,4.214990734434972,-12.145235826112273,0.016914851925897093,-0.4997138058772491,0.2699376440149957,0.0,5.551115123125783e-17,4.2319055863608686,-12.375011987974526
39.100000000000286,0.0,403.0,438.05136116077045,419.5067563108553,1.113981478555659,PILOT_DESC_MINPAY_ACC,caténaire,,12.544598045409806,0.5,12.544598045409806,0.3578998686851889,-0.9337599712962238,0.03381855008250678,-0.9994279892370019,29.665636447330307,-416.07516573131454,0.0,-25.0,-0.01690927504125339,0.49971399461850097,0.014307005942164028,33.32928643104229,8.829000000000008,-0.0026022690990893625,4.256607866182094e-07,4.4897099931606474,-11.713643510804525,0.01690927504125339,-0.49971399461850097,0.27000630765868994,0.0,0.0,4.5066192682019,-11.943351197764336
39.20000000000029,0.0,403.0,438.1626733798309,419.71096905730235,1.1131221906041089,PILOT_DESC_MINPAY_ACC,caténaire,,12.633598577061775,0.5,12.633598577061775,0.3661019098567035,-0.9305747641104791,0.03380532213131249,-0.9994284367555278,29.664246620613053,-416.1258425241109,0.0,-25.0,-0.016902661065656244,0.4997142183777639,0.014324881342417974,33.3292862444165,8.829000000000008,-0.00257777972323827,4.627942544743746e-07,4.625184567425247,-11.756508015715747,0.016902661065656244,-0.4997142183777639,0.27007491833755226,0.0,0.0,4.642087228490904,-11.986147315755959
39.30000000000029,0.0,403.0,438.27392606286804,419.483920840611,1.1125268303716018,PILOT_DESC_MINPAY_ACC,caténaire,,12.525811292319728,0.5,12.525811292319728,0.34803245127172666,-0.9374824866960413,0.03378488662322322,-0.9994291277703767,29.662855934635893,-416.176519316753,0.0,-25.0,-0.01689244331161161,0.49971456388518837,0.014342599524110631,33.32928604149086,8.829000000000008,-0.0025498437875009806,6.05376044404693e-07,4.35938880823311,-11.742728718209253,0.01689244331161161,-0.49971456388518837,0.270143492319572,0.0,0.0,4.376281251544722,-11.972299789774869
39.40000000000029,0.0,403.0,438.3851036058711,419.97866787612395,1.111775430030861,PILOT_DESC_MINPAY_ACC,caténaire,,12.718001939257794,0.5,12.718001939257794,0.3048459882258812,-0.9524016607831938,0.03376353135413117,-0.9994298494394184,29.6614643987108,-416.2271961091933,0.0,-25.0,-0.016881765677065584,0.4997149247197092,0.01436013646375007,33.329285776057546,8.829000000000008,-0.0025216292133155137,7.007772495626341e-07,3.877031869431716,-12.112646168793002,0.016881765677065584,-0.4997149247197092,0.2702120199867417,0.0,0.0,3.8939136351087815,-12.34214907352597
39.50000000000029,0.0,403.0,438.4962519608791,418.8274343275146,1.1114835500796425,PILOT_DESC_MINPAY_ACC,caténaire,,12.583281882005949,0.5,12.583281882005949,0.2707163373076411,-0.9626591633152075,0.03377340912334236,-0.9994295156919207,29.66007202224264,-416.27787290140003,0.0,-25.0,-0.01688670456167118,0.49971475784596037,0.014377489890913826,33.329285468827834,8.829000000000008,-0.002509214670757355,2.26673783743081e-07,3.4064999824062516,-12.113411608291257,0.01688670456167118,-0.49971475784596037,0.27028052966300087,0.0,0.0,3.423386686967923,-12.342845836474217
39.60000000000029,0.0,403.0,438.6073471026507,419.0262507115398,1.1109514177161282,PILOT_DESC_MINPAY_ACC,caténaire,,12.640330290385632,0.5,12.640330290385632,0.2649310852159987,-0.9642673488645528,0.03372977728833814,-0.9994309891753802,29.65867880936959,-416.3285496935312,0.0,-25.0,-0.01686488864416907,0.4997154945876901,0.014394768285051715,33.329285369458574,8.829000000000008,-0.002470120359117355,8.64046256765505e-07,3.3488164213205254,-12.188657777882456,0.01686488864416907,-0.4997154945876901,0.2703490065396601,0.0,0.0,3.3656813099646943,-12.418024265930486
39.700000000000294,0.0,403.0,438.71840576220796,419.5594001665501,1.110586595572958,PILOT_DESC_MINPAY_ACC,caténaire,,12.698900263101269,0.5,12.698900263101269,0.28915726266176645,-0.9572816082271476,0.03373774525741828,-0.999430720232746,29.657284773123084,-416.3792264853744,0.0,-25.0,-0.01686887262870914,0.499715360116373,0.014411787611535163,33.329284990599255,8.829000000000008,-0.002457085017173977,3.507156236537412e-07,3.6719792388931487,-12.15642366657773,0.01686887262870914,-0.499715360116373,0.27041746092939445,0.0,0.0,3.6888481115218577,-12.385721565764708
39.800000000000296,0.0,403.0,438.82944330185586,419.15692511285806,1.110375396478908,PILOT_DESC_MINPAY_ACC,caténaire,,12.76121597289682,0.5,12.76121597289682,0.35032681773445884,-0.9366275251005851,0.03373045950398829,-0.9994309661510642,29.655889917848242,-416.4299032771006,0.0,-25.0,-0.016865229751994146,0.4997154830755321,0.014428727099195605,33.32928483679748,8.829000000000008,-0.002436502652798541,3.198730027520469e-07,4.470596182207089,-11.952506133968404,0.016865229751994146,-0.4997154830755321,0.270485902301229,0.0,0.0,4.487461411959083,-12.181735714742707
39.9000000000003,0.0,403.0,438.9404742968649,419.9270853647667,1.1103099500903175,PILOT_DESC_MINPAY_ACC,caténaire,,12.735829892508717,0.5,12.735829892508717,0.39290255645325683,-0.9195801113184731,0.0337004797675146,-0.9994319775069433,29.654494250405847,-416.4805800687202,0.0,-25.0,-0.0168502398837573,0.4997159887534717,0.014445534513993562,33.32928469652905,8.829000000000008,-0.002404705369763737,6.852825151781872e-07,5.003940123320482,-11.711615870286302,0.0168502398837573,-0.4997159887534717,0.27055433963907594,0.0,-5.551115123125783e-17,5.020790363204239,-11.940777519400697
40.0000000000003,0.0,403.0,439.05149432467107,419.80759306739657,1.1102002780615545,PILOT_DESC_MINPAY_ACC,caténaire,,12.591512333508025,0.5,12.591512333508025,0.412494920207594,-0.9109599007656324,0.0336716311364243,-0.9994329498553731,29.653097781394994,-416.5312568601114,0.0,-25.0,-0.01683581556821215,0.49971647492768656,0.01446213217839028,33.32928439610342,8.829000000000008,-0.0023736833898218707,8.710310979154201e-07,5.193934875303328,-11.470362825821706,0.01683581556821215,-0.49971647492768656,0.270622770216953,0.0,0.0,5.2107706908715405,-11.699456530532439
40.1000000000003,0.0,403.0,439.1624756187349,419.735088823964,1.1098129406380468,PILOT_DESC_MINPAY_ACC,caténaire,Fx:(t>40:5),12.589082290091232,0.5,12.589082290091232,0.402492665864686,-0.9154232102831664,0.03366589242561279,-0.9994331431802664,29.651700521156346,-416.58193365121224,5.0,-25.0,-0.016832946212806395,0.4997165715901332,0.014478525070128404,33.32928401417853,8.829000000000008,4.997645578857322,5.857686602439571e-07,5.067013291728727,-11.524338124514273,0.016832946212806395,-0.4997165715901332,0.2706911769201076,0.0,1.1102230246251565e-16,5.0838462379415335,-11.753363519184298
40.2000000000003,0.0,403.0,439.2734215667419,421.22781153760224,1.1094594800697724,PILOT_DESC_MINPAY_ACC,caténaire,,12.582349147003827,0.5,12.582349147003827,0.3591674114969957,-0.9332731489325875,0.033654152430682524,-0.999433538572812,29.651969142777318,-416.6326104421178,5.0,-25.0,-0.016827076215341262,0.499716769286406,-0.0005351205780798424,33.32928375734377,8.829000000000008,4.982637803206579,5.266301670303619e-07,4.5191697736807965,-11.742768609393517,0.016827076215341262,-0.499716769286406,0.2707595618366427,0.0,5.551115123125783e-17,4.535996849896137,-11.97172581684328
40.3000000000003,0.0,403.0,439.3843461885434,419.56113983263333,1.1092462180154121,PILOT_DESC_MINPAY_ACC,caténaire,,12.553874112002118,0.5,12.553874112002118,0.3271953228527304,-0.944956729540193,0.033688760336151424,-0.9994323726130814,29.653898643666025,-416.6832872328479,5.0,-25.0,-0.016844380168075712,0.4997161863065407,-0.027609572807328443,33.329283526454184,8.829000000000008,4.955546047024596,-2.872392812491853e-07,4.107568893129067,-11.862867823936817,0.016844380168075712,-0.4997161863065407,0.270827933608121,0.0,-5.551115123125783e-17,4.124413273297143,-12.091756076635237
40.400000000000304,0.0,403.0,439.495257714142,420.2118507503573,1.1091152559859183,PILOT_DESC_MINPAY_ACC,caténaire,,12.457565623409058,0.5,12.457565623409058,0.3216732138880519,-0.9468507503650888,0.03368220305347013,-0.9994325936237344,29.65747999323707,-416.73396402367365,5.0,-25.0,-0.016841101526735066,0.4997162968118672,-0.09511809618625058,33.32928365236676,8.829000000000008,4.888040802287015,-5.082137732870251e-08,4.007265171303305,-11.795455358247203,0.016841101526735066,-0.4997162968118672,0.27089629730735554,0.0,0.0,4.02410627283004,-12.024275357751714
40.500000000000306,0.0,403.0,439.60614991778004,420.78144348392044,1.1089220363807346,PILOT_DESC_MINPAY_ACC,caténaire,,12.575262343961256,0.5,12.575262343961256,0.3454432230535029,-0.9384396515740412,0.03371996639359035,-0.9994313202348701,29.662690689742217,-416.78464081451637,5.0,-25.0,-0.016859983196795176,0.49971566011743507,-0.2013544714377023,33.32928367464821,8.829000000000008,4.781785545365502,-6.652343600421773e-07,4.344039154841324,-11.801124812519161,0.016859983196795176,-0.49971566011743507,0.27096464909691076,0.0,5.551115123125783e-17,4.3608991380381195,-12.029875823539685
40.60000000000031,0.0,403.0,439.71705983753833,420.7642482777685,1.1090991975828182,PILOT_DESC_MINPAY_ACC,caténaire,,12.389686108041683,0.5,12.389686108041683,0.3487799735906585,-0.9372046361505579,0.0337723925899795,-0.9994295500427973,29.669495314762482,-416.8353176055808,5.0,-25.0,-0.01688619629498975,0.49971477502139866,-0.3433824670781927,33.32928396632577,8.829000000000008,4.639731336626817,-1.2586528441715927e-06,4.321274393559326,-11.611671260906828,0.01688619629498975,-0.49971477502139866,0.27103301180633665,0.0,1.1102230246251565e-16,4.338160589854316,-11.84035302412189
40.70000000000031,0.0,403.0,439.82795990352037,419.97936377647915,1.109000659820493,PILOT_DESC_MINPAY_ACC,caténaire,,12.330093385794177,0.5,12.330093385794177,0.31958944093123753,-0.9475561140350788,0.033824487492721066,-0.9994277883098183,29.677846516894956,-416.88599439706485,5.0,-25.0,-0.016912243746360533,0.49971389415490913,-0.5172109514579036,33.32928451820273,8.829000000000008,4.465876804795736,-1.5876423660188266e-06,3.9405676517959107,-11.683455374332757,0.016912243746360533,-0.49971389415490913,0.2711013684420872,0.0,0.0,3.957479895542271,-11.91206790004558
40.80000000000031,0.0,403.0,439.93885016694077,420.76905445324644,1.1089026342042625,PILOT_DESC_MINPAY_ACC,caténaire,,12.540459867510116,0.5,12.540459867510116,0.2971921842883941,-0.954817681862822,0.033877392670047184,-0.9994259963928692,29.68768634462903,-416.9366711890781,5.0,-25.0,-0.016938696335023592,0.4997129981964346,-0.718033508145444,33.329285214310936,8.829000000000008,4.265027795519533,-1.7874926356853393e-06,3.7269266600062765,-11.97385282018976,0.016938696335023592,-0.4997129981964346,0.2711697190357302,0.0,0.0,3.7438653563413,-12.202396099350464
40.90000000000031,0.0,403.0,440.04978425938447,421.1675469588917,1.1093409244368797,PILOT_DESC_MINPAY_ACC,caténaire,,12.481735692381903,0.5,12.481735692381903,0.2881201143606952,-0.9575942771867321,0.0338907888070845,-0.9994255422161441,29.698947848294942,-416.98734798168715,5.0,-25.0,-0.01694539440354225,0.49971277110807205,-0.9405079830857054,33.32928599804952,8.829000000000008,4.042546622510752,-1.2308424146567631e-06,3.5962391151090447,-11.952438668382284,0.01694539440354225,-0.49971277110807205,0.27123809664472753,0.0,1.1102230246251565e-16,3.6131845095125867,-12.180913342845628
41.00000000000031,0.0,403.0,440.1607561621455,420.3643543622422,1.1097190276101392,PILOT_DESC_MINPAY_ACC,caténaire,,12.541913802719746,0.5,12.541913802719746,0.2504432587423606,-0.9681312793988773,0.03395229499754604,-0.999423454629918,29.71155686750169,-417.0380247747065,5.0,-25.0,-0.01697614749877302,0.499711727314959,-1.1790503014813611,33.329286537739,8.829000000000008,3.803973551019866,-1.7349460463833566e-06,3.1410377636189253,-12.142219055937506,0.01697614749877302,-0.499711727314959,0.27130649755926634,0.0,0.0,3.158013911117698,-12.3706242856932
41.100000000000314,0.0,403.0,440.2717837195755,421.2553451818158,1.11027557430014,PILOT_DESC_MINPAY_ACC,caténaire,,12.497206688413732,0.5,12.497206688413732,0.24489899457058675,-0.9695485972648898,0.03397824246263476,-0.9994225728084944,29.725433877892115,-417.0887015683042,5.0,-25.0,-0.01698912123131738,0.4997112864042472,-1.4281096312598058,33.32928729844846,8.829000000000008,3.5549012475088766,-1.4151472953471966e-06,3.060553352933335,-12.116649214480933,0.01698912123131738,-0.4997112864042472,0.27137493277825664,0.0,0.0,3.0775424741646527,-12.344985568106924
41.200000000000315,0.0,403.0,440.38286145788567,420.27453948930065,1.1107773831014771,PILOT_DESC_MINPAY_ACC,caténaire,,12.626626102814667,0.5,12.626626102814667,0.2726363221898012,-0.9621171632513469,0.034014219825060824,-0.99942134900636,29.74049585536504,-417.1393783623736,5.0,-25.0,-0.017007109912530412,0.49971067450318,-1.6824172345685402,33.329287918889506,8.829000000000008,3.300575655518929,-1.4066073248386601e-06,3.4424769023371335,-12.148293687475457,0.017007109912530412,-0.49971067450318,0.2714433989277619,0.0,5.551115123125783e-17,3.459484012249664,-12.376560963050876
41.30000000000032,0.0,403.0,440.4940186948111,421.0053765818753,1.1115723692538606,PILOT_DESC_MINPAY_ACC,caténaire,,12.637960906320343,0.5,12.637960906320343,0.32750032636342913,-0.9448510656351334,0.034059110464794796,-0.9994198201928692,29.75665802472314,-417.19005515691185,5.0,-25.0,-0.017029555232397398,0.4997099100964346,-1.9371757673571182,33.32928853566683,8.829000000000008,3.0457946774104845,-1.554236746414972e-06,4.1389363213881705,-11.940990829791932,0.017029555232397398,-0.4997099100964346,0.27151191407866165,0.0,-5.551115123125783e-17,4.155965876620568,-12.169188825809705
41.40000000000032,0.0,403.0,440.60525760592395,420.91032617744554,1.1123891111289033,PILOT_DESC_MINPAY_ACC,caténaire,,12.640309393739717,0.5,12.640309393739717,0.36605306445936153,-0.9305939791337092,0.03410857329516389,-0.9994181333294732,29.77383545897371,-417.2407319519682,5.0,-25.0,-0.017054286647581945,0.4997090666647366,-2.1881964589604963,33.32928921712015,8.829000000000008,2.7947492543919217,-1.7162151237926082e-06,4.627023989292877,-11.762995816201446,0.017054286647581945,-0.4997090666647366,0.2715804795719361,0.0,0.0,4.644078275940459,-11.991124403294247
41.50000000000032,0.0,403.0,440.7165777573267,422.3267335457292,1.113201514027357,PILOT_DESC_MINPAY_ACC,caténaire,,12.558086322755424,0.5,12.558086322755424,0.37487541820911413,-0.9270751969622214,0.034138991417450276,-0.9994170947432304,29.791944476309077,-417.2914087475966,5.0,-25.0,-0.017069495708725138,0.4997085473716152,-2.431977149650701,33.32928996960495,8.829000000000008,2.550953354640574,-1.4830234391638442e-06,4.707717862149096,-11.642290351137063,0.017069495708725138,-0.4997085473716152,0.2716490951401394,0.0,5.551115123125783e-17,4.724787357857821,-11.870349803368539
41.60000000000032,0.0,403.0,440.8279612580956,420.76920490339614,1.1138350076888284,PILOT_DESC_MINPAY_ACC,caténaire,,12.648928910351477,0.5,12.648928910351477,0.35677046785321825,-0.9341920751471807,0.03418473107400716,-0.999415531278856,29.810903811429323,-417.3420855437194,5.0,-25.0,-0.01709236553700358,0.499707765639428,-2.665728574904659,33.32929061987923,8.829000000000008,2.3171790595583373,-1.6144813486107523e-06,4.512764285188195,-11.816529147150414,0.01709236553700358,-0.499707765639428,0.2717177497556553,0.0,0.0,4.529856650725198,-12.044519163034186
41.70000000000032,0.0,403.0,440.93942605013063,420.627166945388,1.1146479203502164,PILOT_DESC_MINPAY_ACC,caténaire,,12.60577923678732,0.5,12.60577923678732,0.3154660359470445,-0.9489368683763204,0.034214815059687355,-0.9994145018111511,29.830635539569425,-417.39276234038033,5.0,-25.0,-0.017107407529843677,0.49970725090557555,-2.8873535634482312,33.329291327726374,8.829000000000008,2.095539029021925,-1.4213680614716395e-06,3.9766952058528555,-11.962088672400203,0.017107407529843677,-0.49970725090557555,0.27178645447752076,0.0,-5.551115123125783e-17,3.9938026133826994,-12.190009468828258
41.800000000000324,0.0,403.0,441.05096093647484,420.14879164975673,1.1153488634418238,PILOT_DESC_MINPAY_ACC,caténaire,,12.805802330363202,0.5,12.805802330363202,0.2849096310153525,-0.9585543814279375,0.03424783929513374,-0.9994133706848306,29.8510657807192,-417.44343913751504,5.0,-25.0,-0.01712391964756687,0.4997066853424153,-3.0953994914958174,33.329291950933936,8.829000000000008,1.8874765888566158,-1.3637236548902365e-06,3.648496416799321,-12.275057931469739,0.01712391964756687,-0.4997066853424153,0.27185520240415,0.0,-5.551115123125783e-17,3.665620336446888,-12.502909414408004
41.900000000000325,0.0,403.0,441.162603956302,420.7749809823319,1.1164301982716398,PILOT_DESC_MINPAY_ACC,caténaire,,12.574092418672915,0.5,12.574092418672915,0.27767174629731217,-0.9606760126641037,0.034283195556334266,-0.9994121584723923,29.872125180731928,-417.49411593510433,5.0,-25.0,-0.017141597778167133,0.49970607923619614,-3.2889836070932934,33.32929254886926,8.829000000000008,1.6938747951285396,-1.3718945481855371e-06,3.491470199996702,-12.079628967640632,0.017141597778167133,-0.49970607923619614,0.2719240169821473,0.0,5.551115123125783e-17,3.508611797774869,-12.30741102989468
42.00000000000033,0.0,403.0,441.27430251164293,420.5510397027239,1.1169855534091386,PILOT_DESC_MINPAY_ACC,caténaire,,12.678660464819595,0.5,12.678660464819595,0.3071794863334393,-0.9516515975796627,0.03432410488260608,-0.9994107543067604,29.893749205676365,-417.5447927331509,5.0,-25.0,-0.01716205244130304,0.4997053771533802,-3.4677101407790967,33.32929315039355,8.829000000000008,1.5151278067796001,-1.472453071471591e-06,3.8946244089793676,-12.065667486515677,0.01716205244130304,-0.4997053771533802,0.27199286579115106,0.0,0.0,3.9117864614206708,-12.293379997877906
42.10000000000033,0.0,403.0,441.3860760668667,420.22459038505536,1.1177355522376275,PILOT_DESC_MINPAY_ACC,caténaire,,12.727361050152345,0.5,12.727361050152345,0.31607421748384595,-0.9487344670886446,0.03435463029762366,-0.9994097054647375,29.91587827322306,-417.5954695316883,5.0,-25.0,-0.01717731514881183,0.49970485273236875,-3.6315827956860542,33.329293795957355,8.829000000000008,1.351239889165134,-1.351310281449969e-06,4.022790684561282,-12.074886103361058,0.01717731514881183,-0.49970485273236875,0.2720617608286185,0.0,5.551115123125783e-17,4.039967999710094,-12.302529195264809
42.20000000000033,0.0,403.0,441.4979305478858,420.798812686475,1.118544810191348,PILOT_DESC_MINPAY_ACC,caténaire,,12.661879737865883,0.5,12.661879737865883,0.3013326527360682,-0.9535190781494851,0.034386475086579625,-0.9994086102946682,29.938457754066146,-417.6461463306761,5.0,-25.0,-0.017193237543289813,0.4997043051473341,-3.780921195342115,33.32929438843449,8.829000000000008,1.2018855671145952,-1.3064181842992184e-06,3.8154378100361983,-12.07334389528952,0.017193237543289813,-0.4997043051473341,0.27213070574716647,0.0,0.0,3.832631047579488,-12.300917494689688
42.30000000000033,0.0,403.0,441.6098480676672,420.4665174581552,1.119175197814094,PILOT_DESC_MINPAY_ACC,caténaire,,12.52079049266299,0.5,12.52079049266299,0.25408245047936456,-0.9671825620628204,0.03441785867878154,-0.9994075299916283,29.961437863431602,-417.6968231300994,5.0,-25.0,-0.01720892933939077,0.49970376499581415,-3.916281522540552,33.329294961247136,8.829000000000008,1.0665095481200573,-1.2737570571630386e-06,3.1813131303145425,-12.109890227745593,0.01720892933939077,-0.49970376499581415,0.2721996895215769,0.0,5.551115123125783e-17,3.1985220596539334,-12.337394303219831
42.40000000000033,0.0,403.0,441.7217970561531,421.04276210461,1.1194898848589316,PILOT_DESC_MINPAY_ACC,caténaire,,12.681747961789668,0.5,12.681747961789668,0.23037411763588864,-0.9731021354017706,0.03444314217593129,-0.9994066589517246,29.984773475979765,-417.74749992994725,5.0,-25.0,-0.017221571087965647,0.4997033294758623,-4.038388829192836,33.329295519703955,8.829000000000008,0.9443895997191989,-1.1508201893661862e-06,2.921546496778024,-12.340636022244578,0.017221571087965647,-0.4997033294758623,0.27226869269268245,0.0,5.551115123125783e-17,2.9387680678659893,-12.568070659027757
42.500000000000334,0.0,403.0,441.8338091920579,420.7571180130752,1.1201213590480903,PILOT_DESC_MINPAY_ACC,caténaire,,12.61710492939154,0.5,12.61710492939154,0.23495043917457425,-0.9720073513773827,0.03447000697152003,-0.9994057327328993,30.008423885061166,-417.79817673017874,5.0,-25.0,-0.017235003485760014,0.49970286636644967,-4.148079157505922,33.3292960243264,8.829000000000008,0.8346858390083174,-1.1093071563550438e-06,2.964394344272228,-12.26391874446839,0.017235003485760014,-0.49970286636644967,0.2723377347866243,0.0,-5.551115123125783e-17,2.981629347757988,-12.491283876048215
42.600000000000335,0.0,403.0,441.9458675794516,420.7988673840569,1.1205838739367882,PILOT_DESC_MINPAY_ACC,caténaire,,12.492352299791316,0.5,12.492352299791316,0.27670619230191834,-0.9609545687189244,0.03449604730003984,-0.9994048342492013,30.03235252275557,-417.84885353078,5.0,-25.0,-0.01724802365001992,0.4997024171246007,-4.2462510693647095,33.329296510704985,8.829000000000008,0.7365009069852704,-1.0721704200022941e-06,3.4567112377693676,-12.004583016530827,0.01724802365001992,-0.4997024171246007,0.272406805389081,0.0,1.1102230246251565e-16,3.4739592614193877,-12.231878628266346
42.70000000000034,0.0,403.0,442.0579447323785,421.1529811873109,1.120771529268707,PILOT_DESC_MINPAY_ACC,caténaire,,12.453852261362096,0.5,12.453852261362096,0.30694526147747436,-0.9517271701787887,0.034521253823015206,-0.99940396388772,30.056526660752304,-417.8995303317386,5.0,-25.0,-0.017260626911507603,0.49970198194386,-4.333828437516209,33.329296980783724,8.829000000000008,0.6489109355722835,-1.0372724261742405e-06,3.822650938765624,-11.852669570530857,0.017260626911507603,-0.49970198194386,0.2724758875582461,0.0,0.0,3.839911565677131,-12.07989566491647
42.80000000000034,0.0,403.0,442.1700329331955,421.45532884380395,1.1208820081702928,PILOT_DESC_MINPAY_ACC,caténaire,,12.4989655499489,0.5,12.4989655499489,0.3205741159131387,-0.9472234352076122,0.03454702943104549,-0.9994030732179536,30.080917102394228,-417.950207133043,5.0,-25.0,-0.017273514715522745,0.4997015366089768,-4.4117312601074055,33.32929743560939,8.829000000000008,0.5709952251770716,-1.0277816429038467e-06,4.006844831003646,-11.8393130847642,0.017273514715522745,-0.4997015366089768,0.2725449765371149,0.0,0.0,4.024118345719169,-12.066469644836063
42.90000000000034,0.0,403.0,442.28214175264776,421.46559839752877,1.1210881945228157,PILOT_DESC_MINPAY_ACC,caténaire,,12.641391626636947,0.5,12.641391626636947,0.30833634928696385,-0.9512774020801646,0.03457145740830776,-0.9994022285009502,30.10549787577788,-418.00088393469,5.0,-25.0,-0.01728572870415388,0.4997011142504751,-4.480854139746187,33.32929788624794,8.829000000000008,0.5018601315496589,-9.995015872732438e-07,3.89780054406403,-12.025470185265142,0.01728572870415388,-0.4997011142504751,0.272614078224908,0.0,0.0,3.9150862727681837,-12.25255722129071
43.00000000000034,0.0,403.0,442.39429908354793,421.18329720957496,1.121573309001645,PILOT_DESC_MINPAY_ACC,caténaire,,12.707501620800254,0.5,12.707501620800254,0.27303502331730606,-0.9620040935682749,0.03459568525726173,-0.9994013901138925,30.130245935872043,-418.0515607366702,5.0,-25.0,-0.017297842628630863,0.49970069505694625,-4.542051403995226,33.329298324474685,8.829000000000008,0.44065075337614257,-9.80468378486421e-07,3.469593001339902,-12.224668578235333,0.017297842628630863,-0.49970069505694625,0.2726832098142107,0.0,0.0,3.486890843968533,-12.451686063478068
43.10000000000034,0.0,403.0,442.50651460334547,420.9753297032398,1.1221551979755653,PILOT_DESC_MINPAY_ACC,caténaire,,12.622835163575283,0.5,12.622835163575283,0.2550348022247725,-0.9669318743604284,0.03461594020550461,-0.9994006887548601,30.155140879550668,-418.1022375389772,5.0,-25.0,-0.017307970102752306,0.49970034437743005,-4.596126965170117,33.32929875440196,8.829000000000008,0.38656506472713037,-9.012206163561132e-07,3.219262269458326,-12.205421664458573,0.017307970102752306,-0.49970034437743005,0.27275237727001367,0.0,-5.551115123125783e-17,3.236570239561078,-12.43236963156599
43.200000000000344,0.0,403.0,442.61876672215374,422.38197521802414,1.1225211880824262,PILOT_DESC_MINPAY_ACC,caténaire,,12.699758312810868,0.5,12.699758312810868,0.26741250395665545,-0.9635821463308833,0.034636282298069365,-0.9993999839646629,30.18016467825087,-418.1529143415846,5.0,-25.0,-0.017318141149034683,0.49969999198233145,-4.6438287582943305,33.329299149561216,8.829000000000008,0.3388531005566344,-8.584564596958444e-07,3.396074170073104,-12.237260372941774,0.017318141149034683,-0.49969999198233145,0.2728215672847324,0.0,5.551115123125783e-17,3.4133923112221387,-12.464138797639373
43.300000000000345,0.0,403.0,442.73106819939113,422.05568437011686,1.1230147723740718,PILOT_DESC_MINPAY_ACC,caténaire,,12.556837063041165,0.5,12.556837063041165,0.3166235712543027,-0.9485512712163595,0.03466092541584375,-0.999399129602041,30.205301427984587,-418.2035911444782,5.0,-25.0,-0.017330462707921875,0.4996995648010205,-4.685845484094092,33.3292995259532,8.829000000000008,0.29682405319798555,-9.092457844417368e-07,3.9757905945584833,-11.910803758604395,0.017330462707921875,-0.4996995648010205,0.27289078772302333,0.0,-5.551115123125783e-17,3.9931210572664053,-12.137612535682392
43.40000000000035,0.0,403.0,442.84338643700244,421.3828918995474,1.123182376112957,PILOT_DESC_MINPAY_ACC,caténaire,,12.524781552196048,0.5,12.524781552196048,0.3492737263548731,-0.9370207383394358,0.034685130727512385,-0.9993982898256408,30.23053711906937,-418.25426794767486,5.0,-25.0,-0.017342565363756193,0.4996991449128204,-4.72280621516963,33.32929992462665,8.829000000000008,0.25985121946661405,-9.30460537063027e-07,4.374577124516285,-11.735980057578885,0.017342565363756193,-0.4996991449128204,0.27296001849208157,0.0,5.551115123125783e-17,4.391919689880041,-11.962719183999624
43.50000000000035,0.0,403.0,442.9557141705776,422.0521718686144,1.1232773357515884,PILOT_DESC_MINPAY_ACC,caténaire,,12.401664573863561,0.5,12.401664573863561,0.3588376552685622,-0.9333999877658884,0.034709728464013365,-0.9993974358331897,30.25585942722731,-418.30494475118167,5.0,-25.0,-0.017354864232006682,0.49969871791659487,-4.7552822579447005,33.32930033257157,8.829000000000008,0.22736287782329256,-9.495118433733296e-07,4.450184237112393,-11.5757135615209,0.017354864232006682,-0.49969871791659487,0.27302925511426657,0.0,0.0,4.4675391013444,-11.802383024323227
43.60000000000035,0.0,403.0,443.0680265624238,423.01104435720714,1.1231239184623598,PILOT_DESC_MINPAY_ACC,caténaire,,12.526686141703745,0.5,12.526686141703745,0.33629430297572127,-0.9417569441135404,0.034731653114973574,-0.9993966741349007,30.281257523011192,-418.355621555005,5.0,-25.0,-0.017365826557486787,0.49969833706745037,-4.783789206220368,33.329300748890724,8.829000000000008,0.1988449672221444,-9.140418342212797e-07,4.212653184619889,-11.797093660680355,0.017365826557486787,-0.49969833706745037,0.27309848228010924,0.0,0.0,4.230019011177376,-12.023693515467695
43.70000000000035,0.0,403.0,443.18035080944003,421.58619490656474,1.1232424701621126,PILOT_DESC_MINPAY_ACC,caténaire,,12.576664277934281,0.5,12.576664277934281,0.29931580052463996,-0.9541541026250917,0.03475216551653066,-0.9993959610644381,30.306721900450814,-418.40629835913296,5.0,-25.0,-0.01737608275826533,0.49969798053221903,-4.808790388361844,33.32930114965774,8.829000000000008,0.17383352887989023,-8.698100515402984e-07,3.7643943362795422,-12.000075818129432,0.01737608275826533,-0.49969798053221903,0.27316771675324736,0.0,-5.551115123125783e-17,3.7817704190378074,-12.226606081908402
43.80000000000035,0.0,403.0,443.2926963126023,421.33411942228327,1.1234550316225327,PILOT_DESC_MINPAY_ACC,caténaire,,12.763411183791103,0.5,12.763411183791103,0.27597154542605573,-0.9611658057354903,0.0347688676666516,-0.9993953801380007,30.332244222400064,-418.4569751635509,5.0,-25.0,-0.0173844338333258,0.49969769006900033,-4.830700213523397,33.32930153105933,8.829000000000008,0.15191535264327705,-7.788716800405382e-07,3.522338309299034,-12.267754394401942,0.0173844338333258,-0.49969769006900033,0.27323696432825895,0.0,0.0,3.53972274313236,-12.494215120142684
43.900000000000354,0.0,403.0,443.40509882725263,421.8988780373403,1.1240251465032873,PILOT_DESC_MINPAY_ACC,caténaire,,12.668655194907396,0.5,12.668655194907396,0.27952819544958546,-0.9601374838785841,0.03478840494077091,-0.999394700246943,30.357817182800193,-418.50765196822846,5.0,-25.0,-0.017394202470385454,0.4996973501234715,-4.849888267694695,33.32930187253376,8.829000000000008,0.13271752983491947,-7.773427768142938e-07,3.541246325405481,-12.163650722963741,0.017394202470385454,-0.4996973501234715,0.2733062470440388,0.0,5.551115123125783e-17,3.558640527875866,-12.390041826043174
44.000000000000355,0.0,403.0,443.51753418061713,422.0229629594362,1.1243535336448238,PILOT_DESC_MINPAY_ACC,caténaire,,12.571659118153624,0.5,12.571659118153624,0.32365179537765054,-0.9461762601908926,0.03480644197313808,-0.9993940722243506,30.383434382376937,-418.5583287731651,5.0,-25.0,-0.01740322098656904,0.4996970361121753,-4.866682619371032,33.32930221333527,8.829000000000008,0.11591415964239893,-7.505525658757506e-07,4.068840044466231,-11.89500540880933,0.01740322098656904,-0.4996970361121753,0.27337555000096103,0.0,0.0,4.086243265452801,-12.121326894920545
44.10000000000036,0.0,403.0,443.62998012359685,422.02004211186926,1.1244594297974275,PILOT_DESC_MINPAY_ACC,caténaire,,12.624274113458053,0.5,12.624274113458053,0.35026395728802023,-0.936651034390576,0.03483190415613308,-0.9993931851142762,30.40909022000689,-418.60900557835197,5.0,-25.0,-0.01741595207806654,0.4996965925571381,-4.881374385331987,33.329302542472654,8.829000000000008,0.10120966258994635,-8.64970218117378e-07,4.421828208868531,-11.824539406800657,0.01741595207806654,-0.4996965925571381,0.2734448594851154,0.0,5.551115123125783e-17,4.439244160946598,-12.050791139872679
44.20000000000036,0.0,403.0,443.74244651428245,422.11953038874975,1.1246639068562396,PILOT_DESC_MINPAY_ACC,caténaire,,12.486120875191794,0.5,12.486120875191794,0.3497072213710001,-0.9368590391947844,0.03485505910856211,-0.9993923778249155,30.434779794191044,-418.65968238382715,5.0,-25.0,-0.017427529554281056,0.49969618891245776,-4.89422050859483,33.329302921705924,8.829000000000008,0.088351961850889,-8.89381624347152e-07,4.366486636965762,-11.697735206402125,0.017427529554281056,-0.49969618891245776,0.2735141815728364,0.0,-5.551115123125783e-17,4.383914166520043,-11.923917213741746
44.30000000000036,0.0,403.0,443.8549040363354,421.298197262967,1.1245752205300432,PILOT_DESC_MINPAY_ACC,caténaire,,12.713787097275715,0.5,12.713787097275715,0.3162759147014895,-0.9486672471313301,0.0348758683576564,-0.9993916518594196,30.460498819029148,-418.71035918959876,5.0,-25.0,-0.0174379341788282,0.4996958259297098,-4.905448457627962,33.3293033116313,8.829000000000008,0.07711360819321023,-8.624389948863609e-07,4.021064643510872,-12.061153406186376,0.0174379341788282,-0.4996958259297098,0.2735834981941055,0.0,5.551115123125783e-17,4.0385025776897,-12.28726573392198
44.40000000000036,0.0,403.0,443.9673994383319,421.71410632613197,1.1249540199643486,PILOT_DESC_MINPAY_ACC,caténaire,,12.718742991208819,0.5,12.718742991208819,0.3026438475365608,-0.9531037202467876,0.034895890134456556,-0.9993909529567115,30.486243548403316,-418.7610359956579,5.0,-25.0,-0.017447945067228278,0.49969547647835577,-4.9152587275122395,33.32930368981779,8.829000000000008,0.06729332742053185,-8.337038579497857e-07,3.849249314688103,-12.12228126178388,0.017447945067228278,-0.49969547647835577,0.2736528381638322,0.0,-5.551115123125783e-17,3.8666972597553313,-12.348323900098405
44.50000000000036,0.0,403.0,444.0799302251417,423.7848592258388,1.1253078680984632,PILOT_DESC_MINPAY_ACC,caténaire,,12.648963556067129,0.5,12.648963556067129,0.31360704527099775,-0.9495528532716829,0.03491148496868638,-0.9993904083076249,30.512010708886624,-418.81171280199493,5.0,-25.0,-0.01745574248434319,0.49969520415381247,-4.923827684306884,33.32930405536817,8.829000000000008,0.05871657320877244,-7.404780291153656e-07,3.966804086558745,-12.010859435593074,0.01745574248434319,-0.49969520415381247,0.27372219994406716,0.0,-5.551115123125783e-17,3.984259829043088,-12.23683243980282
44.600000000000364,0.0,403.0,444.1924791806559,422.0401803113175,1.125489555141727,PILOT_DESC_MINPAY_ACC,caténaire,,12.594869680013248,0.5,12.594869680013248,0.36858657704816244,-0.9295934246862544,0.034934050565384095,-0.9993896197735372,30.537797441561,-418.8623896085788,5.0,-25.0,-0.017467025282692047,0.4996948098867686,-4.931310596258325,33.329304380019366,8.829000000000008,0.051222378458982476,-8.100938728716756e-07,4.642299903723768,-11.708108039320585,0.017467025282692047,-0.4996948098867686,0.2737915729231368,0.0,-5.551115123125783e-17,4.6597669290064605,-11.934011276284217
44.700000000000365,0.0,403.0,444.3050339270054,421.87247541846324,1.1255474634954066,PILOT_DESC_MINPAY_ACC,caténaire,,12.483283681594312,0.5,12.483283681594312,0.40538644259114587,-0.9141454108418942,0.03495672820517042,-0.999388826810261,30.563601248361532,-418.91306641543264,5.0,-25.0,-0.01747836410258521,0.4996944134051305,-4.937843079080174,33.32930473517672,8.829000000000008,0.04467855681724053,-8.514181573104906e-07,5.060553963537621,-11.411536489766945,0.01747836410258521,-0.4996944134051305,0.27386094947156425,0.0,0.0,5.078032327640206,-11.637369953700512
44.80000000000037,0.0,403.0,444.4175718077727,422.9832788567306,1.1253788076727889,PILOT_DESC_MINPAY_ACC,caténaire,,12.342080831025132,0.5,12.342080831025132,0.41368517272430577,-0.910420000806255,0.03497441623122477,-0.9993882079598924,30.589419948014335,-418.9637432225703,5.0,-25.0,-0.017487208115612385,0.4996941039799462,-4.943544547064056,33.32930510850317,8.829000000000008,0.03896824482033079,-7.875168890336681e-07,5.1057358403599755,-11.236477240132764,0.017487208115612385,-0.4996941039799462,0.27393031562437603,0.0,-5.551115123125783e-17,5.123223048475588,-11.462241028488334
44.90000000000037,0.0,403.0,444.530066493154,421.77308639259496,1.1249468538128584,PILOT_DESC_MINPAY_ACC,caténaire,,12.495147868068049,0.5,12.495147868068049,0.3967659062057835,-0.9179198307437876,0.034988135496887084,-0.9993877277485708,30.61525163708208,-419.0144200299705,5.0,-25.0,-0.017494067748443542,0.4996938638742854,-4.948520003246414,33.32930545379089,8.829000000000008,0.03398592900514252,-6.823348357443138e-07,4.957648667049283,-11.469544016175622,0.017494067748443542,-0.4996938638742854,0.2739996551523952,0.0,0.0,4.975142734797727,-11.695238224897512
45.00000000000037,0.0,403.0,444.64255312662146,423.0083823659739,1.1248663346750765,PILOT_DESC_MINPAY_ACC,caténaire,,12.482926642367417,0.5,12.482926642367417,0.3493471821038722,-0.9369933544887519,0.035006980798614126,-0.9993870678047448,30.641094654792823,-419.0650968375981,5.0,-25.0,-0.017503490399307063,0.4996935339023724,-4.952861361574509,33.329305752945544,8.829000000000008,0.029635148026183167,-7.131520902703414e-07,4.360875246920409,-11.696419308468858,0.017503490399307063,-0.4996935339023724,0.27406898971737187,0.0,5.551115123125783e-17,4.378378737319716,-11.922043852653857
45.10000000000037,0.0,403.0,444.75503026769405,421.7730362362931,1.1247714107260565,PILOT_DESC_MINPAY_ACC,caténaire,,12.51159201958646,0.5,12.51159201958646,0.31770740944854364,-0.9481888008099945,0.035027478813474365,-0.9993863495805673,30.666947550886242,-419.11577364546343,5.0,-25.0,-0.017513739406737183,0.49969317479028363,-4.956648505269051,33.32930606563355,8.829000000000008,0.025837755324212175,-7.595761744028096e-07,3.975025488619887,-11.863351433275582,0.017513739406737183,-0.49969317479028363,0.2741383184314216,0.0,0.0,3.992539228026624,-12.088906289634444
45.20000000000037,0.0,403.0,444.8675047868117,422.3182017402824,1.12474519117632,PILOT_DESC_MINPAY_ACC,caténaire,,12.33632610283909,0.5,12.33632610283909,0.3137340795542412,-0.9495108884716664,0.03504715924189294,-0.9993856596074778,30.69280905956477,-419.16645045358194,5.0,-25.0,-0.01752357962094647,0.4996928298037389,-4.959951552456687,33.329306398659,8.829000000000008,0.02252486792236663,-7.715372660754838e-07,3.870325914955181,-11.713475958382954,0.01752357962094647,-0.4996928298037389,0.2742076455293495,0.0,-5.551115123125783e-17,3.8878494945761277,-11.938961142657343
45.300000000000374,0.0,403.0,444.9799420719811,422.04562009748236,1.1243728516939464,PILOT_DESC_MINPAY_ACC,caténaire,,12.499665167736598,0.5,12.499665167736598,0.3410275798770517,-0.9400532909166379,0.03505974859709929,-0.9993852180357222,30.718678076532605,-419.2171272619576,5.0,-25.0,-0.017529874298549644,0.4996926090178611,-4.962831984349881,33.329306736918355,8.829000000000008,0.01963814135156916,-6.540637897956003e-07,4.262730561426693,-11.750351376286858,0.017529874298549644,-0.4996926090178611,0.27427694967699856,0.0,0.0,4.280260435725243,-11.97576703562772
45.400000000000375,0.0,403.0,445.0923786854268,422.71139740135953,1.1243661344570581,PILOT_DESC_MINPAY_ACC,caténaire,,12.415969298640992,0.5,12.415969298640992,0.35389518982953205,-0.9352850873479804,0.03507912558965475,-0.9993845380772434,30.744553639547558,-419.26780407055134,5.0,-25.0,-0.017539562794827376,0.4996922690386217,-4.965343950103249,33.32930702373596,8.829000000000008,0.017116487101923816,-7.072254319950844e-07,4.3939518118601955,-11.612470929989284,0.017539562794827376,-0.4996922690386217,0.27434625341061025,0.0,0.0,4.411491374655022,-11.837816945617295
45.50000000000038,0.0,403.0,445.20479811919773,422.33185450794747,1.1241943377090096,PILOT_DESC_MINPAY_ACC,caténaire,,12.365319628076678,0.5,12.365319628076678,0.3449423086425427,-0.9386238883111555,0.03509803878435878,-0.999383874031141,30.77043490805821,-419.3184808793808,5.0,-25.0,-0.01754901939217939,0.4996919370155705,-4.967533882886833,33.32930733380703,8.829000000000008,0.014917097720987371,-7.291774082318625e-07,4.265321899611717,-11.606384389515583,0.01754901939217939,-0.4996919370155705,0.2744155465550058,0.0,0.0,4.282870919003896,-11.831660779976149
45.60000000000038,0.0,403.0,445.3171921192872,422.9500482180753,1.1239400008944624,PILOT_DESC_MINPAY_ACC,caténaire,,12.316000847896742,0.5,12.316000847896742,0.30536743867591254,-0.9522345968281729,0.03511978201852043,-0.9993831101789602,30.79632114893477,-419.3691576884533,5.0,-25.0,-0.017559891009260215,0.4996915550894801,-4.969442813189869,33.32930765352342,8.829000000000008,0.01299729580087039,-7.91387108733943e-07,3.760905633652595,-11.72772210193239,0.017559891009260215,-0.4996915550894801,0.27448482402257657,0.0,-5.551115123125783e-17,3.778465524661855,-11.952928832999294
45.70000000000038,0.0,403.0,445.429553517945,422.3942475582739,1.1236139865782284,PILOT_DESC_MINPAY_ACC,caténaire,,12.46391946807029,0.5,12.46391946807029,0.2813191488489656,-0.9596142644265421,0.035137587760283806,-0.9993824843003746,30.822211722243264,-419.4198344977896,5.0,-25.0,-0.017568793880141903,0.4996912421501873,-4.971106366774418,33.32930800053087,8.829000000000008,0.011324839345440374,-7.573189506615563e-07,3.506339216079586,-11.96055491222393,0.017568793880141903,-0.4996912421501873,0.2745540813952613,0.0,-1.1102230246251565e-16,3.5239080099597277,-12.185692072978856
45.80000000000038,0.0,403.0,445.54191530702286,422.70943454699386,1.123617890778365,PILOT_DESC_MINPAY_ACC,caténaire,,12.41217560492241,0.5,12.41217560492241,0.2888436108235665,-0.957376294090471,0.035156895295563276,-0.9993818052742289,30.848106070498204,-419.4705113073784,5.0,-25.0,-0.017578447647781638,0.49969090263711446,-4.972556085800877,33.32930833258432,8.829000000000008,0.009865466551342017,-7.647785764675064e-07,3.585177619901975,-11.883122682240767,0.017578447647781638,-0.49969090263711446,0.27462333900859326,0.0,0.0,3.6027560675497567,-12.108190245869288
45.90000000000038,0.0,403.0,445.6542672426253,425.0360395196469,1.1235193560244525,PILOT_DESC_MINPAY_ACC,caténaire,,12.453247176910073,0.5,12.453247176910073,0.3289317557749845,-0.9443536943554496,0.035172823120036806,-0.9993812448279018,30.874003707241997,-419.5211881172221,5.0,-25.0,-0.017586411560018403,0.4996906224139509,-4.9738191593818355,33.32930866792765,8.829000000000008,0.008594429058145892,-7.096584084820279e-07,4.0962684590009,-11.7602699782366,0.017586411560018403,-0.4996906224139509,0.2746925905484354,0.0,0.0,4.113854870560918,-11.985268010102116
46.000000000000384,0.0,403.0,445.7666186647793,424.1212520105948,1.123514221540194,PILOT_DESC_MINPAY_ACC,caténaire,,12.293428178129249,0.5,12.293428178129249,0.35547886596157025,-0.9346843188235672,0.0351893028358566,-0.9993806646948531,30.899904208795476,-419.57186492730233,5.0,-25.0,-0.0175946514179283,0.49969033234742655,-4.97491963303275,33.3293089790455,8.829000000000008,0.007485715549321981,-6.886070806899625e-07,4.370053907541398,-11.490474542681183,0.0175946514179283,-0.49969033234742655,0.2747618417717979,0.0,0.0,4.387648558959326,-11.71540303325681
46.100000000000385,0.0,403.0,445.8789377982896,423.0543707297229,1.1231913351030731,PILOT_DESC_MINPAY_ACC,caténaire,,12.43554408186963,0.5,12.43554408186963,0.3626507762012347,-0.9319251120774898,0.03520840653865545,-0.9993799918494509,30.92580720558747,-419.6225417376121,5.0,-25.0,-0.017604203269327726,0.49968999592472546,-4.975878240649935,33.32930928096666,8.829000000000008,0.006517556080736675,-7.231086200931713e-07,4.509759713774692,-11.58899581224092,0.017604203269327726,-0.49968999592472546,0.27483107309307075,0.0,5.551115123125783e-17,4.52736391704402,-11.813854735072576
46.20000000000039,0.0,403.0,445.9912564297455,423.28751493939615,1.1231863145589758,PILOT_DESC_MINPAY_ACC,caténaire,,12.394130084027543,0.5,12.394130084027543,0.34357222275783156,-0.93912625761888,0.03523028946133089,-0.9993792206687464,30.95171237489816,-419.6732185481629,5.0,-25.0,-0.017615144730665444,0.4996896103343732,-4.976712942666826,33.32930959799135,8.829000000000008,0.005671912602507767,-7.916742887914552e-07,4.258278822119053,-11.639653002254361,0.017615144730665444,-0.4996896103343732,0.27490030410488714,0.0,5.551115123125783e-17,4.2758939668497185,-11.864442308483847
46.30000000000039,0.0,403.0,446.10356645872025,423.52911098454985,1.1231002897479507,PILOT_DESC_MINPAY_ACC,caténaire,,12.2889497888742,0.5,12.2889497888742,0.2899626820276198,-0.957037952764335,0.03525259680364066,-0.9993784340371769,30.977619434846385,-419.7238953589776,5.0,-25.0,-0.01762629840182033,0.4996892170185884,-4.977439400272997,33.32930994514833,8.829000000000008,0.004934301325182133,-8.378330846880999e-07,3.5633368400847156,-11.760991347567872,0.01762629840182033,-0.4996892170185884,0.27496952981430206,0.0,0.0,3.580963138486536,-11.985711034772159
46.40000000000039,0.0,403.0,446.2158478394887,423.1434682008679,1.122813807684417,PILOT_DESC_MINPAY_ACC,caténaire,,12.250714134426122,0.5,12.250714134426122,0.2560921542700967,-0.9666523721179715,0.03527392805638898,-0.9993776813594912,31.003528139561716,-419.77457217007156,5.0,-25.0,-0.01763696402819449,0.4996888406797456,-4.978071427874192,33.32931031249322,8.829000000000008,0.00429160809761342,-8.468270422667956e-07,3.1373117740323084,-11.842181878182172,0.01763696402819449,-0.4996888406797456,0.2750387378655218,0.0,0.0,3.154948738060503,-12.066831980996396
46.50000000000039,0.0,403.0,446.328095918003,422.6751173174231,1.1224807851431342,PILOT_DESC_MINPAY_ACC,caténaire,,12.215019898571487,0.5,12.215019898571487,0.24794167396458544,-0.968774961645706,0.03529135710153805,-0.9993770660336024,31.02943827481308,-419.8252489814478,5.0,-25.0,-0.017645678550769026,0.4996885330168012,-4.978621166445688,33.32931068380092,8.829000000000008,0.003733155003542876,-7.831822870230098e-07,3.028612481162535,-11.833605433740129,0.017645678550769026,-0.4996885330168012,0.2751079253898822,0.0,0.0,3.046258159713304,-12.058186041367048
46.60000000000039,0.0,403.0,446.4403070123075,423.2229603968431,1.1221109430456702,PILOT_DESC_MINPAY_ACC,caténaire,,12.120946682106043,0.5,12.120946682106043,0.2692271938292551,-0.9630766937803162,0.035303763177044506,-0.9993766278563547,31.055349654449447,-419.8759257930852,5.0,-25.0,-0.017651881588522253,0.49968831392817736,-4.979099393997433,33.32931102721942,8.829000000000008,0.003248724414045334,-6.588524144035546e-07,3.26328846177743,-11.673401256090182,0.017651881588522253,-0.49968831392817736,0.27517709011789776,0.0,5.551115123125783e-17,3.280940343365952,-11.89791247990046
46.700000000000394,0.0,403.0,446.55246613145005,423.06897952700166,1.1215911914253367,PILOT_DESC_MINPAY_ACC,caténaire,,12.187404183109289,0.5,12.187404183109289,0.33074507148418997,-0.943720137375969,0.03532120872297197,-0.9993760114263042,31.08126211699395,-419.9266026049421,5.0,-25.0,-0.017660604361485983,0.4996880057131521,-4.9795155833321605,33.32931131605583,8.829000000000008,0.0028238123063530907,-6.782310251196577e-07,4.030923867749197,-11.501498749940358,0.017660604361485983,-0.4996880057131521,0.275246222809438,0.0,0.0,4.048584472110684,-11.725940532844072
46.800000000000395,0.0,403.0,446.66459188849706,423.0463025713677,1.1212575704703627,PILOT_DESC_MINPAY_ACC,caténaire,,12.101097145960377,0.5,12.101097145960377,0.3811381915886044,-0.924518079278371,0.03534090453351777,-0.9993753151177752,31.107175520809225,-419.9772794170251,5.0,-25.0,-0.017670452266758886,0.4996876575588876,-4.979877351928037,33.32931161341603,8.829000000000008,0.0024521958052039494,-7.290250891855976e-07,4.61219028244936,-11.187683090544265,0.017670452266758886,-0.4996876575588876,0.27531533493723387,0.0,-5.551115123125783e-17,4.629860734716119,-11.412055413165918
46.9000000000004,0.0,403.0,446.7766704812289,423.22124235691734,1.1207859273186598,PILOT_DESC_MINPAY_ACC,caténaire,,12.0449889573171,0.5,12.0449889573171,0.41646035770664686,-0.9091538761171576,0.03535782893925376,-0.9993747164766089,31.1330897420231,-420.0279562293511,5.0,-25.0,-0.01767891446962688,0.49968735823830446,-4.980191522077663,33.32931193305768,8.829000000000008,0.0021295634527094265,-7.087040216902096e-07,5.016260409736891,-10.950748398333202,0.01767891446962688,-0.49968735823830446,0.27538441799386654,0.0,5.551115123125783e-17,5.033939324206518,-11.17505133857764
47.0000000000004,0.0,403.0,446.8886955264751,424.0172497866557,1.1202504524616483,PILOT_DESC_MINPAY_ACC,caténaire,,12.017848307738959,0.5,12.017848307738959,0.4314739808856993,-0.9021253814291267,0.035374040122419036,-0.9993741427940876,31.159004673091456,-420.07863304191335,5.0,-25.0,-0.017687020061209518,0.4996870713970438,-4.980464365291188,33.3293122438017,8.829000000000008,0.0018486146476028864,-6.848012645832569e-07,5.185388851020593,-10.841605988576392,0.017687020061209518,-0.4996870713970438,0.27545346804487447,0.0,0.0,5.203075871081802,-11.065839591928562
47.1000000000004,0.0,403.0,447.0006670720632,423.76385167967317,1.1197154558811941,PILOT_DESC_MINPAY_ACC,caténaire,,12.116427844638185,0.5,12.116427844638185,0.4218141158709936,-0.9066823322707748,0.035393071788630714,-0.9993734689641128,31.184920220364695,-420.1293098547039,5.0,-25.0,-0.017696535894315357,0.4996867344820564,-4.980701218936598,33.32931254407793,8.829000000000008,0.0016022451690869133,-7.214400241650765e-07,5.110880298800745,-10.985751056967107,0.017696535894315357,-0.4996867344820564,0.27552248511973754,0.0,5.551115123125783e-17,5.12857683469506,-11.209915306329426
47.2000000000004,0.0,403.0,447.1126103043493,422.83521379416703,1.1194323228606788,PILOT_DESC_MINPAY_ACC,caténaire,,12.023942269880513,0.5,12.023942269880513,0.38233292095237853,-0.9240246412060785,0.03541398665805231,-0.9993727280394354,31.21083630171966,-420.17998666773485,5.0,-25.0,-0.017706993329026154,0.4996863640197177,-4.980906511063305,33.32931286035493,8.829000000000008,0.0013864956076687918,-7.756253594948248e-07,4.597148969406189,-11.110418941808941,0.017706993329026154,-0.4996863640197177,0.27559148474283385,0.0,-5.551115123125783e-17,4.6148559627352155,-11.334513821085825
47.3000000000004,0.0,403.0,447.22450967739064,423.0150429528509,1.1189937304135182,PILOT_DESC_MINPAY_ACC,caténaire,,11.957150437178944,0.5,11.957150437178944,0.36533533917392896,-0.9308759798977897,0.03543318060382824,-0.9993720476940992,31.236752845239824,-420.2306634810244,5.0,-25.0,-0.01771659030191412,0.4996860238470496,-4.98108416308947,33.32931320048357,8.829000000000008,0.0011992466086159226,-7.756693918281599e-07,4.368369610520462,-11.130624129994233,0.01771659030191412,-0.4996860238470496,0.275660457331948,0.0,-1.1102230246251565e-16,4.386086200822376,-11.354649696509334
47.400000000000404,0.0,403.0,447.3363563380211,424.10973623303005,1.1184666063044868,PILOT_DESC_MINPAY_ACC,caténaire,,12.174061386728999,0.5,12.174061386728999,0.3740482623496608,-0.9274092394586111,0.03545152988908676,-0.9993713969433602,31.26266978850886,-420.2813402945725,5.0,-25.0,-0.01772576494454338,0.4996856984716801,-4.981237825411201,33.32931354053742,8.829000000000008,0.0010364096442554427,-7.609909076222721e-07,4.553686507444084,-11.290337011788786,0.01772576494454338,-0.4996856984716801,0.27572939743016106,0.0,-5.551115123125783e-17,4.571412272388628,-11.514293312830304
47.500000000000405,0.0,403.0,447.44819905844855,423.7507179140296,1.1184272042741616,PILOT_DESC_MINPAY_ACC,caténaire,,12.174816184891075,0.5,12.174816184891075,0.3424394667174706,-0.9395398935831593,0.035472871750855395,-0.999370639637641,31.288587077247776,-420.33201710837426,5.0,-25.0,-0.017736435875427697,0.4996853198188205,-4.981370624954384,33.329313874235844,8.829000000000008,0.0008929391701881784,-8.059453406872308e-07,4.16913756173733,-11.438725502747085,0.017736435875427697,-0.4996853198188205,0.27579833509970986,0.0,0.0,4.186873997612757,-11.662612487466195
47.600000000000406,0.0,403.0,447.56003850198937,424.23991922628187,1.1183944354082365,PILOT_DESC_MINPAY_ACC,caténaire,,11.993845495938377,0.5,11.993845495938377,0.32634102681068744,-0.9452521008811068,0.03549352321600466,-0.9993699063958824,31.314504663633084,-420.3826939224447,5.0,-25.0,-0.01774676160800233,0.4996849531979412,-4.981485042439799,33.32931422759876,8.829000000000008,0.0007681959521983472,-8.19203307855787e-07,3.914083854553269,-11.337207652679151,0.01774676160800233,-0.4996849531979412,0.2758672707494497,0.0,0.0,3.931830616161271,-11.561025335127642
47.70000000000041,0.0,403.0,447.6718389201394,424.1137875876702,1.1180041815003259,PILOT_DESC_MINPAY_ACC,caténaire,,11.727683160159085,0.5,11.727683160159085,0.3412806918485732,-0.9399614297253686,0.035516523452286904,-0.9993690892567485,31.34042250608371,-420.43337073678816,5.0,-25.0,-0.017758261726143452,0.49968454462837425,-4.981583476902521,33.32931458679374,8.829000000000008,0.0006582613713357333,-8.685778922767895e-07,4.002431822679954,-11.023569830589262,0.017758261726143452,-0.49968454462837425,0.2759361823447006,0.0,5.551115123125783e-17,4.020190084406098,-11.247318192872935
47.80000000000041,0.0,403.0,447.78355110056833,424.76721569632616,1.117121804289093,PILOT_DESC_MINPAY_ACC,caténaire,,11.73685914496262,0.5,11.73685914496262,0.39079943114359017,-0.9204758577050494,0.03553423793405323,-0.9993684595455503,31.36634056795479,-420.48404755142116,5.0,-25.0,-0.017767118967026613,0.49968422977277516,-4.981667825432046,33.329314967597256,8.829000000000008,0.0005650556009273444,-8.026299767038836e-07,4.586757877263836,-10.80349548822282,0.017767118967026613,-0.49968422977277516,0.2760050395519426,0.0,0.0,4.604524996230863,-11.027174678443654
47.90000000000041,0.0,403.0,447.8951858195328,423.99846582341087,1.116347189644886,PILOT_DESC_MINPAY_ACC,caténaire,,11.928352098991256,0.5,11.928352098991256,0.4272643174653961,-0.9041267626947171,0.035550085008520825,-0.9993678959501786,31.392258818177737,-420.5347243663217,5.0,-25.0,-0.017775042504260413,0.4996839479750893,-4.981740231296583,33.329315319539546,8.829000000000008,0.0004847261991569596,-7.324853754653304e-07,5.096559218062424,-10.784742367543698,0.017775042504260413,-0.4996839479750893,0.27607384901345017,0.0,0.0,5.114334260566684,-11.008352466505338
48.00000000000041,0.0,403.0,448.00678923878456,426.0536879876362,1.116034192517501,PILOT_DESC_MINPAY_ACC,caténaire,,11.565530139498764,0.5,11.565530139498764,0.4451450827206847,-0.8954584609738157,0.03556997853028636,-0.9993671880882197,31.418177229976084,-420.5854011814664,5.0,-25.0,-0.01778498926514318,0.49968359404410984,-4.981802344222685,33.32931564067661,8.829000000000008,0.0004126665121715334,-7.652792888279691e-07,5.148338870655749,-10.356451819061842,0.01778498926514318,-0.49968359404410984,0.27614263918242576,0.0,0.0,5.1661238599208925,-10.579992773923525
48.10000000000041,0.0,403.0,448.1182920406754,424.4114962415429,1.1150280189083326,PILOT_DESC_MINPAY_ACC,caténaire,,11.789991478263108,0.5,11.789991478263108,0.4446931307195179,-0.8956829905110815,0.03558535567286465,-0.9993666406587902,31.444095779329935,-420.6360779968662,5.0,-25.0,-0.017792677836432326,0.4996833203293951,-4.9818552237085925,33.329315976244295,8.829000000000008,0.00035209845497519154,-7.03426316306377e-07,5.242928221625258,-10.560094825350866,0.017792677836432326,-0.4996833203293951,0.27621136733282436,0.0,0.0,5.26072089946169,-10.783566778347438
48.200000000000415,0.0,403.0,448.22974929576304,426.34621685992084,1.1145725508766704,PILOT_DESC_MINPAY_ACC,caténaire,,11.470098859014527,0.5,11.470098859014527,0.4046990667725178,-0.9144499250114536,0.03561164924853964,-0.9993657040532254,31.470014446049937,-420.6867548125005,5.0,-25.0,-0.01780582462426982,0.4996828520266127,-4.98190034216758,33.32931628467047,8.829000000000008,0.00029383320815057345,-8.633029295879169e-07,4.641938304031701,-10.488831041499793,0.01780582462426982,-0.4996828520266127,0.2762800674090625,0.0,5.551115123125783e-17,4.65974412865597,-10.712233826117343
48.300000000000416,0.0,403.0,448.3411016965643,424.7374628389205,1.1135240080125377,PILOT_DESC_MINPAY_ACC,caténaire,,11.606073556026052,0.5,11.606073556026052,0.37161427393622126,-0.9283872206180216,0.03562738010548392,-0.9993651433719406,31.495933210714345,-420.73743162842254,5.0,-25.0,-0.01781369005274196,0.4996825716859703,-4.981937994581568,33.32931666315611,8.829000000000008,0.00024831536569003276,-7.65157921023274e-07,4.312982597772999,-10.774930370967345,0.01781369005274196,-0.4996825716859703,0.2763487028551655,0.0,5.551115123125783e-17,4.330796287825741,-10.99826423979815
48.40000000000042,0.0,403.0,448.45238703962656,423.98355567923,1.1128534306226028,PILOT_DESC_MINPAY_ACC,caténaire,,11.552233807630023,0.5,11.552233807630023,0.3710194506557788,-0.9286250950922468,0.03565173287772894,-0.9993642748982051,31.52185205815054,-420.78810844459963,5.0,-25.0,-0.01782586643886447,0.49968213744910256,-4.981969814352111,33.32931699864902,8.829000000000008,0.00020431920902375111,-8.639018886924532e-07,4.286103441154006,-10.727694218138298,0.01782586643886447,-0.49968213744910256,0.2764172969681872,0.0,0.0,4.303929307592871,-10.950959058619214
48.50000000000042,0.0,403.0,448.5636013787953,424.6576327949758,1.1121433916874177,PILOT_DESC_MINPAY_ACC,caténaire,,11.794058708098348,0.5,11.794058708098348,0.3777320748937104,-0.9259149418799182,0.03566910620937425,-0.9993636549636096,31.547770973693137,-420.8387852610647,5.0,-25.0,-0.017834553104687127,0.4996818274818048,-4.981995996418041,33.32931737743375,8.829000000000008,0.00016945047727201512,-7.950844462811801e-07,4.454994267228223,-10.920295183237224,0.017834553104687127,-0.4996818274818048,0.27648584731579495,0.0,0.0,4.47282882033291,-11.143491163403233
48.60000000000042,0.0,403.0,448.6748002953131,423.851975812965,1.1119891651782945,PILOT_DESC_MINPAY_ACC,caténaire,,11.851108252513876,0.5,11.851108252513876,0.36324325713515304,-0.9316943362207614,0.035684310873079765,-0.9993631121657,31.573689945719227,-420.88946207779475,5.0,-25.0,-0.017842155436539883,0.49968155608285,-4.98201771035467,33.32931772601141,8.829000000000008,0.00014013420878988825,-7.179057490702689e-07,4.304835162304432,-11.041610436806303,0.017842155436539883,-0.49968155608285,0.2765543881571819,0.0,-1.1102230246251565e-16,4.322677317740972,-11.264737604731971
48.70000000000042,0.0,403.0,448.785996857096,424.24699971803244,1.111965617828632,PILOT_DESC_MINPAY_ACC,caténaire,,11.726866504786901,0.5,11.726866504786901,0.3204423838689487,-0.9472680078100311,0.035699755687040695,-0.9993625605574212,31.59960896445672,-420.9401388947641,5.0,-25.0,-0.017849877843520347,0.4996812802787106,-4.982035667644428,33.32931804079304,8.829000000000008,0.00011445451205105428,-6.78928259389977e-07,3.757785058106841,-11.10848547184367,0.017849877843520347,-0.4996812802787106,0.27662292754715606,0.0,0.0,3.7756349359503614,-11.331543824575226
48.80000000000042,0.0,403.0,448.897166566892,424.20769711664167,1.1116970979600056,PILOT_DESC_MINPAY_ACC,caténaire,,11.880127842886234,0.5,11.880127842886234,0.29099317007513675,-0.9567251303115344,0.03571740529474693,-0.9993619299127874,31.62552802134572,-420.9908157119598,5.0,-25.0,-0.017858702647373464,0.4996809649563937,-4.982050334272114,33.329318338452346,8.829000000000008,9.0963080512374e-05,-6.965912646705874e-07,3.457036061899361,-11.36601685860302,0.017858702647373464,-0.4996809649563937,0.27669145038608983,0.0,5.551115123125783e-17,3.4748947645467347,-11.589006373173323
48.900000000000425,0.0,403.0,449.0083428776839,424.1465233971615,1.1117631079192363,PILOT_DESC_MINPAY_ACC,caténaire,,11.828138827037069,0.5,11.828138827037069,0.28853548911804355,-0.9574692013424827,0.03573934328093387,-0.9993611456034538,31.651447108555743,-421.04149252938765,5.0,-25.0,-0.017869671640466937,0.4996805728017269,-4.9820619906348576,33.32931864388773,8.829000000000008,6.833772467551569e-05,-7.833105470922419e-07,3.4128378218152626,-11.325078636091193,0.017869671640466937,-0.4996805728017269,0.2767599772937485,0.0,-5.551115123125783e-17,3.4307074934557296,-11.547999231599173
49.000000000000426,0.0,403.0,449.119514846985,423.9591991265178,1.111719693010991,PILOT_DESC_MINPAY_ACC,caténaire,,11.91762526062746,0.5,11.91762526062746,0.31921328105830726,-0.9476829011837188,0.03575997934732747,-0.999360407399192,31.67736621854501,-421.0921693470766,5.0,-25.0,-0.017879989673663735,0.499680203699596,-4.982070747706553,33.32931898730627,8.829000000000008,4.926261978344115e-05,-8.089941374578302e-07,3.804264261868256,-11.294129682211803,0.017879989673663735,-0.499680203699596,0.27682850152539706,0.0,0.0,3.8221442515419195,-11.516981384386002
49.10000000000043,0.0,403.0,449.2307009215509,423.9383916944008,1.111860745659276,PILOT_DESC_MINPAY_ACC,caténaire,,11.776825627722213,0.5,11.776825627722213,0.32770824223284273,-0.9447789730792385,0.03577607468015327,-0.9993598313322785,31.703285344955148,-421.1428461650352,5.0,-25.0,-0.017888037340076636,0.49967991566613923,-4.982077060420378,33.32931934201508,8.829000000000008,3.4902239544720715e-05,-7.423187824429078e-07,3.859362825543541,-11.12649722269265,0.017888037340076636,-0.49967991566613923,0.27689703445125546,0.0,-5.551115123125783e-17,3.8772508628836175,-11.349280103907534
49.20000000000043,0.0,403.0,449.34187164615906,424.87585009890574,1.1117072460811865,PILOT_DESC_MINPAY_ACC,caténaire,,11.704982226110015,0.5,11.704982226110015,0.3144044149772087,-0.9492891360606837,0.03578811536268756,-0.9993594002153515,31.729204482999368,-421.1935229832413,5.0,-25.0,-0.01789405768134378,0.49967970010767576,-4.982081532940467,33.329319667488825,8.829000000000008,2.4409378188927633e-05,-6.324035055627064e-07,3.680098089118746,-11.111412465029634,0.01789405768134378,-0.49967970010767576,0.27696555791569955,0.0,0.0,3.6979921468000896,-11.33412660722161
49.30000000000043,0.0,403.0,449.4530143022744,425.08695847423706,1.1114265611537464,PILOT_DESC_MINPAY_ACC,caténaire,,11.836799639924221,0.5,11.836799639924221,0.26595741662226524,-0.963984778170076,0.03580304740779161,-0.9993588653713518,31.755123629180048,-421.24419980165817,5.0,-25.0,-0.017901523703895805,0.4996794326856759,-4.982084660862033,33.3293199448107,8.829000000000008,1.3815434071418053e-05,-6.22503634417626e-07,3.1480846533096054,-11.410494675135986,0.017901523703895805,-0.4996794326856759,0.2770340640792726,0.0,5.551115123125783e-17,3.1659861770135014,-11.63314004374239
49.40000000000043,0.0,403.0,449.5641581753061,425.29981246637055,1.1114387303165119,PILOT_DESC_MINPAY_ACC,caténaire,,11.933999545178155,0.5,11.933999545178155,0.23102084926284103,-0.9729487998892212,0.035822303778159974,-0.999358175306544,31.781042779965873,-421.29487662028254,5.0,-25.0,-0.017911151889079987,0.499679087653272,-4.982086431230755,33.329320217721154,8.829000000000008,2.4168801653345895e-06,-6.946255837192439e-07,2.757002710029416,-11.611170535359598,0.017911151889079987,-0.499679087653272,0.2771025709929291,0.0,5.551115123125783e-17,2.774913861918496,-11.833747052019941
49.50000000000043,0.0,403.0,449.6753226985508,424.3487806577883,1.111645232446953,PILOT_DESC_MINPAY_ACC,caténaire,,11.703170541642102,0.5,11.703170541642102,0.21741897278119396,-0.9760783730186682,0.03583954963083882,-0.9993575569746088,31.80696193155732,-421.3455534391384,5.0,-25.0,-0.01791977481541941,0.4996787784873044,-4.98208674093909,33.32932052225931,8.829000000000008,-6.515754510161287e-06,-6.992533911898136e-07,2.5444913174469552,-11.423211661446029,0.01791977481541941,-0.4996787784873044,0.2771710906349739,0.0,0.0,2.5624110922623746,-11.645719349298359
49.600000000000435,0.0,403.0,449.78645975612494,425.36139025001137,1.1113705757412118,PILOT_DESC_MINPAY_ACC,caténaire,,11.52096557436142,0.5,11.52096557436142,0.2303432328260996,-0.973109446614933,0.03585528913389697,-0.9993569923911698,31.832881080976854,-421.39623025822743,5.0,-25.0,-0.017927644566948484,0.4996784961955849,-4.982085905983261,33.32932082889102,8.829000000000008,-1.3550550209906476e-05,-6.749134016104108e-07,2.6537764556766104,-11.211160434536534,0.017927644566948484,-0.4996784961955849,0.2772395933477155,0.0,-5.551115123125783e-17,2.671704100243559,-11.433599337384404
49.700000000000436,0.0,403.0,449.8975357684754,424.9110938737863,1.1107601235046167,PILOT_DESC_MINPAY_ACC,caténaire,,11.543826682398793,0.5,11.543826682398793,0.2783649302403208,-0.9604753852193721,0.03587470131777035,-0.9993562957250836,31.858800225879534,-421.4469070775414,5.0,-25.0,-0.017937350658885173,0.4996781478625418,-4.982084169556985,33.32932112483062,8.829000000000008,-2.1520215869763604e-05,-7.273068476365552e-07,3.2133965091522936,-11.087561379682647,0.017937350658885173,-0.4996781478625418,0.2773080584333728,0.0,0.0,3.231333859811179,-11.309931469111815
49.80000000000044,0.0,403.0,450.0085615271582,425.21388965513216,1.1102575868277764,PILOT_DESC_MINPAY_ACC,caténaire,,11.715317619063258,0.5,11.715317619063258,0.3163289052703117,-0.9486495789755489,0.03589496357505982,-0.9993555681487672,31.88471936360881,-421.49758389709785,5.0,-25.0,-0.01794748178752991,0.4996777840743836,-4.982081411865511,33.329321443724616,8.829000000000008,-2.8893653040817924e-05,-7.722010053612394e-07,3.7058935973322753,-11.11373112688919,0.01794748178752991,-0.4996777840743836,0.27737649254365043,0.0,-5.551115123125783e-17,3.723841079119805,-11.336032418419924
49.90000000000044,0.0,403.0,450.11957647047825,424.9948217320478,1.1101494332005617,PILOT_DESC_MINPAY_ACC,caténaire,,11.640500552858255,0.5,11.640500552858255,0.34319095310291686,-0.9392656544920142,0.035918941003354236,-0.9993547066368365,31.91063849170687,-421.54826071691167,5.0,-25.0,-0.017959470501677118,0.4996773533184182,-4.982077709312711,33.329321782283124,8.829000000000008,-3.71798143881108e-05,-8.643984656941939e-07,3.994914479330455,-10.93352237039506,0.017959470501677118,-0.4996773533184182,0.2774449199875496,0.0,0.0,4.012873949832132,-11.155754803725928
50.00000000000044,0.0,403.0,450.2305668312496,425.49660389431034,1.1099036077130844,PILOT_DESC_MINPAY_ACC,caténaire,,11.615188886887749,0.5,11.615188886887749,0.34559935995651814,-0.938382162233301,0.035941148229735216,-0.9993539082146666,31.936557607411658,-421.5989375370136,5.0,-25.0,-0.017970574114867608,0.4996769541073333,-4.9820729449371415,33.3293221612922,8.829000000000008,-4.3519052009166614e-05,-8.846004746487779e-07,4.014201845082468,-10.899486062425934,0.017970574114867608,-0.4996769541073333,0.2775133322792457,0.0,5.551115123125783e-17,4.032172419197336,-11.121649684254022
50.10000000000044,0.0,403.0,450.34153012002406,425.7339391361153,1.1096328877449229,PILOT_DESC_MINPAY_ACC,caténaire,,11.643792981198352,0.5,11.643792981198352,0.3205652785295096,-0.9472264260467494,0.03595733602427179,-0.9993533258993225,31.962476708610094,-421.6496143574104,5.0,-25.0,-0.017978668012135896,0.49967666294966123,-4.982067368228212,33.32932254912412,8.829000000000008,-4.6036240347824275e-05,-7.879262255983122e-07,3.732595740157799,-11.029308411208742,0.017978668012135896,-0.49967666294966123,0.2775817278842913,0.0,5.551115123125783e-17,3.750574408169935,-11.251403346274111
50.20000000000044,0.0,403.0,450.45247487939235,425.7373343158265,1.1094475936827446,PILOT_DESC_MINPAY_ACC,caténaire,,11.68020383273581,0.5,11.68020383273581,0.3294416402273502,-0.9441759400049935,0.035977467465830304,-0.9993526013548697,31.988395794463116,-421.7002911780699,5.0,-25.0,-0.017988733732915152,0.49967630067743485,-4.982061468960158,33.32932289463624,8.829000000000008,-5.020269307287606e-05,-8.046863300137375e-07,3.847945508846267,-11.028167433223262,0.017988733732915152,-0.49967630067743485,0.2776501120681727,0.0,-5.551115123125783e-17,3.8659342425791823,-11.250193621832523
50.300000000000445,0.0,403.0,450.5634103589849,424.8038311686959,1.1093547959256835,PILOT_DESC_MINPAY_ACC,caténaire,,11.63840911677951,0.5,11.63840911677951,0.31743929254004183,-0.9482785959577902,0.035995268585259525,-0.9993519603420383,32.01431486358191,-421.7509679989976,5.0,-25.0,-0.017997634292629763,0.49967598017101916,-4.982055035790712,33.32932324747582,8.829000000000008,-5.267008334097767e-05,-7.723531680881024e-07,3.6944883563220605,-11.036454256442019,0.017997634292629763,-0.49967598017101916,0.2777184905321815,0.0,5.551115123125783e-17,3.7124859906146903,-11.258411746080856
50.400000000000446,0.0,403.0,450.67432924230286,425.02233871409186,1.1091888331794828,PILOT_DESC_MINPAY_ACC,caténaire,,11.620990662336855,0.5,11.620990662336855,0.2775703110565475,-0.9607053254874627,0.03601512906657335,-0.9993512447975026,32.04023391514401,-421.8016448201828,5.0,-25.0,-0.018007564533286675,0.4996756223987513,-4.982048286444497,33.329323586109105,8.829000000000008,-5.585097778393333e-05,-7.914921482665704e-07,3.2256419929300746,-11.164347616747092,0.018007564533286675,-0.4996756223987513,0.27778685876657055,0.0,5.551115123125783e-17,3.2436495574633613,-11.386236380379273
50.50000000000045,0.0,403.0,450.7852298196993,424.66092988780014,1.1090057739640427,PILOT_DESC_MINPAY_ACC,caténaire,,11.748323190402672,0.5,11.748323190402672,0.2557366506208567,-0.9667464846221197,0.036033576360817034,-0.9993505798140355,32.06615294808911,-421.85232164163176,5.0,-25.0,-0.018016788180408517,0.49967528990701776,-4.982041129490443,33.329323933116626,8.829000000000008,-5.7917670851281855e-05,-7.76976364136317e-07,3.004476823124917,-11.357650144526309,0.018016788180408517,-0.49967528990701776,0.277855215717547,0.0,0.0,3.0224936113053253,-11.579470218715779
50.60000000000045,0.0,403.0,450.8961395026381,424.76590730315047,1.109096829388126,PILOT_DESC_MINPAY_ACC,caténaire,,11.634366160934256,0.5,11.634366160934256,0.25716585521180285,-0.9663672815825163,0.0360484271982364,-0.9993500442270133,32.09207196172833,-421.9029984633397,5.0,-25.0,-0.0180242135991182,0.4996750221135067,-4.982033707710024,33.329324273768705,8.829000000000008,-5.792130914272775e-05,-7.041177951805366e-07,2.9919617236239175,-11.243070799877653,0.0180242135991182,-0.4996750221135067,0.277923578281002,0.0,0.0,3.0099859372230355,-11.46482224371016
50.70000000000045,0.0,403.0,451.0070347034768,424.7118046589416,1.108952008386701,PILOT_DESC_MINPAY_ACC,caténaire,,11.573375317345556,0.5,11.573375317345556,0.28763888442586866,-0.9577389373760689,0.03605989419560145,-0.9993496305250742,32.11799095606044,-421.9536752852824,5.0,-25.0,-0.018029947097800723,0.4996748152625371,-4.982026285465308,33.329324582493996,8.829000000000008,-5.6232563108160605e-05,-6.022434746455474e-07,3.3289527653231596,-11.084272178288957,0.018029947097800723,-0.4996748152625371,0.2779919319179732,0.0,5.551115123125783e-17,3.3469827124209606,-11.30595506163352
50.80000000000045,0.0,403.0,451.11790478652887,426.2077682000148,1.108700830520922,PILOT_DESC_MINPAY_ACC,caténaire,,11.611324928612877,0.5,11.611324928612877,0.2950694279471309,-0.9554758148121558,0.0360732609143812,-0.9993491481194161,32.14390993164836,-422.0043521074258,5.0,-25.0,-0.0180366304571906,0.49967457405970805,-4.982019079629737,33.329324846581606,8.829000000000008,-5.571008692761836e-05,-5.79358690799836e-07,3.4261470043940623,-11.094340147215085,0.0180366304571906,-0.49967457405970805,0.2780602700728311,0.0,1.1102230246251565e-16,3.4441836348512527,-11.315954451201963
50.90000000000045,0.0,403.0,451.2287599677256,426.3184292875454,1.1085518119671478,PILOT_DESC_MINPAY_ACC,caténaire,,11.247437740434561,0.5,11.247437740434561,0.2770183864327417,-0.9608646177158363,0.036098392194328956,-0.999348240645364,32.16982888866625,-422.05502892976233,5.0,-25.0,-0.018049196097164478,0.499674120322682,-4.982011940752135,33.32932510057527,8.829000000000008,-6.113684929953678e-05,-7.791020593117537e-07,3.1157470543579042,-10.807264964745325,0.018049196097164478,-0.499674120322682,0.2781285990424762,0.0,-5.551115123125783e-17,3.1337962504550685,-11.028810486025531
51.000000000000455,0.0,403.0,451.3395290740028,425.6646247997299,1.1076910627724283,PILOT_DESC_MINPAY_ACC,caténaire,,11.419002431335887,0.5,11.419002431335887,0.2922832492719384,-0.9563317950350902,0.03612598364652066,-0.9993472436073317,32.1957478253052,-422.1057057523586,5.0,-25.0,-0.01806299182326033,0.49967362180366587,-4.982004106476719,33.329325442199355,8.829000000000008,-6.709829997930683e-05,-9.359969865840867e-07,3.3375831340750173,-10.920355092669508,0.01806299182326033,-0.49967362180366587,0.2781968749572213,0.0,5.551115123125783e-17,3.3556461258982777,-11.141831839515953
51.100000000000456,0.0,403.0,451.4502551399288,425.1696159777863,1.1072606592597052,PILOT_DESC_MINPAY_ACC,caténaire,,11.630653872770651,0.5,11.630653872770651,0.31008902034795977,-0.9507075257194731,0.036146749360867335,-0.9993464927194383,32.22166673957804,-422.15638257526683,5.0,-25.0,-0.018073374680433667,0.49967324635971916,-4.981995508287311,33.329325852611845,8.829000000000008,-6.888296774487657e-05,-9.010284429677995e-07,3.6065380654136554,-11.057350165881394,0.018073374680433667,-0.49967324635971916,0.27826512434273404,0.0,5.551115123125783e-17,3.624611440094089,-11.278758287898379
51.20000000000046,0.0,403.0,451.56098491391225,425.1132425571053,1.1072977398345087,PILOT_DESC_MINPAY_ACC,caténaire,,11.521657253036024,0.5,11.521657253036024,0.31110201337115456,-0.950376523950594,0.03616062013319223,-0.999345990911848,32.247585630889894,-422.2070593984754,5.0,-25.0,-0.018080310066596116,0.499672995455924,-4.9819866814132405,33.329326247621715,8.829000000000008,-6.699147983635356e-05,-7.569223683390192e-07,3.584410768791873,-10.949912570290525,0.018080310066596116,-0.499672995455924,0.278333376013821,0.0,-1.1102230246251565e-16,3.602491078858469,-11.171252189732629
51.30000000000046,0.0,403.0,451.6716963398603,426.74091086284994,1.1071142594804189,PILOT_DESC_MINPAY_ACC,caténaire,,11.50875186531137,0.5,11.50875186531137,0.2847810433468081,-0.9585925919546339,0.03617225995324775,-0.9993455696654059,32.27350449987126,-422.2577362219363,5.0,-25.0,-0.018086129976623875,0.49967278483270294,-4.981978096929298,33.32932657952571,8.829000000000008,-6.422690592167157e-05,-6.356415909181123e-07,3.2774743638228956,-11.032204280731554,0.018086129976623875,-0.49967278483270294,0.2784016163755372,0.0,-5.551115123125783e-17,3.2955604937995195,-11.253475449188718
51.40000000000046,0.0,403.0,451.78238878549297,425.8766579653504,1.1069244563263136,PILOT_DESC_MINPAY_ACC,caténaire,,11.47249086194725,0.5,11.47249086194725,0.2821145873522878,-0.959380716714198,0.03618981995488025,-0.9993449339100257,32.29942334744365,-422.30841304560903,5.0,-25.0,-0.018094909977440125,0.49967246695501283,-4.981969866710035,33.329326858193475,8.829000000000008,-6.477668747528753e-05,-6.748515204435535e-07,3.2365570254211407,-11.00648650563204,0.018094909977440125,-0.49967246695501283,0.2784698450381574,0.0,0.0,3.2546519353985808,-11.227689127548896
51.50000000000046,0.0,403.0,451.89305701059527,426.09844294697206,1.1066822510228982,PILOT_DESC_MINPAY_ACC,caténaire,,11.348898535724496,0.5,11.348898535724496,0.3085033158184279,-0.9512232672348986,0.036207227113542066,-0.9993443033833478,32.32534217342381,-422.35908986950676,5.0,-25.0,-0.018103613556771033,0.4996721516916739,-4.981961566048797,33.32932715413311,8.829000000000008,-6.517960556795543e-05,-6.941752204170371e-07,3.501172829157908,-10.795336344669211,0.018103613556771033,-0.4996721516916739,0.2785380587717156,0.0,0.0,3.519276442714679,-11.01647043758917
51.60000000000046,0.0,403.0,452.00367883266637,425.31657316887026,1.1062182207109004,PILOT_DESC_MINPAY_ACC,caténaire,,11.4334279588041,0.5,11.4334279588041,0.3175125593860574,-0.9482540664991189,0.03622795942563727,-0.9993435520159494,32.35126097767744,-422.40976669363585,5.0,-25.0,-0.018113979712818636,0.4996717760079747,-4.981953213763224,33.32932745844699,8.829000000000008,-6.71934760427817e-05,-7.655450460219981e-07,3.6302569737559955,-10.841794555960707,0.018113979712818636,-0.4996717760079747,0.2786062439033512,0.0,5.551115123125783e-17,3.648370953468814,-11.062860088065332
51.700000000000465,0.0,403.0,452.1142759117622,426.2250410192877,1.1059707909583987,PILOT_DESC_MINPAY_ACC,caténaire,,11.400531563592777,0.5,11.400531563592777,0.3025628507847221,-0.9531294357667389,0.03625020922064336,-0.9993427451737765,32.37717975953324,-422.4604435180201,5.0,-25.0,-0.01812510461032168,0.49967137258688826,-4.981944603421493,33.329327794089494,8.829000000000008,-6.970803181438612e-05,-8.333236252155984e-07,3.4493773303418362,-10.866182216648081,0.01812510461032168,-0.49967137258688826,0.2786744137838999,0.0,-5.551115123125783e-17,3.467502434952158,-11.08717917545107
51.800000000000466,0.0,403.0,452.224844256724,425.54826382229817,1.1056834496181709,PILOT_DESC_MINPAY_ACC,caténaire,,11.41501899175715,0.5,11.41501899175715,0.3226825935597095,-0.9465072338939515,0.03626538118720328,-0.9993421947097734,32.40309851815304,-422.51112034268215,5.0,-25.0,-0.01813269059360164,0.4996710973548867,-4.981935670869102,33.32932815949046,8.829000000000008,-6.836146270305932e-05,-7.43154664917256e-07,3.683427933793537,-10.804398050734983,0.01813269059360164,-0.4996710973548867,0.27874256595328917,0.0,1.1102230246251565e-16,3.7015606243871386,-11.02532658213658
51.90000000000047,0.0,403.0,452.3353897522267,425.9231230717772,1.1054549550269535,PILOT_DESC_MINPAY_ACC,caténaire,,11.310650874564825,0.5,11.310650874564825,0.3289256167170354,-0.9443558326538349,0.03628261320682015,-0.9993415692238988,32.42901725398568,-422.5617971675919,5.0,-25.0,-0.018141306603410075,0.4996707846119494,-4.981926910874578,33.329328485338095,8.829000000000008,-6.821747798824163e-05,-7.300499618168033e-07,3.720362814387311,-10.681279124506492,0.018141306603410075,-0.4996707846119494,0.27881070403871805,0.0,0.0,3.7385041209907213,-10.902139205079722
52.00000000000047,0.0,403.0,452.44589392332637,425.59579543214346,1.1050417109964443,PILOT_DESC_MINPAY_ACC,caténaire,,11.334065670313342,0.5,11.334065670313342,0.30970833225119393,-0.950831609137067,0.03630363355249951,-0.9993408058269639,32.45493596707916,-422.61247399274504,5.0,-25.0,-0.018151816776249757,0.49967040291348197,-4.981918169339128,33.329328805428446,8.829000000000008,-6.998611537767374e-05,-7.916580813116525e-07,3.5102545763782556,-10.776787899369225,0.018151816776249757,-0.49967040291348197,0.27887881665259157,0.0,0.0,3.5284063931545053,-10.997579485630116
52.10000000000047,0.0,403.0,452.55636569911326,426.91217260806707,1.104717757868992,PILOT_DESC_MINPAY_ACC,caténaire,,11.319080277477898,0.5,11.319080277477898,0.32557595884717294,-0.9455158882963014,0.03632061362627903,-0.9993401888375203,32.48085465684393,-422.663150818162,5.0,-25.0,-0.018160306813139515,0.49967009441876015,-4.98190920117241,33.329329152510766,8.829000000000008,-6.950798554949955e-05,-7.530704806413269e-07,3.685220414607991,-10.702370243256661,0.018160306813139515,-0.49967009441876015,0.27894690929862664,0.0,0.0,3.703380721421131,-10.923093428376795
52.20000000000047,0.0,403.0,452.66680543568583,426.16082994143875,1.1043973657258426,PILOT_DESC_MINPAY_ACC,caténaire,,11.355844314837976,0.5,11.355844314837976,0.32772974982207903,-0.9447715126323175,0.03633441943081441,-0.9993396869756678,32.506773323439376,-422.71382764383003,5.0,-25.0,-0.018167209715407206,0.4996698434878339,-4.981900294284234,33.32932948269507,8.829000000000008,-6.750399964072784e-05,-6.738170981179792e-07,3.7216480163203283,-10.728678210546578,0.018167209715407206,-0.4996698434878339,0.2790149821963155,0.0,5.551115123125783e-17,3.7398152260357356,-10.949333071838096
52.30000000000047,0.0,403.0,452.77722380337605,426.6001865230705,1.1041836769018925,PILOT_DESC_MINPAY_ACC,caténaire,,11.250428774973399,0.5,11.250428774973399,0.3048091837205436,-0.9524134404341511,0.03635271294895061,-0.9993390216844588,32.53269196753349,-422.7645044697226,5.0,-25.0,-0.018176356474475304,0.4996695108422294,-4.981891644198382,33.32932977811133,8.829000000000008,-6.800067285706035e-05,-7.110464466109079e-07,3.429234011405757,-10.715059575931786,0.018176356474475304,-0.4996695108422294,0.2790830419226424,0.0,5.551115123125783e-17,3.447410367880232,-10.935646044851373
52.400000000000475,0.0,403.0,452.887601969527,427.09057085369403,1.103781661509344,PILOT_DESC_MINPAY_ACC,caténaire,,11.257286247567624,0.5,11.257286247567624,0.3145555738544549,-0.9492390589082892,0.036372070370686876,-0.9993383173365014,32.55861058896071,-422.81518129585226,5.0,-25.0,-0.018186035185343438,0.4996691586682507,-4.981882930475998,33.329330089902214,8.829000000000008,-6.896566134173554e-05,-7.514295461419351e-07,3.541042135647497,-10.685855803502317,0.018186035185343438,-0.4996691586682507,0.2791510768695253,0.0,5.551115123125783e-17,3.5592281708328404,-10.906373885301043
52.500000000000476,0.0,403.0,452.9979454393074,426.5125545679991,1.103434697803763,PILOT_DESC_MINPAY_ACC,caténaire,,11.334728518942844,0.5,11.334728518942844,0.30628723841818667,-0.9519391406923874,0.03639525294580898,-0.9993374733106981,32.584529187399376,-422.86585812223234,5.0,-25.0,-0.01819762647290449,0.49966873665534906,-4.981874093103435,33.329330419338824,8.829000000000008,-7.171957633911319e-05,-8.440058323344601e-07,3.4716826962868668,-10.789971726303948,0.01819762647290449,-0.49966873665534906,0.27921909043024273,0.0,0.0,3.4898803227597712,-11.010421372529056
52.60000000000048,0.0,403.0,453.1082732842851,427.1662005425649,1.1032784497769454,PILOT_DESC_MINPAY_ACC,caténaire,,10.905558459619712,0.5,10.905558459619712,0.2713995054877739,-0.9624667830221425,0.03641786152946486,-0.9993366496639762,32.61044776193152,-422.9165349488938,5.0,-25.0,-0.01820893076473243,0.4996683248319881,-4.981864902850893,33.32933078945031,8.829000000000008,-7.383361562496304e-05,-8.85717710730205e-07,2.9597631730087994,-10.496237767690095,0.01820893076473243,-0.4996683248319881,0.27928709436013677,0.0,-5.551115123125783e-17,2.977972103773532,-10.716618998161946
52.70000000000048,0.0,403.0,453.2185013463585,426.42586876041173,1.1022806207342413,PILOT_DESC_MINPAY_ACC,caténaire,,10.981493696573835,0.5,10.981493696573835,0.24463768224303906,-0.9696145648796505,0.03644520328754836,-0.9993356529001302,32.636366311852456,-422.9672117758505,5.0,-25.0,-0.01822260164377418,0.4996678264500651,-4.981855441710676,33.32933117780568,8.829000000000008,-7.804335445094068e-05,-9.957442657082538e-07,2.6864871654963665,-10.647816232332064,0.01822260164377418,-0.4996678264500651,0.27935503678579654,0.0,0.0,2.7047097671401406,-10.868129021996332
52.80000000000048,0.0,403.0,453.3286549042489,427.9073743501019,1.1015355789037913,PILOT_DESC_MINPAY_ACC,caténaire,,10.932466298548364,0.5,10.932466298548364,0.2589649289909904,-0.9658867250111118,0.03646057311997318,-0.9993350922527253,32.66228483575894,-423.0178886031391,5.0,-25.0,-0.01823028655998659,0.49966754612636266,-4.9818454411367625,33.329331614387705,8.829000000000008,-7.572769674890623e-05,-8.394859420945977e-07,2.8311253586999725,-10.559524069399231,0.01823028655998659,-0.49966754612636266,0.2794229332885323,0.0,0.0,2.849355645259959,-10.77976868223706
52.90000000000048,0.0,403.0,453.43873171622863,426.9131374115718,1.1007681197975425,PILOT_DESC_MINPAY_ACC,caténaire,,11.07216388794017,0.5,11.07216388794017,0.3125196128368179,-0.9499113072241667,0.03647869577003194,-0.9993344308863363,32.68820333442286,-423.06856543070757,5.0,-25.0,-0.01823934788501597,0.49966721544316817,-4.981835737305666,33.329331982480404,8.829000000000008,-7.508519068188946e-05,-8.02076435491017e-07,3.460268371524858,-10.517573672593459,0.01823934788501597,-0.49966721544316817,0.2794907824865868,0.0,5.551115123125783e-17,3.478507719409874,-10.73775010555004
53.00000000000048,0.0,403.0,453.5487675096986,427.75221911662476,1.1003579346999968,PILOT_DESC_MINPAY_ACC,caténaire,,10.99081396735199,0.5,10.99081396735199,0.35378352430079457,-0.9353273319717056,0.03649598080654306,-0.9993337997811182,32.71412180805838,-423.11924225854335,5.0,-25.0,-0.01824799040327153,0.4996668998905591,-4.981826115813808,33.32933233412371,8.829000000000008,-7.410621708014986e-05,-7.659857388375713e-07,3.8883689003041852,-10.280008704280693,0.01824799040327153,-0.4996668998905591,0.27955860640163277,0.0,1.1102230246251565e-16,3.9066168907074568,-10.50011699776962
53.100000000000485,0.0,403.0,453.65875022977553,426.49390173178807,1.0998272007691137,PILOT_DESC_MINPAY_ACC,caténaire,,11.109751236476507,0.5,11.109751236476507,0.38153677384250095,-0.9243536607845811,0.03651108199830466,-0.9993332481666528,32.74004025699183,-423.1699190866345,5.0,-25.0,-0.01825554099915233,0.4996666240833264,-4.981816619780183,33.32933266999055,8.829000000000008,-7.216077933502874e-05,-7.059261335484734e-07,4.238778644957982,-10.269339225843087,0.01825554099915233,-0.4996666240833264,0.2796263976032753,0.0,5.551115123125783e-17,4.257034185957134,-10.489379452323139
53.200000000000486,0.0,403.0,453.76870908446114,426.8536996899667,1.0995885468559925,PILOT_DESC_MINPAY_ACC,caténaire,,11.20978594494636,0.5,11.20978594494636,0.3899199022947439,-0.9208487768327964,0.03652363497096086,-0.9993327894593012,32.76595868187169,-423.22059591496094,5.0,-25.0,-0.01826181748548043,0.4996663947296506,-4.9818073730416845,33.32933297953835,8.829000000000008,-6.919052716458651e-05,-6.257320066538341e-07,4.370918640398478,-10.322517675961327,0.01826181748548043,-0.4996663947296506,0.2796941740947565,0.0,0.0,4.389180457883958,-10.542489896596223
53.30000000000049,0.0,403.0,453.8786665804054,426.7581682316426,1.0995749594429978,PILOT_DESC_MINPAY_ACC,caténaire,,11.01370236646052,0.5,11.01370236646052,0.3756320645393256,-0.9267688773852539,0.03654087383082026,-0.9993321592642158,32.791877083688036,-423.27127274349596,5.0,-25.0,-0.01827043691541013,0.4996660796321079,-4.981798506924477,33.329333253869486,8.829000000000008,-6.894383988687025e-05,-6.664984155690945e-07,4.137099758135221,-10.20715657801993,0.01827043691541013,-0.4996660796321079,0.2797619497487361,0.0,0.0,4.155370195050631,-10.427060707903303
53.40000000000049,0.0,403.0,453.98858374989857,426.94256507760593,1.0991716949315502,PILOT_DESC_MINPAY_ACC,caténaire,,10.939188196482192,0.5,10.939188196482192,0.32836602352227245,-0.9445505569296808,0.03655744543020689,-0.999331553181234,32.8177954625231,-423.3219495722531,5.0,-25.0,-0.018278722715103446,0.499665776590617,-4.981789672423826,33.32933354607065,8.829000000000008,-6.839513892931137e-05,-6.773387397629449e-07,3.5920577286406368,-10.332616303345844,0.018278722715103446,-0.499665776590617,0.27982970054627837,0.0,5.551115123125783e-17,3.61033645135574,-10.552452379390184
53.50000000000049,0.0,403.0,454.09844983584304,427.2572069401111,1.0986608594444671,PILOT_DESC_MINPAY_ACC,caténaire,,11.062002816075946,0.5,11.062002816075946,0.2884707988138521,-0.9574886935268208,0.036574770065643226,-0.9993309192628063,32.84371381855979,-423.37262640123606,5.0,-25.0,-0.018287385032821613,0.49966545963140313,-4.9817809082446605,33.32933384305709,8.829000000000008,-6.82932774820344e-05,-6.97311513420118e-07,3.19106478883451,-10.59174262415457,0.018287385032821613,-0.49966545963140313,0.2798974198569185,0.0,0.0,3.2093521738673316,-10.811510663929054
53.60000000000049,0.0,403.0,454.2082946225683,427.0418471216783,1.098447867252367,PILOT_DESC_MINPAY_ACC,caténaire,,11.171858862731186,0.5,11.171858862731186,0.26508170949502025,-0.9642259524049317,0.036588915145198596,-0.9993304014631486,32.86963215183206,-423.42330323045144,5.0,-25.0,-0.018294457572599298,0.4996652007315743,-4.981772157124184,33.32933414879163,8.829000000000008,-6.661469678359566e-05,-6.504767995352267e-07,2.9614554455698756,-10.772196252050454,0.018294457572599298,-0.4996652007315743,0.27996512603913576,0.0,-5.551115123125783e-17,2.979749903142475,-10.991896326742893
53.70000000000049,0.0,403.0,454.3181423242149,427.28512177508406,1.0984770164655426,PILOT_DESC_MINPAY_ACC,caténaire,,11.181530755587792,0.5,11.181530755587792,0.25913222305034556,-0.9658418560908334,0.036602882945655724,-0.9993298899562979,32.89555046289942,-423.4739800598837,5.0,-25.0,-0.018301441472827862,0.49966494497814895,-4.981763621103821,33.32933443403918,8.829000000000008,-6.506257664895543e-05,-6.209826750591674e-07,2.8974949218012744,-10.799590418913652,0.018301441472827862,-0.49966494497814895,0.2800328340180535,0.0,-5.551115123125783e-17,2.915796363274102,-11.019222529873748
53.800000000000495,0.0,403.0,454.4279946966389,427.766974792292,1.0985237242404098,PILOT_DESC_MINPAY_ACC,caténaire,,11.082360901443458,0.5,11.082360901443458,0.27968075250794583,-0.9600930562589177,0.036620346995308764,-0.9993292501402844,32.92146875227926,-423.5246568895229,5.0,-25.0,-0.018310173497654382,0.4996646250701422,-4.981755283979941,33.32933470627676,8.829000000000008,-6.545747759467702e-05,-6.686531079935776e-07,3.099523036480343,-10.640097748431184,0.018310173497654382,-0.4996646250701422,0.2801005448759474,0.0,0.0,3.1178332099779977,-10.859661828625379
53.900000000000496,0.0,403.0,454.53783155172226,427.9281270226587,1.0983685508338386,PILOT_DESC_MINPAY_ACC,caténaire,,11.170541026182866,0.5,11.170541026182866,0.33655363832211466,-0.9416642971527313,0.03664473356751242,-0.9993283561981848,32.94738701983994,-423.57533371938496,5.0,-25.0,-0.01832236678375621,0.4996641780990924,-4.981746896259889,33.32933499944994,8.829000000000008,-6.92630436454067e-05,-8.22450971327271e-07,3.759486224388292,-10.518899664236237,0.01832236678375621,-0.4996641780990924,0.28016824616925534,0.0,-5.551115123125783e-17,3.777808591172048,-10.738395596166074
54.0000000000005,0.0,403.0,454.6476721901127,427.64459078380077,1.0984063839046234,PILOT_DESC_MINPAY_ACC,caténaire,,11.021468196654368,0.5,11.021468196654368,0.38234551387178484,-0.9240194305436011,0.03666305914811872,-0.9993276840425775,32.973305264312934,-423.6260105495212,5.0,-25.0,-0.01833152957405936,0.4996638420212888,-4.981738020904055,33.32933536006566,8.829000000000008,-6.955047811452175e-05,-7.979130529633949e-07,4.214008921271348,-10.18405076682698,0.01833152957405936,-0.4996638420212888,0.2802359497945199,0.0,5.551115123125783e-17,4.232340450845407,-10.403478659053748
54.1000000000005,0.0,403.0,454.7574865317554,427.8114007942957,1.0981434164265684,PILOT_DESC_MINPAY_ACC,caténaire,,10.948124463023587,0.5,10.948124463023587,0.4202428733888513,-0.90741166367084,0.03668178979873121,-0.9993269966818477,32.99922348560244,-423.6766873799234,5.0,-25.0,-0.018340894899365606,0.49966349834092383,-4.9817291087251,33.32933570991451,8.829000000000008,-7.000362446518693e-05,-7.917445756788766e-07,4.600871282559807,-9.934455833067656,0.018340894899365606,-0.49966349834092383,0.2803036372109825,0.0,-5.551115123125783e-17,4.619212177459173,-10.153815694197597
54.2000000000005,0.0,403.0,454.8672626503762,428.2347390913366,1.0977611862080903,PILOT_DESC_MINPAY_ACC,caténaire,,10.760541562687468,0.5,10.760541562687468,0.4422247264376149,-0.8969042821434051,0.036703566478195754,-0.9993261970987155,33.02514168355741,-423.72736421058954,5.0,-25.0,-0.018351783239097877,0.49966309854935775,-4.981720138486023,33.329336057071636,8.829000000000008,-7.192172512038297e-05,-8.443790164847087e-07,4.758577548880051,-9.651175805756479,0.018351783239097877,-0.49966309854935775,0.2803713010675207,0.0,0.0,4.776929332119148,-9.870467603238316
54.3000000000005,0.0,403.0,454.97696696445155,427.1593673261861,1.097043140753661,PILOT_DESC_MINPAY_ACC,caténaire,,10.775107734339331,0.5,10.775107734339331,0.44387258444239963,-0.8960899111029119,0.03671985670067802,-0.9993255986533527,33.05105985753846,-423.7780410415371,5.0,-25.0,-0.01835992835033901,0.49966279932667634,-4.98171092247035,33.32933642725792,8.829000000000008,-7.085082068947202e-05,-7.734154081617817e-07,4.782774917686488,-9.65546533178843,0.01835992835033901,-0.49966279932667634,0.28043892066513865,0.0,1.1102230246251565e-16,4.8011348460368275,-9.874689210449967
54.4000000000005,0.0,403.0,455.0866096803792,427.6158289524801,1.0964271592763317,PILOT_DESC_MINPAY_ACC,caténaire,,10.789594490601386,0.5,10.789594490601386,0.4221913848568781,-0.9065067206329093,0.03673579830136475,-0.9993250127576921,33.076978007902575,-423.8287178727425,5.0,-25.0,-0.018367899150682376,0.49966250637884607,-4.981701843688731,33.32933676641467,8.829000000000008,-6.974283941296733e-05,-7.272064905805564e-07,4.555273840031142,-9.780839918633967,0.018367899150682376,-0.49966250637884607,0.2805065022948609,0.0,5.551115123125783e-17,4.5736417391818245,-9.999995922717952
54.500000000000504,0.0,403.0,455.19619996799213,427.46476023786937,1.0959028761297,PILOT_DESC_MINPAY_ACC,caténaire,,10.866533325659862,0.5,10.866533325659862,0.36936143165930535,-0.9292858186815228,0.03675593338180996,-0.9993242723767055,33.10289613501908,-423.8793947041903,5.0,-25.0,-0.01837796669090498,0.49966213618835276,-4.981692906893514,33.329337085233966,8.829000000000008,-7.087358441904001e-05,-7.785776858781901e-07,4.013678306339279,-10.098115317765876,0.01837796669090498,-0.49966213618835276,0.28057405160879345,0.0,0.0,4.032056273030184,-10.317203402345434
54.600000000000506,0.0,403.0,455.3057585705151,427.64264416198455,1.0955860252296983,PILOT_DESC_MINPAY_ACC,caténaire,,11.007802274570128,0.5,11.007802274570128,0.32441172221000586,-0.9459159764443869,0.03677979816661792,-0.9993233943257923,33.128814238511055,-423.93007153589764,5.0,-25.0,-0.01838989908330896,0.49966169716289616,-4.981683825211121,33.32933742663381,8.829000000000008,-7.372429443019968e-05,-8.762032948084197e-07,3.571060093640515,-10.412456037056746,0.01838989908330896,-0.49966169716289616,0.28064158139265505,0.0,0.0,3.589449992723824,-10.631476152826988
54.70000000000051,0.0,403.0,455.41531702282964,427.5958335768932,1.0955845231454815,PILOT_DESC_MINPAY_ACC,caténaire,,10.876484279424316,0.5,10.876484279424316,0.2982452022619925,-0.9544892871728331,0.036793640885763874,-0.9993228847526555,33.15473231742826,-423.98074836789704,5.0,-25.0,-0.018396820442881937,0.49966144237632776,-4.981674378249709,33.329337810802095,8.829000000000008,-7.119869259053502e-05,-7.468215841299752e-07,3.243859253816287,-10.38148772681424,0.018396820442881937,-0.49966144237632776,0.28070911108393115,0.0,0.0,3.2622560742591693,-10.600440058106637
54.80000000000051,0.0,403.0,455.52484918889405,427.1327795930943,1.095321660644199,PILOT_DESC_MINPAY_ACC,caténaire,,10.83801110019594,0.5,10.83801110019594,0.2866915951371033,-0.958022927323633,0.03680761416879844,-0.999322370178513,33.180650372612575,-424.03142520014535,5.0,-25.0,-0.01840380708439922,0.4996611850892565,-4.98166525492695,33.32933813821995,8.829000000000008,-6.906201134970757e-05,-6.766907958422053e-07,3.107166690428806,-10.383063120575743,0.01840380708439922,-0.4996611850892565,0.2807766245728758,0.0,-5.551115123125783e-17,3.125570497513205,-10.601947681092124
54.90000000000051,0.0,403.0,455.63435011519414,427.77601795806163,1.0950092630005783,PILOT_DESC_MINPAY_ACC,caténaire,,10.767934995168998,0.5,10.767934995168998,0.30248258923259136,-0.9531549103955491,0.03683035182074896,-0.9993215324332604,33.20656840477621,-424.0821020326192,5.0,-25.0,-0.01841517591037448,0.4996607662166302,-4.981656405401339,33.32933843490734,8.829000000000008,-7.158131171358662e-05,-7.988760373223158e-07,3.2571128580269497,-10.263510115465404,0.01841517591037448,-0.4996607662166302,0.2808441188062395,0.0,-5.551115123125783e-17,3.275528033937324,-10.482326762875795
55.00000000000051,0.0,403.0,455.74380902294297,428.127207876995,1.0945890774885043,PILOT_DESC_MINPAY_ACC,caténaire,,10.856949663259662,0.5,10.856949663259662,0.34921272848793117,-0.9370434729840523,0.03684462246125237,-0.9993210063816771,33.232486413079414,-424.1327788653594,5.0,-25.0,-0.018422311230626185,0.49966050319083855,-4.981647233065703,33.329338785204826,8.829000000000008,-6.954429632965997e-05,-7.116043434507446e-07,3.791385014963032,-10.173433818473871,0.018422311230626185,-0.49966050319083855,0.2809115871401885,0.0,0.0,3.8098073261936585,-10.392182734524521
55.10000000000051,0.0,403.0,455.85324802934247,429.5158107926164,1.0943900639952346,PILOT_DESC_MINPAY_ACC,caténaire,,10.927726423007298,0.5,10.927726423007298,0.3903697924326643,-0.9206581478247389,0.036857590490865025,-0.9993205281706203,33.258404398201186,-424.1834556983368,5.0,-25.0,-0.018428795245432512,0.49966026408531017,-4.981638321760072,33.32933909722006,8.829000000000008,-6.711700550443567e-05,-6.38694643839699e-07,4.2658542955103,-10.060700368541358,0.018428795245432512,-0.49966026408531017,0.28097904320733436,0.0,-5.551115123125783e-17,4.284283090755732,-10.279381589419334
55.200000000000514,0.0,403.0,455.96268339225304,428.1521874745285,1.0943536291054925,PILOT_DESC_MINPAY_ACC,caténaire,,10.7904035659997,0.5,10.7904035659997,0.4237139689398297,-0.9057960435579616,0.03687472056837669,-0.999319896220927,33.284322360950625,-424.23413253152705,5.0,-25.0,-0.018437360284188346,0.4996599481104635,-4.981629721490847,33.32933937723374,8.829000000000008,-6.708177503611523e-05,-6.746558085524157e-07,4.572044721412224,-9.773904858476248,0.018437360284188346,-0.4996599481104635,0.28104649702870466,0.0,0.0,4.590482081696413,-9.992518309558008
55.300000000000516,0.0,403.0,456.07208812378747,427.74488981347145,1.094047315344052,PILOT_DESC_MINPAY_ACC,caténaire,,10.736406871233713,0.5,10.736406871233713,0.4411980703906858,-0.8974097518322027,0.03689145680342994,-0.9993192785165914,33.31024030133947,-424.2848093649422,5.0,-25.0,-0.01844572840171497,0.4996596392582957,-4.9816211257413725,33.32933967302388,8.829000000000008,-6.685414308726934e-05,-6.877178293507313e-07,4.736881994517614,-9.634956225883403,0.01844572840171497,-0.4996596392582957,0.2811139319694927,0.0,0.0,4.755327722919329,-9.853501933172206
55.40000000000052,0.0,403.0,456.181454600039,427.4784543777143,1.0936647625153402,PILOT_DESC_MINPAY_ACC,caténaire,,10.703661113607028,0.5,10.703661113607028,0.44108605438650755,-0.8974648141435646,0.036919747145098616,-0.9993182337327495,33.3361582194436,-424.3354861985866,5.0,-25.0,-0.018459873572549308,0.49965911686637476,-4.9816125591682505,33.329339974571326,8.829000000000008,-7.243274079993256e-05,-9.085623062787818e-07,4.721235648091215,-9.606159231979031,0.018459873572549308,-0.49965911686637476,0.2811813433304712,0.0,0.0,4.739695521663765,-9.824637005514935
55.50000000000052,0.0,403.0,456.29078020963806,429.84454516190453,1.0932560959906354,PILOT_DESC_MINPAY_ACC,caténaire,,10.818518860954782,0.5,10.818518860954782,0.414165367991304,-0.9102016523587658,0.03693739232736828,-0.9993175816766431,33.36207611340348,-424.38616303253383,5.0,-25.0,-0.01846869616368414,0.49965879083832154,-4.981603277774315,33.329340372945936,8.829000000000008,-7.197393799973639e-05,-8.362157473129628e-07,4.4806558451682,-9.847033743315516,0.01846869616368414,-0.49965879083832154,0.2812487295020428,0.0,-5.551115123125783e-17,4.499124541331884,-10.065443804651794
55.60000000000052,0.0,403.0,456.4000921230038,429.04595227725764,1.0931191336575627,PILOT_DESC_MINPAY_ACC,caténaire,,10.375098252741811,0.5,10.375098252741811,0.38626301069348495,-0.9223886851918798,0.03695884860622691,-0.9993167883657824,33.387993983372056,-424.43683986675984,5.0,-25.0,-0.018479424303113456,0.4996583941828912,-4.981594055177479,33.329340739618054,8.829000000000008,-7.347948059255316e-05,-8.661990591463109e-07,4.007516687344768,-9.569873236083088,0.018479424303113456,-0.4996583941828912,0.28131610723152367,0.0,-1.1102230246251565e-16,4.025996111647881,-9.788215523034456
55.70000000000052,0.0,403.0,456.5093031377992,428.5004241893731,1.0921101479539983,PILOT_DESC_MINPAY_ACC,caténaire,,10.404963955927963,0.5,10.404963955927963,0.3677327691728243,-0.9299315084867736,0.03697304867675226,-0.9993162630876906,33.41391182884747,-424.48751670127456,5.0,-25.0,-0.01848652433837613,0.4996581315438453,-4.981584639671567,33.32934111937493,8.829000000000008,-7.116400994355843e-05,-7.490812308219574e-07,3.8262462086568148,-9.675903827286598,0.01848652433837613,-0.4996581315438453,0.28138342276909534,0.0,0.0,3.844732732995191,-9.894178536061347
55.80000000000052,0.0,403.0,456.61842942913825,428.30422794443314,1.0912629133906695,PILOT_DESC_MINPAY_ACC,caténaire,,10.649733183274805,0.5,10.649733183274805,0.3817636664002965,-0.9242599758815714,0.03698903580879397,-0.9993156714621939,33.439829650601546,-424.538193536039,5.0,-25.0,-0.018494517904396986,0.49965783573109696,-4.981575520875001,33.32934144783959,8.829000000000008,-7.003877939837366e-05,-7.164293194250604e-07,4.06568118623189,-9.843122135118742,0.018494517904396986,-0.49965783573109696,0.2814506860847825,0.0,0.0,4.084175704136287,-10.061329284765057
55.900000000000524,0.0,403.0,456.7275285352887,428.5351009427806,1.0909910615041976,PILOT_DESC_MINPAY_ACC,caténaire,,10.553901248976777,0.5,10.553901248976777,0.38338919743500466,-0.9235868791240718,0.03700467719139918,-0.9993150923837588,33.46574744900936,-424.5888703710422,5.0,-25.0,-0.01850233859569959,0.4996575461918794,-4.981566546270097,33.3293417619484,8.829000000000008,-6.888486579637032e-05,-6.918597321714515e-07,4.0462517296535,-9.747444717126104,0.01850233859569959,-0.4996575461918794,0.2815179326440501,0.0,0.0,4.0647540682492,-9.965584330673934
56.000000000000526,0.0,403.0,456.836584120419,428.10821732723406,1.0905558513030884,PILOT_DESC_MINPAY_ACC,caténaire,,10.648092668100324,0.5,10.648092668100324,0.3629599249795266,-0.9318047503950903,0.03702379435801985,-0.9993143842912173,33.49166522445556,-424.63954720627606,5.0,-25.0,-0.018511897179009924,0.49965719214560866,-4.981557719532947,33.32934206529033,8.829000000000008,-6.961671195693242e-05,-7.425640760061469e-07,3.864830915988741,-9.921943330783012,0.018511897179009924,-0.49965719214560866,0.2815851523778105,0.0,-5.551115123125783e-17,3.8833428131677508,-10.140015370550811
56.10000000000053,0.0,403.0,456.9456194869119,427.94773633880794,1.0903536649287682,PILOT_DESC_MINPAY_ACC,caténaire,,10.564394653381886,0.5,10.564394653381886,0.31130715009764737,-0.9503093487375998,0.03704500908593537,-0.9993135980771117,33.51758297669618,-424.69022404175746,5.0,-25.0,-0.018522504542967683,0.49965679903855587,-4.98154879902604,33.32934239091372,8.829000000000008,-7.13035690074193e-05,-8.100477302264153e-07,3.288771592051138,-10.03944300286232,0.018522504542967683,-0.49965679903855587,0.28165235964919744,0.0,0.0,3.307294096594106,-10.25744744225168
56.20000000000053,0.0,403.0,457.05462002898287,428.7829080088606,1.0900054207100622,PILOT_DESC_MINPAY_ACC,caténaire,,10.61539204376867,0.5,10.61539204376867,0.26762630266578175,-0.9635227875465341,0.03706061257360024,-0.9993130195267494,33.54350070516895,-424.74090087750886,5.0,-25.0,-0.01853030628680012,0.4996565097633747,-4.981539662379737,33.329342746071276,8.829000000000008,-6.99686665379673e-05,-7.441653551154559e-07,2.8409581240215656,-10.228172132911288,0.01853030628680012,-0.4996565097633747,0.2817195454554905,0.0,0.0,2.8594884303083656,-10.446109097219171
56.30000000000053,0.0,403.0,457.163599540463,428.16401841461084,1.0897951148011966,PILOT_DESC_MINPAY_ACC,caténaire,,10.638837716810588,0.5,10.638837716810588,0.23576382460565115,-0.9718103822286094,0.037077491788853396,-0.9993123933999055,33.56941841031883,-424.79157771350833,5.0,-25.0,-0.018538745894426698,0.49965619669995276,-4.981530696790731,33.32934307236761,8.829000000000008,-6.944268515773899e-05,-7.3093244878919e-07,2.508253069474118,-10.338932948041844,0.018538745894426698,-0.49965619669995276,0.28178671829893803,0.0,-5.551115123125783e-17,2.5267918153685445,-10.556802426442857
56.40000000000053,0.0,403.0,457.27256492541613,428.10743263926025,1.0896538495313746,PILOT_DESC_MINPAY_ACC,caténaire,,10.62187873616733,0.5,10.62187873616733,0.22073429908725847,-0.9753339782897222,0.037094885640236545,-0.9993117478841813,33.59533609232115,-424.84225454975143,5.0,-25.0,-0.018547442820118273,0.49965587394209066,-4.981521798607209,33.32934339283187,8.829000000000008,-6.924142732689376e-05,-7.332260452130868e-07,2.3446129578177506,-10.359879244657089,0.018547442820118273,-0.49965587394209066,0.28185388243507004,0.0,0.0,2.363160400637869,-10.577681236164109
56.50000000000053,0.0,403.0,457.3815143165282,428.5908334229504,1.0894939111206172,PILOT_DESC_MINPAY_ACC,caténaire,,10.592020285115877,0.5,10.592020285115877,0.2293036725158292,-0.973354933090059,0.03710824394883462,-0.999311251928564,33.62125375124299,-424.89293138623896,5.0,-25.0,-0.01855412197441731,0.499655625964282,-4.981512926221534,33.329343714342926,8.829000000000008,-6.704819595082512e-05,-6.596928017188475e-07,2.428789150739231,-10.309795195907514,0.01855412197441731,-0.499655625964282,0.2819210367129106,0.0,5.551115123125783e-17,2.447343272713648,-10.527529785158885
56.600000000000534,0.0,403.0,457.4904434532812,428.3142321691211,1.0892913675303713,PILOT_DESC_MINPAY_ACC,caténaire,,10.660119602651761,0.5,10.660119602651761,0.2653588471335915,-0.9641497198298254,0.03712143075796629,-0.9993107621648438,33.64717138781543,-424.94360822294635,5.0,-25.0,-0.018560715378983145,0.4996553810824219,-4.981504334877511,33.32934400355334,8.829000000000008,-6.50502564942812e-05,-6.15364250222683e-07,2.828757048065871,-10.277951328249125,0.018560715378983145,-0.4996553810824219,0.28198817850635965,0.0,0.0,2.847317763444854,-10.495618530825187
56.700000000000536,0.0,403.0,457.5993680927244,428.6724029951954,1.0892463944314417,PILOT_DESC_MINPAY_ACC,caténaire,,10.733066430586957,0.5,10.733066430586957,0.2893559040518447,-0.9572215839555331,0.037141749009680335,-0.9993100071952156,33.67308900270446,-424.9942850598589,5.0,-25.0,-0.018570874504840167,0.4996550035976078,-4.9814959995493435,33.32934427339832,8.829000000000008,-6.687405418404069e-05,-7.23004077940459e-07,3.1056761402709947,-10.273922849386407,0.018570874504840167,-0.4996550035976078,0.2820553175277547,0.0,-5.551115123125783e-17,3.1242470147758348,-10.49152253545626
56.80000000000054,0.0,403.0,457.708303385666,428.3670581159548,1.089352929415952,PILOT_DESC_MINPAY_ACC,caténaire,,10.830722022141426,0.5,10.830722022141426,0.29587316609276576,-0.9552272345291684,0.03715872480422267,-0.9993093761047797,33.69900659530213,-425.04496189701246,5.0,-25.0,-0.018579362402111336,0.49965468805238983,-4.9814874305326855,33.329344590423176,8.829000000000008,-6.679293479727733e-05,-7.215244437475121e-07,3.204520015761626,-10.345800645164317,0.018579362402111336,-0.49965468805238983,0.28212246311575817,0.0,0.0,3.223099378163737,-10.563332870100949
56.90000000000054,0.0,403.0,457.8172679095434,428.60674485390473,1.0896452387735722,PILOT_DESC_MINPAY_ACC,caténaire,Fy:(y<-425:-50),10.673614103329204,0.5,10.673614103329204,0.2818122888745609,-0.9594695585787395,0.03717609170257977,-0.999308730175876,33.72492416563549,-425.0956387344065,5.0,-50.0,-0.018588045851289883,0.499654365087938,-4.981478871919079,33.3293449067751,8.829000000000008,-6.691777036937907e-05,-25.000000728136975,3.0079556210229965,-10.24100781216108,0.018588045851289883,-0.499654365087938,0.2821896267211399,0.0,0.0,3.026543666874286,-10.458472550527878
57.00000000000054,0.0,403.0,457.92872743130647,428.74771961672076,1.114595217630903,PILOT_DESC_MINPAY_ACC,caténaire,,12.007815866245373,0.5,12.007815866245373,0.29791384231468077,-0.9545927626780457,0.03719718631245736,-0.9993079451952919,33.75084171366293,-425.15464890537663,5.0,-50.0,-0.01859859315622868,0.49965397259764593,-4.981470297315069,45.191995206867894,8.829000000000008,-6.88904712982108e-05,-13.137350820534465,3.577294562520346,-11.46257412148844,0.01859859315622868,-0.49965397259764593,0.2822583281945126,0.0,5.551115123125783e-17,3.5958931556765745,-11.679969765891574
57.10000000000054,0.0,403.0,458.0435301229183,428.64064490267134,1.14802691611802,PILOT_DESC_MINPAY_ACC,caténaire,,13.508792849526067,0.5,13.508792849526067,0.29399405764291275,-0.955807247341563,0.037192561352905086,-0.9993081173391971,33.776759238726875,-425.21803819328693,5.0,-50.0,-0.018596280676452543,0.49965405866959856,-4.981461469944836,52.14822324298879,8.829000000000008,-5.775062128865471e-05,-6.181122698341618,3.971504823689734,-12.911802108412898,0.018596280676452543,-0.49965405866959856,0.2823290903325168,0.0,0.0,3.9901011043661865,-13.12912707674998
57.20000000000054,0.0,403.0,458.1620785042816,429.10742380921903,1.185483813633508,PILOT_DESC_MINPAY_ACC,caténaire,,15.19739195571685,0.5,15.19739195571685,0.285192138468693,-0.9584703668636052,0.037196401495479155,-0.9993079744081838,33.80267674454061,-425.28348785543,5.0,-50.0,-0.018598200747739577,0.4996539872040919,-4.981454069999334,55.59331708829679,8.829000000000008,-5.227074707292445e-05,-2.7360289244991236,4.334176710997801,-14.56624984316593,0.018598200747739577,-0.4996539872040919,0.28240216124056283,0.0,0.0,4.3527749117455405,-14.783501669129459
57.300000000000544,0.0,403.0,458.28454121734603,429.0089380027332,1.2246271306440075,PILOT_DESC_MINPAY_ACC,caténaire,,16.236652182555922,0.5,16.236652182555922,0.29924991901174625,-0.9541747669957864,0.03721132894090022,-0.9993074186647731,33.82859423293077,-425.3498495272146,5.0,-50.0,-0.01860566447045011,0.49965370933238656,-4.981447372229963,57.153444093988824,8.829000000000008,-5.303670041278963e-05,-1.1759021966787984,4.858816850651753,-15.492603813081924,0.01860566447045011,-0.49965370933238656,0.28247764486625637,0.0,0.0,4.877422515122203,-15.709779877548055
57.400000000000546,0.0,403.0,458.4108256946956,429.0269619897713,1.262844773495191,PILOT_DESC_MINPAY_ACC,caténaire,,16.630769486812436,0.5,16.630769486812436,0.34581163953596955,-0.9383039539304121,0.03722672624571891,-0.9993068451947211,33.854511703642025,-425.4166031663981,5.0,-50.0,-0.018613363122859456,0.49965342259736056,-4.981440576318322,57.83059541156178,8.829000000000008,-5.3939441181150016e-05,-0.498751165840865,5.7511136629793835,-15.60471676638136,0.018613363122859456,-0.49965342259736056,0.2825554841528491,0.0,0.0,5.769727026102243,-15.82181470482587
57.50000000000055,0.0,403.0,458.54066775564263,430.6936937450596,1.2984206094702557,PILOT_DESC_MINPAY_ACC,caténaire,,15.993499107983022,0.5,15.993499107983022,0.3863471630636621,-0.9223534407116721,0.0372530890096196,-0.9993058627663712,33.88042915637347,-425.4835230559702,5.0,-50.0,-0.0186265445048098,0.4996529313831856,-4.981433664737345,58.119009088782015,8.829000000000008,-6.0209242154662945e-05,-0.2103379798348044,6.179043007830451,-14.7516589312672,0.0186265445048098,-0.4996529313831856,0.2826355162645225,0.0,5.551115123125783e-17,6.1976695523352605,-14.968676346385863
57.60000000000055,0.0,403.0,458.67360085905227,429.6679386398645,1.329331034096236,PILOT_DESC_MINPAY_ACC,caténaire,,16.617537427563697,0.5,16.617537427563697,0.4239612810462244,-0.9056803145556629,0.03727205934587525,-0.9993051553915439,33.90634658903516,-425.5505130582022,5.0,-50.0,-0.018636029672937624,0.4996525776957719,-4.981425949775284,58.240856658863464,8.829000000000008,-6.19794482217273e-05,-0.08849076344077389,7.045192455623485,-15.05017652453639,0.018636029672937624,-0.4996525776957719,0.2827174536344285,0.0,5.551115123125783e-17,7.063828485296423,-15.267111648597734
57.70000000000055,0.0,403.0,458.80944779598616,429.569815402318,1.3584693693390273,PILOT_DESC_MINPAY_ACC,caténaire,,16.98605677748669,0.5,16.98605677748669,0.43597767818286925,-0.8999574790656915,0.03728247542608983,-0.9993047668384771,33.93226400103704,-425.61753255735545,5.0,-50.0,-0.018641237713044916,0.49965238341923857,-4.981418007994773,58.29215697585714,8.829000000000008,-5.924570781790095e-05,-0.03719064072362954,7.405541595331038,-15.286728836733626,0.018641237713044916,-0.49965238341923857,0.28280118703443685,0.0,0.0,7.424182833044083,-15.503580033118428
57.80000000000055,0.0,403.0,458.94799392574566,429.1542740952455,1.3854612975948974,PILOT_DESC_MINPAY_ACC,caténaire,,17.084001512500258,0.5,17.084001512500258,0.43246696856528755,-0.9016497774080304,0.03729485032880564,-0.9993043050737608,33.95818139329035,-425.6845644533889,5.0,-50.0,-0.01864742516440282,0.4996521525368804,-4.981410416508419,58.313724063980224,8.829000000000008,-5.784167282207875e-05,-0.015623783482901388,7.388266345075774,-15.403786160984312,0.01864742516440282,-0.4996521525368804,0.2828865841642109,0.0,5.551115123125783e-17,7.406913770240177,-15.62055172935698
57.90000000000055,0.0,403.0,459.0889902521155,429.24088956826614,1.4099632636984218,PILOT_DESC_MINPAY_ACC,caténaire,,17.063616117005637,0.5,17.063616117005637,0.40678516553917704,-0.9135238525059235,0.037300617780019196,-0.9993040898111191,33.9840987662631,-425.7516015573501,5.0,-50.0,-0.018650308890009598,0.49965204490555953,-4.981403004932415,58.32278558486531,8.829000000000008,-5.331382242435012e-05,-0.006562370229140413,6.9412259068531075,-15.588020332889156,0.018650308890009598,-0.49965204490555953,0.2829734915473444,0.0,0.0,6.959876215743117,-15.804698886247373
58.000000000000554,0.0,403.0,459.23218829580156,429.60474899130287,1.4319804368605453,PILOT_DESC_MINPAY_ACC,caténaire,,17.310877687872253,0.5,17.310877687872253,0.35470477816903523,-0.9349783528745763,0.037306249590128654,-0.9993038795789391,34.01001612146458,-425.8186408487681,5.0,-50.0,-0.018653124795064327,0.49965193978946953,-4.981396173543223,58.326591854664606,8.829000000000008,-4.9298338287151466e-05,-0.0027562055459284807,6.140251030188029,-16.185295907420052,0.018653124795064327,-0.49965193978946953,0.2830617560260511,0.0,5.551115123125783e-17,6.158904154983094,-16.40188609118347
58.100000000000556,0.0,403.0,459.37741765370225,429.6706130328291,1.4522935790067,PILOT_DESC_MINPAY_ACC,caténaire,,17.21996750230279,0.5,17.21996750230279,0.30337115418746463,-0.9528724693299547,0.03732590864675757,-0.9993031454687281,34.03593346023328,-425.88568105892125,5.0,-50.0,-0.018662954323378785,0.49965157273436406,-4.98138985668301,58.32819053082055,8.829000000000008,-5.281100638843128e-05,-0.0011578964450933427,5.22404141624423,-16.40843295570083,0.018662954323378785,-0.49965157273436406,0.28315127256718575,0.0,0.0,5.242704370567608,-16.62493325586801
58.20000000000056,0.0,403.0,459.52445720216616,430.64480895625763,1.470395484639228,PILOT_DESC_MINPAY_ACC,caténaire,,16.05053096326602,0.5,16.05053096326602,0.2667732083150282,-0.9637593347539138,0.03734800091105562,-0.9993023200353073,34.06185078139831,-425.9527216550399,5.0,-50.0,-0.01867400045552781,0.49965116001765364,-4.981383089730314,58.328862149670336,8.829000000000008,-5.7090185841879304e-05,-0.00048669031201598045,4.281851640230176,-15.468849043604356,0.01867400045552781,-0.49965116001765364,0.28324190487444606,0.0,5.551115123125783e-17,4.300525640685704,-15.685258298747565
58.30000000000056,0.0,403.0,459.6728921714708,429.6438831987255,1.4843496930463451,PILOT_DESC_MINPAY_ACC,caténaire,,16.383640398421782,0.5,16.383640398421782,0.23781248339986438,-0.9713110844313417,0.037366378926667304,-0.9993016330047243,34.087768083533284,-426.01976241338866,5.0,-50.0,-0.018683189463333652,0.49965081650236215,-4.981375774468905,58.3291444475257,8.829000000000008,-5.8963932238143e-05,-0.00020473597194836657,3.8962342102790277,-15.913611522324201,0.018683189463333652,-0.49965081650236215,0.2833333972918722,0.0,0.0,3.9149173997423614,-16.12992894153469
58.40000000000056,0.0,403.0,459.8226497556988,429.96322899549693,1.497575842280208,PILOT_DESC_MINPAY_ACC,caténaire,,16.821377804730687,0.5,16.821377804730687,0.2462944671867066,-0.9691950450932033,0.03737228722604779,-0.9993014120611927,34.113685366013605,-426.0868032399827,5.0,-50.0,-0.018686143613023894,0.49965070603059636,-4.9813682191178845,58.3292632019085,8.829000000000008,-5.4362730907975276e-05,-8.609206091136912e-05,4.143012283762437,-16.30319601998577,0.018686143613023894,-0.49965070603059636,0.28342570494331776,0.0,-1.1102230246251565e-16,4.161698427375461,-16.519421021073047
58.50000000000056,0.0,403.0,459.9736853456974,429.90186513169436,1.510355899985892,PILOT_DESC_MINPAY_ACC,caténaire,,16.768888117160703,0.5,16.768888117160703,0.28132836624632923,-0.9596115622194072,0.03737622540490532,-0.9993012647717812,34.13960263037302,-426.1538440952741,5.0,-50.0,-0.01868811270245266,0.4996506323858906,-4.981361253350471,58.329313138501654,8.829000000000008,-4.93660529237161e-05,-3.622911246026206e-05,4.717563897768304,-16.091618922791035,0.01868811270245266,-0.4996506323858906,0.2835188003325719,0.0,-5.551115123125783e-17,4.736252010470757,-16.307750754844353
58.60000000000056,0.0,403.0,460.1258607438325,429.4272087580247,1.5217539813508538,PILOT_DESC_MINPAY_ACC,caténaire,,16.865500859256343,0.5,16.865500859256343,0.3084861659452777,-0.951228829157518,0.03738990958514015,-0.9993007528573243,34.16551987827708,-426.2208849626419,5.0,-50.0,-0.018694954792570075,0.49965037642866217,-4.981354927834871,58.329334152770166,8.829000000000008,-4.988262744110017e-05,-1.547080118058375e-05,5.2027736968187765,-16.042950635505527,0.018694954792570075,-0.49965037642866217,0.2836125982773108,0.0,0.0,5.221468651611347,-16.258988413656876
58.700000000000564,0.0,403.0,460.27908139102817,430.1802921418435,1.5322064719563862,PILOT_DESC_MINPAY_ACC,caténaire,,16.671636746210712,0.5,16.671636746210712,0.32238143400511815,-0.9466098515274409,0.03740586478456324,-0.9993001557488715,34.191437109553604,-426.2879258351666,5.0,-50.0,-0.01870293239228162,0.49965007787443577,-4.981348536134304,58.32934312644262,8.829000000000008,-5.14685265855519e-05,-6.7956829497006765e-06,5.374626161455831,-15.781535585049951,0.01870293239228162,-0.49965007787443577,0.2837070404931659,0.0,-5.551115123125783e-17,5.393329093848113,-15.99747862243122
58.800000000000566,0.0,403.0,460.4332040880062,430.3516687544358,1.541226969780324,PILOT_DESC_MINPAY_ACC,caténaire,,16.44716614598111,0.5,16.44716614598111,0.31756784774025365,-0.9482355520025724,0.03742331558878462,-0.999299502376711,34.21735432367395,-426.35496670995656,5.0,-50.0,-0.01871165779439231,0.4996497511883555,-4.981341941227714,58.32934706816422,8.829000000000008,-5.3599022105998984e-05,-3.1806474325435374e-06,5.223091154405584,-15.59578766931242,0.01871165779439231,-0.4996497511883555,0.2838020387148977,0.0,0.0,5.241802812199976,-15.811635381785878
58.90000000000057,0.0,403.0,460.58809383377877,430.61208485385663,1.5488974577254033,PILOT_DESC_MINPAY_ACC,caténaire,,16.702270872762647,0.5,16.702270872762647,0.2850550791179434,-0.958511138103811,0.0374364885110392,-0.9992990089697691,34.24327151992796,-426.42200758580674,5.0,-50.0,-0.0187182442555196,0.49964950448488454,-4.981335073334881,58.32934891310758,8.829000000000008,-5.3317590400503434e-05,-1.582407541889097e-06,4.761067145084678,-16.009312663169855,0.0187182442555196,-0.49964950448488454,0.2838975097305325,0.0,-5.551115123125783e-17,4.779785389340198,-16.225064657924207
59.00000000000057,0.0,403.0,460.74372504234873,431.1566274954286,1.556312085699467,PILOT_DESC_MINPAY_ACC,caténaire,,16.644768723792026,0.5,16.644768723792026,0.26856345090974704,-0.9632619959468183,0.037444489743783345,-0.9992987091895135,34.26918869840944,-426.48904846218437,5.0,-50.0,-0.018722244871891672,0.49964935459475673,-4.98132824150882,58.32934983093032,8.829000000000008,-5.048638071158962e-05,-8.144749301663978e-07,4.4701765280562125,-16.03327314295308,0.018722244871891672,-0.49964935459475673,0.28399343776936126,0.0,-5.551115123125783e-17,4.4888987729281045,-16.248929059778476
59.10000000000057,0.0,403.0,460.9000121648436,431.0154052764034,1.5628712249486911,PILOT_DESC_MINPAY_ACC,caténaire,,16.518513163023837,0.5,16.518513163023837,0.27155853445808553,-0.9624219253336743,0.03745341286048697,-0.9992983747935857,34.295105860062115,-426.5560893388335,5.0,-50.0,-0.018726706430243486,0.49964918739679287,-4.981321772459885,58.329350303343446,8.829000000000008,-4.847889012804529e-05,-5.092597703537649e-07,4.485743225977348,-15.897779242007044,0.018726706430243486,-0.49964918739679287,0.284089770100729,0.0,-5.551115123125783e-17,4.504469932407591,-16.113338659303107
59.20000000000057,0.0,403.0,461.05686445653026,429.8536436841854,1.5685229168668442,PILOT_DESC_MINPAY_ACC,caténaire,,16.85220980271419,0.5,16.85220980271419,0.302621957460492,-0.9531106708366978,0.037465278379184806,-0.9992979300068475,34.32102300555517,-426.62313021565234,5.0,-50.0,-0.018732639189592403,0.49964896500342376,-4.981315560648068,58.329350598700564,8.829000000000008,-4.819983766068958e-05,-4.3629601975681e-07,5.099848718032259,-16.062020990145694,0.018732639189592403,-0.49964896500342376,0.28418645079135374,0.0,0.0,5.118581357221852,-16.277483504357765
59.30000000000057,0.0,403.0,461.21429223753677,429.9116549303306,1.5742778100651047,PILOT_DESC_MINPAY_ACC,caténaire,,16.83106072314316,0.5,16.83106072314316,0.3205727789247461,-0.9472238876910072,0.03747218978362143,-0.999297670863302,34.34694013498161,-426.69017109261665,5.0,-50.0,-0.018736094891810714,0.499648835431651,-4.981309384593452,58.329350851821424,8.829000000000008,-4.547948526223422e-05,-3.1274693412797205e-07,5.39557990826915,-15.94278277213908,0.018736094891810714,-0.499648835431651,0.2842834862023609,0.0,-5.551115123125783e-17,5.414316003160961,-16.158148121368367
59.400000000000574,0.0,403.0,461.3722338267853,429.86789752232403,1.5794158924854709,PILOT_DESC_MINPAY_ACC,caténaire,,16.638221961552297,0.5,16.638221961552297,0.3286301678543253,-0.9444586877021345,0.03748322922854109,-0.9992972568393255,34.37285724924822,-426.7572119696852,5.0,-50.0,-0.018741614614270544,0.49964862841966273,-4.981303557114179,58.32935103322965,8.829000000000008,-4.5171728450199566e-05,-3.383506950171977e-07,5.467821676022453,-15.714113279504517,0.018741614614270544,-0.49964862841966273,0.2843808383147381,0.0,0.0,5.486563290636724,-15.929381069609443
59.500000000000576,0.0,403.0,461.53059937332523,429.9999743329936,1.583655465398996,PILOT_DESC_MINPAY_ACC,caténaire,,16.660282936803323,0.5,16.660282936803323,0.3169074666698596,-0.948456460555197,0.03750220094276031,-0.9992965450377825,34.398774348457586,-426.82425284686656,5.0,-50.0,-0.018751100471380153,0.49964827251889127,-4.98129776907072,58.32935122947497,8.829000000000008,-4.886954210014949e-05,-4.980061447668049e-07,5.27976805950543,-15.801552986088621,0.018751100471380153,-0.49964827251889127,0.2844784517461136,0.0,0.0,5.29851915997681,-16.0167228068614
59.60000000000058,0.0,403.0,461.6893509912025,430.2089905733257,1.5875161787728564,PILOT_DESC_MINPAY_ACC,caténaire,,16.4094459822482,0.5,16.4094459822482,0.287516047034545,-0.9577758206895961,0.037521067583578975,-0.9992958368208029,34.424691431377106,-426.8912937242139,5.0,-50.0,-0.018760533791789488,0.49964791841040146,-4.981291507216569,58.329351518303774,8.829000000000008,-5.2041008358649776e-05,-5.632858304238653e-07,4.717979042842899,-15.716570592709367,0.018760533791789488,-0.49964791841040146,0.28457630314432475,0.0,5.551115123125783e-17,4.7367395766346885,-15.931642207975445
59.70000000000058,0.0,403.0,461.8484000034207,430.44337325453625,1.5904901221816299,PILOT_DESC_MINPAY_ACC,caténaire,,16.23029249360475,0.5,16.23029249360475,0.27321944890700567,-0.9619517309818367,0.03753245060359784,-0.9992954093518535,34.45060849694962,-426.95833460174896,5.0,-50.0,-0.01876622530179892,0.49964770467592673,-4.981284838992135,58.32935184501662,8.829000000000008,-5.106429393375578e-05,-4.503074606532209e-07,4.434431570702201,-15.6127579585646,0.01876622530179892,-0.49964770467592673,0.28467433785060214,0.0,0.0,4.453197796004,-15.827731325389925
59.80000000000058,0.0,403.0,462.0076809373224,430.79479333632725,1.5928093390167624,PILOT_DESC_MINPAY_ACC,caténaire,,16.50995675372346,0.5,16.50995675372346,0.2808759264701634,-0.9597440877283524,0.03754834597395769,-0.999294812212402,34.47652554550071,-427.02537547943416,5.0,-50.0,-0.018774172986978845,0.499647406106201,-4.981278295924805,58.32935210624842,8.829000000000008,-5.246891178423141e-05,-4.876453871816011e-07,4.637249399184409,-15.845333383036873,0.018774172986978845,-0.499647406106201,0.2847725155088778,0.0,5.551115123125783e-17,4.656023572171388,-16.0602082736342
59.90000000000058,0.0,403.0,462.16722663101723,430.9257933021448,1.5954569369484954,PILOT_DESC_MINPAY_ACC,caténaire,,16.55094097030752,0.5,16.55094097030752,0.3170690960938074,-0.9484024400549885,0.03755947639046859,-0.9992943939266715,34.50244257656215,-427.0924163572819,5.0,-50.0,-0.018779738195234295,0.49964719696333576,-4.9812715728803685,58.32935238904347,8.829000000000008,-5.1311075602633593e-05,-4.139931988333956e-07,5.247791892957369,-15.69695280144573,0.018779738195234295,-0.49964719696333576,0.2848708563599215,0.0,0.0,5.266571631152603,-15.911729142049145
60.00000000000058,0.0,403.0,462.3270189027454,430.8292906869186,1.5979227172816397,PILOT_DESC_MINPAY_ACC,caténaire,,16.433505517767784,0.5,16.433505517767784,0.34698760019856606,-0.9378697165963085,0.03757056139203745,-0.9992939772242636,34.52835959051991,-427.1594572352676,5.0,-50.0,-0.018785280696018727,0.4996469886121318,-4.981264998201094,58.3293526292066,8.829000000000008,-5.027889711239908e-05,-3.8218126974243205e-07,5.702222642460137,-15.412487162632743,0.018785280696018727,-0.4996469886121318,0.2849693491968513,0.0,5.551115123125783e-17,5.721007923156156,-15.627164802048023
60.100000000000584,0.0,403.0,462.4870097049426,431.6837522908408,1.5999080219716335,PILOT_DESC_MINPAY_ACC,caténaire,,15.494717557895786,0.5,15.494717557895786,0.3657529495306325,-0.9307119747320558,0.03758928964076723,-0.9992932729205689,34.554276587718036,-427.2264981133807,5.0,-50.0,-0.018794644820383614,0.49964663646028445,-4.981258555780017,58.329352850872816,8.829000000000008,-5.32006004005936e-05,-5.126669080368629e-07,5.667238648944462,-14.421119176224645,0.018794644820383614,-0.49964663646028445,0.2850679644040867,0.0,-5.551115123125783e-17,5.6860332937648455,-14.635697848280842
60.200000000000585,0.0,403.0,462.64699152425385,430.42616753728726,1.5998181931129254,PILOT_DESC_MINPAY_ACC,caténaire,,15.863059823086983,0.5,15.863059823086983,0.3767249338779372,-0.9263251719534905,0.03760881399987495,-0.9992925383037357,34.580193567182626,-427.2935389916647,5.0,-50.0,-0.018804406999937476,0.49964626915186783,-4.9812517389959705,58.32935314820822,8.829000000000008,-5.614599590764158e-05,-5.826399203101573e-07,5.976010162954206,-14.694351618329556,0.018804406999937476,-0.49964626915186783,0.2851665740744466,0.0,0.0,5.994814569954143,-14.908831313406976
60.30000000000059,0.0,403.0,462.80703902465416,430.30874338048375,1.6004750040030138,PILOT_DESC_MINPAY_ACC,caténaire,,16.14101789778093,0.5,16.14101789778093,0.35719031879013224,-0.9340316248193119,0.03761801389939979,-0.9992921920190634,34.60611052793188,-427.36057987014294,5.0,-50.0,-0.018809006949699895,0.4996460960095317,-4.981244544812487,58.32935348619728,8.829000000000008,-5.3551762186465623e-05,-4.177931955950953e-07,5.7654153285056005,-15.076221173301917,0.018809006949699895,-0.4996460960095317,0.2852652242293476,0.0,-5.551115123125783e-17,5.7842243354553,-15.290602045082101
60.40000000000059,0.0,403.0,462.96720132683,431.8072587743647,1.6016230217581766,PILOT_DESC_MINPAY_ACC,caténaire,,15.358202752500615,0.5,15.358202752500615,0.33418616923870537,-0.9425070844771191,0.03762925743059413,-0.9992917686968216,34.63202747083055,-427.42762074876043,5.0,-50.0,-0.018814628715297065,0.4996458843484108,-4.981237683042147,58.32935372853652,8.829000000000008,-5.231175744491168e-05,-3.8711507954758417e-07,5.132498944249521,-14.47521489906782,0.018814628715297065,-0.4996458843484108,0.2853639451458218,0.0,5.551115123125783e-17,5.151313572964819,-14.68949683827041
60.50000000000059,0.0,403.0,463.1273104847095,430.4766382321014,1.6010915787951643,PILOT_DESC_MINPAY_ACC,caténaire,,15.713966187971387,0.5,15.713966187971387,0.31972335595486057,-0.9475109369590208,0.037629191824644866,-0.9992917711672722,34.65794439629197,-427.49466162750696,5.0,-50.0,-0.018814595912322433,0.4996458855836361,-4.981230980163178,58.32935395307124,8.829000000000008,-4.5576075500264324e-05,-1.613451274806721e-07,5.024122004979419,-14.889154826107141,0.018814595912322433,-0.4996458855836361,0.28546263330518934,0.0,0.0,5.042936600891741,-15.103338078385589
60.60000000000059,0.0,403.0,463.2874430624994,431.49221340969456,1.601325777899086,PILOT_DESC_MINPAY_ACC,caténaire,,15.87143551898405,0.5,15.87143551898405,0.3340118341819463,-0.942568880573941,0.03764163664736052,-0.9992913024691589,34.68386130656136,-427.56170250630726,5.0,-50.0,-0.01882081832368026,0.49964565123457944,-4.98122514035414,58.32935404664386,8.829000000000008,-4.595867782075658e-05,-3.0212157042797116e-07,5.301247288796353,-14.959921210230283,0.01882081832368026,-0.49964565123457944,0.28556133590013244,0.0,0.0,5.320068107120034,-15.17400552556473
60.70000000000059,0.0,403.0,463.4476283091284,431.37272639006653,1.6018524662898521,PILOT_DESC_MINPAY_ACC,caténaire,,15.94758926502065,0.5,15.94758926502065,0.33173041650238827,-0.9433742262576141,0.0376511741673275,-0.9992909431611103,34.70977820151119,-427.6287433852083,5.0,-50.0,-0.01882558708366375,0.49964547158055517,-4.981219251521297,58.32935422191942,8.829000000000008,-4.483860496140579e-05,-3.065000342417079e-07,5.290300429094316,-15.044544683563089,0.01882558708366375,-0.49964547158055517,0.2856600709591198,0.0,0.0,5.30912601617798,-15.258530084184525
60.800000000000594,0.0,403.0,463.6078762854719,431.2687674225065,1.6024797634348835,PILOT_DESC_MINPAY_ACC,caténaire,,16.12585558213236,0.5,16.12585558213236,0.3057515456400261,-0.9521113340039257,0.0376635543715243,-0.9992904766243412,34.73569508151483,-427.69578426421145,5.0,-50.0,-0.01883177718576215,0.4996452383121706,-4.981213506214623,58.329354399667835,8.829000000000008,-4.5283400385898176e-05,-3.620200033083165e-07,4.9305052690048115,-15.353609870258692,0.01883177718576215,-0.4996452383121706,0.2857588446834786,0.0,0.0,4.949337046190574,-15.567496263887385
60.900000000000595,0.0,403.0,463.7682164687881,431.13222859428316,1.6034018331624138,PILOT_DESC_MINPAY_ACC,caténaire,,15.873061455978764,0.5,15.873061455978764,0.29726669204219197,-0.9547944877314136,0.03767382794487169,-0.9992900893574299,34.76161194642399,-427.7628251433353,5.0,-50.0,-0.018836913972435844,0.49964504467871496,-4.9812077039141025,58.329354609662204,8.829000000000008,-4.461788653831178e-05,-3.456590889072686e-07,4.718532471601226,-15.15551158159049,0.018836913972435844,-0.49964504467871496,0.28585767524241534,0.0,-5.551115123125783e-17,4.737369385573662,-15.36929895102679
61.0000000000006,0.0,403.0,463.92858917647453,431.00523133351476,1.6037270768642746,PILOT_DESC_MINPAY_ACC,caténaire,,15.927699249516278,0.5,15.927699249516278,0.3100632837876615,-0.9507159197398622,0.037676612029607835,-0.9992899843919033,34.78752879646053,-427.8298660225744,5.0,-50.0,-0.018838306014803918,0.49964499219595165,-4.981201986894147,58.32935481016084,8.829000000000008,-4.0292908951578e-05,-1.9764321734783152e-07,4.938594732487289,-15.142717241343782,0.018838306014803918,-0.49964499219595165,0.285956525848739,0.0,0.0,4.957433038502093,-15.356405707690994
61.1000000000006,0.0,403.0,464.0890021805271,431.3069631606215,1.6041300405255081,PILOT_DESC_MINPAY_ACC,caténaire,,15.754605381240188,0.5,15.754605381240188,0.32889737307271116,-0.9443656696353748,0.03767894969588331,-0.9992898962512405,34.813445633066095,-427.89690690187933,5.0,-50.0,-0.018839474847941656,0.49964494812562027,-4.981196824047768,58.329354924802125,8.829000000000008,-3.629889570966327e-05,-1.2707226204611288e-07,5.181648323687097,-14.87810846069597,0.018839474847941656,-0.49964494812562027,0.2860554012929561,0.0,0.0,5.200487798535038,-15.091698007528635
61.2000000000006,0.0,403.0,464.24941692936954,431.40278954613996,1.604147488424951,PILOT_DESC_MINPAY_ACC,caténaire,,15.704180212525516,0.5,15.704180212525516,0.3412443703661767,-0.939974616515463,0.03768930098367899,-0.9992895058947441,34.83936245757203,-427.96394778122664,5.0,-50.0,-0.018844650491839494,0.49964475294737204,-4.981192172967717,58.32935499849304,8.829000000000008,-3.682345955624555e-05,-2.4855959424030516e-07,5.358963088740241,-14.761530772958395,0.018844650491839494,-0.49964475294737204,0.2861542778126276,0.0,0.0,5.377807739232081,-14.975021248093139
61.3000000000006,0.0,403.0,464.40982326028495,432.29981802433014,1.6040633091539276,PILOT_DESC_MINPAY_ACC,caténaire,,15.704504336106103,0.5,15.704504336106103,0.33693082940664865,-0.9415294027248154,0.037696821871085896,-0.999289222207875,34.86527926980348,-428.0309886606568,5.0,-50.0,-0.018848410935542948,0.4996446111039375,-4.981187454677681,58.329355142709616,8.829000000000008,-3.586561322332926e-05,-2.4618645255714e-07,5.2913316713845395,-14.786252587663254,0.018848410935542948,-0.4996446111039375,0.2862531491436532,0.0,0.0,5.310180082320082,-14.999644049623539
61.4000000000006,0.0,403.0,464.5702221766422,432.1209293902502,1.6039891635719472,PILOT_DESC_MINPAY_ACC,caténaire,,15.534540150878444,0.5,15.534540150878444,0.3092603706298314,-0.9509774041258285,0.03770939973700702,-0.9992887476457816,34.89119607007972,-428.098029540169,5.0,-50.0,-0.01885469986850351,0.4996443738228908,-4.981182859118649,58.32935528544249,8.829000000000008,-3.755898715240846e-05,-3.407346298445191e-07,4.804217644624665,-14.772996666970839,0.01885469986850351,-0.4996443738228908,0.28635201590448994,0.0,0.0,4.823072344493169,-14.98628902488924
61.500000000000604,0.0,403.0,464.7305805237672,432.3003171773973,1.6035834712497354,PILOT_DESC_MINPAY_ACC,caténaire,,15.628566887013855,0.5,15.628566887013855,0.2955782705937145,-0.9553185259131265,0.03772308974317464,-0.9992882309425186,34.9171128578363,-428.1650704197948,5.0,-50.0,-0.01886154487158732,0.4996441154712593,-4.981178046586419,58.32935548307261,8.829000000000008,-3.9591458006249525e-05,-4.0145613411368686e-07,4.619464772321748,-14.930259480636776,0.01886154487158732,-0.4996441154712593,0.2864508576592438,0.0,5.551115123125783e-17,4.638326317193335,-15.143452738448792
61.600000000000605,0.0,403.0,464.8909212605894,432.10352071369886,1.603407368221896,PILOT_DESC_MINPAY_ACC,caténaire,,15.595678465648891,0.5,15.595678465648891,0.30158679398502464,-0.9534387267642501,0.03773884175389962,-0.9992876361804314,34.94302963239573,-428.2321112995544,5.0,-50.0,-0.01886942087694981,0.4996438180902157,-4.981172973631639,58.32935571591611,8.829000000000008,-4.23945085890054e-05,-4.659936863049552e-07,4.7034506684763375,-14.869523819312914,0.01886942087694981,-0.4996438180902157,0.28654968855935087,0.0,5.551115123125783e-17,4.722320089353287,-15.082617948843778
61.70000000000061,0.0,403.0,465.05123966706356,431.87111488448164,1.603184064741722,PILOT_DESC_MINPAY_ACC,caténaire,,15.486838503298799,0.5,15.486838503298799,0.3351637613845533,-0.9421598872031002,0.037751990174064665,-0.9992871395339267,34.96894639282365,-428.29915217946933,5.0,-50.0,-0.018875995087032332,0.49964356976696334,-4.981167541517932,58.32935598624801,8.829000000000008,-4.353660496470013e-05,-4.4398503007414547e-07,5.190627044720751,-14.591078017400624,0.018875995087032332,-0.49964356976696334,0.28664850569546735,0.0,-5.551115123125783e-17,5.2095030398077835,-14.80407308147212
61.80000000000061,0.0,403.0,465.21151630478863,432.85243845178115,1.6027663772507112,PILOT_DESC_MINPAY_ACC,caténaire,,15.554154290017795,0.5,15.554154290017795,0.3618426358177254,-0.9322391897493265,0.03776075176347576,-0.9992868084920651,34.994863138739376,-428.36619305953224,5.0,-50.0,-0.01888037588173788,0.49964340424603254,-4.98116196306653,58.32935624372109,8.829000000000008,-4.2338948267328647e-05,-3.520328917261395e-07,5.62815618621562,-14.500192192562201,0.01888037588173788,-0.49964340424603254,0.2867472970861422,0.0,0.0,5.647036562097358,-14.713088299722092
61.90000000000061,0.0,403.0,465.3717689103029,432.79278218585966,1.6025260551426908,PILOT_DESC_MINPAY_ACC,caténaire,,15.371276396008438,0.5,15.371276396008438,0.38230286684852943,-0.9240370760956487,0.03778129052613518,-0.9992860321680573,35.020779870542114,-428.4332339397125,5.0,-50.0,-0.01889064526306759,0.49964301608402867,-4.981156538076606,58.32935644797845,8.829000000000008,-4.7183339673573244e-05,-5.359375307989467e-07,5.876483033315157,-14.203629296825698,0.01889064526306759,-0.49964301608402867,0.28684607366383147,0.0,5.551115123125783e-17,5.895373678578225,-14.416426239245896
62.00000000000061,0.0,403.0,465.5319634077082,431.70624886795406,1.6019449740531528,PILOT_DESC_MINPAY_ACC,caténaire,,15.407867837426924,0.5,15.407867837426924,0.38853146928773585,-0.9214354548057684,0.03780066052482723,-0.9992852996336365,35.046696586617074,-428.50027482007147,5.0,-50.0,-0.018900330262413615,0.4996426498168183,-4.9811504923682195,58.32935675886508,8.829000000000008,-5.082263063282966e-05,-5.913181055916539e-07,5.986441529466732,-14.197355708366649,0.018900330262413615,-0.4996426498168183,0.28694481442481673,0.0,-5.551115123125783e-17,6.005341859729145,-14.41005354375865
62.10000000000061,0.0,403.0,465.6921130225096,432.1401084550731,1.6014961480141052,PILOT_DESC_MINPAY_ACC,caténaire,,15.216151922253237,0.5,15.216151922253237,0.3757085295577801,-0.926737881397718,0.03780545713021256,-0.9992851181775777,35.07261328575116,-428.5673157006275,5.0,-50.0,-0.01890272856510628,0.49964255908878885,-4.981143980353888,58.32935710179984,8.829000000000008,-4.6708918994831095e-05,-3.3911137364839306e-07,5.716838064237553,-14.10138439545478,0.01890272856510628,-0.49964255908878885,0.2870435275210411,0.0,0.0,5.73574079280266,-14.313983427022528
62.200000000000614,0.0,403.0,465.85218399613564,432.26824518137005,1.6007097362603102,PILOT_DESC_MINPAY_ACC,caténaire,,15.10860974486034,0.5,15.10860974486034,0.33811219322491187,-0.9411058095626865,0.03781978994723685,-0.9992845758283005,35.09852996931561,-428.6343565812966,5.0,-50.0,-0.018909894973618425,0.4996422879141503,-4.981137995440927,58.32935729853974,8.829000000000008,-4.789041454600351e-05,-4.1354611823862797e-07,5.108405177414006,-14.218800405303485,0.018909894973618425,-0.4996422879141503,0.2871421921443802,0.0,0.0,5.127315072387624,-14.431300501073256
62.300000000000615,0.0,403.0,466.0121627805757,432.83329484108475,1.599787844400769,PILOT_DESC_MINPAY_ACC,caténaire,,15.439252283001101,0.5,15.439252283001101,0.31402203970148096,-0.9494156932459678,0.03783384186135396,-0.9992840439084425,35.12444663691658,-428.7013974621035,5.0,-50.0,-0.01891692093067698,0.49964202195422125,-4.98113185914391,58.32935753840614,8.829000000000008,-4.878007458675171e-05,-4.3963964202475836e-07,4.848265493373752,-14.658268409464881,0.01891692093067698,-0.49964202195422125,0.2872407999441047,0.0,0.0,4.867182414304429,-14.870669631474998
62.40000000000062,0.0,403.0,466.1721248195161,432.4901469761653,1.5996203894039018,PILOT_DESC_MINPAY_ACC,caténaire,,15.298701466789367,0.5,15.298701466789367,0.30637065865592705,-0.9519122961254012,0.03783608254424576,-0.999283959071547,35.15036328825753,-428.76843834305697,5.0,-50.0,-0.01891804127212288,0.4996419795357735,-4.981125608857291,58.32935779340638,8.829000000000008,-4.365012941409674e-05,-2.270578534080414e-07,4.687073244960656,-14.56302204098851,0.01891804127212288,-0.4996419795357735,0.2873393974222301,0.0,5.551115123125783e-17,4.705991286232779,-14.775324623102055
62.50000000000062,0.0,403.0,466.3320437735555,432.2419924080719,1.5991895403935568,PILOT_DESC_MINPAY_ACC,caténaire,,14.35542693763784,0.5,14.35542693763784,0.3184063831607332,-0.9479543106935588,0.03786713022381828,-0.999282783024211,35.17627992504843,-428.83547922408616,5.0,-50.0,-0.01893356511190914,0.4996413915121055,-4.981120015882493,58.32935792515979,8.829000000000008,-5.3580994402224746e-05,-6.833281105400602e-07,4.570859569941425,-13.608288847380226,0.01893356511190914,-0.4996413915121055,0.2874379683436636,0.0,5.551115123125783e-17,4.589793135053334,-13.820492270548668
62.60000000000062,0.0,403.0,466.4917353924504,432.63712660446157,1.596916188949174,PILOT_DESC_MINPAY_ACC,caténaire,,13.854927789312754,0.5,13.854927789312754,0.33823537217112387,-0.9410615458152889,0.037907880161660995,-0.9992812380014193,35.20219654397901,-428.9025201053431,5.0,-50.0,-0.018953940080830498,0.49964061900070966,-4.981113150453323,58.3293583215081,8.829000000000008,-6.709053415399069e-05,-1.0594911969974419e-06,4.686226657222246,-13.038339762569864,0.018953940080830498,-0.49964061900070966,0.28753639914015194,0.0,0.0,4.705180597303077,-13.250443982430422
62.70000000000062,0.0,403.0,466.65112240599956,432.56181150653146,1.593870135491801,PILOT_DESC_MINPAY_ACC,caténaire,,14.64772546134113,0.5,14.64772546134113,0.33422095387896916,-0.9424947501117616,0.037914403755539214,-0.9992809905066052,35.22811314054607,-428.96956098695324,5.0,-50.0,-0.018957201877769607,0.4996404952533026,-4.9811045540297,58.32935893606066,8.829000000000008,-6.175590746959614e-05,-5.686860475861977e-07,4.895576775846696,-13.805404348392397,0.018957201877769607,-0.4996404952533026,0.28763464218385143,0.0,5.551115123125783e-17,4.914533977724466,-14.017410201461848
62.80000000000062,0.0,403.0,466.81039393031506,432.6631438895744,1.5927152431549472,PILOT_DESC_MINPAY_ACC,caténaire,,15.104996003135629,0.5,15.104996003135629,0.325274981780004,-0.945619472212802,0.03790834705884198,-0.9992812202894972,35.25402971652783,-429.03660186875294,5.0,-50.0,-0.01895417352942099,0.4996406101447486,-4.981096641145679,58.32935926593878,8.829000000000008,-5.0814675099708495e-05,-1.2391647885579005e-07,4.913277299706976,-14.283578348261596,0.01895417352942099,-0.4996406101447486,0.2877328140422419,0.0,0.0,4.9322314732363965,-14.495486144364103
62.900000000000624,0.0,403.0,466.96965306442337,432.7627655061895,1.5925913410833217,PILOT_DESC_MINPAY_ACC,caténaire,,15.290493301099257,0.5,15.290493301099257,0.33772776060439913,-0.9412438364829476,0.03790419163924223,-0.9992813779192403,35.27994627557137,-429.10364275059396,5.0,-50.0,-0.018952095819621116,0.49964068895962016,-4.981090130185318,58.32935933784923,8.829000000000008,-4.2226004938861195e-05,2.6808848474502156e-08,5.164024061116819,-14.392082576443475,0.018952095819621116,-0.49964068895962016,0.2878309782635504,0.0,0.0,5.18297615693644,-14.603892287139544
63.000000000000625,0.0,403.0,467.1289382427683,432.8495017582503,1.5928517834491918,PILOT_DESC_MINPAY_ACC,caténaire,,15.283459005490236,0.5,15.283459005490236,0.3380344448082733,-0.9411337387019777,0.037904197794192955,-0.9992813776857741,35.305862820539566,-429.17068363242606,5.0,-50.0,-0.018952098897096478,0.49964068884288704,-4.981084719704858,58.329359322319746,8.829000000000008,-3.6818601954813346e-05,1.1162626378791174e-08,5.166335579670897,-14.383778914135435,0.018952098897096478,-0.49964068884288704,0.28792915853801804,0.0,0.0,5.1852876785679936,-14.595490444440303
63.10000000000063,0.0,403.0,467.28824555000256,433.7772800866705,1.5930730723423339,PILOT_DESC_MINPAY_ACC,caténaire,,15.181666469116777,0.5,15.181666469116777,0.3213002966194119,-0.9469773594929702,0.037908346765574565,-0.9992812203006224,35.3317793532349,-429.2377245142544,5.0,-50.0,-0.018954173382787282,0.4996406101503112,-4.981080002088446,58.32935931579142,8.829000000000008,-3.4175471233410804e-05,-7.405827773254714e-08,4.8778739397042,-14.376694425627171,0.018954173382787282,-0.4996406101503112,0.28802735245230104,0.0,0.0,4.896828113086987,-14.588307683325182
63.20000000000063,0.0,403.0,467.4475525106344,433.34427936491085,1.5930696063182976,PILOT_DESC_MINPAY_ACC,caténaire,,15.156467152790885,0.5,15.156467152790885,0.32519768020832307,-0.9456460589391388,0.0379225828294476,-0.9992806801452451,35.35769587453841,-429.3047653961074,5.0,-50.0,-0.0189612914147238,0.49964034007262254,-4.981075623139641,58.32935935872009,8.829000000000008,-3.691455436438673e-05,-3.0120729377358657e-07,4.928847958241243,-14.33265343047721,0.0189612914147238,-0.49964034007262254,0.2881255461529451,0.0,5.551115123125783e-17,4.9478092496559665,-14.544168224396886
63.30000000000063,0.0,403.0,467.60685421532907,433.176863281924,1.5930170469468032,PILOT_DESC_MINPAY_ACC,caténaire,,15.232457491806837,0.5,15.232457491806837,0.3193577694072699,-0.9476342201077445,0.037928439140878074,-0.9992804578817385,35.38361238353706,-429.37180627806083,5.0,-50.0,-0.018964219570439037,0.49964022894086924,-4.981070893231308,58.329359533402176,8.829000000000008,-3.511280174706144e-05,-2.3765696255395596e-07,4.864603647174489,-14.43479797557274,0.018964219570439037,-0.49964022894086924,0.288223736613932,0.0,0.0,4.883567866744928,-14.646214467899677
63.40000000000063,0.0,403.0,467.7661664835702,432.87901978932547,1.5931226824115412,PILOT_DESC_MINPAY_ACC,caténaire,,15.197064106255091,0.5,15.197064106255091,0.334176492259337,-0.9425105156024762,0.03793523315474377,-0.999280199986718,35.40952888083145,-429.4388471600935,5.0,-50.0,-0.018967616577371886,0.499640099993359,-4.981066394186661,58.329359671288266,8.829000000000008,-3.401076403353187e-05,-2.287183846760854e-07,5.078501575668603,-14.32339272643037,0.018967616577371886,-0.499640099993359,0.2883219335860828,0.0,0.0,5.097469192245975,-14.534710892837646
63.50000000000063,0.0,403.0,467.9254812761048,433.30810892064596,1.5931479253459238,PILOT_DESC_MINPAY_ACC,caténaire,,15.033756156985662,0.5,15.033756156985662,0.3402566556303286,-0.9403326051452561,0.03794339820424444,-0.9992798899871417,35.43544536678892,-429.50588804220234,5.0,-50.0,-0.01897169910212222,0.49963994499357084,-4.981062036348429,58.329359803931915,8.829000000000008,-3.3735450551297674e-05,-2.5107452472639125e-07,5.115335591537803,-14.136731092216861,0.01897169910212222,-0.49963994499357084,0.2884201321141588,0.0,0.0,5.134307290639925,-14.347950905096274
63.600000000000634,0.0,403.0,468.0847657746489,433.2211540091019,1.5928449854409832,PILOT_DESC_MINPAY_ACC,caténaire,,15.058581561520045,0.5,15.058581561520045,0.3321088524264338,-0.943241066822261,0.03795235570579612,-0.9992795498239624,35.46136184150124,-429.5729289243949,5.0,-50.0,-0.01897617785289806,0.4996397749119812,-4.981057713789284,58.32935994953329,8.829000000000008,-3.3891642182481974e-05,-2.755547328092689e-07,5.001088241566277,-14.203872536918198,0.01897617785289806,-0.4996397749119812,0.2885183119696104,0.0,0.0,5.0200644194191755,-14.414993999860569
63.700000000000635,0.0,403.0,468.24402806937303,434.4530658702569,1.5926229472418114,PILOT_DESC_MINPAY_ACC,caténaire,,15.02925750515621,0.5,15.02925750515621,0.3086118480702867,-0.9511880609167895,0.03796564151133246,-0.9992790451443645,35.48727830491634,-429.6399698066793,5.0,-50.0,-0.01898282075566623,0.49963952257218225,-4.981053371217221,58.32936010937828,8.829000000000008,-3.6191972887067436e-05,-3.6804954817171165e-07,4.638206933790484,-14.29565030334864,0.01898282075566623,-0.49963952257218225,0.2886164781390609,0.0,0.0,4.657189754546151,-14.506673347781764
63.80000000000064,0.0,403.0,468.40326461149294,433.9997455104666,1.5923654211988434,PILOT_DESC_MINPAY_ACC,caténaire,,15.013617962152399,0.5,15.013617962152399,0.2952562215111153,-0.9554181093421765,0.03797836703975797,-0.9992785615818011,35.51319475626745,-429.70701068908636,5.0,-50.0,-0.018989183519878983,0.49963928079090053,-4.98104873390695,58.32936032283465,8.829000000000008,-3.791742682857091e-05,-3.963744532597957e-07,4.432864110716528,-14.344282487785385,0.018989183519878983,-0.49963928079090053,0.28871462843510887,0.0,0.0,4.451853294236407,-14.555207140141176
63.90000000000064,0.0,403.0,468.5624749439559,434.5732594351184,1.5921033246298915,PILOT_DESC_MINPAY_ACC,caténaire,,14.878474797627309,0.5,14.878474797627309,0.2983929466202368,-0.9544431095708599,0.03799711276097822,-0.9992778489598523,35.53911119497943,-429.77405157162553,5.0,-50.0,-0.01899855638048911,0.49963892447992614,-4.981043875513143,58.329360552710746,8.829000000000008,-4.2431893632510764e-05,-5.228093371556497e-07,4.4396319360789445,-14.20065775151908,0.01899855638048911,-0.49963892447992614,0.28881276257603594,0.0,-1.1102230246251565e-16,4.4586304924594335,-14.41148391342297
64.00000000000064,0.0,403.0,468.7216347546405,433.9518622291017,1.591598106845938,PILOT_DESC_MINPAY_ACC,caténaire,,14.755736663036288,0.5,14.755736663036288,0.3255927182208322,-0.9455101172602913,0.03800640188816648,-0.9992774957015269,35.565027619547436,-429.841092454339,5.0,-50.0,-0.01900320094408324,0.49963874785076345,-4.981038438679177,58.32936085598101,8.829000000000008,-4.1639623260536496e-05,-3.961682395470234e-07,4.804360409468777,-13.95169830252942,0.01900320094408324,-0.49963874785076345,0.28891086557632506,0.0,0.0,4.82336361041286,-14.16242618480386
64.10000000000063,0.0,403.0,468.8807246435891,433.7482876105904,1.5908988894858376,PILOT_DESC_MINPAY_ACC,caténaire,,14.627337473534329,0.5,14.627337473534329,0.3465403191363071,-0.9380350778158068,0.038013587448289254,-0.9992772223809123,35.59094403023557,-429.9081333371845,5.0,-50.0,-0.019006793724144627,0.49963861119045616,-4.981033103362027,58.329361085766465,8.829000000000008,-3.9897086171691853e-05,-3.0304308751283315e-07,5.06896219619305,-13.72095564522484,0.019006793724144627,-0.49963861119045616,0.28900892547822105,0.0,0.0,5.0879689899171945,-13.931585330937075
64.20000000000063,0.0,403.0,469.0397260185807,433.5584755783858,1.590013749916663,PILOT_DESC_MINPAY_ACC,caténaire,,14.55963743265307,0.5,14.55963743265307,0.3600558564771374,-0.9329307478138531,0.038022138860037816,-0.9992768970393081,35.61686042762467,-429.975174220131,5.0,-50.0,-0.019011069430018908,0.49963844851965405,-4.981027991320114,58.32936126153662,8.829000000000008,-3.906075013304644e-05,-2.899437347991807e-07,5.24228272581049,-13.583133437943596,0.019011069430018908,-0.49963844851965405,0.28910693082184186,0.0,0.0,5.261293795240509,-13.79366495564141
64.30000000000062,0.0,403.0,469.19863428640207,433.56868453741,1.5890826782136915,PILOT_DESC_MINPAY_ACC,caténaire,,14.696555193839416,0.5,14.696555193839416,0.36240919677707445,-0.9320190846175821,0.03803212046067588,-0.9992765171929464,35.64277681199353,-430.04221510317416,5.0,-50.0,-0.01901606023033794,0.4996382585964732,-4.9810229864421265,58.32936142969039,8.829000000000008,-3.9046672464237986e-05,-3.117131441854326e-07,5.326166763189284,-13.697469918793985,0.01901606023033794,-0.4996382585964732,0.2892048787760205,0.0,0.0,5.345182823419622,-13.907903298614437
64.40000000000062,0.0,403.0,469.3574862366774,434.34707287794475,1.588519502753333,PILOT_DESC_MINPAY_ACC,caténaire,,14.553386426733882,0.5,14.553386426733882,0.3485165406497107,-0.9373026303673528,0.038050734176446215,-0.9992758085877159,35.668693183346825,-430.1092559863212,5.0,-50.0,-0.019025367088223107,0.49963790429385796,-4.981017983369289,58.32936161050514,8.829000000000008,-4.335045751169275e-05,-4.85201013589176e-07,5.072095892183747,-13.640927378530197,0.019025367088223107,-0.49963790429385796,0.28930279201716325,0.0,0.0,5.09112125927197,-13.85126249080689
64.50000000000061,0.0,403.0,469.5162589627177,433.5347360290144,1.5877272604031212,PILOT_DESC_MINPAY_ACC,caténaire,,14.62156649442677,0.5,14.62156649442677,0.34249115270591873,-0.9395210536854247,0.03807103028815281,-0.9992750355396649,35.69460954024997,-430.17629686963,5.0,-50.0,-0.019035515144076406,0.49963751776983245,-4.981012428853773,58.32936189191541,8.829000000000008,-4.794399784913139e-05,-5.903147624053418e-07,5.007757163042464,-13.73726955937534,0.019035515144076406,-0.49963751776983245,0.2894006564260341,0.0,0.0,5.02679267818654,-13.947506420719138
64.6000000000006,0.0,403.0,469.67497411821785,433.29988661039744,1.5871515550015212,PILOT_DESC_MINPAY_ACC,caténaire,,14.480772555690326,0.5,14.480772555690326,0.3591978017017715,-0.9332614527840604,0.03808611265532332,-0.9992744608078433,35.72052588117178,-430.24333775313556,5.0,-50.0,-0.01904305632766166,0.49963723040392166,-4.981006285767702,58.32936223435563,8.829000000000008,-4.9342095363336114e-05,-5.352404599534566e-07,5.201461668947308,-13.514346832759104,0.01904305632766166,-0.49963723040392166,0.28949848534954775,0.0,5.551115123125783e-17,5.22050472527497,-13.724485577813478
64.7000000000006,0.0,403.0,469.83360939664686,433.46547894534666,1.586352784290114,PILOT_DESC_MINPAY_ACC,caténaire,,14.607322353510533,0.5,14.607322353510533,0.36175262229665833,-0.9322741229174449,0.038089259136681264,-0.9992743408786292,35.746442205646225,-430.31037863681956,5.0,-50.0,-0.019044629568340632,0.4996371704393146,-4.980999963547419,58.32936254484662,8.829000000000008,-4.459311575999436e-05,-2.847140763151401e-07,5.28423716611503,-13.61802863529142,0.019044629568340632,-0.4996371704393146,0.28959626503839414,0.0,5.551115123125783e-17,5.303281795683371,-13.82806954069234
64.8000000000006,0.0,403.0,469.9921981908226,433.7642900773876,1.58588794175731,PILOT_DESC_MINPAY_ACC,caténaire,,14.556310317773395,0.5,14.556310317773395,0.3504660324683351,-0.9365754428159558,0.038095998296109074,-0.9992740839798773,35.7723585152563,-430.37741952059844,5.0,-50.0,-0.019047999148054537,0.49963704198993864,-4.9809942498204025,58.329362709934045,8.829000000000008,-4.224896845705928e-05,-2.480760201706289e-07,5.101492324447931,-13.633082781635084,0.019047999148054537,-0.49963704198993864,0.2896940160752542,0.0,5.551115123125783e-17,5.120540323595986,-13.843025807549768
64.90000000000059,0.0,403.0,470.1507350418733,434.50155126879696,1.5853685105072133,PILOT_DESC_MINPAY_ACC,caténaire,,14.454947421672548,0.5,14.454947421672548,0.32416093394502565,-0.9460019497357757,0.038101826909479844,-0.9992738617547043,35.79827481078338,-430.44446040446,5.0,-50.0,-0.019050913454739922,0.49963693087735217,-4.98098883645045,58.32936285385389,8.829000000000008,-3.974990519051147e-05,-2.1526876992083999e-07,4.685729256335613,-13.674408444230354,0.019050913454739922,-0.49963693087735217,0.289791735095386,0.0,0.0,4.704780169790354,-13.88425364001232
65.00000000000058,0.0,403.0,470.30920496660184,434.2544423340304,1.5846992472854184,PILOT_DESC_MINPAY_ACC,caténaire,,14.427749172952414,0.5,14.427749172952414,0.30465906893427275,-0.9524614699378143,0.03811067799836904,-0.9992735242277286,35.8241910930605,-430.51150128839333,5.0,-50.0,-0.01905533899918452,0.4996367621138643,-4.980983743290584,58.32936297868334,8.829000000000008,-3.908228976801098e-05,-2.59202799668401e-07,4.395544629848906,-13.741875185164341,0.01905533899918452,-0.4996367621138643,0.28988941286343933,0.0,0.0,4.41459996884809,-13.951622534414765
65.10000000000058,0.0,403.0,470.46760931302026,434.066544776137,1.5840434641841339,PILOT_DESC_MINPAY_ACC,caténaire,,14.31691442180932,0.5,14.31691442180932,0.29666170178433393,-0.9549826358078051,0.038126682635850985,-0.9992729137083548,35.85010736231018,-430.57854217241305,5.0,-50.0,-0.019063341317925492,0.4996364568541774,-4.980978735673527,58.32936312903259,8.829000000000008,-4.2076991451978074e-05,-4.141132379231749e-07,4.247280196674626,-13.672404671174242,0.019063341317925492,-0.4996364568541774,0.28998705021030247,0.0,0.0,4.266343537992551,-13.882054077818118
65.20000000000057,0.0,403.0,470.6259325669965,434.4135426084248,1.5832325397622968,PILOT_DESC_MINPAY_ACC,caténaire,,14.211165080879917,0.5,14.211165080879917,0.308045976537803,-0.9513714712660198,0.03814379981965634,-0.9992722604652439,35.8760236175342,-430.6455830565708,5.0,-50.0,-0.01907189990982817,0.49963613023262193,-4.980973344347767,58.32936336919574,8.829000000000008,-4.524425759466766e-05,-5.005716445793951e-07,4.3776922250795804,-13.520097031401013,0.01907189990982817,-0.49963613023262193,0.2900846375733673,0.0,-5.551115123125783e-17,4.396764124989408,-13.729648524060268
65.30000000000057,0.0,403.0,470.7841617828449,434.8075134097618,1.582292158483821,PILOT_DESC_MINPAY_ACC,caténaire,,14.317396272155433,0.5,14.317396272155433,0.3432942315699087,-0.9392279119419449,0.03815198159613905,-0.9992719481203742,35.9019398576768,-430.7126239408954,5.0,-50.0,-0.019075990798069525,0.4996359740601871,-4.9809675472044335,58.3293636596072,8.829000000000008,-4.353800250278539e-05,-3.66332614021303e-07,4.915079551331474,-13.447298205141934,0.019075990798069525,-0.4996359740601871,0.2901821669731659,0.0,-5.551115123125783e-17,4.9341555421295435,-13.656752012228955
