t,x_bat,L0,L,L_seg,dL/dt,Explain,mode_câble,Scénario,Tbat,Trov,Tmax,U_bat_x,U_bat_y,U_rov_x,U_rov_y,x_rov,y_rov,Fx_rov,Fy_rov,Tr_cable_rov_x,Tr_cable_rov_y,Trainee_rov_x,Trainee_rov_y,Poids_app_rov,Sigma_f_rov_x,Sigma_f_rov_y,Tr_bat_cable_x,Tr_bat_cable_y,Tr_rov_cable_x,Tr_rov_cable_y,Poids_app_cable_y,Trainee_cable_x,Trainee_cable_y,Sigma_f_cable_x,Sigma_f_cable_y
0.1,0.0,453.0,453.0,452.9445004817841,0.0,HISTORY_LT2,caténaire,,1.6549649584085002,0.051528743317930455,1.6549649584085002,0.017135627101648215,-0.9998531743630328,0.524990883456302,-0.8511078499742389,29.999996420309564,-450.001462612167,0.0,0.0,-0.027052120477873327,0.04385651793719822,4.443864581838726e-07,0.11051388111703146,8.829000000000008,-0.027051676091415143,-8.674629600945778,0.028358862393582807,-1.6547219671243234,0.027052120477873327,-0.04385651793719822,-1.6404195963254067,0.0,0.0,0.055410982871456134,-3.3389980813869284
0.2,0.0,453.0,453.0,452.9448625331304,0.0,PILOT_ASC_HOLD_ACC,caténaire,,1.5000443629176985,0.05447761360847428,1.5000443629176985,0.01714453320536121,-0.9998530216892733,0.5243457208670653,-0.8515054697466116,29.99998404488111,-450.0058112724222,0.0,0.0,-0.028565103578652894,0.04638798596635829,1.1357695174614003e-06,0.245424959581899,8.829000000000008,-0.02856396780913543,-8.537187054451751,0.025717560389557383,-1.4998238889312216,0.028565103578652894,-0.04638798596635829,-1.6404195963254067,0.0,0.0,0.05428266396821028,-3.1866314712229866
0.30000000000000004,0.0,453.0,453.0,452.94538085709314,0.0,PILOT_ASC_HOLD_ACC,caténaire,,1.2112297907952896,0.05501027251462058,1.2112297907952896,0.017159575940831215,-0.9998527636374922,0.5232748507000762,-0.8521639693303239,29.999962177875634,-450.0129389312408,0.0,0.0,-0.02878549213705859,0.04687777218000189,3.546078525560239e-06,0.6593280856023046,8.829000000000008,-0.02878194605853303,-8.122794142217701,0.020784189576948876,-1.2110514537267318,0.02878549213705859,-0.04687777218000189,-1.6404195963254067,0.0,0.0,0.04956968171400747,-2.8983488222321405
0.4,0.0,453.0,453.0,452.9393846178864,0.0,PILOT_ASC_HOLD_ACC,caténaire,,1.0603345523388905,0.0552748611626528,1.0603345523388905,0.01717290770446286,-0.9998525347474867,0.5195940906246378,-0.8544132378351563,29.999930722995472,-450.02268012758213,0.0,0.0,-0.028720491220211693,0.047227573096870916,7.33746074816016e-06,1.2314941801508916,8.829000000000008,-0.028713153759463532,-7.550278246752245,0.018209027403168713,-1.0601781898363813,0.028720491220211693,-0.047227573096870916,-1.6404195963254067,0.0,0.0,0.046929518623380406,-2.747825359258659
0.5,0.0,453.0,453.0,452.94042629804613,0.0,PILOT_ASC_HOLD_ACC,caténaire,,1.197712071409384,0.05555942127770752,1.197712071409384,0.01719294859081244,-0.9998521903355284,0.517776406315906,-0.8555159806003543,29.999889687393708,-450.0348246023307,0.0,0.0,-0.028767357486162885,0.047531972775986135,1.2487955259951128e-05,1.9141027280603402,8.829000000000008,-0.028754869530902935,-6.867365299163682,0.020592202070337018,-1.1975350379899754,0.028767357486162885,-0.047531972775986135,-1.6404195963254067,0.0,0.0,0.0493595595564999,-2.8854866070913685
0.6,0.0,453.0,453.0,452.9421649884675,0.0,PILOT_ASC_HOLD_ACC,caténaire,,1.511625470413718,0.05590149340148627,1.511625470413718,0.01721720836848167,-0.999851772882359,0.5157072476687056,-0.8567648654689152,29.99983906657943,-450.04913366412546,0.0,0.0,-0.028828805302650792,0.04789443547363583,1.900325407192022e-05,2.657235759324903,8.829000000000008,-0.028809802048578873,-6.123869805201469,0.026025970699217107,-1.5114014065272858,0.028828805302650792,-0.04789443547363583,-1.6404195963254067,0.0,0.0,0.0548547760018679,-3.1997154383263284
0.7,0.0,453.0,453.0,452.9435251614499,0.0,PILOT_ASC_HOLD_ACC,caténaire,,1.9114068119674739,0.056301070854311325,1.9114068119674739,0.017248131103791663,-0.9998512399219328,0.5132611875004277,-0.8582324588394749,29.99977884309746,-450.0653561838881,0.0,0.0,-0.02889715448422955,0.048319406474591105,2.6896851461051498e-05,3.4154221736064034,8.829000000000008,-0.028870257632768497,-5.365258419919013,0.032968195285495445,-1.9111224709409074,0.02889715448422955,-0.048319406474591105,-1.6404195963254067,0.0,0.0,0.06186534976972499,-3.599861473740905
0.7999999999999999,0.0,453.0,453.0,452.9445513332937,0.0,PILOT_ASC_HOLD_ACC,caténaire,,2.340630287568541,0.05675488839814689,2.340630287568541,0.017285781473998375,-0.9998505897177002,0.510481113127014,-0.8598889655883513,29.99970899693975,-450.0832423577023,0.0,0.0,-0.02897229860488548,0.04880290227676484,3.617885029955727e-05,4.151859643546963,8.829000000000008,-0.02893611975458592,-4.62833745417628,0.04045962366233177,-2.340280573336516,0.02897229860488548,-0.04880290227676484,-1.6404195963254067,0.0,0.0,0.06943192226721726,-4.029503071938687
0.8999999999999999,0.0,453.0,453.0,452.94576467179024,0.0,PILOT_ASC_HOLD_ACC,caténaire,,2.763821017298167,0.05726036948510991,2.763821017298167,0.017328754130728298,-0.9998498458670066,0.5074784796435525,-0.861664431608192,29.999629505641867,-450.10255425019676,0.0,0.0,-0.029058405250131647,0.04933922372606229,4.6860713511213595e-05,4.840134610102176,8.829000000000008,-0.029011544536620432,-3.9395261661717695,0.0478935748700993,-2.7634060181495657,0.029058405250131647,-0.04933922372606229,-1.6404195963254067,0.0,0.0,0.07695198012023094,-4.453164838201035
0.9999999999999999,0.0,453.0,453.0,452.948496446718,0.0,PILOT_ASC_HOLD_ACC,caténaire,,3.160033415462359,0.0578120516556622,3.160033415462359,0.01737279742659806,-0.9998490815666006,0.5044872624949779,-0.8634191345924199,29.999540341670468,-450.12307288986256,0.0,0.0,-0.02916544367898328,0.04991603160954414,5.895878550865208e-05,5.463927137929424,8.829000000000008,-0.029106484893474626,-3.3151568304610395,0.05489862038810835,-3.159556508169808,0.02916544367898328,-0.04991603160954414,-1.6404195963254067,0.0,0.0,0.08406406406709163,-4.849892136104758
1.0999999999999999,0.0,453.0,453.0,452.9499386389132,0.0,PILOT_ASC_HOLD_ACC,caténaire,,3.5177782491115446,0.0584090008419989,3.5177782491115446,0.017425514370955505,-0.9998481641973983,0.5011148506200821,-0.8653807869880248,29.999441475969824,-450.1446022362846,0.0,0.0,-0.029269617731806526,0.050546027115833204,7.248714887924019e-05,6.015468565014103,8.829000000000008,-0.029197130582927285,-2.7629854078700715,0.06129909543372792,-3.517244124427716,0.029269617731806526,-0.050546027115833204,-1.6404195963254067,0.0,0.0,0.09056871316553444,-5.208209747868956
1.2,0.0,453.0,453.0,452.95158245084576,0.0,PILOT_ASC_HOLD_ACC,caténaire,,3.832826118870915,0.05904720889460791,3.832826118870915,0.017482313140744513,-0.9998471726855305,0.4976113225452255,-0.8674001220168185,29.999332878089664,-450.16697063815116,0.0,0.0,-0.029382559710650045,0.051217556199935475,8.746059285080835e-05,6.493482627992679,8.829000000000008,-0.029295099117799237,-2.284299815807393,0.0670066664241258,-3.8322403583483395,0.029382559710650045,-0.051217556199935475,-1.6404195963254067,0.0,0.0,0.09638922613477584,-5.523877510873682
1.3,0.0,453.0,453.0,452.95257280960084,0.0,PILOT_ASC_HOLD_ACC,caténaire,,4.103613145345126,0.05972528763381558,4.103613145345126,0.017545547859796503,-0.9998460650271619,0.49386661159059314,-0.8695376759842132,29.99921451518468,-450.190030476095,0.0,0.0,-0.029496325429986054,0.05193338780659666,0.00010389650828207123,6.901131003174224,8.829000000000008,-0.029392428921703982,-1.8759356090191872,0.07200014083974297,-4.102981455767059,0.029496325429986054,-0.05193338780659666,-1.6404195963254067,0.0,0.0,0.10149646626972902,-5.7953344398990625
1.4000000000000001,0.0,453.0,453.0,452.9544547534357,0.0,PILOT_ASC_HOLD_ACC,caténaire,,4.334217619631243,0.06044161379279617,4.334217619631243,0.01760981720221799,-0.9998449351464977,0.49013814946523143,-0.8716447639025882,29.99908635267319,-450.21365662757665,0.0,0.0,-0.029624740735093323,0.052683616184313234,0.00012181246727133181,7.244255149104991,8.829000000000008,-0.02950292826782199,-1.532061234710703,0.07632477999633856,-4.333545534811008,0.029624740735093323,-0.052683616184313234,-1.6404195963254067,0.0,0.0,0.10594952073143188,-6.026648747320728
1.5000000000000002,0.0,453.0,453.0,452.9553992942294,0.0,PILOT_ASC_HOLD_ACC,caténaire,,4.527206113806196,0.06119458995907818,4.527206113806196,0.017680907648191403,-0.9998436805344803,0.4861585805233325,-0.8738706051719204,29.998948354952297,-450.237744273501,0.0,0.0,-0.02975027499021282,0.05347615336078717,0.00014122563912235154,7.530026197196671,8.829000000000008,-0.02960904935109047,-1.2454976494425498,0.08004511320253485,-4.5264984233661885,0.02975027499021282,-0.05347615336078717,-1.6404195963254067,0.0,0.0,0.10979538819274767,-6.220394173052382
1.6000000000000003,0.0,453.0,453.0,452.9571753396948,0.0,PILOT_ASC_HOLD_ACC,caténaire,,4.6868995244932234,0.061982980954596215,4.6868995244932234,0.017752431809342703,-0.9998424131656221,0.48221560022231214,-0.8760525754212672,29.998800483238284,-450.2622064299312,0.0,0.0,-0.029889160364588756,0.05430035009756137,0.00016215858085913914,7.765997527675068,8.829000000000008,-0.02972700178372962,-1.0087021222273789,0.0832038642058067,-4.686160930834111,0.029889160364588756,-0.05430035009756137,-1.6404195963254067,0.0,0.0,0.11309302457039545,-6.380880877257079
1.7000000000000004,0.0,453.0,453.0,452.95890419044855,0.0,PILOT_ASC_HOLD_ACC,caténaire,,4.81863604519959,0.06280683136033426,4.81863604519959,0.01782715817264782,-0.9998410835885309,0.47818455644526076,-0.8782593751149196,29.998642700039117,-450.2869714576635,0.0,0.0,-0.03003325679577373,0.0551606884634753,0.00018462530935952102,7.959493036401215,8.829000000000008,-0.029848631486414208,-0.8143462751353177,0.08590258695419524,-4.817870284851112,0.03003325679577373,-0.0551606884634753,-1.6404195963254067,0.0,0.0,0.11593584374996897,-6.513450569639994
1.8000000000000005,0.0,453.0,453.0,452.96290471610774,0.0,PILOT_ASC_HOLD_ACC,caténaire,,4.926988897171176,0.0636653408468193,4.926988897171176,0.01789614724212977,-0.9998398511331142,0.4744432815222955,-0.8802860743067312,29.998474966104443,-450.31198071501035,0.0,0.0,-0.030205593230600385,0.05604371296344654,0.00020864673379093423,8.117258204548621,8.829000000000008,-0.02999694649680945,-0.6556980824879393,0.08817411876411393,-4.926199845482135,0.030205593230600385,-0.05604371296344654,-1.6404195963254067,0.0,0.0,0.11837971199471432,-6.622663154770988
1.9000000000000006,0.0,453.0,453.0,452.96443156162775,0.0,PILOT_ASC_HOLD_ACC,caténaire,,5.015251007092074,0.06455851390475353,5.015251007092074,0.017976958671662588,-0.9998384014214083,0.47024526155873436,-0.8825357749018209,29.998297237983245,-450.33718643471497,0.0,0.0,-0.030358335256984014,0.05697519809544164,0.0002342513060385237,8.24529075303119,8.829000000000008,-0.030124083950945492,-0.5267340488733758,0.09015896008250839,-5.0144405496580475,0.030358335256984014,-0.05697519809544164,-1.6404195963254067,0.0,0.0,0.1205172953394924,-6.711835344078896
2.0000000000000004,0.0,453.0,453.0,452.9659175432255,0.0,PILOT_ASC_HOLD_ACC,caténaire,,5.086838305639604,0.06548692523664258,5.086838305639604,0.018060522556181468,-0.9998368954609534,0.46598141306490626,-0.8847945087295881,29.998109473613244,-450.362549856266,0.0,0.0,-0.03051568995904658,0.057942471842966435,0.00026145448128691494,8.348788316729605,8.829000000000008,-0.030254235477759666,-0.42226921142743556,0.09187095795865198,-5.086008619222558,0.03051568995904658,-0.057942471842966435,-1.6404195963254067,0.0,0.0,0.12238664791769856,-6.784370687390931
2.1000000000000005,0.0,453.0,453.0,452.96733872343907,0.0,PILOT_ASC_HOLD_ACC,caténaire,,5.14474660087309,0.06645264227081261,5.14474660087309,0.018146847551062367,-0.9998353324042706,0.4616516575308959,-0.8870612983886607,29.997911629869122,-450.3880396255918,0.0,0.0,-0.03067797245162832,0.058947567134104234,0.00029027816280524817,8.432174400159052,8.829000000000008,-0.03038769428882307,-0.33787803270685046,0.09336093225489027,-5.1438994278196875,0.03067797245162832,-0.058947567134104234,-1.6404195963254067,0.0,0.0,0.12403890470651859,-6.843266591279198
2.2000000000000006,0.0,453.0,453.0,452.96874437680674,0.0,PILOT_ASC_HOLD_ACC,caténaire,,5.191501550146282,0.06745572407580037,5.191501550146282,0.01823569986996135,-0.9998337157999089,0.4572685132793158,-0.8893286832006062,29.997703662539678,-450.41363044169094,0.0,0.0,-0.030845378660320985,0.05999031026667498,0.00032074504142266233,8.499160714968996,8.829000000000008,-0.030524633618898324,-0.26984897476433645,0.0946706641429067,-5.190638285463744,0.030845378660320985,-0.05999031026667498,-1.6404195963254067,0.0,0.0,0.1255160428032277,-6.891048192055825
2.3000000000000007,0.0,453.0,453.0,452.9700832389834,0.0,PILOT_ASC_HOLD_ACC,caténaire,,5.2292030453171945,0.0684964548668872,5.2292030453171945,0.01832725063734499,-0.9998320418370656,0.45282548833763614,-0.8915991684113335,29.997485526313444,-450.4393019269665,0.0,0.0,-0.03101694062449505,0.06107138219844106,0.0003528785922590455,8.552828477850026,8.829000000000008,-0.030664062032236004,-0.21510013995153976,0.0958369148450959,-5.228324757980093,0.03101694062449505,-0.06107138219844106,-1.6404195963254067,0.0,0.0,0.12685385546959096,-6.92981573650394
2.400000000000001,0.0,453.0,453.0,452.971418003676,0.0,PILOT_ASC_HOLD_ACC,caténaire,,5.259583315741737,0.06957733030879232,5.259583315741737,0.0184212473718228,-0.9998303144260361,0.4483358598416751,-0.8938651781896562,29.997257174852095,-450.46503769319594,0.0,0.0,-0.031194012209480648,0.06219275275442921,0.0003867027954994091,8.595714371821353,8.829000000000008,-0.03080730941398124,-0.17109287542422535,0.09688808533199052,-5.258690840327994,0.031194012209480648,-0.06219275275442921,-1.6404195963254067,0.0,0.0,0.12808209754147115,-6.96130318940783
2.500000000000001,0.0,453.0,453.0,452.97275949669813,0.0,PILOT_ASC_HOLD_ACC,caténaire,,5.284058292974472,0.07069876228560679,5.284058292974472,0.018517652911692745,-0.9998285335649519,0.44380335395162107,-0.8961242006671242,29.997018560639166,-450.4908245749302,0.0,0.0,-0.03137634782258067,0.0633548718413444,0.00042224288320828654,8.629893312549255,8.829000000000008,-0.03095410493937238,-0.1357518156094084,0.09784835743445293,-5.28315225433639,0.03137634782258067,-0.0633548718413444,-1.6404195963254067,0.0,0.0,0.1292247052570336,-6.98692672250314
2.600000000000001,0.0,453.0,453.0,452.9740719903392,0.0,PILOT_ASC_HOLD_ACC,caténaire,,5.303782859399229,0.07186322661068587,5.303782859399229,0.01861664955531332,-0.9998266951623841,0.4392232269204055,-0.8983779588422826,29.996769634987235,-450.516652003889,0.0,0.0,-0.0315639982888578,0.06456033883832837,0.0004595248770841347,8.657053892210998,8.829000000000008,-0.031104473411773668,-0.10738576895068164,0.09873866681091306,-5.302863688172031,0.0315639982888578,-0.06456033883832837,-1.6404195963254067,0.0,0.0,0.13030266509977087,-7.0078436233357655
2.700000000000001,0.0,453.0,453.0,452.9753382356337,0.0,PILOT_ASC_HOLD_ACC,caténaire,,5.319693952060925,0.07307338835875042,5.319693952060925,0.018718361335751492,-0.9998247961262535,0.4345932374812363,-0.9006268472211884,29.996510348051117,-450.5425115005818,0.0,0.0,-0.03175720042055303,0.06581185537331088,0.0004985755682280501,8.678564701114993,8.829000000000008,-0.03125862485232498,-0.08462344351170437,0.09957595359028827,-5.318761921073379,0.03175720042055303,-0.06581185537331088,-1.6404195963254067,0.0,0.0,0.1313331540108413,-7.024993372772096
2.800000000000001,0.0,453.0,453.0,452.97661427240854,0.0,PILOT_ASC_HOLD_ACC,caténaire,,5.332547264718162,0.07433001977036047,5.332547264718162,0.018822611087397686,-0.9998228389629097,0.4299247579710833,-0.9028647199240346,29.996240648742095,-450.56839626268084,0.0,0.0,-0.03195631575975806,0.06710995248191445,0.0005394229114021454,8.695531356023505,8.829000000000008,-0.031416892848355915,-0.06635869149458884,0.10037246326895628,-5.331602545114412,0.03195631575975806,-0.06710995248191445,-1.6404195963254067,0.0,0.0,0.13232877902871434,-7.039132093921732
2.9000000000000012,0.0,453.0,453.0,452.9778006214993,0.0,PILOT_ASC_HOLD_ACC,caténaire,,5.34295437083946,0.07563623247856875,5.34295437083946,0.018929912473383225,-0.9998208131529119,0.42519935972761597,-0.9050997207419885,29.995960484681536,-450.5943008328272,0.0,0.0,-0.03216047762209655,0.0684583328943287,0.0005820959365470651,8.708844779466713,8.829000000000008,-0.03157838168554948,-0.051696887638966516,0.10114165858927132,-5.341996983691614,0.03216047762209655,-0.0684583328943287,-1.6404195963254067,0.0,0.0,0.13330213621136788,-7.0508749129113495
3.0000000000000013,0.0,453.0,453.0,452.9789783681804,0.0,PILOT_ASC_HOLD_ACC,caténaire,,5.351407783191743,0.07699521506858922,5.351407783191743,0.01903999994265453,-0.9998187227703749,0.4204328125479755,-0.9073236744034615,29.995669802215655,-450.62022083105546,0.0,0.0,-0.03237131482402323,0.06985958144751714,0.0006266245309176301,8.719221387229409,8.829000000000008,-0.0317446902931056,-0.039919031323082166,0.10189080388509178,-5.350437694814211,0.03237131482402323,-0.06985958144751714,-1.6404195963254067,0.0,0.0,0.134262118709115,-7.060716872587134
3.1000000000000014,0.0,453.0,453.0,452.9801292629622,0.0,PILOT_ASC_HOLD_ACC,caténaire,,5.3583024502271925,0.07840921012920288,5.3583024502271925,0.019153054596654895,-0.9998165634253204,0.415621861263656,-0.9095375024921921,29.995368546226725,-450.6461527393071,0.0,0.0,-0.03258858185411241,0.07131611715330068,0.0006730403471434048,8.727236047402755,8.829000000000008,-0.03191554150696901,-0.030447835443952798,0.10262785937459111,-5.357319541579626,0.03258858185411241,-0.07131611715330068,-1.6404195963254067,0.0,0.0,0.13521644122870352,-7.069055255058333
3.2000000000000015,0.0,453.0,453.0,452.98125436773853,0.0,PILOT_ASC_HOLD_ACC,caténaire,,5.363954680882572,0.07987965539373225,5.363954680882572,0.019269182940605502,-0.9998143320581083,0.4107668013628895,-0.9117404427237504,29.995056660109416,-450.6720937288113,0.0,0.0,-0.03281191054005328,0.07282951237330205,0.000721376198462525,8.733349605334174,8.829000000000008,-0.03209053434159075,-0.022820882292531763,0.1033590240310435,-5.362958766456573,0.03281191054005328,-0.07282951237330205,-1.6404195963254067,0.0,0.0,0.13617093457109677,-7.076207875155282
3.3000000000000016,0.0,453.0,453.0,452.9823364262015,0.0,PILOT_ASC_HOLD_ACC,caténaire,,5.368622941451481,0.08141302344503279,5.368622941451481,0.019388592646127148,-0.9998120235700322,0.40586420470175827,-0.9139333932742634,29.99473408584649,-450.69804152151187,0.0,0.0,-0.033042632012883835,0.07440608077383598,0.0007716656142459009,8.737930963586036,8.829000000000008,-0.03227096639863793,-0.01666295564013609,0.10409004328245568,-5.367613766877104,0.033042632012883835,-0.07440608077383598,-1.6404195963254067,0.0,0.0,0.1371326752953395,-7.082439443976346
3.4000000000000017,0.0,453.0,453.0,452.9833810068364,0.0,PILOT_ASC_HOLD_ACC,caténaire,,5.372510501319045,0.08301131341667353,5.372510501319045,0.01951139639934409,-0.9998096345857783,0.40091503727605615,-0.9161152399594379,29.994400763660668,-450.72399427829913,0.0,0.0,-0.03328048381278005,0.07604792931006397,0.0008239448876186386,8.74127460029741,8.829000000000008,-0.03245653892516141,-0.01167747039253264,0.10482518205087472,-5.371487761132051,0.03328048381278005,-0.07604792931006397,-1.6404195963254067,0.0,0.0,0.13810566586365478,-7.087955286767521
3.5000000000000018,0.0,453.0,453.0,452.98440606924987,0.0,PILOT_ASC_HOLD_ACC,caténaire,,5.375781633793056,0.08467810459682117,5.375781633793056,0.01963764932480268,-0.9998071627713996,0.39592271829947057,-0.9182838347343146,29.99405663203904,-450.74995051025127,0.0,0.0,-0.03352598535242033,0.07775853460720233,0.0008782514653974458,8.743615731493053,8.829000000000008,-0.032647733887022884,-0.007625733899752518,0.10556771457114286,-5.374744982961235,0.03352598535242033,-0.07775853460720233,-1.6404195963254067,0.0,0.0,0.13909369992356319,-7.092923113893844
3.600000000000002,0.0,453.0,453.0,452.9853990219764,0.0,PILOT_ASC_HOLD_ACC,caténaire,,5.3785690207596,0.08641804301608128,5.3785690207596,0.01976757380894533,-0.9998046024227473,0.39088454133619044,-0.9204397184739456,29.993701627593346,-450.7759090070829,0.0,0.0,-0.033779477107512106,0.07954259918479116,0.0009346248083278378,8.745141692563976,8.829000000000008,-0.03284485229918427,-0.004315708251240835,0.1063212601043722,-5.377518061403857,0.033779477107512106,-0.07954259918479116,-1.6404195963254067,0.0,0.0,0.14010073721188432,-7.097480256914055
3.700000000000002,0.0,453.0,453.0,452.9863551629798,0.0,PILOT_ASC_HOLD_ACC,caténaire,,5.380978873244198,0.08823545484800718,5.380978873244198,0.019901367022609667,-0.9998019481830546,0.38579921159837727,-0.9225827704493892,29.99333568504887,-450.8018687800685,0.0,0.0,-0.03404116891538539,0.08140451038553645,0.0009931058224831972,8.74600155915424,8.829000000000008,-0.03304806309290219,-0.0015939304602312632,0.1070888354973414,-5.379913160601407,0.03404116891538539,-0.08140451038553645,-1.6404195963254067,0.0,0.0,0.14113000441272677,-7.10173726731235
3.800000000000002,0.0,453.0,453.0,452.98728802069417,0.0,PILOT_ASC_HOLD_ACC,caténaire,,5.383097567847099,0.09013596960648908,5.383097567847099,0.02003914033659734,-0.9997991962662153,0.3806692712084061,-0.924711255450944,29.992958737089666,-450.8278290160203,0.0,0.0,-0.03431199385976524,0.08334974561610464,0.0010537376894373205,8.746313514035759,8.829000000000008,-0.03325825617032792,0.000663259651854986,0.10787264760768385,-5.382016621756148,0.03431199385976524,-0.08334974561610464,-1.6404195963254067,0.0,0.0,0.14218464146744908,-7.1057859636976595
3.900000000000002,0.0,453.0,453.0,452.9881661008169,0.0,PILOT_ASC_HOLD_ACC,caténaire,,5.384994203124154,0.09212482949757542,5.384994203124154,0.02018127493614764,-0.9997963373317346,0.37548792794926833,-0.9268272848618372,29.99257071413657,-450.8537890404119,0.0,0.0,-0.034591761340724225,0.08538380559159751,0.0011165663987533032,8.746170960316128,8.829000000000008,-0.033475194941970925,0.0025547659077176377,0.10867604854280982,-5.3838974808361515,0.034591761340724225,-0.08538380559159751,-1.6404195963254067,0.0,0.0,0.14326780988353405,-7.109700882753155
4.000000000000002,0.0,453.0,453.0,452.98903146028107,0.0,PILOT_ASC_HOLD_ACC,caténaire,,5.386724457691785,0.09420741127148506,5.386724457691785,0.02032774354094428,-0.9997933700733035,0.37026354120308996,-0.9289267517171349,29.992171544264906,-450.8797482879332,0.0,0.0,-0.03488156970495595,0.08751178454010082,0.0011816401250659713,8.74564749860754,8.829000000000008,-0.03369992957988998,0.0041592831476329195,0.10949995330169077,-5.385611399211958,0.03488156970495595,-0.08751178454010082,-1.6404195963254067,0.0,0.0,0.14438152300664672,-7.113542780077465
4.100000000000001,0.0,453.0,453.0,452.9898636784942,0.0,PILOT_ASC_HOLD_ACC,caténaire,,5.388334572101562,0.09639057242304122,5.388334572101562,0.020478894268704823,-0.9997902854546703,0.3649915589628034,-0.9310108280175385,29.991761152995053,-450.90570627873524,0.0,0.0,-0.03518174529800282,0.08974066664466013,0.0012490100942566772,8.744800743932297,8.829000000000008,-0.03393273520374614,0.005541410576949346,0.11034713398647474,-5.38720455996669,0.03518174529800282,-0.08974066664466013,-1.6404195963254067,0.0,0.0,0.14552887928447755,-7.117364822936756
4.200000000000001,0.0,453.0,453.0,452.9906748109914,0.0,PILOT_ASC_HOLD_ACC,caténaire,,5.389863335657732,0.09868250415050175,5.389863335657732,0.02063490095795663,-0.9997870777632881,0.3596741868277972,-0.9330779599421278,29.991339463112052,-450.93166259926227,0.0,0.0,-0.035493549434462444,0.09207846965473074,0.0013187306026706265,8.743675406268146,8.829000000000008,-0.03417481883179182,0.0067538759228682466,0.11121929610821904,-5.388715713900733,0.035493549434462444,-0.09207846965473074,-1.6404195963254067,0.0,0.0,0.1467128455426815,-7.12121377988087
4.300000000000001,0.0,453.0,453.0,452.9914508127865,0.0,PILOT_ASC_HOLD_ACC,caténaire,,5.3913406023438855,0.10108964712609388,5.3913406023438855,0.020796119384492825,-0.9997837373245005,0.3543080959596394,-0.9351287468244438,29.990906394498026,-450.9576168867809,0.0,0.0,-0.035816880394478154,0.09453183503394941,0.0013908591157519184,8.742305776903018,8.829000000000008,-0.03442602127872624,0.007837611936960087,0.1121189628088069,-5.390174656600694,0.035816880394478154,-0.09453183503394941,-1.6404195963254067,0.0,0.0,0.14793584320328507,-7.12512608796005
4.4,0.0,453.0,453.0,452.99218541152055,0.0,PILOT_ASC_HOLD_ACC,caténaire,,5.39279347643439,0.10362146676667161,5.39279347643439,0.02096288491851957,-0.9997802545839226,0.3488915273865373,-0.9371631139336893,29.990461863903622,-450.98356881673794,0.0,0.0,-0.03615265181025737,0.09711021646543028,0.0014654568444615376,8.740717631733409,8.829000000000008,-0.03468719496579583,0.008827848198830424,0.1130485090358372,-5.3916084347880915,0.03615265181025737,-0.09711021646543028,-1.6404195963254067,0.0,0.0,0.14920116084609458,-7.129138247578928
4.5,0.0,453.0,453.0,452.99290288336107,0.0,PILOT_ASC_HOLD_ACC,caténaire,,5.394243451895215,0.10628650338846708,5.394243451895215,0.021135346801469796,-0.9997766236092848,0.3434293406733567,-0.939178517623068,29.990005784740433,-451.009518092561,0.0,0.0,-0.03650190378117774,0.09982200069571971,0.0015425888341577183,8.738929876484686,8.829000000000008,-0.03495931494702002,0.009751877180399049,0.11400920608736292,-5.393038505262291,0.03650190378117774,-0.09982200069571971,-1.6404195963254067,0.0,0.0,0.15051110986854066,-7.133280102283417
4.6,0.0,453.0,453.0,452.99359759075423,0.0,PILOT_ASC_HOLD_ACC,caténaire,,5.395710567709342,0.10909568911520368,5.395710567709342,0.021313875917607646,-0.9997728335443851,0.3379199915868594,-0.941174839913359,29.989538066794836,-451.0354644373346,0.0,0.0,-0.03686561434797226,0.1026781177382394,0.0016223247283121257,8.736955810690652,8.829000000000008,-0.03524328961966013,0.010633928428884332,0.11500350552748122,-5.394484843264151,0.03686561434797226,-0.1026781177382394,-1.6404195963254067,0.0,0.0,0.15186911987545348,-7.137582557327797
4.699999999999999,0.0,453.0,453.0,452.99426093589915,0.0,PILOT_ASC_HOLD_ACC,caténaire,,5.397210391855976,0.1120588393565123,5.397210391855976,0.021498899613622623,-0.9997688719476133,0.3323612325051663,-0.9431521675358896,29.989058615989368,-451.06140758655573,0.0,0.0,-0.037244013961628866,0.10568853723065062,0.0017047387231905317,8.734803855808167,8.829000000000008,-0.035539275238438334,0.011492393038809112,0.11603408440811246,-5.395962945129786,0.037244013961628866,-0.10568853723065062,-1.6404195963254067,0.0,0.0,0.15327809836974132,-7.142071078685843
4.799999999999999,0.0,453.0,453.0,452.9948923990095,0.0,PILOT_ASC_HOLD_ACC,caténaire,,5.398760169113354,0.11518997857619125,5.398760169113354,0.02169082227771826,-0.9997647264376336,0.32675253812447036,-0.9451099294945623,29.988567334143358,-451.08734728251346,0.0,0.0,-0.03763861786627386,0.10886719253062425,0.0017899098320552176,8.732478650753954,8.829000000000008,-0.03584870803421864,0.01234584328457089,0.11710354734826194,-5.397489983576005,0.03763861786627386,-0.10886719253062425,-1.6404195963254067,0.0,0.0,0.1547421652145358,-7.146776772432036
4.899999999999999,0.0,453.0,453.0,452.9954956588367,0.0,PILOT_ASC_HOLD_ACC,caténaire,,5.4003752414221315,0.11850372790990489,5.4003752414221315,0.02189004882889432,-0.9997603841732622,0.32109432689337924,-0.9470472180608989,29.98806411862529,-451.1132832689952,0.0,0.0,-0.038050874747587074,0.11222862584692113,0.0018779229601526874,8.729981273459137,8.829000000000008,-0.03617295178743438,0.013209899306049877,0.11821447772908242,-5.399081226043964,0.038050874747587074,-0.11222862584692113,-1.6404195963254067,0.0,0.0,0.1562653524766695,-7.151729448216291
4.999999999999998,0.0,453.0,453.0,452.9960926913453,0.0,PILOT_ASC_HOLD_ACC,caténaire,,5.40206856500885,0.12201444965232659,5.40206856500885,0.022096863905967077,-0.9997558344943636,0.3153910808524326,-0.9489617832761941,29.987548861890463,-451.13921528645693,0.0,0.0,-0.038482269155462004,0.11578704972753524,0.0019688701526385647,8.727309555616895,8.829000000000008,-0.03651339900282344,0.01409660534442203,0.11936877389170343,-5.400749566206192,0.038482269155462004,-0.11578704972753524,-1.6404195963254067,0.0,0.0,0.15785104304716543,-7.156956212259134
5.099999999999998,0.0,453.0,453.0,452.99668212381096,0.0,PILOT_ASC_HOLD_ACC,caténaire,,5.403854654140239,0.12573979246624206,5.403854654140239,0.022311767971598666,-0.9997510615198073,0.3096417543456182,-0.9508532925566213,29.987021451112817,-451.16514306841293,0.0,0.0,-0.03893428993030114,0.11956009567191252,0.0020628503440490017,8.724458905754858,8.829000000000008,-0.036871439586252136,0.015019001426763268,0.12056955119542057,-5.402509426775455,0.03893428993030114,-0.11956009567191252,-1.6404195963254067,0.0,0.0,0.1595038411257217,-7.162489118772775
5.1999999999999975,0.0,453.0,453.0,452.9941506415487,0.0,PILOT_ASC_HOLD_ACC,caténaire,,5.405749403095889,0.12970048217734995,5.405749403095889,0.02256462896593402,-0.9997453863457585,0.3031883107479939,-0.9529306628636618,29.986481767645344,-451.191066337621,0.0,0.0,-0.03932367009455102,0.12359556645499864,0.0021599711453897477,8.721422174147236,8.829000000000008,-0.03716369894916127,0.016017740602226382,0.12197872956367804,-5.4043730254864535,0.03932367009455102,-0.12359556645499864,-1.6404195963254067,0.0,0.0,0.16130239965822907,-7.168388188266858
5.299999999999997,0.0,453.0,453.0,452.9977305660937,0.0,PILOT_ASC_HOLD_ACC,caténaire,,5.407762827166634,0.13391362981272537,5.407762827166634,0.022769091272678704,-0.9997407506361919,0.29797995977736247,-0.9545721259135328,29.985929689948613,-451.21698480118016,0.0,0.0,-0.03990357802523651,0.1278302182991311,0.0022603210324223474,8.718188923899651,8.829000000000008,-0.037643256992814164,0.017019142198774873,0.12312984539275612,-5.406360868094066,0.03990357802523651,-0.1278302182991311,-1.6404195963254067,0.0,0.0,0.16303342341799262,-7.174610682718604
5.399999999999997,0.0,453.0,453.0,452.99824316181,0.0,PILOT_ASC_HOLD_ACC,caténaire,,5.409918022124159,0.13840961885572708,5.409918022124159,0.02301230900060285,-0.9997351817528785,0.29207761336998816,-0.95639461926973,29.985365084115013,-451.24289815026464,0.0,0.0,-0.040426351142830476,0.13237421472879154,0.0023640706062297455,8.71474855352395,8.829000000000008,-0.03806228053660073,0.01812276825273429,0.12449470519305134,-5.4084853771164685,0.040426351142830476,-0.13237421472879154,-1.6404195963254067,0.0,0.0,0.1649210563358818,-7.181279188170667
5.4999999999999964,0.0,453.0,453.0,452.9987161015557,0.0,PILOT_ASC_HOLD_ACC,caténaire,,5.412228762901998,0.14321258430814834,5.412228762901998,0.023266498709751293,-0.9997292983792108,0.2861206081994044,-0.9581936117317851,29.984787810512444,-451.2688060531076,0.0,0.0,-0.04097607172405588,0.13722538340366744,0.002471343527452242,8.71108575890928,8.829000000000008,-0.03850472819660364,0.0193111423129384,0.1259236135289382,-5.410763663803799,0.04097607172405588,-0.13722538340366744,-1.6404195963254067,0.0,0.0,0.16689968525299406,-7.188408643532873
5.599999999999996,0.0,453.0,453.0,452.9991709620341,0.0,PILOT_ASC_HOLD_ACC,caténaire,,5.414717360378652,0.14835650672883635,5.414717360378652,0.023532274218806225,-0.999723077692063,0.2801130127608007,-0.9599670307266117,29.98419772230422,-451.2947081521816,0.0,0.0,-0.04155658806248235,0.14241735525345361,0.002582281557282274,8.707183361520784,8.829000000000008,-0.038974306505200076,0.020600716774229255,0.12742061374176106,-5.41321790435039,0.04155658806248235,-0.14241735525345361,-1.6404195963254067,0.0,0.0,0.16897720180424342,-7.196054855929249
5.699999999999996,0.0,453.0,453.0,452.99959606618074,0.0,PILOT_ASC_HOLD_ACC,caténaire,,5.417402764591761,0.15387408084227253,5.417402764591761,0.023810689746719783,-0.9997164853366106,0.27405283855427837,-0.9617146363034842,29.98359466367103,-451.3206040597254,0.0,0.0,-0.04216962863475529,0.14798295569375905,0.0026970487669119737,8.703021201096105,8.829000000000008,-0.03947257986784332,0.022004156789856566,0.12899209646071644,-5.415866851470513,0.04216962863475529,-0.14798295569375905,-1.6404195963254067,0.0,0.0,0.17116172509547173,-7.204269403489678
5.799999999999995,0.0,453.0,453.0,453.00000546298054,0.0,PILOT_ASC_HOLD_ACC,caténaire,,5.420308338081239,0.15980438666222532,5.420308338081239,0.024102600726113272,-0.9997094901211238,0.26794257954227546,-0.9634348831489502,29.98297846916075,-451.34649335329095,0.0,0.0,-0.04281839958444785,0.1539611205906107,0.002815823122108978,8.698576155746,8.829000000000008,-0.040002576462338874,0.02353727633660263,0.1306435276851947,-5.418733684962471,0.04281839958444785,-0.1539611205906107,-1.6404195963254067,0.0,0.0,0.17346192726964255,-7.213114401878489
5.899999999999995,0.0,453.0,453.0,453.00039457930603,0.0,PILOT_ASC_HOLD_ACC,caténaire,,5.4234658066763215,0.16619716589862704,5.4234658066763215,0.024409165920940192,-0.9997020519229938,0.2617791501716447,-0.965127803213342,29.98234896267909,-451.37237557085103,0.0,0.0,-0.04350695284987844,0.16040150562402528,0.0029388006918965874,8.693821853667773,8.829000000000008,-0.04056815215798185,0.02522335929178965,0.13238227674170808,-5.4218498954685135,0.04350695284987844,-0.16040150562402528,-1.6404195963254067,0.0,0.0,0.1758892295915865,-7.2226709974179455
5.999999999999995,0.0,453.0,453.0,452.9976793673495,0.0,PILOT_ASC_HOLD_ACC,caténaire,,5.426908517696491,0.17310664774100576,5.426908517696491,0.024773208630600667,-0.9996930969723381,0.25487968355422636,-0.9669727746484372,29.98170595650929,-451.3982502043485,0.0,0.0,-0.04412136759736048,0.16738941547620997,0.0030661966255079325,8.68872763569579,8.829000000000008,-0.04105517097185255,0.02711705117199159,0.134441936928079,-5.425242983041566,0.04412136759736048,-0.16738941547620997,-1.6404195963254067,0.0,0.0,0.17856330452543948,-7.233051994843183
6.099999999999994,0.0,453.0,453.0,452.9978583313727,0.0,PILOT_ASC_HOLD_ACC,caténaire,,5.430673307518323,0.1805944251003066,5.430673307518323,0.025117688582703704,-0.9996845010903501,0.24856720687733386,-0.9686146517915165,29.981049258469703,-451.42411669079644,0.0,0.0,-0.04488985182480108,0.17492640618402258,0.003198167169514934,8.683256922413475,8.829000000000008,-0.04169168465528615,0.029183328597490288,0.13640596093264676,-5.428959936011137,0.04488985182480108,-0.17492640618402258,-1.6404195963254067,0.0,0.0,0.18129581275744783,-7.244305938520566
6.199999999999994,0.0,453.0,453.0,452.9990720104278,0.0,PILOT_ASC_HOLD_ACC,caténaire,,5.434804979778386,0.18873243031779013,5.434804979778386,0.025465838235405856,-0.9996756929539541,0.24244375967955442,-0.9701654618633062,29.98037865411122,-451.4499744082226,0.0,0.0,-0.04575699997970456,0.1831016854278431,0.0033350508848488548,8.67737048227618,8.829000000000008,-0.04242194909485571,0.031472167704015064,0.13840186445601457,-5.4330424342295585,0.04575699997970456,-0.1831016854278431,-1.6404195963254067,0.0,0.0,0.18415886443571913,-7.256563715982808
6.299999999999994,0.0,453.0,453.0,452.9987933094122,0.0,PILOT_ASC_HOLD_ACC,caténaire,,5.439358291763758,0.19760776123724438,5.439358291763758,0.025856801929776987,-0.9996656570043627,0.23592509027120684,-0.9717712445738054,29.979693920343998,-451.47582266189767,0.0,0.0,-0.04662062890818797,0.19202954007496034,0.003477068221926223,8.67101992585948,8.829000000000008,-0.043143560686261746,0.03404946593443192,0.1406444099752256,-5.437539680418146,0.04662062890818797,-0.19202954007496034,-1.6404195963254067,0.0,0.0,0.18726503888341356,-7.269988816818513
6.399999999999993,0.0,453.0,453.0,452.99952724158334,0.0,PILOT_ASC_HOLD_ACC,caténaire,,5.444397074015746,0.20732097343196187,5.444397074015746,0.026254656612104153,-0.9996552870895951,0.2295891783202033,-0.9732876292228592,29.978994804149373,-451.50166067768583,0.0,0.0,-0.04759865193878883,0.20178293871976954,0.003624669771796568,8.664152510987618,8.829000000000008,-0.04397398216699226,0.036935449707380386,0.14294077563822802,-5.442520320054962,0.04759865193878883,-0.20178293871976954,-1.6404195963254067,0.0,0.0,0.19053942757701686,-7.284722855100138
6.499999999999993,0.0,453.0,453.0,452.99912253522143,0.0,PILOT_ASC_HOLD_ACC,caténaire,,5.449994684290158,0.21798914591283122,5.449994684290158,0.026697129475143983,-0.9996435681170502,0.2229336336480153,-0.9748336242603106,29.97828103807652,-451.52748758336435,0.0,0.0,-0.048597112394174864,0.21250314915961493,0.003778170242096666,8.656703100796744,8.829000000000008,-0.0448189421520782,0.04020624995635025,0.1454992137253408,-5.44805213242277,0.048597112394174864,-0.21250314915961493,-1.6404195963254067,0.0,0.0,0.19409632611951566,-7.300974877907792
6.5999999999999925,0.0,453.0,453.0,453.0000365305564,0.0,PILOT_ASC_HOLD_ACC,caténaire,,5.45624883991248,0.22976088352732502,5.45624883991248,0.02714408386636601,-0.9996315314709994,0.21653373899470568,-0.9762751353368438,29.977552321888957,-451.5533023956767,0.0,0.0,-0.04975098318489877,0.22430983766075205,0.0039380983234343254,8.648598051637768,8.829000000000008,-0.04581288486146444,0.043907889298511193,0.14810487610634662,-5.454238383928576,0.04975098318489877,-0.22430983766075205,-1.6404195963254067,0.0,0.0,0.19785585929124538,-7.318967817914735
6.699999999999992,0.0,453.0,453.0,453.0003140349357,0.0,PILOT_ASC_HOLD_ACC,caténaire,,5.463270690843837,0.24280893192419284,5.463270690843837,0.027633570207507216,-0.9996181199826196,0.20992736638315315,-0.9777169840211601,29.97680834283005,-451.57910399354694,0.0,0.0,-0.05097223961315212,0.237398416614321,0.004104791894120887,8.639745990572168,8.829000000000008,-0.04686744771903124,0.04814440718648072,0.1509696741980496,-5.461184376937464,0.05097223961315212,-0.237398416614321,-1.6404195963254067,0.0,0.0,0.20194191381120172,-7.339002389877191
6.799999999999992,0.0,453.0,453.0,453.00039449197106,0.0,PILOT_ASC_HOLD_ACC,caténaire,,5.471200792252461,0.2573455734807232,5.471200792252461,0.028162275545654973,-0.9996033644581689,0.20321553129297218,-0.9791340295594444,29.97604874864577,-451.6048910980083,0.0,0.0,-0.05229661744077977,0.2519758083514666,0.004278908336666989,8.630042389869914,8.829000000000008,-0.04801770910411278,0.053018198221373325,0.15408146427701958,-5.469030719561759,0.05229661744077977,-0.2519758083514666,-1.6404195963254067,0.0,0.0,0.20637808171779934,-7.361426124238632
6.8999999999999915,0.0,453.0,453.0,453.00018342007525,0.0,PILOT_ASC_HOLD_ACC,caténaire,,5.480217004959796,0.2736383503536372,5.480217004959796,0.028737760505536177,-0.9995869852699797,0.1963726529437701,-0.9805293372336321,29.975273175147368,-451.6306622326723,0.0,0.0,-0.05373508880610057,0.2683104303139563,0.004460829688552546,8.619356633917336,8.829000000000008,-0.04927425911754802,0.05866706423128498,0.15748916380690137,-5.47795359461304,0.05373508880610057,-0.2683104303139563,-1.6404195963254067,0.0,0.0,0.21122425261300193,-7.386683621252403
6.999999999999991,0.0,453.0,453.0,453.0009083222652,0.0,PILOT_ASC_HOLD_ACC,caténaire,,5.490545557383479,0.2920154076329513,5.490545557383479,0.02933616503816635,-0.9995696020892461,0.18968850513636953,-0.9818443211727252,29.97448120431935,-451.6564156903639,0.0,0.0,-0.05539196615068213,0.28671366967935175,0.004651447148676938,8.607536287098169,8.829000000000008,-0.050740519002005186,0.06524995677751377,0.16107155062097278,-5.488182438046682,0.05539196615068213,-0.28671366967935175,-1.6404195963254067,0.0,0.0,0.2164635167716549,-7.41531570405144
7.099999999999991,0.0,453.0,453.0,453.00065997832655,0.0,PILOT_ASC_HOLD_ACC,caténaire,,5.502475022489692,0.31289667041539765,5.502475022489692,0.030010425167835572,-0.9995495857541266,0.18269841019050814,-0.9831690042479272,29.973672347055203,-451.68214947950264,0.0,0.0,-0.05716572423879655,0.3076303078847984,0.004851918547028259,8.594393730826688,8.829000000000008,-0.05231380569176829,0.07302403871147867,0.16513161490031128,-5.499996629352,0.05716572423879655,-0.3076303078847984,-1.6404195963254067,0.0,0.0,0.22229733913910782,-7.448046533562205
7.19999999999999,0.0,453.0,453.0,453.00121586731035,0.0,PILOT_ASC_HOLD_ACC,caténaire,,5.516391594230662,0.3368275500890058,5.516391594230662,0.03072218241252885,-0.9995279623441314,0.17583166287757812,-0.9844202488417768,29.972846074081957,-451.7078612476098,0.0,0.0,-0.05922494823513062,0.3315798606753851,0.005063103627162601,8.57969115912901,8.829000000000008,-0.054161844607968024,0.08227101980438789,0.1694755888168952,-5.5137876496736675,0.05922494823513062,-0.3315798606753851,-1.6404195963254067,0.0,0.0,0.2287005370520258,-7.485787106674459
7.29999999999999,0.0,453.0,453.0,453.0011410279089,0.0,PILOT_ASC_HOLD_ACC,caténaire,,5.5328121418524665,0.36452776933133535,5.5328121418524665,0.031521647951404407,-0.999503069385196,0.16872343236510504,-0.9856634331103785,29.972001742120284,-451.7335481967421,0.0,0.0,-0.06150437643397817,0.35930169258319217,0.005286840158504471,8.56313559860874,8.829000000000008,-0.0562175362754737,0.09343729119192545,0.17440335651672922,-5.5300627181132205,0.06150437643397817,-0.35930169258319217,-1.6404195963254067,0.0,0.0,0.23590773295070738,-7.529784007021819
7.39999999999999,0.0,453.0,453.0,453.0013642067113,0.0,PILOT_ASC_HOLD_ACC,caténaire,,5.552425482989817,0.3969487737865932,5.552425482989817,0.032393352589452064,-0.9994751976452518,0.16159961025509492,-0.9868564059504308,29.97113865311389,-451.7592069418391,0.0,0.0,-0.0641467671351513,0.39173144024546797,0.005524346246019085,8.544341433000234,8.829000000000008,-0.058622420889132214,0.10707287324569492,0.17986167639714784,-5.549511557021781,0.0641467671351513,-0.39173144024546797,-1.6404195963254067,0.0,0.0,0.24400844353229914,-7.581662593592655
7.499999999999989,0.0,453.0,453.0,453.00199964104064,0.0,PILOT_ASC_HOLD_ACC,caténaire,,5.576222867549422,0.43542200453061153,5.576222867549422,0.03334521199850349,-0.9994438937913298,0.15448305841185464,-0.9879954375723197,29.970256007924256,-451.78483333995723,0.0,0.0,-0.0672653229597093,0.4301949538948381,0.0057775277282943556,8.522811976428828,8.829000000000008,-0.06148779523141495,0.1240069303236595,0.18594033366933851,-5.573121895391849,0.0672653229597093,-0.4301949538948381,-1.6404195963254067,0.0,0.0,0.2532056566290478,-7.6437364456120935
7.599999999999989,0.0,453.0,453.0,453.0017960250882,0.0,PILOT_ASC_HOLD_ACC,caténaire,,5.605643380508976,0.4818435269186902,5.605643380508976,0.03444842107121132,-0.9994064770080793,0.1470187609752014,-0.989133703763711,29.96935290896857,-451.8104222300207,0.0,0.0,-0.07084003831150693,0.47660767241565344,0.00604839855940628,8.497881422374064,8.829000000000008,-0.06479163975210064,0.14548909478970984,0.19310556354682168,-5.602316302278136,0.07084003831150693,-0.47660767241565344,-1.6404195963254067,0.0,0.0,0.2639456018583286,-7.719343571019196
7.699999999999989,0.0,453.0,453.0,453.00206165348277,0.0,PILOT_ASC_HOLD_ACC,caténaire,,5.642858060111868,0.5390025145622456,5.642858060111868,0.035677775178519174,-0.9993633455146886,0.13953578174596384,-0.990217029550867,29.96842823744152,-451.8359670656536,0.0,0.0,-0.0752101372324832,0.5337294688902747,0.00634080928268965,8.468646307849054,8.829000000000008,-0.06886932794979354,0.1733757767393218,0.20132462123296604,-5.639265509217922,0.0752101372324832,-0.5337294688902747,-1.6404195963254067,0.0,0.0,0.2765347584654492,-7.813414574433603
7.799999999999988,0.0,453.0,453.0,453.0003721519406,0.0,PILOT_ASC_HOLD_ACC,caténaire,,5.691345084754558,0.6112637750750786,5.691345084754558,0.03720928806882591,-0.9993074946588819,0.1312997355494062,-0.9913427154343022,29.967480590176713,-451.8614593254487,0.0,0.0,-0.08025877201828951,0.6059718906295509,0.006659830070264452,8.433822206183805,8.829000000000008,-0.07359894194802506,0.21079409681334838,0.21177089875772878,-5.687403797885219,0.08025877201828951,-0.6059718906295509,-1.6404195963254067,0.0,0.0,0.29202967077601827,-7.933795284840176
7.899999999999988,0.0,453.0,453.0,453.00057498302067,0.0,PILOT_ASC_HOLD_ACC,caténaire,,5.756993335748993,0.7058328984882632,5.756993335748993,0.03888876709585728,-0.9992435457853925,0.1233653885796092,-0.9923613157013942,29.96650828184576,-451.88688753859964,0.0,0.0,-0.08707534979427645,0.7004412638091415,0.007010963965129508,8.391497244101172,8.829000000000008,-0.08006438582914693,0.26293850791030593,0.22388237300634506,-5.752638433876698,0.08707534979427645,-0.7004412638091415,-1.6404195963254067,0.0,0.0,0.3109577228006215,-8.093499294011247
7.999999999999988,0.0,453.0,453.0,453.0007594573393,0.0,PILOT_ASC_HOLD_ACC,caténaire,,5.850742630663355,0.8357188300466208,5.850742630663355,0.04091003773943298,-0.9991628339826087,0.11510332493761474,-0.9933535244757054,29.965509185386026,-451.91223560838296,0.0,0.0,-0.09619401605133943,0.8301642452975239,0.007402604745068802,8.338684800502373,8.829000000000008,-0.08879141130627062,0.3398490457998893,0.23935410182414726,-5.845844587756461,0.09619401605133943,-0.8301642452975239,-1.6404195963254067,0.0,0.0,0.33554811787548666,-8.31642842937939
8.099999999999987,0.0,453.0,453.0,453.0015683071703,0.0,PILOT_ASC_HOLD_ACC,caténaire,,5.995677105610356,1.0275172014915026,5.995677105610356,0.043362948269864816,-0.9990593849803651,0.10658765617110504,-0.9943033096354202,29.964480336946043,-451.93747959293756,0.0,0.0,-0.10952065018247234,1.021663754150326,0.00785005189796917,8.2703441378755,8.829000000000008,-0.10167059828450317,0.4630078920258178,0.2599902361733947,-5.990037481671937,0.10952065018247234,-1.021663754150326,-1.6404195963254067,0.0,0.0,0.36951088635586704,-8.65212083214767
8.199999999999987,0.0,453.0,453.0,453.0017833344372,0.0,PILOT_ASC_HOLD_ACC,caténaire,,6.251518633224784,1.34771853122939,6.251518633224784,0.04668333217490418,-0.9989097389139058,0.09711170039588282,-0.9952734888693763,29.963417440768094,-451.96258051805336,0.0,0.0,-0.13087923822272776,1.3413485245905865,0.008378213282288978,8.176872499976335,8.829000000000008,-0.12250102494043878,0.6892210245669137,0.29184172095243555,-6.244702845729986,0.13087923822272776,-1.3413485245905865,-1.6404195963254067,0.0,0.0,0.4227209591751633,-9.226470966645978
8.299999999999986,0.0,453.0,453.0,453.00109295239093,0.0,PILOT_ASC_HOLD_ACC,caténaire,,6.850474006503262,2.0447235180042567,6.850474006503262,0.051921411437642485,-0.9986511738511717,0.08557792429151852,-0.9963314804190196,29.96231326550638,-451.98746400840616,0.0,0.0,-0.17498319442085566,2.037222409740767,0.009041609511613044,8.035823059769701,8.829000000000008,-0.16594158490924263,1.2440454695104606,0.355686279434531,-6.841233908031422,0.17498319442085566,-2.037222409740767,-1.6404195963254067,0.0,0.0,0.5306694738553867,-10.518875914097595
8.399999999999986,0.0,453.0,453.0,452.98133498454325,0.0,PILOT_ASC_HOLD_ACC,straight,,7.878517165805688,3.19948164365289,7.878517165805688,0.06195904693659582,-0.9980786925401767,0.07199375978434454,-0.997405082477583,29.96091462580462,-452.00812337256195,0.0,0.0,-0.230342712887566,3.1911792526731237,0.014507127401793597,5.5391314499790845,8.829000000000008,-0.2158355854857724,-0.09868929734779996,0.48814541486693047,-7.863380112002679,0.230342712887566,-3.1911792526731237,-1.6404195963254067,0.0,0.0,0.7184881277544964,-12.69497896100121
8.499999999999986,0.0,453.0,453.0,452.9999999999999,0.0,PILOT_ASC_HOLD_ACC,straight,,10.42403218901756,8.37199415863278,10.42403218901756,0.06613888141352177,-0.9978104270678716,0.06613888141352163,-0.9978104270678715,29.96091328032536,-452.00812346174575,0.0,0.0,-0.5537143288525093,8.3536630668351,1.3425291853835397e-08,1.0322376963769938e-10,8.829000000000008,-0.5537143154272174,-0.47533693306168345,0.6894338288001661,-10.401208010292851,0.5537143288525093,-8.3536630668351,-1.6404195963254067,0.0,0.0,1.2431481576526755,-20.39529067345336
8.599999999999985,0.0,453.0,453.0,452.99999999999994,0.0,PILOT_ASC_HOLD_ACC,straight,,10.768709085667531,9.072017350775367,10.768709085667531,0.06613887706352374,-0.9978104273562068,0.06613887706352363,-0.9978104273562067,29.96091130977625,-452.00812359236164,0.0,0.0,-0.6000130402810853,9.05215350976009,2.8796801119291477e-08,2.2141130095444994e-10,8.829000000000008,-0.6000130114842841,0.22315350998149341,0.712230326349816,-10.745130214844586,0.6000130402810853,-9.05215350976009,-1.6404195963254067,0.0,0.0,1.3122433666309012,-21.437703320930083
8.699999999999985,0.0,453.0,453.0,453.0,0.0,PILOT_ASC_HOLD_ACC,straight,,10.815396375152396,9.166755693831147,10.815396375152396,0.06613887240390194,-0.9978104276650652,0.0661388724039019,-0.9978104276650651,29.96090919896758,-452.00812373227456,0.0,0.0,-0.6062788851920394,9.146684419162828,3.304208617237098e-08,2.540524391293878e-10,8.829000000000008,-0.6062788521499533,0.31768441941687264,0.7153181208538278,-10.791715282458009,0.6062788851920394,-9.146684419162828,-1.6404195963254067,0.0,0.0,1.3215970060458673,-21.578819297946247
8.799999999999985,0.0,453.0,453.0,453.00000000000006,0.0,PILOT_ASC_HOLD_ACC,straight,,10.821720209727335,9.17957622406482,10.821720209727335,0.06613886770472666,-0.9978104279765453,0.0661388677047266,-0.9978104279765454,29.960907070241177,-452.0081238733751,0.0,0.0,-0.6071267774688769,9.15947688077744,3.360542678169662e-08,2.583837153496214e-10,8.829000000000008,-0.6071267438634501,0.33047688103581585,0.715736321288723,-10.798025273910461,0.6071267774688769,-9.15947688077744,-1.6404195963254067,0.0,0.0,1.3228630987575998,-21.59792175101331
8.899999999999984,0.0,453.0,453.0,452.99999999999994,0.0,PILOT_ASC_HOLD_ACC,straight,,10.821966966260868,9.181313379936245,10.821966966260868,0.06613886770472667,-0.9978104279765455,0.06613886770472659,-0.9978104279765455,29.960907070241173,-452.00812387337504,0.0,0.0,-0.6072416709912395,9.161210233020968,9.360307956990505e-26,-4.193417964731745e-23,8.829000000000008,-0.6072416709912395,0.33221023302096064,0.7157526414864498,-10.798271490152795,0.6072416709912395,-9.161210233020968,-1.6404195963254067,0.0,0.0,1.3229943124776893,-21.59990131949917
8.999999999999984,0.0,453.0,453.0,453.0,0.0,PILOT_ASC_HOLD_ACC,straight,,10.822628878638142,9.181548082429543,10.822628878638142,0.06613886299855283,-0.9978104282884894,0.0661388629985527,-0.9978104282884894,29.960904938344427,-452.0081240146857,0.0,0.0,-0.6072571507384319,9.161444424480381,3.370559939112768e-08,2.59153734997616e-10,8.829000000000008,-0.6072571170328325,0.33244442473952773,0.7157963686884296,-10.7989319566013,0.6072571507384319,-9.161444424480381,-1.6404195963254067,0.0,0.0,1.3230535194268613,-21.60079597740709
9.099999999999984,0.0,453.0,453.0,453.00000000000006,0.0,PILOT_ASC_HOLD_ACC,straight,,10.822721327515186,9.181580806962058,10.822721327515186,0.06613885829031184,-0.9978104286005705,0.06613885829031178,-0.9978104286005703,29.960902805511253,-452.00812415605833,0.0,0.0,-0.6072592718727101,9.161477080225582,3.373521601593961e-08,2.5938125147021544e-10,8.829000000000008,-0.607259238137494,0.3324770804849564,0.7158024321960625,-10.799024206432463,0.6072592718727101,-9.161477080225582,-1.6404195963254067,0.0,0.0,1.3230617040687727,-21.600920882983452
9.199999999999983,0.0,453.0,453.0,453.00000000000006,0.0,PILOT_ASC_HOLD_ACC,straight,,10.82273422606983,9.181585370114227,10.82273422606983,0.0661388535803013,-0.9978104289127687,0.06613885358030114,-0.9978104289127687,29.960900671876487,-452.00812429748424,0.0,0.0,-0.6072595304290199,9.16148163625288,3.376057847794992e-08,2.5957673256185964e-10,8.829000000000008,-0.6072594966684415,0.33248163651244944,0.715803234316548,-10.79903708012364,0.6072595304290199,-9.16148163625288,-1.6404195963254067,0.0,0.0,1.323062764745568,-21.600938312701928
9.299999999999983,0.0,453.0,453.0,453.0,0.0,PILOT_ASC_HOLD_ACC,straight,,10.822735973029076,9.181586006190184,10.822735973029076,0.06613884886856151,-0.9978104292250817,0.06613884886856145,-0.9978104292250817,29.960898537458363,-452.00812443896194,0.0,0.0,-0.6072595292371112,9.16148227380363,3.378537326811683e-08,2.597668600156689e-10,8.829000000000008,-0.607259495451738,0.3324822740633895,0.7158032988645141,-10.799038826637874,0.6072595292371112,-9.16148227380363,-1.6404195963254067,0.0,0.0,1.3230628281016252,-21.600940696766912
9.399999999999983,0.0,453.0,453.0,452.9999999999999,0.0,PILOT_ASC_HOLD_ACC,straight,,10.822736242547911,9.181586094652886,10.822736242547911,0.06613884415509681,-0.9978104295375086,0.06613884415509672,-0.9978104295375089,29.960896402258857,-452.0081245804915,0.0,0.0,-0.6072594918108503,9.161482364941214,3.381011449081706e-08,2.599572658901641e-10,8.829000000000008,-0.6072594580007358,0.33248236520116414,0.7158032656775943,-10.799039098947894,0.6072594918108503,-9.161482364941214,-1.6404195963254067,0.0,0.0,1.3230627574884446,-21.600941060214517
9.499999999999982,0.0,453.0,453.0,452.99999999999994,0.0,PILOT_ASC_HOLD_ACC,straight,,10.822736316402246,9.181586106765707,10.822736316402246,0.06613883943990648,-0.9978104298500504,0.06613883943990649,-0.9978104298500503,29.960894266277627,-452.0081247220728,0.0,0.0,-0.6072594493190532,9.161482379897139,3.3834875686918675e-08,2.6014753262860275e-10,8.829000000000008,-0.6072594154841775,0.3324823801572787,0.715803219530973,-10.799039176023076,0.6072594493190532,-9.161482379897139,-1.6404195963254067,0.0,0.0,1.3230626688500262,-21.600941152245625
9.599999999999982,0.0,453.0,453.0,452.9999999999999,0.0,PILOT_ASC_HOLD_ACC,straight,,10.822736364382415,9.181586108233772,10.822736364382415,0.06613883472298901,-0.9978104301627063,0.06613883472298869,-0.9978104301627064,29.96089212951403,-452.008124863706,0.0,0.0,-0.6072594061073624,9.16148238423267,3.385966632632903e-08,2.6033807794061923e-10,8.829000000000008,-0.6072593722476961,0.3324823844929998,0.7158031716543715,-10.799039227281982,0.6072594061073624,-9.16148238423267,-1.6404195963254067,0.0,0.0,1.3230625777617337,-21.60094120784006
9.699999999999982,0.0,453.0,453.0,452.9999999999999,0.0,PILOT_ASC_HOLD_ACC,straight,,10.822736408974572,9.181586108217676,10.822736408974572,0.06613883000434301,-0.997810430475477,0.06613883000434286,-0.9978104304754769,29.960889991967374,-452.00812500539104,0.0,0.0,-0.6072593627816447,9.161482387088338,3.388448789569612e-08,2.605289020556774e-10,8.829000000000008,-0.6072593288971568,0.3324823873488594,0.715803123534983,-10.799039275161537,0.6072593627816447,-9.161482387088338,-1.6404195963254067,0.0,0.0,1.3230624863166276,-21.600941258575283
9.799999999999981,0.0,453.0,453.0,453.0,0.0,PILOT_ASC_HOLD_ACC,straight,,10.822736453156022,9.18158610799458,10.822736453156022,0.06613882528396682,-0.9978104307883623,0.06613882528396692,-0.9978104307883622,29.96088785363697,-452.00812514712806,0.0,0.0,-0.6072593194263514,9.161482389738513,3.390934053171145e-08,2.607200052034926e-10,8.829000000000008,-0.6072592855170108,0.33248238999922464,0.7158030753697049,-10.799039322632522,0.6072593194263514,-9.161482389738513,-1.6404195963254067,0.0,0.0,1.3230623947960563,-21.60094130869644
9.89999999999998,0.0,453.0,453.0,452.99999999999994,0.0,PILOT_ASC_HOLD_ACC,straight,,10.822736497320534,9.181586107742543,10.822736497320534,0.06613882056185896,-0.9978104311013621,0.06613882056185899,-0.9978104311013622,29.960885714522114,-452.0081252889171,0.0,0.0,-0.6072592760532414,9.161482392360865,3.3934224483971223e-08,2.60911387614032e-10,8.829000000000008,-0.6072592421190169,0.3324823926217686,0.7158030271845648,-10.799039370087849,0.6072592760532414,-9.161482392360865,-1.6404195963254067,0.0,0.0,1.3230623032378062,-21.600941358774122
9.99999999999998,0.0,453.0,453.0,453.0,0.0,PILOT_ASC_HOLD_ACC,straight,,10.82273654152105,9.181586107486389,10.82273654152105,0.06613881583801791,-0.997810431414477,0.06613881583801781,-0.9978104314144769,29.960883574622112,-452.0081254307581,0.0,0.0,-0.6072592326639451,9.161482394980162,3.395913966414525e-08,2.6110284024125844e-10,8.829000000000008,-0.6072591987048055,0.3324823952412572,0.7158029789830476,-10.799039417580342,0.6072592326639451,-9.161482394980162,-1.6404195963254067,0.0,0.0,1.3230622116469926,-21.600941408885912
10.09999999999998,0.0,453.0,453.0,452.9999999999999,0.0,PILOT_ASC_HOLD_ACC,straight,,10.822106745320967,9.181586107450629,10.822106745320967,0.0661388158380179,-0.997810431414477,0.0661388158380179,-0.9978104314144771,29.96088357462211,-452.00812543075807,0.0,0.0,-0.6072592326615808,9.161482394944482,9.360307956990505e-26,-4.193417964731745e-23,8.829000000000008,-0.6072592326615808,0.3324823949444742,0.7157613250081547,-10.798411000362236,0.6072592326615808,-9.161482394944482,-1.6404195963254067,0.0,0.0,1.3230205576697354,-21.600312991632126
10.19999999999998,0.0,453.0,453.0,452.99999999999994,0.0,PILOT_ASC_HOLD_ACC,straight,Fy:(t>10:-25),10.822630418699385,9.181586107230014,10.822630418699385,0.06613881123132717,-0.9978104317198266,0.0661388112313269,-0.9978104317198268,29.960881487791205,-452.00812556908147,0.0,-25.0,-0.6072591903502594,9.161482397527944,3.2295665642263734e-08,2.483127874860484e-10,8.829000000000008,-0.6072591580545937,-24.66751760222375,0.715795910288778,-10.798933530426561,0.6072591903502594,-9.161482397527944,-1.6404195963254067,0.0,0.0,1.3230551006390374,-21.600835524279915
10.29999999999998,0.0,453.0,453.005,453.00006891659257,0.04999999999999982,PILOT_DESC_ADD_SLACK_ACC,straight,,16.676866520761493,9.181586107158868,16.676866520761493,0.06523922668948261,-0.9978696524601589,0.06712882260311577,-0.9977443165340104,29.95843522634798,-452.0132986802365,0.0,-25.0,-0.6163490650026999,9.16087535518539,0.04437879048049528,0.34730528355340684,8.829000000000008,-0.5719702745222046,-24.32081936126121,1.0879858754182021,-16.64133899919673,0.6163490650026999,-9.16087535518539,-1.6404377025019665,0.0,2.220446049250313e-16,1.704334940420902,-27.442652056884086
10.399999999999979,0.0,453.0,453.015,453.00501592613807,0.09999999999999964,PILOT_DESC_ADD_SLACK_ACC,straight,,16.302846703807532,9.181567374177227,16.302846703807532,0.06565179556620432,-0.997842593668427,0.06640318249461309,-0.9977928729724357,29.95574491338533,-452.02349891535965,0.0,-25.0,-0.609685293934076,9.161302488670279,0.053675404935171464,1.3502933698499489,8.829000000000008,-0.5560098889989046,-23.31740414147978,1.07031115894554,-16.267674839106075,0.609685293934076,-9.161302488670279,-1.640473914855086,0.0,-4.440892098500626e-16,1.679996452879616,-27.069451242631438
10.499999999999979,0.0,453.0,453.03,453.0150075528203,0.14999999999999947,PILOT_DESC_ADD_SLACK_ACC,straight,,21.736220946352184,9.18154916970725,21.736220946352184,0.06575283217377613,-0.997835940954788,0.06612528263608344,-0.9978113283563671,29.95290185224584,-452.0387202116979,0.0,-25.0,-0.6071325338839891,9.16145377339489,0.05994350310359715,3.0068450758570884,8.829000000000008,-0.5471890307803919,-21.660701150748032,1.4292180879776124,-21.689182480804504,0.6071325338839891,-9.16145377339489,-1.6405282333847655,0.0,2.220446049250313e-16,2.0363506218616014,-32.49116448758416
10.599999999999978,0.0,453.0,453.04999999999995,453.03006628051025,0.1999999999999993,PILOT_DESC_ADD_SLACK_ACC,straight,,20.410361735051918,9.181512254281433,20.410361735051918,0.06515756628732704,-0.9978749879396278,0.06633312483897115,-0.9977975328437615,29.949987846785206,-452.058957137205,0.0,-25.0,-0.6090383985737937,9.161290275096777,0.06297242874731865,5.314921272354629,8.829000000000008,-0.546065969826475,-19.3527884525486,1.3298894976999687,-20.366989470208374,0.6090383985737937,-9.161290275096777,-1.6406006580910053,0.0,-2.220446049250313e-16,1.9389278962737624,-31.168880403396155
10.699999999999978,0.0,453.0,453.07499999999993,453.05003170745476,0.2499999999999991,PILOT_DESC_ADD_SLACK_ACC,straight,,24.78885216407619,9.181475887037998,24.78885216407619,0.06538753290491993,-0.9978599453533586,0.06610746682879413,-0.9978125088559875,29.94706788934396,-452.0842053753161,0.0,-25.0,-0.6069641126417377,9.161391489846137,0.06322993921765684,8.273131442675849,8.829000000000008,-0.5437341734240808,-16.39447706747802,1.6208818865537273,-24.735802665817552,0.6069641126417377,-9.161391489846137,-1.6406911889738043,0.0,-2.220446049250313e-16,2.227845999195465,-35.537885344637495
10.799999999999978,0.0,453.0,453.1049999999999,453.0750304945696,0.29999999999999893,PILOT_DESC_ADD_SLACK_ACC,caténaire,,0.0,9.18142082447002,10.050897403560507,0.0654846555146157,-0.9978535763788855,0.06614830123276227,-0.9978098026397716,29.94905081057484,-452.0842053753161,0.0,-25.0,-0.6073353904417995,9.16131170081712,-0.029159538523997254,-0.0,8.829000000000008,-0.6364949289657967,-24.66768829918289,0.0,-0.0,0.6073353904417995,-9.16131170081712,-1.6407998260331635,0.0,-2.220446049250313e-16,0.6073353904417995,-10.802111526850283
10.899999999999977,0.0,453.0,453.13999999999993,453.07823087325005,0.34999999999999876,PILOT_DESC_ADD_SLACK_ACC,caténaire,,33.100563119743796,0.0,33.100563119743796,0.060677365096337074,-0.998157431152504,0.07334780121938934,-0.9973064223478564,29.94688899896486,-452.1252459312914,0.0,-25.0,-0.0,0.0,0.034658152705127045,21.85919885269272,8.829000000000008,0.034658152705127045,-11.969801147307287,2.0084549533110443,-33.03957305330478,0.0,-0.0,-1.640926569269083,0.0,0.0,2.0084549533110443,-34.68049962257386
10.999999999999977,0.0,453.0,453.17999999999995,453.118135406218,0.3999999999999986,PILOT_DESC_ADD_SLACK_ACC,caténaire,,2.0536350652938076,4.741547703734368,9.86109882682699,0.061417278219600545,-0.9981121770302654,0.07075141303639197,-0.9974939787053121,29.9445142610626,-452.16722419099756,0.0,-25.0,-0.3354712000186662,4.729665284219031,0.04182164285438658,22.869497909142808,8.829000000000008,-0.29364955716427965,-6.229836806638168,0.1261286761666773,-2.0497581658460935,0.3354712000186662,-4.729665284219031,-1.6410714186815623,0.0,0.0,0.4615998761853435,-8.420494868746687
11.099999999999977,0.0,453.0,453.22499999999997,453.15959289520765,0.4499999999999984,PILOT_DESC_ADD_SLACK_ACC,caténaire,,39.24114903035114,0.2287625937238289,39.24114903035114,0.06164779784690775,-0.9980979656429657,0.06993921270966544,-0.9975512550869514,29.94215346370796,-452.21285561806735,0.0,-25.0,-0.015999475702465644,0.22820241248615186,0.04133206853400763,27.023143776534777,8.829000000000008,0.025332592831541986,-6.577653810979079,2.419130422703467,-39.16651101668591,0.015999475702465644,-0.22820241248615186,-1.641234374270601,0.0,0.0,2.4351298984059326,-41.03594780344267
11.199999999999976,0.0,453.0,453.275,453.2086544404499,0.4999999999999982,PILOT_DESC_ADD_SLACK_ACC,caténaire,,3.2886882075406305,4.794631800480739,10.136879985985697,0.058542741795076764,-0.9982849029125478,0.07421995102465696,-0.9972418958657411,29.93969590367169,-452.2591790182573,0.0,-25.0,-0.3558573374129433,4.781407706689584,0.04478968347714089,27.84893740417581,8.829000000000008,-0.3110676539358024,-1.198654889134616,0.19252882457856496,-3.283047787974339,0.3558573374129433,-4.781407706689584,-1.6414154360362,0.0,0.0,0.5483861619915082,-9.705870930700122
11.299999999999976,0.0,453.0,453.33,453.25919982713253,0.549999999999998,PILOT_DESC_ADD_SLACK_ACC,caténaire,,42.103345820648286,0.0,42.103345820648286,0.056043297545570255,-0.9984283393414966,0.07778605265345528,-0.9969700747828864,29.93724761394708,-452.307419728765,0.0,-25.0,-0.0,0.0,0.04445241302093873,30.201962298414827,8.829000000000008,0.04445241302093873,-3.6270377015851807,2.3596103374906336,-42.03717364843061,0.0,-0.0,-1.6416146039783586,0.0,0.0,2.3596103374906336,-43.67878825240897
11.399999999999975,0.0,453.0,453.3895,453.3125827719333,0.5949999999999982,PILOT_DESC_ADD_SLACK_ACC,caténaire,,1.9566118542352555,3.870595956193806,9.35592456774294,0.053814477027370196,-0.9985509511598648,0.08124965702557599,-0.9966937810748224,29.934689823199577,-452.35527608369836,0.0,-25.0,-0.31448459392532807,3.8577989185917225,0.04851764865539837,29.72261412201614,8.829000000000008,-0.2659669452699297,-0.24858695939214215,0.10529404368122336,-1.9537766280972813,0.31448459392532807,-3.8577989185917225,-1.6418300674794213,0.0,-2.220446049250313e-16,0.41977863760655143,-7.453405614168425
11.499999999999975,0.0,453.0,453.45305,453.3505280240003,0.6354999999999984,PILOT_DESC_ADD_SLACK_ACC,caténaire,,43.84546030607808,0.0,43.84546030607808,0.05866734071376731,-0.99827758821561,0.07342254854674546,-0.9973009221718894,29.932148205001628,-452.40450123392435,0.0,-25.0,-0.0,0.0,0.047906047843693594,31.447191852906123,8.829000000000008,0.047906047843693594,-2.381808147093885,2.572296558528643,-43.769940368554884,0.0,-0.0,-1.6420601969834974,0.0,2.220446049250313e-16,2.572296558528643,-45.412000565538385
11.599999999999975,0.0,453.0,453.52024500000005,453.39863397446146,0.6719499999999986,PILOT_DESC_ADD_SLACK_ACC,caténaire,,0.5064378892222621,2.583907476554868,8.626644474523097,0.059489921853941564,-0.9982289062123034,0.07235062871060065,-0.9973792591212136,29.92952782581313,-452.45323360389386,0.0,-25.0,-0.1869473304587663,2.5771357246040587,0.050921126670724466,30.820723911570166,8.829000000000008,-0.13602620378804184,-0.4311403638257829,0.030127950453707485,-0.5055409402228064,0.1869473304587663,-2.5771357246040587,-1.642303525890286,0.0,0.0,0.21707528091247377,-4.724980190717151
11.699999999999974,0.0,453.0,453.59072050000003,453.4597390423486,0.7047549999999987,PILOT_DESC_ADD_SLACK_ACC,caténaire,,45.21482651683298,0.0,45.21482651683298,0.05416443712766045,-0.9985320294064902,0.08276475070016337,-0.9965691125263415,29.926924420333517,-452.5029687325595,0.0,-25.0,-0.0,0.0,0.050263572196861825,32.10216047753353,8.829000000000008,0.050263572196861825,-1.7268395224664772,2.4490356281090744,-45.14845248111562,0.0,-0.0,-1.642558734259515,0.0,0.0,2.4490356281090744,-46.791011215375136
11.799999999999974,0.0,453.0,453.65941698314606,453.4998684275679,0.6869648314604111,T_SOFT_ACC,caténaire,,0.0,1.7687335237043371,8.181252803896827,0.05812694484854609,-0.9983091997385248,0.07548455172524185,-0.9971469713391498,29.92426648389193,-452.55242112693907,0.0,-25.0,-0.1335120571582293,1.763687276267802,0.05239126736164559,31.738209163509268,8.829000000000008,-0.08112078979658371,-0.3271035602229375,0.0,-0.0,0.1335120571582293,-1.763687276267802,-1.6428075003900922,0.0,-2.220446049250313e-16,0.1335120571582293,-3.406494776657894
11.899999999999974,0.0,453.0,453.7312438179775,453.5506523213496,0.71826834831437,PILOT_DESC_ADD_SLACK_ACC,caténaire,,45.92113289754506,0.0,45.92113289754506,0.05762686851368209,-0.9983381912084236,0.07684459894671439,-0.9970430821246987,29.92162601120613,-452.60257045159744,0.0,-25.0,-0.0,0.0,0.05170506396908983,32.63908292318687,8.829000000000008,0.05170506396908983,-1.1899170768131384,2.64629108748615,-45.84482075517677,0.0,-0.0,-1.6430676022607313,0.0,2.220446049250313e-16,2.64629108748615,-47.4878883574375
11.999999999999973,0.0,453.0,453.8020393854477,453.6235649117944,0.7079556747022462,T_SOFT_ACC,caténaire,,0.0,1.3408278299981324,7.919479979804215,0.051289334784182884,-0.9986838359247615,0.09207223968305564,-0.9957523299896145,29.918957467668893,-452.65252858077343,0.0,-25.0,-0.12345302133729943,1.3351324358355592,0.05281026010869776,32.39068279718838,8.829000000000008,-0.07064276122860168,-0.10318476697606371,0.0,-0.0,0.12345302133729943,-1.3351324358355592,-1.643323969669586,0.0,2.220446049250313e-16,0.12345302133729943,-2.9784564055051455
12.099999999999973,0.0,453.0,453.8757553961709,453.6548382794523,0.7371601072320215,PILOT_DESC_ADD_SLACK_ACC,caténaire,,46.13027605271683,0.0,46.13027605271683,0.056229687541118636,-0.9984178595352892,0.08025146293286821,-0.996774649906956,29.916306527551694,-452.702966149017,0.0,-25.0,-0.0,0.0,0.0521158176729048,33.01536091184924,8.829000000000008,0.0521158176729048,-0.8136390881507651,2.593891008629815,-46.057291476325545,0.0,-0.0,-1.6435909126906745,0.0,0.0,2.593891008629815,-47.70088238901622
12.199999999999973,0.0,453.0,453.9485126508877,453.70960113444744,0.7275725471677797,T_SOFT_ACC,caténaire,,0.0,1.0649208268558965,7.729798863411703,0.05475349550374331,-0.9984999022183837,0.08290583133704826,-0.996557385768784,29.91363709157542,-452.7532294292264,0.0,-25.0,-0.08828814645862493,1.0612547152622442,0.052845588607411224,32.78758464486183,8.829000000000008,-0.0354425578512137,0.01983936012406673,0.0,-0.0,0.08828814645862493,-1.0612547152622442,-1.6438543838306576,0.0,0.0,0.08828814645862493,-2.705109099092902
12.299999999999972,0.0,453.0,454.02399418013283,453.79460289472553,0.7548152924510018,PILOT_DESC_ADD_SLACK_ACC,caténaire,,46.23771822179903,0.0,46.23771822179903,0.04819065951179369,-0.9988381552262702,0.10237994251616882,-0.9947453681070277,29.910985270795347,-452.8038398478875,0.0,-25.0,-0.0,0.0,0.0521504499824506,33.2420370831896,8.829000000000008,0.0521504499824506,-0.5869629168104069,2.228226135428976,-46.183997170533836,0.0,-0.0,-1.6441277202097622,0.0,0.0,2.228226135428976,-47.828124890743595
12.399999999999972,0.0,453.0,454.0984747042307,453.8135657716314,0.7448052409783894,T_SOFT_ACC,caténaire,,0.0,0.8715194067080279,7.583493913436797,0.05430374939880509,-0.998524462795595,0.08560655368844784,-0.996329020939161,29.908314491320922,-452.8542928125009,0.0,-25.0,-0.074607772880875,0.8683200772148878,0.05289879521547909,33.03552026159086,8.829000000000008,-0.02170897766539591,0.07484033880574259,0.0,-0.0,0.074607772880875,-0.8683200772148878,-1.6443974317136796,0.0,0.0,0.074607772880875,-2.512717508928567
12.499999999999972,0.0,453.0,454.1755071759187,453.90688959000704,0.7703247168805505,PILOT_DESC_ADD_SLACK_ACC,caténaire,,46.28788384802149,0.0,46.28788384802149,0.04728267101976845,-0.9988815490443482,0.10851604275943882,-0.9940946979356803,29.90566134477824,-452.90501027036044,0.0,-25.0,-0.0,0.0,0.052202607654715426,33.38279718085764,8.829000000000008,0.052202607654715426,-0.44620281914237125,2.1886147841872536,-46.23611312009657,0.0,-0.0,-1.6446763844203252,0.0,-2.220446049250313e-16,2.1886147841872536,-47.88078950451689
12.599999999999971,0.0,453.0,454.25144625524797,453.9371110548961,0.759390793292764,T_SOFT_ACC,caténaire,,0.0,0.7293119768752969,7.4670664315943664,0.0503382857990017,-0.9987322248645119,0.09844661885521348,-0.9951423331543968,29.90299407449237,-452.95558767155256,0.0,-25.0,-0.07179829821398463,0.7257692222651285,0.052759877048755996,33.1986780302949,8.829000000000008,-0.019038421165228636,0.09544725256002096,0.0,-0.0,0.07179829821398463,-0.7257692222651285,-1.6449513776959512,0.0,2.220446049250313e-16,0.07179829821398463,-2.3707205999610794
12.69999999999997,0.0,453.0,454.3297914266443,454.0412297204798,0.7834517139634877,PILOT_DESC_ADD_SLACK_ACC,caténaire,,46.311131396549875,0.0,46.311131396549875,0.044018468069172124,-0.9990307174801201,0.12181276260359183,-0.9925530972531803,29.900344390832185,-453.00637518006795,0.0,-25.0,-0.0,0.0,0.052066427068940456,33.47507711313666,8.829000000000008,0.052066427068940456,-0.3539228868633444,2.0385450586262652,-46.266242826411336,0.0,-0.0,-1.6452350839971344,0.0,0.0,2.0385450586262652,-47.91147791040847
12.79999999999997,0.0,453.0,454.4069409951467,454.1476081215163,0.7714956850240123,T_SOFT_ACC,caténaire,,0.0,0.6214256748213134,7.372679857686117,0.039397373915225964,-0.9992236220829569,0.14034671770825544,-0.9901024183530306,29.89768244947879,-453.05703936925846,0.0,-25.0,-0.08721505376080901,0.6152750634672464,0.05254926999827104,33.31270994085854,8.829000000000008,-0.034665783762537976,0.09898500432577606,0.0,-0.0,0.08721505376080901,-0.6152750634672464,-1.6455144607388992,0.0,2.220446049250313e-16,0.08721505376080901,-2.260789524206145
12.89999999999997,0.0,453.0,454.4863756067989,454.2506212780594,0.7943461165216111,PILOT_DESC_ADD_SLACK_ACC,caténaire,,46.32352970850604,0.0,46.32352970850604,0.03598162437451829,-0.9993524516942813,0.15540489131145402,-0.9878508590655146,29.895038024548725,-453.10787565513533,0.0,-25.0,-0.0,0.0,0.05185996349089975,33.53940828765361,8.829000000000008,0.05185996349089975,-0.28959171234640024,1.666795845673303,-46.29353298532838,0.0,-0.0,-1.6458021121596074,0.0,0.0,1.666795845673303,-47.93933509748799
12.99999999999997,0.0,453.0,454.5645211694215,454.3496030309984,0.7814556262257755,T_SOFT_ACC,caténaire,,0.0,0.5375764203662953,7.295074826713945,0.03340911782975541,-0.9994417596067504,0.16818615454480093,-0.9857552522910706,29.892378695410006,-453.1586038462874,0.0,-25.0,-0.0904129109153666,0.529918779883908,0.05244618536699866,33.39692822199278,8.829000000000008,-0.03796672554836794,0.09784700187667994,0.0,-0.0,0.0904129109153666,-0.529918779883908,-1.6460850956304502,0.0,0.0,0.0904129109153666,-2.1760038755143585
13.09999999999997,0.0,453.0,454.6448521757818,454.20180834146504,0.8033100636031979,PILOT_DESC_ADD_SLACK_ACC,caténaire,,46.332528797826704,0.0,46.332528797826704,0.049747955843889406,-0.9987618038798611,0.10618667599295657,-0.9943462122628953,29.889736848333076,-453.2094760613655,0.0,-25.0,-0.0,0.0,0.05175890393198694,33.586833860473284,8.829000000000008,0.05175890393198694,-0.2421661395267236,2.3049485967700174,-46.275160040433015,0.0,-0.0,-1.646375993107329,0.0,-2.220446049250313e-16,2.3049485967700174,-47.92153603354034
13.199999999999969,0.0,453.0,454.7238157425034,454.33003852532727,0.7896356672157119,T_SOFT_ACC,caténaire,,0.0,0.47113076797850983,7.229521700844451,0.04260968440051924,-0.9990917949794643,0.13848882544516924,-0.9903639963300451,29.8870932264064,-453.26025081946426,0.0,-25.0,-0.06524634668842438,0.46659095016924024,0.05182847278516835,33.45827110654889,8.829000000000008,-0.013417873903256036,0.09586205671812564,0.0,-0.0,0.06524634668842438,-0.46659095016924024,-1.6466619387635009,0.0,-2.220446049250313e-16,0.06524634668842438,-2.113252888932741
13.299999999999969,0.0,453.0,454.8048829525528,454.28887418827975,0.8106721004941407,PILOT_DESC_ADD_SLACK_ACC,caténaire,,46.33824813732612,0.0,46.33824813732612,0.05219984711379945,-0.9986366586308036,0.10018211403371408,-0.9949691171226049,29.88446688063732,-453.31114915386087,0.0,-25.0,-0.0,0.0,0.05115328460444795,33.621331686758666,8.829000000000008,0.05115328460444795,-0.20766831324134216,2.4188494682897255,-46.275073286664416,0.0,-0.0,-1.6469555022071751,0.0,0.0,2.4188494682897255,-47.92202878887159
13.399999999999968,0.0,453.0,454.88451625176896,454.33836018253857,0.7963329921613032,T_SOFT_ACC,caténaire,,0.0,0.41758657958116496,7.173846839912148,0.052811859828564664,-0.9986044799926785,0.1003792344539016,-0.9949492496054503,29.88184185300433,-453.3619604575071,0.0,-25.0,-0.041917021176580596,0.41547745399958674,0.0511019508684005,33.50645216827685,8.829000000000008,0.009184929691819901,0.09292962227642931,0.0,-0.0,0.041917021176580596,-0.41547745399958674,-1.647243873122306,0.0,0.0,0.041917021176580596,-2.062721327121893
13.499999999999968,0.0,453.0,454.9661862210635,454.38923733786544,0.8166996929451729,PILOT_DESC_ADD_SLACK_ACC,caténaire,,46.34474717650462,0.0,46.34474717650462,0.05312998614262001,-0.9985876048562214,0.1012136627605613,-0.994864711642036,29.87923385935497,-453.41287927709726,0.0,-25.0,-0.0,0.0,0.05044089456987501,33.64840047376144,8.829000000000008,0.05044089456987501,-0.18059952623856645,2.4622957752709183,-46.27929008065288,0.0,-0.0,-1.6475396192990432,0.0,0.0,2.4622957752709183,-47.926829699951924
13.599999999999968,0.0,453.0,455.0463701273992,454.5333635366273,0.8,T_SOFT_ACC,caténaire,,0.0,0.3737953383577458,7.125970302006952,0.04436333601506435,-0.9990154625518137,0.14416847098863206,-0.9895531577296897,29.87662859084805,-453.4637198158121,0.0,-25.0,-0.05388950239371458,0.36989035741654513,0.05033553633315168,33.54502017032221,8.829000000000008,-0.0035539660605629006,0.08591052773874708,0.0,-0.0,0.05388950239371458,-0.36989035741654513,-1.6478299840921184,0.0,0.0,0.05388950239371458,-2.0177203415086638
13.699999999999967,0.0,453.0,455.1285356431013,454.68680333975374,0.821655157021267,PILOT_DESC_ADD_SLACK_ACC,caténaire,,46.35222257650001,0.0,46.35222257650001,0.03815385505437893,-0.999271876590395,0.17618726580436886,-0.9843566667465511,29.87404010085324,-453.5146550144702,0.0,-25.0,-0.0,0.0,0.049689279841177145,33.67005133220636,8.829000000000008,0.049689279841177145,-0.15894866779364492,1.7685159816320921,-46.31847243815484,0.0,-0.0,-1.6481275247590057,0.0,4.440892098500626e-16,1.7685159816320921,-47.96659996291385
13.799999999999967,0.0,453.0,455.2091748854539,454.8335094550969,0.8063924235253904,T_SOFT_ACC,caténaire,,0.0,0.3375355132428713,7.084786831679236,0.03372254928867312,-0.9994312330868357,0.2007336624972295,-0.9796458527143613,29.871446221292164,-453.5655205467064,0.0,-25.0,-0.06775473979612366,0.33066526569219223,0.0498964140913446,33.578010153641955,8.829000000000008,-0.017858325704779063,0.07967541933413713,0.0,-0.0,0.06775473979612366,-0.33066526569219223,-1.6484195384309441,0.0,0.0,0.06775473979612366,-1.9790848041231364
13.899999999999967,0.0,453.0,455.29175020357115,454.96810040529385,0.8257531811728513,PILOT_DESC_ADD_SLACK_ACC,caténaire,,46.361967703489576,0.0,46.361967703489576,0.030536250097899946,-0.9995336599784714,0.21996822655720422,-0.9755070370352428,29.86886897386912,-453.61646974222475,0.0,-25.0,-0.0,0.0,0.04925858693742957,33.688558760034226,8.829000000000008,0.04925858693742957,-0.1404412399657815,1.4157206408245178,-46.340347262472626,0.0,-0.0,-1.648718563088808,0.0,-2.220446049250313e-16,1.4157206408245178,-47.98906582556143
13.999999999999966,0.0,453.0,455.37277044950605,454.6651384604776,0.8102024593491859,T_SOFT_ACC,caténaire,,0.0,0.3071406817892664,7.048836641961395,0.050721243547174014,-0.9987128493481138,0.11367077311980017,-0.9935184725702623,29.86628339694564,-453.66735599540027,0.0,-25.0,-0.03491291875552844,0.30514994103546095,0.04957750272993568,33.60537287239126,8.829000000000008,0.014664583974407237,0.08152281342670875,0.0,-0.0,0.03491291875552844,-0.30514994103546095,-1.6490119564643726,0.0,2.220446049250313e-16,0.03491291875552844,-1.9541618974998334
14.099999999999966,0.0,453.0,455.45568867084745,454.70909365392953,0.8291822134142673,PILOT_DESC_ADD_SLACK_ACC,caténaire,,46.372512705677586,0.0,46.372512705677586,0.051788098886416445,-0.998658096053765,0.11118332280054231,-0.9937999138312654,29.8637143458564,-453.7183167909517,0.0,-25.0,-0.0,0.0,0.0489457742694705,33.70390082300416,8.829000000000008,0.0489457742694705,-0.12509917699584605,2.4015442736132337,-46.310285247881005,0.0,-0.0,-1.6493122228555,0.0,-4.440892098500626e-16,2.4015442736132337,-47.959597470736504
14.199999999999966,0.0,453.0,455.53703071093685,454.8835827119839,0.8134204008938104,T_SOFT_ACC,caténaire,,0.0,0.2814077066030218,7.016177435105308,0.04275871753403571,-0.9990854278162826,0.16467274555575373,-0.9863482584113636,29.861150227051397,-453.7692175407677,0.0,-25.0,-0.046340179666867605,0.2775660013114265,0.048758014105654654,33.624522814552414,8.829000000000008,0.002417834438787049,0.07308881586383364,0.0,-0.0,0.046340179666867605,-0.2775660013114265,-1.6496067815234199,0.0,0.0,0.046340179666867605,-1.9271727828348464
14.299999999999965,0.0,453.0,455.62023854701727,454.81148295668726,0.8320783608044293,PILOT_DESC_ADD_SLACK_ACC,caténaire,,46.380708313104165,0.0,46.380708313104165,0.05223706511807306,-0.9986347125089585,0.11290694708784216,-0.9936055662582126,29.85860236091776,-453.8201864496456,0.0,-25.0,-0.0,0.0,0.048141867527827384,33.71463348579158,8.829000000000008,0.048141867527827384,-0.11436651420842736,2.422792080373975,-46.31738531221864,0.0,-0.0,-1.6499080966776678,0.0,-2.220446049250313e-16,2.422792080373975,-47.96729340889631
14.399999999999965,0.0,453.0,455.70185148488105,454.99524485477394,0.8161293786377884,T_SOFT_ACC,caténaire,,0.0,0.2594010874821714,6.987095172438742,0.042887697178078825,-0.9990798994228448,0.17032538328930313,-0.9853878748022792,29.85605995111162,-453.8711002779403,0.0,-25.0,-0.04418258965106289,0.25561068631545697,0.047935893967371836,33.641804057047054,8.829000000000008,0.0037533043163089433,0.06841474336250286,0.0,-0.0,0.04418258965106289,-0.25561068631545697,-1.650203636330174,0.0,-2.220446049250313e-16,0.04418258965106289,-1.9058143226456312
14.499999999999964,0.0,453.0,455.78530312895845,455.1910438508378,0.8345164407740095,PILOT_DESC_ADD_SLACK_ACC,caténaire,,46.390825965292485,0.0,46.390825965292485,0.03631893893317186,-0.9993402497021565,0.21221091400520864,-0.9772238883577672,29.853533519936803,-453.9220765048826,0.0,-25.0,-0.0,0.0,0.04733524883178429,33.72431560690724,8.829000000000008,0.04733524883178429,-0.10468439309276789,1.6848655752928614,-46.36021960404468,0.0,-0.0,-1.6505058343705499,0.0,0.0,1.6848655752928614,-48.01072543841523
14.599999999999964,0.0,453.0,455.8671481410847,454.9958773743849,0.8184501212627646,T_SOFT_ACC,caténaire,,0.0,0.24043244255581786,6.961452565394887,0.049500391607260746,-0.9987741042051139,0.1287633058261258,-0.9916753556848771,29.851004517930974,-453.97300312897625,0.0,-25.0,-0.030958876131337198,0.23843092798972446,0.047431632094943374,33.65871607753292,8.829000000000008,0.016472755963606176,0.06814700552263986,0.0,-0.0,0.030958876131337198,-0.23843092798972446,-1.6508022144185706,0.0,2.220446049250313e-16,0.030958876131337198,-1.8892331424082949
14.699999999999964,0.0,453.0,455.9508086519984,455.1996515202125,0.8366051091364881,PILOT_DESC_ADD_SLACK_ACC,caténaire,,46.40346207412183,0.0,46.40346207412183,0.04074654254993612,-0.9991695147822646,0.18782081849248897,-0.9822033089644993,29.848491326469176,-454.0239865143773,0.0,-25.0,-0.0,0.0,0.04684042989621961,33.733787907505814,8.829000000000008,0.04684042989621961,-0.09521209249419371,1.8907806418675523,-46.36492468481753,0.0,-0.0,-1.6511051688149092,0.0,2.220446049250313e-16,1.8907806418675523,-48.01602985363244
14.799999999999963,0.0,453.0,456.0328574394133,455.4089956596787,0.8204878741493622,T_SOFT_ACC,caténaire,,0.0,0.2239488056360109,6.937954370706877,0.034600068129541035,-0.9994012383849797,0.23086964727317036,-0.9729846894828109,29.845978695744627,-454.0749229192957,0.0,-25.0,-0.05170298176443362,0.21789875911180046,0.0468195303793521,33.67164611651868,8.829000000000008,-0.004883451385081519,0.06054487563046962,0.0,-0.0,0.05170298176443362,-0.21789875911180046,-1.651402286781201,0.0,2.220446049250313e-16,0.05170298176443362,-1.8693010458930013
14.899999999999963,0.0,453.0,456.11670134808674,455.13399288791095,0.838439086734426,PILOT_DESC_ADD_SLACK_ACC,caténaire,,46.41520395157884,0.0,46.41520395157884,0.05039517803657498,-0.9987293557469221,0.12245576298525017,-0.9924739725109673,29.843481671530203,-454.1259117755086,0.0,-25.0,-0.0,0.0,0.0462397235417535,33.741027956600135,8.829000000000008,0.0462397235417535,-0.08797204339987275,2.339102466743754,-46.356226739422326,0.0,-0.0,-1.6517059053039833,0.0,0.0,2.339102466743754,-48.00793264472631
14.999999999999963,0.0,453.0,456.19892987083233,455.3488538103275,0.8222852274557189,T_SOFT_ACC,caténaire,,0.0,0.20951972040782374,6.916250161008476,0.0411516231886041,-0.9991529131764283,0.18997490038619305,-0.9817889473931024,29.840990919283005,-454.17685586794903,0.0,-25.0,-0.03980348801341933,0.2057041457572944,0.04600772754932372,33.681810597329644,8.829000000000008,0.006204239535904384,0.058514743086931276,0.0,-0.0,0.03980348801341933,-0.2057041457572944,-1.6520036741342015,0.0,-2.220446049250313e-16,0.03980348801341933,-1.857707819891496
15.099999999999962,0.0,453.0,456.28293554130335,455.2839325995861,0.8400567047101469,PILOT_DESC_ADD_SLACK_ACC,caténaire,,46.42664538046161,0.0,46.42664538046161,0.04706762539797128,-0.9988917051609729,0.14386162767648744,-0.9895978132970341,29.83851550294499,-454.2278490235237,0.0,-25.0,-0.0,0.0,0.045442919720936885,33.74671825883915,8.829000000000008,0.045442919720936885,-0.0822817411608554,2.185191953252021,-46.3751909689931,0.0,-0.0,-1.6523078784345169,0.0,2.220446049250313e-16,2.185191953252021,-48.02749884742762
15.199999999999962,0.0,453.0,456.3653239514528,455.32256381957626,0.8238841014949023,T_SOFT_ACC,caténaire,,0.0,0.19681467982269607,6.896491197704839,0.047940338231482194,-0.9988502009662166,0.1393056220985758,-0.9902494350676141,29.836045186964213,-454.27880049292634,0.0,-25.0,-0.02741739141083269,0.19489562550743814,0.04525585110882516,33.69156589662112,8.829000000000008,0.017838459697992467,0.05746152212854838,0.0,-0.0,0.02741739141083269,-0.19489562550743814,-1.652606226254648,0.0,0.0,0.02741739141083269,-1.847501851762086
15.299999999999962,0.0,453.0,456.44947352058733,455.5579069413755,0.8414956913454121,PILOT_DESC_ADD_SLACK_ACC,caténaire,,46.439372312949686,0.0,46.439372312949686,0.03926026920064798,-0.9992290184248519,0.20786483272497008,-0.9781575595558316,29.83358995626714,-454.3297977736968,0.0,-25.0,-0.0,0.0,0.044704818065712325,33.75217849952445,8.829000000000008,0.044704818065712325,-0.07682150047556036,1.823222258515523,-46.40356841253496,0.0,-0.0,-1.6529109516458855,0.0,0.0,1.823222258515523,-48.056479364180845
15.399999999999961,0.0,453.0,456.5320073481996,455.4044841344887,0.825338276122742,T_SOFT_ACC,caténaire,,0.0,0.18554816001473987,6.878556128254253,0.0494335502069405,-0.9987774146995606,0.13148597256444639,-0.9913180312184289,29.83113599022592,-454.38075648971176,0.0,-25.0,-0.024396980277081592,0.18393723668201392,0.044658776242096666,33.701150196399745,8.829000000000008,0.020261795965015074,0.056087433081749793,0.0,-0.0,0.024396980277081592,-0.18393723668201392,-1.653209826056868,0.0,2.220446049250313e-16,0.024396980277081592,-1.8371470627388817
15.499999999999961,0.0,453.0,456.6162877930507,455.645531454433,0.8428044485104678,PILOT_DESC_ADD_SLACK_ACC,caténaire,,46.453330678622756,0.0,46.453330678622756,0.04018039231706944,-0.9991924419616306,0.20659756746085267,-0.978426003905895,29.82869691044345,-454.43175782232794,0.0,-25.0,-0.0,0.0,0.04411860113382075,33.75754208171287,8.829000000000008,0.04411860113382075,-0.07145791828713755,1.86651305110162,-46.4158169180242,0.0,-0.0,-1.6535150253798714,0.0,0.0,1.86651305110162,-48.06933194340407
15.59999999999996,0.0,453.0,456.6989568567649,455.5063050322345,0.8266906371422055,T_SOFT_ACC,caténaire,,0.0,0.17551301740257746,6.861893346522771,0.049553612685544965,-0.9987714650858879,0.13213948452288696,-0.9912311317901722,29.826259758928522,-454.48272245920197,0.0,-25.0,-0.023192199646633074,0.17397396688386504,0.04404887086984371,33.70898207946241,8.829000000000008,0.020856671223210634,0.05395604634626494,0.0,-0.0,0.023192199646633074,-0.17397396688386504,-1.6538143895126014,0.0,4.440892098500626e-16,0.023192199646633074,-1.827788356396466
15.69999999999996,0.0,453.0,456.7833590141077,455.55678609815646,0.8440215734279849,PILOT_DESC_ADD_SLACK_ACC,caténaire,,46.46704703856431,0.0,46.46704703856431,0.04955905117086165,-0.9987711952429564,0.1321326501489832,-0.9912320428459759,29.82383729037055,-454.5337271020495,0.0,-25.0,-0.0,0.0,0.04351971262885652,33.76192427704895,8.829000000000008,0.04351971262885652,-0.0670757229510599,2.302862761943044,-46.409948110117554,0.0,-0.0,-1.6541200295851783,0.0,0.0,2.302862761943044,-48.064068139702734
15.79999999999996,0.0,453.0,456.8661547645144,455.60957988689336,0.8279575040672402,T_SOFT_ACC,caténaire,,0.0,0.16652282506035207,6.846121530646525,0.04938670819859501,-0.9987797319996572,0.13312541791884036,-0.9910991994265429,29.821421598050083,-454.5846961120958,0.0,-25.0,-0.022168420679185313,0.1650406386035612,0.04327658257525899,33.71476732660945,8.829000000000008,0.021108161896073674,0.05080796521300357,0.0,-0.0,0.022168420679185313,-0.1650406386035612,-1.6544198524802327,0.0,0.0,0.022168420679185313,-1.819460491083794
15.89999999999996,0.0,453.0,456.95067093988047,455.6632863845829,0.8451617536605162,PILOT_DESC_ADD_SLACK_ACC,caténaire,,46.48010901291572,0.0,46.48010901291572,0.04906226385850866,-0.9987957219897762,0.13432993395342024,-0.990936662377606,29.81902033125714,-454.6357031996999,0.0,-25.0,-0.0,0.0,0.04276126567600383,33.765160910380324,8.829000000000008,0.04276126567600383,-0.06383908961968388,2.2804193725639177,-46.42413403971866,0.0,-0.0,-1.6547259054389016,0.0,0.0,2.2804193725639177,-48.07885994515756
15.99999999999996,0.0,453.0,457.03358563397603,455.92767352337177,0.829146940955911,T_SOFT_ACC,caténaire,,0.0,0.15843254115451003,6.83147995601846,0.039667079492054357,-0.9992129516797563,0.21862759555997688,-0.9758083697425757,29.816625861886056,-454.68667656247635,0.0,-25.0,-0.03463772553106761,0.15459979969815596,0.04251951414811358,33.72052602394819,8.829000000000008,0.00788178861704597,0.04612582364633511,0.0,-0.0,0.03463772553106761,-0.15459979969815596,-1.6550261590570419,0.0,0.0,0.03463772553106761,-1.809625958755198
16.09999999999996,0.0,453.0,457.11820885866206,455.77148600432776,0.84623224686032,PILOT_DESC_ADD_SLACK_ACC,caténaire,,46.494019604933314,0.0,46.494019604933314,0.04834484537317786,-0.9988307043367477,0.13694853207832683,-0.9905781642866915,29.814245565686356,-454.73768608324485,0.0,-25.0,-0.0,0.0,0.042017646947436975,33.768382350821426,8.829000000000008,0.042017646947436975,-0.0606176491785817,2.247746188578001,-46.4396543494421,0.0,-0.0,-1.6553325996664887,0.0,0.0,2.247746188578001,-48.09498694910859
16.19999999999996,0.0,453.0,457.2012372853857,455.82593788919513,0.8302842672359544,T_SOFT_ACC,caténaire,,0.0,0.15111351306660703,6.817792771480659,0.047947928663020896,-0.9988498366305746,0.1383210613193777,-0.9903874413558974,29.81187204300099,-454.78866349662445,0.0,-25.0,-0.020902181507072737,0.14966092556033792,0.04177885129986294,33.725885446520024,8.829000000000008,0.020876669792790202,0.046546372080356946,0.0,-0.0,0.020902181507072737,-0.14966092556033792,-1.6556332651372379,0.0,0.0,0.020902181507072737,-1.8052941906975757
16.29999999999996,0.0,453.0,457.2859628694369,455.8790107457429,0.8472558405123589,PILOT_DESC_ADD_SLACK_ACC,caténaire,,46.508353864184514,0.0,46.508353864184514,0.04778652397419462,-0.9988575714917837,0.13935520480702696,-0.9902424586398988,29.80951244659939,-454.83967528152186,0.0,-25.0,-0.0,0.0,0.04129002744334855,33.77138013109143,8.829000000000008,0.04129002744334855,-0.05761986890857429,2.22247256693118,-46.455221394859855,0.0,-0.0,-1.655940076414032,0.0,0.0,2.22247256693118,-48.11116147127389
16.399999999999963,0.0,453.0,457.36910133741327,456.16347674986844,0.8313846797634294,T_SOFT_ACC,caténaire,,0.0,0.1444796224041326,6.8049600653720494,0.03860623346767371,-0.9992545014847016,0.22979682720971603,-0.9732386234651541,29.807159594055417,-454.89065639337,0.0,-25.0,-0.033200958824927476,0.14061314882736325,0.04105434633468077,33.73077932573193,8.829000000000008,0.007853387509753292,0.04239247455928563,0.0,-0.0,0.033200958824927476,-0.14061314882736325,-1.6562411403700517,0.0,0.0,0.033200958824927476,-1.7968542891974149
16.499999999999964,0.0,453.0,457.453925958592,456.0812627824344,0.8482462117870865,PILOT_DESC_ADD_SLACK_ACC,caténaire,,46.52297526526737,0.0,46.52297526526737,0.04271496107524556,-0.9990872995391045,0.17687710858227593,-0.9842329442055747,29.804820426293556,-454.94167024544294,0.0,-25.0,-0.0,0.0,0.04057817034723191,33.77411725484754,8.829000000000008,0.04057817034723191,-0.054882745152468715,1.9872270775605079,-46.48051372430053,0.0,-0.0,-1.6565483102835887,0.0,0.0,1.9872270775605079,-48.13706203458412
16.599999999999966,0.0,453.0,457.5371718367344,456.06190199712574,0.8324587814242199,T_SOFT_ACC,caténaire,,0.0,0.1384305408281555,6.792977355117961,0.04571041787406113,-0.9989547325568756,0.15142964576588996,-0.9884680381191985,29.80248626620919,-454.99265499122953,0.0,-25.0,-0.020962487760788157,0.13683416510818647,0.04040461726871834,33.73558816334047,8.829000000000008,0.019442129507930186,0.04342232844864924,0.0,-0.0,0.020962487760788157,-0.13683416510818647,-1.6568497631970949,0.0,-2.220446049250313e-16,0.020962487760788157,-1.7936839283052814
16.699999999999967,0.0,453.0,457.62209312706256,456.3654704772633,0.8492129032817979,PILOT_DESC_ADD_SLACK_ACC,caténaire,,46.53810395311651,0.0,46.53810395311651,0.037048563495608595,-0.9993134663072004,0.24365741931840454,-0.9698613622632335,29.80016557433058,-455.043670874295,0.0,-25.0,-0.0,0.0,0.039939689658985644,33.77680657720239,8.829000000000008,0.039939689658985644,-0.05219342279761463,1.7241698992722705,-46.50615397675369,0.0,-0.0,-1.6571572831723698,0.0,0.0,1.7241698992722705,-48.163311259926054
16.79999999999997,0.0,453.0,457.7054449182993,456.6808726287045,0.8335179123675744,T_SOFT_ACC,caténaire,,0.0,0.13289997941523984,6.781878724705067,0.031008369166410116,-0.9995191249003892,0.30883431358502705,-0.9511158534860331,29.797846952472415,-455.0946594023571,0.0,-25.0,-0.041044073918169825,0.12640327734980208,0.03986847029374832,33.740593661317355,8.829000000000008,-0.0011756036244215048,0.03799693866714904,0.0,-0.0,0.041044073918169825,-0.12640327734980208,-1.6574591196221127,0.0,0.0,0.041044073918169825,-1.7838623969719147
16.89999999999997,0.0,453.0,457.79046153041236,456.20316032243426,0.850166121130817,PILOT_DESC_ADD_SLACK_ACC,caténaire,,46.553900555536316,0.0,46.553900555536316,0.04631245354580162,-0.9989270026616399,0.14712271890358827,-0.9891182465117179,29.795541620104345,-455.14567739919875,0.0,-25.0,-0.0,0.0,0.039412757139063656,33.779605630530774,8.829000000000008,0.039412757139063656,-0.04939436946923337,2.156025356854144,-46.50394834414995,0.0,-0.0,-1.657766984780001,0.0,0.0,2.156025356854144,-48.16171532892995
16.99999999999997,0.0,453.0,457.87391885700856,456.5175431923135,0.8345732659619393,T_SOFT_ACC,caténaire,,0.0,0.1278274492776632,6.771005939332479,0.03735575604856186,-0.9993020301640742,0.24619795462676766,-0.9692195660105072,29.79324290778655,-455.1966680428987,0.0,-25.0,-0.03147085655731757,0.12389286491312686,0.03918672482100752,33.743393677765035,8.829000000000008,0.007715868263689946,0.03828654267815068,0.0,-0.0,0.03147085655731757,-0.12389286491312686,-1.6580692033981146,0.0,0.0,0.03147085655731757,-1.7819620683112414
17.099999999999973,0.0,453.0,457.95903045094514,456.3086763947915,0.8511159393657454,PILOT_DESC_ADD_SLACK_ACC,caténaire,,46.56837351858938,0.0,46.56837351858938,0.04578696367894414,-0.9989512270161457,0.14808314953984622,-0.9889749141522041,29.79095725771036,-455.24768722203936,0.0,-25.0,-0.0,0.0,0.03874263954412306,33.78117127635189,8.829000000000008,0.03874263954412306,-0.04782872364811652,2.132224426883156,-46.519533866541046,0.0,-0.0,-1.6583774125075363,0.0,0.0,2.132224426883156,-48.17791127904858
17.199999999999974,0.0,453.0,458.0425913523863,456.63205229003836,0.8356090144115381,T_SOFT_ACC,caténaire,,0.0,0.12316048668678338,6.760748686588559,0.03692318585560018,-0.9993181066838892,0.2504139537564022,-0.9681388597531277,29.78867821215026,-455.2986802047077,0.0,-25.0,-0.03084110441780016,0.11923645314758273,0.038519064899763825,33.746489404176174,8.829000000000008,0.0076779604819636645,0.03672585732375211,0.0,-0.0,0.03084110441780016,-0.11923645314758273,-1.6586800061945355,0.0,2.220446049250313e-16,0.03084110441780016,-1.777916459342118
17.299999999999976,0.0,453.0,458.12779616368334,456.41598953473243,0.8520481129703843,PILOT_DESC_ADD_SLACK_ACC,caténaire,,46.58348924995737,0.0,46.58348924995737,0.04529878429980121,-0.9989734832021119,0.1499665303222293,-0.988691073987781,29.786412006278457,-455.349700690908,0.0,-25.0,-0.0,0.0,0.03808627001993578,33.78290217720972,8.829000000000008,0.03808627001993578,-0.04609782279028707,2.1101754314659273,-46.53567051573805,0.0,-0.0,-1.658988552865955,0.0,0.0,2.1101754314659273,-48.194659068604004
17.399999999999977,0.0,453.0,458.2114598554131,456.74881704051694,0.836636917297813,T_SOFT_ACC,caténaire,,0.0,0.11885478335288782,6.751020032362621,0.036519931204370644,-0.9993329248177646,0.255198886967839,-0.9668885810114712,29.78415233917971,-455.4006959538246,0.0,-25.0,-0.03033160842246061,0.11491933282249954,0.03786680346537712,33.749507548671495,8.829000000000008,0.007535195042916512,0.03542688149398998,0.0,-0.0,0.03033160842246061,-0.11491933282249954,-1.6592915187807769,0.0,-2.220446049250313e-16,0.03033160842246061,-1.7742108516032766
17.49999999999998,0.0,453.0,458.29675717796994,456.5221853780293,0.8529732255680317,PILOT_DESC_ADD_SLACK_ACC,caténaire,,46.59890424875226,0.0,46.59890424875226,0.044997406355309716,-0.9989871037312219,0.15162561161028779,-0.9884379969951612,29.781905294348782,-455.45171771422497,0.0,-25.0,-0.0,0.0,0.037444944861805315,33.78458960583478,8.829000000000008,0.037444944861805315,-0.04441039416522585,2.096829830193274,-46.551704392509556,0.0,-0.0,-1.659600400457237,0.0,0.0,2.096829830193274,-48.21130479296679
17.59999999999998,0.0,453.0,458.380523398582,456.57690444296645,0.8376622061206318,T_SOFT_ACC,caténaire,,0.0,0.11486959719008424,6.741762223019545,0.04462408034102947,-0.9990038495690182,0.15271350950921075,-0.9882705014384372,29.779664724023068,-455.5027151178954,0.0,-25.0,-0.01754213932280714,0.11352223441507585,0.03722947233123717,33.75234118060734,8.829000000000008,0.01968733300843003,0.03686341502240964,0.0,-0.0,0.01754213932280714,-0.11352223441507585,-1.6599037376532682,0.0,2.220446049250313e-16,0.01754213932280714,-1.7734259720683438
17.69999999999998,0.0,453.0,458.4659129971329,456.6296574864705,0.8538959855085686,PILOT_DESC_ADD_SLACK_ACC,caténaire,,46.614495256255495,0.0,46.614495256255495,0.044517519077271174,-0.999008603814404,0.15341874240231324,-0.9881612669396088,29.777436563521466,-455.5537380745056,0.0,-25.0,-0.0,0.0,0.036818209422184875,33.786173789988986,8.829000000000008,0.036818209422184875,-0.042826210011021715,2.0751616818477205,-46.568281823464964,0.0,-0.0,-1.660212953482816,0.0,-2.220446049250313e-16,2.0751616818477205,-48.228494776947784
17.799999999999983,0.0,453.0,458.54978175489896,456.683172437267,0.8386875776609054,T_SOFT_ACC,caténaire,,0.0,0.11117108392411237,6.732933270769226,0.044319294166470666,-0.9990174173479589,0.15427425583424256,-0.9880280633599384,29.77521480137329,-455.6047374699569,0.0,-25.0,-0.017150836242678564,0.10984015075116593,0.03660705975133508,33.75497772977236,8.829000000000008,0.019456223508656518,0.035817880523516976,0.0,-0.0,0.017150836242678564,-0.10984015075116593,-1.66051666199001,0.0,-2.220446049250313e-16,0.017150836242678564,-1.7703568127411762
17.899999999999984,0.0,453.0,458.63526363688845,457.0390641346945,0.8548188198948149,PILOT_DESC_ADD_SLACK_ACC,caténaire,,46.63022620263319,0.0,46.63022620263319,0.03569222782508384,-0.9993628294432821,0.26657962675754426,-0.9638128981279553,29.773005241578367,-455.65576153949826,0.0,-25.0,-0.0,0.0,0.036206057678142396,33.7876477185159,8.829000000000008,0.036206057678142396,-0.041352281484108744,1.664336657159578,-46.60051479544378,0.0,-0.0,-1.6608262119996047,0.0,0.0,1.664336657159578,-48.261341007443384
17.999999999999986,0.0,453.0,458.71923511343226,457.4185980729442,0.8397147654382483,T_SOFT_ACC,caténaire,,0.0,0.10773456905436933,6.724819727789735,0.02968835775297693,-0.9995592035562132,0.3449949322543727,-0.9386045475698489,29.770797871820648,-455.70676367709194,0.0,-25.0,-0.037167880352366185,0.10112015644490897,0.03613432092994739,33.75860771176484,8.829000000000008,-0.0010335594224187977,0.030727868209737608,0.0,-0.0,0.037167880352366185,-0.10112015644490897,-1.6611302924756637,0.0,-2.220446049250313e-16,0.037167880352366185,-1.7622504489205728
18.099999999999987,0.0,453.0,458.8048094423217,456.84469228728716,0.8557432888944234,PILOT_DESC_ADD_SLACK_ACC,caténaire,,46.647027057631746,0.0,46.647027057631746,0.043575993973105506,-0.9990501152340936,0.15677271315780136,-0.987634707981216,29.768602546836572,-455.75778927878173,0.0,-25.0,-0.0,0.0,0.035741054442798556,33.78967689684963,8.829000000000008,0.035741054442798556,-0.039323103150380234,2.0326905699266504,-46.60271775725488,0.0,-0.0,-1.6614401772572371,0.0,2.220446049250313e-16,2.0326905699266504,-48.26415793451211
18.19999999999999,0.0,453.0,458.88888512214425,457.2144062276158,0.8407567982253779,T_SOFT_ACC,caténaire,,0.0,0.104529772885477,6.7166640199233525,0.03509518461378362,-0.9993839742646088,0.2732312482948965,-0.9619483795688898,29.766413505590414,-455.808792520706,0.0,-25.0,-0.028560800329480905,0.10055224564388868,0.03553674209785759,33.760069653094014,8.829000000000008,0.006975941768376688,0.031621898737896004,0.0,-0.0,0.028560800329480905,-0.10055224564388868,-1.661744635077889,0.0,2.220446049250313e-16,0.028560800329480905,-1.7622968807217776
18.29999999999999,0.0,453.0,458.9745532339845,456.9535911959523,0.8566811184028401,PILOT_DESC_ADD_SLACK_ACC,caténaire,,46.66231663842289,0.0,46.66231663842289,0.04294921819216419,-0.9990772566006504,0.15853888844947897,-0.9873527337528386,29.764236309924957,-455.85981873941256,0.0,-25.0,-0.0,0.0,0.03515318204151134,33.790494091474564,8.829000000000008,0.03515318204151134,-0.038505908525444,2.004110018655478,-46.61925929374642,0.0,-0.0,-1.6620548594695952,0.0,2.220446049250313e-16,2.004110018655478,-48.28131415321601
18.39999999999999,0.0,453.0,459.0587324304388,457.00758651408006,0.8417919645428422,T_SOFT_ACC,caténaire,,0.0,0.10153730004943677,6.708900772393734,0.042704562346756035,-0.9990877440719469,0.15934269601164064,-0.9872233309782249,29.76206530797551,-455.9108233908363,0.0,-25.0,-0.016179227135620148,0.10023999157334045,0.034953458028707016,33.76193563087046,8.829000000000008,0.018774230893086868,0.03317562244379246,0.0,-0.0,0.016179227135620148,-0.10023999157334045,-1.6623596921483292,0.0,-2.220446049250313e-16,0.016179227135620148,-1.76259968372167
18.499999999999993,0.0,453.0,459.14449370724765,457.390780043458,0.857612768088558,PILOT_DESC_ADD_SLACK_ACC,caténaire,,46.67815670379992,0.0,46.67815670379992,0.03441509097606762,-0.9994076253026635,0.27973168477944604,-0.9600782179231296,29.75990595717874,-455.9618503970498,0.0,-25.0,-0.0,0.0,0.0345792941238015,33.79153710243907,8.829000000000008,0.0345792941238015,-0.03746289756093546,1.6064330095564148,-46.65050574485028,0.0,-0.0,-1.6626702539123097,0.0,-2.220446049250313e-16,1.6064330095564148,-48.31317599876259
18.599999999999994,0.0,453.0,459.2287765522554,457.11726310940065,0.8428284500772012,T_SOFT_ACC,caténaire,,0.0,0.0987353260626782,6.701796355385058,0.04202010222554053,-0.999116765452845,0.161089585653011,-0.9869397881300263,29.75774866508001,-456.01285739631237,0.0,-25.0,-0.01590523276475177,0.09744582178524867,0.034513390621685576,33.76504395164571,8.829000000000008,0.018608157856933805,0.03348977343095072,0.0,-0.0,0.01590523276475177,-0.09744582178524867,-1.6629754619268455,0.0,2.220446049250313e-16,0.01590523276475177,-1.760421283712094
18.699999999999996,0.0,453.0,459.31463111276236,457.17113135206176,0.8585456050694811,PILOT_DESC_ADD_SLACK_ACC,caténaire,,46.69520677191364,0.0,46.69520677191364,0.04179041716635698,-0.9991263989271135,0.16176733473852556,-0.9868289261121168,29.75560287744482,-456.06388571425776,0.0,-25.0,-0.0,0.0,0.034146264330664707,33.793274457259784,8.829000000000008,0.034146264330664707,-0.03572554274022366,1.9514121706675684,-46.65441378917904,0.0,-0.0,-1.6632863614930475,0.0,0.0,1.9514121706675684,-48.31770015067209
18.799999999999997,0.0,453.0,459.3990192256835,457.567754117219,0.8438811292114534,T_SOFT_ACC,caténaire,,0.0,0.09611021705328239,6.694574978760992,0.03370958218679525,-0.9994316705352057,0.28607732725749463,-0.9582065345368964,29.753463147847558,-456.11489346242547,0.0,-25.0,-0.027494954016740708,0.09209343801621464,0.03395373142949436,33.7660354626112,8.829000000000008,0.00645877741275365,0.029128900627405585,0.0,-0.0,0.027494954016740708,-0.09209343801621464,-1.6635919507074686,0.0,0.0,0.027494954016740708,-1.7556853887236832
18.9,0.0,453.0,459.48496852731256,457.28030544614046,0.859493016290308,PILOT_DESC_ADD_SLACK_ACC,caténaire,,46.710733709721985,0.0,46.710733709721985,0.04119842433617649,-0.9991509845024505,0.16331185187818004,-0.986574497458818,29.75133473616077,-456.1659221987723,0.0,-25.0,-0.0,0.0,0.03359549086346864,33.793828628483965,8.829000000000008,0.03359549086346864,-0.03517137151604288,1.9244086284272697,-46.67107557290053,0.0,-0.0,-1.6639031933535675,0.0,0.0,1.9244086284272697,-48.334978766254096
19.0,0.0,453.0,459.5694613159158,457.33440245548246,0.8449278860328021,T_SOFT_ACC,caténaire,,0.0,0.09364170773790277,6.687678242433375,0.04096474607622112,-0.9991605924869689,0.16400243478011442,-0.9864599339994475,29.749212290991764,-456.21693105227996,0.0,-25.0,-0.015357468065983934,0.09237379283472712,0.033407400242202984,33.76749890115156,8.829000000000008,0.01804993217621905,0.03087269398628223,0.0,-0.0,0.015357468065983934,-0.09237379283472712,-1.6642091616232653,0.0,2.220446049250313e-16,0.015357468065983934,-1.756582954457992
19.1,0.0,453.0,459.6555048256588,457.39145436830364,0.8604350974295218,PILOT_DESC_ADD_SLACK_ACC,caténaire,,46.72681530281582,0.0,46.72681530281582,0.04042719680920164,-0.9991824867150896,0.16505502569831892,-0.9862843598535501,29.747100981622836,-456.2679604061539,0.0,-25.0,-0.0,0.0,0.033057763695811704,33.79464654926609,8.829000000000008,0.033057763695811704,-0.03435345073391716,1.8890341585141504,-46.68861551054422,0.0,-0.0,-1.6645207454191129,0.0,0.0,1.8890341585141504,-48.35313625596333
19.200000000000003,0.0,453.0,459.740102503556,457.80551933959623,0.8459767789717675,T_SOFT_ACC,caténaire,,0.0,0.09131928133611267,6.681050343172481,0.03267564966038819,-0.999466008386114,0.2943515408962312,-0.955697216890378,29.744995539496983,-456.3189704253942,0.0,-25.0,-0.026879971174821212,0.08727358302135231,0.032874286620053594,33.76904233221547,8.829000000000008,0.005994315445232382,0.027315915236812316,0.0,-0.0,0.026879971174821212,-0.08727358302135231,-1.6648270935176255,0.0,-4.440892098500626e-16,0.026879971174821212,-1.7521006765389782
19.300000000000004,0.0,453.0,459.82624041366347,457.49972389316076,0.8613791010745907,PILOT_DESC_ADD_SLACK_ACC,caténaire,,46.743120135414394,0.0,46.743120135414394,0.03996987636103588,-0.9992008851996096,0.1662937622490232,-0.9860762570090943,29.742901055466668,-456.3700004305237,0.0,-25.0,-0.0,0.0,0.03253297862768776,33.795509154425105,8.829000000000008,0.03253297862768776,-0.033490845574903005,1.8683167325415602,-46.705767016297756,0.0,-0.0,-1.6651390191594062,0.0,-2.220446049250313e-16,1.8683167325415602,-48.37090603545716
19.400000000000006,0.0,453.0,459.91094343292946,457.92220380833476,0.8470301926598116,T_SOFT_ACC,caténaire,,0.0,0.08913096489512054,6.674664382241579,0.03231658012962899,-0.999477682916795,0.29813470599643044,-0.9545238064503273,29.740812353820274,-456.4210115833434,0.0,-25.0,-0.026573034014184923,0.08507762788428096,0.0323535945936555,33.77054322624494,8.829000000000008,0.005780560579470576,0.026620854129213,0.0,-0.0,0.026573034014184923,-0.08507762788428096,-1.6654457487238035,0.0,-2.220446049250313e-16,0.026573034014184923,-1.7505233766080845
19.500000000000007,0.0,453.0,459.99717615026884,457.612247681949,0.8623271733938305,PILOT_DESC_ADD_SLACK_ACC,caténaire,,46.75954201277121,0.0,46.75954201277121,0.039136666920998264,-0.9992338671714021,0.16803941701790376,-0.9857802769016446,29.738734436705414,-456.4720422217543,0.0,-25.0,-0.0,0.0,0.03202035640067856,33.79634796287508,8.829000000000008,0.03202035640067856,-0.032652037124925926,1.8300126211322518,-46.72371799258502,0.0,-0.0,-1.6657580176848805,0.0,0.0,1.8300126211322518,-48.3894760102699
19.60000000000001,0.0,453.0,460.08198502339025,457.6641315267219,0.8480887312140876,T_SOFT_ACC,caténaire,,0.0,0.08706576185568643,6.668501159091896,0.039128827055469065,-0.9992341742020551,0.16828538683809705,-0.9857383164799632,29.736662200537562,-456.5230544563285,0.0,-25.0,-0.014651895414237824,0.08582405751466975,0.03184551084537075,33.77197553363447,8.829000000000008,0.01719361543113293,0.028799591149130777,0.0,-0.0,0.014651895414237824,-0.08582405751466975,-1.6660651305709966,0.0,0.0,0.014651895414237824,-1.7518891880856664
19.70000000000001,0.0,453.0,460.1683130091995,458.09897382691474,0.8632798580926788,PILOT_DESC_ADD_SLACK_ACC,caténaire,,46.776045718153,0.0,46.776045718153,0.031673594857378404,-0.9994982658258146,0.30378113654175454,-0.952741843880807,29.73460057953999,-456.5740856990582,0.0,-25.0,-0.0,0.0,0.03152008491668558,33.79714841877976,8.829000000000008,0.03152008491668558,-0.031851581220244896,1.481565521106988,-46.75257657748294,0.0,-0.0,-1.6663777445216212,0.0,0.0,1.481565521106988,-48.41895432200456
19.80000000000001,0.0,453.0,460.2532282535755,458.56560882907513,0.8491524437603234,T_SOFT_ACC,caténaire,,0.0,0.08511278941954871,6.66289233637735,0.02649281453479221,-0.9996490037898428,0.39709183878252874,-0.9177788794542563,29.73254064892536,-456.6250999085834,0.0,-25.0,-0.03379759405451875,0.0781147205006995,0.031468417640598705,33.77459056470048,8.829000000000008,-0.0023291764139200463,0.02370528520117432,0.0,-0.0,0.03379759405451875,-0.0781147205006995,-1.6666852426030805,0.0,0.0,0.03379759405451875,-1.74479996310378
19.900000000000013,0.0,453.0,460.3396519735139,458.98630541173645,0.864237199384291,PILOT_DESC_ADD_SLACK_ACC,caténaire,,46.793640297693614,0.0,46.793640297693614,0.022887142491580286,-0.9997380550467059,0.46185307482743776,-0.8869564460966735,29.73049120778328,-456.6761322545871,0.0,-25.0,-0.0,0.0,0.031148749905826566,33.798609794879034,8.829000000000008,0.031148749905826566,-0.030390205120973235,1.070972713193067,-46.78138293977137,0.0,-0.0,-1.6669982032295139,0.0,2.220446049250313e-16,1.070972713193067,-48.44838114300088
20.000000000000014,0.0,453.0,460.42467537183063,457.88085543112913,0.850233983167032,T_SOFT_ACC,caténaire,,0.0,0.08326197078250017,6.658059184014093,0.038276514653629135,-0.9992671857045895,0.17029562407948706,-0.9853930182517928,29.728439046356634,-456.72714956688014,0.0,-25.0,-0.014179149276493884,0.08204576469496043,0.03123149411987064,33.77869914147473,8.829000000000008,0.017052344843376754,0.03174490616968484,0.0,-0.0,0.014179149276493884,-0.08204576469496043,-1.6673060929618426,0.0,0.0,0.014179149276493884,-1.749351857656803
20.100000000000016,0.0,453.0,460.5111964303157,457.93766406082676,0.8652105848503289,PILOT_DESC_ADD_SLACK_ACC,caténaire,,46.81256791000912,0.0,46.81256791000912,0.03785421026577508,-0.9992832725334467,0.17108470474419624,-0.9852563239089568,29.72639729542803,-456.778183646126,0.0,-25.0,-0.0,0.0,0.03091542667266422,33.80090567879319,8.829000000000008,0.03091542667266422,-0.02809432120681521,1.7720527887463604,-46.779016056808125,0.0,-0.0,-1.6676194060740586,0.0,0.0,1.7720527887463604,-48.446635462882185
20.200000000000017,0.0,453.0,460.59633109283976,458.39264025268164,0.85134662524041,T_SOFT_ACC,caténaire,,0.0,0.08150810976252273,6.652200958901504,0.030696323378199834,-0.999528756830468,0.31269335803804743,-0.9498541276632374,29.72436110135842,-456.8291997453512,0.0,-25.0,-0.02548704454897699,0.07742081449596043,0.03074737592009151,33.777092809648565,8.829000000000008,0.005260331371114521,0.025513624144515745,0.0,-0.0,0.02548704454897699,-0.07742081449596043,-1.6679276987202638,0.0,-2.220446049250313e-16,0.02548704454897699,-1.7453485132162245
20.30000000000002,0.0,453.0,460.6829522891114,458.8823749685997,0.866211962716369,PILOT_DESC_ADD_SLACK_ACC,caténaire,,46.82697291949236,0.0,46.82697291949236,0.025724048529699017,-0.9996690819102296,0.4098146420884723,-0.9121688216168636,29.722335156414115,-456.8802331469732,0.0,-25.0,-0.0,0.0,0.03043862283506946,33.80000807662807,8.829000000000008,0.03043862283506946,-0.02899192337194023,1.2045793238799232,-46.811477027064115,0.0,-0.0,-1.6682413744549687,0.0,2.220446049250313e-16,1.2045793238799232,-48.47971840151909
20.40000000000002,0.0,453.0,460.7681950819053,459.32425469736194,0.8524279279383866,T_SOFT_ACC,caténaire,,0.0,0.07984448994479607,6.647430289258239,0.02226428835406727,-0.9997521200097987,0.4770328198092668,-0.8788854810638411,29.720308223271807,-456.9312514295175,0.0,-25.0,-0.03808844218459872,0.07017416295542911,0.030468324256452562,33.77998396563344,8.829000000000008,-0.007620117928146156,0.021158128588865566,0.0,-0.0,0.03808844218459872,-0.07017416295542911,-1.668550058666325,0.0,-2.220446049250313e-16,0.03808844218459872,-1.7387242216217544
20.50000000000002,0.0,453.0,460.85491359541976,458.15640365859844,0.867185135144548,PILOT_DESC_ADD_SLACK_ACC,caténaire,,46.845137211094645,0.0,46.845137211094645,0.036916096158892076,-0.9993183686115189,0.17292264698718215,-0.9849354081151446,29.718291446237586,-456.9822860507399,0.0,-25.0,-0.0,0.0,0.030163761316330775,33.801623606703984,8.829000000000008,0.030163761316330775,-0.027376393296023593,1.7293395898612633,-46.81320609517386,0.0,-0.0,-1.6688640868096654,0.0,0.0,1.7293395898612633,-48.482070181983524
20.600000000000023,0.0,453.0,460.9402666790966,458.2117612523927,0.8535308367687763,T_SOFT_ACC,caténaire,,0.0,0.07825991059635759,6.641979358288518,0.03664588627790944,-0.9993283139283639,0.1734367480213873,-0.9848450103624254,29.71628012148362,-457.0333035835383,0.0,-25.0,-0.01357314439427677,0.07707388246223228,0.03000088860401966,33.77899113653633,8.829000000000008,0.01642774420974289,0.02706501899854885,0.0,-0.0,0.01357314439427677,-0.07707388246223228,-1.6691731704102626,0.0,0.0,0.01357314439427677,-1.746247052872495
20.700000000000024,0.0,453.0,461.02708445440584,458.68578828407243,0.8681777530918986,PILOT_DESC_ADD_SLACK_ACC,caténaire,,46.86024741247768,0.0,46.86024741247768,0.029772871236701238,-0.9995566898071978,0.32097862638219543,-0.9470864381912556,29.714278797025855,-457.0843377859579,0.0,-25.0,-0.0,0.0,0.029703301724214832,33.80106883989579,8.829000000000008,0.029703301724214832,-0.0279311601042167,1.3951641123316605,-46.8394737871625,0.0,-0.0,-1.6694875580039195,0.0,-2.220446049250313e-16,1.3951641123316605,-48.50896134516642
20.800000000000026,0.0,453.0,461.1125457614497,459.19842088382137,0.8546130704386797,T_SOFT_ACC,caténaire,,0.0,0.07675534366177071,6.63718495389524,0.02499945935820802,-0.9996874646767345,0.4218765730881444,-0.9066532728002494,29.712279000415798,-457.13535659246423,0.0,-25.0,-0.032381281350230655,0.0695904835358523,0.029657966947527713,33.78067781568067,8.829000000000008,-0.0027233144027029414,0.02126829921651563,0.0,-0.0,0.032381281350230655,-0.0695904835358523,-1.6697970335067942,0.0,2.220446049250313e-16,0.032381281350230655,-1.7393875170426463
20.900000000000027,0.0,453.0,461.1994609377892,459.66096317391396,0.8691517633948118,PILOT_DESC_ADD_SLACK_ACC,caténaire,,46.877630666111486,0.0,46.877630666111486,0.021679478132286916,-0.9997649724949916,0.49141064751332764,-0.8709279967428606,29.71028908979472,-457.1863915063653,0.0,-25.0,-0.0,0.0,0.0293654635795593,33.80201130592434,8.829000000000008,0.0293654635795593,-0.026988694075669173,1.0162825689193864,-46.866613133535324,0.0,-0.0,-1.6701117738125013,0.0,-2.220446049250313e-16,1.0162825689193864,-48.536724907347825
21.00000000000003,0.0,453.0,461.28503163482736,458.4321820375579,0.8557069703817242,T_SOFT_ACC,caténaire,,0.0,0.07532138744944662,6.6331941511081,0.03566892610879003,-0.9993636613917106,0.1750339419608084,-0.9845623998313465,29.70829639486369,-457.2374131337052,0.0,-25.0,-0.013183799359234003,0.07415860598585383,0.029447698181727554,33.78441339135566,8.829000000000008,0.01626389882249355,0.029571997341506062,0.0,-0.0,0.013183799359234003,-0.07415860598585383,-1.6704216454422869,0.0,0.0,0.013183799359234003,-1.7445802514281408
21.10000000000003,0.0,453.0,461.3720075066353,458.48486171468204,0.8697587180796277,PILOT_DESC_ADD_SLACK_ACC,caténaire,,46.89676863642733,0.0,46.89676863642733,0.035592564752839714,-0.9993663839324969,0.17504520140443144,-0.9845603980789001,29.706313515832058,-457.288449623248,0.0,-25.0,-0.0,0.0,0.02915829742833487,33.804098531265474,8.829000000000008,0.02915829742833487,-0.024901468734533694,1.6691762743909824,-46.86705409030532,0.0,-0.0,-1.6707366055405675,0.0,-2.220446049250313e-16,1.6691762743909824,-48.537790695845885
21.20000000000003,0.0,453.0,461.457656752058,458.97710488342454,0.8564924542270066,T_SOFT_ACC,caténaire,,0.0,0.07395381813368325,6.628094084082445,0.028963026872665366,-0.9995804835401567,0.32856888739721923,-0.9444800083826833,29.70433596135042,-457.33946969379537,0.0,-25.0,-0.024298923742960603,0.0698479027708326,0.029001912333697706,33.78235173534817,8.829000000000008,0.004702988590737103,0.023199638118995836,0.0,-0.0,0.024298923742960603,-0.0698479027708326,-1.6710467616125366,0.0,0.0,0.024298923742960603,-1.7408946643833692
21.300000000000033,0.0,453.0,461.54461120850704,459.51212022841486,0.8695445644903164,PILOT_DESC_ADD_SLACK_ACC,caténaire,,46.91127585992827,0.0,46.91127585992827,0.024360239937964854,-0.9997032453234133,0.43314272927743863,-0.9013253441871538,29.702368074172895,-457.39050531376427,0.0,-25.0,-0.0,0.0,0.02871905286074779,33.80294661380533,8.829000000000008,0.02871905286074779,-0.026053386194675454,1.1427699357439112,-46.89735471943218,0.0,-0.0,-1.6713616441607633,0.0,2.220446049250313e-16,1.1427699357439112,-48.56871636359294
21.400000000000034,0.0,453.0,461.6302593141361,459.9956587987832,0.8564810562903881,T_SOFT_ACC,caténaire,,0.0,0.07265111959620985,6.624077487559897,0.021159616116343247,-0.9997761102595966,0.5050110243113026,-0.8631128925720256,29.700399082493433,-457.44152739937834,0.0,-25.0,-0.03668961632464488,0.06270611798328085,0.02875129978178583,33.785020294485385,8.829000000000008,-0.00793831654285905,0.018726412468659248,0.0,-0.0,0.03668961632464488,-0.06270611798328085,-1.6716717961052712,0.0,0.0,0.03668961632464488,-1.734377914088552
21.500000000000036,0.0,453.0,461.7171207100511,460.40173030445476,0.8686139591502953,PILOT_DESC_ADD_SLACK_ACC,caténaire,,46.92969008841185,0.0,46.92969008841185,0.01892921919409006,-0.9998208262787398,0.5549667794512736,-0.8318725104879241,29.698439674580566,-457.4925641448943,0.0,-25.0,-0.0,0.0,0.028472095800555198,33.80443762052606,8.829000000000008,0.028472095800555198,-0.02456237947394868,0.8883423903942638,-46.921281521201124,0.0,-0.0,-1.6719863416594059,0.0,-2.220446049250313e-16,0.8883423903942638,-48.59326786286053
21.600000000000037,0.0,453.0,461.8027080789852,460.7327158700653,0.8558736893404139,T_SOFT_ACC,caténaire,,0.0,0.0714094413577674,6.620663515562104,0.017369977660232693,-0.999849130557247,0.5902272822984891,-0.8072371121489271,29.69647631771308,-457.5435889323807,0.0,-25.0,-0.04214780050304838,0.05764435122181232,0.02858697572236374,33.78859855781676,8.829000000000008,-0.013560824780684641,0.017242909038564846,0.0,-0.0,0.04214780050304838,-0.05764435122181232,-1.6722962736620495,0.0,-2.220446049250313e-16,0.04214780050304838,-1.729940624883862
21.70000000000004,0.0,453.0,461.88942302575487,460.9999993105423,0.8671494676970949,PILOT_DESC_ADD_SLACK_ACC,caténaire,,46.948892561373285,0.0,46.948892561373285,0.016275772119480225,-0.999867540848244,0.61549669593742,-0.7881394656341726,29.694522489837507,-457.5946271870145,0.0,-25.0,-0.0,0.0,0.028310160012433506,33.80643679323899,8.829000000000008,0.028310160012433506,-0.022563206761020638,0.7641294765908718,-46.94267375088872,0.0,-0.0,-1.6726102888893681,0.0,4.440892098500626e-16,0.7641294765908718,-48.61528403977809
21.80000000000004,0.0,453.0,461.9749025935493,461.2173214376877,0.8547956779445515,T_SOFT_ACC,caténaire,,0.0,0.07023027366893188,6.617539389723893,0.015503559581251108,-0.9998798125976495,0.6339817618337469,-0.7733479977747263,29.69256344792171,-457.645654202519,0.0,-25.0,-0.04452471263469564,0.05431244152503955,0.028461460209715222,33.79154940796988,8.829000000000008,-0.016063252424980416,0.01686184949491576,0.0,-0.0,0.04452471263469564,-0.05431244152503955,-1.6729198305187178,0.0,0.0,0.04452471263469564,-1.7272322720437574
21.90000000000004,0.0,453.0,462.0614291125545,461.3964956606954,0.8652651900516347,PILOT_DESC_ADD_SLACK_ACC,caténaire,,46.96762165527937,0.0,46.96762165527937,0.01495484915114614,-0.9998881699904578,0.6477764083293697,-0.7618305092419847,29.690613893159316,-457.6966937015541,0.0,-25.0,-0.0,0.0,0.02818646412998554,33.808085332697075,8.829000000000008,0.02818646412998554,-0.020914667302932344,0.7023936968428078,-46.96236926570149,0.0,-0.0,-1.6732331634047617,0.0,2.220446049250313e-16,0.7023936968428078,-48.63560242910625
22.000000000000043,0.0,453.0,462.14676250672824,461.54770773615905,0.8533339417374635,T_SOFT_ACC,caténaire,,0.0,0.06910636068804658,6.614574193121005,0.014560967313713764,-0.9998939834956949,0.6583628310482489,-0.7527007258493478,29.68865856937739,-457.7477223376257,0.0,-25.0,-0.045497059266023765,0.0520164078506995,0.028353526739455258,33.79369581384624,8.829000000000008,-0.017143532526568507,0.016712221696934648,0.0,-0.0,0.045497059266023765,-0.0520164078506995,-1.6735421757050346,0.0,2.220446049250313e-16,0.045497059266023765,-1.7255585835557339
22.100000000000044,0.0,453.0,462.23306654565766,461.67822828171734,0.8630403892941655,PILOT_DESC_ADD_SLACK_ACC,caténaire,,46.98571887027264,0.0,46.98571887027264,0.014274892908755025,-0.9998981085252854,0.666687058244969,-0.7453377532157279,29.686712696771046,-457.79876274175933,0.0,-25.0,-0.0,0.0,0.028080092204132035,33.80928440082399,8.829000000000008,0.028080092204132035,-0.01971559917601695,0.6707161051140121,-46.98093142608642,0.0,-0.0,-1.6738547029383721,0.0,0.0,0.6707161051140121,-48.65478612902479
22.200000000000045,0.0,453.0,462.318222329282,461.7940971755972,0.851557836243157,T_SOFT_ACC,caténaire,,0.0,0.06803760976530492,6.611727299472081,0.014063495780282827,-0.9999011041530247,0.6734640370863492,-0.7392199880626583,29.684760826753244,-457.8497925485692,0.0,-25.0,-0.04582088334624786,0.0502947610785205,0.028253451336375225,33.79524647366846,8.829000000000008,-0.01756743200987264,0.016541234746974,0.0,-0.0,0.04582088334624786,-0.0502947610785205,-1.6741630720690515,0.0,2.220446049250313e-16,0.04582088334624786,-1.7244578331475717
22.300000000000047,0.0,453.0,462.4042761620335,461.8991732005345,0.8605383275153902,PILOT_DESC_ADD_SLACK_ACC,caténaire,,47.00334291764389,0.0,47.00334291764389,0.013904317546135804,-0.999903330304273,0.6791252368011673,-0.7340224197800491,29.682818374552554,-457.90083360655456,0.0,-25.0,-0.0,0.0,0.027981462013397282,33.81015063221574,8.829000000000008,0.027981462013397282,-0.018849367784270044,0.6535494056568341,-46.99879911878589,0.0,-0.0,-1.6744746932469423,0.0,0.0,0.6535494056568341,-48.67327381203283
22.40000000000005,0.0,453.0,462.489228790157,461.99674056551305,0.8495262812343998,T_SOFT_ACC,caténaire,,0.0,0.06702144252912969,6.608987957007326,0.013781396549047817,-0.9999050320451227,0.6840207601075786,-0.7294625416989214,29.680869847482544,-457.95186430062256,0.0,-25.0,-0.04584405806228169,0.04888963181562713,0.028156755418822035,33.796421683592335,8.829000000000008,-0.017687302643459652,0.01631131540795394,0.0,-0.0,0.04584405806228169,-0.04888963181562713,-1.674782326703748,0.0,-2.220446049250313e-16,0.04584405806228169,-1.7236719585193754
22.50000000000005,0.0,453.0,462.57501006194593,462.0887369397724,0.8578127178894865,PILOT_DESC_ADD_SLACK_ACC,caténaire,,47.02066755495706,0.0,47.02066755495706,0.013683950814213607,-0.9999063703618025,0.6883505178219831,-0.7253782217672432,29.678930705997672,-458.0029058541294,0.0,-25.0,-0.0,0.0,0.027886160082973233,33.81080711300752,8.829000000000008,0.027886160082973233,-0.018192886992487445,0.643428502073522,-47.01626502686608,0.0,-0.0,-1.6750929608742564,0.0,-2.220446049250313e-16,0.643428502073522,-48.69135798774034
22.60000000000005,0.0,453.0,462.6597390409997,462.17695884087277,0.8472897905375011,T_SOFT_ACC,caténaire,,0.0,0.06605113676928584,6.606346416373835,0.013604221495577289,-0.9999074582967663,0.6922954291545667,-0.7216141896967481,29.676985481813173,-458.0539372666381,0.0,-25.0,-0.04572690007583972,0.04766343753831728,0.02806138110096334,33.79737330289751,8.829000000000008,-0.017665518974876376,0.016036740435822594,0.0,-0.0,0.04572690007583972,-0.04766343753831728,-1.6753997844451536,0.0,2.220446049250313e-16,0.04572690007583972,-1.7230632219834707
22.700000000000053,0.0,453.0,462.7452299984303,462.2622429007202,0.854909574306625,PILOT_DESC_ADD_SLACK_ACC,caténaire,,47.03780640813653,0.0,47.03780640813653,0.013537135083963776,-0.9999083687887199,0.6959370166984054,-0.7181028260555193,29.675049611422374,-458.1049792213792,0.0,-25.0,-0.0,0.0,0.027792158364513892,33.811338684131144,8.829000000000008,0.027792158364513892,-0.01766131586886388,0.6367571394002811,-47.0334962769594,0.0,-0.0,-1.675709367319056,0.0,0.0,0.6367571394002811,-48.709205644278455
22.800000000000054,0.0,453.0,462.8297191181281,462.3456175851774,0.8448911969776691,T_SOFT_ACC,caténaire,,0.0,0.06512708141826602,6.603800686655778,0.013478865069224022,-0.999909155971904,0.6993758679835943,-0.7147540802836976,29.673107682601707,-458.1560112527284,0.0,-25.0,-0.045548309096138016,0.046549847180674224,0.027966385230286987,33.7981930061689,8.829000000000008,-0.01758192386585103,0.01574285334956471,0.0,-0.0,0.045548309096138016,-0.046549847180674224,-1.6760153223027832,0.0,0.0,0.045548309096138016,-1.7225651694834574
22.900000000000055,0.0,453.0,462.9149059064275,462.4273708657721,0.8518678829943287,PILOT_DESC_ADD_SLACK_ACC,caténaire,,47.054829586617224,0.0,47.054829586617224,0.013427058602833926,-0.9999098529853958,0.7026385261248655,-0.7115469777921036,29.671175075909453,-458.2070535530755,0.0,-25.0,-0.0,0.0,0.02769852733741759,33.811796560126034,8.829000000000008,0.02769852733741759,-0.01720343987397399,0.6318079544058731,-47.050587734207284,0.0,-0.0,-1.6763238037086872,0.0,-2.220446049250313e-16,0.6318079544058731,-48.72691153791597
23.000000000000057,0.0,453.0,462.9991425528803,462.508149227307,0.8423664645276111,T_SOFT_ACC,caténaire,,0.0,0.0642466394421247,6.601346644197009,0.01337977141064397,-0.9999104868521976,0.7057874801376818,-0.7084236252983815,29.669236448454157,-458.25808614091653,0.0,-25.0,-0.045344473759171396,0.045513837226827975,0.02787137785972098,33.798930132272005,8.829000000000008,-0.017473095899450414,0.015443969498825538,0.0,-0.0,0.045344473759171396,-0.045513837226827975,-1.6766288444273845,0.0,0.0,0.045344473759171396,-1.7221426816542125
23.10000000000006,0.0,453.0,463.0840145879737,462.5879650022146,0.8487203509338783,PILOT_DESC_ADD_SLACK_ACC,caténaire,,47.071771405111605,0.0,47.071771405111605,0.013335956681212234,-0.9999110721756194,0.7088229355264632,-0.705386451579308,29.66730711145815,-458.3091287520468,0.0,-25.0,-0.0,0.0,0.027604882666691668,33.81220830358784,8.829000000000008,0.027604882666691668,-0.016791696412170154,0.6277471043664931,-47.06758541489081,0.0,-0.0,-1.676936186037864,0.0,2.220446049250313e-16,0.6277471043664931,-48.74452160092867
23.20000000000006,0.0,453.0,463.1679891338141,462.66727097143337,0.8397454584043855,T_SOFT_ACC,caténaire,,0.0,0.06340685734813965,6.598980130370286,0.01329458018809507,-0.9999116231635786,0.7117884916295518,-0.7023938661347546,29.665371796251335,-458.3601618541807,0.0,-25.0,-0.045132271350802486,0.04453658767221469,0.027776219747189232,33.79961136907826,8.829000000000008,-0.017356051603613254,0.015147956750460878,0.0,-0.0,0.045132271350802486,-0.04453658767221469,-1.6772402776285686,0.0,-2.220446049250313e-16,0.045132271350802486,-1.7217768653007834
23.30000000000006,0.0,453.0,463.2525385452883,462.7459686629966,0.8454941147420759,PILOT_DESC_ADD_SLACK_ACC,caténaire,,47.0886475215815,0.0,47.0886475215815,0.013255189232092453,-0.9999121461200586,0.7146745578074903,-0.6994571297961497,29.663445739784436,-458.41120475252495,0.0,-25.0,-0.0,0.0,0.027511087097495602,33.81258882356782,8.829000000000008,0.027511087097495602,-0.016411176432185925,0.6241689335818641,-47.08451060119554,0.0,-0.0,-1.6775464509430058,0.0,2.220446049250313e-16,0.6241689335818641,-48.762057052138545
23.400000000000063,0.0,453.0,463.33624382501705,462.82439242352353,0.837052797287637,T_SOFT_ACC,caténaire,,0.0,0.06260324767941018,6.5966964537278585,0.013217216946960302,-0.99991264877297,0.7175130331803478,-0.6965450790985012,29.66151374858145,-458.46223833781124,0.0,-25.0,-0.04491864612939417,0.04360598410667783,0.02768088750243994,33.80025136305184,8.829000000000008,-0.017237758626954227,0.014857347158510947,0.0,-0.0,0.04491864612939417,-0.04360598410667783,-1.6778495674577583,0.0,2.220446049250313e-16,0.04491864612939417,-1.7214555515644359
23.500000000000064,0.0,453.0,463.42046497717996,462.9023624161239,0.8422115216292154,PILOT_DESC_ADD_SLACK_ACC,caténaire,,47.10546661375001,0.0,47.10546661375001,0.013180527350587657,-0.9999131330764491,0.7202869876703507,-0.6936761891493551,29.659590984340962,-458.5132815059765,0.0,-25.0,-0.0,0.0,0.02741711755844196,33.81294630217571,8.829000000000008,0.02741711755844196,-0.01605369782429733,0.6208748910647257,-47.10137470678285,0.0,-0.0,-1.6781545520679861,0.0,-4.440892098500626e-16,0.6208748910647257,-48.779529258850836
23.600000000000065,0.0,453.0,463.5038958473938,462.98013020893677,0.834308702138169,T_SOFT_ACC,caténaire,,0.0,0.06183717063143395,6.594494187787067,0.013144807148103507,-0.9999136032903237,0.7230200909352638,-0.6908270030217135,29.657662328360676,-458.5643155499248,0.0,-25.0,-0.0447095167331188,0.042718787262655836,0.027585398210425036,33.80085892217265,8.829000000000008,-0.017124118522693764,0.01457770943530079,0.0,-0.0,0.0447095167331188,-0.042718787262655836,-1.6784566748813134,0.0,0.0,0.0447095167331188,-1.7211754621439692
23.700000000000067,0.0,453.0,463.58778493792147,463.057537706061,0.8388909052770864,PILOT_DESC_ADD_SLACK_ACC,caténaire,,47.122234553445516,0.0,47.122234553445516,0.013109997176947353,-0.9999140602941937,0.7256984019071663,-0.6880129573412009,29.655742867513126,-458.6153589742324,0.0,-25.0,-0.0,0.0,0.027322990874160756,33.813285659934515,8.829000000000008,0.027322990874160756,-0.015714340065493104,0.6177723619671217,-47.118184882471056,0.0,-0.0,-1.678760457018222,0.0,0.0,0.6177723619671217,-48.79694533948928
23.800000000000068,0.0,453.0,463.6709379125882,463.1348250449927,0.8315297466674467,T_SOFT_ACC,caténaire,,0.0,0.06110333048264809,6.592366460405124,0.013075873513680893,-0.9999145071114102,0.7283444065548916,-0.6852112268784004,29.653817555938055,-458.66639345507497,0.0,-25.0,-0.04450426897891174,0.041868688046371665,0.027489811686748016,33.801437652174684,8.829000000000008,-0.017014457292163727,0.014306340221047265,0.0,-0.0,0.04450426897891174,-0.041868688046371665,-1.679061573506381,0.0,0.0,0.04450426897891174,-1.7209302615527526
23.90000000000007,0.0,453.0,463.75449263971194,463.2117930509176,0.8355472712371553,PILOT_DESC_ADD_SLACK_ACC,caténaire,,47.13894867727382,0.0,47.13894867727382,0.013042475547148193,-0.9999149432984799,0.7309403990422366,-0.6824413037382601,29.651901407633545,-458.71743712336684,0.0,-25.0,-0.0,0.0,0.027228765993272078,33.81360891137313,8.829000000000008,0.027228765993272078,-0.015391088626877547,0.6148085854416174,-47.1349391937862,0.0,-0.0,-1.6793641448347238,0.0,-4.440892098500626e-16,0.6148085854416174,-48.814303338620924
24.00000000000007,0.0,453.0,463.83736557996986,463.2886530748692,0.8287294025793626,T_SOFT_ACC,caténaire,,0.0,0.06040139719848824,6.590311432068454,0.013009649592985069,-0.9999153709276939,0.7335058662004816,-0.6796831204682674,29.64997944793896,-458.7684720222249,0.0,-25.0,-0.04430477917179646,0.04105381012851175,0.027394177965376135,33.801991379052595,8.829000000000008,-0.016910601206420326,0.014045189181096873,0.0,-0.0,0.04430477917179646,-0.04105381012851175,-1.6796642472523933,0.0,0.0,0.04430477917179646,-1.720718057380905
24.100000000000072,0.0,453.0,463.9205848595762,463.3652089336843,0.832192796063144,PILOT_DESC_ADD_SLACK_ACC,caténaire,,47.15561176723289,0.0,47.15561176723289,0.01297745446272039,-0.9999157892921123,0.7360237628039853,-0.6769557006096208,29.64806661963703,-458.8195159239566,0.0,-25.0,-0.0,0.0,0.02713449222749526,33.813918194055375,8.829000000000008,0.02713449222749526,-0.015081805944632265,0.6119598043709866,-47.151640759785096,0.0,-0.0,-1.6799656038463409,0.0,-2.220446049250313e-16,0.6119598043709866,-48.83160636363144
24.200000000000074,0.0,453.0,464.0031767259309,463.44168072843513,0.8259186635472408,T_SOFT_ACC,caténaire,,0.0,0.059729108892419086,6.5883247824741,0.012945745355262361,-0.9999162003274058,0.7385142565025249,-0.6742378608047184,29.646148017194616,-458.870551223285,0.0,-25.0,-0.04411079844524323,0.04027162660739673,0.02729855802243709,33.8025218689299,8.829000000000008,-0.01681224042280614,0.0137934955372927,0.0,-0.0,0.04411079844524323,-0.04027162660739673,-1.6802646884292667,0.0,-2.220446049250313e-16,0.04411079844524323,-1.7205363150366637
24.300000000000075,0.0,453.0,464.0860604655146,463.51789548409903,0.8288373958370109,PILOT_DESC_ADD_SLACK_ACC,caténaire,,47.172220524429406,0.0,47.172220524429406,0.012914566980016766,-0.9999166035023713,0.7409627876351378,-0.6715460872791721,29.64423851427154,-458.92159534865715,0.0,-25.0,-0.0,0.0,0.027040229680581337,33.814214494902885,8.829000000000008,0.027040229680581337,-0.014785505097123064,0.6092088015588651,-47.1682865264523,0.0,-0.0,-1.6805648299538358,0.0,0.0,0.6092088015588651,-48.848851356406136
24.400000000000077,0.0,453.0,464.16837110679546,463.5939793551372,0.8231064128086774,T_SOFT_ACC,caténaire,,0.0,0.05908506507120092,6.5864055334324645,0.012883888668873397,-0.9999169992618226,0.7433801777593307,-0.6688691286899896,29.642323272390215,-458.97263103226896,0.0,-25.0,-0.04392266617555096,0.0395201759927655,0.0272030112568618,33.80303092038959,8.829000000000008,-0.016719654918689163,0.01355109638234353,0.0,-0.0,0.04392266617555096,-0.0395201759927655,-1.6808628961545935,0.0,2.220446049250313e-16,0.04392266617555096,-1.7203830721473587
24.500000000000078,0.0,453.0,464.2509200130683,463.66980710532505,0.8254890627284377,PILOT_DESC_ADD_SLACK_ACC,caténaire,,47.1887788967671,0.0,47.1887788967671,0.012853707029211294,-0.9999173876954072,0.7457567324369512,-0.6662183546142824,29.64041709817931,-459.02367537224063,0.0,-25.0,-0.0,0.0,0.026946036907125395,33.81449881871152,8.829000000000008,0.026946036907125395,-0.01450118128848743,0.6065507390052728,-47.18488052299151,0.0,-0.0,-1.6811618251689537,0.0,2.220446049250313e-16,0.6065507390052728,-48.86604234816047
24.60000000000008,0.0,453.0,464.3329500023348,463.74554766745837,0.8202998926651827,T_SOFT_ACC,caténaire,,0.0,0.05846645030447143,6.584547404499411,0.012823949568779787,-0.9999177697778239,0.7481072232001521,-0.6635778647572248,29.638505218263845,-459.0747114247789,0.0,-25.0,-0.04373917378764781,0.03879704225297555,0.027107592159542098,33.80351963247801,8.829000000000008,-0.01663158162810571,0.013316674730972977,0.0,-0.0,0.04373917378764781,-0.03879704225297555,-1.681458875062727,0.0,0.0,0.04373917378764781,-1.7202559173157026
24.70000000000008,0.0,453.0,464.41516543155626,463.8210454337206,0.82215429221451,PILOT_DESC_ADD_SLACK_ACC,caténaire,,47.2052821055141,0.0,47.2052821055141,0.012794650173514647,-0.9999181451133575,0.7504191186211568,-0.6609622881888542,29.636602374212433,-459.125755970773,0.0,-25.0,-0.0,0.0,0.026851967629278644,33.81477177980521,8.829000000000008,0.026851967629278644,-0.014228220194794972,0.6039750708821239,-47.20141812249843,0.0,-0.0,-1.6817565964782129,0.0,2.220446049250313e-16,0.6039750708821239,-48.88317471897665
24.800000000000082,0.0,453.0,464.4969159204875,463.89643631229984,0.8175048893119853,T_SOFT_ACC,caténaire,,0.0,0.057872754221833765,6.582749701651404,0.012765774300532485,-0.9999185141832848,0.7527039039236948,-0.6583591975646952,29.634693856011367,-459.1767923781625,0.0,-25.0,-0.04356104803359077,0.0381010600303453,0.027012347823710033,33.80398970255511,8.829000000000008,-0.016548700209880734,0.01309076258544195,0.0,-0.0,0.04356104803359077,-0.0381010600303453,-1.6820526342355018,0.0,0.0,0.04356104803359077,-1.720153694265847
24.900000000000084,0.0,453.0,464.5787997458176,463.971604275844,0.8188382533012664,PILOT_DESC_ADD_SLACK_ACC,caténaire,,47.221732207311675,0.0,47.221732207311675,0.012737315394002063,-0.999918877107815,0.7549529060666978,-0.6557790097444777,29.63279434192624,-459.22783712231774,0.0,-25.0,-0.0,0.0,0.026758068281193658,33.81503432646087,8.829000000000008,0.026758068281193658,-0.0139656735391398,0.601478096575634,-47.217901443821034,0.0,-0.0,-1.682349154835267,0.0,0.0,0.601478096575634,-48.9002505986563
25.000000000000085,0.0,453.0,464.66027235387384,464.0466452481139,0.8147260805625357,T_SOFT_ACC,caténaire,,0.0,0.05730249743806081,6.581009807659593,0.012709282083203112,-0.9999192338128763,0.7571737518981085,-0.6532135251482026,29.630889183434427,-459.2788738711507,0.0,-25.0,-0.04338794697830826,0.037430766351311553,0.026917327766105906,33.80444201464263,8.829000000000008,-0.016470619212202352,0.012872780993937738,0.0,-0.0,0.04338794697830826,-0.037430766351311553,-1.6826441863205188,0.0,2.220446049250313e-16,0.04338794697830826,-1.7200749526718302
25.100000000000087,0.0,453.0,464.74182686434017,464.1214833911625,0.82,PILOT_DESC_ADD_SLACK_ACC,caténaire,,47.238129017822494,0.0,47.238129017822494,0.012681627569400585,-0.9999195849278035,0.7593615722312967,-0.6506688886203281,29.628992997385204,-459.3299188059788,0.0,-25.0,-0.0,0.0,0.026664387690702743,33.815286952686535,8.829000000000008,0.026664387690702743,-0.013713047313473226,0.5990563592793196,-47.2343303602671,0.0,-0.0,-1.6829395143936707,0.0,2.220446049250313e-16,0.5990563592793196,-48.917269874660775
25.200000000000088,0.0,453.0,464.8230235850321,464.1961762916194,0.8119672069195367,T_SOFT_ACC,caténaire,,0.0,0.05675439845075304,6.579325191877817,0.012654400075398987,-0.9999199298737532,0.761520386642136,-0.6481409574532471,29.627091194995312,-459.38095588354224,0.0,-25.0,-0.043219631451859294,0.03678485015155415,0.026822576880742362,33.804877488493396,8.829000000000008,-0.016397054571116933,0.012662338644943816,0.0,-0.0,0.043219631451859294,-0.03678485015155415,-1.683233546825857,0.0,-2.220446049250313e-16,0.043219631451859294,-1.7200183969774114
25.30000000000009,0.0,453.0,464.9042514001476,464.27067622186155,0.812278151155082,PILOT_DESC_ADD_SLACK_ACC,caténaire,,47.254472832828306,0.0,47.254472832828306,0.01262752585249451,-0.9999202696169553,0.7636479296531594,-0.6456328984310228,29.625198333464382,-459.43200100194287,0.0,-25.0,-0.0,0.0,0.02657097013343431,33.81553017246019,8.829000000000008,0.02657097013343431,-0.013469827539815071,0.5967070773425389,-47.25070521560877,0.0,-0.0,-1.6835276918582678,0.0,0.0,0.5967070773425389,-48.934232907467035
25.40000000000009,0.0,453.0,464.98517452479257,464.34504134200114,0.8092312464499276,T_SOFT_ACC,caténaire,,0.0,0.0562267343806734,6.577692570647485,0.012601052043480268,-0.9999206035918041,0.7657482202007596,-0.6431404693061765,29.623299882094894,-459.4830383961592,0.0,-25.0,-0.04305552177970152,0.03616168833714002,0.02672813613874182,33.80529696573351,8.829000000000008,-0.0163273856409597,0.012458654070641728,0.0,-0.0,0.04305552177970152,-0.03616168833714002,-1.683820733534788,0.0,-2.220446049250313e-16,0.04305552177970152,-1.7199824218719282
25.500000000000092,0.0,453.0,465.06607852512434,464.4192258267535,0.809040003317965,PILOT_DESC_ADD_SLACK_ACC,caténaire,,47.27076246163582,0.0,47.27076246163582,0.012574905487879479,-0.9999209327501704,0.7678191371655563,-0.6406666626275637,29.62141034010412,-459.53408369138697,0.0,-25.0,-0.0,0.0,0.026477856021212234,33.81576445593876,8.829000000000008,0.026477856021212234,-0.013235544061245719,0.5944253702950715,-47.26702489245063,0.0,-0.0,-1.6841137059576696,0.0,0.0,0.5944253702950715,-48.9511385984083
25.600000000000094,0.0,453.0,465.1467305785,464.4932585520673,0.8065205337566163,T_SOFT_ACC,caténaire,,0.0,0.05571894295395884,6.576110627245391,0.012549161513225087,-0.9999212561723623,0.7698620498601305,-0.6382103291119298,29.61951523337121,-459.58512139097917,0.0,-25.0,-0.04289589963857443,0.035560404920414915,0.026634041387954246,33.805701506474136,8.829000000000008,-0.016261858250620185,0.012261911394546132,0.0,-0.0,0.04289589963857443,-0.035560404920414915,-1.684405766021337,0.0,2.220446049250313e-16,0.04289589963857443,-1.7199661709417517
25.700000000000095,0.0,453.0,465.2273138471206,464.5671063806086,0.8058326862062045,PILOT_DESC_ADD_SLACK_ACC,caténaire,,47.28699972884974,0.0,47.28699972884974,0.012523736091396509,-0.9999215749419116,0.7718759766098569,-0.6357731330691633,29.6176290046521,-459.6361668567359,0.0,-25.0,-0.0,0.0,0.026385080718431476,33.81599039552379,8.829000000000008,0.026385080718431476,-0.013009604476216907,0.5922099051580525,-47.28329124314918,0.0,-0.0,-1.6846975769992203,0.0,4.440892098500626e-16,0.5922099051580525,-48.9679888201484
25.800000000000097,0.0,453.0,465.30769753854025,464.640828513046,0.8038369141962058,T_SOFT_ACC,caténaire,,0.0,0.05522940617057624,6.574576008048962,0.01249867379502065,-0.9999218885259817,0.7738649456265475,-0.6333506500592072,29.615737234877507,-459.6872048508792,0.0,-25.0,-0.04274010140317949,0.034979580300518454,0.026540327998502675,33.806091709632085,8.829000000000008,-0.016199773404676817,0.012071289932592322,0.0,-0.0,0.04274010140317949,-0.034979580300518454,-1.684988665261096,0.0,-2.220446049250313e-16,0.04274010140317949,-1.7199682455616145
25.900000000000098,0.0,453.0,465.38796331649905,464.7143537587361,0.8026577795878205,PILOT_DESC_ADD_SLACK_ACC,caténaire,,47.303183499915235,0.0,47.303183499915235,0.012473929852621241,-0.9999221975104022,0.7758246031323989,-0.630948639093909,29.613854311878917,-459.7382504811193,0.0,-25.0,-0.0,0.0,0.026292679122071106,33.8162083258277,8.829000000000008,0.026292679122071106,-0.012791674172305534,0.5900565927836131,-47.29950319447304,0.0,-0.0,-1.6852793265305839,0.0,0.0,0.5900565927836131,-48.98478252100362
26.0000000000001,0.0,453.0,465.46808149603686,464.78777753242224,0.8011817953779788,T_SOFT_ACC,caténaire,,0.0,0.054757234374579154,6.573086828826148,0.012449513194091358,-0.9999225018076301,0.7777620895127274,-0.6285587737966881,29.611965870279768,-459.78928875967216,0.0,-25.0,-0.04258810102311083,0.034418140094983334,0.026447025769917275,33.80646848002935,8.829000000000008,-0.016141075253193554,0.011886620124329283,0.0,-0.0,0.04258810102311083,-0.034418140094983334,-1.6855694533114574,0.0,2.220446049250313e-16,0.04258810102311083,-1.7199875934064404
26.1000000000001,0.0,453.0,465.5480331425818,464.8610049657528,0.7995164654495057,PILOT_DESC_ADD_SLACK_ACC,caténaire,,47.31931367203007,0.0,47.31931367203007,0.012425403384299143,-0.9999228016955796,0.7796710028818538,-0.6261893701311168,29.610086244355873,-459.8403345487317,0.0,-25.0,-0.0,0.0,0.026200680639768933,33.81641875243376,8.829000000000008,0.026200680639768933,-0.012581247566245679,0.5879615602431552,-47.31566070124825,0.0,-0.0,-1.6858589770371766,0.0,-4.440892098500626e-16,0.5879615602431552,-49.001519678285426
26.200000000000102,0.0,453.0,465.6278887665623,464.93412012373636,0.7985562398049311,T_SOFT_ACC,caténaire,,0.0,0.054302013743649,6.571642318338639,0.012401619631736721,-0.999923096958216,0.781557442554367,-0.6238332822059732,29.60820112106129,-459.8913731021428,0.0,-25.0,-0.0424401429870384,0.03387540346409442,0.026354163822192904,33.80683259931965,8.829000000000008,-0.0160859791648455,0.011708002783734628,0.0,-0.0,0.0424401429870384,-0.03387540346409442,-1.6861481530425948,0.0,-2.220446049250313e-16,0.0424401429870384,-1.7200235565066895
26.300000000000104,0.0,453.0,465.7075297277969,465.00707838988666,0.7964096123456249,PILOT_DESC_ADD_SLACK_ACC,caténaire,,47.33539051293561,0.0,47.33539051293561,0.0123780954561775,-0.9999233884417734,0.7834193298646791,-0.621493486365205,29.606324782487977,-459.9424190446874,0.0,-25.0,-0.0,0.0,0.02610911401160569,33.81662211202131,8.829000000000008,0.02610911401160569,-0.012377887978701096,0.5859219822245558,-47.33176407490915,0.0,-0.0,-1.6864365517036972,0.0,0.0,0.5859219822245558,-49.01820062661285
26.400000000000105,0.0,453.0,465.7871258310492,465.0798492080758,0.7959610325227575,T_SOFT_ACC,caténaire,,0.0,0.053863621341700585,6.570242616298793,0.012354956219587607,-0.9999236746156238,0.7852529945424056,-0.6191750435556852,29.60444296647616,-459.9934578638221,0.0,-25.0,-0.04229656995546861,0.033351010090314395,0.026261772821291742,33.80718461927755,8.829000000000008,-0.01603479713417687,0.011535629367855904,0.0,-0.0,0.04229656995546861,-0.033351010090314395,-1.6867247879234901,0.0,-2.220446049250313e-16,0.04229656995546861,-1.7200757980138048
26.500000000000107,0.0,453.0,465.8664596147544,465.1524898843912,0.7933378370515936,PILOT_DESC_ADD_SLACK_ACC,caténaire,,47.351416996321774,0.0,47.351416996321774,0.012332041815317564,-0.9999239574811003,0.7870649980534855,-0.6168700745206132,29.602569904388616,-460.04450395475027,0.0,-25.0,-0.0,0.0,0.02601800950541473,33.816818712865455,8.829000000000008,0.02601800950541473,-0.012181287134552576,0.5839396544131789,-47.347816275299905,0.0,-0.0,-1.687012074222476,0.0,2.220446049250313e-16,0.5839396544131789,-49.03482834952238
26.600000000000108,0.0,453.0,465.9457992913344,465.22498133765447,0.7933967658004564,T_SOFT_ACC,caténaire,,0.0,0.05343887708508001,6.568882758073575,0.012309465918481501,-0.9999242356542828,0.7888526431686965,-0.6145823845228247,29.60069138351356,-460.09554303057433,0.0,-25.0,-0.04215539943653245,0.032842592505170604,0.026169882468217175,33.807524672927656,8.829000000000008,-0.015985516968315277,0.011367265432816964,0.0,-0.0,0.04215539943653245,-0.032842592505170604,-1.6872993818609485,0.0,-2.220446049250313e-16,0.04215539943653245,-1.7201419743661193
26.70000000000011,0.0,453.0,466.0248294494696,465.2973455409123,0.7903015813517986,PILOT_DESC_ADD_SLACK_ACC,caténaire,,47.36739012085008,0.0,47.36739012085008,0.01228710411390408,-0.9999245106869289,0.7906194029883659,-0.6123078960933952,29.59882158593266,-460.14658926484077,0.0,-25.0,-0.0,0.0,0.025927396440041984,33.81700862946915,8.829000000000008,0.025927396440041984,-0.011991370530857637,0.5820080540187965,-47.36381438910789,0.0,-0.0,-1.6875855686602987,0.0,-2.220446049250313e-16,0.5820080540187965,-49.05139995776818
26.80000000000011,0.0,453.0,466.10391582944237,465.3695387722522,0.7908637997272447,T_SOFT_ACC,caténaire,,0.0,0.05302884734738373,6.567562959106587,0.012265090312303065,-0.9999247809508628,0.7923606021082158,-0.6100530109971639,29.596946347472535,-460.19762858931034,0.0,-25.0,-0.04201796941327764,0.03235040799398041,0.026078506997811692,33.80785407189962,8.829000000000008,-0.015939462415465944,0.011204479893592634,0.0,-0.0,0.04201796941327764,-0.03235040799398041,-1.6878719590521525,0.0,0.0,0.04201796941327764,-1.720222367046133
26.900000000000112,0.0,453.0,466.1826459371542,465.44163224043035,0.7873010771180905,PILOT_DESC_ADD_SLACK_ACC,caténaire,,47.38331195973644,0.0,47.38331195973644,0.012243258083878467,-0.9999250485068826,0.7940836954742052,-0.607808427534556,29.595079801848076,-460.2486749624226,0.0,-25.0,-0.0,0.0,0.025837288885676917,33.81719259436738,8.829000000000008,0.025837288885676917,-0.011807405632630719,0.5801261171919784,-47.37976050975621,0.0,-0.0,-1.6881570592983144,0.0,0.0,0.5801261171919784,-49.06791756905452
27.000000000000114,0.0,453.0,466.2614821740445,465.51355322837674,0.7883623689029869,T_SOFT_ACC,caténaire,,0.0,0.052631646824906224,6.566281072449479,0.01222176550401875,-0.9999253114347915,0.7957816866848897,-0.6055836087089477,29.593207832124758,-460.2997145276489,0.0,-25.0,-0.041883300683327296,0.03187286261652154,0.025987671103463426,33.808173021545606,8.829000000000008,-0.01589562957986387,0.011045884162122377,0.0,-0.0,0.041883300683327296,-0.03187286261652154,-1.688442543863205,0.0,0.0,0.041883300683327296,-1.7203154064797264
27.100000000000115,0.0,453.0,466.3399158183209,465.5853447454937,0.7843364427642245,PILOT_DESC_ADD_SLACK_ACC,caténaire,,47.399183603706184,0.0,47.399183603706184,0.012200473570276425,-0.9999255714525263,0.7974596421143714,-0.6033722890544596,29.591344524958476,-460.35076103520134,0.0,-25.0,-0.0,0.0,0.025747711227323708,33.817370722367606,8.829000000000008,0.025747711227323708,-0.011629277632401624,0.578292486809697,-47.39565575131912,0.0,-0.0,-1.6887265705455055,0.0,0.0,0.578292486809697,-49.084382321864624
27.200000000000117,0.0,453.0,466.4185050776743,465.6569868922656,0.7858925935341294,T_SOFT_ACC,caténaire,,0.0,0.05224777151860895,6.565035352945445,0.012179491345494824,-0.9999258272444836,0.7991149426281978,-0.6011782667964074,29.58947580973614,-460.40180083380403,0.0,-25.0,-0.041751974939544384,0.03141022472553203,0.025897388253534836,33.808482195325716,8.829000000000008,-0.015854586686009548,0.010892420051241913,0.0,-0.0,0.041751974939544384,-0.03141022472553203,-1.689011160746618,0.0,0.0,0.041751974939544384,-1.7204213854721502
27.300000000000118,0.0,453.0,466.4966458470271,465.728502877513,0.781407693527646,PILOT_DESC_ADD_SLACK_ACC,caténaire,,47.415004310565564,0.0,47.415004310565564,0.01215869984734052,-0.9999260802769483,0.8007509567927507,-0.5989974166851593,29.587615726976555,-460.45284747167494,0.0,-25.0,-0.0,0.0,0.025658676782491043,33.817543389775906,8.829000000000008,0.025658676782491043,-0.011456610224101382,0.5765048056725236,-47.41149940657843,0.0,-0.0,-1.6892941268599038,0.0,-2.220446049250313e-16,0.5765048056725236,-49.100793533438335
27.40000000000012,0.0,453.0,466.5749912948328,465.79983996309704,0.783454478056951,T_SOFT_ACC,caténaire,,0.0,0.05187706825288516,6.56382583315544,0.012138234736130309,-0.999926328915031,0.8023625042534861,-0.5968370060310223,29.58575025119511,-460.50388749645145,0.0,-25.0,-0.04162421439671396,0.030962154097718977,0.02580767919287254,33.80878182858729,8.829000000000008,-0.01581653520384142,0.01074398268500687,0.0,-0.0,0.04162421439671396,-0.030962154097718977,-1.6895778341620298,0.0,0.0,0.04162421439671396,-1.7205399882597487
27.50000000000012,0.0,453.0,466.65284276888417,465.8710853194334,0.7785147405137092,PILOT_DESC_ADD_SLACK_ACC,caténaire,,47.4307750892352,0.0,47.4307750892352,0.012117923862555805,-0.9999265752650348,0.8039579697930124,-0.5946861212490988,29.583893377973393,-460.55493426061844,0.0,-25.0,-0.0,0.0,0.025570206045860917,33.81771072805186,8.829000000000008,0.025570206045860917,-0.01128927194815077,0.5747625212733607,-47.427292497145075,0.0,-0.0,-1.6898597526689545,0.0,2.220446049250313e-16,0.5747625212733607,-49.117152249814026
27.600000000000122,0.0,453.0,466.73094756439195,465.94218565735315,0.78,T_SOFT_ACC,caténaire,,0.0,0.05151646029301199,6.5626493390958265,0.012097902205147283,-0.9999268177032931,0.805532157741164,-0.5925520591854055,29.5820311257212,-460.6059745044939,0.0,-25.0,-0.04149816541901695,0.030526184628567436,0.025718565271078107,33.8090720903412,8.829000000000008,-0.015779600147938843,0.010598274969765953,0.0,-0.0,0.04149816541901695,-0.030526184628567436,-1.690142588512482,0.0,2.220446049250313e-16,0.04149816541901695,-1.720668773141049
27.700000000000124,0.0,453.0,466.80851330743866,466.0131547265802,0.7756574304672357,PILOT_DESC_ADD_SLACK_ACC,caténaire,,47.44649594590871,0.0,47.44649594590871,0.012078062718763431,-0.9999270575401796,0.8070875668752683,-0.590431756763946,29.5801774463241,-460.65702139100586,0.0,-25.0,-0.0,0.0,0.025482320110464227,33.8178728316775,8.829000000000008,0.025482320110464227,-0.011127168322509817,0.5730617538202403,-47.44303508178456,0.0,-0.0,-1.6904234723202023,0.0,2.220446049250313e-16,0.5730617538202403,-49.13345855410476
27.800000000000125,0.0,453.0,466.8863805961131,466.08396744327166,0.778672886744371,T_SOFT_ACC,caténaire,,0.0,0.0511684076242329,6.561506247870018,0.012058513988117156,-0.99992729347708,0.8086213136168234,-0.5883294750092016,29.57831840148812,-460.7080618477451,0.0,-25.0,-0.04137586498878829,0.03010388239462177,0.02563004975944059,33.80935409304508,8.829000000000008,-0.015745815229347704,0.01045797543969229,0.0,-0.0,0.04137586498878829,-0.03010388239462177,-1.690705448095598,0.0,2.220446049250313e-16,0.04137586498878829,-1.7208093304902197
27.900000000000126,0.0,453.0,466.96366415083224,466.1546895356473,0.7728355471911685,PILOT_DESC_ADD_SLACK_ACC,caténaire,,47.46216751319733,0.0,47.46216751319733,0.012039107334590933,-0.9999275273211484,0.8101398629359765,-0.5862366437558107,29.576467900002054,-460.75910885312004,0.0,-25.0,-0.0,0.0,0.025395022241453496,33.81803032204887,8.829000000000008,0.025395022241453496,-0.010969677951138124,0.5714021290237175,-47.458727802773545,0.0,-0.0,-1.6909853100329824,0.0,0.0,0.5714021290237175,-49.14971311280653
28.000000000000128,0.0,453.0,467.04129705947093,466.22526480810734,0.7763290863870183,T_SOFT_ACC,caténaire,,0.0,0.05082978668287695,6.560394520751008,0.012019976373466655,-0.9999277574744994,0.811637942745516,-0.5841608082504565,29.574612045544196,-460.8101495162933,0.0,-25.0,-0.04125538349348368,0.02969276927186769,0.02554215582106486,33.80962757859444,8.829000000000008,-0.01571322767241882,0.010320347866297652,0.0,-0.0,0.04125538349348368,-0.02969276927186769,-1.6912664370631159,0.0,-2.220446049250313e-16,0.04125538349348368,-1.7209592063349837
28.10000000000013,0.0,453.0,467.1183019425869,466.2957504334415,0.770048831159848,PILOT_DESC_ADD_SLACK_ACC,caténaire,,47.477789724150604,0.0,47.477789724150604,0.012000981801045934,-0.9999279856248704,0.8131212590403385,-0.5820943377981395,29.57276470513828,-460.8611966369403,0.0,-25.0,-0.0,0.0,0.025308335322659394,33.818183054978284,8.829000000000008,0.025308335322659394,-0.010816945021723257,0.569780090433417,-47.474370640791086,0.0,-0.0,-1.6915452898650503,0.0,2.220446049250313e-16,0.569780090433417,-49.16591593065613
28.20000000000013,0.0,453.0,467.1957035745465,466.3660280742225,0.7740163195957458,T_SOFT_ACC,caténaire,,0.0,0.05050276089675292,6.559315114767053,0.01198230601364523,-0.9999282095943666,0.8145799050117888,-0.5800513583735366,29.5709120237837,-460.91223750084544,0.0,-25.0,-0.04113853417411008,0.02929419505977546,0.025454887543159065,33.809893511042816,8.829000000000008,-0.015683646630951013,0.01018770610258457,0.0,-0.0,0.04113853417411008,-0.02929419505977546,-1.6918255793879071,0.0,2.220446049250313e-16,0.04113853417411008,-1.7211197744476823
28.300000000000132,0.0,453.0,467.27243327260754,466.4362668172765,0.7672969806106478,PILOT_DESC_ADD_SLACK_ACC,caténaire,,47.49336462488365,0.0,47.49336462488365,0.011963719891186074,-0.9999284321422035,0.8160280080192807,-0.5780123615703083,29.569067827391635,-460.9632847335802,0.0,-25.0,-0.0,0.0,0.025222263425824416,33.81833156909716,8.829000000000008,0.025222263425824416,-0.010668430902846637,0.5681973110620735,-47.48996562651789,0.0,-0.0,-1.6921034356800029,0.0,-2.220446049250313e-16,0.5681973110620735,-49.1820690621979
28.400000000000134,0.0,453.0,467.3496067066436,466.50631843455426,0.7717343403606286,T_SOFT_ACC,caténaire,,0.0,0.05018392447770175,6.5582647445832185,0.011945428614435186,-0.9999286508222561,0.8174534824956241,-0.5759946214642775,29.5672183010539,-461.01432579225576,0.0,-25.0,-0.04102302382959469,0.02890567058312571,0.02536826475023,33.81015154659813,8.829000000000008,-0.01565475907936469,0.010057217181248745,0.0,-0.0,0.04102302382959469,-0.02890567058312571,-1.6923828988444807,0.0,2.220446049250313e-16,0.04102302382959469,-1.721288569427606
28.500000000000135,0.0,453.0,467.4260646750569,466.57631283063006,0.7645796841332836,PILOT_DESC_ADD_SLACK_ACC,caténaire,,47.50889137318605,0.0,47.50889137318605,0.011927237858328815,-0.9999288679686525,0.8188673345184544,-0.5739828294109868,29.565377230804412,-461.0653731337491,0.0,-25.0,-0.0,0.0,0.02513682614485396,33.818475672395515,8.829000000000008,0.02513682614485396,-0.010524327604493067,0.5666498477934959,-47.50551196923561,0.0,-0.0,-1.6926597711395808,0.0,0.0,0.5666498477934959,-49.198171740375194
28.600000000000136,0.0,453.0,467.5030129608454,466.64609501256024,0.7694828578847809,T_SOFT_ACC,caténaire,,0.0,0.04987543178745238,6.557243835420754,0.01190935517671338,-0.9999290811148934,0.82025714512561,-0.5719949439202974,29.563530841349287,-461.11641438200326,0.0,-25.0,-0.04091067928988279,0.02852849480826444,0.025282286212284788,33.8104027049112,8.829000000000008,-0.015628393077598002,0.009931199719453332,0.0,-0.0,0.04091067928988279,-0.02852849480826444,-1.6929384189892742,0.0,-2.220446049250313e-16,0.04091067928988279,-1.721466913797539
28.700000000000138,0.0,453.0,467.5792026199332,466.71582632509154,0.7618965908777509,PILOT_DESC_ADD_SLACK_ACC,caténaire,,47.52437198939298,0.0,47.52437198939298,0.011891563508913709,-0.9999292928589069,0.8216361273660069,-0.5700123456619086,29.561692879322898,-461.1674618293558,0.0,-25.0,-0.0,0.0,0.0250520223078897,33.81861593431564,8.829000000000008,0.0250520223078897,-0.010384065684370114,0.5651390877331064,-47.52101167691737,0.0,-0.0,-1.6932143196731704,0.0,0.0,0.5651390877331064,-49.214225996590535
28.80000000000014,0.0,453.0,467.65592877809894,466.78536632457394,0.767261581657388,T_SOFT_ACC,caténaire,,0.0,0.0495755515283928,6.556250307909385,0.011874056590452486,-0.9999295009049821,0.8229930688526563,-0.5680514137122509,29.55984960798448,-461.2185032617673,0.0,-25.0,-0.04080033529241499,0.028161462131268068,0.025196966667714427,33.81064668196251,8.829000000000008,-0.015603368624700562,0.009808144093767623,0.0,-0.0,0.04080033529241499,-0.028161462131268068,-1.6934921631464726,0.0,-2.220446049250313e-16,0.04080033529241499,-1.7216536252777408
28.90000000000014,0.0,453.0,467.7318535132154,466.85487047218277,0.7592473511645219,PILOT_DESC_ADD_SLACK_ACC,caténaire,,47.539805052818735,0.0,47.539805052818735,0.011856625163633247,-0.9999297077493644,0.8243405674174031,-0.5660941873133427,29.55801473563495,-461.2695508119515,0.0,-25.0,-0.0,0.0,0.02496786649374211,33.8187521851445,8.829000000000008,0.02496786649374211,-0.01024781485551074,0.5636616488634696,-47.5364633729268,0.0,-0.0,-1.693767104478329,0.0,0.0,0.5636616488634696,-49.23023047740512
29.000000000000142,0.0,453.0,467.80836053113626,466.9241636102378,0.7650701792083039,T_SOFT_ACC,caténaire,,0.0,0.049284316256563585,6.555284137049946,0.011839487827580585,-0.9999299108077428,0.8256650078422274,-0.5641606994685953,29.55617456334861,-461.32059242352494,0.0,-25.0,-0.040692335368474386,0.027804274332134372,0.02511231166594174,33.81088404173281,8.829000000000008,-0.015580023702532645,0.009688316064938363,0.0,-0.0,0.040692335368474386,-0.027804274332134372,-1.6940441543932379,0.0,2.220446049250313e-16,0.040692335368474386,-1.721848428725372
29.100000000000144,0.0,453.0,467.88402368898795,466.9934515591476,0.7566315785166935,PILOT_DESC_ADD_SLACK_ACC,caténaire,,47.555191789836734,0.0,47.555191789836734,0.011822398695672991,-0.9999301130024439,0.8269824917203867,-0.5622276748684116,29.554342761832824,-461.37164007375117,0.0,-25.0,-0.0,0.0,0.024884364218597185,33.818884739984675,8.829000000000008,0.024884364218597185,-0.010115260015332694,0.5622164373886447,-47.55186830026434,0.0,-0.0,-1.694318148492266,0.0,0.0,0.5622164373886447,-49.2461864487566
29.200000000000145,0.0,453.0,467.96031452079177,467.0625190694582,0.7629083180379833,T_SOFT_ACC,caténaire,,0.0,0.04900073423375762,6.554344164632078,0.01180560512219316,-0.9999303114156001,0.828276647838689,-0.5603193684365232,29.552505669157146,-461.4226818596782,0.0,-25.0,-0.040586163892771254,0.02745606045878499,0.02502832884482507,33.8111150320679,8.829000000000008,-0.015557835047946184,0.009571092526677205,0.0,-0.0,0.040586163892771254,-0.02745606045878499,-1.694594415546374,0.0,0.0,0.040586163892771254,-1.722050476005159
29.300000000000146,0.0,453.0,468.03571940953634,467.1315693871959,0.7540488874455397,PILOT_DESC_ADD_SLACK_ACC,caténaire,,47.57053332208913,0.0,47.57053332208913,0.011788865955958764,-0.99993050890523,0.8295632167242019,-0.5584128127632775,29.55067691925775,-461.47372960726125,0.0,-25.0,-0.0,0.0,0.02480152305870448,33.81901373717227,8.829000000000008,0.02480152305870448,-0.009986262827737846,0.5608026407875786,-47.56722759364979,0.0,-0.0,-1.6948674743921917,0.0,-2.220446049250313e-16,0.5608026407875786,-49.26209506804198
29.400000000000148,0.0,453.0,468.11179697605905,467.2004358363887,0.7607756652270998,T_SOFT_ACC,caténaire,,0.0,0.04872447113023952,6.55342868250928,0.011772388621256579,-0.99993070303204,0.8308294753052761,-0.5565270729838395,29.548842886591284,-461.52477156302507,0.0,-25.0,-0.04048172678366397,0.02711648730079779,0.024945019893452748,33.811340039085614,8.829000000000008,-0.015536706890211222,0.009456526386401265,0.0,-0.0,0.04048172678366397,-0.02711648730079779,-1.695142969162533,0.0,0.0,0.04048172678366397,-1.722259456463331
29.50000000000015,0.0,453.0,468.1869468653688,467.26924581724836,0.7514988930970594,PILOT_DESC_ADD_SLACK_ACC,caténaire,,47.58582982646627,0.0,47.58582982646627,0.011755992722293034,-0.9999308959298705,0.8320855814554111,-0.5546472619007603,29.54701716893145,-461.57581940544253,0.0,-25.0,-0.0,0.0,0.02471934472295341,33.81913939247128,8.829000000000008,0.02471934472295341,-0.009860607528729304,0.5594186691242122,-47.58254145194477,0.0,-0.0,-1.6954151045953925,0.0,2.220446049250313e-16,0.5594186691242122,-49.27795655654016
29.60000000000015,0.0,453.0,468.2628140530306,467.337877630539,0.7586718766181818,T_SOFT_ACC,caténaire,,0.0,0.04845652675493016,6.5525377756589,0.011739848846533467,-0.999931085599933,0.8333221612996543,-0.552787640497572,29.54518617652336,-461.6268615267609,0.0,-25.0,-0.040379897604492926,0.026786169091565313,0.024862386199997078,33.8115593735263,8.829000000000008,-0.015517511404495848,0.009345542617857916,0.0,-0.0,0.040379897604492926,-0.026786169091565313,-1.6956898375343736,0.0,-2.220446049250313e-16,0.040379897604492926,-1.7224760066259392
29.700000000000152,0.0,453.0,468.33771217318343,467.4064839838901,0.7489812015283037,PILOT_DESC_ADD_SLACK_ACC,caténaire,,47.60108124098558,0.0,47.60108124098558,0.011723759980456681,-0.9999312743643539,0.8345510154187233,-0.5509306695615862,29.543363471577333,-461.67790946162137,0.0,-25.0,-0.0,0.0,0.02463783062309782,33.81926187939469,8.829000000000008,0.02463783062309782,-0.009738120605319978,0.558063651279534,-47.59780982641985,0.0,-0.0,-1.695961061251872,0.0,2.220446049250313e-16,0.558063651279534,-49.29377088767172
29.800000000000153,0.0,453.0,468.4133718328722,467.4748615355784,0.7565965968877931,T_SOFT_ACC,caténaire,,0.0,0.04819626236220922,6.55167175451543,0.011707955958021599,-0.9999314595347448,0.8357571613922569,-0.549099232545045,29.5415354991925,-461.72895174414833,0.0,-25.0,-0.040280371421556445,0.026464530674628717,0.024780438222543222,33.81177295098845,8.829000000000008,-0.015499933199013223,0.009237481663070923,0.0,-0.0,0.040280371421556445,-0.026464530674628717,-1.6962350426832289,0.0,0.0,0.040280371421556445,-1.7226995733578576
29.900000000000155,0.0,453.0,468.4880213738515,467.5432459556826,0.7464954097928882,PILOT_DESC_ADD_SLACK_ACC,caténaire,,47.616289066221746,0.0,47.616289066221746,0.011692179904239517,-0.999931644128281,0.8369580626387091,-0.5472670293230342,29.53971578695374,-461.779999769025,0.0,-25.0,-0.0,0.0,0.024556991118110886,33.819381150927065,8.829000000000008,0.024556991118110886,-0.009618849072943192,0.5567382181345377,-47.613034213274595,0.0,-0.0,-1.6965053662370457,0.0,0.0,0.5567382181345377,-49.30953957951164
30.000000000000156,0.0,453.0,468.56347632206564,467.6114308769237,0.7545494821413712,T_SOFT_ACC,caténaire,,0.0,0.04794179444710313,6.550828128456508,0.01167666196356971,-0.9999318254588102,0.838138657812643,-0.5454572304773504,29.53789081404554,-461.8310422084914,0.0,-25.0,-0.04018187125102463,0.02615019842323129,0.024699181673746618,33.81198087308525,8.829000000000008,-0.015482689577278014,0.009131071508470257,0.0,-0.0,0.04018187125102463,-0.02615019842323129,-1.6967786063599826,0.0,-2.220446049250313e-16,0.04018187125102463,-1.722928804783214
30.100000000000158,0.0,453.0,468.6378804346928,467.6795909477694,0.7440411262715843,PILOT_DESC_ADD_SLACK_ACC,caténaire,,47.63145307172894,0.0,47.63145307172894,0.011661193128391811,-0.9999320059758176,0.8393120027037473,-0.5436500364365157,29.536074074197895,-461.88209032100013,0.0,-25.0,-0.0,0.0,0.024476831886521496,33.8194972637657,8.829000000000008,0.024476831886521496,-0.009502736234310305,0.5554395732553625,-47.62821441755694,0.0,-0.0,-1.6970480411599844,0.0,-2.220446049250313e-16,0.5554395732553625,-49.32526245871692
30.20000000000016,0.0,453.0,468.7131334523969,467.7475761214868,0.7525301770410376,T_SOFT_ACC,caténaire,,0.0,0.047694124053103824,6.550006498305534,0.01164595963648858,-0.9999321835125345,0.840467074815855,-0.5418626174137499,29.534252080320886,-461.9331329136447,0.0,-25.0,-0.04008534092881668,0.025843662894670924,0.02461861107715001,33.81218381265632,8.829000000000008,-0.01546672985166667,0.009027475550986708,0.0,-0.0,0.04008534092881668,-0.025843662894670924,-1.6973205500450272,0.0,2.220446049250313e-16,0.04008534092881668,-1.723164212939698
30.30000000000016,0.0,453.0,468.78729524740623,467.8155431710772,0.7416179500935196,PILOT_DESC_ADD_SLACK_ACC,caténaire,,47.64657349419981,0.0,47.64657349419981,0.011630768103662103,-0.9999323603290968,0.8416155455391063,-0.5400770995949674,29.53243829264757,-461.98418111168513,0.0,-25.0,-0.0,0.0,0.02439734756827104,33.819610593730786,8.829000000000008,0.02439734756827104,-0.009389406269221467,0.5541662472451313,-47.643350695649,0.0,-0.0,-1.6975891073559144,0.0,-2.220446049250313e-16,0.5541662472451313,-49.340939803004915
30.400000000000162,0.0,453.0,468.8623490797824,467.8832935438883,0.7505383237616652,T_SOFT_ACC,caténaire,,0.0,0.04745350253230655,6.549207544950147,0.011615837790300013,-0.9999325338803762,0.8427432281065936,-0.538315754442017,29.530619257102796,-462.03522385379887,0.0,-25.0,-0.03999111790904043,0.02554496801659476,0.024538730562317698,33.81238183886659,8.829000000000008,-0.015452387346722735,0.00892680688318137,0.0,-0.0,0.03999111790904043,-0.02554496801659476,-1.6978608949440144,0.0,0.0,0.03999111790904043,-1.723405862960609
30.500000000000163,0.0,453.0,468.9362716277032,467.95105768698454,0.7392254792079448,PILOT_DESC_ADD_SLACK_ACC,caténaire,,47.661651752837024,0.0,47.661651752837024,0.01160092396591081,-0.9999327070173959,0.8438666586773466,-0.5365529446128597,29.528808401134874,-462.0862721352996,0.0,-25.0,-0.0,0.0,0.024318542279899973,33.81972117937118,8.829000000000008,0.024318542279899973,-0.00927882062882901,0.5529191980743821,-47.65844445813474,0.0,-0.0,-1.6981285858848962,0.0,0.0,0.5529191980743821,-49.35657304401963
30.600000000000165,0.0,453.0,469.011128985523,468.01859332952597,0.748573578197613,T_SOFT_ACC,caténaire,,0.0,0.04721877402503584,6.548429983877864,0.011586275345587862,-0.9999328768590501,0.8449688440108651,-0.5348155314226973,29.52699230290592,-462.13731502310526,0.0,-25.0,-0.0398983929035448,0.0252533337233278,0.024459545955778917,33.81257486130076,8.829000000000008,-0.015438846947765882,0.008828195024079832,0.0,-0.0,0.0398983929035448,-0.0252533337233278,-1.6983996619923942,0.0,0.0,0.0398983929035448,-1.723652995715722
30.700000000000166,0.0,453.0,469.0848153180178,468.0861721184693,0.7368633249476241,PILOT_DESC_ADD_SLACK_ACC,caténaire,,47.67668747665496,0.0,47.67668747665496,0.011571620355000705,-0.9999330465597983,0.8460688998204853,-0.5330735566097363,29.52518435785895,-462.18836338595713,0.0,-25.0,-0.0,0.0,0.024240421811871422,33.819828970436205,8.829000000000008,0.024240421811871422,-0.009171029563802335,0.5516965272638678,-47.67349535841098,0.0,-0.0,-1.6986664975416348,0.0,2.220446049250313e-16,0.5516965272638678,-49.37216185595262
30.800000000000168,0.0,453.0,469.1594788766089,468.1535056722034,0.7466355859110487,T_SOFT_ACC,caténaire,,0.0,0.04698968099516452,6.5476732704914555,0.011557238199462706,-0.9999332128923416,0.847146924018237,-0.5313587198178265,29.523371175857307,-462.23940641596135,0.0,-25.0,-0.03980716371565183,0.02496837673823867,0.024381056449578293,33.81276325609097,8.829000000000008,-0.015426107266073536,0.008731632829196201,0.0,-0.0,0.03980716371565183,-0.02496837673823867,-1.698936871856523,0.0,0.0,0.03980716371565183,-1.7239052485947617
30.90000000000017,0.0,453.0,469.232931985647,468.22087786497434,0.7345310903811343,PILOT_DESC_ADD_SLACK_ACC,caténaire,,47.691682029441786,0.0,47.691682029441786,0.011542851177494479,-0.9999333790741732,0.8482226554821054,-0.5296398084801459,29.52156612087448,-462.29045485821354,0.0,-25.0,-0.0,0.0,0.02416298540949739,33.81993417682457,8.829000000000008,0.02416298540949739,-0.009065823175440357,0.5504979880702344,-47.68850476543075,0.0,-0.0,-1.6992028628487459,0.0,-2.220446049250313e-16,0.5504979880702344,-49.38770762827949
31.00000000000017,0.0,453.0,469.30740438631807,468.28803095223407,0.7447240067110432,T_SOFT_ACC,caténaire,,0.0,0.04676591887346292,6.54693607375716,0.011528714320437373,-0.9999335421647368,0.8492784100171035,-0.5279452455310308,29.519755833981336,-462.3414980270744,0.0,-25.0,-0.039717285223843435,0.024689844522134647,0.024303260120755534,33.81294722375041,8.829000000000008,-0.0154140251030879,0.008637068272541626,0.0,-0.0,0.039717285223843435,-0.024689844522134647,-1.6994725449358237,0.0,2.220446049250313e-16,0.039717285223843435,-1.724162389457958
31.100000000000172,0.0,453.0,469.3806272255607,468.35521043126397,0.7322283924262376,PILOT_DESC_ADD_SLACK_ACC,caténaire,,47.70663520040787,0.0,47.70663520040787,0.011514579741634601,-0.9999337050291752,0.8503311917328861,-0.5262479115076181,29.5179536481749,-462.39254654686073,0.0,-25.0,-0.0,0.0,0.02408623121771185,33.82003691067331,8.829000000000008,0.02408623121771185,-0.008963089326698537,0.5493218552201686,-47.70347249041911,0.0,-0.0,-1.6997377020669324,0.0,2.220446049250313e-16,0.5493218552201686,-49.40321019248604
31.200000000000173,0.0,453.0,469.4549110748796,468.42214202426504,0.7428384931887122,T_SOFT_ACC,caténaire,,0.0,0.046548441888442454,6.546218999146112,0.01150071123051222,-0.999933864633653,0.8513624299754617,-0.5245779377997868,29.516146235252055,-462.4435898514259,0.0,-25.0,-0.039629594597715936,0.024418285653632354,0.024226154768682662,33.81312701540416,8.829000000000008,-0.015403439829033274,0.008545301057786503,0.0,-0.0,0.039629594597715936,-0.024418285653632354,-1.7000067013651956,0.0,2.220446049250313e-16,0.039629594597715936,-1.7244249870188277
31.300000000000175,0.0,453.0,469.52790655913174,468.48912825676,0.7299548425213802,PILOT_DESC_ADD_SLACK_ACC,caténaire,,47.721548080052415,0.0,47.721548080052415,0.011486823651141394,-0.999934024264805,0.8523926726805321,-0.5229022198848836,29.514346897714134,-462.4946384469859,0.0,-25.0,-0.0,0.0,0.02401015710696249,33.82013731206361,8.829000000000008,0.02401015710696249,-0.008862687936399993,0.5481690071550273,-47.71839961583319,0.0,-0.0,-1.7002710351903843,0.0,0.0,0.5481690071550273,-49.418670651023575
31.400000000000176,0.0,453.0,469.60200443005874,468.5558861288265,0.7409787092698974,T_SOFT_ACC,caténaire,,0.0,0.04633545431231773,6.545520438637065,0.0114731847652154,-0.9999341808495913,0.8534029474910851,-0.5212517714248347,29.512542337338544,-462.54568188395564,0.0,-25.0,-0.039542813283470465,0.024152437640070114,0.024149745314076203,33.81330243581305,8.829000000000008,-0.015393067969394263,0.008454873453111134,0.0,-0.0,0.039542813283470465,-0.024152437640070114,-1.700539361017127,0.0,0.0,0.039542813283470465,-1.7246917986571972
31.500000000000178,0.0,453.0,469.6747754363897,468.62264737739025,0.727710063310067,PILOT_DESC_ADD_SLACK_ACC,caténaire,,47.73642125434222,0.0,47.73642125434222,0.011459560646896117,-0.9999343370790803,0.8544090372466495,-0.5196009979505944,29.51074582687806,-462.5967305534468,0.0,-25.0,-0.0,0.0,0.023934767973586384,33.82023527214966,8.829000000000008,0.023934767973586384,-0.008764727850348208,0.5470384144299155,-47.733286741488406,0.0,-0.0,-1.700802881954941,0.0,0.0,0.5470384144299155,-49.43408962344335
31.60000000000018,0.0,453.0,469.74868986865556,468.68918084694286,0.7391443226583381,T_SOFT_ACC,caténaire,,0.0,0.04612877227254402,6.544840556200087,0.011446180642233485,-0.9999344903285942,0.8553955111124468,-0.5179754044051472,29.50894409780341,-462.6477741198443,0.0,-25.0,-0.039458344735062455,0.02389356947258393,0.02407402431498207,33.81347391278538,8.829000000000008,-0.015384320420080384,0.00836748225795958,0.0,-0.0,0.039458344735062455,-0.02389356947258393,-1.7010705435071272,0.0,2.220446049250313e-16,0.039458344735062455,-1.7249641129797109
31.70000000000018,0.0,453.0,469.82123923683787,468.7558033019491,0.725493681823091,PILOT_DESC_ADD_SLACK_ACC,caténaire,,47.75125353214725,0.0,47.75125353214725,0.011432755689054845,-0.999934643912968,0.8563833988694423,-0.5163404633967995,29.507150393403535,-462.69882286160424,0.0,-25.0,-0.0,0.0,0.023860056516190553,33.82033102975655,8.829000000000008,0.023860056516190553,-0.008668970243455476,0.5459284154791568,-47.74813269706552,0.0,-0.0,-1.7013332618410502,0.0,-4.440892098500626e-16,0.5459284154791568,-49.44946595890657
31.800000000000182,0.0,453.0,469.8949727351171,468.8221668278434,0.7373349827926226,T_SOFT_ACC,caténaire,,0.0,0.04592584680757078,6.544178941618072,0.011419592811575657,-0.9999347943241188,0.8573499601852533,-0.5147339563020341,29.505351473970343,-462.74986655432355,0.0,-25.0,-0.03937452293194485,0.02363959282378205,0.023999000118684156,33.813641275033326,8.829000000000008,-0.015375522813260694,0.008280867857102692,0.0,-0.0,0.03937452293194485,-0.02363959282378205,-1.7016002681886946,0.0,2.220446049250313e-16,0.03937452293194485,-1.7252398610124764
31.900000000000183,0.0,453.0,469.9673032660825,468.8885951709762,0.7233053096540698,PILOT_DESC_ADD_SLACK_ACC,caténaire,,47.766047245207744,0.0,47.766047245207744,0.011406400345105904,-0.9999349448995005,0.8583164844870577,-0.513120660720048,29.503560554203855,-462.80091536661786,0.0,-25.0,-0.0,0.0,0.02378603101175319,33.82042448937066,8.829000000000008,0.02378603101175319,-0.008575510629349026,0.5448386577820825,-47.76293982020375,0.0,-0.0,-1.7018621940615604,0.0,0.0,0.5448386577820825,-49.46480201426531
32.000000000000185,0.0,453.0,470.0408583030079,468.9547868527127,0.7355503692537596,T_SOFT_ACC,caténaire,,0.0,0.04572772511230016,6.543534481255546,0.011393451302763273,-0.9999350925272158,0.8592633811474444,-0.5115334219961212,29.50176442304204,-462.85195918297677,0.0,-25.0,-0.039292159692175935,0.023391259706792865,0.023924662307668678,33.81380508412389,8.829000000000008,-0.015367497384507257,0.0081963438306758,0.0,-0.0,0.039292159692175935,-0.023391259706792865,-1.7021285541586484,0.0,2.220446049250313e-16,0.039292159692175935,-1.725519813865441
32.100000000000186,0.0,453.0,470.1129727616589,469.02104560241366,0.72,PILOT_DESC_ADD_SLACK_ACC,caténaire,,47.78080196863232,0.0,47.78080196863232,0.011380470237662258,-0.9999352403516787,0.8602104659269103,-0.5099391672639076,29.49997626676766,-462.90300806430764,0.0,-25.0,-0.0,0.0,0.02371268122164709,33.82051596445986,8.829000000000008,0.02371268122164709,-0.008484035540149648,0.5437679947356543,-47.77770770070032,0.0,-0.0,-1.7023896975828197,0.0,2.220446049250313e-16,0.5437679947356543,-49.480097398283135
32.20000000000019,0.0,453.0,470.1863517769056,469.0870438057568,0.7337901524670637,T_SOFT_ACC,caténaire,,0.0,0.04553453332651485,6.542907524309965,0.011367745047975464,-0.9999353850987194,0.8611367078908907,-0.5083734555647441,29.498182902440647,-462.95405200163555,0.0,-25.0,-0.03921145812414305,0.02314854805472836,0.02385100999935826,33.81396535531953,8.829000000000008,-0.015360448124784789,0.008113903374251663,0.0,-0.0,0.03921145812414305,-0.02314854805472836,-1.702655420263989,0.0,0.0,0.03921145812414305,-1.7258039683187174
32.30000000000019,0.0,453.0,470.2582528913873,469.1531094090256,0.7190111448171748,PILOT_DESC_ADD_SLACK_ACC,caténaire,,47.795519061298265,0.0,47.795519061298265,0.011354986437437401,-0.9999355300633165,0.8620632501210539,-0.5068007032263524,29.4963974884503,-463.0051009505117,0.0,-25.0,-0.0,0.0,0.02364000631514716,33.820605463677786,8.829000000000008,0.02364000631514716,-0.008394536322221313,0.5427174707113226,-47.79243768721063,0.0,-0.0,-1.702915791118721,0.0,0.0,0.5427174707113226,-49.49535347832935
32.40000000000019,0.0,453.0,470.33145829324747,469.2189218098678,0.7320540186016856,T_SOFT_ACC,caténaire,,0.0,0.04534582119205565,6.542297120467339,0.011342475303257734,-0.9999356720579554,0.8629696911670949,-0.5052556898511575,29.494606869433113,-463.0561450060714,0.0,-25.0,-0.03913206930982657,0.022911234168259315,0.023778042902266802,33.81412200040495,8.829000000000008,-0.01535402640755977,0.008033234573204595,0.0,-0.0,0.03913206930982657,-0.022911234168259315,-1.703180885104964,0.0,0.0,0.03913206930982657,-1.7260921192732233
32.50000000000019,0.0,453.0,470.40314875645873,469.284828149329,0.7169046321126511,PILOT_DESC_ADD_SLACK_ACC,caténaire,,47.810197801329686,0.0,47.810197801329686,0.011329912460597079,-0.9999358144819274,0.8638781463826166,-0.5037008518977654,29.49282417643023,-463.1071940209643,0.0,-25.0,-0.0,0.0,0.023568006044211293,33.82069293768258,8.829000000000008,0.023568006044211293,-0.008307062317427949,0.5416853558128962,-47.80712907901465,0.0,-0.0,-1.7034404931418767,0.0,2.220446049250313e-16,0.5416853558128962,-49.51056957215653
32.60000000000019,0.0,453.0,470.47618292060054,469.35049214373794,0.7303416414180071,T_SOFT_ACC,caténaire,,0.0,0.045160656756684604,6.541702621874578,0.011317587000809272,-0.9999359540612982,0.86476742605957,-0.5021725787279767,29.49103628117187,-463.15823819216416,0.0,-25.0,-0.03905346490263788,0.022678443460553335,0.023705759077289373,33.81427521215363,8.829000000000008,-0.015347705825348504,0.007953655614180377,0.0,-0.0,0.03905346490263788,-0.022678443460553335,-1.7037049670360478,0.0,2.220446049250313e-16,0.03905346490263788,-1.726383410496601
32.700000000000195,0.0,453.0,470.5476653891712,469.41622143968453,0.7148246857063895,PILOT_DESC_ADD_SLACK_ACC,caténaire,,47.8248393511885,0.0,47.8248393511885,0.011305227859071905,-0.9999360938695304,0.8656570279197966,-0.5006375036022216,29.489256287833204,-463.20928727162664,0.0,-25.0,-0.0,0.0,0.02349667853470325,33.82077849424819,8.829000000000008,0.02349667853470325,-0.008221505751819791,0.5406707061886946,-47.82178305076524,0.0,-0.0,-1.703963821875423,0.0,0.0,0.5406707061886946,-49.52574687264067
32.800000000000196,0.0,453.0,470.62053066007377,469.48172256456354,0.7286527090256067,T_SOFT_ACC,caténaire,,0.0,0.044979834145446075,6.541123746932376,0.01129309380104723,-0.9999362309829567,0.8665285718223535,-0.499127472911993,29.487471094980815,-463.26033155612885,0.0,-25.0,-0.03897631144285972,0.022450670949017072,0.023634150665935584,33.81442532688634,8.829000000000008,-0.015342160776924137,0.007875997835348869,0.0,-0.0,0.03897631144285972,-0.022450670949017072,-1.7042276841674322,0.0,-2.220446049250313e-16,0.03897631144285972,-1.7266783551164495
32.9000000000002,0.0,453.0,470.6918077557497,469.54727182083116,0.7127709567593917,PILOT_DESC_ADD_SLACK_ACC,caténaire,,47.839444279204805,0.0,47.839444279204805,0.011280936264633128,-0.9999363682139946,0.867399472586352,-0.4976124545838039,29.48569378017865,-463.31138069885543,0.0,-25.0,-0.0,0.0,0.023426016070866463,33.820862321138414,8.829000000000008,0.023426016070866463,-0.008137678861594111,0.5396737218491773,-47.83640016992381,0.0,-0.0,-1.7044857953032293,0.0,0.0,0.5396737218491773,-49.54088596522704
33.0000000000002,0.0,453.0,470.76450644720705,469.6125758835772,0.7269869145735126,T_SOFT_ACC,caténaire,,0.0,0.04480370725244404,6.540560706136621,0.01126901160801399,-0.9999365026727339,0.8682515404116414,-0.4961242410654935,29.48391126833607,-463.36242509426023,0.0,-25.0,-0.03890088783808677,0.02222820525753935,0.023563216245673764,33.814572262492,8.829000000000008,-0.015337671592413005,0.007800467749532913,0.0,-0.0,0.03890088783808677,-0.02222820525753935,-1.704749054371869,0.0,0.0,0.03890088783808677,-1.7269772596294084
33.1000000000002,0.0,453.0,470.83558075739467,469.67797639655714,0.71,PILOT_DESC_ADD_SLACK_ACC,caténaire,,47.85401247159841,0.0,47.85401247159841,0.01125703159618618,-0.9999366376124251,0.8691059480050383,-0.49462597095407745,29.482136610898902,-463.41347429891084,0.0,-25.0,-0.0,0.0,0.02335601728707233,33.82094437247731,8.829000000000008,0.02335601728707233,-0.008055627522701059,0.5386941303970708,-47.85098032711317,0.0,-0.0,-1.7050064311736945,0.0,0.0,0.5386941303970708,-49.55598675828686
33.2000000000002,0.0,453.0,470.908115152153,469.7431057534901,0.72534394758366,T_SOFT_ACC,caténaire,,0.0,0.04463111114928512,6.5400130782118255,0.011245298217082126,-0.9999367696349649,0.8699402132858445,-0.4931572014157144,29.480356758502058,-463.46451880275697,0.0,-25.0,-0.03882639835239333,0.02201015387045514,0.02349295769654543,33.8147159374618,8.829000000000008,-0.015333440655847897,0.007726091332244778,0.0,-0.0,0.03882639835239333,-0.02201015387045514,-1.7052690952853264,0.0,2.220446049250313e-16,0.03882639835239333,-1.7272792491557813
33.3000000000002,0.0,453.0,470.97898922968295,469.8083365554112,0.7087407752996255,PILOT_DESC_ADD_SLACK_ACC,caténaire,,47.86854493895016,0.0,47.86854493895016,0.011233505641415991,-0.9999369021848351,0.8707771705070938,-0.49167786133164454,29.478584737091115,-463.5155680679573,0.0,-25.0,-0.0,0.0,0.023286684076315192,33.82102460291604,8.829000000000008,0.023286684076315192,-0.00797539708396755,0.5377315696180714,-47.86552453834939,0.0,-0.0,-1.7055257469975815,0.0,0.0,0.5377315696180714,-49.57105028534697
33.400000000000205,0.0,453.0,471.0513615806336,469.8733266760123,0.72372350950654,T_SOFT_ACC,caténaire,,0.0,0.04446171154362841,6.539479606016557,0.011221937621945616,-0.9999370320755248,0.8715960392244382,-0.49022478967130123,29.476807522722442,-463.566612677979,0.0,-25.0,-0.038752651678566,0.0217962331899013,0.02342336860499921,33.8148566107751,8.829000000000008,-0.01532928307356679,0.007652843964997658,0.0,-0.0,0.038752651678566,-0.0217962331899013,-1.705787824310455,0.0,0.0,0.038752651678566,-1.7275840575003563
33.500000000000206,0.0,453.0,471.1220379449236,469.9384333965849,0.7067636428999011,PILOT_DESC_ADD_SLACK_ACC,caténaire,,47.88304097675312,0.0,47.88304097675312,0.011210300680199386,-0.9999371626050606,0.8724185273067061,-0.48875956585216623,29.475038116143306,-463.61766200246376,0.0,-25.0,-0.0,0.0,0.023218010147221423,33.82110315691114,8.829000000000008,0.023218010147221423,-0.007896843088865069,0.5367832868317106,-47.880032131196366,0.0,-0.0,-1.706043760056544,0.0,0.0,0.5367832868317106,-49.58607589125291
33.60000000000021,0.0,453.0,471.1942504740055,470.0032561097382,0.7221252908193251,T_SOFT_ACC,caténaire,,0.0,0.04429615658203792,6.53896114026922,0.011198912916737002,-0.9999372902084827,0.8732206029548892,-0.48732512614793405,29.473263518532885,-463.66870671665447,0.0,-25.0,-0.038680316559151336,0.02158663009421027,0.023354442570806724,33.81499462591482,8.829000000000008,-0.015325873988344611,0.007581256009025594,0.0,-0.0,0.038680316559151336,-0.02158663009421027,-1.7063052586168224,0.0,0.0,0.038680316559151336,-1.7278918887110326
33.70000000000021,0.0,453.0,471.264731610162,470.06817318724814,0.7048113615652508,PILOT_DESC_ADD_SLACK_ACC,caténaire,,47.89750320578753,0.0,47.89750320578753,0.011187469409886828,-0.9999374183058671,0.87402503987973,-0.48588088011696473,29.471496705736655,-463.7197560993032,0.0,-25.0,-0.0,0.0,0.02314998922054011,33.82118022629597,8.829000000000008,0.02314998922054011,-0.007819773704035526,0.5358518519247043,-47.894505698892175,0.0,-0.0,-1.7065604873959008,0.0,2.220446049250313e-16,0.5358518519247043,-49.60106618628807
33.80000000000021,0.0,453.0,471.3367865117101,470.1328515288854,0.7205490154810699,T_SOFT_ACC,caténaire,,0.0,0.044133926180911345,6.538456041990435,0.011176243982832691,-0.9999375438348318,0.8748119523137546,-0.4844626384861862,29.46972470363236,-463.77080091550204,0.0,-25.0,-0.03860888612559418,0.02138123832435888,0.02328617664978402,33.81512977831472,8.829000000000008,-0.015322709475810162,0.007511016639071499,0.0,-0.0,0.03860888612559418,-0.02138123832435888,-1.7068214151497878,0.0,0.0,0.03860888612559418,-1.7282026534741466
33.90000000000021,0.0,453.0,471.40707487362744,470.1976314953001,0.7028836191733668,PILOT_DESC_ADD_SLACK_ACC,caténaire,,47.91192992015247,0.0,47.91192992015247,0.011164958000705919,-0.9999376699139014,0.8756016852466096,-0.48303383814521444,29.467960463586945,-463.8218503551081,0.0,-25.0,-0.0,0.0,0.023082618427046682,33.821255696956015,8.829000000000008,0.023082618427046682,-0.007744303043992318,0.5349346852912675,-47.90894356543539,0.0,-0.0,-1.7070759458479836,0.0,4.440892098500626e-16,0.5349346852912675,-49.616019511283376
34.00000000000021,0.0,453.0,471.47897431175323,470.26213103643084,0.718994381257936,T_SOFT_ACC,caténaire,,0.0,0.0439755661894044,6.5379653220724,0.01115391330065352,-0.9999377931741962,0.8763717012403948,-0.48163538207342727,29.46619103581914,-463.8728952713247,0.0,-25.0,-0.03853894175441792,0.021180188623529078,0.023218566222545107,33.8152622938969,8.829000000000008,-0.01532037553187281,0.007442482520424676,0.0,-0.0,0.03853894175441792,-0.021180188623529078,-1.7073363106322361,0.0,0.0,0.03853894175441792,-1.7285164992557651
34.100000000000215,0.0,453.0,471.54907231984106,470.3267608299507,0.7009800808782654,PILOT_DESC_ADD_SLACK_ACC,caténaire,,47.926322782791004,0.0,47.926322782791004,0.01114278986282869,-0.9999379171898988,0.877146228770416,-0.48022337859983133,29.46442934757341,-463.92394476677663,0.0,-25.0,-0.0,0.0,0.023015893243634903,33.82132969497135,8.829000000000008,0.023015893243634903,-0.007670305028661062,0.5340329436667394,-47.92334738199483,0.0,-0.0,-1.7075901520144228,0.0,0.0,0.5340329436667394,-49.630937534009256
34.200000000000216,0.0,453.0,471.6208184305986,470.3911012480346,0.7174611075753263,T_SOFT_ACC,caténaire,,0.0,0.04382027518653159,6.537488110095185,0.011131910576912117,-0.9999380383638317,0.8779007581057258,-0.478842624374013,29.462662472914985,-463.97498978092847,0.0,-25.0,-0.03846985280665761,0.020983015571110226,0.023151610370477985,33.81539205056311,8.829000000000008,-0.015318242436179623,0.007375066134216013,0.0,-0.0,0.03846985280665761,-0.020983015571110226,-1.707849961564195,0.0,2.220446049250313e-16,0.03846985280665761,-1.728832977135305
34.30000000000022,0.0,453.0,471.69072847381625,470.4555840761927,0.6991004321765357,PILOT_DESC_ADD_SLACK_ACC,caténaire,,47.94068174561301,0.0,47.94068174561301,0.01112094484894225,-0.9999381603807642,0.8786605168395594,-0.47744706109393775,29.46090331546002,-464.0260393310635,0.0,-25.0,-0.0,0.0,0.022949812799309643,33.82140215232323,8.829000000000008,0.022949812799309643,-0.007597847676777292,0.5331456777136548,-47.93771711210796,0.0,-0.0,-1.7081031222813565,0.0,-2.220446049250313e-16,0.5331456777136548,-49.64582023438932
34.40000000000022,0.0,453.0,471.76232336489414,470.5197701832769,0.7159489107790448,T_SOFT_ACC,caténaire,,0.0,0.043668123812348726,6.537024088419831,0.011110225181901535,-0.9999382795434965,0.8794000893620897,-0.47608348304677467,29.45913897282249,-464.07708444121937,0.0,-25.0,-0.03840175198285427,0.02078967248270078,0.023085303054333012,33.81551924878167,8.829000000000008,-0.015316448928521256,0.00730892126436089,0.0,-0.0,0.03840175198285427,-0.02078967248270078,-1.7083623842290852,0.0,-2.220446049250313e-16,0.03840175198285427,-1.7291520567117862
34.50000000000022,0.0,453.0,471.8320478005562,470.5840826704304,0.6972443566204907,PILOT_DESC_ADD_SLACK_ACC,caténaire,,47.955007771683185,0.0,47.955007771683185,0.011099428443768987,-0.9999383994467966,0.8801440032405717,-0.4747067869323761,29.45738232528598,-464.128134044959,0.0,-25.0,-0.0,0.0,0.02288437116877853,33.82147318070629,8.829000000000008,0.02288437116877853,-0.007526819293715903,0.5322731772821832,-47.95205371667558,0.0,-0.0,-1.7086148728176123,0.0,-2.220446049250313e-16,0.5322731772821832,-49.66066858949319
34.60000000000022,0.0,453.0,471.9034935523667,470.64811798706694,0.7144575181044814,T_SOFT_ACC,caténaire,,0.0,0.04351915532614068,6.536572616086697,0.011088863339543268,-0.9999385166648181,0.8808690669018647,-0.4733599972277317,29.455620493693388,-464.1791792492097,0.0,-25.0,-0.03833467774449486,0.02060022724453518,0.023019638957825172,33.815643917684476,8.829000000000008,-0.015315038786669687,0.007244144929003937,0.0,-0.0,0.03833467774449486,-0.02060022724453518,-1.708873594696959,0.0,0.0,0.03833467774449486,-1.7294738219414942
34.70000000000022,0.0,453.0,471.97303470720453,470.7123168978629,0.6954115483782154,PILOT_DESC_ADD_SLACK_ACC,caténaire,,47.96929997934706,0.0,47.96929997934706,0.011078198745667504,-0.9999386348734364,0.8816005795137897,-0.4719962057060948,29.453866335313784,-464.2302289054879,0.0,-25.0,-0.0,0.0,0.022819563139384578,33.821542796611126,8.829000000000008,0.022819563139384578,-0.007457203388881339,0.5314134388617509,-47.96635633718266,0.0,-0.0,-1.7091254195824932,0.0,-2.220446049250313e-16,0.5314134388617509,-49.67548175676515
34.800000000000225,0.0,453.0,472.04433337153273,470.77620094397747,0.7129866432822322,T_SOFT_ACC,caténaire,,0.0,0.043373062066657524,6.536134133274175,0.011067786162527007,-0.99993875017896,0.88231133959622,-0.4706662299548629,29.452106993820678,-464.2812742020307,0.0,-25.0,-0.038268544494422595,0.02041423560451197,0.02295461494111664,33.81576619832,8.829000000000008,-0.015313929553305954,0.007180433924503404,0.0,-0.0,0.038268544494422595,-0.02041423560451197,-1.7093836088234553,0.0,-2.220446049250313e-16,0.038268544494422595,-1.7297978444279676
34.900000000000226,0.0,453.0,472.11369354056086,470.84025103833983,0.6936016902815385,PILOT_DESC_ADD_SLACK_ACC,caténaire,,47.983560158783234,0.0,47.983560158783234,0.011057272468231231,-0.9999388664941288,0.8830286897228654,-0.4693190099775625,29.450355303865887,-464.3323239098408,0.0,-25.0,-0.0,0.0,0.022755385646250945,33.821611078742926,8.829000000000008,0.022755385646250945,-0.007388921257081904,0.5305672986714309,-47.98062675552654,0.0,-0.0,-1.7096347783167847,0.0,0.0,0.5305672986714309,-49.690261533843326
35.00000000000023,0.0,453.0,472.1848471428847,470.90398203051365,0.7115360232381751,T_SOFT_ACC,caténaire,,0.0,0.04322997840994945,6.535707976204066,0.011047010766318524,-0.9999389799148392,0.8837252794848683,-0.4680060153453066,29.448598431659676,-464.3833692969138,0.0,-25.0,-0.0382034247524574,0.020231889939104075,0.022890225221477097,33.81588614475058,8.829000000000008,-0.015313199530980304,0.007118034689675312,0.0,-0.0,0.0382034247524574,-0.020231889939104075,-1.7098924422540942,0.0,4.440892098500626e-16,0.0382034247524574,-1.7301243321931978
35.10000000000023,0.0,453.0,472.25402859156867,470.96789225254844,0.6918144868396903,PILOT_DESC_ADD_SLACK_ACC,caténaire,,47.99778815368468,0.0,47.99778815368468,0.011036640062301187,-0.9999390944333235,0.8844291903551222,-0.46667441246310365,29.446849189528535,-464.4344190552719,0.0,-25.0,-0.0,0.0,0.02269183301536806,33.82167805722575,8.829000000000008,0.02269183301536806,-0.007321942774254353,0.5297343116388017,-47.994864821197964,0.0,-0.0,-1.7101429645590023,0.0,-2.220446049250313e-16,0.5297343116388017,-49.70500778575697
35.20000000000023,0.0,453.0,472.32503913057633,471.0315090405016,0.7101053900767798,T_SOFT_ACC,caténaire,,0.0,0.04308912601340471,6.535293337383716,0.011026503974921087,-0.9999392062571059,0.8851139726358757,-0.4653743175603251,29.44509476586544,-464.485464531129,0.0,-25.0,-0.038138787503132494,0.02005257261275907,0.022826465721451503,33.81600377790107,8.829000000000008,-0.015312321781680991,0.00705635051382103,0.0,-0.0,0.038138787503132494,-0.02005257261275907,-1.7104001104303792,0.0,0.0,0.038138787503132494,-1.7304526830431384
35.30000000000023,0.0,453.0,472.39404409447644,471.0952704760712,0.6900496390008994,PILOT_DESC_ADD_SLACK_ACC,caténaire,,48.01198441316295,0.0,48.01198441316295,0.011016279328663878,-0.9999393189537817,0.885804166542907,-0.4640592403295361,29.443347951024258,-464.53651433906015,0.0,-25.0,-0.0,0.0,0.022628901254837786,33.821743743881015,8.829000000000008,0.022628901254837786,-0.00725625611899261,0.5289134314188593,-48.00907099571774,0.0,-0.0,-1.710649993642356,0.0,0.0,0.5289134314188593,-49.7197209893601
35.40000000000023,0.0,453.0,472.464913542503,471.15874865644236,0.7086944802653463,T_SOFT_ACC,caténaire,,0.0,0.04295135562790931,6.5348903240843415,0.011006281033504471,-0.9999394290544861,0.8864759959538996,-0.46277457643818526,29.441595955418364,-464.5875599021388,0.0,-25.0,-0.03807534575782104,0.019876795408151595,0.02276332748036334,33.81611934102374,8.829000000000008,-0.0153120182774577,0.006996136431887123,0.0,-0.0,0.03807534575782104,-0.019876795408151595,-1.71090662859009,0.0,2.220446049250313e-16,0.03807534575782104,-1.7307834239982414
35.500000000000234,0.0,453.0,472.5337442277448,471.2223974574645,0.6883068524184457,PILOT_DESC_ADD_SLACK_ACC,caténaire,,48.026148926774724,0.0,48.026148926774724,0.010996179023350953,-0.9999395401957493,0.8871546544515345,-0.46147223002579296,29.439851547588297,-464.6386097587705,0.0,-25.0,-0.0,0.0,0.02256658155307447,33.8218082745076,8.829000000000008,0.02256658155307447,-0.007191725492404544,0.5281041314009292,-48.02324527521169,0.0,-0.0,-1.7111558806980354,0.0,0.0,0.5281041314009292,-49.73440115590973
35.600000000000236,0.0,453.0,472.60447453062096,471.28573149066426,0.7073030287612851,T_SOFT_ACC,caténaire,,0.0,0.042816233683111105,6.534499191853279,0.010986319652384297,-0.9999396485691002,0.8878134314081647,-0.4602035538881243,29.438101959532517,-464.6896554074626,0.0,-25.0,-0.03801282734617671,0.019704182905072143,0.022700808834313316,33.81623277370603,8.829000000000008,-0.015312018511863396,0.006936956611092171,0.0,-0.0,0.03801282734617671,-0.019704182905072143,-1.7114120117684373,0.0,2.220446049250313e-16,0.03801282734617671,-1.7311161946735092
35.70000000000024,0.0,453.0,472.6731331138368,471.3492047455926,0.6865858321583973,PILOT_DESC_ADD_SLACK_ACC,caténaire,,48.04028347836224,0.0,48.04028347836224,0.010976374481536884,-0.9999397577870585,0.8884773411997571,-0.4589204878566773,29.436359938413016,-464.7407053118969,0.0,-25.0,-0.0,0.0,0.02250487229911823,33.82187161535863,8.829000000000008,0.02250487229911823,-0.0071283846413763285,0.5273081416576932,-48.03738942537517,0.0,-0.0,-1.7116606406544488,0.0,2.220446049250313e-16,0.5273081416576932,-49.74905006602962
35.80000000000024,0.0,453.0,472.743726193079,471.4124157918934,0.7059307924220856,T_SOFT_ACC,caténaire,,0.0,0.04268359740352702,6.534118613906075,0.010966639263335968,-0.9999398646035009,0.8891244119612655,-0.45766557665454133,29.434612737546185,-464.7917510445569,0.0,-25.0,-0.037951028441802356,0.019534813219375478,0.02263890380490259,33.81634402630509,8.829000000000008,-0.015312124636899765,0.006878839524453895,0.0,-0.0,0.037951028441802356,-0.019534813219375478,-1.7119162748057817,0.0,0.0,0.037951028441802356,-1.7314510880251572
35.90000000000024,0.0,453.0,472.81221482345285,471.4757865912353,0.6848863037386295,PILOT_DESC_ADD_SLACK_ACC,caténaire,,48.05438637485739,0.0,48.05438637485739,0.010956806586120233,-0.9999399723930603,0.8897777171288435,-0.456394143368409,29.43287308298062,-464.8428009958749,0.0,-25.0,-0.0,0.0,0.022443767623554208,33.821933738712815,8.829000000000008,0.022443767623554208,-0.007066261287192788,0.5265226171240038,-48.05150178504035,0.0,-0.0,-1.7121642882525605,0.0,2.220446049250313e-16,0.5265226171240038,-49.76366607329291
36.00000000000024,0.0,453.0,472.8826725737579,471.53885596781635,0.7045775030504838,T_SOFT_ACC,caténaire,,0.0,0.042553587621239564,6.533749539412246,0.010947204566258055,-0.9999400775607429,0.8904122622709706,-0.45515492219407244,29.431128249046434,-464.89384681102234,0.0,-25.0,-0.03789023622157389,0.019368474862823937,0.022577607515692384,33.81645331752322,8.829000000000008,-0.015312628705881508,0.006821792386034531,0.0,-0.0,0.03789023622157389,-0.019368474862823937,-1.7124194323459674,0.0,0.0,0.03789023622157389,-1.7317879072087914
36.10000000000024,0.0,453.0,472.9509933708456,471.60209370592077,0.68,PILOT_DESC_ADD_SLACK_ACC,caténaire,,48.06845957398451,0.0,48.06845957398451,0.010937500054885013,-0.9999401837572832,0.8910534985349928,-0.45389829559996103,29.42939094098142,-464.9448968083973,0.0,-25.0,-0.0,0.0,0.022383262743442846,33.82199476666147,8.829000000000008,0.022383262743442846,-0.007005233338539085,0.5257487792286936,-48.06558429933961,0.0,-0.0,-1.7126668380289238,0.0,0.0,0.5257487792286936,-49.778251137368535
36.200000000000244,0.0,453.0,473.02131766269207,471.6650299612009,0.7032429184644675,T_SOFT_ACC,caténaire,,0.0,0.04242594706377789,6.533391245982688,0.01092802419748533,-0.9999402873607699,0.891676163606344,-0.4526738552824453,29.427648453809613,-464.99594270451917,0.0,-25.0,-0.037830205715195304,0.01920511702136928,0.02251691560965116,33.816560604271004,8.829000000000008,-0.015313290105544143,0.0067657212923677434,0.0,-0.0,0.037830205715195304,-0.01920511702136928,-1.7129214988378483,0.0,0.0,0.037830205715195304,-1.7321266158592175
36.300000000000246,0.0,453.0,473.089472718837,471.7281440347594,0.6815505614489616,PILOT_DESC_ADD_SLACK_ACC,caténaire,,48.082502853529974,0.0,48.082502853529974,0.01091844051425799,-0.9999403920518146,0.8923060116297588,-0.4514310374901052,29.425913472276342,-465.0469927471063,0.0,-25.0,-0.0,0.0,0.02232335338859993,33.82205467524965,8.829000000000008,0.02232335338859993,-0.006945324750354587,0.524985947182907,-48.079636754191256,0.0,-0.0,-1.7131683043338497,0.0,2.220446049250313e-16,0.524985947182907,-49.792805058525104
36.40000000000025,0.0,453.0,473.1596653979343,471.7909364426073,0.7019267909731901,T_SOFT_ACC,caténaire,,0.0,0.042300845414147685,6.5330438016183265,0.01090909490978975,-0.9999404940536457,0.8929164136812523,-0.45022247631433365,29.424173311831023,-465.09803872275563,0.0,-25.0,-0.037771119182885796,0.019044791372547394,0.022456822512360208,33.81666597405452,8.829000000000008,-0.015314296670525588,0.0067107654270657235,0.0,-0.0,0.037771119182885796,-0.019044791372547394,-1.7134224885420393,0.0,0.0,0.037771119182885796,-1.7324672799145866
36.50000000000025,0.0,453.0,473.227656777843,471.8538934705226,0.6799137990869298,PILOT_DESC_ADD_SLACK_ACC,caténaire,,48.096517308404025,0.0,48.096517308404025,0.010899648761337852,-0.9999405970640853,0.8935333003628905,-0.44899692776521355,29.422440636993205,-465.14908880974696,0.0,-25.0,-0.0,0.0,0.022264034086197117,33.82211351328222,8.829000000000008,0.022264034086197117,-0.006886486717789353,0.5242351453052104,-48.093660234068636,0.0,-0.0,-1.7136687013278746,0.0,-2.220446049250313e-16,0.5242351453052104,-49.80732893539651
36.60000000000025,0.0,453.0,473.2977196663963,471.9165897368153,0.7006288855332872,T_SOFT_ACC,caténaire,,0.0,0.042177526117954035,6.5327058570356655,0.010890404524619274,-0.9999406977862687,0.8941341183167856,-0.4477992613458229,29.420702783340296,-465.2001348634172,0.0,-25.0,-0.037712365128260025,0.018887065041013968,0.02239732352516981,33.81676934785961,8.829000000000008,-0.015315041603090215,0.006656412900618136,0.0,-0.0,0.037712365128260025,-0.018887065041013968,-1.7139224155339632,0.0,-2.220446049250313e-16,0.037712365128260025,-1.7328094805749774
36.70000000000025,0.0,453.0,473.36554940834753,471.97943156214603,0.678297419512469,PILOT_DESC_ADD_SLACK_ACC,caténaire,,48.11050197973518,0.0,48.11050197973518,0.010881070709021747,-0.9999407993977569,0.8947404134279183,-0.4465866014322841,29.418972395461896,-465.2511849939715,0.0,-25.0,-0.0,0.0,0.022205300227232043,33.82217123669373,8.829000000000008,0.022205300227232043,-0.006828763306280905,0.5234937738880293,-48.10765380904377,0.0,-0.0,-1.714168042990719,0.0,2.220446049250313e-16,0.5234937738880293,-49.82182185203449
36.80000000000025,0.0,453.0,473.43548430357833,472.04199131688415,0.6993489523079119,T_SOFT_ACC,caténaire,,0.0,0.04205690263216448,6.5323783630517305,0.01087194899657978,-0.9999408986160211,0.8953296971614154,-0.44540401141081803,29.417236828914433,-465.30223112439216,0.0,-25.0,-0.03765479389720296,0.01873231313988025,0.022338410240832995,33.816871038535155,8.829000000000008,-0.015316383656369961,0.0066033516750252375,0.0,-0.0,0.03765479389720296,-0.01873231313988025,-1.714421293702868,0.0,-2.220446049250313e-16,0.03765479389720296,-1.7331536068427484
36.900000000000254,0.0,453.0,473.50315441816264,472.10470962607064,0.676701145843164,PILOT_DESC_ADD_SLACK_ACC,caténaire,,48.124458245978104,0.0,48.124458245978104,0.01086273035576715,-0.9999409988040384,0.8959251302474914,-0.44420508888464516,29.415508708503715,-465.3532812978,0.0,-25.0,-0.0,0.0,0.022147143541614206,33.82222802007502,8.829000000000008,0.022147143541614206,-0.00677197992498435,0.522763013443435,-48.121618845386585,0.0,-0.0,-1.7146663431113662,0.0,-2.220446049250313e-16,0.522763013443435,-49.83628518849795
37.000000000000256,0.0,453.0,473.572963094096,472.16713300107205,0.6980867593335739,T_SOFT_ACC,caténaire,,0.0,0.041938519615832934,6.532060988152978,0.01085372917632986,-0.999941096546675,0.8965030589964348,-0.4430375437928878,29.41377540936996,-465.40432750357564,0.0,-25.0,-0.03759801112537621,0.018580338720908467,0.02228008077852737,33.81697088045588,8.829000000000008,-0.015317930346848842,0.006551219176778034,0.0,-0.0,0.03759801112537621,-0.018580338720908467,-1.7149191367537386,0.0,2.220446049250313e-16,0.03759801112537621,-1.733499475474647
37.10000000000026,0.0,453.0,473.6404755658943,472.2297307642716,0.6751247179829812,PILOT_DESC_ADD_SLACK_ACC,caténaire,,48.138386169457895,0.0,48.138386169457895,0.010844622274133325,-0.9999411953548726,0.8970879449944974,-0.4418520328634347,29.4120495369298,-465.4553777190578,0.0,-25.0,-0.0,0.0,0.022089562200719462,33.82228377108032,8.829000000000008,0.022089562200719462,-0.006716228919685818,0.5220426148941347,-48.13555540874219,0.0,-0.0,-1.7151636153006133,0.0,-2.220446049250313e-16,0.5220426148941347,-49.8507190240428
37.20000000000026,0.0,453.0,473.7101597732246,472.29205660831053,0.6968420733029068,T_SOFT_ACC,caténaire,,0.0,0.04182173712578689,6.531752985062362,0.01083571857802114,-0.9999412918781271,0.897656671128125,-0.4406954739717362,29.41031848563539,-465.5064239988361,0.0,-25.0,-0.03754156132912938,0.01843065026497001,0.02222233013804208,33.817068930702426,8.829000000000008,-0.015319231191087298,0.006499580967386009,0.0,-0.0,0.03754156132912938,-0.01843065026497001,-1.7154159582128852,0.0,2.220446049250313e-16,0.03754156132912938,-1.733846608477855
37.30000000000026,0.0,453.0,473.77751656075515,472.35455858754915,0.6735678753055897,PILOT_DESC_ADD_SLACK_ACC,caténaire,,48.15228562341891,0.0,48.15228562341891,0.010826708519604255,-0.9999413894737188,0.8982324227039837,-0.4395207785797296,29.408594841784357,-465.5574742556375,0.0,-25.0,-0.0,0.0,0.02203255129651318,33.82233852149251,8.829000000000008,0.02203255129651318,-0.006661478507496099,0.521330760997487,-48.14946339261688,0.0,-0.0,-1.715659872990392,0.0,-2.220446049250313e-16,0.521330760997487,-49.865123265607274
37.40000000000026,0.0,453.0,473.8470780265619,472.41676273768707,0.6956146580677671,T_SOFT_ACC,caténaire,,0.0,0.04170718741799167,6.5314548595903545,0.010817914336008677,-0.9999414846526863,0.8987908514880215,-0.43837769706206225,29.406866019005715,-465.60852060827455,0.0,-25.0,-0.03748603849258723,0.018283500771235008,0.022165149930829405,33.8171654655232,8.829000000000008,-0.015320888561757822,0.00644896629442826,0.0,-0.0,0.03748603849258723,-0.018283500771235008,-1.715911771426724,0.0,-2.220446049250313e-16,0.03748603849258723,-1.7341952721979592
37.50000000000026,0.0,453.0,473.9142810620933,472.47911738117483,0.6720303553143359,PILOT_DESC_ADD_SLACK_ACC,caténaire,,48.1661583100551,0.0,48.1661583100551,0.01080902766033042,-0.999941580754115,0.8993549950451812,-0.43721915887490775,29.405144584610383,-465.6595709057564,0.0,-25.0,-0.0,0.0,0.021976102575035728,33.82239242564196,8.829000000000008,0.021976102575035728,-0.006607574358049817,0.5206293374652395,-48.16334447940945,0.0,-0.0,-1.7161551294320625,0.0,2.220446049250313e-16,0.5206293374652395,-49.87949960884151
37.600000000000264,0.0,453.0,473.98372149195916,472.5411685032754,0.6944042986585911,T_SOFT_ACC,caténaire,,0.0,0.04159525841929467,6.531166313438822,0.010800357978198526,-0.9999416744328355,0.8999017008051068,-0.43609279848224497,29.403417971125272,-465.7106173299786,0.0,-25.0,-0.037431643796951214,0.018139392647662376,0.02210853564559476,33.81726031296686,8.829000000000008,-0.015323108151356454,0.006399705614512641,0.0,-0.0,0.037431643796951214,-0.018139392647662376,-1.7164065895687717,0.0,-4.440892098500626e-16,0.037431643796951214,-1.7345459822164344
37.700000000000266,0.0,453.0,474.05077268348225,472.60346035594586,0.6705119152308734,PILOT_DESC_ADD_SLACK_ACC,caténaire,,48.18000275703609,0.0,48.18000275703609,0.010791546962611354,-0.9999417695616849,0.9004586520910437,-0.43494162352479065,29.40169872715204,-465.76166766742983,0.0,-25.0,-0.0,0.0,0.021920211609653593,33.822445387492245,8.829000000000008,0.021920211609653593,-0.0065546125077631245,0.5199367624112995,-48.17719721435753,0.0,-0.0,-1.716649397711225,0.0,-2.220446049250313e-16,0.5199367624112995,-49.89384661206875
37.80000000000027,0.0,453.0,474.1200937592993,472.66541418145204,0.6932107581707372,T_SOFT_ACC,caténaire,,0.0,0.0414843963071592,6.53088721384276,0.010782970413080496,-0.9999418620845267,0.9009965887667839,-0.43382617144499125,29.39997430367366,-465.8127141619525,0.0,-25.0,-0.037377299559799806,0.01799701682464161,0.022052487044018392,33.8173534584151,8.829000000000008,-0.015324812515781414,0.006350475239734976,0.0,-0.0,0.037377299559799806,-0.01799701682464161,-1.716900425638838,0.0,0.0,0.037377299559799806,-1.7348974424634798
37.90000000000027,0.0,453.0,474.1869949886187,472.7275512953001,0.6690122931938278,PILOT_DESC_ADD_SLACK_ACC,caténaire,,48.19382126912299,0.0,48.19382126912299,0.010774283668761079,-0.9999419557211434,0.901541864433284,-0.43269188422497395,29.398257231024292,-465.8637645386557,0.0,-25.0,-0.0,0.0,0.02186487819143449,33.82249739883114,8.829000000000008,0.02186487819143449,-0.0065026011688686935,0.5192539014351022,-48.191023893522086,0.0,-0.0,-1.717142690732864,0.0,-2.220446049250313e-16,0.5192539014351022,-49.90816658425495
38.00000000000027,0.0,453.0,474.2561983715926,472.78937000359105,0.6920338297384825,T_SOFT_ACC,caténaire,,0.0,0.041376094324449955,6.530617035987845,0.010765818814766894,-0.9999420468933427,0.9020692810721692,-0.4315912558728916,29.396534978684265,-465.9148111023719,0.0,-25.0,-0.03732410366083083,0.01785756051260458,0.021996991558156247,33.81744513737251,8.829000000000008,-0.015327112102674584,0.00630269788510418,0.0,-0.0,0.03732410366083083,-0.01785756051260458,-1.7173932924669972,0.0,2.220446049250313e-16,0.03732410366083083,-1.7352508529796016
38.10000000000027,0.0,453.0,474.322951497095,472.8514110321521,0.6675312550241892,PILOT_DESC_ADD_SLACK_ACC,caténaire,,48.207612716841666,0.0,48.207612716841666,0.010757222979516713,-0.9999421394029602,0.9026059549672608,-0.43046775727996067,29.394820058674757,-465.965861517709,0.0,-25.0,-0.0,0.0,0.02181008993891319,33.822548591242615,8.829000000000008,0.02181008993891319,-0.006451408757392585,0.5185800393052513,-48.20482339558801,0.0,-0.0,-1.7176350212422513,0.0,0.0,0.5185800393052513,-49.92245841683026
38.20000000000027,0.0,453.0,474.39203882594325,472.9131264322829,0.6908732884822911,T_SOFT_ACC,caténaire,,0.0,0.0412692137027043,6.530355716636233,0.010748851502269749,-0.9999422294269716,0.903124570677544,-0.42937863225654543,29.39309995854385,-466.0169081493888,0.0,-25.0,-0.037271240907454636,0.017720118533970253,0.021942048917923382,33.817535186774826,8.829000000000008,-0.015329191989531255,0.006255305308791037,0.0,-0.0,0.037271240907454636,-0.017720118533970253,-1.717885202717087,0.0,0.0,0.037271240907454636,-1.7356053212510572
38.300000000000274,0.0,453.0,474.45864568103946,472.97504824257544,0.6660685509621757,PILOT_DESC_ADD_SLACK_ACC,caténaire,,48.221378086445945,0.0,48.221378086445945,0.010740357782889823,-0.9999423206938965,0.9036516263346245,-0.4282683016787352,29.391387172429248,-466.06795860267306,0.0,-25.0,-0.0,0.0,0.02175584661075869,33.8225988736614,8.829000000000008,0.02175584661075869,-0.006401126338609231,0.5179148534324325,-48.21859671081857,0.0,-0.0,-1.718126401812781,0.0,2.220446049250313e-16,0.5179148534324325,-49.93672311263135
38.400000000000276,0.0,453.0,474.5276185732341,473.0366609546022,0.6897289219465323,T_SOFT_ACC,caténaire,,0.0,0.04116413825166475,6.530102887791541,0.010732078077716712,-0.9999424095917393,0.9041615957947907,-0.4271905999548886,29.38966920584578,-466.119005301232,0.0,-25.0,-0.037219032931142586,0.017584932916354643,0.02188765049303323,33.817623799423764,8.829000000000008,-0.015331382438109355,0.006208732340112988,0.0,-0.0,0.037219032931142586,-0.017584932916354643,-1.7183761688855654,0.0,0.0,0.037219032931142586,-1.73596110180192
38.50000000000028,0.0,453.0,474.5940809675407,473.09847906658007,0.66462394306574,PILOT_DESC_ADD_SLACK_ACC,caténaire,,48.23511739512354,0.0,48.23511739512354,0.010723676936256964,-0.9999424997233426,0.9046799259505685,-0.42609181121217754,29.38795853514581,-466.1700557918578,0.0,-25.0,-0.0,0.0,0.021702139711575336,33.822648353719615,8.829000000000008,0.021702139711575336,-0.006351646280393197,0.5172578159277333,-48.232343862528715,0.0,-0.0,-1.7186168448547468,0.0,0.0,0.5172578159277333,-49.95096070738346
38.60000000000028,0.0,453.0,474.66294101916054,473.1599864845267,0.6886005161982103,T_SOFT_ACC,caténaire,,0.0,0.041060813590907644,6.529858596524663,0.01071548922288225,-0.9999425874972594,0.9051812423666964,-0.4250257856500991,29.38624268357638,-466.2211025562315,0.0,-25.0,-0.03716747825880511,0.017451904555907786,0.02183379124724358,33.817711001900165,8.829000000000008,-0.015333687011561532,0.0061629064560619895,0.0,-0.0,0.03716747825880511,-0.017451904555907786,-1.7188662033052575,0.0,-2.220446049250313e-16,0.03716747825880511,-1.7363181078611656
38.70000000000028,0.0,453.0,474.72926073842916,473.22170389169736,0.6631971926859229,PILOT_DESC_ADD_SLACK_ACC,caténaire,,48.24883110522277,0.0,48.24883110522277,0.010707177886271315,-0.9999426765278656,0.9056911129944992,-0.4239382122937082,29.38453410993737,-466.2721530836045,0.0,-25.0,-0.0,0.0,0.021648964293504932,33.822697046253815,8.829000000000008,0.021648964293504932,-0.006302953746192941,0.5166088174482808,-48.24606531469739,0.0,-0.0,-1.7191063626145535,0.0,2.220446049250313e-16,0.5166088174482808,-49.96517167731194
38.80000000000028,0.0,453.0,474.7980095246524,473.2830898079798,0.6874878622326153,T_SOFT_ACC,caténaire,,0.0,0.040959396024278436,6.529622953966115,0.010699089411955168,-0.9999427631048463,0.9061831118412718,-0.42288552566110504,29.382820354982723,-466.3231999127498,0.0,-25.0,-0.037116712948419645,0.017321135718488364,0.021780466026580243,33.817796822442034,8.829000000000008,-0.015336246921839401,0.006117958160515968,0.0,-0.0,0.037116712948419645,-0.017321135718488364,-1.7193553181468801,0.0,2.220446049250313e-16,0.037116712948419645,-1.7366764538653683
38.90000000000028,0.0,453.0,474.8641883312749,473.3447127997428,0.6617880662248421,PILOT_DESC_ADD_SLACK_ACC,caténaire,,48.26251955881349,0.0,48.26251955881349,0.010690863310465853,-0.9999428510878394,0.9066849434775515,-0.4218085030806149,29.38111386018342,-466.37425047628767,0.0,-25.0,-0.0,0.0,0.021596315292386634,33.822744967079785,8.829000000000008,0.021596315292386634,-0.0062550329202224475,0.5159679996219597,-48.259761408322575,0.0,-0.0,-1.719594967178326,0.0,0.0,0.5159679996219597,-49.9793563755009
39.000000000000284,0.0,453.0,474.9328274066836,473.4060215523903,0.6863907540875265,T_SOFT_ACC,caténaire,,0.0,0.040859052724032105,6.529395246400892,0.010682849804156085,-0.9999429367319226,0.9071698821825112,-0.4207645480087039,29.37940218352759,-466.4252973691387,0.0,-25.0,-0.037066102045749214,0.01719204085149117,0.021727671000031118,33.81788123076708,8.829000000000008,-0.015338431045718096,0.0060732716185611935,0.0,-0.0,0.037066102045749214,-0.01719204085149117,-1.7198435254219775,0.0,0.0,0.037066102045749214,-1.7370355662734687
39.100000000000286,0.0,453.0,474.99886704002625,473.4675433863391,0.6603963334268098,PILOT_DESC_ADD_SLACK_ACC,caténaire,,48.27618301263791,0.0,48.27618301263791,0.010674711579541184,-0.9999430236431941,0.9076634594688556,-0.41969875428100717,29.37769774942876,-466.47634796824616,0.0,-25.0,-0.0,0.0,0.021544188949236282,33.82279209924857,8.829000000000008,0.021544188949236282,-0.006207900751434181,0.5153343298210553,-48.273432411609356,0.0,-0.0,-1.720082670474228,0.0,-2.220446049250313e-16,0.5153343298210553,-49.99351508208358
39.20000000000029,0.0,453.0,475.06739793880047,473.5287216788022,0.6853089877421027,T_SOFT_ACC,caténaire,,0.0,0.04076095665020989,6.529176054845175,0.010666799612926197,-0.9999431080746632,0.908138889142213,-0.41866903160796043,29.375988133057085,-466.5273949239064,0.0,-25.0,-0.03701660989269551,0.01706535024815743,0.021675396833592243,33.81796445131199,8.829000000000008,-0.015341213059103263,0.006029801560138992,0.0,-0.0,0.03701660989269551,-0.01706535024815743,-1.7203308369848305,0.0,0.0,0.03701660989269551,-1.737396187232988
39.30000000000029,0.0,453.0,475.1333001154387,473.5901167879075,0.659021766382212,PILOT_DESC_ADD_SLACK_ACC,caténaire,,48.28982245454268,0.0,48.28982245454268,0.01065876093146765,-0.9999431937942304,0.9086231095352658,-0.41761710312014816,29.374285741817687,-466.5784455580829,0.0,-25.0,-0.0,0.0,0.021492576071558165,33.822838568168855,8.829000000000008,0.021492576071558165,-0.006161431831152697,0.5147096729659888,-48.287079292951745,0.0,-0.0,-1.7205694842740094,0.0,-2.220446049250313e-16,0.5147096729659888,-50.007648777225754
39.40000000000029,0.0,453.0,475.2017243524813,473.651185229272,0.6842423704257743,T_SOFT_ACC,caténaire,,0.0,0.04066437246507876,6.528964638166695,0.010650938254611865,-0.9999432771484074,0.9090901389601286,-0.4165994710095706,29.372578167701015,-466.629492575439,0.0,-25.0,-0.03696758001500487,0.01694075605788796,0.02162364224289331,33.81804619681642,8.829000000000008,-0.01534393777211156,0.005986952874295071,0.0,-0.0,0.03696758001500487,-0.01694075605788796,-1.7208172645373827,0.0,0.0,0.03696758001500487,-1.7377580205952707
39.50000000000029,0.0,453.0,475.26749076726963,473.7125172397721,0.6576641478837095,PILOT_DESC_ADD_SLACK_ACC,caténaire,,48.30343674451712,0.0,48.30343674451712,0.010642965233099301,-0.9999433620415944,0.9095681381014387,-0.41555481245039405,29.370877801465088,-466.6805432440628,0.0,-25.0,-0.0,0.0,0.021441475413843603,33.822884213329,8.829000000000008,0.021441475413843603,-0.006115786671010426,0.514091797911107,-48.30070093647594,0.0,-0.0,-1.7210554202009565,0.0,0.0,0.514091797911107,-50.021756356676896
39.60000000000029,0.0,453.0,475.33580983650984,473.7734694387723,0.6831906924018026,T_SOFT_ACC,caténaire,,0.0,0.040569306101694375,6.5287615934915735,0.010635234303403534,-0.9999434442963819,0.9100265782236324,-0.41454990884884674,29.369172251720354,-466.7315903221616,0.0,-25.0,-0.036919146812632066,0.016818002146518365,0.021572401893959828,33.81812667951632,8.829000000000008,-0.015346744918672238,0.005944681662832352,0.0,-0.0,0.036919146812632066,-0.016818002146518365,-1.7213028196269706,0.0,-2.220446049250313e-16,0.036919146812632066,-1.7381208217734891
39.700000000000294,0.0,453.0,475.40144216111395,473.83467950189,0.6563232460408178,PILOT_DESC_ADD_SLACK_ACC,caténaire,,48.317027792440356,0.0,48.317027792440356,0.010627356100209488,-0.9999435280566195,0.9104956764077752,-0.4135185887511563,29.36747389277625,-466.7826410247005,0.0,-25.0,-0.0,0.0,0.02139088173198059,33.82292915328356,8.829000000000008,0.02139088173198059,-0.00607084671644742,0.5134822600539823,-48.314299235982546,0.0,-0.0,-1.721540489718434,0.0,0.0,0.5134822600539823,-50.03583972570098
39.800000000000296,0.0,453.0,475.46965753799816,473.89553754119135,0.6821537688422405,T_SOFT_ACC,caténaire,,0.0,0.04047560599317491,6.528565908685598,0.010619704284075139,-0.9999436093505066,0.9109466774846048,-0.41252412145201783,29.36577034969713,-466.83368816255216,0.0,-25.0,-0.03687111879865864,0.016697163802572506,0.021521669710257554,33.81820585075277,8.829000000000008,-0.015349449088401086,0.005903014555336483,0.0,-0.0,0.03687111879865864,-0.016697163802572506,-1.721787513650027,0.0,-4.440892098500626e-16,0.03687111879865864,-1.7384846774526
39.9000000000003,0.0,453.0,475.53515742319354,473.9566580980421,0.6549988519539557,PILOT_DESC_ADD_SLACK_ACC,caténaire,,48.33059476075906,0.0,48.33059476075906,0.010611903276573428,-0.9999436921691385,0.9114085080573783,-0.4115027720934864,29.36407398050791,-466.8847388984536,0.0,-25.0,-0.0,0.0,0.021340789048182547,33.82297336099066,8.829000000000008,0.021340789048182547,-0.006026639009348855,0.5128795969004416,-48.32787336980384,0.0,-0.0,-1.7220247041472267,0.0,0.0,0.5128795969004416,-50.04989807395106
40.0000000000003,0.0,453.0,475.60327056332034,474.0174335567633,0.6811314012680484,T_SOFT_ACC,caténaire,,0.0,0.0403831778303643,6.528377634412042,0.010604323930062018,-0.9999437725762316,0.9118527073456372,-0.41051752716106044,29.362372426566218,-466.93578609515964,0.0,-25.0,-0.036823510035837996,0.01657800230182651,0.021471439615099938,33.81828383170537,8.829000000000008,-0.015352070420738058,0.005861834007191646,0.0,-0.0,0.036823510035837996,-0.01657800230182651,-1.7222713578554638,0.0,0.0,0.036823510035837996,-1.7388493601572903
40.1000000000003,0.0,453.0,475.66863963782015,474.0784344454077,0.6536907449982114,PILOT_DESC_ADD_SLACK_ACC,caténaire,Fx:(t>40:5),48.34413870496358,0.0,48.34413870496358,0.010596614475977508,-0.9999438543046542,0.9123059670712695,-0.40950924586162357,29.360678029771062,-466.98683686392184,5.0,-25.0,-0.0,0.0,0.021291191383795826,33.823016903937116,8.829000000000008,5.021291191383796,-0.005983096062891491,0.5122842000296816,-48.34142438968009,0.0,-0.0,-1.7225080746563537,0.0,2.220446049250313e-16,0.5122842000296816,-50.063932464336446
40.2000000000003,0.0,453.0,475.7366519782512,474.1391185160711,0.680123404310435,T_SOFT_ACC,caténaire,,0.0,0.040292363052714185,6.528143383962256,0.010589002028347172,-0.9999439349463767,0.9127430441562414,-0.4085341299627215,29.360645114314433,-467.0378841186045,5.0,-25.0,-0.036776574108982815,0.016460805483882693,8.03469674614999e-06,33.81836064963458,8.829000000000008,4.963231460587763,0.005821455118450558,0.0,-0.0,0.036776574108982815,-0.016460805483882693,-1.7227543633451723,0.0,2.220446049250313e-16,0.036776574108982815,-1.7392151688290547
40.3000000000003,0.0,453.0,475.8018919862413,474.20155463676264,0.6524000799010394,PILOT_DESC_ADD_SLACK_ACC,caténaire,,48.35765392632823,0.0,48.35765392632823,0.010581456253475724,-0.9999440148246079,0.9132496087427138,-0.40740048126049166,29.362278868202704,-467.08893491973726,5.0,-25.0,-0.0,0.0,-0.019794429507336994,33.82305979733666,8.829000000000008,4.980205570492663,-0.005940202663346383,0.5116943995421608,-48.35494661459162,0.0,-0.0,-1.7229906127658599,0.0,0.0,0.5116943995421608,-50.07793722735748
40.400000000000304,0.0,453.0,475.8698050608403,474.2647638620125,0.6791307459900384,T_SOFT_ACC,caténaire,,0.00030039842721407695,0.040213704841751595,6.52828050193044,0.010574353376904495,-0.9999440899623641,0.9137798979664195,-0.4062096725491404,29.365560423123405,-467.13998223333107,5.0,-25.0,-0.03674647510714748,0.016335195875755697,-0.07985995760521929,33.81843870593164,8.829000000000008,4.883393567287634,0.00577390180738746,3.176519123227974e-06,-0.00030038163192670563,0.03674647510714748,-0.016335195875755697,-1.7232365419897429,0.0,0.0,0.03674965162627071,-1.7398721194974252
40.500000000000306,0.0,453.0,475.9349182355475,474.3291158929284,0.6511317470723869,PILOT_DESC_ADD_SLACK_ACC,caténaire,,48.37376458454055,0.0,48.37376458454055,0.010567325124177693,-0.9999441642610452,0.9143505435852108,-0.40492355259410334,29.370482024724904,-467.1910330673563,5.0,-25.0,-0.0,0.0,-0.17963155579385548,33.82310338229302,8.829000000000008,4.820368444206144,-0.0058966177069876835,0.5111812978452724,-48.37106359964895,0.0,-0.0,-1.7234723321172676,0.0,-2.220446049250313e-16,0.5111812978452724,-50.09453593176622
40.60000000000031,0.0,453.0,476.0027372985147,474.3937903739072,0.6781906296719051,T_SOFT_ACC,caténaire,,0.0053992422497515236,0.040150488966949456,6.529704559612956,0.010560767381180107,-0.9999442335412113,0.9149236885461701,-0.40362686250678453,29.37699815746319,-467.2420804433206,5.0,-25.0,-0.036734633462573704,0.016205815889843076,-0.31488325515986076,33.81852134594337,8.829000000000008,4.648382111377566,0.0057271618331995455,5.702014143426539e-05,-0.005398941153131113,0.036734633462573704,-0.016205815889843076,-1.7237179209029094,0.0,0.0,0.03679165360400797,-1.7453226779458837
40.70000000000031,0.0,453.0,476.06772920150877,474.4592406133309,0.6499190299402671,PILOT_DESC_ADD_SLACK_ACC,caténaire,,48.39806953483058,0.0,48.39806953483058,0.010554337256809739,-0.9999443014313695,0.9155199930543488,-0.40227247273181027,29.385075995783094,-467.29313131216963,5.0,-25.0,-0.0,0.0,-0.4839049157771365,33.823149526488585,8.829000000000008,4.516095084222863,-0.005850473511422649,0.5108095484491308,-48.39537383163301,0.0,-0.0,-1.7239532718770243,0.0,2.220446049250313e-16,0.5108095484491308,-50.11932710351003
40.80000000000031,0.0,453.0,476.1354695011219,474.52475086456946,0.6774029961316227,T_SOFT_ACC,caténaire,,0.022529533874269703,0.04010256020530413,6.533967309287999,0.010548434363019742,-0.9999443637185467,0.916106996694412,-0.40093387311069745,29.39464694436335,-467.34417875171164,5.0,-25.0,-0.036738235989438005,0.01607847478476751,-0.6793282686790636,33.81860558548383,8.829000000000008,4.283933495331499,0.005684060268592361,0.00023765130930216382,-0.02252828041478206,0.036738235989438005,-0.01607847478476751,-1.724198575442027,0.0,2.220446049250313e-16,0.03697588729874017,-1.7628053306415763
40.90000000000031,0.0,453.0,476.20035463633764,474.5908639558649,0.6488513521573371,PILOT_DESC_ADD_SLACK_ACC,caténaire,,48.43802864530737,0.0,48.43802864530737,0.010542711494333452,-0.9999444240728318,0.916709488567846,-0.3995543937559421,29.405658116854042,-467.39522965605846,5.0,-25.0,-0.0,0.0,-0.8991597399004686,33.82319656380766,8.829000000000008,4.100840260099531,-0.005803436192344691,0.510668161361735,-48.43533665695521,0.0,-0.0,-1.7244335397848927,0.0,0.0,0.510668161361735,-50.1597701967401
41.00000000000031,0.0,453.0,476.26804879383843,474.6568687251033,0.6769415750079455,T_SOFT_ACC,caténaire,,0.058167869064071454,0.04006798617817048,6.5424392632412145,0.010537598846531805,-0.9999444779639265,0.9172957359538118,-0.39820664585231985,29.418023980019658,-467.44627715829955,5.0,-25.0,-0.036754192869492046,0.015955338382066378,-1.1340144646967756,33.81868866103115,8.829000000000008,3.829231342433732,0.005643999413209144,0.0006129496699547724,-0.05816463946554696,0.036754192869492046,-0.015955338382066378,-1.7246786762584492,0.0,-2.220446049250313e-16,0.03736714253944682,-1.7987986541060628
41.100000000000314,0.0,453.0,476.33285720116106,474.72333219592986,0.6480840732265643,PILOT_DESC_ADD_SLACK_ACC,caténaire,,48.498404025055265,0.0,48.498404025055265,0.010532756820333987,-0.9999445289783646,0.9178915814813237,-0.3968312546230633,29.431678505030376,-467.4973280976536,5.0,-25.0,-0.0,0.0,-1.3826839310379055,33.82324295113081,8.829000000000008,3.6173160689620945,-0.005757048869199366,0.5108218957702142,-48.49571376903631,0.0,-0.0,-1.7249133627515587,0.0,-2.220446049250313e-16,0.5108218957702142,-50.220627131787865
41.200000000000315,0.0,453.0,476.40055777278275,474.7895611874137,0.6770057162170986,T_SOFT_ACC,caténaire,,0.11461579547925282,0.040045938823202815,6.555553348392191,0.0105286208241708,-0.9999445725356686,0.9184665454743535,-0.39549867868857363,29.446526540728062,-467.54837566053044,5.0,-25.0,-0.03678085509122438,0.015838115891420167,-1.6349622408153157,33.81876900274895,8.829000000000008,3.32825690409346,0.005607118640362785,0.0012067462510617628,-0.11460944261633708,0.03678085509122438,-0.015838115891420167,-1.7251585224521562,0.0,4.440892098500626e-16,0.03798760134228615,-1.8556060809599129
41.30000000000032,0.0,453.0,476.465337278896,474.8561653661684,0.6477950611326938,PILOT_DESC_ADD_SLACK_ACC,caténaire,,48.57895444920113,0.0,48.57895444920113,0.010524833966336944,-0.9999446124010976,0.9190482422615996,-0.39414506009318995,29.462496255678808,-467.59942663373965,5.0,-25.0,-0.0,0.0,-1.8913157962294318,33.823287811858954,8.829000000000008,3.108684203770568,-0.005712188141053787,0.5112854298360872,-48.576263777556996,0.0,-0.0,-1.725393104287186,0.0,0.0,0.5112854298360872,-50.30165688184418
41.40000000000032,0.0,453.0,476.5331125274595,474.9224284720655,0.6777524856344386,T_SOFT_ACC,caténaire,,0.18907334402676668,0.04003489152442774,6.572614951544778,0.01052184306551005,-0.9999446438771021,0.919605541666193,-0.3928430319311107,29.479489928635193,-467.6504742544035,5.0,-25.0,-0.03681630810586865,0.01572742816948932,-2.141628970788166,33.818845570046726,8.829000000000008,2.821554721105965,0.005572998216209157,0.001989400053720831,-0.18906287765949803,0.03681630810586865,-0.01572742816948932,-1.7256385344105623,0.0,0.0,0.03880570815958948,-1.9304288402395495
41.50000000000032,0.0,453.0,476.59792489252715,474.9890212849182,0.6481236506769085,PILOT_DESC_ADD_SLACK_ACC,caténaire,,48.67482555540811,0.0,48.67482555540811,0.010519253922598653,-0.9999446711178133,0.9201685458624145,-0.391522473436008,29.49743639193465,-467.7015252598773,5.0,-25.0,-0.0,0.0,-2.3885122414137894,33.823330565029934,8.829000000000008,2.6114877585862106,-0.005669434970073439,0.5120228496555319,-48.6721324317195,0.0,-0.0,-1.7258732352355977,0.0,0.0,0.5120228496555319,-50.39800566695509
41.60000000000032,0.0,453.0,476.66584955303233,475.0552570116869,0.679246605051819,T_SOFT_ACC,caténaire,,0.2751159015606959,0.04003243954445781,6.592146472214143,0.010517490743246555,-0.9999446896646162,0.9207077102186894,-0.3902528825567568,29.516241069495106,-467.7525729351126,5.0,-25.0,-0.03685817574744586,0.015622774928003758,-2.622415500700728,33.81891787681473,8.829000000000008,2.340726323551826,0.005540651742727221,0.0028935289479845496,-0.27510068480791117,0.03685817574744586,-0.015622774928003758,-1.726119206414773,0.0,0.0,0.03975170469543041,-2.016842666150688
41.70000000000032,0.0,453.0,476.7307621330729,475.12178874723924,0.6491258004057492,PILOT_DESC_ADD_SLACK_ACC,caténaire,,48.77872459622875,0.0,48.77872459622875,0.010516155082651545,-0.999944703712299,0.9212520848905641,-0.388966060325048,29.535838275221995,-467.80362397105563,5.0,-25.0,-0.0,0.0,-2.848118302591617,33.823370939178844,8.829000000000008,2.151881697408383,-0.005629060821163989,0.5129646325878908,-48.77602731383979,0.0,-0.0,-1.7263542701418075,0.0,-2.220446049250313e-16,0.5129646325878908,-50.502381583981595
41.800000000000324,0.0,453.0,476.79890686085474,475.18795136909847,0.6814472778180336,T_SOFT_ACC,caténaire,,0.3651653833581605,0.04003706485884487,6.61244549775333,0.010515648627711907,-0.999944709038424,0.921773307077987,-0.38772924877872056,29.55614047945408,-467.85467169784033,5.0,-25.0,-0.03690509768063329,0.015523541081024833,-3.0567231473882464,33.818986179494466,8.829000000000008,1.9063717549311203,0.005509720575481936,0.0038399508623981333,-0.3651451930129804,0.03690509768063329,-0.015523541081024833,-1.7266010382363761,0.0,0.0,0.040745048543031424,-2.1072697723303815
41.900000000000325,0.0,453.0,476.86398311199656,475.25439982289197,0.650762511418153,PILOT_DESC_ADD_SLACK_ACC,caténaire,,48.883324008884216,6.867385637376877e-07,48.883324008884216,0.010515558163684725,-0.9999447099897604,0.9223002070021056,-0.3864742270370345,29.577090442637033,-467.9057227625652,5.0,-25.0,-6.33379119491598e-07,2.6540675559704613e-07,-3.254889499834444,33.823409077413515,8.829000000000008,1.7451098667864366,-0.005590657179737946,0.5140354368496679,-48.88062124939922,6.33379119491598e-07,-2.6540675559704613e-07,-1.7268366946549822,0.0,0.0,0.5140360702287874,-50.60745820946096
42.00000000000033,0.0,453.0,476.9324058930353,475.3204572101335,0.6842278103873904,T_SOFT_ACC,caténaire,,0.4525573657548634,0.040046755107949104,6.632038751752781,0.010516279522387102,-0.9999447024035915,0.9228041202133699,-0.38526945858350675,29.598609798490372,-467.9567705381774,5.0,-25.0,-0.03695531061479125,0.015428791658465835,-3.4342211277569854,33.8190508757492,8.829000000000008,1.5288235616282235,0.005479667407655597,0.00475921975819332,-0.45253234042030016,0.03695531061479125,-0.015428791658465835,-1.7270844696458232,0.0,0.0,0.04171453037298457,-2.195045601724589
42.10000000000033,0.0,453.0,476.99769766706964,475.3868564530742,0.6529177403431221,PILOT_DESC_ADD_SLACK_ACC,caténaire,,48.98285446055443,3.0551738726333766e-06,48.98285446055443,0.010517350675827847,-0.9999446911378458,0.9233168993284716,-0.38403893476372586,29.62065108042318,-468.00782163007625,5.0,-25.0,-2.820893666989208e-06,1.173305719564089e-06,-3.6028270981349158,33.82344508518125,8.829000000000008,1.3971700809714171,-0.005553741513040222,0.5151698574646891,-48.98014527460915,2.820893666989208e-06,-1.173305719564089e-06,-1.7273209065235378,0.0,0.0,0.5151726783583561,-50.70746735443841
42.20000000000033,0.0,453.0,477.0664388317762,475.45286909249535,0.6874116470657402,T_SOFT_ACC,caténaire,,0.5325989953271346,0.04005828129960178,6.649905151485749,0.010519183974598747,-0.9999446718536523,0.9238078550577893,-0.3828564312291574,29.643145759249375,-468.0588694522217,5.0,-25.0,-0.037006154924686674,0.015336570619539231,-3.752574427861008,33.81911253210585,8.829000000000008,1.2104194172143052,0.005449102725378907,0.005602506816532587,-0.5325695276119765,0.037006154924686674,-0.015336570619539231,-1.7275698344565598,0.0,0.0,0.04260866174121926,-2.2754759326880754
42.30000000000033,0.0,453.0,477.1319819321769,475.5192201453381,0.6554310040067928,PILOT_DESC_ADD_SLACK_ACC,caténaire,,49.073675026054154,7.173002179942933e-06,49.073675026054154,0.010521313562428459,-0.9999446494486187,0.92430816721559,-0.3816469730242295,29.666056245658655,-468.1099205698003,5.0,-25.0,-6.630064498376484e-06,2.73755456947142e-06,-3.892587113772728,33.823479112972485,8.829000000000008,1.1074062561627738,-0.005518149472955258,0.5163195226098303,-49.070958771083156,6.630064498376484e-06,-2.73755456947142e-06,-1.7278071814461873,0.0,4.440892098500626e-16,0.5163261526743287,-50.79876869008391
42.40000000000033,0.0,453.0,477.20097072253753,475.5851781217621,0.6898879036061135,T_HARD_ACC,caténaire,,0.6027153763626529,0.04007138246772007,6.665498502066959,0.010524148078377297,-0.9999446196201189,0.924787221615394,-0.3804846839714842,29.689323525479594,-468.16096843684795,5.0,-25.0,-0.03705750245861065,0.015246547294530942,-4.014772556931468,33.81917202743534,8.829000000000008,0.9481699406099215,0.005418574729866066,0.006343065869955463,-0.6026819977561498,0.03705750245861065,-0.015246547294530942,-1.7280570060899718,0.0,0.0,0.04340056832856611,-2.3459855511406524
42.500000000000334,0.0,453.0,477.2667009839263,475.6514811162174,0.6573026138873304,PILOT_DESC_ADD_SLACK_ACC,caténaire,,49.15409714287369,1.2628698916584968e-05,49.15409714287369,0.010527212459136268,-0.9999445873636399,0.9252764350146221,-0.37929344682795635,29.71291921223667,-468.2120195789777,5.0,-25.0,-1.168503751241076e-05,4.78998274102399e-06,-4.128905711118198,33.82351164525707,8.829000000000008,0.8710826038442896,-0.005483564760197623,0.5174556238600543,-49.1513733847631,1.168503751241076e-05,-4.78998274102399e-06,-1.7282950308335778,0.0,-2.220446049250313e-16,0.5174673088975666,-50.879673205579415
42.600000000000335,0.0,453.0,477.33585821917615,475.71744229605844,0.6915723524985973,T_HARD_ACC,caténaire,,0.6620555118849438,0.040085085441608444,6.67865260312954,0.010530892487619764,-0.999944548614279,0.9257472560130093,-0.37814285393801056,29.73679290254389,-468.26306748960326,5.0,-25.0,-0.03710865785461605,0.015157888609238815,-4.226772107171207,33.819229768145206,8.829000000000008,0.7361192349741765,0.005387656754436421,0.006972035416496413,-0.6620187999893855,0.03710865785461605,-0.015157888609238815,-1.7285454654559433,0.0,-2.220446049250313e-16,0.04408069327111246,-2.405722154054568
42.70000000000034,0.0,453.0,477.40170405101287,475.7837387467276,0.6584583183671303,PILOT_DESC_ADD_SLACK_ACC,caténaire,,49.22389600601457,1.917885146155568e-05,49.22389600601457,0.010534742606020718,-0.9999445080594348,0.9262282324622363,-0.3769632095972782,29.76092433158437,-468.3141186553827,5.0,-25.0,-1.7763993689892495e-05,7.2297214033374785e-06,-4.318528633644844,33.82354298309613,8.829000000000008,0.6814536023614659,-0.0054497871824708,0.5185610744888948,-49.22116447650302,1.7763993689892495e-05,-7.2297214033374785e-06,-1.728783908707337,0.0,0.0,0.5185788384825847,-50.94995561493176
42.80000000000034,0.0,453.0,477.4709652996659,475.8496725938096,0.6926124865304173,T_HARD_ACC,caténaire,,0.7109520611293689,0.04009990507821695,6.689459885973949,0.0105391541150615,-0.9999444615730111,0.9266905443901746,-0.3758252718190218,29.785270539564564,-468.3651666087169,5.0,-25.0,-0.03716020286692719,0.015070557725937858,-4.395743843798229,33.81928635707279,8.829000000000008,0.5670959533348441,0.0053569147987175825,0.007492833340663044,-0.7109125759702293,0.03716020286692719,-0.015070557725937858,-1.729034719986711,0.0,2.220446049250313e-16,0.04465303620759024,-2.455017853682878
42.90000000000034,0.0,453.0,477.5368685369433,475.9159373761255,0.6590323727736496,PILOT_DESC_ADD_SLACK_ACC,caténaire,,49.28376670887816,2.6684083937057734e-05,49.28376670887816,0.01054367593708748,-0.9999444139039598,0.9271631472072673,-0.37465784185135553,29.809818160338146,-468.41621779753206,5.0,-25.0,-2.4740499243425338e-05,9.997401299638474e-06,-4.468775444732759,33.82357350739309,8.829000000000008,0.5311998147679979,-0.00541649520561549,0.5196320651374317,-49.28102721668866,2.4740499243425338e-05,-9.997401299638474e-06,-1.7292733711167134,0.0,2.220446049250313e-16,0.519656805636675,-51.010310585206675
43.00000000000034,0.0,453.0,477.60618145049295,475.9817980928945,0.6931291354962846,T_HARD_ACC,caténaire,,0.7504122289053328,0.040116013109955745,6.6981567447179335,0.010548718777344685,-0.9999443607182134,0.9276158899303707,-0.37353548793747365,29.834530460683695,-468.4672657927816,5.0,-25.0,-0.03721225120145002,0.01498475453113341,-4.528934798541383,33.81934189491486,8.829000000000008,0.4338529502571671,0.005326649445983378,0.007915887569802762,-0.7503704765078726,0.03721225120145002,-0.01498475453113341,-1.7295243694868356,0.0,0.0,0.04512813877125278,-2.4948796005258416
43.10000000000034,0.0,453.0,477.6720949259433,476.0480084844651,0.6591347545039005,PILOT_DESC_ADD_SLACK_ACC,caténaire,,49.33487601500517,3.489212537174935e-05,49.33487601500517,0.010553806913351641,-0.9999443070289644,0.9280799352107841,-0.3723810331624676,29.859399774510713,-468.5183170040807,5.0,-25.0,-3.23826814543797e-05,1.2993165695166373e-05,-4.586668224001291,33.82360330054953,8.829000000000008,0.4132993933172546,-0.005383706284781908,0.5206707555565077,-49.33212840918422,3.23826814543797e-05,-1.2993165695166373e-05,-1.7297630576916714,0.0,0.0,0.520703138237962,-51.06190446004159
43.200000000000344,0.0,453.0,477.7414170538487,476.11381152309303,0.6932212790535104,T_HARD_ACC,caténaire,,0.7817369730701671,0.04013291516700709,6.705039742894656,0.010559364437317266,-0.9999442483572171,0.9285244365327351,-0.37127128997751346,29.88439445305416,-468.56936504041835,5.0,-25.0,-0.03726439244186131,0.014900199184612837,-4.63302701391546,33.81939633677948,8.829000000000008,0.32970859364267824,0.005296535964085081,0.008254645592773167,-0.7816933899496943,0.03726439244186131,-0.014900199184612837,-1.7300140894291438,0.0,0.0,0.04551903803463448,-2.526607678563451
43.300000000000345,0.0,453.0,477.80730260846707,476.1799621711706,0.658855546183659,PILOT_DESC_ADD_SLACK_ACC,caténaire,,49.37855154059797,4.389256765395533e-05,49.37855154059797,0.010564919581625769,-0.999944189679721,0.9289803239996774,-0.37012910939488985,29.909511445124934,-468.62041627366386,5.0,-25.0,-4.077533172034918e-05,1.6245916974813434e-05,-4.678482163707606,33.823632381395065,8.829000000000008,0.32147706096067363,-0.005351372687968592,0.5216804260835808,-49.375795707821574,4.077533172034918e-05,-1.6245916974813434e-05,-1.730252676526077,0.0,0.0,0.5217212014153011,-51.106064630264626
43.40000000000035,0.0,453.0,477.8765996076236,476.24571861353934,0.6929699915652932,T_HARD_ACC,caténaire,,0.8062758596764681,0.04015034808191066,6.71041313562892,0.010570892414121687,-0.9999441265558636,0.9294175876107518,-0.3690297384220013,29.9347231799672,-468.6714643503829,5.0,-25.0,-0.03731643965602138,0.014816672450219793,-4.713843750979696,33.819449842262316,8.829000000000008,0.24883980936428252,0.005266514712531034,0.008523055368743418,-0.806230810267264,0.03731643965602138,-0.014816672450219793,-1.7305036172664365,0.0,2.220446049250313e-16,0.0458394950247648,-2.5515510999839197
43.50000000000035,0.0,453.0,477.94242646037077,476.3118266329766,0.6582685274717438,PILOT_DESC_ADD_SLACK_ACC,caténaire,,49.41609198474975,5.349954117998129e-05,49.41609198474975,0.010576820188126465,-0.9999440638729289,0.9298665082076208,-0.36789710098581435,29.96003028662513,-468.72251560509494,5.0,-25.0,-4.974743154773902e-05,1.968232610418631e-05,-4.749574585087538,33.823660826381065,8.829000000000008,0.2503756674809141,-0.005319491292837597,0.5226651193226155,-49.41332783994913,4.974743154773902e-05,-1.968232610418631e-05,-1.7307419917900808,0.0,0.0,0.5227148667541632,-51.14408951406532
43.60000000000035,0.0,453.0,478.0116706278432,476.37751872815045,0.6924416747245694,T_HARD_ACC,caténaire,,0.8252883216290527,0.04016859155544363,6.714559417059724,0.010583137730080305,-0.9999439970297267,0.9302962608336827,-0.3668090335295311,29.985408421298274,-468.77356372162103,5.0,-25.0,-0.03736869052698465,0.014734202246694762,-4.776272719724473,33.81950258677634,8.829000000000008,0.1863585897485418,0.005236789023022936,0.008734139974827077,-0.8252421030317096,0.03736869052698465,-0.014734202246694762,-1.7309927412144803,0.0,0.0,0.04610283050181173,-2.570969046492885
43.70000000000035,0.0,453.0,478.07741403964127,476.44356181127966,0.6574341179807255,PILOT_DESC_ADD_SLACK_ACC,caténaire,,49.448669308211954,6.376503923332527e-05,49.448669308211954,0.010589376686743758,-0.9999439309788256,0.9307377166236303,-0.3656874387427477,30.01086111513829,-468.824614997418,5.0,-25.0,-5.934852701644136e-05,2.3318073878565537e-05,-4.804378649459889,33.823688765739284,8.829000000000008,0.19556200201309437,-0.0052879161868446545,0.5236305859628813,-49.445896769725465,5.934852701644136e-05,-2.3318073878565537e-05,-1.7312308135788137,0.0,4.440892098500626e-16,0.5236899344898976,-51.177150901378155
43.80000000000035,0.0,453.0,478.14658311025954,476.50918044600587,0.6916907061826529,T_HARD_ACC,caténaire,,0.8398775409976977,0.04018751263561241,6.717724735818648,0.010595978020134391,-0.9999438610491076,0.9311599630993909,-0.36461092018854985,30.036366551628795,-468.87566315316565,5.0,-25.0,-0.037421002782833154,0.014652805962159616,-4.82431038687575,33.81955455555745,8.829000000000008,0.13826861034141746,0.005207361519602216,0.008899323964016126,-0.8398303911536681,0.037421002782833154,-0.014652805962159616,-1.7314812910598332,0.0,0.0,0.04632032674684928,-2.585964488175661
43.900000000000354,0.0,453.0,478.21222328909903,476.5751610727881,0.6564017883951185,PILOT_DESC_ADD_SLACK_ACC,caténaire,,49.47728895739864,7.453905791238169e-05,49.47728895739864,0.010602468358195876,-0.9999437922527014,0.9315943879408723,-0.36349951355823223,30.061930531528155,-468.92671444965447,5.0,-25.0,-6.944016803357445e-05,2.7094911292239645e-05,-4.846482578474664,33.823716184253946,8.829000000000008,0.15344798135730287,-0.005256720834772466,0.5245813906201333,-49.4745079504439,6.944016803357445e-05,-2.7094911292239645e-05,-1.7317189895933311,0.0,0.0,0.5246508307881669,-51.20625403494852
44.000000000000355,0.0,453.0,478.2812994500546,476.6407001331065,0.6907616095556067,T_HARD_ACC,caténaire,,0.8509723848963162,0.0402071586105401,6.720115897375252,0.010609303684882505,-0.999943719753928,0.9320091946726202,-0.36243463003098086,30.08753320206597,-468.9777626440574,5.0,-25.0,-0.03747344151668378,0.014572466655608067,-4.861163813960908,33.81960577406133,8.829000000000008,0.10136274452240812,0.0051782407169298494,0.009028224458813742,-0.8509244919610938,0.03747344151668378,-0.014572466655608067,-1.731969130626599,0.0,2.220446049250313e-16,0.04650166597549753,-2.5974660892433006
44.10000000000036,0.0,453.0,478.3468206536432,476.7065944769395,0.655212035886058,PILOT_DESC_ADD_SLACK_ACC,caténaire,,49.50278566820301,8.600668406392314e-05,49.50278566820301,0.010616009273383076,-0.9999436485858127,0.9324359262380192,-0.36133536148659345,30.113182128171065,-469.0288139608751,5.0,-25.0,-8.019572211780486e-05,3.10772562765009e-05,-4.878744715115656,33.823743121770036,8.829000000000008,0.12117508916222608,-0.005225800973697403,0.525522031711938,-49.4999961162244,8.019572211780486e-05,-3.10772562765009e-05,-1.7322063983227172,0.0,0.0,0.5256022274340558,-51.23223359180339
44.20000000000036,0.0,453.0,478.41578973687297,476.77204495093633,0.6896908322974522,T_HARD_ACC,caténaire,,0.859333275905442,0.04022740437748481,6.721901754252774,0.010623040530360995,-0.9999435739129935,0.9328432016610007,-0.36028261284005014,30.138858973467276,-469.07986219335174,5.0,-25.0,-0.03752586069400468,0.014493234356893498,-4.889371650454656,33.81965622202573,8.829000000000008,0.07310248885133941,0.005149456382611106,0.009128732219031398,-0.8592847870912481,0.03752586069400468,-0.014493234356893498,-1.7324561516023438,0.0,0.0,0.04665459291303608,-2.6062341730504857
44.30000000000036,0.0,453.0,478.4811795371355,476.8378589345197,0.653898002625261,PILOT_DESC_ADD_SLACK_ACC,caténaire,,49.52583590296172,9.79970895135171e-05,49.52583590296172,0.01062992108619824,-0.9999435007927704,0.9332627186808788,-0.3591945126534851,30.16457266813133,-469.1309135301054,5.0,-25.0,-9.145703018219842e-05,3.520001680926773e-05,-4.903415395736805,33.82376953866731,8.829000000000008,0.09649314723301305,-0.0051952613158903205,0.5264557273764866,-49.523037732495816,9.145703018219842e-05,-3.520001680926773e-05,-1.7326929434560976,0.0,2.220446049250313e-16,0.5265471844066688,-51.25576587596873
44.40000000000036,0.0,453.0,478.5500303573718,476.9032396934881,0.6885082023627349,T_HARD_ACC,caténaire,,0.8655709188426854,0.040248057943443,6.723217654467415,0.010637106398154366,-0.9999434243833369,0.9336634254212893,-0.3581516550716813,30.190306041025178,-469.1819618000798,5.0,-25.0,-0.037578139646029525,0.01441490856586504,-4.910923259341445,33.81970590690541,8.829000000000008,0.05149860101252557,0.005120815471272522,0.009207169958877883,-0.8655219486341863,0.037578139646029525,-0.01441490856586504,-1.732942268477596,0.0,0.0,0.046785309604907406,-2.6128791256776474
44.50000000000036,0.0,453.0,478.61527903756905,476.9689626279088,0.6524868019725502,PILOT_DESC_ADD_SLACK_ACC,caténaire,,49.54697957054198,0.00011075694594907953,49.54697957054198,0.010644137489651873,-0.9999433495639147,0.9340755205360911,-0.3570755129314112,30.2160690756613,-469.2330131564013,5.0,-25.0,-0.00010345535194037417,3.9548593285484164e-05,-4.922251000357057,33.823795467785814,8.829000000000008,0.0776455442910029,-0.0051649836209080036,0.5273848627458213,-49.5441727125426,0.00010345535194037417,-3.9548593285484164e-05,-1.733178549302386,0.0,0.0,0.5274883180977616,-51.27739081043827
44.600000000000364,0.0,453.0,478.6840028497466,477.0342507191195,0.6872381217752952,T_HARD_ACC,caténaire,,0.870169336888523,0.04026927067062627,6.7241709974377075,0.010651461288310285,-0.9999432715771547,0.9344689566487994,-0.3560446166700242,30.241845492641385,-469.2840614633545,5.0,-25.0,-0.03763038334858823,0.014337657039504579,-4.927365954008712,33.819754904092115,8.829000000000008,0.035003662642699496,0.005092561131611717,0.009268575006142733,-0.870119973554433,0.03763038334858823,-0.014337657039504579,-1.733427414397817,0.0,0.0,0.046898958354730964,-2.6178850449917546
44.700000000000365,0.0,453.0,478.74910291027,477.09990277126167,0.651000605233617,PILOT_DESC_ADD_SLACK_ACC,caténaire,,49.56664135963612,0.00012385654691015463,49.56664135963612,0.010658610550258723,-0.9999431953971876,0.934874593069099,-0.3549781616295382,30.26764608646383,-469.335112838879,5.0,-25.0,-0.00011579033889157458,4.396636932794935e-05,-4.936613478037408,33.82382091356901,8.829000000000008,0.06327073162370045,-0.005135120061673604,0.528311526536708,-49.56382574626094,0.00011579033889157458,-4.396636932794935e-05,-1.733663157035796,0.0,2.220446049250313e-16,0.5284273168755995,-51.297532869666064
44.80000000000037,0.0,453.0,478.817692964741,477.16508346830454,0.6859005447102553,T_HARD_ACC,caténaire,,0.8735080824217576,0.04029134689922319,6.724846085928154,0.010666059205459702,-0.9999431159726164,0.935260368385727,-0.35396051097120207,30.293455257786174,-469.3861611822789,5.0,-25.0,-0.0376828999437246,0.014261545736166998,-4.93989641335042,33.819803196336466,8.829000000000008,0.022420686705856063,0.005064742072626416,0.00931688892355804,-0.8734583937640773,0.0376828999437246,-0.014261545736166998,-1.7339115377630967,0.0,-2.220446049250313e-16,0.046999788867282635,-2.6216314772633416
44.90000000000037,0.0,453.0,478.8826387179711,477.2306212284519,0.6494575323004698,PILOT_DESC_ADD_SLACK_ACC,caténaire,,49.585153790346,0.00013764528598536607,49.585153790346,0.01067332827531802,-0.9999430384094522,0.9356580421484711,-0.3529079599029891,30.319284425017187,-469.4372125766864,5.0,-25.0,-0.000128788918796034,4.857611706735904e-05,-4.947553844949895,33.823845935219964,8.829000000000008,0.05231736613130877,-0.005105488662977109,0.5292386239864925,-49.582329341118545,0.000128788918796034,-4.857611706735904e-05,-1.7341467216180566,0.0,-2.220446049250313e-16,0.5293674129052885,-51.316524638853664
45.00000000000037,0.0,453.0,478.9510898958781,477.2957374412423,0.6845117790704228,T_HARD_ACC,caténaire,,0.8758810691273453,0.04031345241161139,6.725307342244971,0.01068086613249747,-0.9999429579224306,0.9360379560030935,-0.351899055016564,30.345118505537428,-469.48826095591687,5.0,-25.0,-0.037734921594792706,0.014186265808101272,-4.9494362962756036,33.819850672241365,8.829000000000008,0.012828782129603589,0.005036938049457262,0.009355168447337938,-0.8758311070514586,0.037734921594792706,-0.014186265808101272,-1.7343945994406398,0.0,4.440892098500626e-16,0.04709009004213065,-2.6244119723001993
45.10000000000037,0.0,453.0,479.0158771340424,477.3612025963338,0.6478723816429598,PILOT_DESC_ADD_SLACK_ACC,caténaire,,49.60277446520688,0.00015198439086041432,49.60277446520688,0.010688222280623815,-0.9999428793208539,0.9364294103516159,-0.35085603803914356,30.370969397670102,-469.53931236879987,5.0,-25.0,-0.0001423226535160673,5.332464122107759e-05,-4.955880115992699,33.82387041689193,8.829000000000008,0.04397756135378561,-0.005076258466857553,0.5301654792197822,-49.599941121041894,0.0001423226535160673,-5.332464122107759e-05,-1.7346292092752458,0.0,-2.220446049250313e-16,0.5303078018732983,-51.334623654958364
45.20000000000037,0.0,453.0,479.08418564839025,477.4262019077961,0.6830851434786638,T_HARD_ACC,caténaire,,0.8775176706103238,0.04033648002707663,6.7256062099099365,0.010695861114704388,-0.9999427976414526,0.9368016069473502,-0.34986104273105695,30.39682241038896,-469.5903607834137,5.0,-25.0,-0.03778727930796508,0.01411216296237348,-4.956693225412937,33.81989755565092,8.829000000000008,0.00551949527909823,0.005009718613287362,0.009385807130546936,-0.8774674745298978,0.03778727930796508,-0.01411216296237348,-1.734876570479511,0.0,-2.220446049250313e-16,0.047173086438512014,-2.626456207971782
45.300000000000374,0.0,453.0,479.14881137125957,477.49156632012614,0.6462572286929507,PILOT_DESC_ADD_SLACK_ACC,caténaire,,49.61970222300635,0.00016675988172014378,49.61970222300635,0.01070330604560707,-0.9999427179792322,0.9371859084940035,-0.3488302924349733,30.422689811230256,-469.64141221447625,5.0,-25.0,-0.0001562850112502455,5.817089830685932e-05,-4.962211913324095,33.82389450644278,8.829000000000008,0.03763180166465396,-0.005047322658924713,0.5310948587847264,-49.61685990619312,0.0001562850112502455,-5.817089830685932e-05,-1.7351105954292272,0.0,0.0,0.5312511437959766,-51.35202867252065
45.400000000000375,0.0,453.0,479.21697452184196,477.5564714889058,0.6816315058236556,T_HARD_ACC,caténaire,,0.8785928751190042,0.040359946508617586,6.7257810324008025,0.010711025702654323,-0.9999426353188451,0.9375513856323495,-0.3478468043533841,30.44855720468038,-469.69246066387836,5.0,-25.0,-0.037839523773201926,0.01403907841689615,-4.962209077588311,33.81994365058567,8.829000000000008,-4.86013615130787e-05,0.004982729002556141,0.009410630867568614,-0.8785424749188581,0.037839523773201926,-0.01403907841689615,-1.735357430237092,0.0,0.0,0.047250154640770536,-2.627938983572846
45.50000000000038,0.0,453.0,479.2814367134815,477.62173930254545,0.6446219163958542,PILOT_DESC_ADD_SLACK_ACC,caténaire,,49.63609044202577,0.000182092182260285,49.63609044202577,0.010718549078456655,-0.9999425547028452,0.9379288212956385,-0.3468278048008465,30.474437142978992,-469.74351211275587,5.0,-25.0,-0.00017078950587453968,6.315463184473029e-05,-4.967023266216997,33.82391811288224,8.829000000000008,0.03280594427712824,-0.005018732485922328,0.5320268714655665,-49.633239082060726,0.00017078950587453968,-6.315463184473029e-05,-1.735590863001744,0.0,-2.220446049250313e-16,0.5321976609714411,-51.36889309969432
45.60000000000038,0.0,453.0,479.34945268595715,477.6865794962474,0.6801597247562687,T_HARD_ACC,caténaire,,0.8792413205271217,0.040383558346035804,6.725861360420381,0.010726329105371095,-0.9999424712771847,0.9382887863507391,-0.3458527915290797,30.50031545275849,-469.794560596409,5.0,-25.0,-0.0378914399490262,0.013966766385853948,-4.966398176795191,33.819989033642784,8.829000000000008,-0.004289616744216573,0.0049558000286324955,0.009431031767014982,-0.8791907388969054,0.0378914399490262,-0.013966766385853948,-1.7358371648430515,0.0,2.220446049250313e-16,0.047322471716041176,-2.6289946701258105
45.70000000000038,0.0,453.0,479.41375013169744,477.7517734644935,0.6429744574030462,PILOT_DESC_ADD_SLACK_ACC,caténaire,,49.652056667484196,0.00019794942496502432,49.652056667484196,0.010733914466838256,-0.9999423898806464,0.938660319169424,-0.3448431603160415,30.52620490618268,-469.845612062756,5.0,-25.0,-0.00018580727041707368,6.826150528768211e-05,-4.9706763304426484,33.82394126159358,8.829000000000008,0.029137862286934713,-0.004990476901134855,0.5329609293713815,-49.64919620657343,0.00018580727041707368,-6.826150528768211e-05,-1.7360700010240364,0.0,-2.220446049250313e-16,0.5331467366417986,-51.38533446910276
45.80000000000038,0.0,453.0,479.4816178328637,477.8165012010292,0.6786770116627415,T_HARD_ACC,caténaire,,0.8795672315430991,0.04040799578958453,6.7258707668337685,0.010741770721652463,-0.9999423055165549,0.9390131139643976,-0.34388133389715353,30.55209149615327,-469.89666058024056,5.0,-25.0,-0.037943637955438037,0.013895555492232892,-4.969576846904917,33.82003386080523,8.829000000000008,-0.007520484860354948,0.004929416297457578,0.009448109535514575,-0.87951648536602,0.037943637955438037,-0.013895555492232892,-1.736315765940042,0.0,2.220446049250313e-16,0.04739174749095261,-2.6297278067982948
45.90000000000038,0.0,453.0,479.545749969249,477.88161001973094,0.6413213638531688,PILOT_DESC_ADD_SLACK_ACC,caténaire,,49.66769064987576,0.0002140801480749882,49.66769064987576,0.01074941791646237,-0.9999422233381573,0.9393784278451256,-0.34288215074456707,30.57798816520344,-469.94771206378175,5.0,-25.0,-0.0002011022729315341,7.340426160366735e-05,-4.973447461901779,33.8239640454493,8.829000000000008,0.02635143582528965,-0.00496255028910042,0.533898763741085,-49.664821016508576,0.0002011022729315341,-7.340426160366735e-05,-1.736548003496953,0.0,0.0,0.5340998660140166,-51.40144242426713
46.000000000000384,0.0,453.0,479.6134688919958,477.9462381505109,0.6771892274678519,T_HARD_ACC,caténaire,,0.8796491590815165,0.04043302245042162,6.725826443515594,0.010757339948254608,-0.9999421381446217,0.9397246408409646,-0.3419321561308909,30.603881029754056,-469.9987606145614,5.0,-25.0,-0.03799590750033712,0.013825350545361383,-4.971986263264752,33.82007797729249,8.829000000000008,-0.009982170765089116,0.004903327837844529,0.00946268503943617,-0.8795982609490901,0.03799590750033712,-0.013825350545361383,-1.7367932296512927,0.0,0.0,0.04745859253977329,-2.630216841145744
46.100000000000385,0.0,453.0,479.6774356837757,478.0112086722765,0.639667917798738,PILOT_DESC_ADD_SLACK_ACC,caténaire,,49.68306209126004,0.00023114227292485995,49.68306209126004,0.010765068585422309,-0.9999420549703623,0.940081895905718,-0.34094871900376855,30.629783165144612,-470.0498121149854,5.0,-25.0,-0.00021729266615515925,7.880766186135045e-05,-4.975547301535632,33.82398641676971,8.829000000000008,0.024235405798212817,-0.0049347755684294725,0.5348415709462094,-49.68018320475467,0.00021729266615515925,-7.880766186135045e-05,-1.73702486845648,0.0,0.0,0.5350588636123645,-51.417286880873014
46.20000000000039,0.0,453.0,479.7450057963776,478.07574036951837,0.6757011260188642,T_HARD_ACC,caténaire,,0.8795467563331982,0.040458192328920645,6.725741240237712,0.010773050979384137,-0.9999419690024995,0.9404217500654352,-0.3400101939705107,30.655680778755244,-470.1008606984782,5.0,-25.0,-0.03804776403444752,0.013756197821452536,-4.973810273620563,33.82012132277305,8.829000000000008,-0.011858037655010811,0.0048775205944906475,0.009475402044729502,-0.87949571535758,0.03804776403444752,-0.013756197821452536,-1.737269555734268,0.0,0.0,0.04752316607917702,-2.6305214689133005
46.30000000000039,0.0,453.0,479.80880763567563,478.1406568737907,0.6380183929803218,PILOT_DESC_ADD_SLACK_ACC,caténaire,,49.69822277527508,0.00024825274359284444,49.69822277527508,0.01078082017838478,-0.9999418852694797,0.9407741315855807,-0.3390339707749014,30.68158704980293,-470.1519122153737,5.0,-25.0,-0.00023354975926729606,8.416611341604551e-05,-4.977136267084596,33.824008243061556,8.829000000000008,0.02263018315613685,-0.004907590825034447,0.5357876029255475,-49.69533457645115,0.00023354975926729606,-8.416611341604551e-05,-1.7375005972077033,0.0,0.0,0.5360211526848148,-51.432919339772276
46.40000000000039,0.0,453.0,479.87622929104384,478.20508194524155,0.6742165536822896,T_HARD_ACC,caténaire,,0.8793069852567754,0.04048424428412294,6.725626109244892,0.010788865151568574,-0.9999417985006634,0.9411073588451769,-0.3381078809011339,30.7074882521772,-470.2029608311129,5.0,-25.0,-0.0381000202130739,0.013688042044788651,-4.975188861354668,33.82016404976549,8.829000000000008,-0.013288881567741662,0.00485209181027102,0.009486724490767645,-0.8792558082718563,0.0381000202130739,-0.013688042044788651,-1.7377447468869145,0.0,0.0,0.04758674470384154,-2.6306885972035596
46.50000000000039,0.0,453.0,479.9398669147154,478.26988768663006,0.6363762367159865,PILOT_DESC_ADD_SLACK_ACC,caténaire,,49.71321365307321,0.00026593030533281214,49.71321365307321,0.01079669784820997,-0.999941713959156,0.9414529001818249,-0.3371445339008638,30.733397647037688,-470.25401236423414,5.0,-25.0,-0.00025036085720181423,8.965694884154534e-05,-4.9783366389438255,33.82402974366443,8.829000000000008,0.0214130001989723,-0.0048805993867304664,0.5367385468757381,-49.710316066671744,0.00025036085720181423,-8.965694884154534e-05,-1.7379751936969243,0.0,-4.440892098500626e-16,0.5369889077329398,-51.448380917317515
46.60000000000039,0.0,453.0,480.00714077601987,478.3342471691491,0.6727386130443879,T_HARD_ACC,caténaire,,0.8789637108499306,0.04051031003600835,6.725487871166859,0.010804784758603083,-0.9999416266094338,0.9417810751805812,-0.33622671879508376,30.759301555756448,-470.3050610116724,5.0,-25.0,-0.03815184334161063,0.01362064862077864,-4.976228602923405,33.820206051692814,8.829000000000008,-0.014380446265016111,0.00482670031358623,0.009497013706356538,-0.8789124027579437,0.03815184334161063,-0.01362064862077864,-1.7382188081790533,0.0,0.0,0.047648857047967175,-2.6307518595577757
46.700000000000394,0.0,453.0,480.07061519792876,478.3989460686743,0.6347442190891218,PILOT_DESC_ADD_SLACK_ACC,caténaire,,49.728065843932065,0.0002844319994481717,49.728065843932065,0.010812677338403381,-0.9999415412956777,0.9421200201447567,-0.3352758083167398,30.785213304774476,-470.35611256067034,5.0,-25.0,-0.00026796908104992497,9.536316852613226e-05,-4.979241354877148,33.82405078171637,8.829000000000008,0.02049067604180177,-0.004853855115108274,0.5376935306333155,-49.72515880563437,0.00026796908104992497,-9.536316852613226e-05,-1.7384486639970769,0.0,0.0,0.5379614997143655,-51.463702832799974
46.800000000000395,0.0,453.0,480.13774217764677,478.46321254395315,0.6712697971802096,T_HARD_ACC,caténaire,,0.8785440881772928,0.04053670360834797,6.725332770685297,0.010820816673378628,-0.9999414532493996,0.9424422429581796,-0.33436898583444574,30.811119248876306,-470.40716123936306,5.0,-25.0,-0.03820350187078239,0.013554216474594828,-4.977010641609402,33.82024746442851,8.829000000000008,-0.015214143480184461,0.0048016809030997365,0.009506564517647073,-0.8784926522756709,0.03820350187078239,-0.013554216474594828,-1.7386917465864178,0.0,-2.220446049250313e-16,0.047710066388429465,-2.630738615336684
46.9000000000004,0.0,453.0,480.2010546331786,478.52782041063085,0.6331245553185579,PILOT_DESC_ADD_SLACK_ACC,caténaire,,49.74280242739893,0.00030337827683531854,49.74280242739893,0.010828760414009543,-0.9999413672550487,0.9427752514909341,-0.3334288907341501,30.837032766725702,-470.45821280391755,5.0,-25.0,-0.00028601753124030366,0.00010115508231803817,-4.979921180766423,33.82407139563162,8.829000000000008,0.019792801702336327,-0.004827449286068486,0.5386528898077153,-49.73988587035104,0.00028601753124030366,-0.00010115508231803817,-1.7389210158860782,0.0,4.440892098500626e-16,0.5389389073389557,-51.478908041319436
47.0000000000004,0.0,453.0,480.2680358431573,478.5919985141227,0.6698120997867021,T_HARD_ACC,caténaire,,0.8780684948493942,0.04056348876428484,6.725165363303262,0.01083694873653389,-0.9999412785469364,0.9430917748882068,-0.3325325610195365,30.862940235894477,-470.50926151338587,5.0,-25.0,-0.03825509261436722,0.01348868080267483,-4.977596645949183,33.82028824270497,8.829000000000008,-0.015851738563550377,0.0047769235076344785,0.009515583265848357,-0.8780169333914872,0.03825509261436722,-0.01348868080267483,-1.7391635706088915,0.0,0.0,0.04777067588021558,-2.6306691848030535
47.1000000000004,0.0,453.0,480.33118774377107,478.65652945813696,0.6315190061375613,PILOT_DESC_ADD_SLACK_ACC,caténaire,,49.75744137558895,0.0003226506268289367,49.75744137558895,0.0108449362114607,-0.9999411919500912,0.9434194321027365,-0.331601832218928,30.888855077457123,-470.5603130932013,5.0,-25.0,-0.0003043948711305474,0.00010699153902306103,-4.980429962017294,33.82409161779865,8.829000000000008,0.019265643111575415,-0.0048013906623367575,0.5396162777637575,-49.7545152374932,0.0003043948711305474,-0.00010699153902306103,-1.7393922585014128,0.0,0.0,0.5399206726348881,-51.49401448753363
47.2000000000004,0.0,453.0,480.39802445432343,478.72056431719335,0.6683671055238052,T_HARD_ACC,caténaire,,0.8775530548016235,0.04059133104234784,6.724989732345911,0.010853196546253446,-0.9999411023278963,0.9437284116457951,-0.3307214614331895,30.914763683605024,-470.6113618329994,5.0,-25.0,-0.03830719237118359,0.013424424323843668,-4.9780335506604985,33.82032843035654,8.829000000000008,-0.01634074303168198,0.004752854680376117,0.009524255783527141,-0.8775013689695482,0.03830719237118359,-0.013424424323843668,-1.7396342899578014,0.0,-2.220446049250313e-16,0.04783144815471073,-2.6305600832511935
47.3000000000004,0.0,453.0,480.4610173503372,478.7849956112353,0.6299289601379425,PILOT_DESC_ADD_SLACK_ACC,caténaire,,49.771996408586745,0.00034207455143342447,49.771996408586745,0.010861236294279078,-0.9999410150334669,0.9440500013281071,-0.3298023574694406,30.940679510383557,-470.6624134278115,5.0,-25.0,-0.00032293548073503603,0.0001128169934930448,-4.980808655592206,33.82411148979537,8.829000000000008,0.018868408927058766,-0.0047756932111440165,0.5405854138316702,-49.769060609044296,0.00032293548073503603,-0.0001128169934930448,-1.73986240205725,0.0,0.0,0.5409083493124053,-51.50903582809504
47.400000000000404,0.0,453.0,480.5277109567496,478.84895077110053,0.6669360641241483,T_HARD_ACC,caténaire,,0.8770082705019107,0.04061939765360778,6.724807563776798,0.01086953935419767,-0.999940924812175,0.9443537648461505,-0.3289315533981215,30.966588958216384,-470.71346219733357,5.0,-25.0,-0.0383590810999674,0.01336100156829722,-4.978356995606658,33.820367815209174,8.829000000000008,-0.01671607670662567,0.004728816777465283,0.009532675910177354,-0.8769564610736067,0.0383590810999674,-0.01336100156829722,-1.7401039152998736,0.0,2.220446049250313e-16,0.04789175701014475,-2.6304213779417775
47.500000000000405,0.0,453.0,480.5905465068814,478.91325836092943,0.628355501318256,PILOT_DESC_ADD_SLACK_ACC,caténaire,,49.78647912261177,0.00036235784041129676,49.78647912261177,0.010877641174624041,-0.9999408367110907,0.9446685401795993,-0.32802644587737867,30.992505512681905,-470.76451380680834,5.0,-25.0,-0.00034230805212397196,0.00011886295452592006,-4.98108837042167,33.82413091927552,8.829000000000008,0.01856932152620594,-0.00475021776996698,0.541559455243682,-49.78353359076367,0.00034230805212397196,-0.00011886295452592006,-1.7403314576128586,0.0,0.0,0.541901763295806,-51.52398391133105
47.600000000000406,0.0,453.0,480.65709850200005,478.97715588023476,0.6655199511864304,T_HARD_ACC,caténaire,,0.8764426633865696,0.04064728402948178,6.724620427666601,0.0108859764976662,-0.999940746002328,0.9449679292192719,-0.3271629758194551,31.01841557774488,-470.8155626055561,5.0,-25.0,-0.03841037981772698,0.01329828640206387,-4.978594193144524,33.82040653991532,8.829000000000008,-0.017004572962250997,0.004704826317372124,0.009540934235178166,-0.8763907306550336,0.03841037981772698,-0.01329828640206387,-1.7405724580476647,0.0,0.0,0.04795131405290515,-2.630261475104762
47.70000000000041,0.0,453.0,480.7197784484501,479.0414108187627,0.6267994645001858,PILOT_DESC_ADD_SLACK_ACC,caténaire,,49.80089708652326,0.0003829259073304045,49.80089708652326,0.010894108776517834,-0.9999406574362126,0.9452784418952559,-0.3262647196496691,31.044332663914247,-470.8666142293425,5.0,-25.0,-0.0003619716050426119,0.0001249352138017496,-4.981292756465434,33.824149883491174,8.829000000000008,0.0183452719295234,-0.0047251812950293015,0.5425363900287544,-49.797941773611235,0.0003619716050426119,-0.0001249352138017496,-1.7407994368831021,0.0,2.220446049250313e-16,0.542898361633797,-51.53886614570814
47.80000000000041,0.0,453.0,480.7861904002551,479.1052084219675,0.6641195180501672,T_HARD_ACC,caténaire,,0.8758643290529164,0.04067593647144049,6.724430840602372,0.01090249481486005,-0.9999405660372079,0.9455720639265844,-0.325412771601883,31.07024317549677,-470.91766305697905,5.0,-25.0,-0.03846202920144661,0.013236469224673565,-4.978765791231195,33.82044481822877,8.829000000000008,-0.017227820432641927,0.0046812874534367666,0.009549106306020298,-0.8758122729649727,0.03846202920144661,-0.013236469224673565,-1.7410399301881159,0.0,2.220446049250313e-16,0.04801113550746691,-2.630088672377762
47.90000000000041,0.0,453.0,480.84871654833427,479.1693826748121,0.6252614807916697,PILOT_DESC_ADD_SLACK_ACC,caténaire,,49.815256597937484,0.00040375320957350413,49.815256597937484,0.010910669278922983,-0.9999404768764418,0.9458774119883008,-0.324524146236169,31.096160644429062,-470.9687146948797,5.0,-25.0,-0.00038190104095335613,0.00013102766562695444,-4.981439892470281,33.824168586266,8.829000000000008,0.018178206488766335,-0.004700386068385853,0.5435177897847819,-49.81229143826393,0.00038190104095335613,-0.00013102766562695444,-1.741266352083462,0.0,0.0,0.5438996908257353,-51.553688818013015
48.00000000000041,0.0,453.0,480.91499008160554,479.23305759935414,0.6627353327125027,T_HARD_ACC,caténaire,,0.8752782085853639,0.04070537415685057,6.724239916942512,0.0109191151405896,-0.9999403846852805,0.9461645690971151,-0.3236859715608176,31.12207147256952,-471.01976355095644,5.0,-25.0,-0.03851398279905337,0.013175758581706772,-4.978887446678533,33.82048250214711,8.829000000000008,-0.017401429477586383,0.0046582607288101485,0.00955726353959259,-0.875226028599492,0.03851398279905337,-0.013175758581706772,-1.7415063441423935,0.0,0.0,0.04807124633864596,-2.6299081313235924
48.10000000000041,0.0,453.0,480.9773642830937,479.2971265543208,0.6237420148820431,PILOT_DESC_ADD_SLACK_ACC,caténaire,,49.82956275453491,0.0004249200242241388,49.82956275453491,0.01092734160113615,-0.9999402948204118,0.9464639870735522,-0.3228094192752664,31.14798921086217,-471.07081520271385,5.0,-25.0,-0.0004021715003145688,0.00013716818625822638,-4.981543437258386,33.82418694783268,8.829000000000008,0.01805439124129915,-0.004675883981072104,0.5445046540540538,-49.82658767154185,0.0004021715003145688,-0.00013716818625822638,-1.7417322158033786,0.0,-4.440892098500626e-16,0.5449068255543683,-51.56845705553149
48.200000000000415,0.0,453.0,481.0435010644331,479.3607301730612,0.6613678133938388,T_HARD_ACC,caténaire,,0.8746872087812463,0.04073489388462606,6.724047761197106,0.01093582403097901,-0.9999402020884866,0.9467465147195179,-0.3219798702814287,31.173900256598,-471.12186408668344,5.0,-25.0,-0.03856561881273913,0.013115815848899664,-4.9789710709768045,33.82051946084035,8.829000000000008,-0.01753668978954348,0.004635276689242573,0.009565425397379907,-0.8746349043129337,0.03856561881273913,-0.013115815848899664,-1.7419717126513852,0.0,0.0,0.04813104421011904,-2.6297224328132183
48.300000000000416,0.0,453.0,481.10572520399654,479.42470051926233,0.6222413956342918,PILOT_DESC_ADD_SLACK_ACC,caténaire,,49.8438198593876,0.00044672225181775077,49.8438198593876,0.010944099193037925,-0.9999401115531135,0.9470403129969187,-0.32111469221868083,31.199818177851594,-471.1729157519768,5.0,-25.0,-0.000423063981184171,0.00014344907839969307,-4.981613769869094,33.82420488428109,8.829000000000008,0.017963166149721488,-0.004651666640519636,0.5454957087010516,-49.84083479042933,0.000423063981184171,-0.00014344907839969307,-1.74219704090283,0.0,4.440892098500626e-16,0.5459187726822358,-51.58317528041056
48.40000000000042,0.0,453.0,481.1717269296036,479.4881849838417,0.6600172560708626,T_HARD_ACC,caténaire,,0.8740949285636503,0.040765021021556935,6.72385557597487,0.010952638571931586,-0.9999400180552395,0.947316663353957,-0.32029851596897185,31.225729365956514,-471.2239646634118,5.0,-25.0,-0.038617383695695236,0.013056975736648628,-4.979025785367544,33.82055585315504,8.829000000000008,-0.017643169063239483,0.004612828891680465,0.009573645830116021,-0.8740424986499298,0.038617383695695236,-0.013056975736648628,-1.7424360486822494,0.0,-2.220446049250313e-16,0.04819102952581126,-2.629535523068828
48.50000000000042,0.0,453.0,481.23380291372195,479.5520938007689,0.6207598411834856,PILOT_DESC_ADD_SLACK_ACC,caténaire,,49.85803018903657,0.00046844050659617525,49.85803018903657,0.010960945651388306,-0.9999399270308329,0.9476061677039542,-0.3194409975714221,31.251647404374264,-471.2750163419551,5.0,-25.0,-0.0004438971132529005,0.00014963910272994455,-4.98165880958389,33.82422244178391,8.829000000000008,0.017897293302857165,-0.0046279191133677955,0.5464911591873073,-49.85503506912629,0.0004438971132529005,-0.00014963910272994455,-1.7426608404279644,0.0,-2.220446049250313e-16,0.5469350563005602,-51.597845548656984
48.60000000000042,0.0,453.0,481.29967129942844,479.6155222342464,0.658683857065137,T_HARD_ACC,caténaire,,0.8735031370682549,0.04079538270126824,6.723663465353089,0.010969514377338757,-0.9999398330671327,0.9478785419750331,-0.31863187170037716,31.27755867742214,-471.32606528037707,5.0,-25.0,-0.03866906787419163,0.012998709146838289,-4.979058430250504,33.820591611604414,8.829000000000008,-0.017727498124695096,0.004590320751240995,0.00958190522072073,-0.8734505810636476,0.03866906787419163,-0.012998709146838289,-1.7428993653522278,0.0,0.0,0.04825097309491236,-2.6293486555627137
48.70000000000042,0.0,453.0,481.36160104738076,479.6793161614751,0.6192974795233528,PILOT_DESC_ADD_SLACK_ACC,caténaire,,49.87219735853445,0.000491052897213913,49.87219735853445,0.010977876586016363,-0.9999397412972756,0.9481620305661732,-0.3177872933152478,31.303476782953954,-471.37711697193436,5.0,-25.0,-0.0004655977121377461,0.00015605037108022002,-4.981684609361074,33.82423968654984,8.829000000000008,0.017849792926788233,-0.0046042630790879,0.5474908276754424,-49.86919212461961,0.0004655977121377461,-0.00015605037108022002,-1.7431236275423745,0.0,0.0,0.5479564253875802,-51.612471802533065
48.80000000000042,0.0,453.0,481.42733782053784,479.74265254749537,0.6573677315710175,T_HARD_ACC,caténaire,,0.8729134935897989,0.040825955719432816,6.723471779467616,0.010986489787220702,-0.9999396466998173,0.9484292848902134,-0.3169887877554008,31.32938809735901,-471.42816593694675,5.0,-25.0,-0.03872053198794118,0.01294137021245868,-4.979074324490241,33.82062684464693,8.829000000000008,-0.01779485647818202,0.0045682148593826355,0.00959025518245147,-0.8728608103796867,0.03872053198794118,-0.01294137021245868,-1.7433616758666264,0.0,-2.220446049250313e-16,0.04831078717039265,-2.6291638564587716
48.900000000000425,0.0,453.0,481.48912325707727,479.80638592947844,0.6178543653939974,PILOT_DESC_ADD_SLACK_ACC,caténaire,,49.886322364766166,0.0005137573722780939,49.886322364766166,0.010994883004650036,-0.9999395544470246,0.9487086426635952,-0.3161517220187151,31.355306231713612,-471.47921764122265,5.0,-25.0,-0.0004874060593123658,0.00016242527794552947,-4.981695689345971,33.82425653994132,8.829000000000008,0.017816904594717187,-0.004581034780748894,0.5484942779328605,-49.88330695842492,0.0004874060593123658,-0.00016242527794552947,-1.743585415471189,0.0,0.0,0.548981683992173,-51.62705479917405
49.000000000000426,0.0,453.0,481.5547301499627,479.86962667159,0.6560689288545977,T_HARD_ACC,caténaire,,0.8723277864815842,0.040857155221774015,6.723281234995304,0.011003542081871105,-0.999939459198232,0.9489707284047074,-0.3153641651028839,31.3812175541396,-471.53026663242343,5.0,-25.0,-0.038772244351351084,0.012884882644993696,-4.979077407067271,33.82066154497579,8.829000000000008,-0.01784965141862216,0.004546427620780946,0.009598695507735584,-0.8722749750579861,0.038772244351351084,-0.012884882644993696,-1.7438229934684149,0.0,0.0,0.048370939859086665,-2.6289828511713944
49.10000000000043,0.0,453.0,481.61637319937563,479.93326964574203,0.6164304941290744,PILOT_DESC_ADD_SLACK_ACC,caténaire,,49.90040715846599,0.000536820745521388,49.90040715846599,0.011011978931805196,-0.9999393663217813,0.9492450279050765,-0.31453756055118504,31.40713568821545,-471.5813183492054,5.0,-25.0,-0.000509574423562474,0.00016885028774956589,-4.981695582189723,33.82427311170385,8.829000000000008,0.017794843386714554,-0.004558038008404708,0.5495022323175286,-49.89738151323536,0.000509574423562474,-0.00016885028774956589,-1.744046217455687,0.0,0.0,0.5500118067410911,-51.6415965809788
49.20000000000043,0.0,453.0,481.6818519438472,479.99641669216396,0.6547874447161669,T_HARD_ACC,caténaire,,0.8717465560013196,0.04088874598670627,6.723091774321833,0.01102068253225609,-0.9999392704342216,0.9495020790745776,-0.31376073978918156,31.433046993220362,-471.6323673661503,5.0,-25.0,-0.03882394932512989,0.012829283189840888,-4.979070711858433,33.82069565662808,8.829000000000008,-0.017894661183563088,0.0045249398179123546,0.009607242042278148,-0.8716936152115048,0.03882394932512989,-0.012829283189840888,-1.7442833313973511,0.0,0.0,0.04843119136740804,-2.628806229798697
49.30000000000043,0.0,453.0,481.7433545251485,480.05995664781045,0.6150258130126236,PILOT_DESC_ADD_SLACK_ACC,caténaire,,49.914453239115495,0.0005603755429278989,49.914453239115495,0.011029167969905973,-0.9999391768772197,0.9497709764922839,-0.3129458295182945,31.458965104714714,-471.68341909517363,5.0,-25.0,-0.0005322284266090243,0.000175367189123336,-4.981686901464009,33.82428933276591,8.829000000000008,0.017780870109382008,-0.00453530004497793,0.550514888900222,-49.91141728619762,0.0005322284266090243,-0.000175367189123336,-1.744506046716537,0.0,0.0,0.5510471173268311,-51.65609870010328
49.40000000000043,0.0,453.0,481.8087068483196,480.1230016874761,0.6535232317113613,T_HARD_ACC,caténaire,,0.8711704133506046,0.04092071675421204,6.722903527836312,0.01103791914014938,-0.9999390803149238,0.9500227907021919,-0.3121805521591942,31.484876372861454,-471.73446813740014,5.0,-25.0,-0.03887561352837046,0.012774651951079906,-4.979056546665884,33.82072915550076,8.829000000000008,-0.017932160194254365,0.004503807451825992,0.009615908579854487,-0.8711173419233756,0.03887561352837046,-0.012774651951079906,-1.7447427028569238,0.0,-4.440892098500626e-16,0.04849152210822495,-2.6286346967313796
49.50000000000043,0.0,453.0,481.8700708713785,480.18644853019083,0.6136402305888833,PILOT_DESC_ADD_SLACK_ACC,caténaire,,49.92846158074681,0.0005842612375884515,49.92846158074681,0.0110464483875806,-0.999938986127664,0.9502866826230936,-0.311376333123113,31.510794444665372,-471.785519878376,5.0,-25.0,-0.0005552156732531926,0.00018192512174626397,-4.98167164378105,33.82430517103957,8.829000000000008,0.017773140545696897,-0.004512903838694626,0.5515321739230206,-49.925415251965994,0.0005552156732531926,-0.00018192512174626397,-1.7449649164241097,0.0,-2.220446049250313e-16,0.5520873895962738,-51.67056209351185
49.600000000000435,0.0,453.0,481.9352984921315,480.249438388427,0.6522762075299949,T_HARD_ACC,caténaire,,0.8705994335644149,0.04095267576495145,6.722716210160069,0.01105522674768586,-0.9999388891135085,0.9505348506080147,-0.3106179289410052,31.536705661046156,-471.83656894541195,5.0,-25.0,-0.03892694554023659,0.012720635330701715,-4.979036652204631,33.820762028713325,8.829000000000008,-0.017963597744867776,0.004482664044019202,0.009624674144461479,-0.8705462304612508,0.03892694554023659,-0.012720635330701715,-1.7452011209876965,0.0,0.0,0.048551619684698066,-2.6284679867796488
49.700000000000436,0.0,453.0,481.9965258545609,480.31281047467616,0.6122736242943283,PILOT_DESC_ADD_SLACK_ACC,caténaire,,49.94243335872651,0.0006086199226731301,49.94243335872651,0.011063792014922877,-0.9999387943800614,0.9507943990787278,-0.3098225470822305,31.562623680050255,-471.887620698064,5.0,-25.0,-0.0005786724136453404,0.00018856417464757934,-4.981651346661858,33.82432064309567,8.829000000000008,0.017769980924496664,-0.00449079272969044,0.5525526954000962,-49.93937660113155,0.0005786724136453404,-0.00018856417464757934,-1.745422839674585,0.0,2.220446049250313e-16,0.5531313678137415,-51.68498800498078
49.80000000000044,0.0,453.0,482.0616304807474,480.37570133501106,0.6510462618648954,T_HARD_ACC,caténaire,,0.8700347584009407,0.04098517416085133,6.7225304981942955,0.011072616401778463,-0.9999386967039624,0.9510375587753863,-0.30907533353302985,31.588534833337917,-471.9386697895735,5.0,-25.0,-0.03897843997992009,0.012667506373674442,-4.979012404590853,33.82079445695576,8.829000000000008,-0.01799084457077349,0.004461963329426055,0.00963356113598762,-0.8699814224025835,0.03897843997992009,-0.012667506373674442,-1.7456585988459048,0.0,2.220446049250313e-16,0.048612001115907716,-2.6283075276221624
49.90000000000044,0.0,453.0,482.1227230654189,480.4389944202541,0.6109258467148673,PILOT_DESC_ADD_SLACK_ACC,caténaire,,49.95636905578478,0.0006331849315565213,49.95636905578478,0.011081219131691931,-0.9999386014063841,0.9512926855300307,-0.3082891928969655,31.61445278950986,-471.98972155368637,5.0,-25.0,-0.0006023441939775518,0.0001952040715040803,-4.981627193000936,33.82433582983105,8.829000000000008,0.017770462805086318,-0.004468966097455507,0.5535774725308251,-49.9533018049826,0.0006023441939775518,-0.0001952040715040803,-1.7458798294708173,0.0,0.0,0.5541798167248027,-51.69937683852492
50.00000000000044,0.0,453.0,482.18770639162324,480.5018165501625,0.6498332620433805,T_HARD_ACC,caténaire,,0.869476210468477,0.0410178848832063,6.7223461029489435,0.011090076270043601,-0.9999385032132349,0.9515318726717421,-0.30755015085317,31.640363870905095,-472.0407706692461,5.0,-25.0,-0.03902982481595123,0.012615056683508059,-4.9789847753470715,33.82082632423571,8.829000000000008,-0.018014600163022365,0.004441380919210758,0.009642557489083893,-0.8694227404753645,0.03902982481595123,-0.012615056683508059,-1.746115149386358,0.0,-2.220446049250313e-16,0.04867238230503512,-2.6281529465452307
50.10000000000044,0.0,453.0,482.2486660646942,480.5650497555877,0.6095967307097501,PILOT_DESC_ADD_SLACK_ACC,caténaire,,49.970269505676775,0.0006579771936099515,49.970269505676775,0.01109870825209332,-0.9999384074407457,0.9517832471076394,-0.30677133263269313,31.66628175650094,-472.0918224445837,5.0,-25.0,-0.0006262516698568516,0.00020184854052564437,-4.981600062519012,33.824350703752565,8.829000000000008,0.01777368581113059,-0.0044474477069158525,0.5546054425219821,-49.96719170889129,0.0006262516698568516,-0.00020184854052564437,-1.7463358987070892,0.0,0.0,0.5552316941918389,-51.71372945613891
50.20000000000044,0.0,453.0,482.31352977045805,480.62776687326453,0.6486370576387751,T_HARD_ACC,caténaire,,0.8689245702573629,0.04105128520274327,6.722163566608263,0.01110761360499133,-0.9999383085570841,0.9520173595745637,-0.306044027990542,31.692192759280115,-472.14287158385997,5.0,-25.0,-0.039081536145858006,0.012563500677636084,-4.9789545622060505,33.82085774933096,8.829000000000008,-0.018036098351908336,0.004421250008590505,0.00965167837830193,-0.8688709650468387,0.039081536145858006,-0.012563500677636084,-1.746570785448867,0.0,0.0,0.048733214524159935,-2.6280052511733416
50.300000000000445,0.0,453.0,482.37435837981894,480.69091452607125,0.6082860936092087,PILOT_DESC_ADD_SLACK_ACC,caténaire,,49.98413535892303,0.0006829915781345688,49.98413535892303,0.011116285399823515,-0.9999382121905881,0.95226421652095,-0.3052750594689017,31.718110568359243,-472.1939233702337,5.0,-25.0,-0.0006503884400427223,0.00020850029463178953,-4.981570648459312,33.824365327679565,8.829000000000008,0.017778963100645306,-0.004426172025809194,0.5556379141131983,-49.98104694869385,0.0006503884400427223,-0.00020850029463178953,-1.7467910601570629,0.0,0.0,0.556288302553241,-51.72804650914555
50.400000000000446,0.0,453.0,482.4391041282438,480.75355458500326,0.6474574842482879,T_HARD_ACC,caténaire,,0.8683792940500226,0.04108492559876054,6.721982426799487,0.011125226540722734,-0.999938112752193,0.952494204309992,-0.30455671188774563,31.744021487245103,-472.24497253278685,5.0,-25.0,-0.039133153517326644,0.01251268984851118,-4.978922321050984,33.82088859199626,8.829000000000008,-0.01805547456831036,0.004401281844764071,0.009660916369579383,-0.8683255524454613,0.039133153517326644,-0.01251268984851118,-1.7470255197475595,0.0,0.0,0.04879406988690603,-2.6278637620415317
50.50000000000045,0.0,453.0,482.4998035023087,480.8166318517895,0.6069937406488652,PILOT_DESC_ADD_SLACK_ACC,caténaire,,49.997967353819,0.0007082706319251203,49.997967353819,0.011133931497496505,-0.999938015863688,0.9527370816500972,-0.3037960718127474,31.76993921512968,-472.29602432994943,5.0,-25.0,-0.0006747956948788093,0.00021516983575918384,-4.981539436270909,33.82437962402896,8.829000000000008,0.017785768034212168,-0.0044052061352886085,0.5566739435314874,-49.99486827299522,0.0006747956948788093,-0.00021516983575918384,-1.747245326464338,0.0,0.0,0.5573487392263662,-51.74232876929532
50.60000000000045,0.0,453.0,482.56443293896706,480.87920751549484,0.6462943665839788,T_HARD_ACC,caténaire,,0.8678405075093281,0.041118785673803324,6.721802694964365,0.011142902980998994,-0.999937915929362,0.9529633972075039,-0.30308540641662873,31.79585004606834,-472.3470735154121,5.0,-25.0,-0.039184697684754854,0.01246250386730293,-4.978888522055511,33.820918947811094,8.829000000000008,-0.01807321974026621,0.004381451678391102,0.009670262578157372,-0.8677866284379573,0.039184697684754854,-0.01246250386730293,-1.7474793648625586,0.0,0.0,0.04885496026291222,-2.6277284971678188
50.70000000000045,0.0,453.0,482.6250048857451,480.9422115318531,0.6057194677804881,PILOT_DESC_ADD_SLACK_ACC,caténaire,,50.011766179094586,0.0007339243389095709,50.011766179094586,0.011151642295625978,-0.999937818503786,0.9532022571889391,-0.3023333539156926,31.821767689133534,-472.3981253231527,5.0,-25.0,-0.000699578336454503,0.00022188980690288803,-4.98150683075746,33.824393641007426,8.829000000000008,0.01779359090608601,-0.004384469185680473,0.557713327001748,-50.00865637264527,0.000699578336454503,-0.00022188980690288803,-1.7476987101351464,0.0,-2.220446049250313e-16,0.5584129053382025,-51.75657697258732
50.80000000000045,0.0,453.0,482.68951963784536,481.0046838630483,0.6451475210024393,T_HARD_ACC,caténaire,,0.8673086645889541,0.041153213192670464,6.721624742016159,0.011160660497249541,-0.9999377178891018,0.9534237315231221,-0.30163419595351837,31.847678428990136,-472.44917453119353,5.0,-25.0,-0.03923645008632245,0.01241321637227488,-4.978853518420767,33.82094886460266,8.829000000000008,-0.018089968507089438,0.004362080974928517,0.009679737551800191,-0.8672546467745231,0.03923645008632245,-0.01241321637227488,-1.7479323332335952,0.0,0.0,0.04891618763812264,-2.627600196380393
50.90000000000045,0.0,453.0,482.74996594424243,481.0675935579873,0.6044630639708112,PILOT_DESC_ADD_SLACK_ACC,caténaire,,50.0255322480747,0.0007598848786035117,50.0255322480747,0.011169442600638102,-0.9999376198303526,0.9536579695548225,-0.30089280002115937,31.873595984377804,-472.5002263493095,5.0,-25.0,-0.0007246702704244378,0.00022864388881674942,-4.981473126655248,33.824407389386,8.829000000000008,0.01780220307432767,-0.004363966725186685,0.5587573110112407,-50.02241164688636,0.0007246702704244378,-0.00022864388881674942,-1.7481512235327992,0.0,2.220446049250313e-16,0.5594819812816652,-51.77079151430798
51.000000000000455,0.0,453.0,482.8143676199998,481.1300223976949,0.6440167575737301,T_HARD_ACC,caténaire,,0.8667828726440661,0.041187494850511985,6.721447822593056,0.011178481660126482,-0.9999375188219384,0.9538765230296088,-0.3001992318660126,31.899506630599813,-472.55127557948566,5.0,-25.0,-0.03928778438030629,0.012364454316609048,-4.978817533953701,33.820978194668925,8.829000000000008,-0.018105318334007414,0.0043426489855278305,0.00968931644516344,-0.8667287150290596,0.03928778438030629,-0.012364454316609048,-1.748384437155202,0.0,-2.220446049250313e-16,0.04897710082546973,-2.6274776065008707
51.100000000000456,0.0,453.0,482.87469005130754,481.19285746232543,0.6032243130770095,PILOT_DESC_ADD_SLACK_ACC,caténaire,,50.0392663499818,0.0007863657561910375,50.0392663499818,0.011187298265904125,-0.9999374202206404,0.9541068089438881,-0.2994665208782292,31.925424095980834,-472.6023274077198,5.0,-25.0,-0.0007502769223021783,0.00023549021714430786,-4.981438527333643,33.824420797004834,8.829000000000008,0.017811195744054764,-0.004343712778030806,0.559804197664266,-50.0361349037343,0.0007502769223021783,-0.00023549021714430786,-1.7486028788735577,0.0,-2.220446049250313e-16,0.5605544745865683,-51.784973272825
51.20000000000046,0.0,453.0,482.93898023948447,481.25516396458056,0.6429018817693086,T_HARD_ACC,caténaire,,0.8662642546697228,0.041222505951166194,6.7212728611467245,0.011196391594757934,-0.9999373184431396,0.954320046493186,-0.2987862929607769,31.951334646668368,-472.6533766597376,5.0,-25.0,-0.03933946379588256,0.012316719739702511,-4.978780819482279,33.821007135572124,8.829000000000008,-0.01812028327816151,0.004323855311817226,0.00969903381982333,-0.8662099558775875,0.03933946379588256,-0.012316719739702511,-1.7488356887731977,0.0,-2.220446049250313e-16,0.04903849761570589,-2.627362364390488
51.30000000000046,0.0,453.0,482.99918053902246,481.31788865647627,0.6020029953799328,PILOT_DESC_ADD_SLACK_ACC,caténaire,,50.05296864716827,0.000813168842155626,50.05296864716827,0.011205257116561269,-0.9999372191357574,0.9545453308492503,-0.2980657836013643,31.97725202021524,-472.7044284978934,5.0,-25.0,-0.0007762065214717438,0.0002423778081373308,-4.981403225628664,33.82443394415834,8.829000000000008,0.017820567849863522,-0.004323678033529177,0.5608563831387003,-50.049826278538696,0.0007762065214717438,-0.0002423778081373308,-1.749053688223676,0.0,0.0,0.561632589660172,-51.799122344570506
51.40000000000046,0.0,453.0,483.06336080860666,481.38015226792334,0.6418026958419396,T_HARD_ACC,caténaire,,0.8657514602580747,0.041257255469254794,6.721098799296454,0.011214370418470941,-0.999937116970921,0.9547557577919409,-0.2973910606644667,32.00316247367478,-472.75547777125047,5.0,-25.0,-0.03939060220996406,0.012269538964106553,-4.978743454319276,33.82103541088914,8.829000000000008,-0.018134056529239828,0.004304949853235485,0.009708857565666173,-0.8656970191838241,0.03939060220996406,-0.012269538964106553,-1.7492861000822268,0.0,0.0,0.04909945977563023,-2.6272526582301574
51.50000000000046,0.0,453.0,483.1234406974897,481.44284963342255,0.6007988888304807,PILOT_DESC_ADD_SLACK_ACC,caténaire,,50.06663947779348,0.0008400437818063544,50.06663947779348,0.011223249935193242,-0.9999370173470389,0.9549786466519663,-0.29667454295705764,32.029079753802606,-472.8065296190357,5.0,-25.0,-0.000802223873877832,0.00024921960503131846,-4.98136731480742,33.82444670415258,8.829000000000008,0.017830461318702362,-0.00430407624239848,0.561910408274489,-50.06348614801432,0.000802223873877832,-0.00024921960503131846,-1.7495036634973895,0.0,0.0,0.5627126321483669,-51.813239031116744
51.60000000000046,0.0,453.0,483.18751259748444,481.5050110829869,0.6407189999474326,T_HARD_ACC,caténaire,,0.8652459970522486,0.041292852169897754,6.720926822584165,0.011232408837648512,-0.9999369145059622,0.9551844935047292,-0.29601112034535754,32.054990108797476,-472.85757891349516,5.0,-25.0,-0.03944229208526945,0.012223143433066661,-4.978705614040778,33.821063372286105,8.829000000000008,-0.018147906126046998,0.004286515719165607,0.009718796784029676,-0.8651914125810604,0.03944229208526945,-0.012223143433066661,-1.749735682924156,0.0,0.0,0.049161088869299124,-2.627150238938283
51.700000000000465,0.0,453.0,483.24747377449125,481.56761904910576,0.5996117700682349,PILOT_DESC_ADD_SLACK_ACC,caténaire,,50.08027943881905,0.0008671736300632782,50.08027943881905,0.011241328382101056,-0.9999368142718847,0.9554031300425175,-0.29530468859291803,32.08090729439926,-472.90863077079115,5.0,-25.0,-0.0008285004004527881,0.0002560804387818267,-4.98133097858044,33.82445930687411,8.829000000000008,0.01784052101910749,-0.004284612687115441,0.5629688666391485,-50.07711507989849,0.0008285004004527881,-0.0002560804387818267,-1.749952816455681,0.0,0.0,0.5637973670396013,-51.827323976792954
51.800000000000466,0.0,453.0,483.3114388337974,481.6297388087966,0.6396505930614114,T_HARD_ACC,caténaire,,0.8647464981759683,0.04132831382686902,6.72075587534205,0.011250506834286291,-0.99993671104524,0.9556062867192638,-0.29464660999682374,32.10681754980641,-472.9596800859396,5.0,-25.0,-0.03949359651246272,0.012177247565971815,-4.97866734231485,33.821090785970654,8.829000000000008,-0.018160938827312734,0.004268033536618532,0.009728836387653868,-0.8646917692739663,0.03949359651246272,-0.012177247565971815,-1.750184448987173,0.0,2.220446049250313e-16,0.04922243290011659,-2.627053465827111
51.90000000000047,0.0,453.0,483.37128297532206,481.69224563417885,0.5984414152467503,PILOT_DESC_ADD_SLACK_ACC,caténaire,,50.093889545430905,0.0008950654168759856,50.093889545430905,0.01125947131934032,-0.9999366101436676,0.9558203695934563,-0.2939513923597378,32.13273463981604,-473.0107319525108,5.0,-25.0,-0.0008555217575687256,0.00026310572554374506,-4.981294232672623,33.82447159745805,8.829000000000008,0.017850245569809076,-0.004265296816413411,0.5640307126109811,-50.09071410096949,0.0008555217575687256,-0.00026310572554374506,-1.7504011587056771,0.0,0.0,0.5648862343685499,-51.841378365400715
52.00000000000047,0.0,453.0,483.4351427026943,481.7542832093681,0.6385972737220753,T_HARD_ACC,caténaire,,0.8642533707183588,0.04136393878175252,6.720586277610396,0.011268686186755483,-0.9999365063400898,0.956019649812296,-0.29330262387638945,32.15864479483916,-473.0617812880327,5.0,-25.0,-0.03954473826898829,0.012132151778550359,-4.978628764716375,33.82111778149184,8.829000000000008,-0.018173502985363577,0.004249933270386919,0.009739000020470836,-0.8641984961087622,0.03954473826898829,-0.012132151778550359,-1.7506324098054502,0.0,0.0,0.04928373828945913,-2.6269630576927625
52.10000000000047,0.0,453.0,483.49487146276454,481.81674235705253,0.5972876007021789,PILOT_DESC_ADD_SLACK_ACC,caténaire,,50.1074692957975,0.0009229500991445733,50.1074692957975,0.011277672685301308,-0.9999364050272413,0.9562308424241864,-0.29261335580716535,32.184561788314326,-473.11283316364717,5.0,-25.0,-0.0008825533508205017,0.00027006752575324956,-4.981257124671044,33.82448358072494,8.829000000000008,0.017860321978135474,-0.004246351749316091,0.5650956378067894,-50.104282712652626,0.0008825533508205017,-0.00027006752575324956,-1.7508487017005574,0.0,-2.220446049250313e-16,0.5659781911576099,-51.855401481878935
52.20000000000047,0.0,453.0,483.55862734682773,481.8786895883012,0.637558840631961,T_HARD_ACC,caténaire,,0.8637670883896647,0.04140015292955702,6.72041846449752,0.011286927427139494,-0.9999363006058208,0.9564260506943303,-0.2919746727941421,32.210471842163656,-473.1638825192169,5.0,-25.0,-0.03959618476455753,0.012087796105234853,-4.978589883763791,33.82114434559293,8.829000000000008,-0.018186068528349253,0.004232141698153669,0.00974927644060573,-0.8637120669494224,0.03959618476455753,-0.012087796105234853,-1.7510795767592735,0.0,0.0,0.049345461205163255,-2.626879439813931
52.30000000000047,0.0,453.0,483.6182423571771,481.9410857707238,0.5961501034937347,PILOT_DESC_ADD_SLACK_ACC,caténaire,,50.12101926620209,0.0009509140969089849,50.12101926620209,0.01129594227163953,-0.9999361988088018,0.9566339331728069,-0.2912928387419192,32.236388738412444,-473.2149344037136,5.0,-25.0,-0.0009096766926355099,0.0002769944666883267,-4.981219750839731,33.82449535060285,8.829000000000008,0.017870572467633572,-0.004227654930467395,0.5661641402267515,-50.11782148546884,0.0009096766926355099,-0.0002769944666883267,-1.7512954567398744,0.0,2.220446049250313e-16,0.5670738169193871,-51.8693939366754
52.400000000000475,0.0,453.0,483.6818958664916,482.0029754698333,0.6365350931443612,T_HARD_ACC,caténaire,,0.8632870424042665,0.04143654882622655,6.7202519896136685,0.011305222912982896,-0.9999360939254508,0.9568260974758783,-0.2906610039015917,32.26229869038934,-473.26598377897244,5.0,-25.0,-0.03964757130626704,0.012043988880048331,-4.978550734477745,33.82117043443735,8.829000000000008,-0.01819830578401138,0.004214423317392857,0.00975965245226995,-0.8632318731181772,0.03964757130626704,-0.012043988880048331,-1.7515259610755352,0.0,-2.220446049250313e-16,0.04940722375853699,-2.6268018230737606
52.500000000000476,0.0,453.0,483.74139873667554,482.0652902134842,0.5950287018398525,PILOT_DESC_ADD_SLACK_ACC,caténaire,,50.13454032989597,0.0009793409226180605,50.13454032989597,0.011314273888053353,-0.9999359915546526,0.9570301624667438,-0.28998839309337576,32.28821548877173,-473.3170356721636,5.0,-25.0,-0.0009372588022834932,0.0002839975004405954,-4.981182131125717,33.82450687168968,8.829000000000008,0.017880610071999925,-0.004209130809890382,0.5672359205440997,-50.131331295911245,0.0009372588022834932,-0.0002839975004405954,-1.7517414349702092,0.0,-2.220446049250313e-16,0.5681731793463831,-51.88335672838189
52.60000000000048,0.0,453.0,483.8049513198411,482.1271044643326,0.6355258316558672,T_HARD_ACC,caténaire,,0.862813241217026,0.041473168154582664,6.720086888296528,0.0113235877645977,-0.9999358861247742,0.9572187894904065,-0.2893651482928116,32.31412533834564,-473.36808506679745,5.0,-25.0,-0.039698895817261694,0.012000889453223525,-4.978511381453258,33.82119610699988,8.829000000000008,-0.01821027727051927,0.004196996453096347,0.009770141461378,-0.8627579229165354,0.039698895817261694,-0.012000889453223525,-1.7519715738285355,0.0,0.0,0.049469037278639695,-2.6267303861982945
52.70000000000048,0.0,453.0,483.8643436373879,482.18933983209797,0.5939231754676985,PILOT_DESC_ADD_SLACK_ACC,caténaire,,50.148032682164704,0.0010080903668187383,50.148032682164704,0.011332673681616175,-0.9999357831917138,0.9574191444382966,-0.2887015446149193,32.34004203824623,-473.4191369684818,5.0,-25.0,-0.000965165016516085,0.00029103724601199036,-4.981144274995748,33.824518125983005,8.829000000000008,0.0178905599877357,-0.004190836770987971,0.5683112901619958,-50.144812335564026,0.000965165016516085,-0.00029103724601199036,-1.752186647386096,0.0,-2.220446049250313e-16,0.5692764551785119,-51.89729002019614
52.80000000000048,0.0,453.0,483.92779672318,482.25105246288075,0.6345308579209286,T_HARD_ACC,caténaire,,0.8623458587024047,0.04151026157863803,6.719923396613575,0.011342031460357437,-0.9999356770924579,0.9576035063036881,-0.28808943874235055,32.36595178490025,-473.47018638214337,5.0,-25.0,-0.03975037203528704,0.011958667960237989,-4.978471829943629,33.82122131951928,8.829000000000008,-0.018222201978915997,0.0041799874795103165,0.009780753859111622,-0.8622903901094661,0.03975037203528704,-0.011958667960237989,-1.7524164259410204,0.0,4.440892098500626e-16,0.04953112589439866,-2.626665484010724
52.90000000000048,0.0,453.0,483.9870800537691,482.3132534108951,0.5928333058910312,PILOT_DESC_ADD_SLACK_ACC,caténaire,,50.161496137634956,0.0010365783054449365,50.161496137634956,0.011351133125249973,-0.9999355738130196,0.9578015179417574,-0.2874304302408935,32.39186838576055,-473.52123829211394,5.0,-25.0,-0.0009928362744206548,0.0002979441483124144,-4.981106204330162,33.824529106101004,8.829000000000008,0.01790095939541736,-0.00417294975068927,0.5693898204200067,-50.158264423705575,0.0009928362744206548,-0.0002979441483124144,-1.7526311048311611,0.0,2.220446049250313e-16,0.5703826566944274,-51.91119347268505
53.00000000000048,0.0,453.0,484.0504350512993,482.37493470057973,0.6335499753019281,T_HARD_ACC,caténaire,,0.861884444573711,0.04154747680818702,6.719761142833125,0.011360505521943941,-0.999935467374913,0.9579837267847985,-0.2868225570200302,32.417778028938685,-473.57228772445444,5.0,-25.0,-0.039801806671211984,0.011916753535854602,-4.978432064927701,33.82124606981076,8.829000000000008,-0.01823387159891343,0.004162823346611333,0.009791442991857231,-0.8618288249079811,0.039801806671211984,-0.011916753535854602,-1.7528605281854077,0.0,2.220446049250313e-16,0.04959324966306922,-2.626606106629243
53.100000000000485,0.0,453.0,484.10961093896236,482.4370203843472,0.5917588766308455,PILOT_DESC_ADD_SLACK_ACC,caténaire,,50.17493245586407,0.0010659975402157115,50.17493245586407,0.01136965719225736,-0.9999353633587176,0.9581770635448084,-0.2861760208274766,32.44369453035161,-473.62333964256277,5.0,-25.0,-0.0010214143928298793,0.0003050629342708103,-4.98106797732408,33.824539889476014,8.829000000000008,0.017910608283090212,-0.004155047589719629,0.5704717816678421,-50.17168931675355,0.0010214143928298793,-0.0003050629342708103,-1.753074817999431,0.0,0.0,0.571493196060672,-51.92506919768726
53.200000000000486,0.0,453.0,484.1728692378591,482.49859600482637,0.6325829889677609,T_HARD_ACC,caténaire,,0.8614290638743611,0.041584964146148054,6.719600261106134,0.011379074847296132,-0.999935256231932,0.9583549791832412,-0.28557964541383074,32.46960406974547,-473.6743890932861,5.0,-25.0,-0.03985315744861755,0.011875819315403826,-4.978392181562123,33.821270427770585,8.829000000000008,-0.018245339010740658,0.0041462470859841005,0.009802265793462595,-0.8613732917108426,0.03985315744861755,-0.011875819315403826,-1.7533038911851717,0.0,-2.220446049250313e-16,0.04965542324208015,-2.626553002211418
53.30000000000049,0.0,453.0,484.23193920519816,482.56064738581836,0.590699673390515,PILOT_DESC_ADD_SLACK_ACC,caténaire,,50.188340588423586,0.001095125656967462,50.188340588423586,0.011388241899512938,-0.9999351518705791,0.9585460482296486,-0.2849376658557523,32.495520471140495,-473.72544101929395,5.0,-25.0,-0.0010497283708010585,0.0003120425485150559,-4.981029531162825,33.82455035717225,8.829000000000008,0.017920740466373708,-0.004137600279243259,0.5715569631561114,-50.18508596841769,0.0010497283708010585,-0.0003120425485150559,-1.753517797436777,0.0,2.220446049250313e-16,0.5726066915269125,-51.93891580840298
53.40000000000049,0.0,453.0,484.2951021758033,482.6221819299533,0.6316297060514635,T_HARD_ACC,caténaire,,0.8609796220114063,0.04162265897839285,6.7194406807632205,0.011397677938763307,-0.9999350443591845,0.9587215951965484,-0.2843464487272269,32.521429906247704,-473.7764904880482,5.0,-25.0,-0.039904542012086736,0.011835255267090434,-4.978352105293772,33.821294319434266,8.829000000000008,-0.018256647305858742,0.004129574701345007,0.009813168443524176,-0.8609236965283295,0.039904542012086736,-0.011835255267090434,-1.7537465254163416,0.0,0.0,0.04971771045561091,-2.6265054772117615
53.50000000000049,0.0,453.0,484.3540677242221,482.68416985716794,0.5896554841878382,PILOT_DESC_ADD_SLACK_ACC,caténaire,,50.20172178721812,0.0011246439662678798,50.20172178721812,0.011406873022029989,-0.9999349395074957,0.958909584079865,-0.28371184247362735,32.547346207274224,-473.8275424218075,5.0,-25.0,-0.0010784318779318623,0.00031907481179670817,-4.980990950381416,33.82456062865254,8.829000000000008,0.01793061774065219,-0.004120296535667478,0.5726446659140735,-50.19845563847408,0.0010784318779318623,-0.00031907481179670817,-1.7539600535424655,0.0,0.0,0.5737230977920054,-51.95273476682834
53.60000000000049,0.0,453.0,484.417136717799,482.74560077231666,0.6306899357690544,T_HARD_ACC,caténaire,,0.8605364847836867,0.04166093661483552,6.7192827747001465,0.011416353517432924,-0.9999348313127036,0.9590809881825589,-0.28313187405653584,32.57325553778951,-473.87859190834587,5.0,-25.0,-0.0399562122571674,0.011795539058708933,-4.9783119118751955,33.821317884143,8.829000000000008,-0.018268124132363006,0.004113423201701494,0.009824188724939606,-0.8604804047506026,0.0399562122571674,-0.011795539058708933,-1.754188441209097,0.0,2.220446049250313e-16,0.04978040098210701,-2.6264643850184086
53.70000000000049,0.0,453.0,484.4759993277451,482.8074945676603,0.5886260994609032,PILOT_DESC_ADD_SLACK_ACC,caténaire,,50.21507620199116,0.0011544232565393192,50.21507620199116,0.011425588842717143,-0.9999347258294399,0.9592650507698692,-0.2825076324127904,32.599171738052135,-473.929643849699,5.0,-25.0,-0.0011073978837941078,0.00032613338100718646,-4.9809522177663546,33.824570691262466,8.829000000000008,0.017940384349850902,-0.004103175356533484,0.5737368143896613,-50.21179845454246,0.0011073978837941078,-0.00032613338100718646,-1.754401596570789,0.0,-2.220446049250313e-16,0.5748442122734554,-51.966526184494256
53.800000000000495,0.0,453.0,484.5389756766966,482.8688848734208,0.6297634895148129,T_HARD_ACC,caténaire,,0.8600985432829233,0.04169902877738075,6.719125709448901,0.01143508695985096,-0.9999346172556586,0.9594341663870649,-0.2819327585953038,32.625080963547596,-473.98069335360765,5.0,-25.0,-0.04000747291417653,0.011756322213951913,-4.9782715541846105,33.821340900456065,8.829000000000008,-0.018279027098786926,0.004097222670012002,0.009835301636481364,-0.8600423076797594,0.04000747291417653,-0.011756322213951913,-1.754629648749432,0.0,4.440892098500626e-16,0.049842774550657894,-2.626428278643143
53.900000000000496,0.0,453.0,484.59773680791085,482.9307170951491,0.5876113121421315,PILOT_DESC_ADD_SLACK_ACC,caténaire,,50.22840440411769,0.0011845724457346662,50.22840440411769,0.011444349032527565,-0.9999345112932255,0.9596152811871731,-0.28131568053001,32.650997062585056,-474.03174530231706,5.0,-25.0,-0.001136733820600249,0.000333238803708946,-4.980913307992643,33.82458043909712,8.829000000000008,0.017949958186756376,-0.004086322099176698,0.5748313913476676,-50.22511501086992,0.001136733820600249,-0.000333238803708946,-1.7548424366327562,0.0,2.220446049250313e-16,0.5759681251682678,-51.98029068630639
54.0000000000005,0.0,453.0,484.66062182600365,482.992048624937,0.6288501809279183,T_HARD_ACC,caténaire,,0.8596663483227687,0.04173730739863977,6.718969891139631,0.011453872580544791,-0.9999344022499219,0.9597816198182315,-0.28074764871516195,32.67690618278192,-474.0827948233395,5.0,-25.0,-0.04005870050191793,0.011717650915870048,-4.978231089529071,33.821363576933656,8.829000000000008,-0.018289790030989295,0.004081227849518143,0.009846508815471227,-0.8596099561445009,0.04005870050191793,-0.011717650915870048,-1.7550701580808685,0.0,0.0,0.04990520931738916,-2.6263977651412396
54.1000000000005,0.0,453.0,484.71928291777516,483.05382271590344,0.5866109177151723,PILOT_DESC_ADD_SLACK_ACC,caténaire,,50.241706535098274,0.0012149416085953796,50.241706535098274,0.011463159961627547,-0.9999342958233277,0.9599599200537761,-0.2801373803874595,32.702822180228,-474.1338467792457,5.0,-25.0,-0.0011662952494572267,0.0003403505595556358,-4.980874257603452,33.82458997557552,8.829000000000008,0.0179594471470903,-0.0040696738649330655,0.5759287187569796,-50.238405445135776,0.0011662952494572267,-0.0003403505595556358,-1.7552825836978307,0.0,0.0,0.5770950140064368,-51.99402837939316
54.2000000000005,0.0,453.0,484.78207790036953,483.1150745750654,0.627949825943655,T_HARD_ACC,caténaire,,0.8592400750171052,0.041775979751288016,6.718815520532105,0.011472717583317906,-0.9999341862098993,0.9601229219409784,-0.2795782086707009,32.728731194816525,-474.1848963171142,5.0,-25.0,-0.040110075745753794,0.011679653584328575,-4.978190506010405,33.82138589866209,8.829000000000008,-0.018300581756158785,0.00406555224641636,0.00985781871694014,-0.8591835251711619,0.040110075745753794,-0.011679653584328575,-1.755509979106216,0.0,-2.220446049250313e-16,0.04996789446269394,-2.626373157861707
54.3000000000005,0.0,453.0,484.84064037179496,483.1767849297467,0.5856247142541231,PILOT_DESC_ADD_SLACK_ACC,caténaire,,50.25498284929608,0.0012454455266662917,50.25498284929608,0.011482032369897283,-0.9999340792935586,0.9602982819474294,-0.27897528508600056,32.75464709032621,-474.23594828006463,5.0,-25.0,-0.0011959991995167513,0.00034744852086081285,-4.980835074750386,33.82459930996235,8.829000000000008,0.017968926050096812,-0.0040532415167930935,0.5770293398242503,-50.25167000532445,0.0011959991995167513,-0.00034744852086081285,-1.7557220475956985,0.0,2.220446049250313e-16,0.578225339023767,-52.00773950144101
54.4000000000005,0.0,453.0,484.9033465960778,483.23795333775536,0.6270622428287108,T_HARD_ACC,caténaire,,0.8588195540925767,0.0418150410881722,6.718662561017979,0.01149162538190739,-0.9999339690930006,0.9604578787225275,-0.2784253278705489,32.78055599895845,-474.28699783446035,5.0,-25.0,-0.040161585662241206,0.01164236652489482,-4.978149788945541,33.8214077979284,8.829000000000008,-0.018311374607781872,0.00405016445328954,0.009869232586288641,-0.8587628454584711,0.040161585662241206,-0.01164236652489482,-1.7559491215893521,0.0,0.0,0.05003081824852985,-2.626354333572718
54.500000000000504,0.0,453.0,484.9618118463225,483.29957654425783,0.5846525024470189,PILOT_DESC_ADD_SLACK_ACC,caténaire,,50.26823393460773,0.001276266926739468,50.26823393460773,0.011500977018414283,-0.9999338615766655,0.9606296743035855,-0.27783201551906744,32.8064717921809,-474.33804980428135,5.0,-25.0,-0.0012260198821581732,0.0003545878125963524,-4.980795757195421,33.824608414161865,8.829000000000008,0.01797822292242124,-0.004036998025547689,0.5781338032381965,-50.264909272871485,0.0012260198821581732,-0.0003545878125963524,-1.7561608380180622,0.0,2.220446049250313e-16,0.5793598231203547,-52.02142469870214
54.600000000000506,0.0,453.0,485.0244305715427,483.36072043847946,0.6261872522023171,T_HARD_ACC,caténaire,,0.8584038940325556,0.041853816012924996,6.718510295792299,0.011510580651048612,-0.9999337510720776,0.9607875594280724,-0.277285530903162,32.83238059451508,-474.38909937483726,5.0,-25.0,-0.040212625739809785,0.01160545759346717,-4.978108940711631,33.821429210860856,8.829000000000008,-0.018321566451440674,0.004034668454316659,0.009880727253435917,-0.8583470256948516,0.040212625739809785,-0.01160545759346717,-1.7563875951570205,0.0,2.220446049250313e-16,0.0500933529932457,-2.626340078445339
54.70000000000051,0.0,453.0,485.0827999801035,483.4222938840133,0.5836940856077084,PILOT_DESC_ADD_SLACK_ACC,caténaire,,50.28146022777829,0.0013074446426604644,50.28146022777829,0.011519953857740807,-0.9999336431299406,0.9609568797316075,-0.27669816641331874,32.85829628504601,-474.4401513513125,5.0,-25.0,-0.0012563979242328064,0.0003617675353110672,-4.980756284393374,33.82461723175668,8.829000000000008,0.017987317682393034,-0.00402100070801481,0.5792401017238354,-50.278123707455556,0.0012563979242328064,-0.0003617675353110672,-1.75659896452044,0.0,2.220446049250313e-16,0.5804964996480683,-52.03508443951131
54.80000000000051,0.0,453.0,485.1453324478082,483.4833686975754,0.6253246770469376,T_HARD_ACC,caténaire,,0.8579939741880196,0.04189293739356775,6.7183594047544375,0.01152958695715644,-0.9999335321033079,0.9611118313330794,-0.27615946058676744,32.8842049808715,-474.4912009378311,5.0,-25.0,-0.040263797778253944,0.01156913099300289,-4.978068011706349,33.82145036206315,8.829000000000008,-0.01833180948460278,0.004019493056148349,0.00989231613411701,-0.8579369451331809,0.040263797778253944,-0.01156913099300289,-1.7568254093006372,0.0,2.220446049250313e-16,0.05015611391237096,-2.626331485426821
54.90000000000051,0.0,453.0,485.20361166874244,483.5448662979,0.5827922093422438,PILOT_DESC_ACC,caténaire,,50.29466191011201,0.0013389253861603723,50.29466191011201,0.011538992385512668,-0.9999334236111558,0.9612779783105471,-0.2755805661057893,32.91012056840864,-474.5422529208349,5.0,-25.0,-0.0012870794883169112,0.00036898181589148794,-4.980716695560433,33.82462588281235,8.829000000000008,0.01799622495124975,-0.004005135371770052,0.5803497208127165,-50.291313473143894,0.0012870794883169112,-0.00036898181589148794,-1.7570364520734387,0.0,0.0,0.5816368003010335,-52.04871890703322
55.00000000000051,0.0,453.0,485.26606296758325,483.60585226188783,0.6245129884080195,T_HARD_ACC,caténaire,,0.8575900672356909,0.04193241257292487,6.718209941049931,0.01154866274114044,-0.999933311970799,0.961429479272427,-0.2750515522333044,32.93602915742795,-474.593302523015,5.0,-25.0,-0.040315057584623726,0.011533575167070315,-4.978026968550986,33.8214711142267,8.829000000000008,-0.018342026135609757,0.00400468939376708,0.009904018456656949,-0.8575328762442446,0.040315057584623726,-0.011533575167070315,-1.7572626029220801,0.0,0.0,0.050219076041280675,-2.626329054333395
55.10000000000051,0.0,453.0,485.32426913653995,483.6673378141012,0.5820616895672176,PILOT_DESC_ACC,caténaire,,50.30783903352728,0.0013700182110332956,50.30783903352728,0.011558073578414254,-0.9999332032366742,0.9615942555550029,-0.274474930883714,32.96194464161095,-474.6443545123669,5.0,-25.0,-0.0013174016417353588,0.0003760356537827933,-4.980676968376107,33.82463429464161,8.829000000000008,0.0180056299821576,-0.003989669704616006,0.581461705120529,-50.30447863270992,0.0013174016417353588,-0.0003760356537827933,-1.7574733811564807,0.0,-2.220446049250313e-16,0.5827791067622643,-52.06232804952018
55.200000000000514,0.0,453.0,485.386654688601,483.72827706437363,0.6238555206104959,T_HARD_ACC,caténaire,,0.8571938315263878,0.04197226629004417,6.71806222349643,0.011567763849857747,-0.9999330911813619,0.9617435085051889,-0.2739514990799097,32.98785312345578,-474.69540412993587,5.0,-25.0,-0.04036655464170115,0.011498365269938759,-4.977985784032707,33.821491505237105,8.829000000000008,-0.018352338674407775,0.003989870507034254,0.009915815816652001,-0.8571364776997765,0.04036655464170115,-0.011498365269938759,-1.7576992939205616,0.0,2.220446049250313e-16,0.050282370458353154,-2.626334136890277
55.300000000000516,0.0,453.0,485.44480168545596,483.78967788197076,0.5814699685494463,PILOT_DESC_ACC,caténaire,,50.320994504677934,0.0014016272293394944,50.320994504677934,0.011577210340368226,-0.9999329818546516,0.9619049256732702,-0.2733841874825617,33.01376850408285,-474.7464561255386,5.0,-25.0,-0.001348232135859438,0.00038318272124641186,-4.980637163787938,33.82464257766869,8.829000000000008,0.018014604076203256,-0.003974239610073482,0.58257673791717,-50.317622084954145,0.001348232135859438,-0.00038318272124641186,-1.7579098578788577,0.0,0.0,0.5839249700530295,-52.075915125554246
55.40000000000052,0.0,453.0,485.5071339826254,483.8505752544905,0.6233229716945017,T_HARD_ACC,caténaire,,0.8568058935338101,0.04201199584811508,6.717915951045905,0.011586917989529051,-0.9999328694124942,0.962052084454271,-0.27286587693808856,33.03967687852616,-474.79750575822726,5.0,-25.0,-0.0404177281777633,0.011463640089015258,-4.977944512442287,33.8215115394626,8.829000000000008,-0.018362240620049874,0.003975179551602537,0.009927739621321418,-0.8567483756507986,0.0404177281777633,-0.011463640089015258,-1.7581355777944445,0.0,0.0,0.05034546779908471,-2.626347593534258
55.50000000000052,0.0,453.0,485.56523305007795,483.9119241371861,0.5809906745250515,PILOT_DESC_ACC,caténaire,,50.33412949975383,0.0014334894805884055,50.33412949975383,0.011596386146222127,-0.9999327596535417,0.9622110749841218,-0.27230469547530906,33.06559215522979,-474.8485577598997,5.0,-25.0,-0.0013793194540954001,0.0003903459164786847,-4.980597218095481,33.82465062064065,8.829000000000008,0.018023462450424077,-0.003959033442882287,0.5836940020130957,-50.33074501544758,0.0013793194540954001,-0.0003903459164786847,-1.7583459681890967,0.0,-2.220446049250313e-16,0.5850733214671912,-52.08948132955316
55.60000000000052,0.0,453.0,485.62752221078523,483.9727537573386,0.6228916070725463,T_HARD_ACC,caténaire,,0.856427842308797,0.0420520321962622,6.717771765125979,0.011606121695530066,-0.999932646701361,0.9623554522696899,-0.271794009291597,33.09150042204621,-474.8996074074885,5.0,-25.0,-0.04046900246309347,0.011429490429481425,-4.977903154419726,33.82153128280792,8.829000000000008,-0.0183721568828199,0.003960773237388082,0.009939805761276132,-0.8563701590685712,0.04046900246309347,-0.011429490429481425,-1.7585715318974033,0.0,2.220446049250313e-16,0.050408808224369606,-2.626371181395456
55.70000000000052,0.0,453.0,485.68558245542175,484.0340646975394,0.5806024463652917,PILOT_DESC_ACC,caténaire,,50.347244948311726,0.001465317340504535,50.347244948311726,0.01161560534791298,-0.9999325365805444,0.9625124212473498,-0.2712376060662762,33.11741559454458,-474.95065941510137,5.0,-25.0,-0.0014103861413047472,0.0003974491675658526,-4.98055716424072,33.82465849240313,8.829000000000008,0.018032449617975566,-0.003944058429311781,0.5848137276742945,-50.343848351007345,0.0014103861413047472,-0.0003974491675658526,-1.758781781705503,0.0,2.220446049250313e-16,0.5862241138155992,-52.10302758188041
55.80000000000052,0.0,453.0,485.7478366755946,484.0948810697554,0.6225422017287625,T_HARD_ACC,caténaire,,0.8560600243752674,0.04209198250457421,6.717629405048999,0.011625346111035063,-0.9999324233805995,0.9626555281833695,-0.27072926339425857,33.14332375344927,-475.00170907734423,5.0,-25.0,-0.04052007965022603,0.011395531418267395,-4.977861687112648,33.82155070009833,8.829000000000008,-0.018381766762874285,0.0039462315165863515,0.009951994075183596,-0.8560021747328163,0.04052007965022603,-0.011395531418267395,-1.7590072188859125,0.0,2.220446049250313e-16,0.05047207372540963,-2.6264049250369963
55.900000000000524,0.0,453.0,485.8058654737502,484.1561792696033,0.5802879815558862,PILOT_DESC_ACC,caténaire,Fy:(y<-475:-75),50.36034209051613,0.0014972290509264186,50.36034209051613,0.011634835105016067,-0.9999323130152755,0.9628111805226451,-0.2701751851310374,33.16923882150021,-475.0527610907826,5.0,-75.0,-0.0014415488700352647,0.00040451413601761256,-4.980517017459202,33.82466621178697,8.829000000000008,0.018041433670762608,-50.003929274077024,0.5859342760553552,-50.35693335081033,0.0014415488700352647,-0.00040451413601761256,-1.7592173548189052,0.0,-2.220446049250313e-16,0.5873758249253904,-52.11655521976525
56.000000000000526,0.0,453.0,485.8680913920902,484.218548743053,0.6222591834002976,T_HARD_ACC,caténaire,,39.4876666161048,0.04213211661751006,39.4876666161048,0.011564669153772052,-0.9999331269776813,0.9629938171677586,-0.26952348338627125,33.19514687233803,-475.12047743425205,5.0,-75.0,-0.04057296780685317,0.011355594833187916,-4.977820160362956,59.51066017752403,8.829000000000008,-0.018393128169809536,-24.306984227642786,0.45666180006970164,-39.48502595649387,0.04057296780685317,-0.011355594833187916,-1.7594426895117181,0.0,0.0,0.4972347678765548,-41.25582424083878
56.10000000000053,0.0,453.0,485.92609471859623,484.2877773586668,0.5800332650602679,PILOT_DESC_ACC,caténaire,,73.39370957105564,0.0015613043252217448,73.39370957105564,0.011474292974842825,-0.9999341681334464,0.9628744248110579,-0.2699497028054935,33.2210618357539,-475.19629975682057,5.0,-75.0,-0.0015033400041029044,0.0004214736385825416,-4.980476798721578,74.61084125469178,8.829000000000008,0.018019861274319204,-9.217737271669648,0.8421409261288183,-73.38887792616129,0.0015033400041029044,-0.0004214736385825416,-1.7596527332058738,0.0,-2.220446049250313e-16,0.8436442661329212,-75.14895213300574
56.20000000000053,0.0,453.0,485.98829771245164,484.35879155797716,0.622029938554241,T_HARD_ACC,caténaire,,48.92303671177756,0.042220680504786945,48.92303671177756,0.011398969208772416,-0.9999350296399149,0.9625767460805431,-0.2710092395196034,33.246969781635485,-475.2751910171522,5.0,-75.0,-0.04064064525760404,0.011442194515602454,-4.977779829099824,80.7728781562785,8.829000000000008,-0.018420474357428773,-3.044679649205918,0.557672189077195,-48.91985816446594,0.04064064525760404,-0.011442194515602454,-1.7598779848837336,0.0,0.0,0.598312834334799,-50.69117834386528
56.30000000000053,0.0,453.0,486.0542804069215,484.4306050774107,0.659826944698817,T_HARD_ACC,caténaire,,76.6230168287263,0.0016475601251834046,76.6230168287263,0.011346215268854922,-0.9999356296277638,0.9622221374620925,-0.27226560226712837,33.27288463318706,-475.35510084406116,5.0,-75.0,-0.0015853188252512884,0.00044857394975436507,-4.98043380145259,82.87206290639186,8.829000000000008,0.017980879722158782,-0.956488519658393,0.8693812434878221,-76.61808457661118,0.0015853188252512884,-0.00044857394975436507,-1.7601169237469274,0.0,4.440892098500626e-16,0.8709665623130733,-78.37865007430786
56.40000000000053,0.0,453.0,486.12366483194444,484.5032102426709,0.6938442502289353,T_HARD_ACC,caténaire,,49.942161233332115,0.04230174365628089,49.942161233332115,0.011313032089913551,-0.999936005604825,0.9618680467136446,-0.2735139131950656,33.29879246238515,-475.43532582720235,5.0,-75.0,-0.0406886955432482,0.011570115442403928,-4.977734991624724,83.5270299058181,8.829000000000008,-0.018423687167972602,-0.29039997873950085,0.5649972726723228,-49.938965214930256,0.0406886955432482,-0.011570115442403928,-1.7603681810769216,0.0,2.220446049250313e-16,0.605685968215571,-51.71090351144958
56.50000000000053,0.0,453.0,486.19611081446504,484.5768197491171,0.7244598252060417,T_HARD_ACC,caténaire,,76.96261531527168,0.0017230757427139157,76.96261531527168,0.011294262049987498,-0.9999362177882877,0.9615384887752354,-0.2746702288269276,33.32470718491041,-475.5156513171735,5.0,-75.0,-0.0016568036456944047,0.0004732776085373594,-4.980384207848936,83.73644835286585,8.829000000000008,0.017958988505369256,-0.09207836952562332,0.8692359454230595,-76.9577064694477,0.0016568036456944047,-0.0004732776085373594,-1.760630525027036,0.0,-2.220446049250313e-16,0.8708927490687539,-78.71881027208327
56.600000000000534,0.0,453.0,486.2713121987336,484.6517208863127,0.75,T_HARD_ACC,caténaire,,50.046550329910986,0.04237150074309298,50.046550329910986,0.011285551708296407,-0.9999363161335022,0.9612457067962302,-0.2756931104794169,33.350614885319345,-475.5960037933134,5.0,-75.0,-0.04072942317981141,0.01168153083554423,-4.977685502593596,83.79272203433453,8.829000000000008,-0.018414925773407198,-0.024596434829931013,0.564802931570069,-50.0433631720811,0.04072942317981141,-0.01168153083554423,-1.760902846935259,0.0,0.0,0.6055323547498804,-51.815947549851906
56.700000000000536,0.0,453.0,486.3489934445753,484.72812024776164,0.7768124584168937,T_HARD_ACC,caténaire,,77.02121245067643,0.00178698636018014,77.02121245067643,0.011283502892506903,-0.9999363392548921,0.9609963727031864,-0.27656097275522895,33.37652947169514,-475.6763682041082,5.0,-75.0,-0.0017172874102031842,0.0004942106860717454,-4.98033187660463,83.81761514364524,8.829000000000008,0.017950835985166336,-0.010890645668695242,0.8690690734715961,-77.0163092229027,0.0017172874102031842,-0.0004942106860717454,-1.7611841490057794,0.0,2.220446049250313e-16,0.8707863608817993,-78.77798758259456
56.80000000000054,0.0,453.0,486.4289065658328,484.80601464566263,0.7991312125752044,T_HARD_ACC,caténaire,,50.06579702865912,0.04243129053159021,50.06579702865912,0.011285915062120141,-0.9999363120325268,0.9607899830441341,-0.27727713299522627,33.402437038741006,-475.75673251216665,5.0,-75.0,-0.04076755891038729,0.011765226587886824,-4.9776342562291305,83.81740084205731,8.829000000000008,-0.018401815139517552,0.00016606864518564635,0.5650383327827938,-50.06260843980644,0.04076755891038729,-0.011765226587886824,-1.7614735332223672,0.0,0.0,0.6058058916931811,-51.835847199616694
56.90000000000054,0.0,453.0,486.51082837496455,484.88547068161625,0.819218091317684,T_HARD_ACC,caténaire,,77.05473570552407,0.0018417719162348509,77.05473570552407,0.011291089407698345,-0.999936253618193,0.9606283117112931,-0.27783672676359855,33.42835148862736,-475.8371005217988,5.0,-75.0,-0.001769258246449958,0.0005117118806518115,-4.9802794149565655,83.82512226561838,8.829000000000008,0.01795132679698419,-0.003366022500983945,0.8700319101376383,-77.04982374492175,0.001769258246449958,-0.0005117118806518115,-1.761770191370416,0.0,2.220446049250313e-16,0.8718011683840882,-78.81210564817282
57.00000000000054,0.0,453.0,486.5945580031831,484.9664356091499,0.8372962821859156,T_HARD_ACC,caténaire,,50.07806860672112,0.04248229794423694,50.07806860672112,0.011298044057137639,-0.9999361750634302,0.9605094086606667,-0.27824750829852213,33.45425892275286,-475.9174659026234,5.0,-75.0,-0.04080464687696528,0.011820593549779358,-4.977583180244081,83.81963857853951,8.829000000000008,-0.01838782712104603,0.002459172089288586,0.5657842254150964,-50.07487237716876,0.04080464687696528,-0.011820593549779358,-1.7620733960567798,0.0,0.0,0.6065888722920617,-51.848766366775315
57.10000000000054,0.0,453.0,486.67991466857984,485.0488318194936,0.853566653967324,T_HARD_ACC,caténaire,,77.08685011309926,0.0018890924644172497,77.08685011309926,0.011305980563490949,-0.9999360853592083,0.9604311478383725,-0.2785175223605625,33.480173239368646,-475.9978342334557,5.0,-75.0,-0.0018143432439730789,0.0005261453526995014,-4.98022819079963,83.8257923007914,8.829000000000008,0.017957465956397023,-0.0026815538559077368,0.8715424290794402,-77.08192313476452,0.0018143432439730789,-0.0005261453526995014,-1.7623824926276268,0.0,4.440892098500626e-16,0.8733567723234134,-78.84483177274484
57.20000000000054,0.0,453.0,486.7667356674369,485.13259217386957,0.8682099885705916,T_HARD_ACC,caténaire,,50.090467433631815,0.04252636266147578,50.090467433631815,0.011314503049285081,-0.9999359889616672,0.960391266128349,-0.2786550124156872,33.50608054377534,-476.0781996976864,5.0,-75.0,-0.040841947280288074,0.01185018411542755,-4.9775333347418895,83.81981256066264,8.829000000000008,-0.018375282022177863,0.0026627447780640523,0.5667487465179423,-50.087261090800816,0.040841947280288074,-0.01185018411542755,-1.7626968918945094,0.0,0.0,0.6075906937982304,-51.86180816681075
57.300000000000544,0.0,453.0,486.8548745664082,485.2176408049333,0.8813889897135324,T_HARD_ACC,caténaire,,77.11956900181859,0.0019298859743721308,77.11956900181859,0.011323209973578219,-0.9999358904029269,0.9603877396205927,-0.27866716632292493,33.531994732209355,-476.1585680492912,5.0,-75.0,-0.0018534388286527356,0.0005377958558046386,-4.980178922827975,83.82583563310851,8.829000000000008,0.01796763834337156,-0.002626571035690972,0.8732410728794459,-77.11462489732342,0.0018534388286527356,-0.0005377958558046386,-1.7630160635878227,0.0,0.0,0.8750945117080986,-78.87817875676706
57.400000000000546,0.0,453.0,486.94419957548246,485.3038548074758,0.8932500907421792,T_HARD_ACC,caténaire,,50.103518068767826,0.042564836958604406,50.103518068767826,0.011332000896609455,-0.9999357908164299,0.9604167636126939,-0.27856711968880804,33.55790191137556,-476.23893351359766,5.0,-75.0,-0.040879982955484825,0.011857164031582153,-4.977485210305851,83.81981271872104,8.829000000000008,-0.018365193261335122,0.002669882752613262,0.567773111678565,-50.10030096277864,0.040879982955484825,-0.011857164031582153,-1.763339530464925,0.0,2.220446049250313e-16,0.6086530946340498,-51.87549765727515
57.50000000000055,0.0,453.0,487.0345920836493,485.39109660573513,0.9039250816679613,T_HARD_ACC,caténaire,,77.15292941685529,0.00196622692222425,77.15292941685529,0.011340685020657793,-0.999935692363895,0.9604745873890669,-0.27836768307366766,33.58381597753308,-476.31930186149947,5.0,-75.0,-0.0018885109918366113,0.000547334032736633,-4.980131924837249,83.82582790848309,8.829000000000008,0.01797956417091484,-0.00262475748418467,0.8749670709375987,-77.14796789434591,0.0018885109918366113,-0.000547334032736633,-1.7636668630074368,0.0,-4.440892098500626e-16,0.8768555819294354,-78.91218209138609
57.60000000000055,0.0,453.0,487.1259453409994,485.4793634788156,0.9135325735011651,T_HARD_ACC,caténaire,,50.11715956904102,0.04259850341056831,50.11715956904102,0.011349237889537683,-0.9999355953256822,0.9605607588698062,-0.27807018631896163,33.60972303654421,-476.39966732534737,5.0,-75.0,-0.04091845076277353,0.011845373780285653,-4.977439040192041,83.81981176218912,8.829000000000008,-0.018357490954814537,0.002657135969400315,0.5687915662969664,-50.11393178970125,0.04091845076277353,-0.011845373780285653,-1.7639976746488175,0.0,-2.220446049250313e-16,0.6097100170597399,-51.88977483813035
57.70000000000055,0.0,453.0,487.2181632726145,485.5685150007789,0.9221793161510486,T_HARD_ACC,caténaire,,77.18681070455007,0.0019982061660293662,77.18681070455007,0.011357556951498069,-0.999935500869978,0.9606714479535625,-0.2776875385875385,33.63563698620634,-476.48003567006776,5.0,-75.0,-0.001919619610829168,0.0005548769518351369,-4.980087149070894,83.8258212719269,8.829000000000008,0.017993231318277125,-0.002623851121271059,0.8766535984814282,-77.18183222241045,0.001919619610829168,-0.0005548769518351369,-1.7643316174791792,0.0,4.440892098500626e-16,0.8785732180922574,-78.94671871684147
57.80000000000055,0.0,453.0,487.3111594110681,485.6584972558273,0.9299613845359438,T_HARD_ACC,caténaire,,50.13129893808885,0.042628699017579555,50.13129893808885,0.011365698273814073,-0.9999354083653346,0.9608047699434376,-0.27722588994164693,33.66154393007331,-476.56040113950235,5.0,-75.0,-0.04095785735257357,0.011817779022203103,-4.9773947957409,83.81982341582415,8.829000000000008,-0.01835265309347367,0.0026411948463476165,0.5697772178046937,-50.12806087554253,0.04095785735257357,-0.011817779022203103,-1.764668378379625,0.0,0.0,0.6107350751572673,-51.90454703294436
57.90000000000055,0.0,453.0,487.4048559356763,485.7492050655524,0.9369652460823494,T_HARD_ACC,caténaire,,77.22110208190497,0.0020269505988081554,77.22110208190497,0.011373584455795286,-0.999935318696478,0.9609578832537506,-0.2766946812146394,33.68745776893577,-476.6407694835305,5.0,-75.0,-0.0019478141568906075,0.000560846449775045,-4.980044562677788,83.82581982788781,8.829000000000008,0.018007623165321007,-0.0026193256624225114,0.8782807262981354,-77.21610732036291,0.0019478141568906075,-0.000560846449775045,-1.7650076755431459,0.0,0.0,0.880228540455026,-78.98167584235583
58.000000000000554,0.0,453.0,487.49918280782373,485.8405915490851,0.9432687214741144,T_HARD_ACC,caténaire,,50.145855895679745,0.0426560565786504,50.145855895679745,0.011381296006434592,-0.9999352309530922,0.961129107207779,-0.2760993286445619,33.71336460245536,-476.72113496411197,5.0,-75.0,-0.04099797757644277,0.011777308583989824,-4.9773523946530505,83.8198466678414,8.829000000000008,-0.018350372229493317,0.0026239764253830344,0.5707248294447443,-50.14260799638701,0.04099797757644277,-0.011777308583989824,-1.7653492553434342,0.0,0.0,0.6117228070211871,-51.91973456031443
58.100000000000556,0.0,453.0,487.5940769927564,485.93258688351875,0.948941849326703,T_HARD_ACC,caténaire,,77.25571185034427,0.0020529761439951957,77.25571185034427,0.011388759619534316,-0.9999351459741419,0.961316594727682,-0.27544582897762937,33.73927833567731,-476.8015033096491,5.0,-75.0,-0.001973560035802629,0.0005654837158540536,-4.980003959401967,83.82582297565112,8.829000000000008,0.018022480562230214,-0.002611540633026266,0.8798467314995796,-77.25070150641024,0.001973560035802629,-0.0005654837158540536,-1.765692889516814,0.0,2.220446049250313e-16,0.8818202915353822,-79.01695987964291
58.20000000000056,0.0,453.0,487.6894817591958,486.0251287796352,0.9540476643940327,T_HARD_ACC,caténaire,,50.16076525835602,0.04268117651386039,50.16076525835602,0.01139607509159255,-0.9999350626278223,0.9615182572836722,-0.2747410433666036,33.765185063220756,-476.88186880598715,5.0,-75.0,-0.04103873046042385,0.011726270967532182,-4.977311673387512,83.81987953557844,8.829000000000008,-0.018350403847936292,0.0026058065459579893,0.571635847535972,-50.15750795007372,0.04103873046042385,-0.011726270967532182,-1.766038372625975,0.0,0.0,0.6126745779963958,-51.93527259366723
58.30000000000056,0.0,453.0,487.7853460489913,486.1181888944906,0.9586428979546294,T_HARD_ACC,caténaire,,77.29056561090376,0.0020767713584975978,77.29056561090376,0.011403160693966642,-0.9999349818494139,0.9617334068093365,-0.27398695995778216,33.79109869543431,-476.96223715486747,5.0,-75.0,-0.0019973003937719487,0.0005690082710421502,-4.979965136646149,83.82582994967952,8.829000000000008,0.01803756296007908,-0.0026010420494486652,0.8813567397887075,-77.28554032126998,0.0019973003937719487,-0.0005690082710421502,-1.7663855197773397,0.0,0.0,0.8833540401824795,-79.05249484931836
58.40000000000056,0.0,453.0,487.8816239098072,486.21170133802826,0.9627786081591665,T_HARD_ACC,caténaire,,50.17597406783581,0.042704366063831524,50.17597406783581,0.011410123794391196,-0.9999349024186508,0.9619598795367107,-0.2731907578263165,33.81700532092218,-477.0426026707513,5.0,-75.0,-0.041079886834454966,0.011666438127470568,-4.977272458755493,83.81992030743223,8.829000000000008,-0.018352345589947916,0.002586745559696624,0.572514075618169,-50.17270773328215,0.041079886834454966,-0.011666438127470568,-1.7667341645666883,0.0,0.0,0.613593962452624,-51.95110833597631
58.50000000000056,0.0,453.0,487.97827398454154,486.30560481917615,0.9665007473432499,T_HARD_ACC,caténaire,,77.32560346965982,0.002099205225891944,77.32560346965982,0.011416900484886137,-0.9999348250677732,0.9621961079858646,-0.2723575770505644,33.84291885621775,-477.12297102448935,5.0,-75.0,-0.002019847098216816,0.0005717344490558126,-4.97992788619418,83.82584008309244,8.829000000000008,0.018052266707602627,-0.002588182458509891,0.8828187197468724,-77.3205637786943,0.002019847098216816,-0.0005717344490558126,-1.7670841572302212,0.0,-2.220446049250313e-16,0.8848385668450892,-79.08821967037356
58.60000000000056,0.0,453.0,488.07525905180245,486.39987988543544,0.97,T_HARD_ACC,caténaire,,50.191439712112114,0.04272613376361591,50.191439712112114,0.011423581108991623,-0.9999347487684616,0.9624412247259784,-0.2714901267964618,33.86882538317359,-477.20333656301995,5.0,-75.0,-0.041121392507260476,0.011599723473006671,-4.977234598184898,83.81996754783857,8.829000000000008,-0.018355990692159097,0.0025672713115767465,0.5733659825283759,-50.18816465885821,0.041121392507260476,-0.011599723473006671,-1.767435362980521,0.0,0.0,0.6144873750356363,-51.96719974531174
58.700000000000564,0.0,453.0,488.1725456123373,486.4944765257431,0.9728656053480323,T_HARD_ACC,caténaire,,77.36077605227354,0.002120349638960406,77.36077605227354,0.01143009931648573,-0.9999346742810828,0.9626939936695726,-0.2705924510265003,33.894738825025286,-477.28370492281397,5.0,-75.0,-0.0020412478619066298,0.0005737506058394512,-4.979891971145119,83.8258527161241,8.829000000000008,0.01806678099297443,-0.002573533270066264,0.8842413534778975,-77.35572240396193,0.0020412478619066298,-0.0005737506058394512,-1.7677876605089107,0.0,2.220446049250313e-16,0.8862826013398041,-79.12408381507669
58.800000000000566,0.0,453.0,488.2701035168186,486.58939172416336,0.9755790448132291,T_HARD_ACC,caténaire,,50.20712739407462,0.04274666805582714,50.20712739407462,0.011436539952375941,-0.9999346006384207,0.962954011263345,-0.26966566743253356,33.92064525642475,-477.36407048645356,5.0,-75.0,-0.04116307547250144,0.011527308771791589,-4.977197881133076,83.82001992439156,8.829000000000008,-0.01836095660557735,0.002547233163340934,0.5741958183363629,-50.20384387999631,0.04116307547250144,-0.011527308771791589,-1.7681409406375803,0.0,2.220446049250313e-16,0.6153588938088643,-51.98351212940568
58.90000000000057,0.0,453.0,488.3679056308518,486.68459366075837,0.9780211403319062,T_HARD_ACC,caténaire,,77.3960435388037,0.0021402581854067376,77.3960435388037,0.011442830524050557,-0.9999345286715515,0.963220548824195,-0.2687120658303536,33.9465586078115,-477.4444388532829,5.0,-75.0,-0.0020615406639729536,0.0005751131984109685,-4.979857201170184,83.82586739213227,8.829000000000008,0.018081258165843828,-0.0025574946693325273,0.8856298094465689,-77.39097631701655,0.0020615406639729536,-0.0005751131984109685,-1.7684951051065034,0.0,0.0,0.8876913501105418,-79.16004653532147
59.00000000000057,0.0,453.0,488.46592753348165,486.7800038641999,0.9802190262987156,T_HARD_ACC,caténaire,,50.22300982129467,0.04276673682456239,50.22300982129467,0.011449087395870182,-0.9999344570509617,0.9634912062208484,-0.267739977468989,33.97246494623114,-477.5248044441171,5.0,-75.0,-0.04120537484922719,0.011450365153830515,-4.977162154242432,83.82007665142719,8.829000000000008,-0.018367529091658952,0.002527016581012731,0.5750076287276491,-50.219718057121405,0.04120537484922719,-0.011450365153830515,-1.7688500654816537,0.0,2.220446049250313e-16,0.6162130035768763,-52.00001848775688
59.10000000000057,0.0,453.0,488.5641472458485,486.87565204843503,0.982197123668844,T_HARD_ACC,caténaire,,77.43137401962473,0.0021594582051109243,77.43137401962473,0.011455212761697423,-0.9999343868977525,0.9637669187789117,-0.2667458083408293,33.99837820977174,-477.6051728188258,5.0,-75.0,-0.0020812143805715947,0.0005760264245005498,-4.979823437836998,83.82588382878387,8.829000000000008,0.01809534778243016,-0.0025401447916379993,0.8869928638253715,-77.42629350696402,0.0020812143805715947,-0.0005760264245005498,-1.769205742172409,0.0,2.220446049250313e-16,0.8890740782059431,-79.19607527556091
59.20000000000057,0.0,453.0,488.66254498697873,486.9715036028067,0.9839774113019596,T_HARD_ACC,caténaire,,50.23906318109597,0.042785850569702945,50.23906318109597,0.011461305229734247,-0.9999343170840927,0.9640464797002141,-0.2657336730217394,34.02428445735389,-477.6855384384104,5.0,-75.0,-0.041247548622701524,0.011369641225246445,-4.977127250651605,83.82013662396182,8.829000000000008,-0.018374799274305964,0.0025062651870513264,0.5758052375744446,-50.235763332933786,0.041247548622701524,-0.011369641225246445,-1.7695620635472082,0.0,0.0,0.6170527861971461,-52.016695037706235
59.30000000000057,0.0,453.0,488.76110295399593,487.0674912810904,0.9855796701717636,T_HARD_ACC,caténaire,,77.46674204774651,0.0021785748873209207,77.46674204774651,0.011467307516103227,-0.9999342482675204,0.9643282720585425,-0.2647092437157898,34.05019763512377,-477.7659068216191,5.0,-75.0,-0.0021008613566403174,0.0005766889108009329,-4.979790472301092,83.82590156018749,8.829000000000008,0.018108666342267377,-0.0025217509017210205,0.8883349533321534,-77.46164847524732,0.0021008613566403174,-0.0005766889108009329,-1.7699189651376477,0.0,-4.440892098500626e-16,0.8904358146887937,-79.23214412929576
59.400000000000574,0.0,453.0,488.8598051243114,487.1636836139382,0.9870217031545873,T_HARD_ACC,caténaire,,50.2552692184902,0.04280425317426921,50.2552692184902,0.011473275296752199,-0.9999341798108339,0.9646138245694994,-0.26366677729551546,34.076103793763416,-477.84627247126275,5.0,-75.0,-0.04128957436227296,0.011286059489000902,-4.977093075308545,83.82019932620331,8.829000000000008,-0.018382649670818374,0.0024853856922959494,0.5765925388561348,-50.25196140716364,0.04128957436227296,-0.011286059489000902,-1.7702763889221627,0.0,0.0,0.6178821132184078,-52.033523855574806
59.500000000000576,0.0,453.0,488.9586370775953,487.26001473884577,0.9883195328391285,T_HARD_ACC,caténaire,,77.5021255999121,0.0021969773043433866,77.5021255999121,0.0114791516913704,-0.9999341123676332,0.9649015721244292,-0.2626117973583918,34.102016887425684,-477.9266408634476,5.0,-75.0,-0.002119866854882624,0.0005769521586492113,-4.979758146076451,83.8259202846817,8.829000000000008,0.018121987068666634,-0.0025027631596543642,0.8896586561650323,-77.49701916835294,0.002119866854882624,-0.0005769521586492113,-1.7706342826813461,0.0,-2.220446049250313e-16,0.8917785230199149,-79.26823040319293
59.60000000000058,0.0,453.0,489.0575858355508,487.3564689461721,0.9894875795552157,T_HARD_ACC,caténaire,,50.27161392601063,0.042822672377479575,50.27161392601063,0.01148502678305539,-0.9999340449048589,0.9651908502567188,-0.2615465973411088,34.127922958623614,-478.00700654425754,5.0,-75.0,-0.041332051562284415,0.011200124249382873,-4.977059476748949,83.82026433828506,8.829000000000008,-0.01839152831123414,0.0024644625344336646,0.5773708323676524,-50.268298256931246,0.041332051562284415,-0.011200124249382873,-1.7709925994177307,0.0,-2.220446049250313e-16,0.6187028839299368,-52.05049098059836
59.70000000000058,0.0,453.0,489.1566397177108,487.45304250551857,0.9905388215996942,T_HARD_ACC,caténaire,,77.5375078692978,0.002215072349442064,77.5375078692978,0.01149081799144613,-0.999933978371516,0.9654817312959142,-0.2604707786563477,34.15383596970231,-478.0873749458837,5.0,-75.0,-0.0021386118868850323,0.00057696161963932,-4.979726405707427,83.82593997973707,8.829000000000008,0.018134982405688227,-0.0024830586432926793,0.8909693904364231,-77.53238871675967,0.0021386118868850323,-0.00057696161963932,-1.7713512968335972,0.0,0.0,0.8931080023233081,-79.30431697521291
59.80000000000058,0.0,453.0,489.25578821165476,487.5497718291566,0.9914849394397248,T_HARD_ACC,caténaire,,50.28808406019124,0.042840397383754086,50.28808406019124,0.01149659431732785,-0.999933911975738,0.9657749005842913,-0.25938165201378904,34.179741954676736,-478.16774065865263,5.0,-75.0,-0.04137418052428663,0.011112013046325342,-4.9770263463853,83.82033100378514,8.829000000000008,-0.018400526909586823,0.0024430168314637513,0.5781417014356999,-50.28476062007178,0.04137418052428663,-0.011112013046325342,-1.7717103368609963,0.0,0.0,0.6195158819599865,-52.0675829699791
59.90000000000058,0.0,453.0,489.35502185620436,487.646548057658,0.9923364454957524,T_HARD_ACC,caténaire,,77.57287550124292,0.002233294991974888,77.57287550124292,0.011502316594870879,-0.9999338461683109,0.9660677410698274,-0.25828882992541646,34.20565488432068,-478.2481090700475,5.0,-75.0,-0.002157514248039738,0.0005768351503554861,-4.979695106980304,83.82596035768424,8.829000000000008,0.01814737877165573,-0.0024628071654149153,0.892267773189799,-77.56774375829337,0.002157514248039738,-0.0005768351503554861,-1.7720696852387752,0.0,0.0,0.8944252874378388,-79.3403902786825
60.00000000000058,0.0,453.0,489.454332136299,487.74345460766517,0.9931028009461772,T_HARD_ACC,caténaire,,50.30467070009132,0.04285803640273355,50.30467070009132,0.01150803383798924,-0.9999337803860732,0.96636214528053,-0.25718515542078224,34.23156078420606,-478.32847481554967,5.0,-75.0,-0.04141638400065664,0.01102245075326657,-4.976993652029762,83.82039928440616,8.829000000000008,-0.018410036030418908,0.002421735159430227,0.5789078526255568,-50.30133954421885,0.04141638400065664,-0.01102245075326657,-1.7724293111318963,0.0,2.220446049250313e-16,0.6203242366262134,-52.08479130610401
60.100000000000584,0.0,453.0,489.55371138838416,487.84042024855074,0.9937925208515594,T_HARD_ACC,caténaire,,77.60821643751105,0.0022511787170439584,77.60821643751105,0.011513691935861254,-0.9999337152521691,0.9666564797754031,-0.2560766488929153,34.25747363335383,-478.4088432369882,5.0,-75.0,-0.002176116493963021,0.0005764743019196693,-4.979664169083718,83.82598130919469,8.829000000000008,0.01815971442231845,-0.0024422165033968213,0.8935570957531458,-77.60307219645489,0.002176116493963021,-0.0005764743019196693,-1.772789186788825,0.0,-2.220446049250313e-16,0.8957332122471088,-79.37643785754564
60.200000000000585,0.0,453.0,489.6531527152608,487.93747892574686,0.9944132687664035,T_HARD_ACC,caténaire,,50.32136599650613,0.042875732000315046,50.32136599650613,0.011519359999798029,-0.9999336499714344,0.9669513750659883,-0.25496085632503385,34.28337944895025,-478.489209015776,5.0,-75.0,-0.04145874801466543,0.010931633346362981,-4.976961265202437,83.8204687173562,8.829000000000008,-0.01842001321710285,0.002400350702558285,0.5796699305953494,-50.3180271724348,0.04145874801466543,-0.010931633346362981,-1.7731492872331802,0.0,0.0,0.6211286786100149,-52.102108093014344
60.30000000000059,0.0,453.0,489.75264990944976,488.03458174243264,0.9949719418897631,T_HARD_ACC,caténaire,,77.64352190576999,0.002269023846875509,77.64352190576999,0.011524974843864095,-0.9999335852719661,0.9672457827455867,-0.25384167459437634,34.309292218400046,-478.569577447503,5.0,-75.0,-0.002194703746839504,0.000575972812985453,-4.9796335380601695,83.82600277130385,8.829000000000008,0.018171758192990772,-0.002421255883177764,0.8948396367530099,-77.63836523237902,0.002194703746839504,-0.000575972812985453,-1.7735095899862199,0.0,2.220446049250313e-16,0.8970343404998494,-79.41245079517822
60.40000000000059,0.0,453.0,489.85219738421983,488.1317750656155,0.9954747477007868,T_HARD_ACC,caténaire,,50.33816318515153,0.0428933276180677,50.33816318515153,0.011530600398496982,-0.9999335204174576,0.967540641696326,-0.25271546582245763,34.33519795037024,-478.64994326000107,5.0,-75.0,-0.04150103772807597,0.010839807269675266,-4.976929133126614,83.82053903620098,8.829000000000008,-0.018430170854689898,0.002378843470651759,0.5804292444823144,-50.33481672507703,0.04150103772807597,-0.010839807269675266,-1.7738700748170757,0.0,0.0,0.6219302822103904,-52.119526607163785
60.50000000000059,0.0,453.0,489.95179011151293,488.2290314396318,0.9959272729307082,T_HARD_ACC,caténaire,,77.67878430626733,0.0022866015508477555,77.67878430626733,0.01153616535312254,-0.9999334562304362,0.967835444527065,-0.25158408597742904,34.36111064070528,-478.7303117021919,5.0,-75.0,-0.0022130540284210137,0.0005752725611646043,-4.979603131284092,83.82602459934694,8.829000000000008,0.018183814687486866,-0.002400128091906595,0.89611530018664,-77.67361526714446,0.0022130540284210137,-0.0005752725611646043,-1.7742307235179655,0.0,0.0,0.898328354215061,-79.44842126322358
60.60000000000059,0.0,453.0,490.0514235660767,488.32630037011745,0.9963345456376373,T_HARD_ACC,caténaire,,50.35505782318211,0.04291141403124944,50.35505782318211,0.011541772287217629,-0.9999333915278907,0.9681287371029916,-0.25045308621649404,34.38701628957807,-478.8106775488147,5.0,-75.0,-0.041543773073377116,0.010747296078040189,-4.976897204347669,83.82061021947976,8.829000000000008,-0.018440977421045446,0.0023575155577901796,0.5811866109048445,-50.35170374971753,0.041543773073377116,-0.010747296078040189,-1.774591519701886,0.0,0.0,0.6227303839782216,-52.13704256549745
60.70000000000059,0.0,453.0,490.1510936751841,488.4236185499204,0.9967010910738736,T_HARD_ACC,caténaire,,77.7139980036374,0.0023043278222264693,77.7139980036374,0.011547323656999458,-0.999933327435565,0.9684216072699823,-0.2493182515834417,34.41292890133961,-478.8910460016578,5.0,-75.0,-0.0022315608532774956,0.0005745109837125832,-4.97957293262491,83.82604682047844,8.829000000000008,0.018195506521812455,-0.002378668537858175,0.8973886876274109,-77.70881661209799,0.0022315608532774956,-0.0005745109837125832,-1.774952448620534,0.0,-2.220446049250313e-16,0.8996202484806883,-79.48434357170224
60.800000000000594,0.0,453.0,490.2507967733807,488.52096233740826,0.9970309819664862,T_HARD_ACC,caténaire,,50.372044596352566,0.04292946068463119,50.372044596352566,0.011552911132630583,-0.9999332628952602,0.9687132758730117,-0.24818257220719298,34.4388344674717,-478.97141188256893,5.0,-75.0,-0.04158633849127074,0.010654343976179332,-4.976865412723566,83.82068174416344,8.829000000000008,-0.018451751214836776,0.0023360881396143895,0.5819437547905657,-50.36868291193638,0.04158633849127074,-0.010654343976179332,-1.7753134970004376,0.0,0.0,0.6235300932818364,-52.154650752913
60.900000000000595,0.0,453.0,490.3505295617577,488.61837803318207,0.9973278837698376,T_HARD_ACC,caténaire,,77.7491580715245,0.00232191260773415,77.7491580715245,0.011558434163712028,-0.9999331990686594,0.9690050474632758,-0.24704092371648603,34.46474700091857,-479.0517803461349,5.0,-75.0,-0.0022499450366630083,0.0005736074354035993,-4.979542833534415,83.82606918876802,8.829000000000008,0.018207221428921727,-0.002357203796591989,0.8986585248537556,-77.74396435535438,0.0022499450366630083,-0.0005736074354035993,-1.7756746528954697,0.0,0.0,0.9009084698904186,-79.52021261568525
61.0000000000006,0.0,453.0,490.450289071297,488.71585660808586,0.9975950953928538,T_HARD_ACC,caténaire,,50.389119931895564,0.04294719747358535,50.389119931895564,0.011563978735938568,-0.9999331349624307,0.9692964968360034,-0.24589489873003037,34.490652484580586,-479.13214626155315,5.0,-75.0,-0.041628568060070335,0.010560496773505887,-4.976833725185786,83.82075372526937,8.829000000000008,-0.018462293245856465,0.0023142220428695737,0.5826987114150985,-50.385750661498236,0.041628568060070335,-0.010560496773505887,-1.776035905554119,0.0,2.220446049250313e-16,0.6243272794751689,-52.17234706382586
61.1000000000006,0.0,453.0,490.5500726298824,488.813342573144,0.9978355858535685,T_HARD_ACC,caténaire,,77.78426124443865,0.002339928671498799,77.78426124443865,0.011569485271752368,-0.9999330712655456,0.9695864692265977,-0.24474901162762583,34.51656493998857,-479.2125147359605,5.0,-75.0,-0.0022687631788406042,0.0005726952296284747,-4.9795128405275255,83.82609180441403,8.829000000000008,0.018218396293633532,-0.002335500356352327,0.8999238648416715,-77.7790552422731,0.0022687631788406042,-0.0005726952296284747,-1.776397245300023,0.0,-2.220446049250313e-16,0.9021926280205121,-79.55602518280274
61.2000000000006,0.0,453.0,490.6498778326092,488.9108596828801,0.9980520272682116,T_HARD_ACC,caténaire,,50.406281997155965,0.0429652492389959,50.406281997155965,0.011575025493214113,-0.9999330071483946,0.9698753429629383,-0.24360176336086523,34.5424703415433,-479.29288068618564,5.0,-75.0,-0.04167093584115927,0.010466410477858474,-4.976802177142872,83.82082633164772,8.829000000000008,-0.018473112984031204,0.0022927421255758418,0.5834539991352199,-50.40290513658615,0.04167093584115927,-0.010466410477858474,-1.7767586634244565,0.0,0.0,0.6251249349763792,-52.19013021048847
61.3000000000006,0.0,453.0,490.74970251506335,489.0083939295299,0.9982468245413905,T_HARD_ACC,caténaire,,77.81930358149278,0.0023579994282521277,77.81930358149278,0.011580523478330986,-0.9999329434896963,0.9701629657823052,-0.2424537478045694,34.568382719085804,-479.3732491715221,5.0,-75.0,-0.0022876437186260643,0.0005717057987007602,-4.9794829142572565,83.82611460302878,8.829000000000008,0.01822944202411758,-0.0023136911725174514,0.9011882721928437,-77.81408529056034,0.0022876437186260643,-0.0005717057987007602,-1.7771201520895663,0.0,2.220446049250313e-16,0.9034759159114698,-79.59177714844861
61.4000000000006,0.0,453.0,490.84954472927205,489.10598020091584,0.9984221420872514,T_HARD_ACC,caténaire,,50.42352792785092,0.042983247533174576,50.42352792785092,0.011586046642443119,-0.9999328795090193,0.9704499725706229,-0.2413024051634735,34.59428803864649,-479.4536151566325,5.0,-75.0,-0.04171309138956556,0.010371961011491964,-4.976770672709586,83.82089910157136,8.829000000000008,-0.018483764099151756,0.0022710625828352704,0.584209346448614,-50.42014347589942,0.04171309138956556,-0.010371961011491964,-1.7774817042412845,0.0,0.0,0.6259224378381796,-52.2079971411522
61.500000000000604,0.0,453.0,490.9494027220599,489.20355402123243,0.9985799278785263,T_HARD_ACC,caténaire,,77.85428291121136,0.0023763707182690164,77.85428291121136,0.011591539487329381,-0.9999328158493018,0.9707350268339722,-0.2401530921675742,34.6202003384009,-479.53398365295027,5.0,-75.0,-0.0023068262929663392,0.0005706927761287836,-4.979453017818468,83.82613751050117,8.829000000000008,0.018240155888565646,-0.0022917967227158442,0.9024509946230195,-77.84905233733575,0.0023068262929663392,-0.0005706927761287836,-1.7778433135309513,0.0,2.220446049250313e-16,0.9047578209159858,-79.62746634364282
61.600000000000605,0.0,453.0,491.04927491556896,489.30115784011,0.9987219350906738,T_HARD_ACC,caténaire,,50.440856354235656,0.043001554296308836,50.440856354235656,0.01159706578233877,-0.9999327517714579,0.9710189420249045,-0.23900254021418926,34.64610557610924,-479.61434967307275,5.0,-75.0,-0.04175532375822829,0.010277480709976196,-4.976739222822267,83.82097213606575,8.829000000000008,-0.018494546580495097,0.002249616775714003,0.5849659292575715,-50.43746429599969,0.04175532375822829,-0.010277480709976196,-1.7782049742447708,0.0,0.0,0.6267212530157998,-52.225946750954435
61.70000000000061,0.0,453.0,491.1491598897271,489.39877972239873,0.9988497415816063,T_HARD_ACC,caténaire,,77.88919669475335,0.0023946853443582647,77.88919669475335,0.011602549582874407,-0.9999326881561463,0.971301616673669,-0.23785114977043337,34.672017798099354,-479.69471818041484,5.0,-75.0,-0.002325961746399924,0.0005695786624940194,-4.979423130614974,83.82616050774018,8.829000000000008,0.01825090763862658,-0.002269913597331197,0.9037132666211332,-77.88395382930754,0.002325961746399924,-0.0005695786624940194,-1.7785666812403282,0.0,0.0,0.906039228367533,-79.66309008921037
61.80000000000061,0.0,453.0,491.24905636646946,489.4964626060153,0.9989647674234456,T_HARD_ACC,caténaire,,50.45826522684455,0.043019736479074464,50.45826522684455,0.011608054775532388,-0.9999326242624191,0.9715838586218367,-0.23669559705559162,34.697922953948094,-479.7750842355859,5.0,-75.0,-0.041797281565233754,0.010182582211088744,-4.9767077702441735,83.82104524671666,8.829000000000008,-0.018505051809407647,0.002227828927743758,0.5857223066315528,-50.45486556400785,0.041797281565233754,-0.010182582211088744,-1.7789284298894494,0.0,0.0,0.6275195881967865,-52.24397657610838
61.90000000000061,0.0,453.0,491.3489631955376,489.59412033676244,0.999068290681101,T_HARD_ACC,caténaire,,77.9240438687778,0.0024133855770540474,77.9240438687778,0.011613534949473224,-0.9999325606289543,0.9718638621948112,-0.23554327279670867,34.72383509818218,-479.85545275400193,5.0,-75.0,-0.002345482227881,0.0005684567373396836,-4.97939324667985,83.82618360850088,8.829000000000008,0.018261271092269382,-0.002247934761783199,0.9049736068743357,-77.91878872026996,0.002345482227881,-0.0005684567373396836,-1.7792902160267785,0.0,2.220446049250313e-16,0.9073190891022167,-79.69864739303408
62.00000000000061,0.0,453.0,491.4488793416989,489.6918031419403,0.9991614616129909,T_HARD_ACC,caténaire,,50.475754119732905,0.0430383437995115,50.475754119732905,0.011619050175788345,-0.999932496558149,0.9721426049299825,-0.23439017829240982,34.74974017227468,-479.9358188443613,5.0,-75.0,-0.04183940765312927,0.010087765076577531,-4.976676357479887,83.82111864885525,8.829000000000008,-0.018515765133016338,0.002206413931816087,0.5864803197779319,-50.4723468325998,0.04183940765312927,-0.010087765076577531,-1.7796520359034946,0.0,0.0,0.6283197274310612,-52.26208663357987
62.10000000000061,0.0,453.0,491.5488038732441,489.7894769752336,0.9992453154516918,T_HARD_ACC,caténaire,,77.95882253953188,0.0024321834717519336,77.95882253953188,0.011624533664510599,-0.9999324328258797,0.9724194884907028,-0.23323880123915916,34.77565223871592,-480.0161873738909,5.0,-75.0,-0.002365102607516557,0.0005672795573451173,-4.979363348686057,83.82620679191362,8.829000000000008,0.018271548706426444,-0.0022259285290431308,0.906234957056396,-77.95355508219514,0.002365102607516557,-0.0005672795573451173,-1.780013886145659,0.0,-2.220446049250313e-16,0.9086000596639126,-79.73413624789814
62.200000000000614,0.0,453.0,491.64873595163476,489.8872027975785,0.9993207839065227,T_HARD_ACC,caténaire,,50.49332130495312,0.0430569338635209,50.49332130495312,0.011630041493106431,-0.9999323687804434,0.9726957171284166,-0.2320841267300184,34.80155723097073,-480.0965534993983,5.0,-75.0,-0.04188129516172827,0.009992830895387406,-4.976644913519975,83.82119196707528,8.829000000000008,-0.018526208681702627,0.0021847979706564047,0.5872394219013598,-50.4899063800538,0.04188129516172827,-0.009992830895387406,-1.7803757637167263,0.0,0.0,0.629120717063088,-52.280274974665915
62.300000000000615,0.0,453.0,491.74867482218633,489.9849241275163,0.9993887055158704,T_HARD_ACC,caténaire,,77.9935318251793,0.0024510772278008783,77.9935318251793,0.01163551623097149,-0.999932305089719,0.972970190102882,-0.23093074540035122,34.827469219514036,-480.1769220400512,5.0,-75.0,-0.0023848250762902655,0.0005660290912498833,-4.97933341039069,83.82622999560638,8.829000000000008,0.018281764533019995,-0.0022039753023790354,0.9074950054626653,-77.9882520600399,0.0023848250762902655,-0.0005660290912498833,-1.7807376658838068,0.0,2.220446049250313e-16,0.9098798305389555,-79.76955575501495
62.40000000000062,0.0,453.0,491.84861980568274,490.0827147332289,0.9994498349642834,T_HARD_ACC,caténaire,,50.51096623141499,0.04307551659241227,50.51096623141499,0.011641008788474369,-0.9999322411615632,0.9732443807688548,-0.2297724424334834,34.853374129909334,-480.25728820079246,5.0,-75.0,-0.04192300447228081,0.009897566656522609,-4.976613461275386,83.82126546437483,8.829000000000008,-0.018536465747667208,0.002163031031344076,0.5879986018142339,-50.50754366701483,0.04192300447228081,-0.009897566656522609,-1.7810995901872988,0.0,0.0,0.6299216062865147,-52.298540823858644
62.50000000000062,0.0,453.0,491.94857029082954,490.180456133396,0.9995048514678551,T_HARD_ACC,caténaire,,78.02817108880875,0.0024703940755153933,78.02817108880875,0.01164648597841413,-0.9999321773822235,0.9735158278175647,-0.22861962511709671,34.87928604050125,-480.3376567526212,5.0,-75.0,-0.0024049677334609756,0.0005647805674358259,-4.979303451641541,83.826253308987,8.829000000000008,0.01829158062499836,-0.0021819104455715888,0.90875400050711,-78.02287901398519,0.0024049677334609756,-0.0005647805674358259,-1.7814615344135616,0.0,0.0,0.911158968240571,-79.80490532896619
62.60000000000062,0.0,453.0,492.04852572746165,490.2782362333861,0.9995543663210695,T_HARD_ACC,caténaire,,50.52868880328074,0.043094513612128064,50.52868880328074,0.011651992341253872,-0.9999321132329332,0.973786311064213,-0.22746476734639945,34.90519086905914,-480.418022948687,5.0,-75.0,-0.0419648474374607,0.009802483512688955,-4.976582017623374,83.82133915071438,8.829000000000008,-0.018546865060835138,0.0021416342270583755,0.5887598949494275,-50.52525857395376,0.0419648474374607,-0.009802483512688955,-1.781823496570318,0.0,0.0,0.6307247423868881,-52.31688455403676
62.70000000000062,0.0,453.0,492.14848562043056,490.37600154735213,0.9995989296889626,T_HARD_ACC,caténaire,,78.06273895084817,0.0024896962975216527,78.06273895084817,0.011657469648647197,-0.9999320493920529,0.9740548230577687,-0.22631217748477234,34.9311027015802,-480.49839151171324,5.0,-75.0,-0.0024251006865500355,0.0005634485903679009,-4.979273447069772,83.82627666743052,8.829000000000008,0.018301452243677296,-0.002159883979118149,0.9100140100097819,-78.05743454027845,0.0024251006865500355,-0.0005634485903679009,-1.7821854748645183,0.0,0.0,0.9124391106963319,-79.84018346373334
62.80000000000062,0.0,453.0,492.24844952410257,490.47380571213483,0.9996390367200663,T_HARD_ACC,caténaire,,50.54648803904221,0.043113683561539745,50.54648803904221,0.011662975981891888,-0.9999319851826152,0.9743223721327628,-0.22515753409909742,34.957007448151046,-480.57875774305614,5.0,-75.0,-0.04200662643906071,0.00970737067664508,-4.976550516576021,83.82141273831371,8.829000000000008,-0.018557143015081046,0.002120108990354197,0.5895224759683348,-50.54305012888879,0.04200662643906071,-0.00970737067664508,-1.7825474676824185,0.0,0.0,0.6315291024073956,-52.33530496724785
62.900000000000624,0.0,453.0,492.3484170374074,490.57160169783515,0.9996751330480597,T_HARD_ACC,caténaire,,78.09723517495893,0.0025091212139409513,78.09723517495893,0.011668450897063188,-0.9999319213094773,0.9745881007143712,-0.2240045400119258,34.982919202473404,-480.6591263172961,5.0,-75.0,-0.0024453596783568492,0.0005620545433630077,-4.979243393453478,83.8263000597906,8.829000000000008,0.018311246868164766,-0.002137885666044781,0.9112737538354042,-78.09191841745476,0.0024453596783568492,-0.0005620545433630077,-1.7829094735716484,0.0,2.220446049250313e-16,0.913719113513761,-79.87538994556978
63.000000000000625,0.0,453.0,492.4483877993817,490.6694319348606,0.9997076197432537,T_HARD_ACC,caténaire,,50.564363589245225,0.04313304760047481,50.564363589245225,0.011673956572894177,-0.9999318570472362,0.9748527642227224,-0.22284992278956978,35.008823866965336,-480.73949258394157,5.0,-75.0,-0.04204837068267313,0.00961219632744465,-4.976518980331769,83.82148637894818,8.829000000000008,-0.0185673510144424,0.002098575275610415,0.5902861846768803,-50.56091798420563,0.04204837068267313,-0.00961219632744465,-1.7832714912250747,0.0,-2.220446049250313e-16,0.6323345553595534,-52.35380167175815
63.10000000000063,0.0,453.0,492.5483614851586,490.76726514219786,0.9997368577689284,T_HARD_ACC,caténaire,,78.13165924957374,0.0025286323304159683,78.13165924957374,0.011679426748689482,-0.9999317931693251,0.9751158505076056,-0.22169591355915658,35.03473554296684,-480.8198611694241,5.0,-75.0,-0.002465709465494596,0.0005605874545467871,-4.979213292983182,83.826323512273,8.829000000000008,0.018320997551323437,-0.0021159002724573384,0.9125329909589636,-78.12633013672097,0.002465709465494596,-0.0005605874545467871,-1.7836335194662785,0.0,2.220446049250313e-16,0.9149987004244582,-79.91052424364179
63.20000000000063,0.0,453.0,492.6483378023578,490.86510024452406,0.9997631719920356,T_HARD_ACC,caténaire,,50.582315365217376,0.04315279503219914,50.582315365217376,0.01168493999018695,-0.9999317287582317,0.9753771838969765,-0.2205433044397485,35.0606401252834,-480.90022747141165,5.0,-75.0,-0.04209025169578983,0.009517060012212362,-4.976487407124631,83.82156010214298,8.829000000000008,-0.018577658820420062,0.0020771621551887165,0.5910513196072763,-50.578862047735875,0.04209025169578983,-0.009517060012212362,-1.7839955572364816,0.0,0.0,0.6331415713030661,-52.37237466498457
63.30000000000063,0.0,453.0,492.7483164878371,490.9629270582223,0.999786854792832,T_HARD_ACC,caténaire,,78.16601096293259,0.0025484377459517107,78.16601096293259,0.011690421839208492,-0.9999316646837529,0.975636710213597,-0.21939236468844986,35.086551722850075,-480.98059606817174,5.0,-75.0,-0.0024863494186444816,0.0005591077833456489,-4.979183148799689,83.82634703780278,8.829000000000008,0.01833050178166662,-0.002093854413885765,0.9137936416448775,-78.16066946385367,0.0024863494186444816,-0.0005591077833456489,-1.7843576035827844,0.0,0.0,0.916279991063522,-79.9455861752198
63.40000000000063,0.0,453.0,492.84829730476844,491.060805575929,0.9998081693135488,T_HARD_ACC,caténaire,,50.60034230566142,0.04317241517178719,50.60034230566142,0.011695927380684519,-0.9999316003020935,0.9758955358047009,-0.21823817996962788,35.11245622285989,-481.0609624054421,5.0,-75.0,-0.04213176723605425,0.009421869311983985,-4.97645578354512,83.82163370169677,8.829000000000008,-0.018587550781174578,0.002055571008739321,0.5918179290447946,-50.596881257533745,0.04213176723605425,-0.009421869311983985,-1.7847196576475761,0.0,0.0,0.6339496962808489,-52.39102278449331
63.50000000000063,0.0,453.0,492.94828004000664,491.15867569655904,0.9998273523821939,T_HARD_ACC,caténaire,,78.20028996446854,0.002568376407135073,78.20028996446854,0.011701402099394749,-0.9999315362508118,0.9761525561337744,-0.21708566777541627,35.13836774177975,-481.14133101346937,5.0,-75.0,-0.002507127194938581,0.0005575577074415417,-4.979152923238087,83.82637054163608,8.829000000000008,0.01833994956697449,-0.0020719006564888787,0.9150530371635103,-78.19493607942997,0.002507127194938581,-0.0005575577074415417,-1.785081718659009,0.0,-2.220446049250313e-16,0.9175601643584489,-79.98057535579642
63.600000000000634,0.0,453.0,493.048264501721,491.2565248035692,0.9998446171439745,T_HARD_ACC,caténaire,,50.61844532763812,0.04319269307680642,50.61844532763812,0.011706928070239191,-0.9999314715695062,0.9764073668624399,-0.21593668964943594,35.16427215940526,-481.2216973861055,5.0,-75.0,-0.04217366371482209,0.009326887160049688,-4.976424130262601,83.82170747428346,8.829000000000008,-0.018597793977423116,0.0020343614434921165,0.5925864984779946,-50.61497652502578,0.04217366371482209,-0.009326887160049688,-1.785443785922418,0.0,2.220446049250313e-16,0.6347601621928167,-52.40974719810825
63.700000000000635,0.0,453.0,493.148250517264,491.3544043449949,0.9998601554295771,T_HARD_ACC,caténaire,,78.23449570416786,0.0025883167670552806,78.23449570416786,0.011712407989671925,-0.9999314073970692,0.9766611835494218,-0.21478578292764797,35.19018359956603,-481.3020660054431,5.0,-75.0,-0.0025279085171130236,0.0005559336432767271,-4.979122654619691,83.82639413559201,8.829000000000008,0.01834943686319601,-0.002049930764727037,0.9163143325534495,-78.22912939646852,0.0025279085171130236,-0.0005559336432767271,-1.7858058588126062,0.0,2.220446049250313e-16,0.9188422410705626,-80.0154911889244
63.80000000000064,0.0,453.0,493.2482379312527,491.4522856375669,0.9998741398866193,T_HARD_ACC,caténaire,,50.63662319495403,0.04321300772888111,50.63662319495403,0.011717930376631195,-0.9999313426969316,0.976913270311363,-0.21363628504904747,35.21608793459277,-481.3824324133446,5.0,-75.0,-0.04221536070041145,0.009231866436993938,-4.976392394683941,83.8217810373809,8.829000000000008,-0.018607755384352664,0.0020129038178851033,0.5933564251061796,-50.63314662096898,0.04221536070041145,-0.009231866436993938,-1.7861679367668952,0.0,0.0,0.635571785806591,-52.428546424172865
63.90000000000064,0.0,453.0,493.3482266038425,491.55016563013254,0.9998867258979574,T_HARD_ACC,caténaire,,78.26862864379865,0.0026086387925047597,78.26862864379865,0.011723419063203688,-0.9999312783614025,0.977163716996988,-0.21248781184959803,35.24199929580521,-481.4628010439917,5.0,-75.0,-0.0025490671787864855,0.000554303948925314,-4.979092313360073,83.82641772777261,8.829000000000008,0.018358619461141146,-0.002027968278468961,0.9175759330935193,-78.26324989538747,0.0025490671787864855,-0.000554303948925314,-1.7865300192788751,0.0,-2.220446049250313e-16,0.9201250002723057,-80.05033421861528
64.00000000000064,0.0,453.0,493.4482164091733,491.64810155883026,0.9998980533081616,T_HARD_ACC,caténaire,,50.65487562525497,0.043233157617830184,50.65487562525497,0.011728929537172859,-0.9999312137401812,0.9774135347235817,-0.21133570956928632,35.267903548137596,-481.54316748716036,5.0,-75.0,-0.042256673404505146,0.009136710042084939,-4.976360622482655,83.82185460442358,8.829000000000008,-0.01861729588716088,0.0019913144656555914,0.5941274669228704,-50.65139126581912,0.042256673404505146,-0.009136710042084939,-1.786892105892777,0.0,2.220446049250313e-16,0.6363841403273756,-52.44742008175398
64.10000000000063,0.0,453.0,493.548207233971,491.7460578651934,0.9999082479773455,T_HARD_ACC,caténaire,,78.30268814782828,0.0026289196284410496,78.30268814782828,0.011734398903245045,-0.9999311495709989,0.9776621459056134,-0.21018260742323788,35.29381483019216,-481.6235361291217,5.0,-75.0,-0.0025701952053550645,0.0005525531822118695,-4.979061891667096,83.8264413298104,8.829000000000008,0.018367913127548263,-0.002006117007397279,0.9188349779230149,-78.29729697415736,0.0025701952053550645,-0.0005525531822118695,-1.787254196198408,0.0,0.0,0.92140517312837,-80.08510372353798
64.20000000000063,0.0,453.0,493.648198976289,491.8439551336903,0.9999174231796109,T_HARD_ACC,caténaire,,50.67320407334892,0.04325418205574803,50.67320407334892,0.011739933482615044,-0.9999310846062461,0.9779078285291827,-0.209036549199748,35.31971899975417,-481.70390260770705,5.0,-75.0,-0.042298603248942496,0.00904170495539123,-4.976328821172706,83.82192848336254,8.829000000000008,-0.018627424421648442,0.0019701883179266133,0.594900045172094,-50.66971190953743,0.042298603248942496,-0.00904170495539123,-1.787616289826596,0.0,-2.220446049250313e-16,0.6371986484210366,-52.46636990431942
64.30000000000062,0.0,453.0,493.7481915443752,491.94182611334014,0.9999256808616498,T_HARD_ACC,caténaire,,78.33667446806584,0.002649820227214404,78.33667446806584,0.011745443462053817,-0.9999310198998127,0.9781513922122353,-0.2078938525143675,35.34563020259645,-481.7842712610612,5.0,-75.0,-0.002591925344361911,0.0005508813355060992,-4.979031449154482,83.8264650957146,8.829000000000008,0.018376625501156596,-0.0019840229499124007,0.920098980969982,-78.3312707964127,0.002591925344361911,-0.0005508813355060992,-1.7879783864450847,0.0,-4.440892098500626e-16,0.9226909063143439,-80.11980006419329
64.40000000000062,0.0,453.0,493.84818485565273,492.0397899023146,0.9999331127754848,T_HARD_ACC,caténaire,,50.691605893024054,0.04327453437995534,50.691605893024054,0.011750960633721294,-0.9999309550784917,0.9783950457346684,-0.20674412804685938,35.37153428918149,-481.86463777482174,5.0,-75.0,-0.042339590043822886,0.008946755877017706,-4.976296940586997,83.82200185861561,8.829000000000008,-0.018636530630820047,0.0019486144926190718,0.59567506530904,-50.68810589507404,0.042339590043822886,-0.008946755877017706,-1.7883404857548448,0.0,2.220446049250313e-16,0.638014655352863,-52.4853931367059
64.50000000000061,0.0,453.0,493.94817883580254,492.1377211235238,0.9999398014979364,T_HARD_ACC,caténaire,,78.37058742431398,0.0026708499997460666,78.37058742431398,0.0117564566775521,-0.9999308904751312,0.9786364646950743,-0.20559832190250696,35.39744541242873,-481.9450064394779,5.0,-75.0,-0.0026137912014823307,0.0005491222780011025,-4.979000859636848,83.82648867225286,8.829000000000008,0.018385349161669673,-0.001962205469141054,0.9213604158482567,-78.3651712702534,0.0026137912014823307,-0.0005491222780011025,-1.7887025874867482,0.0,0.0,0.923974207049739,-80.15442298001815
64.6000000000006,0.0,453.0,494.04817341793733,492.2356731075774,0.9999458213481427,T_HARD_ACC,caténaire,,50.71008314585619,0.043295485250191446,50.71008314585619,0.011761987163983972,-0.999930825436417,0.9788765573439131,-0.20445215939805797,35.423349415976354,-482.0253729885628,5.0,-75.0,-0.04238093555024157,0.00885185545158841,-4.9762650368823405,83.82207554504167,8.829000000000008,-0.018645972432581814,0.0019274004932441358,0.5964513470461205,-50.70657529798532,0.04238093555024157,-0.00885185545158841,-1.789064691398581,0.0,0.0,0.638832282596362,-52.504491844835485
64.7000000000006,0.0,453.0,494.14816854185864,492.3336241225061,0.9999512392133284,T_HARD_ACC,caténaire,,78.40442650219433,0.0026919011331335008,78.40442650219433,0.011767484447786697,-0.9999307607578493,0.9791150414158372,-0.20330699858407164,35.449260459532,-482.10574166458946,5.0,-75.0,-0.0026356808894553467,0.0005472823398624335,-4.978970233105627,83.82651239168113,8.829000000000008,0.018394086004917654,-0.0019403259790067295,0.9226228695022068,-78.39899783912205,0.0026356808894553467,-0.0005472823398624335,-1.78942679727235,0.0,-2.220446049250313e-16,0.9252585503916622,-80.18897191873427
64.8000000000006,0.0,453.0,494.24816415338785,492.43158141013697,0.9999561152919956,T_HARD_ACC,caténaire,,50.72863511366366,0.043316712495586045,50.72863511366366,0.01177302142486696,-0.9999306955817135,0.9793519253745041,-0.2021628211745468,35.4751643798503,-482.18610824895086,5.0,-75.0,-0.04242230578344603,0.008757028802114418,-4.976233059546612,83.82214913154134,8.829000000000008,-0.018655365330057627,0.0019061603434380459,0.5972293080474206,-50.725119395116636,0.04242230578344603,-0.008757028802114418,-1.7897889049118625,0.0,0.0,0.6396516138308667,-52.52366532883062
64.90000000000059,0.0,453.0,494.3481602037641,492.52956060612917,0.999960503762796,T_HARD_ACC,caténaire,,78.43819180771337,0.0027130025054372883,78.43819180771337,0.011778516762441451,-0.9999306308654,0.9795876432315298,-0.20101753462844196,35.501075343538794,-482.2664769363619,5.0,-75.0,-0.0026576237303825487,0.00054536107508379,-4.978939539201273,83.82653614016441,8.829000000000008,0.018402837068344446,-0.0019184987605171955,0.9238855570227497,-78.43275061822808,0.0026576237303825487,-0.00054536107508379,-1.7901510141405432,0.0,4.440892098500626e-16,0.9265431807531322,-80.22344699344372
65.00000000000058,0.0,453.0,494.44815664910277,492.62755099055715,0.9999644533865164,T_HARD_ACC,caténaire,,50.747261584034774,0.04333806749930673,50.747261584034774,0.011784049998289556,-0.999930565672256,0.9798218590103117,-0.19987277104592538,35.52697918046458,-482.3468435559919,5.0,-75.0,-0.04246358586308509,0.008662099642861793,-4.97620101961496,83.82222270159136,8.829000000000008,-0.018664605478044827,0.0018848012342118636,0.5980082677825447,-50.743737982041836,0.04246358586308509,-0.008662099642861793,-1.7905131247994759,0.0,2.220446049250313e-16,0.6404718536456298,-52.54291320648417
65.10000000000058,0.0,453.0,494.54815344990755,492.725546307764,0.9999680080478648,T_HARD_ACC,caténaire,,78.47188355862846,0.002734370967179267,78.47188355862846,0.011789548191615153,-0.9999305008616537,0.9800545883308508,-0.19872846774341735,35.55289006412547,-482.4272122548146,5.0,-75.0,-0.002679832812582707,0.0005433973525496219,-4.978908783727124,83.82655994545004,8.829000000000008,0.01841138346029325,-0.0018966571974203816,0.925148052901263,-78.46642983033672,0.002679832812582707,-0.0005433973525496219,-1.7908752367456346,0.0,0.0,0.9278278857138457,-80.2578484644349
65.20000000000057,0.0,453.0,494.64815057063186,492.82354724267026,0.9999712072430783,T_HARD_ACC,caténaire,,50.76596267401173,0.043359643299428756,50.76596267401173,0.011795086066676536,-0.9999304355527336,0.9802857172315507,-0.19758520337268212,35.57879381755271,-482.50757890974074,5.0,-75.0,-0.04250483903068472,0.008567223939484584,-4.976168939047606,83.82229632930121,8.829000000000008,-0.018673778078291292,0.001863553240681881,0.5987888989976569,-50.76243116787837,0.04250483903068472,-0.008567223939484584,-1.7912373498502978,0.0,4.440892098500626e-16,0.6412937380283416,-52.562235741668154
65.30000000000057,0.0,453.0,494.7481479792837,492.9215246942397,0.9999740865187705,T_HARD_ACC,caténaire,,78.50550173693637,0.0027561221125425098,78.50550173693637,0.01180059930883588,-0.9999303705038428,0.9805148397678041,-0.19644502792159793,35.60470462100517,-482.5879476199962,5.0,-75.0,-0.0027024186315601204,0.0005414264853537468,-4.97887795885489,83.82658379473155,8.829000000000008,0.018419622513549783,-0.0018747787831046026,0.9264119695367053,-78.50003543840485,0.0027024186315601204,-0.0005414264853537468,-1.7915994639976138,0.0,-4.440892098500626e-16,0.9291143881682654,-80.29217632888782
65.40000000000056,0.0,453.0,494.8481456470704,493.01951195688105,0.9999766778668935,T_HARD_ACC,caténaire,,50.78473816082824,0.04338143663656274,50.78473816082824,0.011806150051387713,-0.9999303049817844,0.9807424516246551,-0.19530551344306993,35.630608290794626,-482.6683143101629,5.0,-75.0,-0.042546016521942176,0.008472633756201891,-4.97613680509072,83.82236984095823,8.829000000000008,-0.01868282161266155,0.0018424747144223375,0.5995722390471739,-50.78119871757705,0.042546016521942176,-0.008472633756201891,-1.7919615790833183,0.0,0.0,0.6421182555691161,-52.58163293041657
65.50000000000055,0.0,453.0,494.9481435480784,493.11752416116684,0.9999790100802042,T_HARD_ACC,caténaire,,78.53904589773941,0.002777790841790459,78.53904589773941,0.011811658332630717,-0.9999302399304829,0.9809689579891387,-0.19416462979055546,35.656519013792064,-482.74868303183496,5.0,-75.0,-0.002724926587582959,0.0005393487304318398,-4.978847039310124,83.82660761034025,8.829000000000008,0.018428034102292656,-0.0018530409293333605,0.9276763759149,-78.53356700843779,0.002724926587582959,-0.0005393487304318398,-1.7923236950135721,0.0,-4.440892098500626e-16,0.930401302502483,-80.32643005218179
65.60000000000055,0.0,453.0,495.0481416589856,493.21552406923564,0.9999811090721837,T_HARD_ACC,caténaire,,50.80358811396074,0.043403521772846544,50.80358811396074,0.011817212416004759,-0.9999301743075438,0.981193557313478,-0.19302643105679143,35.68242259974022,-482.82904975721317,5.0,-75.0,-0.042587255928232294,0.008378026903108309,-4.976104593044507,83.82244329217409,8.829000000000008,-0.018691848972739677,0.0018213190771803056,0.6003567922378887,-50.800040718241426,0.042587255928232294,-0.008378026903108309,-1.7926858117039202,0.0,0.0,0.642944048166121,-52.601104556848455
65.70000000000054,0.0,453.0,495.1481399588021,493.3135425873167,0.9999829981649654,T_HARD_ACC,caténaire,,78.5725164593762,0.00279969000718433,78.5725164593762,0.011822726515956452,-0.9999301091264974,0.9814169380482766,-0.19188745063694343,35.708333242130735,-482.909418490331,5.0,-75.0,-0.0027476631943352025,0.000537225378052327,-4.978816061485252,83.82663148678296,8.829000000000008,0.01843627532041303,-0.0018312878389963316,0.9289413737696918,-78.56702495756755,0.0027476631943352025,-0.000537225378052327,-1.7930479290783534,0.0,0.0,0.9316890369640269,-80.36061011202396
65.80000000000054,0.0,453.0,495.24813842863693,493.4115981518952,0.9999846983484688,T_HARD_ACC,caténaire,,50.822511991483665,0.04342548484603048,50.822511991483665,0.011828268230592718,-0.9999300435883828,0.9816393071424748,-0.19074661379128677,35.73423674409244,-482.98978525089865,5.0,-75.0,-0.042628162856583406,0.008283264186625153,-4.976072325335943,83.82251669729631,8.829000000000008,-0.018700488192526343,0.001799961482930712,0.6011423039877837,-50.818956630915366,0.042628162856583406,-0.008283264186625153,-1.7934100470684629,0.0,0.0,0.6437704668443671,-52.62064994217045
65.90000000000053,0.0,453.0,495.34813705148827,493.5096337401667,0.999986228513622,T_HARD_ACC,caténaire,,78.60591357276488,0.0028219487141238828,78.60591357276488,0.011833784684473365,-0.9999299783185027,0.9818597679771239,-0.18960853363682845,35.76014730567254,-483.07015399547475,5.0,-75.0,-0.002770757909693019,0.000535065557683363,-4.978785005553537,83.8266553893163,8.829000000000008,0.01844423653676941,-0.0018095451260222717,0.930205456146422,-78.60040945452089,0.002770757909693019,-0.000535065557683363,-1.793772165612681,0.0,0.0,0.9329762140561151,-80.39471668569125
66.00000000000053,0.0,453.0,495.4481358120545,493.60767669388423,0.9999876056622597,T_HARD_ACC,caténaire,,50.8415105350998,0.04344781886818304,50.8415105350998,0.011839339246517385,-0.9999299125669789,0.9820786924019033,-0.18847132919934434,35.786050723578924,-483.1505207913031,5.0,-75.0,-0.04266917714177994,0.00818866817289881,-4.976040031271064,83.82259025114422,8.829000000000008,-0.018709208412843736,0.0017789193171040552,0.6019298910304341,-50.83794718413548,0.04266917714177994,-0.00818866817289881,-1.7941342846555974,0.0,-2.220446049250313e-16,0.6445990681722141,-52.64027013696398
66.10000000000052,0.0,453.0,495.5481346965641,493.70572293078254,0.9999888450960338,T_HARD_ACC,caténaire,,78.63923672935658,0.002844289906441491,78.63923672935658,0.011844859810075605,-0.9999298471873311,0.9822961309198708,-0.18733475699894078,35.811961204170316,-483.23088954736596,5.0,-75.0,-0.002793934970311918,0.0005328343584577568,-4.978753881201312,83.82667935126076,8.829000000000008,0.018452183828375546,-0.0017878143807905644,0.9314707346305772,-78.63371996571388,0.002793934970311918,-0.0005328343584577568,-1.7944964041473415,0.0,0.0,0.934264669600889,-80.42874920421967
66.20000000000051,0.0,453.0,495.6481336926227,493.8037649050986,0.9999899605864304,T_HARD_ACC,caténaire,,50.860583412142674,0.043470416094467695,50.860583412142674,0.011850422473350416,-0.9999297812782671,0.9825118386166712,-0.18620012614949594,35.837864537832175,-483.31125637840057,5.0,-75.0,-0.04271019844240719,0.008094196960560964,-4.976007664619394,83.82266369142913,8.829000000000008,-0.018717863061801232,0.0017578883896760544,0.6027194006749689,-50.857012046988885,0.04271019844240719,-0.008094196960560964,-1.7948585240430315,0.0,0.0,0.6454295991173761,-52.65996476799248
66.30000000000051,0.0,453.0,495.7481327890755,493.90184272238326,0.9999909645277874,T_HARD_ACC,caténaire,,78.6724859785779,0.002866635351061783,78.6724859785779,0.011855939396036462,-0.99992971588059,0.9827266309849323,-0.1850631480144138,35.86377493724226,-483.39162514595864,5.0,-75.0,-0.002817118900811255,0.0005305085622768978,-4.978722682929717,83.82670333087684,8.829000000000008,0.018460198169472086,-0.0017661605608907394,0.9327362258975478,-78.6669565521791,0.002817118900811255,-0.0005305085622768978,-1.795220644302272,0.0,-4.440892098500626e-16,0.935553344798359,-80.46270770504366
66.4000000000005,0.0,453.0,495.848131975883,493.9999167516216,0.9999918680750086,T_HARD_ACC,caténaire,,50.879730498169394,0.04349316145061955,50.879730498169394,0.011861498356373712,-0.9999296499538064,0.9829397080917326,-0.18392805728474249,35.88967818648449,-483.4719920121894,5.0,-75.0,-0.04275115542025858,0.007999612690784107,-4.975975230797731,83.82273711063976,8.829000000000008,-0.018726386217990054,0.0017367233305378704,0.6035098396767736,-50.87615110677853,0.04275115542025858,-0.007999612690784107,-1.7955827648887084,0.0,0.0,0.6462609950970322,-52.67973348435802
66.5000000000005,0.0,453.0,495.94813124400974,494.0979722355311,0.9999926812675077,T_HARD_ACC,caténaire,,78.70566187410256,0.0028894745724394877,78.70566187410256,0.011867031476268731,-0.9999295843027853,0.9831509384657799,-0.18279560222788824,35.915588504557796,-483.5523607912742,5.0,-75.0,-0.0028407896375668906,0.000528183244591246,-4.978691425006981,83.8267273763073,8.829000000000008,0.018467785355452015,-0.0017444404481068432,0.934002566820539,-78.70011976004696,0.0028407896375668906,-0.000528183244591246,-1.7959448857696205,0.0,0.0,0.9368433564581058,-80.49659282906117
66.60000000000049,0.0,453.0,496.0481305853238,494.196042463891,0.999993413140757,T_HARD_ACC,caténaire,,50.89895165415,0.043516036060067494,50.89895165415,0.01187259924286837,-0.9999295182097677,0.9833607819938185,-0.18166334918333357,35.941491669280154,-483.6327276926781,5.0,-75.0,-0.042791963249299174,0.007905268853854576,-4.975942758571427,83.82281048185945,8.829000000000008,-0.018734721820726108,0.0017157507133021,0.6043028548718551,-50.89536420491647,0.042791963249299174,-0.007905268853854576,-1.7963070069155616,0.0,-4.440892098500626e-16,0.6470948181211542,-52.699576480685884
66.70000000000049,0.0,453.0,496.1481299925065,494.29416970168006,0.9999940718266813,T_HARD_ACC,caténaire,,78.73876362054284,0.002912057151988459,78.73876362054284,0.011878114125084093,-0.999929452713956,0.9835700615101038,-0.18052682377145643,35.96740190576758,-483.7130964832799,5.0,-75.0,-0.0028642122321022264,0.0005257044282894298,-4.9786600714522855,83.82675140134576,8.829000000000008,0.018475716315612623,-0.0017228942259635005,0.9352680203528274,-78.73320881446294,0.0028642122321022264,-0.0005257044282894298,-1.7966691283000282,0.0,-2.220446049250313e-16,0.9381322325849296,-80.53040364719125
66.80000000000048,0.0,453.0,496.2481294589709,494.3922715992996,0.9999946646440132,T_HARD_ACC,caténaire,,50.91824731101717,0.04353924019587848,50.91824731101717,0.011883678659359433,-0.9999293865976343,0.9837772825167392,-0.17939414261335285,35.99330498577993,-483.7934634198994,5.0,-75.0,-0.04283291540274491,0.007810684664976449,-4.975910213399862,83.82288394180581,8.829000000000008,-0.018743128802606535,0.001694626470779781,0.6050960889419206,-50.91465180033204,0.04283291540274491,-0.007810684664976449,-1.7970312498991676,0.0,0.0,0.6479290043446655,-52.71949373489618
66.90000000000047,0.0,453.0,496.34812897878885,494.4903555570999,0.9999951981796119,T_HARD_ACC,caténaire,,78.77179211242037,0.0029352544881826106,78.77179211242037,0.011889217301980046,-0.9999293207581955,0.9839826881077618,-0.17826404433935425,36.01921514059789,-483.8738322220855,5.0,-75.0,-0.0028882396015622977,0.0005232503362286734,-4.9786286858761315,83.82677556678442,8.829000000000008,0.018483074522306353,-0.0017011828793584982,0.9365349536909636,-78.76622458187829,0.0028882396015622977,-0.0005232503362286734,-1.7973933716915136,0.0,0.0,0.9394231932925259,-80.56414120390603
67.00000000000047,0.0,453.0,496.448128546625,494.58848202935695,0.9999956783616507,T_HARD_ACC,caténaire,,50.93761667176666,0.04356230679351012,50.93761667176666,0.011894780326833576,-0.9999292545980322,0.9841871730695196,-0.17713161311699113,36.04511813580772,-483.9541991938702,5.0,-75.0,-0.042873463575491856,0.007716261673431709,-4.975877632791988,83.82295729648916,8.829000000000008,-0.01875109636748018,0.0016735581625937357,0.6058917606831201,-50.934013069599935,0.042873463575491856,-0.007716261673431709,-1.797755493657744,0.0,0.0,0.6487652242586119,-52.73948482493111
67.10000000000046,0.0,453.0,496.5481281576776,494.6865769387655,0.9999961105254856,T_HARD_ACC,caténaire,,78.80474697772993,0.002958696486769198,78.80474697772993,0.011900322654464357,-0.9999291886532364,0.9843896299224827,-0.17600300139792385,36.07102820867405,-484.034568007617,5.0,-75.0,-0.0029125101396636805,0.0005207394618968715,-4.978597191961201,83.82679968301655,8.829000000000008,0.01849029789913459,-0.0016795775215712183,0.9378019157384111,-78.79916670746508,0.0029125101396636805,-0.0005207394618968715,-1.7981176157804715,0.0,0.0,0.9407144258780747,-80.59780506270744
67.20000000000046,0.0,453.0,496.64812780762486,494.78470895328996,0.9999964994729371,T_HARD_ACC,caténaire,,50.9570602823378,0.043585593019242246,50.9570602823378,0.011905891127364782,-0.9999291223664122,0.9845910777114029,-0.17487255270938892,36.096931118957265,-484.1149350145784,5.0,-75.0,-0.04291398600350632,0.007621923912627414,-4.975845004616712,83.82303067539407,8.829000000000008,-0.018758990620217908,0.0016525993066807132,0.6066892118920779,-50.953448566490394,0.04291398600350632,-0.007621923912627414,-1.7984797380440458,0.0,2.220446049250313e-16,0.6496031978955843,-52.75955022844707
67.30000000000045,0.0,453.0,496.7481274925774,494.88284961243545,0.9999968495256434,T_HARD_ACC,caténaire,,78.83762787957976,0.002982089190932423,78.83762787957976,0.011911424691705178,-0.9999290564644143,0.9847911591217363,-0.17374226001657525,36.12284110968302,-484.19530383990707,5.0,-75.0,-0.0029367350709427415,0.0005181149156035995,-4.97856562553665,83.8268238433633,8.829000000000008,0.01849763939240745,-0.0016580417211002896,0.9390684673602908,-78.83203485952079,0.0029367350709427415,-0.0005181149156035995,-1.7988418604343828,0.0,-2.220446049250313e-16,0.9420052024312335,-80.63139483487078
67.40000000000045,0.0,453.0,496.8481272090347,494.9810013486134,0.9999971645730791,T_HARD_ACC,caténaire,,50.976578280135136,0.04360916307899134,50.976578280135136,0.011916993914577102,-0.9999289901068175,0.9849898110673693,-0.17261249112815713,36.14874393487583,-484.27567088207036,5.0,-75.0,-0.04295458130198178,0.0075274862750787505,-4.9758123136201595,83.82310410674157,8.829000000000008,-0.01876689492214112,0.001631593016639954,0.6074875731503337,-50.972958438756656,0.04295458130198178,-0.0075274862750787505,-1.7992039829388056,0.0,0.0,0.6504421544523156,-52.77968990797054
67.50000000000044,0.0,453.0,496.94812695384627,495.07911766438383,0.9999974481157712,T_HARD_ACC,caténaire,,78.87043531018736,0.0030059152173287085,78.87043531018736,0.011922543904166548,-0.999928923947524,0.9851864014029542,-0.17148689305803194,36.17465384333323,-484.3560397190279,5.0,-75.0,-0.0029613867958824492,0.0005154750614155591,-4.97853401010532,83.82684810177788,8.829000000000008,0.018504603098797645,-0.0016364231607042257,0.9403362277264363,-78.86482951098844,0.0029613867958824492,-0.0005154750614155591,-1.7995661055459058,0.0,4.440892098500626e-16,0.9432976145223188,-80.66491109159577
67.60000000000043,0.0,453.0,497.0481267241767,495.17728947984864,0.999997703304194,T_HARD_ACC,caténaire,,50.996170122654114,0.04363271215647974,50.996170122654114,0.011928113141730845,-0.9999288575278134,0.9853822722723234,-0.1703577925761918,36.20055658331675,-484.43640679634916,5.0,-75.0,-0.04299490105015624,0.007433172527090259,-4.975779577055479,83.82317744658071,8.829000000000008,-0.018774478105635595,0.0016106191077938092,0.6082880870179724,-50.992542129039535,0.04299490105015624,-0.007433172527090259,-1.7999282282454159,0.0,-2.220446049250313e-16,0.6512829880681287,-52.79990352981204
67.70000000000043,0.0,453.0,497.1481265174741,495.27545983253407,0.9999979329737746,T_HARD_ACC,caténaire,,78.90316884169859,0.0030297079620084863,78.90316884169859,0.011933651470009604,-0.9999287914459671,0.985576625635205,-0.16922976984420704,36.22646640925985,-484.51677564492786,5.0,-75.0,-0.0029860093498564376,0.0005127167811058577,-4.978502300260915,83.82687234418789,8.829000000000008,0.01851169038922862,-0.0016149390310147282,0.9416029168361524,-78.89755026113676,0.0029860093498564376,-0.0005127167811058577,-1.800290351028095,0.0,0.0,0.9445889261860089,-80.69835332894596
67.80000000000042,0.0,453.0,497.24812633144177,495.3735989163613,0.9999981396763972,T_HARD_ACC,caténaire,,51.01583674962399,0.043656885720955343,51.01583674962399,0.011939239933543188,-0.9999287247348229,0.9857689047483831,-0.16810611657870506,36.252369063894015,-484.59714275746785,5.0,-75.0,-0.043035600421871475,0.007338989520470123,-4.975746786790983,83.82325091309096,8.829000000000008,-0.018782387212853635,0.0015899026114283288,0.6090903153642309,-51.01220058233143,0.043035600421871475,-0.007338989520470123,-1.8006524738856258,0.0,4.440892098500626e-16,0.6521259157861024,-52.82019204573753
67.90000000000042,0.0,453.0,497.3481261640126,495.4717959506811,0.9999983257087575,T_HARD_ACC,caténaire,,78.93582832960277,0.0030534081071027924,78.93582832960277,0.011944776056866014,-0.9999286586176792,0.9859605929903168,-0.1669781694419452,36.27827880721131,-484.67751161772105,5.0,-75.0,-0.00301054006792051,0.0005098524962832193,-4.978470547663956,83.82689669782799,8.829000000000008,0.018518912268123522,-0.0015934496757381567,0.9428707922603252,-78.9301969384951,0.00301054006792051,-0.0005098524962832193,-1.801014596810523,0.0,0.0,0.9458813323282458,-80.7317213878019
68.00000000000041,0.0,453.0,497.44812601332643,495.5699590073409,0.9999984931378817,T_HARD_ACC,caténaire,,51.03557737667136,0.04368122994714918,51.03557737667136,0.011950363290058054,-0.9999285918590566,0.9861501798237825,-0.1658548245711332,36.304181376279146,-484.7578787654174,5.0,-75.0,-0.04307625276730516,0.007244742729935758,-4.975713913274256,83.82332424955563,8.829000000000008,-0.01879016604156103,0.001568992285555737,0.6098936903690908,-51.03193302096892,0.04307625276730516,-0.007244742729935758,-1.8013767197960506,0.0,-2.220446049250313e-16,0.652969943136396,-52.84055448349491
68.1000000000004,0.0,453.0,497.54812587770886,495.66813013084925,0.9999986438240935,T_HARD_ACC,caténaire,,78.96841453648523,0.003077561098075096,78.96841453648523,0.011955915949483654,-0.999928525482601,0.986338411718197,-0.16473171391454716,36.330091036811226,-484.83824763736675,5.0,-75.0,-0.0030355167254411007,0.0005069719143626464,-4.978438733910885,83.82692109665003,8.829000000000008,0.01852574936367457,-0.0015719314356203995,0.9441397268622006,-78.96277030716647,0.0030355167254411007,-0.0005069719143626464,-1.8017388428361452,0.0,0.0,0.9471752435876417,-80.76501612191697
68.2000000000004,0.0,453.0,497.64812575565304,495.7663087453372,0.9999987794416841,T_HARD_ACC,caténaire,,51.05539169500753,0.04370557412644909,51.05539169500753,0.011961504469644828,-0.9999284586463286,0.9865251876176049,-0.16360945631609938,36.3559935202016,-484.91861482017896,5.0,-75.0,-0.04311664971503033,0.007150645220811316,-4.975680997169273,83.82339750162627,8.829000000000008,-0.01879764688430363,0.0015481468470852633,0.6106992959593,-51.05173912317345,0.04311664971503033,-0.007150645220811316,-1.80210096592535,0.0,0.0,0.6538159456743303,-52.86099073431961
68.3000000000004,0.0,453.0,497.74812564580276,495.8644951899233,0.9999989014975157,T_HARD_ACC,caténaire,,79.00092721586898,0.0031018898811536535,79.00092721586898,0.011967058792617294,-0.9999283921880876,0.9867106098973407,-0.1624874527956485,36.38190309770304,-484.9989837038174,5.0,-75.0,-0.0030606676564675114,0.000504018185641254,-4.978406825943509,83.8269454806533,8.829000000000008,0.018532506400023685,-0.0015505011610770225,0.9454087406635838,-78.99527013233201,0.0030606676564675114,-0.000504018185641254,-1.8024630890587539,0.0,0.0,0.9484694083200513,-80.7982372395764
68.40000000000039,0.0,453.0,497.8481255469375,495.96268358281026,0.9999990113477641,T_HARD_ACC,caténaire,,51.075280015571906,0.04373012352290654,51.075280015571906,0.011972650816985942,-0.9999283252475721,0.9868945009866222,-0.16136679931871334,36.40780549527839,-485.0793509217487,5.0,-75.0,-0.0431570184322222,0.0070565900667034056,-4.975648028324353,83.82347076048775,8.829000000000008,-0.018805046756575017,0.0015273505544399768,0.6115064930062227,-51.07161920752161,0.0431570184322222,-0.0070565900667034056,-1.8028252122319373,0.0,0.0,0.6546635114384449,-52.88150100982025
68.50000000000038,0.0,453.0,497.94812545795884,496.0608998596323,0.9999991102129877,T_HARD_ACC,caténaire,,79.03336626590624,0.003126288043484818,79.03336626590624,0.011978201821626852,-0.9999282587671579,0.9870773381679233,-0.16024458953527024,36.43371498957127,-485.15971981710135,5.0,-75.0,-0.0030858880803091987,0.0005009707442972477,-4.978374849708345,83.8269699171904,8.829000000000008,0.01853926221134561,-0.001529112065313143,0.9466776117755803,-79.02769631477466,0.0030858880803091987,-0.0005009707442972477,-1.803187335440922,0.0,-4.440892098500626e-16,0.9497634998558895,-80.83138462095988
68.60000000000038,0.0,453.0,498.048125377878,496.15912418840406,0.9999991991916889,T_HARD_ACC,caténaire,,51.09524227484178,0.043754788735780765,51.09524227484178,0.01198378847829463,-0.9999281918286469,0.9872587386190343,-0.15912316933857643,36.459617301183336,-485.24008707016543,5.0,-75.0,-0.04319729753582925,0.006962400657377279,-4.975615002628966,83.82354404783952,8.829000000000008,-0.01881230016479485,0.0015064484968831948,0.6123145756689217,-51.09157321892918,0.04319729753582925,-0.006962400657377279,-1.8035494586821281,0.0,-2.220446049250313e-16,0.6555118732047509,-52.902085078268684
68.70000000000037,0.0,453.0,498.14812530580525,496.2573254412556,0.99999927927252,T_HARD_ACC,caténaire,,79.06573206280396,0.0031511147184672753,79.06573206280396,0.01198935217040152,-0.9999281251342688,0.987438344888909,-0.15800479436729692,36.485526712114876,-485.32045597727046,5.0,-75.0,-0.0031115315021584067,0.0004978912331191845,-4.978342814861218,83.82699443329724,8.829000000000008,0.018545653636623527,-0.00150767546963948,0.9479469063115636,-79.060049223928,0.0031115315021584067,-0.0004978912331191845,-1.8039115819523333,0.0,0.0,0.951058437813722,-80.86445869711346
68.80000000000037,0.0,453.0,498.24812524093977,496.35556437041805,0.999999351345268,T_HARD_ACC,caténaire,,51.11527834849849,0.04377950858426049,51.11527834849849,0.0119949406119982,-0.9999280581120397,0.9876169494038792,-0.1568845475187903,36.51142893767043,-485.40082326546565,5.0,-75.0,-0.04323738471438829,0.006868328394836702,-4.97558194122852,83.8236173317846,8.829000000000008,-0.018819325942907916,0.001485660179426418,0.6131247281559968,-51.11160101887048,0.04323738471438829,-0.006868328394836702,-1.8042737052486375,0.0,-2.220446049250313e-16,0.6563621128703852,-52.92274305251396
68.90000000000036,0.0,453.0,498.34812518256086,496.4537985671008,0.9999994162107412,T_HARD_ACC,caténaire,,79.09802420622088,0.0031760123980235713,79.09802420622088,0.012000499920469422,-0.9999279914082108,0.9877940321438164,-0.1557656896144361,36.53733826501867,-485.4811921843318,5.0,-75.0,-0.003137246092782455,0.0004947137614021405,-4.978310694821039,83.82701896766876,8.829000000000008,0.018552059086178296,-0.0014863185698459347,0.9492158331960422,-79.09232846888449,0.003137246092782455,-0.0004947137614021405,-1.8046358285684319,0.0,-2.220446049250313e-16,0.9523530792888246,-80.89745901121432
69.00000000000036,0.0,453.0,498.44812513001983,496.55203736874313,0.9999994745896671,T_HARD_ACC,caténaire,,51.13538864206413,0.0438045575934049,51.13538864206413,0.012006095485196013,-0.9999279242381425,0.9879696432307008,-0.1546479358239275,36.563240404378604,-485.5615595076855,5.0,-75.0,-0.043277573137434924,0.006774284411500417,-4.975548826494542,83.82369067291545,8.829000000000008,-0.018826399631977075,0.001464957326945182,0.6139363587092296,-51.13170301996987,0.043277573137434924,-0.006774284411500417,-1.8049979519093662,0.0,-2.220446049250313e-16,0.6572139318466645,-52.94347525629073
69.10000000000035,0.0,453.0,498.5481250827329,496.650289724501,0.9999995271307004,T_HARD_ACC,caténaire,,79.13024269865576,0.003201005364709464,79.13024269865576,0.012011655517751619,-0.9999278574635886,0.9881439975142127,-0.15352993251034638,36.589149647998795,-485.6419284383527,5.0,-75.0,-0.00316305423714845,0.0004914501376091007,-4.9782785192611465,83.82704358528602,8.829000000000008,0.018558426501704695,-0.0014649645763853414,0.9504852163323333,-79.12453404224063,0.00316305423714845,-0.0004914501376091007,-1.8053600752693264,0.0,-2.220446049250313e-16,0.9536482705694818,-80.93038556764755
69.20000000000034,0.0,453.0,498.64812504017465,496.748524951877,0.9999995744176303,T_HARD_ACC,caténaire,,51.155572989246366,0.04382989238609627,51.155572989246366,0.012017259146402722,-0.9999277901341719,0.9883165848949791,-0.15241498621043068,36.615051701006834,-485.7222957968492,5.0,-75.0,-0.04331780955934111,0.006680332443631523,-4.975515651832468,83.82376398135133,8.829000000000008,-0.01883346139180908,0.0014443137949626816,0.6147497773944929,-51.151879052184455,0.04331780955934111,-0.006680332443631523,-1.805722198646411,0.0,-2.220446049250313e-16,0.6580675869538339,-52.9642815832745
69.30000000000034,0.0,453.0,498.7481250018722,496.84677671799733,0.9999996169758673,T_HARD_ACC,caténaire,,79.16238769599306,0.003226182826252172,79.16238769599306,0.012022826132173573,-0.9999277232139308,0.9884879622690476,-0.15129953221734066,36.64096086073163,-485.80266473934125,5.0,-75.0,-0.003189042887829406,0.00048811995245957163,-4.9782462794963385,83.8270682525913,8.829000000000008,0.01856467761583236,-0.0014436274562399376,0.9517556234766411,-79.15666609303283,0.003189042887829406,-0.00048811995245957163,-1.806084322038906,0.0,0.0,0.9549446663644705,-80.9632385350242
69.40000000000033,0.0,453.0,498.84812496740005,496.945051169614,0.9999996552782805,T_HARD_ACC,caténaire,,51.17583091128748,0.043855205312042685,51.17583091128748,0.012028422751732649,-0.9999276559062188,0.988658130955187,-0.15018355467958636,36.66686282723015,-485.88303213293335,5.0,-75.0,-0.04335780531646011,0.006586330624965648,-4.9754824167242475,83.8238371912824,8.829000000000008,-0.018840222040707566,0.0014235219073555072,0.6155645288721533,-51.1721286421767,0.04335780531646011,-0.006586330624965648,-1.8064464454452724,0.0,-2.220446049250313e-16,0.6589223341886135,-52.98516141824694
69.50000000000033,0.0,453.0,498.9481249363751,497.0433384221829,0.9999996897504524,T_HARD_ACC,caténaire,,79.19445929861999,0.0032515164970229674,79.19445929861999,0.01203398458758879,-0.9999275889857953,0.9888270379648142,-0.14906739747420256,36.692771902861345,-485.9634010872626,5.0,-75.0,-0.0032151874266449494,0.0004846951020556494,-4.9782139636686855,83.82709294563178,8.829000000000008,0.018570848904669646,-0.0014223592661721796,0.9530249026220207,-79.18872474750277,0.0032151874266449494,-0.0004846951020556494,-1.8068085688641216,0.0,0.0,0.9562400900486656,-80.99601801146896
69.60000000000032,0.0,453.0,499.0481249084526,497.14160950833747,0.9999997207754071,T_HARD_ACC,caténaire,,51.196163035650216,0.043880867350850714,51.196163035650216,0.012039589389638271,-0.9999275215170993,0.9889942138072091,-0.14795419918292455,36.71867378275118,-486.0437685160189,5.0,-75.0,-0.04339792390683303,0.006492358588347257,-4.975449143633512,83.82391054436705,8.829000000000008,-0.01884706754034582,0.0014029029553910277,0.6163807812742054,-51.192452415423055,0.04339792390683303,-0.006492358588347257,-1.8071706922942048,0.0,0.0,0.6597787051810384,-53.00611546630561
69.70000000000032,0.0,453.0,499.1481248833224,497.23993338880007,0.9999997486978665,T_HARD_ACC,caténaire,,79.22645720553894,0.003276836341456653,79.22645720553894,0.012045145606222114,-0.999927454602245,0.9891606659130361,-0.14683724667290313,36.74458277415104,-486.12413748223395,5.0,-75.0,-0.0032413176176032997,0.00048116162617720397,-4.978181595015393,83.82711774017918,8.829000000000008,0.01857708736700392,-0.001401098194648398,0.9542942129058417,-79.22070969068824,0.0032413176176032997,-0.00048116162617720397,-1.8075328157344002,0.0,0.0,0.957535530523445,-81.02872366804883
69.80000000000031,0.0,453.0,499.2481248607052,497.33820416007967,0.9999997738280798,T_HARD_ACC,caténaire,,51.21656926871279,0.04390686251375252,51.21656926871279,0.012050757431218846,-0.9999273869863422,0.9893249069534239,-0.14572655379716906,36.77048456727165,-486.20450494616176,5.0,-75.0,-0.043438152671034985,0.006398395762175262,-4.975415808975777,83.82398391278015,8.829000000000008,-0.018853961646811968,0.0013823085423183556,0.6171984527164754,-51.21285027926898,0.043438152671034985,-0.006398395762175262,-1.8078949391836956,0.0,-2.220446049250313e-16,0.6606366053875105,-53.02714361421485
69.9000000000003,0.0,453.0,499.3481248403497,497.4364755761022,0.9999997964452718,T_HARD_ACC,caténaire,,79.25838194577022,0.0033026261036698604,79.25838194577022,0.012056338285207847,-0.9999273197123643,0.9894877372287479,-0.14461679665216007,36.796393474304985,-486.2848739243017,5.0,-75.0,-0.0032679080302328864,0.00047761520765253994,-4.978149174517216,83.82714261607518,8.829000000000008,0.018582917452551584,-0.0013797687171717143,0.9555658646764159,-79.25262142377287,0.0032679080302328864,-0.00047761520765253994,-1.8082570626411814,0.0,-2.220446049250313e-16,0.9588337727066488,-81.0613561016217
70.0000000000003,0.0,453.0,499.4481248220298,497.5347872058296,0.9999998168007447,T_HARD_ACC,caténaire,,51.23704863427744,0.04393263337757284,51.23704863427744,0.012061941989073075,-0.9999272521315999,0.9896495981420801,-0.14350495774439048,36.82229518051944,-486.3652414232938,5.0,-75.0,-0.0434779129674383,0.006304550696448389,-4.975382421825251,83.82405705759021,8.829000000000008,-0.018860334792688782,0.0013616082866434454,0.6180183083179703,-51.23332124820619,0.0434779129674383,-0.006304550696448389,-1.8086191861060383,0.0,-4.440892098500626e-16,0.6614962212854086,-53.04824498500867
70.10000000000029,0.0,453.0,499.5481248055419,497.6330743067137,0.9999998351206703,T_HARD_ACC,caténaire,,79.29023350948674,0.0033286789570354594,79.29023350948674,0.012067523980376806,-0.9999271847814635,0.9898097272942995,-0.14239629122131117,36.84820400291286,-486.44561041333475,5.0,-75.0,-0.0032947588107135415,0.0004739915381482716,-4.978116649067002,83.82716744229043,8.829000000000008,0.01858859212228481,-0.00135856617143304,0.9568367942854078,-79.28445997380594,0.0032947588107135415,-0.0004739915381482716,-1.8089813095775293,0.0,2.220446049250313e-16,0.9601315530961213,-81.09391527492161
70.20000000000029,0.0,453.0,499.64812479070275,497.7313946413382,0.9999998516086033,T_HARD_ACC,caténaire,,51.25760186286834,0.04395860968338147,51.25760186286834,0.012073131117607801,-0.9999271170965497,0.9899687970164608,-0.14128616681678924,36.87410562212633,-486.5259779474345,5.0,-75.0,-0.0435176519467733,0.006210743460760362,-4.975348998356011,83.82413029278746,8.829000000000008,-0.018866650302784116,0.001341036248206251,0.6188397480645473,-51.25386606002068,0.0435176519467733,-0.006210743460760362,-1.809343433054991,0.0,0.0,0.6623574000113206,-53.06942023653643
70.30000000000028,0.0,453.0,499.7481247773475,497.8296905075074,0.999999866447743,T_HARD_ACC,caténaire,,79.3220117173986,0.0033549081406887213,79.3220117173986,0.012078716600712074,-0.9999270496417625,0.9901261481606581,-0.140179209330551,36.90001435971086,-486.6063469494128,5.0,-75.0,-0.003321782274772959,0.00047028837053837393,-4.9780840587899196,83.8271923442811,8.829000000000008,0.018594158935307803,-0.0013373673483698667,0.9581080997328201,-79.31622514822769,0.003321782274772959,-0.00047028837053837393,-1.8097055565378262,0.0,2.220446049250313e-16,0.961429882007593,-81.12640099313604
70.40000000000028,0.0,453.0,499.84812476532784,497.92804443370653,0.9999998798029687,T_HARD_ACC,caténaire,,51.27822871293199,0.04398463694401879,51.27822871293199,0.012084318687105394,-0.9999269819551166,0.9902827527531934,-0.13906857876442646,36.925915891784975,-486.6867145186104,5.0,-75.0,-0.04355722735177273,0.006116880947273979,-4.975315521840802,83.82420350762155,8.829000000000008,-0.018872749192574645,0.0013203885688142236,0.6196624574773484,-51.27448447692629,0.04355722735177273,-0.006116880947273979,-1.8100676800254976,0.0,-2.220446049250313e-16,0.6632196848291211,-53.09066903789906
70.50000000000027,0.0,453.0,499.9481247545101,498.0263639090649,0.9999998918226718,T_HARD_ACC,caténaire,,79.3537166383139,0.0033813292076177587,79.3537166383139,0.012089902895852564,-0.9999269144532358,0.9904375232694255,-0.13796199657850136,36.951824544382106,-486.76708353255236,5.0,-75.0,-0.0033489953257515017,0.00046649492857214796,-4.978051400022339,83.82721730117741,8.829000000000008,0.018599604651909907,-0.0013162038940208731,0.959378728582215,-79.34791702854561,0.0033489953257515017,-0.00046649492857214796,-1.810429803517522,0.0,2.220446049250313e-16,0.9627277239079665,-81.1588133269917
70.60000000000026,0.0,453.0,500.04812474477416,498.1247382481512,0.9999999026404046,T_HARD_ACC,caténaire,,51.29892944387268,0.04401083861205527,51.29892944387268,0.012095504733376769,-0.9999268467069203,0.9905915011084079,-0.13685202933019056,36.97772598921368,-486.84745113689456,5.0,-75.0,-0.043596762685755706,0.006022972576583271,-4.975282005797605,83.82427681995755,8.829000000000008,-0.018878768483360453,0.0012997925341267091,0.6204864439055229,-51.2951767582524,0.043596762685755706,-0.006022972576583271,-1.8107919270134634,0.0,-2.220446049250313e-16,0.6640832065912786,-53.111991657842445
70.70000000000026,0.0,453.0,500.14812473601177,498.2231038339615,0.9999999123763641,T_HARD_ACC,caténaire,,79.38534803266049,0.0034077797996099196,79.38534803266049,0.012101080197797995,-0.9999267792483839,0.990743970852385,-0.13574381834782934,37.0036345566705,-486.92782016284366,5.0,-75.0,-0.0033762372904560765,0.0004625850420876512,-4.978018682599996,83.82724234879012,8.829000000000008,0.01860508010954831,-0.0012950661677990638,0.9606484630733299,-79.37953537781023,0.0033762372904560765,-0.0004625850420876512,-1.8111540505129302,0.0,-2.220446049250313e-16,0.964024700363786,-81.19115201336524
70.80000000000025,0.0,453.0,500.2481247281256,498.3214960892894,0.9999999211387277,T_HARD_ACC,caténaire,,51.31970426385399,0.04403730854202788,51.31970426385399,0.01210668294455985,-0.9999267114284326,0.9908952970429311,-0.13463472916822522,37.02953591413629,-487.0081878023891,5.0,-75.0,-0.04363636192872392,0.005928951108853495,-4.975248442520922,83.82435025469672,8.829000000000008,-0.018884804449645465,0.0012792058055737243,0.6213113883310565,-51.315943116035236,0.04363636192872392,-0.005928951108853495,-1.8115161740155705,0.0,0.0,0.6649477502597804,-53.133388241159665
70.90000000000025,0.0,453.0,500.3481247210281,498.4198470869976,0.9999999290248549,T_HARD_ACC,caténaire,,79.41690613008498,0.00343455612775298,79.41690613008498,0.01211227018855075,-0.9999266437648712,0.9910447315997999,-0.13353029606902184,37.0554443963358,-487.088556840402,5.0,-75.0,-0.0034037987557934,0.0004586172966045286,-4.977985920328551,83.82726751462957,8.829000000000008,0.018610280915655864,-0.0012738680738380026,0.9619190245863616,-79.4110804048457,0.0034037987557934,-0.0004586172966045286,-1.8118782975210665,0.0,2.220446049250313e-16,0.965322823342155,-81.22341731966337
71.00000000000024,0.0,453.0,500.44812471464036,498.5182136667913,0.9999999361223694,T_HARD_ACC,caténaire,,51.34055296578302,0.04406404201514797,51.34055296578302,0.012117887740008769,-0.9999265757027966,0.9911928963368568,-0.13242598782472087,37.08134566632399,-487.1689245151272,5.0,-75.0,-0.043675965429303465,0.005835224291405974,-4.975214836400548,83.82442364037732,8.829000000000008,-0.018890801829851256,0.0012588646687134997,0.6221390573493328,-51.33678332176348,0.043675965429303465,-0.005835224291405974,-1.8122404210291325,0.0,2.220446049250313e-16,0.6658150227786364,-53.15485896708401
71.10000000000024,0.0,453.0,500.54812470889135,498.61660333232584,0.9999999425101325,T_HARD_ACC,caténaire,,79.44839054085483,0.003461235589041614,79.44839054085483,0.012123467942900482,-0.9999265080619861,0.9913399481834849,-0.13132062722803853,37.107254063062825,-487.2492935652121,5.0,-75.0,-0.0034312611094913475,0.00045453162853695413,-4.977953080014655,83.82729269754813,8.829000000000008,0.018615658875853924,-0.0012527708233420753,0.9631900158370914,-79.4425517246619,0.0034312611094913475,-0.00045453162853695413,-1.8126025445395118,0.0,2.220446049250313e-16,0.9666212769465827,-81.25560880082995
71.20000000000023,0.0,453.0,500.64812470371726,498.7149979461406,0.9999999482591192,T_HARD_ACC,caténaire,,51.36147542320012,0.044090962156499276,51.36147542320012,0.012129082306370326,-0.9999264399756641,0.9914856074764408,-0.13021632066324554,37.133155245385844,-487.32966127509115,5.0,-75.0,-0.04371555439795745,0.0057413628665217336,-4.9751811583359515,83.82449697225617,8.829000000000008,-0.018896712733909027,0.0012383351226787909,0.622967562784611,-51.35769727181806,0.04371555439795745,-0.0057413628665217336,-1.8129646680519726,0.0,0.0,0.6666831171825685,-53.17640330273656
71.30000000000022,0.0,453.0,500.74812469906055,498.81336768873246,0.9999999534332072,T_HARD_ACC,caténaire,,79.47980189835641,0.003488298943548837,79.47980189835641,0.012134675613759766,-0.9999263721133416,0.9916295983526626,-0.12911521858765043,37.15906355653285,-487.4100303372851,5.0,-75.0,-0.0034591004803253508,0.0004503924805953782,-4.9779201894110425,83.82731795766522,8.829000000000008,0.018620710108631755,-0.001231649854190664,0.9644616138824428,-79.47394996851061,0.0034591004803253508,-0.0004503924805953782,-1.8133267915663072,0.0,2.220446049250313e-16,0.9679207143627682,-81.28772715255752
71.40000000000022,0.0,453.0,500.8481246948695,498.9117304050076,0.9999999580898865,T_HARD_ACC,caténaire,,51.3824715984913,0.04411815253075526,51.3824715984913,0.012140306376459015,-0.9999263037649753,0.9917720709991065,-0.12801624578991247,37.18496465109189,-487.4903980822988,5.0,-75.0,-0.043755151504081616,0.005647840258174015,-4.975147442426734,83.82457026396958,8.829000000000008,-0.018902593930815392,0.001218104227746153,0.6237989475853881,-51.378684903788226,0.043755151504081616,-0.005647840258174015,-1.813688915082328,0.0,0.0,0.6675540990894697,-53.198021659128734
71.50000000000021,0.0,453.0,500.9481246910976,499.0101229895852,0.9999999622808978,T_HARD_ACC,caténaire,,79.51113979219558,0.0035153248036804557,79.51113979219558,0.012145897565448508,-0.999926235865591,0.9919135149146407,-0.1269156370573881,37.21087287643608,-487.5707671566081,5.0,-75.0,-0.0034868981820853004,0.00044614968692274277,-4.9778872178393465,83.82734323106695,8.829000000000008,0.018625883978567792,-0.0012106192461374121,0.9657341592280643,-79.50527472179294,0.0034868981820853004,-0.00044614968692274277,-1.814051038599867,0.0,0.0,0.9692210574101495,-81.31977191007974
71.60000000000021,0.0,453.0,501.04812468770285,499.10850596679666,0.999999966052808,T_HARD_ACC,caténaire,,51.403541247804434,0.044145508575419976,51.403541247804434,0.012151527228734381,-0.9999261674673833,0.9920534205622369,-0.1258173706241135,37.23677388303762,-487.65113493670145,5.0,-75.0,-0.043794702784704945,0.005554271813823596,-4.975113652289811,83.82464344105121,8.829000000000008,-0.01890835507451616,0.0011977128650215718,0.6246315311260664,-51.39974599416864,0.043794702784704945,-0.005554271813823596,-1.8144131621187713,0.0,0.0,0.6684262339107714,-53.21971342810123
71.7000000000002,0.0,453.0,501.1481246846476,499.2069443613774,0.9999999694475272,T_HARD_ACC,caténaire,,79.54240449882019,0.0035423879802329444,79.54240449882019,0.012157109266324035,-0.99992609961651,0.9921925809852872,-0.1247152045171493,37.26268202242352,-487.7315040231495,5.0,-75.0,-0.0035147310729585837,0.0004417896414338431,-4.97785418663298,83.82736855320836,8.829000000000008,0.018631082294061407,-0.0011896571502205688,0.9670057027983016,-79.53652628462402,0.0035147310729585837,-0.0004417896414338431,-1.814775285638905,0.0,2.220446049250313e-16,0.9705204338712602,-81.35174335990435
71.8000000000002,0.0,453.0,501.2481246818979,499.3053385989584,0.9999999725027745,T_HARD_ACC,caténaire,,51.424684654701856,0.04417315159473228,51.424684654701856,0.012162741451870046,-0.9999260311244902,0.9923298273703522,-0.12361841978899002,37.28858294094427,-487.8118718383758,5.0,-75.0,-0.043834335896405084,0.0054606151972403085,-4.975079814902954,83.82471672927133,8.829000000000008,-0.01891415079935932,0.001177344468558772,0.6254651436990878,-51.4208808286045,0.043834335896405084,-0.0054606151972403085,-1.8151374091601453,0.0,0.0,0.6692994795954929,-53.24147885296189
71.90000000000019,0.0,453.0,501.3481246794231,499.40377846211857,0.9999999752524971,T_HARD_ACC,caténaire,,79.5735961439796,0.0035696692472945643,79.5735961439796,0.012168329312083153,-0.9999259631401481,0.9924662156269543,-0.12251861425559729,37.31449099425285,-487.8922409370172,5.0,-75.0,-0.0035427761289023546,0.00043735092952935104,-4.977821109796709,83.82739398930784,8.829000000000008,0.01863611407438892,-0.0011686597626408002,0.9682777224266539,-79.56770476479397,0.0035427761289023546,-0.00043735092952935104,-1.8154995326823815,0.0,0.0,0.9718204985555562,-81.38364164840588
72.00000000000018,0.0,453.0,501.44812467719584,499.5021930926826,0.9999999777272474,T_HARD_ACC,caténaire,,51.44590146646393,0.04420088476783049,51.44590146646393,0.012173960657161626,-0.9999258945951534,0.9926009129401476,-0.12142251698258329,37.3403918245697,-487.9726087873656,5.0,-75.0,-0.04387383857331081,0.005366982681367104,-4.975045930334888,83.8247899948753,8.829000000000008,-0.018919768908198797,0.0011569775566613316,0.6263003804249455,-51.442089047108055,0.04387383857331081,-0.005366982681367104,-1.8158616562055137,0.0,0.0,0.6701742189982564,-53.263317685994934
72.10000000000018,0.0,453.0,501.5481246751913,499.60063936742574,0.9999999799545226,T_HARD_ACC,caténaire,,79.60471478296773,0.0035971747256278996,79.60471478296773,0.012179552550963795,-0.9999258264989751,0.9927345976847199,-0.12032463820746521,37.36629979162283,-488.0529778982247,5.0,-75.0,-0.003571039804047856,0.00043282874743021495,-4.9777879646224115,83.8274194761629,8.829000000000008,0.018640995573540486,-0.0011476950896707194,0.96954980700364,-79.59881022257419,0.003571039804047856,-0.00043282874743021495,-1.8162237797294523,0.0,0.0,0.9731208468076878,-81.41546683105108
72.20000000000017,0.0,453.0,501.6481246733872,499.69907523361815,0.9999999819590704,T_HARD_ACC,caténaire,,51.46719170535179,0.044228721908591645,51.46719170535179,0.012185182744035749,-0.999925757904803,0.9928667624124532,-0.11922915791287393,37.39220053362374,-488.13334578370143,5.0,-75.0,-0.04391322792702412,0.00527335326872406,-4.9750120028443,83.82486327367333,8.829000000000008,-0.01892523077132413,0.001136626942042085,0.6271371362520324,-51.463370673205674,0.04391322792702412,-0.00527335326872406,-1.8165859032541172,0.0,0.0,0.6710503641790565,-53.285229929728516
72.30000000000017,0.0,453.0,501.7481246717635,499.7975319383945,0.9999999837631633,T_HARD_ACC,caténaire,,79.63576041042332,0.0036248868943552087,79.63576041042332,0.012190777306444883,-0.999925689713323,0.992997799279893,-0.11813285159213636,37.41810841425092,-488.2137149068085,5.0,-75.0,-0.003599504708733248,0.000428218225529144,-4.977754754040459,83.82744502610578,8.829000000000008,0.018645741250807646,-0.0011267556687073466,0.9708218207928704,-79.62984265423748,0.003599504708733248,-0.000428218225529144,-1.8169480267794347,0.0,2.220446049250313e-16,0.9744213255016037,-81.44721889924243
72.40000000000016,0.0,453.0,501.8481246703022,499.8959756739355,0.999999985386847,T_HARD_ACC,caténaire,,51.48855545992404,0.04425673841728295,51.48855545992404,0.012196410742136642,-0.9999256210163878,0.9931272995598067,-0.11703916809788938,37.44400906782501,-488.2940828274276,5.0,-75.0,-0.04395257511168097,0.005179771847084697,-4.974978032868371,83.82493658167336,8.829000000000008,-0.018930607980052194,0.0011163535204303798,0.6279755709085157,-51.48472579350127,0.04395257511168097,-0.005179771847084697,-1.8173101503053408,0.0,2.220446049250313e-16,0.6719281460201967,-53.30721571565369
72.50000000000016,0.0,453.0,501.948124668987,499.99442971094584,0.9999999868481623,T_HARD_ACC,caténaire,,79.66673303599813,0.003652819691845527,79.66673303599813,0.012202012065882386,-0.9999255526795702,0.9932555659582691,-0.11594559367616528,37.4699168618627,-488.3744519628153,5.0,-75.0,-0.003628183490367539,0.00042352834776301674,-4.977721480727264,83.82747064423539,8.829000000000008,0.018650335782368188,-0.0011058274168505022,0.9720944377546802,-79.66080206119621,0.003628183490367539,-0.00042352834776301674,-1.817672273831776,0.0,2.220446049250313e-16,0.9757226212450477,-81.47889786337575
72.60000000000015,0.0,453.0,502.04812466780334,500.0928975535103,0.999999988163346,T_HARD_ACC,caténaire,,51.50999249482011,0.04428481672052623,51.50999249482011,0.012207643145351726,-0.9999254839480969,0.9933825808856641,-0.1148522877131187,37.495817426883995,-488.4548199185542,5.0,-75.0,-0.04399176552788495,0.005086212511308608,-4.974944014620782,83.8250098427489,8.829000000000008,-0.01893578014866648,0.0010960552602057305,0.6288156067965096,-51.50615417354584,0.04399176552788495,-0.005086212511308608,-1.8180343973586872,0.0,0.0,0.6728073723243946,-53.32927478341583
72.70000000000014,0.0,453.0,502.14812466673806,500.1914078606717,0.9999999893470114,T_HARD_ACC,caténaire,,79.69763252533474,0.00368075910727797,79.69763252533474,0.01221323201719984,-0.999925415700438,0.9935086882496289,-0.11375625860805123,37.521725134150955,-488.53518906624424,5.0,-75.0,-0.003656866152434611,0.0004187093848814525,-4.977688137879413,83.82749630766605,8.829000000000008,0.01865499596815212,-0.0010849829490666707,0.9733656772534456,-79.69168833323609,0.003656866152434611,-0.0004187093848814525,-1.8183965208860273,0.0,2.220446049250313e-16,0.9770225434058802,-81.510503563507
72.80000000000014,0.0,453.0,502.2481246657793,500.28987831247446,0.9999999904123102,T_HARD_ACC,caténaire,,51.5315033473061,0.044313246549751266,51.5315033473061,0.012218868467236799,-0.9999253468401429,0.9936330074785003,-0.11266519626411173,37.54762561050559,-488.6155570571793,5.0,-75.0,-0.04403110444036563,0.004992560619627698,-4.9749099527450635,83.82508326286842,8.829000000000008,-0.0189410571854296,0.001075823488037031,0.629656661319706,-51.52765635774904,0.04403110444036563,-0.004992560619627698,-1.8187586444137527,0.0,0.0,0.6736877657600716,-53.35140756278242
72.90000000000013,0.0,453.0,502.3481246649164,500.3883703401713,0.9999999913710792,T_HARD_ACC,caténaire,,79.72845904591927,0.0037089706079522222,79.72845904591927,0.012224469357975408,-0.999925278382798,0.9937562109884629,-0.11157326347227378,37.57353323090159,-488.6959262172359,5.0,-75.0,-0.003685812578026176,0.00041382195485197275,-4.977654756628997,83.82752210521336,8.829000000000008,0.018659430792976828,-0.0010640728317952153,0.9746381045654373,-79.72250160652233,0.003685812578026176,-0.00041382195485197275,-1.819120767941826,0.0,0.0,0.9783239171434635,-81.542036196419
73.00000000000013,0.0,453.0,502.44812466413975,500.4868555303199,0.9999999922339713,T_HARD_ACC,caténaire,,51.55308741424501,0.04434172980009948,51.55308741424501,0.012230106421360451,-0.9999252094516481,0.9938779686330973,-0.11048340810161554,37.59943361846439,-488.7762942433215,5.0,-75.0,-0.04407026833940055,0.004899025429435959,-4.974875842898901,83.82515658803976,8.829000000000008,-0.01894611123830181,0.0010556134691910302,0.6304997454259146,-51.54923173056807,0.04407026833940055,-0.004899025429435959,-1.8194828914702112,0.0,-2.220446049250313e-16,0.6745700137653151,-53.373613647467714
73.10000000000012,0.0,453.0,502.54812466344083,500.58534570862383,0.9999999930105742,T_HARD_ACC,caténaire,,79.75921267805407,0.0037374171081512517,79.75921267805407,0.012235713514132716,-0.9999251408554544,0.993998451766459,-0.1093941400893233,37.62534115179227,-488.8566634157554,5.0,-75.0,-0.0037149868191078206,0.0004088515307013316,-4.977621299731895,83.8275479249389,8.829000000000008,0.018663713448996866,-0.0010432235304023152,0.9759108764414517,-79.75324197162335,0.0037149868191078206,-0.0004088515307013316,-1.8198450149988776,0.0,0.0,0.9796258632605596,-81.57349583815294
73.20000000000012,0.0,453.0,502.64812466281177,500.6838751638495,0.9999999937095168,T_HARD_ACC,caténaire,,51.574744607938115,0.04437019148328188,51.574744607938115,0.012241341550647501,-0.9999250719714154,0.994117940678577,-0.10830290864508349,37.65124145044776,-488.9370314769775,5.0,-75.0,-0.04410920338487432,0.00480542079477874,-4.974841688811385,83.82522988395458,8.829000000000008,-0.01895089219625934,0.0010353047493509848,0.631344064133186,-51.57088021399989,0.04410920338487432,-0.00480542079477874,-1.8202071385277974,0.0,0.0,0.6754532675180603,-53.39589277332247
73.30000000000011,0.0,453.0,502.74812466224563,500.7824017414482,0.9999999943385651,T_HARD_ACC,caténaire,,79.78989341633823,0.0037660242120107004,79.78989341633823,0.012246942828601249,-0.9999250033834303,0.9942360815475152,-0.1072129383472104,37.67714889653063,-489.0174006618157,5.0,-75.0,-0.0037443171555625876,0.0004037665216564048,-4.977587774973036,83.82757380111198,8.829000000000008,0.018667907871401823,-0.0010224323663692303,0.9771822629700815,-79.78390944429555,0.0037443171555625876,-0.0004037665216564048,-1.8205692620569454,0.0,0.0,0.980926580125644,-81.60488247287415
73.4000000000001,0.0,453.0,502.8481246617361,500.88094084780795,0.9999999949047086,T_HARD_ACC,caténaire,,51.59647545234223,0.0443989051428057,51.59647545234223,0.012252573745720495,-0.9999249344008808,0.9943529737096238,-0.1061233418001349,37.703049106196225,-489.09776875825577,5.0,-75.0,-0.04414818335820036,0.004711760186021737,-4.974807503112663,83.82530334982275,8.829000000000008,-0.01895568647086332,0.0010151100087654186,0.6321896204990805,-51.59260233199996,0.04414818335820036,-0.004711760186021737,-1.8209313855862976,0.0,2.220446049250313e-16,0.6763378038572808,-53.41824547777228
73.5000000000001,0.0,453.0,502.9481246612775,500.97944413616653,0.9999999954142378,T_HARD_ACC,caténaire,,79.82050127192369,0.0037949394694355085,79.82050127192369,0.01225818844408051,-0.9999248655854446,0.9944682198577453,-0.10503789646107371,37.72895646491054,-489.17813795555793,5.0,-75.0,-0.0037739466986374264,0.00039861245906660896,-4.977554202855051,83.82759980167837,8.829000000000008,0.01867185044631192,-0.001001585862567822,0.9784547462922086,-79.8145040052911,0.0037739466986374264,-0.00039861245906660896,-1.8212935091158344,0.0,-2.220446049250313e-16,0.982228692990846,-81.636196126866
73.6000000000001,0.0,453.0,503.0481246608648,501.07795076976066,0.999999995872814,T_HARD_ACC,caténaire,,51.618279671278955,0.044427862537677866,51.618279671278955,0.01226383498874994,-0.9999247963478896,0.9945821432383883,-0.10395364520464884,37.754856585472446,-489.25850608717604,5.0,-75.0,-0.044187158742224154,0.004618438259442675,-4.974773273820319,83.8253767324818,8.829000000000008,-0.018960432562542984,0.0009951707412341193,0.6330380642917106,-51.61439778813202,0.044187158742224154,-0.004618438259442675,-1.8216556326455378,0.0,-2.220446049250313e-16,0.6772252230339347,-53.440671859036996
73.70000000000009,0.0,453.0,503.14812466049335,501.1765187320128,0.9999999962855326,T_HARD_ACC,caténaire,,79.85103582195433,0.0038236555994667076,79.85103582195433,0.012269433775115276,-0.9999247276644567,0.9946953185718533,-0.1028650728441839,37.780763856619785,-489.33887529694886,5.0,-75.0,-0.0038033723246205875,0.0003933206117702146,-4.977520554606441,83.82762581624111,8.829000000000008,0.018676073068938592,-0.0009808631471344142,0.9797269958918262,-79.84502524799245,0.0038033723246205875,-0.0003933206117702146,-1.82201775617539,0.0,2.220446049250313e-16,0.9835303682164468,-81.6674363247796
73.80000000000008,0.0,453.0,503.248124660159,501.27505727760473,0.9999999966569794,T_HARD_ACC,caténaire,,51.64015730934237,0.0444570592802735,51.64015730934237,0.012275075623672804,-0.9999246584210398,0.9948068784433226,-0.10178052172126303,37.80666388789517,-489.419243463748,5.0,-75.0,-0.04422618836737863,0.004524862687739355,-4.974738974409089,83.82545012133899,8.829000000000008,-0.018965162776467537,0.0009749840267261334,0.6338868361905375,-51.63626665835293,0.04422618836737863,-0.004524862687739355,-1.8223798797053774,0.0,0.0,0.6781130245579161,-53.46317140074605
73.90000000000008,0.0,453.0,503.3481246598582,501.37363692073376,0.9999999969912814,T_HARD_ACC,caténaire,,79.88149761260942,0.0038525991263851783,79.88149761260942,0.012280676582159394,-0.9999245896479816,0.9949175019207716,-0.10069341771800029,37.83257107138348,-489.49961268604545,5.0,-75.0,-0.0038330182987252885,0.00038793137313310574,-4.977486871097816,83.82765194345794,8.829000000000008,0.018680110603458644,-0.0009601251689446144,0.9809988370789942,-79.8754737207547,0.0038330182987252885,-0.00038793137313310574,-1.8227420032354853,0.0,0.0,0.9848318553777194,-81.69860365536331
74.00000000000007,0.0,453.0,503.4481246595874,501.47216199244684,0.9999999972921533,T_HARD_ACC,caténaire,,51.662108384876475,0.04448652164511045,51.662108384876475,0.012286328290093984,-0.9999245202199754,0.9950263034389075,-0.09961252664551293,37.85847101328197,-489.5799808880591,5.0,-75.0,-0.0442652591853892,0.004431414822739753,-4.974704640401871,83.82552358007044,8.829000000000008,-0.01896989958726003,0.0009549948931635299,0.6347376237750095,-51.65820894029998,0.0442652591853892,-0.004431414822739753,-1.8231041267657024,0.0,-2.220446049250313e-16,0.6790028829603987,-53.48574448188842
74.10000000000007,0.0,453.0,503.54812465934367,501.5707279350308,0.9999999975629379,T_HARD_ACC,caténaire,,79.91188655865275,0.003881736256070932,79.91188655865275,0.012291938942103198,-0.9999244512647161,0.9951341677621882,-0.09852912337099674,37.88437810895959,-489.6603501229192,5.0,-75.0,-0.0038628483786574594,0.00038246407046808384,-4.977453129427869,83.82767815000817,8.829000000000008,0.018684022193473204,-0.0009393859213702171,0.9822720303272369,-79.9058493166891,0.0038628483786574594,-0.00038246407046808384,-1.823466250296018,0.0,0.0,0.9861348787058943,-81.72969803105559
74.20000000000006,0.0,453.0,503.64812465912433,501.6693134294962,0.9999999978066441,T_HARD_ACC,caténaire,,51.684132239300865,0.04451586643698387,51.684132239300865,0.012297576229848988,-0.9999243819503908,0.9952408644371413,-0.09744548093375983,37.91027796133902,-489.74071836008386,5.0,-75.0,-0.04430400939391215,0.004337870014134911,-4.974670251898052,83.82559690638297,8.829000000000008,-0.018974261291964112,0.000934776397102155,0.6355895560863981,-51.68022398602518,0.04430400939391215,-0.004337870014134911,-1.8238283738264212,0.0,2.220446049250313e-16,0.6798935654803102,-53.50839022986574
74.30000000000005,0.0,453.0,503.74812465892694,501.7678543534704,0.9999999980259796,T_HARD_ACC,caténaire,,79.94220312111054,0.0039113316683330665,79.94220312111054,0.012303200552123451,-0.9999243127638082,0.9953458953846301,-0.09636673980668355,37.93618496901987,-489.82108760752203,5.0,-75.0,-0.003893127921563235,0.00037692228117989406,-4.977419316371717,83.82770438857884,8.829000000000008,0.018687555706720538,-0.0009186891399934893,0.9835449575776123,-79.93615251670121,0.003893127921563235,-0.00037692228117989406,-1.8241904973569039,0.0,2.220446049250313e-16,0.9874380854991756,-81.7607199363393
74.40000000000005,0.0,453.0,503.84812465874927,501.8664147078581,0.9999999982233816,T_HARD_ACC,caténaire,,51.7062292922535,0.04454541393449537,51.7062292922535,0.012308850785513723,-0.9999242432266257,0.9954497662277808,-0.09528778996837318,37.96208473182685,-489.9014558798605,5.0,-75.0,-0.044342721887613144,0.004244634047044439,-4.974635843003505,83.82567028039577,8.829000000000008,-0.018978564891118488,0.0009149144428022282,0.6364442610399071,-51.70231219515896,0.044342721887613144,-0.004244634047044439,-1.8245526208874583,0.0,2.220446049250313e-16,0.6807869829275203,-53.53110945009347
74.50000000000004,0.0,453.0,503.9481246585894,501.9650587190226,0.9999999984010435,T_HARD_ACC,caténaire,,79.97244644786224,0.0039406088749806625,79.97244644786224,0.012314447122419192,-0.9999241743212678,0.9955530462337474,-0.09420261214375224,37.98799165131556,-489.9818251398995,5.0,-75.0,-0.003923085169502739,0.0003712156494600312,-4.977385428358893,83.82773067470382,8.829000000000008,0.018691486471603902,-0.0008981096467266525,0.9848164630327001,-79.96638248283045,0.003923085169502739,-0.0003712156494600312,-1.8249147444180769,0.0,-2.220446049250313e-16,0.9887395482022029,-81.791668442898
74.60000000000004,0.0,453.0,504.0481246584455,502.06364114848157,0.9999999985609391,T_HARD_ACC,caténaire,,51.72839994212852,0.044575347311697655,51.72839994212852,0.012320096224087165,-0.999924104734469,0.995654498955605,-0.09312421118840673,38.01389132437719,-490.0621934474809,5.0,-75.0,-0.0443816450934004,0.004151044056851111,-4.974601367810867,83.8257437985125,8.829000000000008,-0.018983012904267405,0.0008948425693517947,0.6372988648050882,-51.72447400147942,0.0443816450934004,-0.004151044056851111,-1.8252768679487534,0.0,-2.220446049250313e-16,0.6816805098984886,-53.55390191348503
74.70000000000003,0.0,453.0,504.14812465831596,502.1622155507479,0.9999999987048452,T_HARD_ACC,caténaire,,80.00261737201996,0.0039704049361400096,80.00261737201996,0.01232572050973534,-0.9999240354216493,0.9957546123735161,-0.09204755258489385,38.03979815563008,-490.1425627202021,5.0,-75.0,-0.00395354902815199,0.0003654660571426696,-4.977351523675783,83.82775713051953,8.829000000000008,0.01869492729606481,-0.0008774034233312022,0.9860899017748153,-79.99654000692433,0.00395354902815199,-0.0003654660571426696,-1.8256389914794817,0.0,-2.220446049250313e-16,0.9900434508029673,-81.82254446446096
74.80000000000003,0.0,453.0,504.2481246581994,502.2608255207165,0.9999999988343607,T_HARD_ACC,caténaire,,51.75064318774598,0.04460514063102027,51.75064318774598,0.01233136540314842,-0.9999239658230489,0.9958536988919784,-0.09096928274513856,38.06569773885972,-490.22293106294785,5.0,-75.0,-0.044420194286998414,0.004057697649949951,-4.974566859454197,83.82581715278711,8.829000000000008,-0.01898705374119558,0.0008748504370572618,0.6381560909960492,-51.74670837018451,0.044420194286998414,-0.004057697649949951,-1.8260011150102575,0.0,0.0,0.6825762852830476,-53.57676718284471
74.90000000000002,0.0,453.0,504.3481246580945,502.3594229640505,0.9999999989509247,T_HARD_ACC,caténaire,,80.03271569013154,0.004000361033433236,80.03271569013154,0.012336987425840946,-0.999923896474754,0.9959514169355054,-0.08989313157387942,38.09160448163236,-490.30330034834276,5.0,-75.0,-0.003984165239501414,0.00035960498072143415,-4.977317525187481,83.82778356878973,8.829000000000008,0.018698309573017546,-0.0008568262295653994,0.9873626071250562,-80.0266249183325,0.003984165239501414,-0.00035960498072143415,-1.8263632385410753,0.0,-2.220446049250313e-16,0.9913467723645576,-81.8533477618543
75.00000000000001,0.0,453.0,504.4481246580001,502.45800895526344,0.9999999990558323,T_HARD_ACC,caténaire,,51.77295972161865,0.04463526605870131,51.77295972161865,0.012342644898802756,-0.999923826657262,0.9960477439137922,-0.08881943393337044,38.11750397493103,-490.38366872628814,5.0,-75.0,-0.0444588560567613,0.003964479064799233,-4.974532313198179,83.82589058061201,8.829000000000008,-0.018991169254940488,0.0008550596768088781,0.6390152572039569,-51.76901600221321,0.0444588560567613,-0.003964479064799233,-1.8267253620719313,0.0,-4.440892098500626e-16,0.6834741132607182,-53.599705843349945
75.10000000000001,0.0,453.0,504.54812465791514,502.55666031001755,0.9999999991502491,T_HARD_ACC,caténaire,,80.06274109599616,0.004030210757826044,80.06274109599616,0.01234825469580058,-0.9999237573965165,0.9961433097444337,-0.08774113317825982,38.14341062908697,-490.4640380243992,5.0,-75.0,-0.004014667483268458,0.0003536152588388704,-4.977283474383714,83.82781009552409,8.829000000000008,0.01870185813301717,-0.000836289217076569,0.9886351186973006,-80.05663690417298,0.004014667483268458,-0.0003536152588388704,-1.8270874856028212,0.0,0.0,0.9926497861805691,-81.88407800503464
75.2,0.0,453.0,504.64812465783865,502.65530915174776,0.9999999992352242,T_HARD_ACC,caténaire,,51.79534924070735,0.04466547029758566,51.79534924070735,0.012353897638712186,-0.9999236876947821,0.9962375554866758,-0.08666448544780458,38.169310032295385,-490.5444064375545,5.0,-75.0,-0.044497418943929466,0.0038709100006244605,-4.974497705869938,83.82596403005023,8.829000000000008,-0.018995124813867115,0.0008349400508507188,0.6398744426810477,-51.79139661820723,0.044497418943929466,-0.0038709100006244605,-1.8274496091337418,0.0,0.0,0.6843718616249771,-53.622717137341596
75.3,0.0,453.0,504.74812465776984,502.7539212711521,0.9999999993117018,T_HARD_ACC,caténaire,,80.09269429583372,0.004060560664091738,80.09269429583372,0.012359525674830046,-0.9999236181454527,0.9963302675559401,-0.08559204374186266,38.19521659773296,-490.62477574843797,5.0,-75.0,-0.004045659492881647,0.0003475516859774269,-4.977249384632244,83.8278367395374,8.829000000000008,0.018704955874874862,-0.0008157087766278437,0.9899077115156708,-80.08657666730772,0.004045659492881647,-0.0003475516859774269,-1.8278117326646903,0.0,2.220446049250313e-16,0.9939533710085524,-81.91473595165839
75.39999999999999,0.0,453.0,504.8481246577079,502.8525795183245,0.9999999993805316,T_HARD_ACC,caténaire,,51.8178116208435,0.044695699981780884,51.8178116208435,0.012365170528992235,-0.9999235483564675,0.996422030093971,-0.08451708669499654,38.22111591080673,-490.7051441968183,5.0,-75.0,-0.04453578011231717,0.0037775503502537303,-4.974463081613813,83.82603751094376,8.829000000000008,-0.018998861726129412,0.000815061294005659,0.6407360771309254,-51.81385006398083,0.04453578011231717,-0.0037775503502537303,-1.828173856195664,0.0,-2.220446049250313e-16,0.6852718572432426,-53.64580147052674
75.49999999999999,0.0,453.0,504.94812465765216,502.9512116651142,0.9999999994424784,T_HARD_ACC,caténaire,,80.12257486004896,0.004091029420095579,80.12257486004896,0.012370797266886658,-0.9999234787597407,0.996512349358649,-0.08344541674475503,38.2470223873246,-490.7855135204978,5.0,-75.0,-0.0040767613387147975,0.0003413776548749291,-4.97721521763389,83.82786343288386,8.829000000000008,0.018708021027395105,-0.0007951894612716615,0.9911801300946153,-80.1164437812479,0.0040767613387147975,-0.0003413776548749291,-1.8285359797266598,0.0,-2.220446049250313e-16,0.9952568914333301,-81.94532113862944
75.59999999999998,0.0,453.0,505.048124657602,503.0498894742391,0.9999999994982306,T_HARD_ACC,caténaire,,51.84034702349179,0.04472608216048731,51.84034702349179,0.012376440958467724,-0.9999234089215041,0.9966017127439276,-0.08237127020915672,38.27292161014942,-490.8658820041164,5.0,-75.0,-0.04457409008546728,0.003684144199038444,-4.974428413566644,83.82611101949814,8.829000000000008,-0.019002503652110647,0.0007951636971768039,0.6415989942027241,-51.83637651540366,0.04457409008546728,-0.003684144199038444,-1.8288981032576752,0.0,0.0,0.6861730842881915,-53.66895876286038
75.69999999999997,0.0,453.0,505.1481246575568,503.1485596951602,0.9999999995484076,T_HARD_ACC,caténaire,,80.15238278457917,0.004121577773728666,80.15238278457917,0.012382060977978664,-0.9999233393445407,0.9966897727750899,-0.08129881207951334,38.29882799761131,-490.9462513406343,5.0,-75.0,-0.004107934414772484,0.0003350793768974657,-4.977180998392753,83.8278902148132,8.829000000000008,0.018711067192474395,-0.000774705809917009,0.9924516911689466,-80.14623825037829,0.004107934414772484,-0.0003350793768974657,-1.8292602267887097,0.0,2.220446049250313e-16,0.9965596255837191,-81.97583355654389
75.79999999999997,0.0,453.0,505.24812465751614,503.2472001742906,0.9999999995935668,T_HARD_ACC,caténaire,,51.86295580289614,0.044756876677461074,51.86295580289614,0.012387721554898005,-0.9999232692335339,0.9967763485781503,-0.08023036155477539,38.324727130084355,-491.0266198595431,5.0,-75.0,-0.044612596108322224,0.0035908603978951964,-4.974393706142407,83.82618463634643,8.829000000000008,-0.019006302250729412,0.0007754967443105443,0.6424638555002591,-51.85897631854618,0.044612596108322224,-0.0035908603978951964,-1.82962235031976,0.0,2.220446049250313e-16,0.6870764516085813,-53.692189529263835
75.89999999999996,0.0,453.0,505.34812465747956,503.34586681139155,0.9999999996342102,T_HARD_ACC,caténaire,,80.1821180079294,0.004152207755677539,80.1821180079294,0.012393347333413208,-0.99992319952178,0.9968618658480397,-0.07916072522384308,38.35063342837752,-491.10698920895027,5.0,-75.0,-0.004139177570713413,0.0003286917772194999,-4.977146735943623,83.82791710263801,8.829000000000008,0.018714086485664083,-0.0007542055847835627,0.993724838400995,-80.1759599829217,0.004139177570713413,-0.0003286917772194999,-1.8299844738508253,0.0,2.220446049250313e-16,0.9978640159717084,-82.00627314854974
75.99999999999996,0.0,453.0,505.4481246574466,503.44453357637923,0.9999999996707891,T_HARD_ACC,caténaire,,51.88563723127292,0.04478773164372336,51.88563723127292,0.012399004095126053,-0.9999231293941795,0.9969461156220644,-0.07809252554551964,38.37653247034004,-491.1873577630707,5.0,-75.0,-0.044650955089733414,0.0034975870775133446,-4.974358937858094,83.82625808947081,8.829000000000008,-0.01900989294782729,0.000755676548322981,0.6433302285087777,-51.88164875090557,0.044650955089733414,-0.0034975870775133446,-1.8303465973819033,0.0,0.0,0.6879811835985111,-53.715492935364985
76.09999999999995,0.0,453.0,505.54812465741696,503.5431879509462,0.9999999997037102,T_HARD_ACC,caténaire,,80.21178097851794,0.004183121086118527,80.21178097851794,0.012404638480665083,-0.9999230595121626,0.9970290501700654,-0.07702644427063592,38.40243867930219,-491.26772712538076,5.0,-75.0,-0.004170693243239127,0.0003222109432172307,-4.977112411257481,83.82794401892615,8.829000000000008,0.018716895499279573,-0.0007337701306511235,0.9949981449288031,-80.20560944495915,0.004170693243239127,-0.0003222109432172307,-1.830708720912994,0.0,0.0,0.9991688381720423,-82.03664037681536
76.19999999999995,0.0,453.0,505.64812465739027,503.6418798618533,0.9999999997333392,T_HARD_ACC,caténaire,,51.908391279566885,0.04481863016938673,51.908391279566885,0.012410291808000394,-0.9999229893633012,0.9971109726174586,-0.07595859586554857,38.42833763066313,-491.34809571470265,5.0,-75.0,-0.044689147919579376,0.0034043602162839295,-4.974324134717629,83.82633152140191,8.829000000000008,-0.019013282637208917,0.0007358816181834982,0.6441982830632881,-51.904393781304435,0.044689147919579376,-0.0034043602162839295,-1.8310708444440948,0.0,0.0,0.6888874309828674,-53.738868985964814
76.29999999999994,0.0,453.0,505.74812465736625,503.7405709339523,0.9999999997600053,T_HARD_ACC,caténaire,,80.24137157391064,0.004214135026835569,80.24137157391064,0.012415919616713983,-0.9999229194993338,0.9971916609431621,-0.07489186434732165,38.45424375012415,-491.428465089944,5.0,-75.0,-0.004202300306848919,0.0003156044287710661,-4.977078021320849,83.82797099438963,8.829000000000008,0.018719678372302262,-0.000713401181599238,0.9962704193965529,-80.23518652881558,0.004202300306848919,-0.0003156044287710661,-1.8314329679752055,0.0,0.0,1.0004727197034018,-82.06693510121956
76.39999999999993,0.0,453.0,505.84812465734467,503.8392505794979,0.9999999997840048,T_HARD_ACC,caténaire,,51.93121836999386,0.044849835666938176,51.93121836999386,0.012421581663235363,-0.9999228491783672,0.9972710225883521,-0.07382755248267724,38.48014261078648,-491.50883371452335,5.0,-75.0,-0.04472744147848698,0.0033111535965403274,-4.974289294428667,83.8264050701646,8.829000000000008,-0.01901673590715358,0.0007162237611311184,0.6450678698541872,-51.92721183382822,0.04472744147848698,-0.0033111535965403274,-1.831795091506325,0.0,0.0,0.6897953113326741,-53.76231807893108
76.49999999999993,0.0,453.0,505.94812465732525,503.93793521830617,0.9999999998056043,T_HARD_ACC,caténaire,,80.2708897867974,0.0042453066255104185,80.2708897867974,0.012427216134860078,-0.9999227791680404,0.9973491959219658,-0.07276387423583382,38.506048640631754,-491.5892031027507,5.0,-75.0,-0.00423405314939501,0.00030890495739119213,-4.977043587465275,83.82799808404924,8.829000000000008,0.018722359385329845,-0.0006930109933733775,0.9975436967180636,-80.26469120190592,0.00423405314939501,-0.00030890495739119213,-1.8321572150374523,0.0,-2.220446049250313e-16,1.0017777498674587,-82.09715732190077
76.59999999999992,0.0,453.0,506.04812465730777,504.0366763278091,0.9999999998250438,T_HARD_ACC,caténaire,,51.9541178529298,0.04488097321419379,51.9541178529298,0.012432863569191658,-0.9999227089647829,0.9974264724028261,-0.07169680711199337,38.53194741046672,-491.6695717625425,5.0,-75.0,-0.04476547079103904,0.0032178224795365936,-4.974254404802046,83.82647852504566,8.829000000000008,-0.019019875593085267,0.0006963475251922091,0.6459384591231808,-51.950102265377154,0.04476547079103904,-0.0032178224795365936,-1.832519338568587,0.0,4.440892098500626e-16,0.6907039299142199,-53.78583942642528
76.69999999999992,0.0,453.0,506.148124657292,504.1353849078837,0.9999999998425395,T_HARD_ACC,caténaire,,80.30033587397045,0.004276717277177967,80.30033587397045,0.012438495853296268,-0.9999226389180853,0.9975023310318207,-0.07063355849795389,38.55785335053485,-491.74994116378235,5.0,-75.0,-0.004266035453149084,0.00030207975997676004,-4.977009091713064,83.82802522908975,8.829000000000008,0.01872487283378721,-0.0006726911502852317,0.998815394786679,-80.29412375310913,0.004266035453149084,-0.00030207975997676004,-1.8328814620997274,0.0,0.0,1.003081430239828,-82.12730729496883
76.79999999999991,0.0,453.0,506.2481246572778,504.23411816513345,0.9999999998582856,T_HARD_ACC,caténaire,,51.97709032908399,0.04491236611333324,51.97709032908399,0.012444150738341115,-0.9999225685583866,0.9975770971344919,-0.06956964332753336,38.583752029487826,-491.8303098588753,5.0,-75.0,-0.0448035478127805,0.0031245372915001896,-4.97421949431414,83.8265521649409,8.829000000000008,-0.01902304212692041,0.0006767022323970195,0.6468107469954933,-51.97306566804894,0.0448035478127805,-0.0031245372915001896,-1.8332435856308738,0.0,0.0,0.6916142948082739,-53.80943379097131
76.8999999999999,0.0,453.0,506.34812465726503,504.332843717061,0.999999999872457,T_HARD_ACC,caténaire,,80.32970952419186,0.004308213839074225,80.32970952419186,0.012449782588390872,-0.999922498453506,0.9976506055400859,-0.06850743949017456,38.609657879655416,-491.91067927318875,5.0,-75.0,-0.0042980921453485785,0.0002951446988911101,-4.976974548668475,83.82805250148878,8.829000000000008,0.018727359186176074,-0.000652353812327533,1.0000874189647802,-80.32348384747432,0.0042980921453485785,-0.0002951446988911101,-1.8336057091620248,0.0,-2.220446049250313e-16,1.0043855111101287,-82.15738470133525
76.9999999999999,0.0,453.0,506.4481246572536,504.43157323701877,0.9999999998852114,T_HARD_ACC,caténaire,,52.00013560056529,0.044943979535605756,52.00013560056529,0.012455443257446417,-0.9999224279579194,0.997722903306622,-0.06744633583379377,38.635556467604246,-491.9910480035772,5.0,-75.0,-0.044841637748417984,0.0030313067374656204,-4.974184537025021,83.82662579312925,8.829000000000008,-0.019026174773438598,0.0006570998667143613,0.6476847383523603,-51.996101843858284,0.044841637748417984,-0.0030313067374656204,-1.833967832693181,0.0,-2.220446049250313e-16,0.6925263761007783,-53.83310098328893
77.0999999999999,0.0,453.0,506.54812465724325,504.5303447242818,0.9999999998966902,T_HARD_ACC,caténaire,,80.35901072844837,0.004339709343961835,80.35901072844837,0.012461065622259342,-0.9999223579076316,0.9977942347609743,-0.06638271670971026,38.66146222774007,-492.0714174309999,5.0,-75.0,-0.004330136963943449,0.0002880816959827011,-4.976939955320648,83.82807984824147,8.829000000000008,0.018729907715408167,-0.000632070062550838,1.0013589060270376,-80.35277148671476,0.004330136963943449,-0.0002880816959827011,-1.8343299562243416,0.0,0.0,1.005689042990981,-82.18738952463508
77.19999999999989,0.0,453.0,506.64812465723395,504.6290981621479,0.9999999999070212,T_HARD_ACC,caténaire,,52.02325368286479,0.044975789267718724,52.02325368286479,0.012466723828948202,-0.9999222873788607,0.9978642338191521,-0.06532205496244446,38.68736072456432,-492.1517861967135,5.0,-75.0,-0.04487973149804379,0.0029379109785252423,-4.974149533598426,83.82669948324781,8.829000000000008,-0.01902926509646896,0.0006373942263309118,0.6485595363475878,-52.0192108194609,0.04487973149804379,-0.0029379109785252423,-1.8346920797555055,0.0,0.0,0.6934392678456316,-53.85684081019493
77.29999999999988,0.0,453.0,506.74812465722556,504.7278694784216,0.999999999916319,T_HARD_ACC,caténaire,,80.38823974219832,0.004371429999210932,80.38823974219832,0.012472351295280425,-0.9999222172015017,0.9979331300986067,-0.06426093565765638,38.71326639456722,-492.2321556373007,5.0,-75.0,-0.004362394822119516,0.0002809121819112426,-4.976905323226787,83.82810731037627,8.829000000000008,0.018732281951093555,-0.0006117774418328281,1.0026303660739206,-80.38198691994482,0.004362394822119516,-0.0002809121819112426,-1.8350542032866728,0.0,0.0,1.00699276089604,-82.2173220354134
77.39999999999988,0.0,453.0,506.848124657218,504.8266620906844,0.9999999999246871,T_HARD_ACC,caténaire,,52.046444332425594,0.04500763082978019,52.046444332425594,0.012478002154962425,-0.9999221467005422,0.9980009177313793,-0.06319943201742086,38.739164800182145,-492.31252443835297,5.0,-75.0,-0.04491765687303575,0.002844456704891868,-4.974114497739024,83.82677320150182,8.829000000000008,-0.019032154612060204,0.0006176582067070058,0.6494356445381384,-52.04239234500927,0.04491765687303575,-0.002844456704891868,-1.8354163268178427,0.0,0.0,0.6943533014111741,-53.880653128532
77.49999999999987,0.0,453.0,506.9481246572112,504.92541477501163,0.9999999999322184,T_HARD_ACC,caténaire,,80.41739669052009,0.004403471205042343,80.41739669052009,0.012483640312609645,-0.9999220763262232,0.998067294638694,-0.0621423798433746,38.76507037990722,-492.3928938921466,5.0,-75.0,-0.004394960592636002,0.0002736421802531038,-4.976870635577891,83.82813485990853,8.829000000000008,0.018734403829473223,-0.0005914979112304763,1.003901855160898,-80.4111302715344,0.004394960592636002,-0.0002736421802531038,-1.8357784503490162,0.0,4.440892098500626e-16,1.0082968157535341,-82.24718236406366
77.59999999999987,0.0,453.0,507.0481246572051,505.0241746496434,0.9999999999389966,T_HARD_ACC,caténaire,,52.06970770028985,0.04503969869024291,52.06970770028985,0.01248930543213699,-0.9999220055833468,0.9981324965639059,-0.061086162943045634,38.79096869424472,-492.4732627285462,5.0,-75.0,-0.04495558689817824,0.0027513023730978575,-4.974079435844791,83.82684693793074,8.829000000000008,-0.019035022742968977,0.0005982403038302664,0.6503144832310153,-52.065646553812456,0.04495558689817824,-0.0027513023730978575,-1.8361405738801913,0.0,0.0,0.6952700701291935,-53.90453843006575
77.69999999999986,0.0,453.0,507.1481246571996,505.1229494258943,0.9999999999450969,T_HARD_ACC,caténaire,,80.44648125845968,0.004435523568366684,80.44648125845968,0.012494940792713762,-0.9999219351802353,0.9981965879210539,-0.060029758143487426,38.816874183530615,-492.55363219557404,5.0,-75.0,-0.004427524491587041,0.0002662634070487903,-4.976835886051584,83.82816246731204,8.829000000000008,0.018736589456829655,-0.0005712692809254349,1.005174020306611,-80.44020121839954,0.004427524491587041,-0.0002662634070487903,-1.8365026974113692,0.0,2.220446049250313e-16,1.009601544798198,-82.27697017921795
77.79999999999986,0.0,453.0,507.2481246571947,505.22171993135794,0.9999999999505872,T_HARD_ACC,caténaire,,52.09304357370198,0.04507194598408368,52.09304357370198,0.012500606735148929,-0.9999218643630376,0.9982594513109241,-0.05897514619238177,38.84277240644569,-492.6340010672809,5.0,-75.0,-0.04499349606758698,0.0026581246035864694,-4.974044318378931,83.82692059079429,8.829000000000008,-0.019037814446518198,0.000578715397864471,0.6511946513518256,-52.08897325056105,0.04499349606758698,-0.0026581246035864694,-1.8368648209425493,0.0,0.0,0.6961881474194126,-53.92849619610718
77.89999999999985,0.0,453.0,507.3481246571902,505.3205177205688,0.9999999999555285,T_HARD_ACC,caténaire,,80.47549372463604,0.004467689341973169,80.47549372463604,0.012506239411158183,-0.9999217939298006,0.9983212684801539,-0.05791929644061846,38.8686778051664,-492.71437054757257,5.0,-75.0,-0.004460189291053918,0.0002587654234023356,-4.976801088230815,83.82819013661853,8.829000000000008,0.018738722478131464,-0.0005510979580805042,1.0064457912514562,-80.46920005252449,0.004460189291053918,-0.0002587654234023356,-1.8372269444737306,0.0,0.0,1.01090598054251,-82.30668576242161
77.99999999999984,0.0,453.0,507.4481246571862,505.41928014228915,0.9999999999599756,T_HARD_ACC,caténaire,,52.11645203607113,0.04510443321302553,52.11645203607113,0.012511912074188329,-0.9999217229644767,0.9983817136318883,-0.056867863380419735,38.89457593655685,-492.794739454605,5.0,-75.0,-0.04503144132361549,0.002564992745809602,-4.974009161778147,83.82699428187246,8.829000000000008,-0.0190406031017627,0.0005592746182543351,0.6520764654939754,-52.11237251470375,0.04503144132361549,-0.002564992745809602,-1.8375890680049138,0.0,0.0,0.6971079068175908,-53.95252657545448
78.09999999999984,0.0,453.0,507.5481246571826,505.5181158235024,0.999999999963978,T_HARD_ACC,caténaire,,80.50443402236256,0.004499878739097102,80.50443402236256,0.012517537524127608,-0.9999216525580051,0.9984413338827064,-0.05581131421604241,38.920481244589865,-492.8751089482037,5.0,-75.0,-0.004492864930574541,0.0002511441462418371,-4.97676624346203,83.8282178960499,8.829000000000008,0.018740891607396115,-0.0005309598038536478,1.0077172737335787,-80.49812670588766,0.004492864930574541,-0.0002511441462418371,-1.8379511915360982,0.0,-2.220446049250313e-16,1.012210138664153,-82.33632904157
78.19999999999983,0.0,453.0,507.6481246571793,505.6169679457992,0.9999999999675803,T_HARD_ACC,caténaire,,52.13993278170535,0.04513688445850517,52.13993278170535,0.012523187590132528,-0.9999215818115851,0.9984998320412586,-0.054754775258222865,38.94637928433654,-492.9554778905785,5.0,-75.0,-0.04506917155068311,0.002471459964381823,-4.973973959533391,83.82706800796372,8.829000000000008,-0.019043131084074183,0.0005394679280925629,0.6529581591621966,-52.13584406263253,0.04506917155068311,-0.002471459964381823,-1.8383133150672841,0.0,-2.220446049250313e-16,0.6980273307128797,-53.976628837664194
78.29999999999983,0.0,453.0,507.7481246571764,505.71575148886814,0.9999999999708222,T_HARD_ACC,caténaire,,80.53330274235114,0.004532598998256913,80.53330274235114,0.01252883423646525,-0.9999215110760821,0.9985568403683356,-0.05370508871239662,38.97228450157383,-493.03584739754314,5.0,-75.0,-0.004526057734356106,0.00024342363129910757,-4.97673135730692,83.82824577833415,8.829000000000008,0.018742584958723718,-0.0005107980345542273,1.0089884005739898,-80.52698177007933,0.004526057734356106,-0.00024342363129910757,-1.8386754385984712,0.0,2.220446049250313e-16,1.013514458308346,-82.3659006323091
78.39999999999982,0.0,453.0,507.84812465717374,505.8145756788598,0.99999999997374,T_HARD_ACC,caténaire,,52.16348597385137,0.04516946496199374,52.16348597385137,0.012534496865757869,-0.9999214401083328,0.9986128469115338,-0.05265341378525855,38.99818244966135,-493.116216375298,5.0,-75.0,-0.045106807999167345,0.0023783265291025943,-4.973938751506945,83.8271418128236,8.829000000000008,-0.019045559506112753,0.0005201393526874654,0.6538430514462445,-52.15938801604428,0.045106807999167345,-0.0023783265291025943,-1.839037562129659,0.0,0.0,0.6989498594454119,-54.00080390470305
78.49999999999982,0.0,453.0,507.9481246571714,505.91340101672785,0.999999999976366,T_HARD_ACC,caténaire,,80.56209921822996,0.004565285371957842,80.56209921822996,0.012540134766565717,-0.999921369418634,0.998667692325266,-0.05160271606929099,39.02408757591804,-493.1965858956589,5.0,-75.0,-0.004559203007219431,0.000235581124824428,-4.97669640023736,83.82827372394443,8.829000000000008,0.01874439675542039,-0.0004906949307468267,1.0102595812740423,-80.55576457353236,0.004559203007219431,-0.000235581124824428,-1.839399685660848,0.0,2.220446049250313e-16,1.0148187842812617,-82.39539984031803
78.59999999999981,0.0,453.0,508.04812465716924,506.0122239915047,0.9999999999787295,T_HARD_ACC,caténaire,,52.18711168439223,0.04520230270944404,52.18711168439223,0.012545801935990567,-0.9999212983299149,0.998721347309713,-0.05055363911600819,39.049985432210526,-493.27695490878835,5.0,-75.0,-0.04514450466347744,0.002285140898385793,-4.973903491412407,83.82721560621383,8.829000000000008,-0.019047996075884477,0.0005007471121984963,0.654729166803804,-52.18300447154575,0.04514450466347744,-0.002285140898385793,-1.8397618091920382,0.0,0.0,0.6998736714672814,-54.02505142163618
78.6999999999998,0.0,453.0,508.14812465716733,506.11105590774287,0.9999999999808565,T_HARD_ACC,caténaire,,80.59082372689832,0.004598108443228693,80.59082372689832,0.012551442015813756,-0.9999212275491124,0.9987738812086553,-0.04950489082301678,39.075890467383935,-493.35732444258815,5.0,-75.0,-0.00459247061606181,0.00022762885647442812,-4.976661403841029,83.82830175837539,8.829000000000008,0.018746125542909553,-0.0004706127681401995,1.0115310510148317,-80.5844753901943,0.00459247061606181,-0.00022762885647442812,-1.840123932723229,0.0,4.440892098500626e-16,1.0161235216308935,-82.42482695177401
78.7999999999998,0.0,453.0,508.2481246571656,506.20991363149204,0.9999999999827709,T_HARD_ACC,caténaire,,52.21080959246438,0.045235208630487876,52.21080959246438,0.01255710275141238,-0.9999211564770947,0.9988253477897683,-0.04845538785985042,39.10178823177483,-493.4376934910781,5.0,-75.0,-0.04518207299268978,0.0021918895791115433,-4.973868190511449,83.8272893703476,8.829000000000008,-0.01905026350413852,0.0004812599267012274,0.6556165007870024,-52.20669310830237,0.04518207299268978,-0.0021918895791115433,-1.8404860562544205,0.0,2.220446049250313e-16,0.7007985737796922,-54.0493710541359
78.89999999999979,0.0,453.0,508.348124657164,506.30881142460845,0.9999999999844938,T_HARD_ACC,caténaire,,80.61947628075605,0.004630969989542488,80.61947628075605,0.012562727633163417,-0.9999210858234839,0.9988758183008174,-0.047403582289447674,39.12769317573116,-493.51806303835394,5.0,-75.0,-0.004625763937830781,0.00021952456697923997,-4.976626356157942,83.828329870362,8.829000000000008,0.018747879904227105,-0.00045060507103755754,1.0128005224434167,-80.61311426117419,0.004625763937830781,-0.00021952456697923997,-1.8408481797856127,0.0,2.220446049250313e-16,1.0174262863812475,-82.45418196552677
78.99999999999979,0.0,453.0,508.4481246571626,506.4076730481279,0.9999999999860445,T_HARD_ACC,caténaire,,52.2345802218641,0.04526840454941897,52.2345802218641,0.01256839211254587,-0.9999210146405091,0.9989249729341176,-0.0463562126210987,39.15359084814388,-493.5984321223128,5.0,-75.0,-0.04521973978929903,0.0020984717863107775,-4.973832860316679,83.82736336052497,8.829000000000008,-0.019052600105977646,0.00046183231127372437,0.6565046860626212,-52.23045445476742,0.04521973978929903,-0.0020984717863107775,-1.841210303316805,0.0,-2.220446049250313e-16,0.7017244258519203,-54.073763229870536
79.09999999999978,0.0,453.0,508.54812465716134,506.5065448697985,0.99999999998744,T_HARD_ACC,caténaire,,80.64805693399839,0.004664076300203199,80.64805693399839,0.012574029429561975,-0.9999209437670084,0.9989730165616358,-0.045309073944915325,39.17949570080814,-493.6788016831447,5.0,-75.0,-0.004659286371087624,0.00021132497797063382,-4.976591279788017,83.82835814931323,8.829000000000008,0.018749433840895335,-0.00043052570880774965,1.0140710413250855,-80.6416812024191,0.004659286371087624,-0.00021132497797063382,-1.8415724268479978,0.0,0.0,1.0187303276961732,-82.48346495424506
79.19999999999978,0.0,453.0,508.6481246571602,506.6054155860645,0.999999999988696,T_HARD_ACC,caténaire,,52.25842302366109,0.045301674662418794,52.25842302366109,0.012579695077866139,-0.9999208725052937,0.9990198934315722,-0.04426344460127794,39.205393281150684,-493.759170802536,5.0,-75.0,-0.04525727419352137,0.002005208166765091,-4.973797494911317,83.82743727484454,8.829000000000008,-0.019054769104838165,0.0004424830112981226,0.6573950268877959,-52.25428794556992,0.04525727419352137,-0.002005208166765091,-1.8419345503791915,0.0,2.220446049250313e-16,0.7026523010813173,-54.09822770411588
79.29999999999977,0.0,453.0,508.7481246571592,506.7042491431656,0.9999999999898265,T_HARD_ACC,caténaire,,80.67656585860256,0.004697470190847576,80.67656585860256,0.012585347770253481,-0.9999208013745398,0.9990654916976408,-0.04322202330931884,39.231298042366376,-493.8395403769457,5.0,-75.0,-0.004693080365954144,0.00020303416608364436,-4.976556143409775,83.8283864735666,8.829000000000008,0.01875077622427046,-0.0004104922673349165,1.0153426382402717,-80.6701763854797,0.004693080365954144,-0.00020303416608364436,-1.8422966739103857,0.0,0.0,1.0200357186062259,-82.51267609355617
79.39999999999976,0.0,453.0,508.8481246571583,506.80312563784605,0.9999999999908438,T_HARD_ACC,caténaire,,52.28233777224194,0.04533500408184242,52.28233777224194,0.012591014951388712,-0.9999207300293828,0.9991100937279065,-0.04217843774980212,39.25719553054742,-493.9199095317087,5.0,-75.0,-0.0452946601773646,0.0019121596475530156,-4.97376209455229,83.82751106231731,8.829000000000008,-0.019056754729654735,0.000423221964865661,0.658287696583853,-52.27819335286293,0.0452946601773646,-0.0019121596475530156,-1.84265879744158,0.0,4.440892098500626e-16,0.7035823567612176,-54.12276430995206
79.49999999999976,0.0,453.0,508.94812465715745,506.9020178738173,0.9999999999917594,T_HARD_ACC,caténaire,,80.70500294339561,0.004730864094761637,80.70500294339561,0.012596653807361814,-0.9999206590089323,0.9991536135084551,-0.04113461575117651,39.28310020014451,-494.0002791197081,5.0,-75.0,-0.0047268599552984965,0.00019460227670905743,-4.97652094182587,83.82841482272646,8.829000000000008,0.018752198218831673,-0.0003905749968424743,1.0166129826000707,-80.69859972847796,0.0047268599552984965,-0.00019460227670905743,-1.8430209209727746,0.0,4.440892098500626e-16,1.0213398425553692,-82.54181525172744
79.59999999999975,0.0,453.0,509.0481246571567,507.00092291662685,0.9999999999925835,T_HARD_ACC,caténaire,,52.30632481237722,0.04536853128341414,52.30632481237722,0.012602316703350725,-0.9999205876536938,0.9991960277022498,-0.040091124005755374,39.30899759606068,-494.080648309897,5.0,-75.0,-0.045332056241072664,0.0018188754136423484,-4.973726654611138,83.82758496294684,8.829000000000008,-0.019058710852210226,0.00040383836048363264,0.65918087087391,-52.30217104439722,0.045332056241072664,-0.0018188754136423484,-1.8433830445039694,0.0,0.0,0.7045129271149826,-54.147372964314826
79.69999999999975,0.0,453.0,509.148124657156,507.0997924531477,0.9999999999933251,T_HARD_ACC,caténaire,,80.73336845413837,0.00476453673227175,80.73336845413837,0.012607966697735026,-0.9999205164290553,0.9992371920896976,-0.03905168299441895,39.334902173953886,-494.1610179115529,5.0,-75.0,-0.004760902305963447,0.0001860631780839411,-4.976485707600716,83.82844331110348,8.829000000000008,0.018753390093320554,-0.0003706257184461492,1.017883620865748,-80.72695147771924,0.004760902305963447,-0.0001860631780839411,-1.8437451680351646,0.0,2.220446049250313e-16,1.0226445231717114,-82.57088270893249
79.79999999999974,0.0,453.0,509.2481246571554,507.19871952644957,0.9999999999939926,T_HARD_ACC,caténaire,,52.3303838180507,0.045402106768031275,52.3303838180507,0.012613626814179858,-0.9999204450448009,0.9992774024486896,-0.03800885364490007,39.36079947753244,-494.24138713716405,5.0,-75.0,-0.04536929931685636,0.001725682031316228,-4.973691186856842,83.82765885601991,8.829000000000008,-0.019060486173698266,0.0003845380512217389,0.660075932523688,-52.326220676710506,0.04536929931685636,-0.001725682031316228,-1.8441072915663603,0.0,-2.220446049250313e-16,0.7054452318405444,-54.17205365030818
79.89999999999974,0.0,453.0,509.34812465715487,507.2976263321619,0.9999999999945933,T_HARD_ACC,caténaire,,80.76166226821366,0.004798305132727242,80.76166226821366,0.012619269864262476,-0.9999203738438841,0.999316420612651,-0.0369687908095383,39.386703963570916,-494.3217567525107,5.0,-75.0,-0.004795025110244299,0.0001773875386921273,-4.976450415542093,83.82847187098884,8.829000000000008,0.01875455934766279,-0.00035074147247371457,1.0191532108490124,-80.7552315274857,0.004795025110244299,-0.0001773875386921273,-1.844469415097556,0.0,-2.220446049250313e-16,1.0239482359592567,-82.59987833012195
79.99999999999973,0.0,453.0,509.4481246571544,507.3964999195791,0.999999999995134,T_HARD_ACC,caténaire,,52.35451525423227,0.04543605948835713,52.35451525423227,0.012624949887919514,-0.9999203021442896,0.9993542044591944,-0.03593291012053667,39.41260117472908,-494.4021260135995,5.0,-75.0,-0.04540671708374778,0.0016326498418264943,-4.973655687436001,83.8277328647401,8.829000000000008,-0.019062404519749165,0.00036551458191524944,0.6609731314910001,-52.35034271162975,0.04540671708374778,-0.0016326498418264943,-1.8448315386287515,0.0,-4.440892098500626e-16,0.7063798485747479,-54.19680690010033
80.09999999999972,0.0,453.0,509.54812465715395,507.495434725111,0.9999999999956206,T_HARD_ACC,caténaire,,80.78988419355079,0.004832045403755175,80.78988419355079,0.01263058810131324,-0.9999202309405559,0.9993910526820605,-0.03489303396156813,39.43850556881435,-494.4824956426895,5.0,-75.0,-0.004829102942666396,0.00016860472437706851,-4.97641508577075,83.82850054068376,8.829000000000008,0.018755811286583324,-0.00033085459186565913,1.0204237500015372,-80.78343966047608,0.004829102942666396,-0.00016860472437706851,-1.8451936621599478,0.0,-2.220446049250313e-16,1.0252528529442035,-82.6288019273604
80.19999999999972,0.0,453.0,509.6481246571536,507.5943527991234,0.9999999999960586,T_HARD_ACC,caténaire,,52.378718540727704,0.045470099923389164,52.378718540727704,0.012636258659815299,-0.9999201592962721,0.999426723290196,-0.03385594147889119,39.464402687409105,-494.5628649392063,5.0,-75.0,-0.04544403297411062,0.0015394330420455983,-4.973620133205024,83.82780676973626,8.829000000000008,-0.019064166179134645,0.00034620277828878443,0.6618710357502986,-52.37453658697905,0.04544403297411062,-0.0015394330420455983,-1.8455557856911438,0.0,-2.220446049250313e-16,0.7073150687244092,-54.22163180571224
80.29999999999971,0.0,453.0,509.7481246571532,507.69327368639614,0.9999999999964527,T_HARD_ACC,caténaire,,80.81803476465734,0.004866065891387952,80.81803476465734,0.012641905185749537,-0.9999200879236673,0.9994612882370462,-0.032819709254411154,39.49030698943112,-494.6432345820734,5.0,-75.0,-0.004863444484452953,0.00015970286776815964,-4.976379713845388,83.82852928070128,8.829000000000008,0.01875684167015912,-0.0003110164309703123,1.021693932793408,-80.81157642769416,0.004863444484452953,-0.00015970286776815964,-1.8459179092223406,0.0,2.220446049250313e-16,1.026557377277861,-82.65765403978426
80.39999999999971,0.0,453.0,509.8481246571529,507.792222353784,0.9999999999968074,T_HARD_ACC,caténaire,,52.40299364850142,0.04550418499199061,52.40299364850142,0.012647570424734855,-0.9999200162824783,0.9994948065785747,-0.03178256790219038,39.516204015403034,-494.7236039140373,5.0,-75.0,-0.04548119657708534,0.0014462398493417742,-4.973584556273864,83.82788071484472,8.829000000000008,-0.019065752850949025,0.0003269546940600776,0.6627705526363551,-52.39880226226015,0.04548119657708534,-0.0014462398493417742,-1.8462800327535371,0.0,0.0,0.7082517492134405,-54.24652853486303
80.4999999999997,0.0,453.0,509.94812465715256,507.8911391544877,0.9999999999971267,T_HARD_ACC,caténaire,,80.84611394177051,0.004900309268563538,80.84611394177051,0.012653222191219107,-0.9999199447796708,0.9995271327067536,-0.030749162314046424,39.542108225222286,-494.8039735707257,5.0,-75.0,-0.0048979920725836425,0.00015068040508808635,-4.97634428844521,83.82855811297867,8.829000000000008,0.01875771948220617,-0.00029120661625370303,1.022963843001839,-80.83964178830614,0.0048979920725836425,-0.00015068040508808635,-1.8466421562847335,0.0,-2.220446049250313e-16,1.0278618350744226,-82.68643462499595
80.5999999999997,0.0,453.0,510.0481246571523,507.9900787289152,0.9999999999974141,T_HARD_ACC,caténaire,,52.42734067809238,0.04553843929356928,52.42734067809238,0.012658893707280442,-0.9999198729948854,0.9995584036958243,-0.02971527555072998,39.56800515850066,-494.8843429381543,5.0,-75.0,-0.045518329687079306,0.0013531872717586005,-4.973548952314227,83.82795469650821,8.829000000000008,-0.019067282001305585,0.0003078837799677103,0.6636721329993516,-52.42313983229772,0.045518329687079306,-0.0013531872717586005,-1.84700427981593,0.0,-4.440892098500626e-16,0.7091904626864309,-54.27149729938541
80.69999999999969,0.0,453.0,510.14812465715204,508.0890498536429,0.9999999999976726,T_HARD_ACC,caténaire,,80.87412150971414,0.004934546911931806,80.87412150971414,0.012664533170045632,-0.9999198015838995,0.9995886481094228,-0.028679863506939504,39.59390927598714,-494.9647126087046,5.0,-75.0,-0.0049325170767304406,0.00014152213190279402,-4.9763088132180355,83.82858702992688,8.829000000000008,0.018758669705234432,-0.0002714479412304627,1.0242329944580757,-80.86763553326554,0.0049325170767304406,-0.00014152213190279402,-1.8473664033471269,0.0,0.0,1.0291655115348062,-82.71514345874456
80.79999999999968,0.0,453.0,510.24812465715183,508.1880191539228,0.9999999999979053,T_HARD_ACC,caténaire,,52.45175969150728,0.04557287198219256,52.45175969150728,0.012670200039289557,-0.9999197297938291,0.9996177766929448,-0.027645985593821965,39.619806116467274,-495.04508201163645,5.0,-75.0,-0.04555545296835152,0.001259906962288788,-4.97351330826714,83.82802875871965,8.829000000000008,-0.019068761235492282,0.00028866568193564035,0.664574287704142,-52.44754937794281,0.04555545296835152,-0.001259906962288788,-1.8477285268783235,0.0,2.220446049250313e-16,0.7101297406724935,-54.29653781178342
80.89999999999968,0.0,453.0,510.34812465715163,508.2869762767849,0.9999999999981148,T_HARD_ACC,caténaire,Fy:(y<-495:0),80.90205774429484,0.004969028734367227,80.90205774429484,0.012675847855370162,-0.9999196582131724,0.99964577915994,-0.026614210634858835,39.64571014153722,-495.12545169611104,5.0,0.0,-0.004967268600834658,0.00013224677738711538,-4.976273305939205,83.82861607708057,8.829000000000008,0.018759425459960788,74.99974832385794,1.0255021751530526,-80.89555792841763,0.004967268600834658,-0.00013224677738711538,-1.848090650409521,0.0,4.440892098500626e-16,1.0304694437538873,-82.74378082560453
80.99999999999967,0.0,453.0,510.4481246571515,508.3816774385907,0.9999999999983034,T_HARD_ACC,caténaire,Fy:(:e1),0.0,0.04560741082554979,3.1363771031668213,0.012824918408443742,-0.9999177573519817,0.9996638533429646,-0.025926440548132708,39.6716068891526,-495.18082113455523,5.0,0.0,-0.04559208004686474,0.0011824378253228807,-4.973477638797023,39.78762423342659,8.829000000000008,-0.01906971884388753,30.959806671251904,0.0,-0.0,0.04559208004686474,-0.0011824378253228807,-1.848452773940718,0.0,0.0,0.04559208004686474,-1.8496352117660408
81.09999999999967,0.0,453.0,510.5431246571513,508.47401834295727,0.9499999999983062,PILOT_ASC_REMOVE_SLACK_ACC,caténaire,Fy:(:0),42.35312045668348,0.004989132123422564,42.35312045668348,0.012972899942951168,-0.9999158483927886,0.9997337001634671,-0.02307658461434439,39.69751082168625,-495.2258709919603,5.0,0.0,-0.004987803518353656,0.0001151321295983045,-4.976237752770915,26.33871670645023,8.829000000000008,0.018774443710730893,17.50983183857982,0.549442793956313,-42.34955637352663,0.004987803518353656,-0.0001151321295983045,-1.8487967912953551,0.0,-2.220446049250313e-16,0.5544305974746667,-44.19846829695159
81.19999999999966,0.0,453.0,510.6331246571511,508.56416951595554,0.899999999998309,PILOT_ASC_REMOVE_SLACK_ACC,caténaire,,0.0,0.045625320800374784,1.7655101747736677,0.013096975214171169,-0.999914230941954,0.9998093640887161,-0.019525252380365885,39.723407475861706,-495.2650839573791,5.0,0.0,-0.04561662297576639,0.0008908459035624749,-4.973441748535168,19.95570809373043,8.829000000000008,-0.019058371510934258,11.127598939633984,0.0,-0.0,0.04561662297576639,-0.0008908459035624749,-1.849122702473432,0.0,0.0,0.04561662297576639,-1.8500135483769944
81.29999999999966,0.0,453.0,510.7181246571509,508.6518070521762,0.8499999999983119,PILOT_ASC_REMOVE_SLACK_ACC,caténaire,,27.916841901991337,0.00500745231984312,27.916841901991337,0.01319528866551883,-0.9999129383886548,0.9998762712682245,-0.01573029417245585,39.749311319996345,-495.3005879911077,5.0,0.0,-0.0050068327541181595,7.876869804567876e-05,-4.976203789298194,16.359241541993185,8.829000000000008,0.0187893779476882,7.5303203106912235,0.36837078752642743,-27.91441141675168,0.0050068327541181595,-7.876869804567876e-05,-1.8494305074749493,0.0,-2.220446049250313e-16,0.3733776202805456,-29.763920692924675
81.39999999999965,0.0,453.0,510.7981246571507,508.73653512497157,0.7999999999983147,PILOT_ASC_REMOVE_SLACK_ACC,caténaire,,0.0,0.045645440719652035,1.4954956412853448,0.013271371673843305,-0.9999119314689143,0.9999290106892752,-0.01191526676022931,39.77520788916555,-495.3335817376299,5.0,0.0,-0.045642200381277614,0.0005438776025628874,-4.973409097758611,14.127686103623946,8.829000000000008,-0.019051298139888928,5.299229981226501,0.0,-0.0,0.045642200381277614,-0.0005438776025628874,-1.849720206299907,0.0,0.0,0.045642200381277614,-1.8502640839024698
81.49999999999964,0.0,453.0,510.8731246571505,508.8181522015139,0.7499999999983176,PILOT_ASC_REMOVE_SLACK_ACC,caténaire,,23.1267263445843,0.005029541088010674,23.1267263445843,0.013329609406291769,-0.9999111568099817,0.9999664200642472,-0.008195043861615804,39.8011116528971,-495.3648092392082,5.0,0.0,-0.005029372196344072,4.121730982004634e-05,-4.97617289801116,12.65558566190243,8.829000000000008,0.018797729792495943,3.8266268792122418,0.3082702290195065,-23.124671692441165,0.005029372196344072,-4.121730982004634e-05,-1.8499917989483046,0.0,2.220446049250313e-16,0.3132996012158506,-24.974704708699292
81.59999999999964,0.0,453.0,510.94312465715035,508.896400119263,0.6999999999983204,PILOT_ASC_REMOVE_SLACK_ACC,caténaire,,0.0,0.045670058050651,1.4023810004577149,0.013374189610279998,-0.9999105615265138,0.9999892036374624,-0.004646784750078647,39.82700814412028,-495.39476112138664,5.0,0.0,-0.04566956498014717,0.00021221892928497159,-4.973379158897481,11.642761662969548,8.829000000000008,-0.01904872387762868,2.813973881898825,0.0,-0.0,0.04566956498014717,-0.00021221892928497159,-1.850245285420142,0.0,2.220446049250313e-16,0.04566956498014717,-1.850457504349427
81.69999999999963,0.0,453.0,511.0081246571502,508.9710530912665,0.6499999999983233,PILOT_ASC_REMOVE_SLACK_ACC,caténaire,,21.096106310042032,0.005056736419490407,21.096106310042032,0.013408528461847263,-0.9999101016413864,0.9999991258856459,-0.0013222057118082047,39.85291183244824,-495.42377507900835,5.0,0.0,-0.005056731999324517,6.686045776958786e-06,-4.97614392764778,10.92500676516025,8.829000000000008,0.018799340352894767,2.0960134512060193,0.2828677418923542,-21.09420980471162,0.005056731999324517,-6.686045776958786e-06,-1.85048066571542,0.0,0.0,0.2879244738916787,-22.944697156472817
81.79999999999963,0.0,453.0,511.06812465715,509.04207901393255,0.5999999999983261,PILOT_ASC_REMOVE_SLACK_ACC,caténaire,,0.0,0.04569965130166078,1.363906274012837,0.013435387008813415,-0.9999097411146286,0.9999984603471618,0.0017547943770781142,39.878808249454764,-495.45209038243235,5.0,0.0,-0.04569958094006295,-8.019349113858486e-05,-4.973350652560728,10.405194662932683,8.829000000000008,-0.01905023350079116,1.5761144694415368,0.0,-0.0,0.04569958094006295,8.019349113858486e-05,-1.8506979398341377,0.0,0.0,0.04569958094006295,-1.8506177463429991
81.89999999999962,0.0,453.0,511.12312465714984,509.10936912340054,0.5499999999983289,PILOT_ASC_REMOVE_SLACK_ACC,caténaire,,20.11027135157681,0.005088770723645497,20.11027135157681,0.013456849139329697,-0.9999094525061963,0.999989594154505,0.004561971362069887,39.90471186401224,-495.47988029449357,5.0,0.0,-0.005088717770683587,-2.3214826309410413e-05,-4.976115584808598,10.022639618145785,8.829000000000008,0.018795697420718405,1.1936164033194672,0.27062088772915305,-20.108450416906212,0.005088717770683587,2.3214826309410413e-05,-1.8508971077762961,0.0,0.0,0.27570960549983664,-21.9593243098562
81.99999999999962,0.0,453.0,511.1731246571497,509.17287984400593,0.4999999999983318,PILOT_ASC_REMOVE_SLACK_ACC,caténaire,,0.0,0.045734090300202666,1.345693126381461,0.013474577515506974,-0.9999092137593184,0.9999748906423451,0.0070864719593053006,39.93060820718647,-495.5072724317166,5.0,0.0,-0.0457329419465723,-0.0003240933484967227,-4.973322293936634,9.737772119405342,8.829000000000008,-0.019055235883206123,0.9084480260568384,0.0,-0.0,0.0457329419465723,0.0003240933484967227,-1.8510781695418945,0.0,-2.220446049250313e-16,0.0457329419465723,-1.850754076193398
82.09999999999961,0.0,453.0,511.21812465714953,509.2324998610854,0.4499999999983346,PILOT_ASC_REMOVE_SLACK_ACC,caténaire,,19.591003765994532,0.0051256159412604654,19.591003765994532,0.013489770928287095,-0.999909008900461,0.9999566300198598,0.009313328047759743,39.95651174674794,-495.5343616609012,5.0,0.0,-0.005125393643398887,-4.773654270778555e-05,-4.976086771205401,9.523598212162069,8.829000000000008,0.018787835151199417,0.6945504756193532,0.264278153058476,-19.58922115902079,0.005125393643398887,4.773654270778555e-05,-1.8512411251309326,0.0,0.0,0.2694035467018749,-21.440414547609016
82.1999999999996,0.0,453.0,511.2581246571494,509.28820902375617,0.39999999999833746,PILOT_ASC_REMOVE_SLACK_ACC,caténaire,,0.0,0.04577326099256847,1.3361145646720065,0.013503393979543754,-0.9999088250190781,0.9999368693879331,0.011236424638624285,39.98240801372677,-495.5612195352311,5.0,0.0,-0.04577037129858571,-0.0005143277976070763,-4.973293027741504,9.361620776666959,8.829000000000008,-0.019063399040089912,0.5321064488693441,0.0,-0.0,0.04577037129858571,0.0005143277976070763,-1.8513859745434111,0.0,2.220446049250313e-16,0.04577037129858571,-1.8508716467458037
82.2999999999996,0.0,453.0,511.29312465714924,509.33996853916676,0.3499999999983403,PILOT_ASC_REMOVE_SLACK_ACC,caténaire,,19.303626715179906,0.005167030904191135,19.303626715179906,0.013516095462584811,-0.9999086534096234,0.9999174366660372,0.012849896934281064,40.00831147464892,-495.5878998925289,5.0,0.0,-0.005166604296892995,-6.639581457510117e-05,-4.9760565579207,9.238278539780735,8.829000000000008,0.018776837782406908,0.4092121439661529,0.2609096614564741,-19.301863394697573,0.005166604296892995,6.639581457510117e-05,-1.85151271777933,0.0,2.220446049250313e-16,0.26607626575336707,-21.153309716662328
82.3999999999996,0.0,453.0,511.3231246571491,509.3877331231194,0.29999999999834315,PILOT_ASC_REMOVE_SLACK_ACC,caténaire,,0.0,0.04581701906669631,1.330621292143564,0.013528446709349091,-0.9999084863774444,0.9998999152840934,0.014147770667592343,40.03420766072877,-495.61444405565163,5.0,0.0,-0.04581243348335933,-0.0006482086784283252,-4.973261955023878,9.144202709395461,8.829000000000008,-0.01907438850723686,0.3145545007170245,0.0,-0.0,0.04581243348335933,0.0006482086784283252,-1.8516213548386888,0.0,0.0,0.04581243348335933,-1.8509731461602605
82.49999999999959,0.0,453.0,511.3481246571489,509.4314697882056,0.249999999998346,PILOT_ASC_REMOVE_SLACK_ACC,caténaire,,19.13971928288541,0.005213046750818885,19.13971928288541,0.013540793742167132,-0.9999083192497362,0.9998855938412186,0.015126110828419066,40.06011103738099,-495.64088317961637,5.0,0.0,-0.005212450346164576,-7.885312290661636e-05,-4.976024181455897,9.07197598822282,8.829000000000008,0.018763368197938668,0.24289713509990563,0.25916699109253033,-19.137964539061716,0.005212450346164576,7.885312290661636e-05,-1.8517118857214874,0.0,-2.220446049250313e-16,0.2643794414386949,-20.989597571660298
82.59999999999958,0.0,453.0,511.3681246571487,509.47121682810894,0.2,PILOT_ASC_REMOVE_SLACK_ACC,caténaire,,0.0,0.04586529207073005,1.3272092285605201,0.01355345907627611,-0.9999081476551073,0.999875381853609,0.015786727434766692,40.08600713596157,-495.667241578266,5.0,0.0,-0.04585957642304851,-0.0007240628646365812,-4.973228347292093,9.016662497894655,8.829000000000008,-0.019087923715141564,0.18693843503001162,0.0,-0.0,0.04585957642304851,0.0007240628646365812,-1.8517843104277263,0.0,0.0,0.04585957642304851,-1.8510602475630897
82.69999999999958,0.0,453.0,511.3831246571485,509.5068919115078,0.14999999999835167,PILOT_ASC_REMOVE_SLACK_ACC,caténaire,,19.04441545170457,0.005263744797926052,19.04441545170457,0.01356663593183181,-0.9999079689598904,0.999870025976005,0.016122380554464348,40.111910421028945,-495.69353745420966,5.0,0.0,-0.005263060647833383,-8.486409677374586e-05,-4.975988994720423,8.973937783371184,8.829000000000008,0.018747944631742897,0.14485291927440258,0.25836865096782813,-19.042662774342272,0.005263060647833383,8.486409677374586e-05,-1.8518386289574054,0.0,0.0,0.2636317116156615,-20.894416539202904
82.79999999999957,0.0,453.0,511.39312465714835,509.53849753742224,0.09999999999835452,PILOT_ASC_REMOVE_SLACK_ACC,caténaire,,0.0,0.045918468212267236,1.324908601166186,0.013580532747399761,-0.9999077803129129,0.999869864382834,0.016132399048290155,40.137806423927266,-495.71978529913576,5.0,0.0,-0.04591249258406711,-0.0007407750528865217,-4.973191596671232,8.941184836451555,8.829000000000008,-0.019104089255299606,0.11144406139866092,0.0,-0.0,0.04591249258406711,0.0007407750528865217,-1.8518748413105242,0.0,0.0,0.04591249258406711,-1.8511340662576377
82.89999999999957,0.0,453.0,511.3981246571482,509.5660639898294,0.04999999999835736,PILOT_ASC_REMOVE_SLACK_ACC,caténaire,,18.988175154507356,0.005319362609326007,18.988175154507356,0.013595218552750782,-0.9999075807455922,0.9998748731687686,0.015818912912686754,40.16370960867548,-495.74599578140123,5.0,0.0,-0.005318697014338531,-8.414653386793028e-05,-4.9759504524238345,8.915748181278232,8.829000000000008,0.018730850561826884,0.08666403474435569,0.25814839114343985,-18.98642028151701,0.005318697014338531,8.414653386793028e-05,-1.8518929474870833,0.0,0.0,0.26346708815777836,-20.838229082470225
82.99999999999956,0.0,453.0,511.398124657148,509.5896158192702,-1.6397994073713562e-12,PILOT_ASC_REMOVE_SLACK_ACC,caténaire,,0.0,0.04597674443175474,1.3232151790521336,0.01361082862877066,-0.9999073683817108,0.9998847282672801,0.015183220273285643,40.189605506278404,-495.7721776239558,5.0,0.0,-0.045971444612759274,-0.0006980750381558915,-4.973151153894697,8.896274678845986,8.829000000000008,-0.019122598507456345,0.06657660380782282,0.0,-0.0,0.045971444612759274,0.0006980750381558915,-1.851892947487083,0.0,0.0,0.045971444612759274,-1.851194872448927
83.09999999999955,0.0,453.0,511.39312465714784,509.60902834404277,-0.05000000000163696,PILOT_ASC_REMOVE_SLACK_ACC,caténaire,,18.954433324925155,0.005380651791489492,18.954433324925155,0.013627427060651037,-0.9999071423045776,0.9998989623533081,0.014214959893631344,40.21550858064373,-495.7983370724389,5.0,0.0,-0.005380108143094812,-7.648574941761877e-05,-4.975908043844563,8.881062715831417,8.829000000000008,0.018711848012341825,0.05198623008199199,0.25830015761139086,-18.952673259928563,0.005380108143094812,7.648574941761877e-05,-1.8518748413105228,0.0,0.0,0.26368026575448567,-20.804471615489668
83.19999999999955,0.0,453.0,511.3835859356484,509.62434104571423,-0.09538721499417754,PILOT_ASC_REMOVE_SLACK_ACC,caténaire,,0.0,0.046041080820767015,1.3218539495882242,0.013645108129212965,-0.9999069011783758,0.99991657800096,0.012916541288205793,40.24140436213412,-495.82447941761836,5.0,0.0,-0.04603723998176699,-0.000594691521375057,-4.973106556570246,8.869453460599354,8.829000000000008,-0.01914379655201337,0.0398587690779717,0.0,-0.0,0.04603723998176699,0.000594691521375057,-1.8518402993553975,0.0,-2.220446049250313e-16,0.04603723998176699,-1.8512456078340227
83.29999999999954,0.0,453.0,511.37000104174007,509.6356125524465,-0.13584893908318776,PILOT_ASC_REMOVE_SLACK_ACC,caténaire,,18.93367443070792,0.005448067717905153,18.93367443070792,0.013663852781695367,-0.9999066452060212,0.9999362410433387,0.011292202978958452,40.26730731475766,-495.8506083052687,5.0,0.0,-0.005447720354791639,-6.152068651369594e-05,-4.975861271442691,8.860324195021228,8.829000000000008,0.018691008202517345,0.031262674334707086,0.25870694003774286,-18.93190688143218,0.005447720354791639,6.152068651369594e-05,-1.8517911052578675,0.0,-2.220446049250313e-16,0.2641546603925345,-20.783636466003532
83.39999999999954,0.0,453.0,511.35281731977943,509.6430560033348,-0.17183721960621587,PILOT_ASC_REMOVE_SLACK_ACC,caténaire,,0.0,0.046111503159035956,1.3206755097163765,0.013683680469203166,-0.9999063740615002,0.9999562125110565,0.009358047902363257,40.29320296796637,-495.8767269565241,5.0,0.0,-0.04610948405210121,-0.0004315136554122331,-4.973057285466514,8.85338321749208,8.829000000000008,-0.01916676951861529,0.023951703836660343,0.0,-0.0,0.04610948405210121,0.0004315136554122331,-1.8517288789571125,0.0,0.0,0.04610948405210121,-1.8512973653017002
83.49999999999953,0.0,453.0,511.33244098170303,509.6469213204165,-0.2037633807642752,PILOT_ASC_REMOVE_SLACK_ACC,caténaire,,18.920443823987572,0.005521374160881741,18.920443823987572,0.013704499707404614,-0.9999060889342408,0.9999745558746491,0.007133554744882206,40.31910578617481,-495.9028375006939,5.0,0.0,-0.005521233674345483,-3.938702484362795e-05,-4.975809630289658,8.847887987588022,8.829000000000008,0.018669136035996736,0.018848600563170947,0.2592952168498031,-18.918666984943425,0.005521233674345483,3.938702484362795e-05,-1.8516550914421412,0.0,-2.220446049250313e-16,0.2648164505241486,-20.77028268936072
83.59999999999953,0.0,453.0,511.3092408148413,509.64746853820355,-0.23200166861726126,PILOT_ASC_REMOVE_SLACK_ACC,caténaire,,0.0,0.04618779810348794,1.3195978633576553,0.01372630608621761,-0.999905789822835,0.9999892416117989,0.004638605464904166,40.345001297974584,-495.9289418886726,5.0,0.0,-0.04618730119722579,-0.00021424697269472944,-4.973002972657187,8.843716273078714,8.829000000000008,-0.019190273854412965,0.014502026106011812,0.0,-0.0,0.04618730119722579,0.00021424697269472944,-1.8515710781786578,0.0,2.220446049250313e-16,0.04618730119722579,-1.851356831205963
83.69999999999952,0.0,453.0,511.2835515540461,509.64492480737357,-0.25689260795235375,PILOT_ASC_REMOVE_SLACK_ACC,caténaire,,18.911574448179177,0.005600644188379328,18.911574448179177,0.013749007226104459,-0.9999054779329377,0.9999982122144496,0.001890917212451859,40.37090396836486,-495.9550413832754,5.0,0.0,-0.005600634175628575,-1.0590354496624943e-05,-4.975752840102997,8.840401001147624,8.829000000000008,0.018646525721374374,0.011390410793119088,0.2600153737450279,-18.909786887070933,0.005600634175628575,1.0590354496624943e-05,-1.8514780513203277,0.0,-2.220446049250313e-16,0.2656160079206565,-20.761254348036765
83.79999999999951,0.0,453.0,511.25567695261856,509.63957167731917,-0.2787460142755002,PILOT_ASC_REMOVE_SLACK_ACC,caténaire,,0.0,0.04627003894856626,1.3185751648437944,0.013772587317511653,-0.9999051534213539,0.9999994083917041,-0.0010877574370009601,40.39679932531694,-495.98113713517876,5.0,0.0,-0.046270011574827366,5.033057897662703e-05,-4.972943498588677,8.837865734346952,8.829000000000008,-0.019213510163504033,0.008916064925921674,0.0,-0.0,0.046270011574827366,-5.033057897662703e-05,-1.851377110829331,0.0,2.220446049250313e-16,0.046270011574827366,-1.8514274414083074
83.89999999999951,0.0,453.0,511.2258925748112,509.63169677795014,-0.29784377807372775,PILOT_ASC_REMOVE_SLACK_ACC,caténaire,,18.90521481727516,0.005685689916262192,18.90521481727516,0.013796931567071742,-0.9999048178098421,0.9999908639136754,-0.004274586433904681,40.4227018342219,-496.0072299331608,5.0,0.0,-0.005685637971308302,2.4303972983443006e-05,-4.975690799509444,8.83586503455168,8.829000000000008,0.018623562519247905,0.006889338524656452,0.26083395509473606,-18.903415377523444,0.005685637971308302,-2.4303972983443006e-05,-1.8512692545886698,0.0,0.0,0.26651959306604434,-20.754708936085095
83.9999999999995,0.0,453.0,511.1944483395216,509.6215768370007,-0.31444235289610767,PILOT_ASC_REMOVE_SLACK_ACC,caténaire,,0.0,0.04635796112511158,1.317581654381659,0.013822022673480558,-0.9999044712817388,0.9999707539044482,-0.00764796285093013,40.44859702289689,-496.03332040371384,5.0,0.0,-0.04635660533575093,0.0003545439645297165,-4.972878866944988,8.834288819469355,8.829000000000008,-0.019235472280739074,0.005643363433877724,0.0,-0.0,0.04635660533575093,-0.0003545439645297165,-1.851155387613481,0.0,-2.220446049250313e-16,0.04635660533575093,-1.8515099315780108
84.0999999999995,0.0,453.0,511.16157083285196,509.60940126896287,-0.33,PILOT_ASC_REMOVE_SLACK_ACC,caténaire,,18.900285859244402,0.005776536893487658,18.900285859244402,0.013847771715599663,-0.9999041150122908,0.9999373584601648,-0.011192817147966043,40.4744993567533,-496.0594091000246,5.0,0.0,-0.005776175042321735,6.465572119728715e-05,-4.975623548533069,8.833087335876392,8.829000000000008,0.018600276424608708,0.004151991597581173,0.2617268439383929,-18.898473605567087,0.005776175042321735,-6.465572119728715e-05,-1.8510363304253592,0.0,-2.220446049250313e-16,0.26750301898071466,-20.749574591713642
84.19999999999949,0.0,453.0,511.1274654152599,509.59544284145926,-0.34105417592051956,PILOT_ASC_REMOVE_SLACK_ACC,caténaire,,0.0,0.04645159107341757,1.3166035890484962,0.013874159623083632,-0.9999037492152697,0.9998891722822921,-0.014887684596091834,40.50039436414662,-496.0854962860949,5.0,0.0,-0.046446442949595004,0.0006915566368876757,-4.972809240989037,8.832064693768864,8.829000000000008,-0.019255683938632195,0.0037562504057433443,0.0,-0.0,0.046446442949595004,-0.0006915566368876757,-1.8509128266828447,0.0,-2.220446049250313e-16,0.046446442949595004,-1.8516043833197326
84.29999999999949,0.0,453.0,511.09231813664326,509.5798868333167,-0.35147278616666533,PILOT_ASC_REMOVE_SLACK_ACC,caténaire,,18.896163619523957,0.0058729658335017546,18.896163619523957,0.013901095279145311,-0.999903375106835,0.9998248097369641,-0.018717634317497303,40.52629650978467,-496.11158242496305,5.0,0.0,-0.005871936947072582,0.0001099280268306416,-4.975551238424015,8.831355627528517,8.829000000000008,0.018576824628912192,0.0024655555553394493,0.26267737088532184,-18.894337779732993,0.005871936947072582,-0.0001099280268306416,-1.8507855501163986,0.0,0.0,0.26854930783239445,-20.745233257876222
84.39999999999948,0.0,453.0,511.05629748199243,509.562912376633,-0.3602065465083272,PILOT_ASC_REMOVE_SLACK_ACC,caténaire,,0.0,0.04655090883652175,1.3156338742132858,0.013928585785654606,-0.9999029925437826,0.9997430325591343,-0.022668675511939494,40.5521913234366,-496.13766751230906,5.0,0.0,-0.04653894676860806,0.0010552474472009883,-4.972734830090499,8.83064366484274,8.829000000000008,-0.019273776859107805,0.00269891228993302,0.0,-0.0,0.04653894676860806,-0.0010552474472009883,-1.8506551108498166,0.0,0.0,0.04653894676860806,-1.8517103582970176
84.49999999999947,0.0,453.0,511.01955595725343,509.5447245927753,-0.3674152473901366,PILOT_ASC_REMOVE_SLACK_ACC,caténaire,,18.89249197193008,0.005974890249135743,18.89249197193008,0.01395653027076931,-0.9999026028883019,0.9996428475126408,-0.02672409805436738,40.57809326826338,-496.16375201025596,5.0,0.0,-0.005972756302221566,0.00015967355288198714,-4.975474090923413,8.830244608113675,8.829000000000008,0.018553152774365422,0.0014042816665504887,0.26367363609650835,-18.890651897779236,0.005972756302221566,-0.00015967355288198714,-1.8505220611430155,0.0,0.0,0.2696463923987299,-20.741333632475133
84.59999999999947,0.0,453.0,510.98223153560053,509.52546373426947,-0.37,PILOT_ASC_REMOVE_SLACK_ACC,caténaire,,0.0,0.04665567026748848,1.3146689772835898,0.013984945760621642,-0.9999022058641898,0.9995233169947182,-0.030872945824393785,40.60398787639551,-496.18983570055616,5.0,0.0,-0.04663343030237194,0.0014403979805689517,-4.9726558960271054,8.829697800004006,8.829000000000008,-0.019289326329477774,0.002138197984566048,0.0,-0.0,0.04663343030237194,-0.0014403979805689517,-1.8503869006293274,0.0,-2.220446049250313e-16,0.04663343030237194,-1.8518272986098967
84.69999999999946,0.0,453.0,510.9444489705823,509.50530083144724,-0.37782565018248687,PILOT_ASC_REMOVE_SLACK_ACC,caténaire,,18.889071450002984,0.006082182997285017,18.889071450002984,0.014013738582331032,-0.9999018027441223,0.9993837648611562,-0.035101147159902174,40.62988960846646,-496.2159190994763,5.0,0.0,-0.0060784349424012115,0.00021349160044115627,-4.975392355228357,8.82950052857793,8.829000000000008,0.018529209829242,0.0007140201783624178,0.26470650936331436,-18.887216595020515,0.0060784349424012115,-0.00021349160044115627,-1.850250081070706,0.0,0.0,0.2707849443057156,-20.73768016769166
84.79999999999946,0.0,453.0,510.906320994446,509.48437709970324,-0.3812797613630845,PILOT_ASC_REMOVE_SLACK_ACC,caténaire,,0.0,0.04676562040372816,1.313707461298951,0.01404292337259914,-0.9999013932899341,0.9992236153112566,-0.03939754566342822,40.65578400007774,-496.24200180601633,5.0,0.0,-0.04672931229208712,0.0018424506653344308,-4.972572737464644,8.82903177911986,8.829000000000008,-0.019302049756730888,0.0018742297851872536,0.0,-0.0,0.04672931229208712,-0.0018424506653344308,-1.850112010697147,0.0,0.0,0.04672931229208712,-1.8519544613624814
84.89999999999945,0.0,453.0,510.86794940535566,509.46288813753256,-0.383715890903553,PILOT_ASC_REMOVE_SLACK_ACC,caténaire,,18.885793649455778,0.006194339912338302,18.885793649455778,0.014072395148367762,-0.9999009789448093,0.9990426908675287,-0.04374587779628484,40.681685508190526,-496.26808442464164,5.0,0.0,-0.006188410014170589,0.0002709768368338011,-4.9753063165855,8.828972260718883,8.829000000000008,0.01850527340032926,0.0002432375557095412,0.2657683509256762,-18.883923558240497,0.006188410014170589,-0.0002709768368338011,-1.8499730581437563,0.0,0.0,0.2719567609398468,-20.734167593221088
84.99999999999945,0.0,453.0,510.8294260603584,509.44081143891185,-0.3852334499723763,PILOT_ASC_REMOVE_SLACK_ACC,caténaire,,0.0,0.046880781602930494,1.3127492958576852,0.01410221962490546,-0.999900558756545,0.9988401944937227,-0.04814837342779249,40.70757967309903,-496.2941663894532,5.0,0.0,-0.04682640901428883,0.0022572333792046815,-4.972485669107924,8.828529634069222,8.829000000000008,-0.01931207812221203,0.0017868674484180502,0.0,-0.0,0.04682640901428883,-0.0022572333792046815,-1.849833556046517,0.0,0.0,0.04682640901428883,-1.8520907894257215
85.09999999999944,0.0,453.0,510.79083377542435,509.41832966962147,-0.38592284934080767,PILOT_ASC_REMOVE_SLACK_ACC,caténaire,,18.882604041714423,0.006311631190935467,18.882604041714423,0.014132292493383453,-0.9999001341678485,0.9986162005380912,-0.05258977108589596,40.73348094695151,-496.32024841404063,5.0,0.0,-0.006302897159089683,0.0003319272395098971,-4.9752163209345355,8.82857010138331,8.829000000000008,0.018480781906374588,-9.79713771886992e-05,0.26685448335425277,-18.88071831474861,0.006302897159089683,-0.0003319272395098971,-1.8496938043015438,0.0,-2.220446049250313e-16,0.27315738051334243,-20.730744046289665
85.19999999999943,0.0,453.0,510.7522471483278,509.39549082281485,-0.385866270965701,PILOT_ASC_REMOVE_SLACK_ACC,caténaire,,0.0,0.047000704011089536,1.3117945222670562,0.014162655361952894,-0.9998997045669624,0.9983703827520604,-0.057066442358925794,40.75937487581729,-496.3463297775846,5.0,0.0,-0.04692411085316776,0.0026821629662777736,-4.972395014418113,8.828122590509672,8.829000000000008,-0.019319125271280768,0.0018047534759411121,0.0,-0.0,0.04692411085316776,-0.0026821629662777736,-1.8495540730449318,0.0,0.0,0.04692411085316776,-1.8522362360112097
85.29999999999943,0.0,453.0,510.7137333036038,509.372441483456,-0.38513844723976337,PILOT_ASC_REMOVE_SLACK_ACC,caténaire,,18.879476307174954,0.006433581213102266,18.879476307174954,0.01419321284769909,-0.9998992712813927,0.9981030161756158,-0.06156597356607164,40.785275905768444,-496.3724113157969,5.0,0.0,-0.006421376813608149,0.00039608969090102917,-4.975122622368583,8.828240835801125,8.829000000000008,0.018456000817808516,-0.0003630745079821196,0.2679604256808261,-18.877574601718553,0.006421376813608149,-0.00039608969090102917,-1.8494146053504177,0.0,0.0,0.2743818024944343,-20.727385296759874
85.39999999999942,0.0,453.0,510.6753525745605,509.349233116141,-0.3838072904327377,PILOT_ASC_REMOVE_SLACK_ACC,caténaire,,0.0,0.04712507073766993,1.3108435690668907,0.014224004292666789,-0.9998988337336344,0.9978140381478594,-0.06608437996275773,40.811169590009364,-496.39849215866866,5.0,0.0,-0.04702205713075796,0.0031142310804000155,-4.972301064544279,8.827770115684784,8.829000000000008,-0.019323121675037136,0.0018843467651752377,0.0,-0.0,0.04702205713075796,-0.0031142310804000155,-1.8492756196991065,0.0,0.0,0.04702205713075796,-1.8523898507795065
85.49999999999942,0.0,453.0,510.63715911973765,509.3258786075431,-0.38193454822869827,PILOT_ASC_REMOVE_SLACK_ACC,caténaire,,18.876401444706033,0.006560323434485885,18.876401444706033,0.014254976736102543,-0.9998983926571005,0.9975032723769205,-0.07062026336212088,40.83707036725007,-496.4245732719041,5.0,0.0,-0.006543944093750668,0.0004632917686840865,-4.975025540565647,8.82795314049865,8.829000000000008,0.018430515340602582,-0.0005835677326739841,0.26908266345561693,-18.87448346371173,0.006543944093750668,-0.0004632917686840865,-1.8491373122118153,0.0,0.0,0.2756266075493676,-20.72408406769223
85.59999999999941,0.0,453.0,510.5992014882497,509.30249153538807,-0.38,PILOT_ASC_REMOVE_SLACK_ACC,caténaire,,0.0,0.04725389188178953,1.3098972617796396,0.014286147418116589,-0.999897947788647,0.9971711493538505,-0.07516447895329817,40.86296379912451,-496.45065363967734,5.0,0.0,-0.047120217679206655,0.0035518141618101962,-4.9722041423754035,8.827448498622054,8.829000000000008,-0.019324360054610246,0.002000312783856373,0.0,-0.0,0.047120217679206655,-0.0035518141618101962,-1.8489998586963123,0.0,0.0,0.047120217679206655,-1.8525516728581226
85.6999999999994,0.0,453.0,510.56152312976974,509.279126557541,-0.37678358479973595,PILOT_ASC_REMOVE_SLACK_ACC,caténaire,,18.873378445478778,0.0066911618652471735,18.873378445478778,0.014317447192669702,-0.9998975000998277,0.9968179291193682,-0.07971208306257122,40.88886431554722,-496.47673436224125,5.0,0.0,-0.006669870113918177,0.0005333664503876916,-4.97492534514234,8.827688672952391,8.829000000000008,0.01840478474374141,-0.0007779605972295656,0.27021859924041297,-18.871443926072203,0.006669870113918177,-0.0005333664503876916,-1.8488634164940874,0.0,2.220446049250313e-16,0.27688846935433115,-20.720840709016677
85.7999999999994,0.0,453.0,510.5241628632496,509.2558682361258,-0.37360266520110225,PILOT_ASC_REMOVE_SLACK_ACC,caténaire,,0.0,0.04738669139810077,1.3089559051130022,0.014348902272782196,-0.9998970492023498,0.9964441184349521,-0.08425626882547725,40.91475748791888,-496.5028142800993,5.0,0.0,-0.04721818993572965,0.003992625809188309,-4.972104480474938,8.827143934738382,8.829000000000008,-0.019322670410667264,0.002136560547562283,0.0,-0.0,0.04721818993572965,-0.003992625809188309,-1.8487281261776998,0.0,0.0,0.04721818993572965,-1.852720751986888
85.8999999999994,0.0,453.0,510.4871552986731,509.23267960571974,-0.37007564576531016,PILOT_ASC_REMOVE_SLACK_ACC,caténaire,,18.870410856247414,0.006826214348705784,18.870410856247414,0.014380473600059479,-0.9998965956432885,0.9960495043730199,-0.08879968940408298,40.94065773618367,-496.5288946305887,5.0,0.0,-0.006799247418772392,0.0006061657139707681,-4.97482233107885,8.827436798450137,8.829000000000008,0.01837842150237723,-0.00095703583590101,0.27136544514054173,-18.86845957355194,0.006799247418772392,-0.0006061657139707681,-1.8485941130780452,0.0,0.0,0.27816469255931414,-20.71765985234396
85.99999999999939,0.0,453.0,510.4505312257592,509.20966954613533,-0.36624072913878425,PILOT_ASC_REMOVE_SLACK_ACC,caténaire,,0.0,0.047523490112756056,1.3080202429000345,0.014412178041147623,-0.9998961391685189,0.9956349015442906,-0.09333350323914184,40.966550642716555,-496.55497411217755,5.0,0.0,-0.04731604539945494,0.004435533818374243,-4.972002386274783,8.826848613344529,8.829000000000008,-0.019318431674237857,0.002284147162894712,0.0,-0.0,0.04731604539945494,-0.004435533818374243,-1.8484614886919406,0.0,-2.220446049250313e-16,0.04731604539945494,-1.852897022510315
86.09999999999938,0.0,453.0,510.41431796259894,509.18678697252767,-0.362132631602548,PILOT_ASC_REMOVE_SLACK_ACC,caténaire,,18.867503987576296,0.006965222725059408,18.867503987576296,0.014443980355922348,-0.9998956802744362,0.9952000405649928,-0.09786153104993062,40.992450616151615,-496.5810541002732,5.0,0.0,-0.006931789938523333,0.0006816273599780837,-4.974716755115809,8.82719148076824,8.829000000000008,0.01835145494566781,-0.0011268918717899368,0.27252185696183856,-18.865535734738238,0.006931789938523333,-0.0006816273599780837,-1.8483303519446228,0.0,-2.220446049250313e-16,0.2794536469003619,-20.714547714042837
86.19999999999938,0.0,453.0,510.3785396780979,509.1641823458036,-0.35778284501000324,PILOT_ASC_REMOVE_SLACK_ACC,caténaire,,0.0,0.0476638864440833,1.3070904975334812,0.014475881702239972,-0.9998952189349356,0.9947462455845743,-0.10237141639829864,41.01834325106541,-496.6071331526376,5.0,0.0,-0.04741347209022135,0.004879419566328473,-4.971898073250238,8.826558065515803,8.829000000000008,-0.01931154534045998,0.002437485082124269,0.0,-0.0,0.04741347209022135,-0.004879419566328473,-1.848200790357386,0.0,-2.220446049250313e-16,0.04741347209022135,-1.8530802099237147
86.29999999999937,0.0,453.0,510.34321768001826,509.14180932531775,-0.35321998079661676,PILOT_ASC_REMOVE_SLACK_ACC,caténaire,,18.864662596567673,0.007107614179296652,18.864662596567673,0.01450784408635776,-0.9998947556918008,0.9942733745427614,-0.10686653674256243,41.044242943577046,-496.63321278293853,5.0,0.0,-0.007066911534997262,0.0007595661118437633,-4.974608839415841,8.82694927968383,8.829000000000008,0.01832424904916241,-0.0012911542043330115,0.27368558369274876,-18.862677198203286,0.007066911534997262,-0.0007595661118437633,-1.84807288109065,0.0,2.220446049250313e-16,0.28075249522774604,-20.71150964540578
86.39999999999937,0.0,453.0,510.30837068255613,509.11966410394564,-0.348469974621525,PILOT_ASC_REMOVE_SLACK_ACC,caténaire,,0.0,0.04780830489789066,1.3061676390496255,0.014539924244014941,-0.999894289714157,0.9937815359122689,-0.11134746912189777,41.07013530168066,-496.6592914096597,5.0,0.0,-0.04751101067078783,0.005323333753388154,-4.971791767757055,8.826269946643523,8.829000000000008,-0.01930277842784278,0.002593280396903097,0.0,-0.0,0.04751101067078783,-0.005323333753388154,-1.8479466919129242,0.0,-2.220446049250313e-16,0.04751101067078783,-1.8532700256663126
86.49999999999936,0.0,453.0,510.27401504416287,509.097837751952,-0.3435563839328808,PILOT_ASC_REMOVE_SLACK_ACC,caténaire,,18.86189259517744,0.007253293202377845,18.86189259517744,0.014572032571759465,-0.9998938222965114,0.9932718442331635,-0.11580605965859431,41.096034707885124,-496.6853706841273,5.0,0.0,-0.00720449191588971,0.0008399753053158453,-4.974498856773719,8.826708409570065,8.829000000000008,0.01829665131039082,-0.0014516151246262154,0.2748561132619543,-18.859889882738237,0.00720449191588971,-0.0008399753053158453,-1.8478222820620087,0.0,0.0,0.28206060517784404,-20.70855214010556
86.59999999999935,0.0,453.0,510.24016498969746,509.0763270315335,-0.33850054465379503,PILOT_ASC_REMOVE_SLACK_ACC,caténaire,,0.0,0.04795581124192326,1.3052511628827435,0.0146042257487087,-0.9998933526083074,0.9927445125195291,-0.12024280794443522,41.12192678444116,-496.71144888683824,5.0,0.0,-0.04760786845384166,0.005766341400982166,-4.971683644092528,8.825982937788263,8.829000000000008,-0.019291512546369738,0.0027492791892367308,0.0,-0.0,0.04760786845384166,-0.005766341400982166,-1.8476997030494664,0.0,2.220446049250313e-16,0.04760786845384166,-1.8534660444504483
86.69999999999935,0.0,453.0,510.2068328066217,509.0551669452728,-0.3333218307571666,PILOT_ASC_REMOVE_SLACK_ACC,caténaire,,18.859197528100513,0.007402166105076359,18.859197528100513,0.014636433447823245,-0.9998928816707955,0.9922002430486413,-0.12465423255636883,41.14782589938681,-496.73752780595254,5.0,0.0,-0.007344431008543178,0.0009227113350830593,-4.974386973243957,8.82646786772426,8.829000000000008,0.018268595747499283,-0.001609420940665629,0.2760313894993958,-18.857177362371164,0.007344431008543178,-0.0009227113350830593,-1.8475789993710874,0.0,0.0,0.28337582050793897,-20.705679073077334
86.79999999999934,0.0,453.0,510.1740290295478,509.0343183622394,-0.32803777073905477,PILOT_ASC_REMOVE_SLACK_ACC,caténaire,,0.0,0.04810663235809368,1.304341683353829,0.014668726175795217,-0.9998924084482188,0.9916388838522385,-0.12904388413360177,41.1737176902806,-496.76360558556047,5.0,0.0,-0.047704407217470005,0.006207866692075618,-4.971573941459919,8.825696547674534,8.829000000000008,-0.01927834867738909,0.0029044143666023814,0.0,-0.0,0.047704407217470005,-0.006207866692075618,-1.847460209175181,0.0,2.220446049250313e-16,0.047704407217470005,-1.8536680758672563
86.89999999999934,0.0,453.0,510.14176260192806,509.01387138705707,-0.3226642761973775,PILOT_ASC_REMOVE_SLACK_ACC,caténaire,,18.856581384159472,0.007553947380919995,18.856581384159472,0.014701011291775366,-0.9998919342944012,0.9910617920343661,-0.13340361452985766,41.199616509594414,-496.7896841492596,5.0,0.0,-0.007486428628267877,0.001007723884583079,-4.974273411158067,8.826227287254582,8.829000000000008,0.018240160213665035,-0.001764988860841754,0.27721081585280954,-18.85454363438701,0.007486428628267877,-0.001007723884583079,-1.847343364848093,0.0,-2.220446049250313e-16,0.2846972444810774,-20.702894723119687
86.99999999999933,0.0,453.0,510.1100410294759,508.9937840387553,-0.317215724521705,PILOT_ASC_REMOVE_SLACK_ACC,caténaire,,0.0,0.048260234641995935,1.3034389663230064,0.014733360906959042,-0.9998914581475259,0.9904688077222162,-0.13773721693620516,41.22550801110141,-496.81576150634385,5.0,0.0,-0.047800257066252114,0.0066472304082767575,-4.971462809727824,8.825410554347167,8.829000000000008,-0.019263066794076522,0.003057784755435833,0.0,-0.0,0.047800257066252114,-0.0066472304082767575,-1.8472284935697778,0.0,2.220446049250313e-16,0.047800257066252114,-1.8538757239780543
87.09999999999933,0.0,453.0,510.07887051325,508.9740632612998,-0.3117051622587091,PILOT_ASC_REMOVE_SLACK_ACC,caténaire,,18.854046978188936,0.007708885428846297,18.854046978188936,0.014765713168855579,-0.9998909809147272,0.9898604079545683,-0.14204355938941984,41.251406530847945,-496.8418397143446,5.0,0.0,-0.007630720475472823,0.0010949975252385624,-4.974158338657309,8.825986518373679,8.829000000000008,0.01821094086721775,-0.0019184841010897458,0.2783934497520661,-18.851991527233682,0.007630720475472823,-0.0010949975252385624,-1.8471156177957284,0.0,4.440892098500626e-16,0.2860241702275389,-20.70020214255465
87.19999999999932,0.0,453.0,510.0482560773148,508.95475783125187,-0.30614435935189055,PILOT_ASC_REMOVE_SLACK_ACC,caténaire,,0.0,0.048416404569715965,1.3025430535792157,0.014798105271004162,-0.9998905020452931,0.9892374921094698,-0.14631877598232854,41.27729773975089,-496.8679166494914,5.0,0.0,-0.047895322633503296,0.007084229054106058,-4.971350443750933,8.825124962442526,8.829000000000008,-0.019245766384436536,0.003209191496624797,0.0,-0.0,0.047895322633503296,-0.007084229054106058,-1.8470047557192635,0.0,-2.220446049250313e-16,0.047895322633503296,-1.8540889847733697
87.29999999999932,0.0,453.0,510.0182016781072,508.9358244987156,-0.30054399207642707,PILOT_ASC_REMOVE_SLACK_ACC,caténaire,,18.851595999022006,0.007866554657777518,18.851595999022006,0.014830494251299812,-0.9998900221725697,0.9885999643165747,-0.15056596744705325,41.30319595635992,-496.8939945015052,5.0,0.0,-0.007776875653973238,0.001184435412523395,-4.974041896085641,8.825745557434175,8.829000000000008,0.01818122826038593,-0.0020700071533088504,0.2795784860913224,-18.84952274145044,0.007776875653973238,-0.001184435412523395,-1.8468959216675727,0.0,2.220446049250313e-16,0.28735536174529563,-20.697603098530536
87.39999999999931,0.0,453.0,509.9887103107814,508.9173144419639,-0.2949136732578481,PILOT_ASC_REMOVE_SLACK_ACC,caténaire,,0.0,0.04857520700670003,1.3016542175090575,0.014862916447080207,-0.9998895407567214,0.9879487938753431,-0.15478107339159666,41.329086869779786,-496.920071015427,5.0,0.0,-0.04798981717451441,0.007518522680716038,-4.971236973454449,8.824839857392138,8.829000000000008,-0.01922679062896293,0.0033583800728465008,0.0,-0.0,0.04798981717451441,-0.007518522680716038,-1.8467891264868141,0.0,0.0,0.04798981717451441,-1.85430764916753
87.4999999999993,0.0,453.0,509.95978409890864,508.8991826886652,-0.2892621187276318,PILOT_ASC_REMOVE_SLACK_ACC,caténaire,,18.84923013072573,0.008026795476014016,18.84923013072573,0.014895329058750201,-0.9998890584321001,0.9872838417750653,-0.15896734183431432,41.35498478011932,-496.9461485112944,5.0,0.0,-0.007924725474701832,0.001275998340269648,-4.9739242518220985,8.825504491860316,8.829000000000008,0.018151022703199793,-0.0022195097994224255,0.2807654853012688,-18.84713896758132,0.007924725474701832,-0.001275998340269648,-1.8466843778669386,0.0,0.0,0.2886902107759707,-20.695099343788527
87.5999999999993,0.0,453.0,509.93142438318864,508.88147629869314,-0.28,PILOT_ASC_REMOVE_SLACK_ACC,caténaire,,0.0,0.04873652594718884,1.3007724961351508,0.01492777024255597,-0.9998885746299861,0.9866060594514942,-0.1631210699253622,41.38087539549457,-496.97222460484966,5.0,0.0,-0.04808375181611148,0.007949954256950621,-4.971122520801588,8.82455533793383,8.829000000000008,-0.019206272617699582,0.0035052921907734458,0.0,-0.0,0.04808375181611148,-0.007949954256950621,-1.8465816806629356,0.0,-2.220446049250313e-16,0.04808375181611148,-1.8545316349198864
87.69999999999929,0.0,453.0,509.9036317948373,508.8642215520633,-0.2779258835137096,PILOT_ASC_REMOVE_SLACK_ACC,caténaire,,18.84694971656182,0.008188950263053774,18.84694971656182,0.014960167503684382,-0.9998880904322552,0.9859163123899121,-0.16723942407063386,41.40677299676543,-496.9983017445365,5.0,0.0,-0.008073619645694377,0.0013695153257361787,-4.973805533751971,8.825263406493766,8.829000000000008,0.018120846602334595,-0.002367078180505189,0.2819535246932817,-18.844840562565732,0.008073619645694377,-0.0013695153257361787,-1.8464810371605862,0.0,2.220446049250313e-16,0.2900271443389761,-20.692691115052053
87.79999999999929,0.0,453.0,509.87640632971505,508.84735201642957,-0.2722546512222106,PILOT_ASC_REMOVE_SLACK_ACC,caténaire,,0.0,0.048900378763715835,1.2998980243407707,0.014992605853274124,-0.9998876045684977,0.9852139811561385,-0.1713283728238606,41.432663311804966,-497.02437741881465,5.0,0.0,-0.04817733684184357,0.008378022324057903,-4.97100718966836,8.824271560431333,8.829000000000008,-0.019184526510203526,0.003649582755382852,0.0,-0.0,0.04817733684184357,-0.008378022324057903,-1.8463824473449009,0.0,2.220446049250313e-16,0.04817733684184357,-1.8547604696689586
87.89999999999928,0.0,453.0,509.8497474081833,508.83090930103947,-0.2665892153177114,PILOT_ASC_REMOVE_SLACK_ACC,caténaire,,18.844756123062844,0.008353540475539531,18.844756123062844,0.015025005573849478,-0.9998871182326062,0.984500140754176,-0.17538378732085652,41.458560601658995,-497.05045420252947,5.0,0.0,-0.008224061773964375,0.0014650755661381918,-4.973685915147803,8.825022465544249,8.829000000000008,0.018090023078233486,-0.0025124588896208166,0.2831425657868533,-18.842628893685568,0.008224061773964375,-0.0014650755661381918,-1.846285909116871,0.0,0.0,0.2913666275608177,-20.690379878368578
87.99999999999928,0.0,453.0,509.8236539371756,508.8148955077386,-0.2609347100769751,PILOT_ASC_REMOVE_SLACK_ACC,caténaire,,0.0,0.04906613493305814,1.299030248640031,0.015057423954399525,-0.9998866305656143,0.9837751552910542,-0.17940580768766104,41.48445061442514,-497.07652945877794,5.0,0.0,-0.048270044513301094,0.008802749567777057,-4.970891115808604,8.823988631763198,8.829000000000008,-0.019161160321905513,0.0037913813309682354,0.0,-0.0,0.048270044513301094,-0.008802749567777057,-1.846191418518246,0.0,-2.220446049250313e-16,0.048270044513301094,-1.8549941680860234
88.09999999999927,0.0,453.0,509.7981243588263,508.79931931968326,-0.2552957834929573,PILOT_ASC_REMOVE_SLACK_ACC,caténaire,,18.842648349190302,0.008520106968531081,18.842648349190302,0.015089794098586243,-0.9998861425752745,0.9830396604802868,-0.18339309126246342,41.510347590654675,-497.10260588681825,5.0,0.0,-0.00837560306160052,0.001562528754845771,-4.973565450009782,8.824781729256093,8.829000000000008,0.018058946928617203,-0.002655741989068261,0.28433168386134766,-18.840502973774257,0.00837560306160052,-0.001562528754845771,-1.8460989699076273,0.0,-2.220446049250313e-16,0.2927072869229482,-20.68816447243673
88.19999999999926,0.0,453.0,509.7731567025775,508.78415829122616,-0.24967656248800502,PILOT_ASC_REMOVE_SLACK_ACC,caténaire,,0.0,0.049233974900027476,1.2981694245115403,0.015122184229820826,-0.9998856532344683,0.9822936251740292,-0.18734789548448053,41.536237299479005,-497.1286807265088,5.0,0.0,-0.04836221968627515,0.009223881583855885,-4.9707744026323395,8.823706703697534,8.829000000000008,-0.019136622318614904,0.003930585281381127,0.0,-0.0,0.04836221968627515,-0.009223881583855885,-1.8460085561491621,0.0,2.220446049250313e-16,0.04836221968627515,-1.8552324377330178
88.29999999999926,0.0,453.0,509.7487486244887,508.7694504879048,-0.2440807808881817,PILOT_ASC_REMOVE_SLACK_ACC,caténaire,,18.840626468495444,0.008688469508935995,18.840626468495444,0.01515451406984523,-0.9998851637579722,0.9815381706895178,-0.19126635741675857,41.56213396026112,-497.15475679939146,5.0,0.0,-0.008528064467892688,0.0016618119145007607,-4.973444286148869,8.824541346089768,8.829000000000008,0.018027649383238753,-0.00279684199573893,0.28552053890151263,-18.838462881754353,0.008528064467892688,-0.0016618119145007607,-1.8459201687548894,0.0,2.220446049250313e-16,0.2940486033694053,-20.686044862423746
88.39999999999925,0.0,453.0,509.72489745111227,508.75511185701,-0.238511733764675,PILOT_ASC_REMOVE_SLACK_ACC,caténaire,,0.0,0.049404035656681076,1.2973157275343603,0.015186879220504192,-0.9998846726995778,0.980772206466748,-0.1951560376271931,41.588023363707066,-497.18083122417426,5.0,0.0,-0.048454105059364996,0.009641495841550442,-4.970657139196082,8.823425896985322,8.829000000000008,-0.019111244255447524,0.0040673928268653015,0.0,-0.0,0.048454105059364996,-0.009641495841550442,-1.8458337980436266,0.0,0.0,0.048454105059364996,-1.855475293885177
88.49999999999925,0.0,453.0,509.7016002110661,508.7412555845879,-0.2329724004617256,PILOT_ASC_REMOVE_SLACK_ACC,caténaire,,18.838690113939382,0.00885844266795753,18.838690113939382,0.015219165786540973,-0.9998841817894518,0.9799981442632247,-0.1990066261224382,41.61391970748177,-497.2069069425687,5.0,0.0,-0.008681257375660549,0.0017628887880492782,-4.97332252457761,8.824301419253603,8.829000000000008,0.01799621804672924,-0.0029356919583563013,0.2867091480453139,-18.836508250561312,0.008681257375660549,-0.0017628887880492782,-1.8457494332552997,0.0,0.0,0.29539040542097444,-20.684020572604663
88.59999999999924,0.0,453.0,509.67885367211284,508.72780923763196,-0.22746538953260262,PILOT_ASC_REMOVE_SLACK_ACC,caténaire,,0.0,0.04957547591204819,1.2964683255679088,0.015251465277999695,-0.999883689639387,0.979215064703124,-0.20282469538608086,41.63980880426607,-497.23298095415663,5.0,0.0,-0.04854505285290443,0.010055130800481163,-4.970539384387146,8.823146253967538,8.829000000000008,-0.019084437240049823,0.004201384768011351,0.0,-0.0,0.04854505285290443,-0.010055130800481163,-1.845667062685217,0.0,2.220446049250313e-16,0.04854505285290443,-1.855722193485698
88.69999999999924,0.0,453.0,509.65665436630627,508.71474654644175,-0.22199305806578157,PILOT_ASC_REMOVE_SLACK_ACC,caténaire,,18.836838631105042,0.009030832508433742,18.836838631105042,0.015283724155026903,-0.9998831970665139,0.978422976890502,-0.20661190259210196,41.665704829664655,-497.2590563188179,5.0,0.0,-0.008835974026701261,0.0018658774865581002,-4.973200238791449,8.824062006706901,8.829000000000008,0.017963787181849433,-0.0030721158065478704,0.28789704559056406,-18.834638433095325,0.008835974026701261,-0.0018658774865581002,-1.8455866737751285,0.0,0.0,0.29673301961726534,-20.68209098435701
88.79999999999923,0.0,453.0,509.63499862146267,508.7021262139541,-0.21655744843626487,PILOT_ASC_REMOVE_SLACK_ACC,caténaire,,0.0,0.04974837111163063,1.2956273184948668,0.015315976641135185,-0.9998827035505355,0.9776232196054095,-0.210363591166231,41.69159361889873,-497.2851299190837,5.0,0.0,-0.048635162736277084,0.010465246001713002,-4.970421289775247,8.822867882804381,8.829000000000008,-0.019056452511524213,0.004333128806086606,0.0,-0.0,0.048635162736277084,-0.010465246001713002,-1.845508253227194,0.0,4.440892098500626e-16,0.048635162736277084,-1.8559734992289065
88.89999999999922,0.0,453.0,509.6138825809673,508.68991001032583,-0.21116040495394436,PILOT_ASC_REMOVE_SLACK_ACC,caténaire,,18.835070198548877,0.009204628640984466,18.835070198548877,0.015348174067351998,-0.9998822098391381,0.9768155985916404,-0.21408242886340575,41.71748932463939,-497.31120493081613,5.0,0.0,-0.008991224835756999,0.001970549256247624,-4.9730774621838005,8.823823141783913,8.829000000000008,0.01793131298044237,-0.0032063089598466377,0.2890839359781223,-18.832851612600344,0.008991224835756999,-0.001970549256247624,-1.845431787075703,0.0,0.0,0.2980751608138793,-20.680253948932297
88.99999999999922,0.0,453.0,509.59330223062204,508.67813206123935,-0.20580350345238627,PILOT_ASC_REMOVE_SLACK_ACC,caténaire,,0.0,0.04992276269757699,1.2947927542921935,0.0153803618958079,-0.9998817152383347,0.9760010363237666,-0.2177658767918737,41.74337780544516,-497.33727812167155,5.0,0.0,-0.04872466812898062,0.0108714741907105,-4.9703028594022856,8.822590809787206,8.829000000000008,-0.01902752753126613,0.004462283977908044,0.0,-0.0,0.04872466812898062,-0.0108714741907105,-1.8453572607842998,0.0,0.0,0.04872466812898062,-1.8562287349750104
89.09999999999921,0.0,453.0,509.5732534140124,508.66676023057346,-0.2,PILOT_ASC_REMOVE_SLACK_ACC,caténaire,,18.833384086550712,0.009379809730489443,18.833384086550712,0.015412488282287994,-0.9998812205481951,0.975179429747716,-0.2214160784516779,41.76927319058037,-497.36335278140785,5.0,0.0,-0.009146997504120772,0.0020768406871478624,-4.9729543231694775,8.823584911369153,8.829000000000008,0.01789867932640199,-0.0033382479437076285,0.290269311549792,-18.831147067513278,0.009146997504120772,-0.0020768406871478624,-1.8452846593016297,0.0,0.0,0.2994163090539128,-20.678508567502057
89.1999999999992,0.0,453.0,509.55373185554623,508.6557658144154,-0.19521558466163963,PILOT_ASC_REMOVE_SLACK_ACC,caténaire,,0.0,0.0500990701743891,1.2939650403221992,0.015444627997935594,-0.9998807246196946,0.9743504654256425,-0.22503593163055918,41.79516136230851,-497.38942556490633,5.0,0.0,-0.04881405234180795,0.011274090930518413,-4.970184181117764,8.82231513079553,8.829000000000008,-0.01899823345957241,0.004589221726041259,0.0,-0.0,0.04881405234180795,-0.011274090930518413,-1.8452139671447672,0.0,2.220446049250313e-16,0.04881405234180795,-1.8564880580752854
89.2999999999992,0.0,453.0,509.5347331721271,508.6451821237775,-0.1899868341913517,PILOT_ASC_REMOVE_SLACK_ACC,caténaire,,18.8317797642912,0.009556387580300162,18.8317797642912,0.015476698638128644,-0.9998802287270533,0.9735152832448666,-0.22862194402258745,41.82105642609856,-497.4154998736902,5.0,0.0,-0.009303289362033637,0.0021847999064415337,-4.972830901569492,8.823347390493504,8.829000000000008,0.017865809068474015,-0.0034678096000622105,0.29145378023154417,-18.829524258056978,0.009303289362033637,-0.0021847999064415337,-1.845145168441489,0.0,0.0,0.3007570695935778,-20.67685422640491
89.3999999999992,0.0,453.0,509.5162528930589,508.6350726747239,-0.18480279068242733,PILOT_ASC_REMOVE_SLACK_ACC,caténaire,,0.0,0.050275778703356706,1.2931426185135904,0.015508732533067797,-0.9998797323754581,0.9726754510108425,-0.2321690483265459,41.84694428813843,-497.44157225179816,5.0,0.0,-0.048902015725208796,0.01167247969543435,-4.970065269783272,8.822040786869845,8.829000000000008,-0.018967285508480813,0.004713266565271823,0.0,-0.0,0.048902015725208796,-0.01167247969543435,-1.845078247002352,0.0,0.0,0.048902015725208796,-1.8567507266977863
89.49999999999919,0.0,453.0,509.4982864686439,508.62530197040104,-0.1796642441495995,PILOT_ASC_REMOVE_SLACK_ACC,caténaire,,18.830254756631536,0.00973468885694509,18.830254756631536,0.01554072567743382,-0.999879235630693,0.9718286977208164,-0.23568831597315576,41.87283902986816,-497.4676462106328,5.0,0.0,-0.00946044999456229,0.002294352423216033,-4.972707206833988,8.823110551776104,8.829000000000008,0.01783234317144977,-0.003595095800687176,0.29263582360900403,-18.82798073279196,0.00946044999456229,-0.002294352423216033,-1.8450131863518306,0.0,0.0,0.30209627360356633,-20.67528827156701
89.59999999999918,0.0,453.0,509.48082928751205,508.61596122024787,-0.17457181131881555,PILOT_ASC_REMOVE_SLACK_ACC,caténaire,,0.0,0.05045407623768973,1.2923266873851558,0.015572697590204599,-0.999878738192669,0.9709771378593816,-0.2391723181189739,41.898726582036524,-497.4937181856072,5.0,0.0,-0.048989754538611006,0.01206721837231969,-4.969946289512959,8.821767974516064,8.829000000000008,-0.018936044051569567,0.004835192888375417,0.0,-0.0,0.048989754538611006,-0.01206721837231969,-1.8449499697910678,0.0,0.0,0.048989754538611006,-1.8570171881633875
89.69999999999918,0.0,453.0,509.46387668265635,508.6069826250943,-0.16952604855709602,PILOT_ASC_REMOVE_SLACK_ACC,caténaire,,18.828808534863214,0.009913980734374779,18.828808534863214,0.015604612406300714,-0.9998782406231517,0.9701198309427426,-0.242626283843331,41.92462100126064,-497.5197917956857,5.0,0.0,-0.009617749314001268,0.00240539230367573,-4.9725833426134,8.822874523716976,8.829000000000008,0.01779890807259843,-0.0037200839793563034,0.2938162592589873,-18.82651595086921,0.009617749314001268,-0.00240539230367573,-1.8448885804197346,0.0,0.0,0.3034340085729886,-20.67380992359262
89.79999999999917,0.0,453.0,509.4474239466483,508.59838967898713,-0.16452736008028387,PILOT_ASC_REMOVE_SLACK_ACC,caténaire,,0.0,0.05063392079218381,1.2915171543450605,0.015636522188703518,-0.9998777421134257,0.969257480507544,-0.2460486465725181,41.950508243227176,-497.54586336966815,5.0,0.0,-0.049077306495250626,0.01245840768157691,-4.969827183838403,8.821496615652817,8.829000000000008,-0.018904490333653712,0.0049550233343858,0.0,-0.0,0.049077306495250626,-0.01245840768157691,-1.8448290011911235,0.0,0.0,0.049077306495250626,-1.8572874088727005
89.89999999999917,0.0,453.0,509.4314663355364,508.5901873763405,-0.15957611111892137,PILOT_ASC_REMOVE_SLACK_ACC,caténaire,,18.827439630100585,0.010094135748909397,18.827439630100585,0.01566835580042759,-0.9998772437787106,0.968390683742888,-0.24943833634784815,41.9764023396095,-497.571936632156,5.0,0.0,-0.009775067019679898,0.0025178644280773,-4.97245935082213,8.822639287510743,8.829000000000008,0.017765582158189908,-0.0038428480611880644,0.2949950229354868,-18.825128444755038,0.009775067019679898,-0.0025178644280773,-1.8447712149262705,0.0,2.220446049250313e-16,0.3047700899551667,-20.672417524109388
89.99999999999916,0.0,453.0,509.41599908233,508.582421781995,-0.1546725320638668,PILOT_ASC_REMOVE_SLACK_ACC,caténaire,,0.0,0.05081421649776872,1.2907128671566728,0.015700154534734827,-0.9998767449778926,0.9675206938830867,-0.25279182523964344,42.0022892711254,-497.5980078072382,5.0,0.0,-0.04916380600504658,0.012845418536593356,-4.969707984058935,8.821226676439968,8.829000000000008,-0.018871790063982097,0.005072094976553032,0.0,-0.0,0.04916380600504658,-0.012845418536593356,-1.8447152043627801,0.0,0.0,0.04916380600504658,-1.8575606228993735
90.09999999999916,0.0,453.0,509.40101739911285,508.57501217516864,-0.1498168321717706,PILOT_ASC_REMOVE_SLACK_ACC,caténaire,,18.82614592361699,0.010275436634619356,18.82614592361699,0.015731888607887046,-0.9998762461829109,0.9666461963150568,-0.25611546448747036,42.02818304443326,-497.6240807233094,5.0,0.0,-0.009932711738331188,0.0026316982264871056,-4.972335271219407,8.822404848973104,8.829000000000008,0.01773201704226146,-0.003963452800416434,0.2961708305861693,-18.823816116197868,0.009932711738331188,-0.0026316982264871056,-1.8446609521624813,0.0,0.0,0.3061035423245005,-20.671108766586837
90.19999999999915,0.0,453.0,509.38651648911235,508.56796890628505,-0.14500910000474662,PILOT_ASC_REMOVE_SLACK_ACC,caténaire,,0.0,0.05099610374598371,1.2899149474363292,0.015763617372047033,-0.9998757464642032,0.9657675952651682,-0.2594088509201914,42.054069665615756,-497.65015150184644,5.0,0.0,-0.049250384482651725,0.013228840674152503,-4.96958883072041,8.820958334984976,8.829000000000008,-0.01883921520306142,0.005187175659120413,0.0,-0.0,0.049250384482651725,-0.013228840674152503,-1.8446084409551318,0.0,2.220446049250313e-16,0.049250384482651725,-1.857837281629284
90.29999999999914,0.0,453.0,509.3734656701119,508.56131453571857,-0.13050819000427197,PILOT_ASC_HOLD_ACC,caténaire,,18.82492692676112,0.01045736128189275,18.82492692676112,0.015795259747960984,-0.9998752471031045,0.9648858977888228,-0.26266938201521955,42.07996311584642,-497.67622407284875,5.0,0.0,-0.010090160428981162,0.002746828625424653,-4.972211192111469,8.822171325631192,8.829000000000008,0.017698647459550187,-0.004081845743391099,0.2973446105445768,-18.82257846259316,0.010090160428981162,-0.002746828625424653,-1.8445611808685172,0.0,-2.220446049250313e-16,0.3074347709735579,-20.669886472087104
90.39999999999914,0.0,453.0,509.3617199330115,508.5552462965246,-0.11745737100384478,PILOT_ASC_HOLD_ACC,caténaire,,0.0,0.05117620720503461,1.2891246911896366,0.0158267779977483,-0.9998747487051616,0.9640059727943829,-0.2658805830006307,42.10584942665787,-497.7022944570512,5.0,0.0,-0.049334169410616295,0.01360675980743568,-4.969469664359568,8.820691493514099,8.829000000000008,-0.018803833770184575,0.005298253321527113,0.0,-0.0,0.049334169410616295,-0.01360675980743568,-1.844518646790564,0.0,4.440892098500626e-16,0.049334169410616295,-1.8581254065979993
90.49999999999913,0.0,453.0,509.35114876962115,508.5499409947523,-0.1057116339034603,PILOT_ASC_HOLD_ACC,caténaire,,18.82387517153431,0.010634738083143865,18.82387517153431,0.015858009099636826,-0.999874253867653,0.9631327825871265,-0.2690264728720553,42.13174255381902,-497.728366684349,5.0,0.0,-0.010242664882103635,0.002861026076426316,-4.972087117504258,8.821938728681364,8.829000000000008,0.017670217613638073,-0.004200245242218514,0.2985091837606188,-18.82150814203571,0.010242664882103635,-0.002861026076426316,-1.8444803661204063,0.0,2.220446049250313e-16,0.3087518486427224,-20.668849534232546
90.59999999999913,0.0,453.0,509.34163472256984,508.5454696129095,-0.09514047051311428,PILOT_ASC_HOLD_ACC,caténaire,,0.0,0.051351710620691875,1.2883420997993824,0.01588897916908276,-0.9998737622024915,0.9622686031226388,-0.27210133304415324,42.15762855492646,-497.75443667801534,5.0,0.0,-0.04941413884693115,0.01397286891398786,-4.969350755530152,8.820427226385313,8.829000000000008,-0.01876489437708262,0.005400095299293639,0.0,-0.0,0.04941413884693115,-0.01397286891398786,-1.844445913517264,0.0,-4.440892098500626e-16,0.04941413884693115,-1.8584187824312524
90.69999999999912,0.0,453.0,509.33307208022364,508.5417835984194,-0.08562642346180285,PILOT_ASC_HOLD_ACC,caténaire,,18.822993459957146,0.010809084473901519,18.822993459957146,0.01591963886084913,-0.9998732745195964,0.9614131435956242,-0.27510864639552807,42.18352136118532,-497.7805085650696,5.0,0.0,-0.010391995883444314,0.0029736725983899653,-4.971963876751269,8.821708476949214,8.829000000000008,0.017644127365286977,-0.00431785045240396,0.2996552581626428,-18.8206081070683,0.010391995883444314,-0.0029736725983899653,-1.8444149061744364,0.0,-2.220446049250313e-16,0.31004725404608713,-20.667996685841125
90.79999999999912,0.0,453.0,509.3253657021121,508.538925663028,-0.07706378111562256,PILOT_ASC_HOLD_ACC,caténaire,,0.0,0.05152427016626248,1.2875667342818804,0.015950029096107907,-0.9998727901947494,0.9605680117287595,-0.2780451309472218,42.20940705558741,-497.80657817526077,5.0,0.0,-0.04949256574938219,0.014326072445338484,-4.9692329994162945,8.820167741075858,8.829000000000008,-0.018725565165676805,0.0054938135211894945,0.0,-0.0,0.04949256574938219,-0.014326072445338484,-1.844386999565891,0.0,-4.440892098500626e-16,0.04949256574938219,-1.85871307201123
90.89999999999911,0.0,453.0,509.3184299618117,508.5367944955567,-0.0693574030040603,PILOT_ASC_HOLD_ACC,caténaire,,18.822253986997197,0.01098100406153242,18.822253986997197,0.015980127869757804,-0.9998723096042145,0.9597315218440647,-0.2809188601338037,42.235299544601375,-497.83264972808416,5.0,0.0,-0.010538815739350366,0.0030847711440903564,-4.97184204210041,8.82148229703589,8.829000000000008,0.017619142160239853,-0.0044329318200269086,0.30078202550927385,-18.819850565936022,0.010538815739350366,-0.0030847711440903564,-1.8443618836182007,0.0,-2.220446049250313e-16,0.31132084124862425,-20.667297220698316
90.9999999999991,0.0,453.0,509.3121877955414,508.5354410054723,-0.062421662703654276,PILOT_ASC_HOLD_ACC,caténaire,,0.0,0.05169436912244468,1.2867973031823585,0.016009972340699796,-0.9998718321793298,0.9589054360839376,-0.28372586179034415,42.261184935975166,-497.85871896370395,5.0,0.0,-0.04957001156644186,0.014667029428973775,-4.969116656435771,8.819914284392668,8.829000000000008,-0.018686668002213302,0.005581313821634737,0.0,-0.0,0.04957001156644186,-0.014667029428973775,-1.8443392792652797,0.0,0.0,0.04957001156644186,-1.8590063086942534
91.0999999999991,0.0,453.0,509.306569845898,508.5347257730893,-0.05617949643328885,PILOT_ASC_HOLD_ACC,caténaire,Fx:(e1>10:0),18.821632258172162,0.01115100826236192,18.821632258172162,0.016039560983537482,-0.9998713579673414,0.9580869541807041,-0.2864775527484508,42.28707711178427,-497.8847901896943,0.0,0.0,-0.010683635542130199,0.0031945135576791983,-4.97172176044964,8.821261126167986,8.829000000000008,-4.98240539599177,-0.004544360274342907,0.3018907184146687,-18.819211005140517,0.010683635542130199,-0.0031945135576791983,-1.8443189353476501,0.0,0.0,0.3125743539567989,-20.66672445404585
91.1999999999991,0.0,453.0,509.30151369121904,508.53455969519933,-0.050561546789959964,PILOT_ASC_HOLD_ACC,caténaire,Fx:(e1>5:-5),0.0,0.05186373246632526,1.0990089756417614,0.01607346892087103,-0.9998708134538431,0.9572742564852427,-0.28918160015918376,42.31129553732492,-497.91085906038256,-5.0,0.0,-0.049647815935251055,0.014998037144839748,-4.349722318115446,8.819667354091544,8.829000000000008,-9.399370134050697,0.005665391236377104,0.0,-0.0,0.049647815935251055,-0.014998037144839748,-1.8443006258217838,0.0,2.220446049250313e-16,0.049647815935251055,-1.8592986629666233
91.29999999999909,0.0,453.0,509.29696315200795,508.53341531966004,-0.045505392110963966,PILOT_ASC_HOLD_ACC,caténaire,,15.47576369089284,0.011314647177170435,15.47576369089284,0.01611310788797182,-0.9998701754498884,0.9564342688972074,-0.2919477509402396,42.33239383047434,-497.93692996737576,-5.0,0.0,-0.010821716300726857,0.003303285796057239,-3.301143213839298,8.821045260612685,8.829000000000008,-8.311964930140025,-0.0046514535912649535,0.2493626500001133,-15.473754556834038,0.010821716300726857,-0.003303285796057239,-1.8442841472485043,0.0,0.0,0.26018436630084013,-17.3213419898786
91.39999999999908,0.0,453.0,509.29286766671794,508.5303034710975,-0.04095485289986757,PILOT_ASC_HOLD_ACC,caténaire,,0.0,0.05201995249991631,0.8846115019025167,0.016154508300109605,-0.9998695074166337,0.9555457087279058,-0.29484300658432483,42.35070854070818,-497.962998480182,-5.0,0.0,-0.04970744237952453,0.01533771919744909,-2.4875385788033717,8.819425197175649,8.829000000000008,-7.537246021182897,0.005762916373090121,0.0,-0.0,0.04970744237952453,-0.01533771919744909,-1.8442693165325523,0.0,-2.220446049250313e-16,0.04970744237952453,-1.8596070357300016
91.49999999999908,0.0,453.0,509.28918172995697,508.52626020553146,-0.03685936760988081,PILOT_ASC_HOLD_ACC,caténaire,,13.280348175850206,0.011462206218116965,13.280348175850206,0.016195237069244375,-0.9998688485477838,0.9546344610031225,-0.2977801972349361,42.36652380077039,-497.98906907286994,-5.0,0.0,-0.010942217054938728,0.003413218028378381,-1.85490809539378,8.820832572622296,8.829000000000008,-6.8658503124487185,-0.0047542093493344595,0.21507838707000118,-13.278606438901006,0.010942217054938728,-0.003413218028378381,-1.8442559688881957,0.0,2.220446049250313e-16,0.2260206041249399,-15.126275625817579
91.59999999999907,0.0,453.0,509.28586438687205,508.5218867292674,-0.03317343084889273,PILOT_ASC_HOLD_ACC,caténaire,,0.0,0.05216055536127408,0.7838322637214177,0.016234065105829625,-0.9998682188819383,0.9537154717162297,-0.30071049035424324,42.380037537710265,-498.01513722584673,-5.0,0.0,-0.04974632866135802,0.01568522617983838,-1.3543179743710243,8.819181725887084,8.829000000000008,-6.404064303032382,0.005866952066915232,0.0,-0.0,0.04974632866135802,-0.01568522617983838,-1.8442439560082746,0.0,0.0,0.04974632866135802,-1.859929182188113
91.69999999999906,0.0,453.0,509.28287877809566,508.51748794700643,-0.029856087764003458,PILOT_ASC_HOLD_ACC,caténaire,,12.42603184036398,0.011596797626873191,12.42603184036398,0.01627032834159384,-0.9998676294468467,0.9527966834662737,-0.3036090907329184,42.391429524675445,-498.04120750292793,-5.0,0.0,-0.01104939031771433,0.003520893182908636,-0.9624289537820142,8.820619006544174,8.829000000000008,-5.973478344099728,-0.004860100272924939,0.2021756180258215,-12.42438699965577,0.01104939031771433,-0.003520893182908636,-1.8442331444163458,0.0,0.0,0.21322500834353583,-14.272141037255025
91.79999999999906,0.0,453.0,509.2801917301969,508.51326406161576,-0.026870478987603114,PILOT_ASC_HOLD_ACC,caténaire,,0.0,0.05228956569062294,0.7433681657083908,0.016303803998072814,-0.9998670841542852,0.951883166199791,-0.30646115235941607,42.40081746879142,-498.067275296112,-5.0,0.0,-0.04977355734880212,0.01602472055792169,-0.6535979968787176,8.818938282805126,8.829000000000008,-5.70337155422752,0.005963003363040897,0.0,-0.0,0.04977355734880212,-0.01602472055792169,-1.84422341398361,0.0,-2.220446049250313e-16,0.04977355734880212,-1.8602481345415318
91.89999999999905,0.0,453.0,509.277773387088,508.5093412108847,-0.024183431088842803,PILOT_ASC_HOLD_ACC,caténaire,,12.147684268241102,0.011719902342307388,12.147684268241102,0.01633438137851546,-0.9998665850927219,0.9509786033279528,-0.3092566830521468,42.408317200556375,-498.09334525881474,-5.0,0.0,-0.011145376360627483,0.003624458124077069,-0.4171201620668771,8.820406274189061,8.829000000000008,-5.428265538427505,-0.004969267686869117,0.19842490770324267,-12.146063586070811,0.011145376360627483,-0.003624458124077069,-1.8442146565941473,0.0,-2.220446049250313e-16,0.20957028406387015,-13.993902700789036
91.99999999999905,0.0,453.0,509.27559687829,508.50574370701975,-0.021765087979958523,PILOT_ASC_HOLD_ACC,caténaire,,0.0,0.05240790831032314,0.7313039489649056,0.016362165623699132,-0.999866130807571,0.9500835627235124,-0.3119955509980834,42.41399464979765,-498.1194126969733,-5.0,0.0,-0.04979189224235898,0.016351034229936303,-0.2390431160439596,8.818698068659922,8.829000000000008,-5.288835008286319,0.0060491028898503885,0.0,-0.0,0.04979189224235898,-0.016351034229936303,-1.844206774943631,0.0,-2.220446049250313e-16,0.04979189224235898,-1.8605578091735675
92.09999999999904,0.0,453.0,509.27363802037183,508.5024806788638,-0.01958857918196267,PILOT_ASC_HOLD_ACC,caténaire,,12.08384207015861,0.011833084933779436,12.08384207015861,0.016387227113254105,-0.9998657203782609,0.9491986704341554,-0.31467742856142633,42.417922039620215,-498.1454823505139,-5.0,0.0,-0.011231948486277878,0.003723604738910669,-0.11438728230914087,8.820197074037885,8.829000000000008,-5.125619230795419,-0.005079321223211863,0.1980206644043838,-12.082219456416274,0.011231948486277878,-0.003723604738910669,-1.844199681458167,0.0,0.0,0.20925261289066166,-13.930142742613352
92.19999999999904,0.0,453.0,509.2718750482455,508.49952810334383,-0.017629721263766402,PILOT_ASC_HOLD_ACC,caténaire,,0.0,0.0525166231808895,0.7296395248711994,0.016409726634582573,-0.9998653513707624,0.9483232286410405,-0.3173059312711202,42.42012805147155,-498.17154944228855,-5.0,0.0,-0.04980273365222604,0.016663836025626644,-0.03608987714552708,8.81846370464529,8.829000000000008,-5.085892610797753,0.00612754067090826,0.0,-0.0,0.04980273365222604,-0.016663836025626644,-1.8441932973212487,0.0,-2.220446049250313e-16,0.04980273365222604,-1.8608571333468755
92.29999999999903,0.0,453.0,509.2702883733317,508.4968692393469,-0.015866749137389762,PILOT_ASC_HOLD_ACC,caténaire,,12.078113521198876,0.011936792314848309,12.078113521198876,0.016429744299555515,-0.9998650226416821,0.9474572068826048,-0.3198825427031193,42.42065162608491,-498.1976187948389,-5.0,0.0,-0.01130959990576392,0.00381837147739273,-0.0020329508666054644,8.819993405987278,8.829000000000008,-5.01334255077237,-0.005188222535336351,0.19844031677430163,-12.07648324934232,0.01130959990576392,-0.00381837147739273,-1.8441875515980224,0.0,0.0,0.20974991668006554,-13.924489172417736
92.39999999999903,0.0,453.0,509.26886036590935,508.4944135608794,-0.014280074223650786,PILOT_ASC_HOLD_ACC,caténaire,,0.0,0.05261664207197607,0.7295471176497167,0.016447583744777956,-0.9998647293454043,0.9465979829435769,-0.3224162816719271,42.419491270270164,-498.223685550937,-5.0,0.0,-0.04980680725459669,0.016964462090909207,0.00998509237431815,8.818236588189,8.829000000000008,-5.039821714880278,0.006201050279901921,0.0,-0.0,0.04980680725459669,-0.016964462090909207,-1.8441823804471187,0.0,0.0,0.04980680725459669,-1.861146842538028
92.49999999999902,0.0,453.0,509.26757515922924,508.4921318807837,-0.012852066801285707,PILOT_ASC_HOLD_ACC,caténaire,,12.07944361709214,0.012031980518986143,12.07944361709214,0.016463822998101455,-0.9998644620808798,0.9457451951697556,-0.32490925781411734,42.41666380962449,-498.24975461220345,-5.0,0.0,-0.011379187764207249,0.003909301860457706,0.05928746194032439,8.819796308077896,8.829000000000008,-4.952091725823883,-0.005294390061653331,0.1988738216273514,-12.077806394440149,0.011379187764207249,-0.003909301860457706,-1.8441777264113053,0.0,0.0,0.21025300939155864,-13.925893422711912
92.59999999999901,0.0,453.0,509.26641847321713,508.4899882299811,-0.01,PILOT_ASC_HOLD_ACC,caténaire,,0.005216098703177963,0.05270749937281481,0.7318428288510733,0.016478943923749604,-0.9998642129845221,0.9448978277085132,-0.32736538484044586,42.412172857137875,-498.27582104383976,-5.0,0.0,-0.04980320166132054,0.01725461081615908,0.14957073982171043,8.818017062374354,8.829000000000008,-4.90023246183961,0.006271673190505922,8.595579803041268e-05,-0.00521539042470262,0.04980320166132054,-0.01725461081615908,-1.8441735377790733,0.0,2.220446049250313e-16,0.04988915745935095,-1.8666435390199347
92.69999999999901,0.0,453.0,509.26537745580623,508.4879469701872,-0.010410174109041423,PILOT_ASC_HOLD_ACC,caténaire,,12.103799783475711,0.012118417775569955,12.103799783475711,0.016493224069831162,-0.9998639775288348,0.9440552208768537,-0.32978741627775177,42.4060613051551,-498.30188982373113,-5.0,0.0,-0.011440455569793683,0.003996501687579595,0.27699551760477653,8.819605917054911,8.829000000000008,-4.7344449379650175,-0.005397581257517103,0.1996306819252388,-12.102153394718675,0.011440455569793683,-0.003996501687579595,-1.8441697680100648,0.0,0.0,0.21107113749503248,-13.95031966441632
92.799999999999,0.0,453.0,509.26444054013643,508.4860078614338,-0.00936915669813728,PILOT_ASC_HOLD_ACC,caténaire,,0.04800513376237703,0.052789795133077376,0.7434506185790771,0.016506889528289596,-0.999863752017294,0.9432172454463769,-0.3321765011143161,42.39835883174206,-498.32795594186535,-5.0,0.0,-0.049792245153099796,0.017535529441847195,0.4399771649685074,8.817804954315477,8.829000000000008,-4.6098150801845925,0.006340483757316662,0.0007924154398063227,-0.04799859315974238,0.049792245153099796,-0.017535529441847195,-1.844166375217957,0.0,0.0,0.05058466059290612,-1.9097004978195464
92.899999999999,0.0,453.0,509.2635973160336,508.4841766337978,-0.008432241028323552,PILOT_ASC_HOLD_ACC,caténaire,,12.183870902116956,0.012196329158398425,12.183870902116956,0.01652000922078705,-0.9998635353363703,0.9423843475867647,-0.33453212315630865,42.389132540540224,-498.354024450082,-5.0,0.0,-0.011493629696890734,0.00408006388807222,0.6312829163132423,8.81942209169879,8.829000000000008,-4.380210713383648,-0.005497844413145714,0.20127765964785116,-12.18220823427259,0.011493629696890734,-0.00408006388807222,-1.84416332170506,0.0,0.0,0.2127712893447419,-14.030451619865723
92.99999999999899,0.0,453.0,509.26283841434105,508.48249613628735,-0.007589016925491196,PILOT_ASC_HOLD_ACC,caténaire,,0.16406700307417132,0.05286344514596001,0.7701236643435412,0.016532656484904543,-0.9998633262949252,0.9415576109897785,-0.3368519929987366,42.37843342722143,-498.3800902652376,-5.0,0.0,-0.04977397912031931,0.017807156854196017,0.8489171273950364,8.81759996857792,8.829000000000008,-4.200856851725283,0.006407125432108529,0.0027124634023330523,-0.16404457942898068,0.04977397912031931,-0.017807156854196017,-1.8441605735434525,0.0,2.220446049250313e-16,0.05248644252265237,-2.026012309826629
93.09999999999899,0.0,453.0,509.26215540281777,508.4809057756019,-0.0068301152329420765,PILOT_ASC_HOLD_ACC,caténaire,,12.349016196699681,0.012266932085065615,12.349016196699681,0.01654483509238761,-0.9998631248484793,0.9407352893883699,-0.3391417333496129,42.36634679168772,-498.4061585111612,-5.0,0.0,-0.011539935904951682,0.0041602286102111335,1.0833794012201077,8.819244616148929,8.829000000000008,-3.928160534684844,-0.005595155240868621,0.20431243652761985,-12.347325923236626,0.011539935904951682,-0.0041602286102111335,-1.844158100198006,0.0,0.0,0.21585237243257152,-14.195644252044843
93.19999999999898,0.0,453.0,509.26154069244683,508.47946684223814,-0.006147103709647869,PILOT_ASC_HOLD_ACC,caténaire,,0.37242324856666187,0.05293019174110726,0.8126836647094768,0.01655654273872986,-0.9998629310523222,0.9399189318704695,-0.34139771749599596,42.35293803879685,-498.43222403370436,-5.0,0.0,-0.04975008928500068,0.018070246647039434,1.3333571547194287,8.817401998577607,8.829000000000008,-3.716392934565572,0.006472245224637518,0.006166041431790551,-0.37237220090389006,0.04975008928500068,-0.018070246647039434,-1.8441558741871045,0.0,0.0,0.05591613071679123,-2.234598321738034
93.29999999999897,0.0,453.0,509.260987453113,508.4781971987413,-0.0055323933386830825,PILOT_ASC_HOLD_ACC,caténaire,,12.604287020208451,0.012330065748448214,12.604287020208451,0.01656768505909991,-0.9998627464866278,0.9391091870636964,-0.3436188801165663,42.33830322824342,-498.45829202648304,-5.0,0.0,-0.01157927802146713,0.004236843384245408,1.5883416743968848,8.819073332175655,8.829000000000008,-3.4232376036245826,-0.0056898244401075715,0.2088238577453145,-12.602557037531376,0.01157927802146713,-0.004236843384245408,-1.8441538707772924,0.0,0.0,0.22040313576678164,-14.450947751692913
93.39999999999897,0.0,453.0,509.2604895377125,508.4770612956164,-0.004979154004814774,PILOT_ASC_HOLD_ACC,caténaire,,0.664544373328086,0.052991161922135266,0.8670293195328296,0.016578293030021177,-0.9998625706566932,0.9383044511352336,-0.3458102904481127,42.3225146288585,-498.4843572664025,-5.0,0.0,-0.04972184310236742,0.018324889095476565,1.848659519906087,8.817210788682882,8.829000000000008,-3.2010623231962807,0.006535677778350291,0.0110170113524848,-0.6644530454312613,0.04972184310236742,-0.018324889095476565,-1.8441520677084617,0.0,2.220446049250313e-16,0.06073885445485222,-2.5269300022351997
93.49999999999896,0.0,453.0,509.26004141385204,508.4761125197078,-0.004481238604333296,PILOT_ASC_HOLD_ACC,caténaire,,12.928786049734109,0.012387537550835,12.928786049734109,0.016588233619705142,-0.9998624057866052,0.9375064604612271,-0.34796786718526407,42.305671726123045,-498.5104250149666,-5.0,0.0,-0.011613396483113858,0.004310465021241425,2.1037958908754812,8.81890809225424,8.829000000000008,-2.9078175056076327,-0.005781442724526187,0.21446572341217418,-12.927007123587446,0.011613396483113858,-0.004310465021241425,-1.844150444946514,0.0,0.0,0.22607911989528803,-14.775468033555201
93.59999999999896,0.0,453.0,509.25963810237766,508.47540598040007,-0.004033114743899967,PILOT_ASC_HOLD_ACC,caténaire,,1.0108391430114114,0.05304555009451589,1.0108391430114114,0.016597487320648075,-0.9998622522200951,0.9367165359167035,-0.350088747805769,42.287846861860366,-498.53648998191534,-5.0,0.0,-0.049688643930330886,0.01857065020925726,2.3562544288495193,8.817026111470105,8.829000000000008,-2.6934342150808117,0.006596761679354302,0.016777389859346667,-1.0106999021636205,0.049688643930330886,-0.01857065020925726,-1.8441489844607615,0.0,2.220446049250313e-16,0.06646603378967755,-2.873419536833639
93.69999999999895,0.0,453.0,509.2592751220507,508.4749061443158,-0.00362980326950997,PILOT_ASC_HOLD_ACC,caténaire,,13.287907842510544,0.012439781017721412,13.287907842510544,0.016605977922547917,-0.9998621112419631,0.935933535890845,-0.35217668349119924,42.269136881133115,-498.5625574947696,-5.0,0.0,-0.011642808233623816,0.004381000822177902,2.596070017285889,8.818748608297819,8.829000000000008,-2.415572790947735,-0.005870390880010845,0.22065870426958142,-13.286075589401232,0.011642808233623816,-0.004381000822177902,-1.844147670023584,0.0,-2.220446049250313e-16,0.23230151250320524,-15.134604260246995
93.79999999999895,0.0,453.0,509.25894843975647,508.4746127859373,-0.003266822942558973,PILOT_ASC_HOLD_ACC,caténaire,,1.3754156755015075,0.05309593284805861,1.3754156755015075,0.016613737133761478,-0.9998619823447885,0.9351569406604736,-0.3542336747608046,42.249609041077505,-498.5886221984103,-5.0,0.0,-0.049653030123704436,0.018808367407620714,2.8279917601532736,8.816847973348628,8.829000000000008,-2.221661269970431,0.006656340756240553,0.02285079448243702,-1.3752258438550335,0.049653030123704436,-0.018808367407620714,-1.8441464870301243,0.0,0.0,0.07250382460614146,-3.2381806982927785
93.89999999999894,0.0,453.0,509.25865442569165,508.4745346473081,-0.0029401406483030757,PILOT_ASC_HOLD_ACC,caténaire,,13.647606044649715,0.01248791912527248,13.647606044649715,0.016620677542980553,-0.9998618669986431,0.9343870543007496,-0.3562595019857966,42.22935332049052,-498.61468948404536,-5.0,0.0,-0.011668549965809346,0.004448939848408478,3.042741909550472,8.818594870573648,8.829000000000008,-1.968926640415337,-0.0059561895779509655,0.22683245930175516,-13.645720859865431,0.011668549965809346,-0.004448939848408478,-1.8441454223360103,0.0,0.0,0.2385010092675645,-15.49431522204985
93.99999999999893,0.0,453.0,509.2583898130333,508.4746478623218,-0.002646126583472768,PILOT_ASC_HOLD_ACC,caténaire,,1.727909531236742,0.05314292012371484,1.727909531236742,0.01662686871462807,-0.9998617640637864,0.9336225612180796,-0.3582581655518727,42.20842864286562,-498.6407539335082,-5.0,0.0,-0.04961542919651048,0.019038885075591778,3.247037263563212,8.816676013862526,8.829000000000008,-1.8025781656332986,0.006714898938110281,0.028729724926627842,-1.727670672044999,0.04961542919651048,-0.019038885075591778,-1.844144464111308,0.0,0.0,0.07834515412313832,-3.590854021231899
94.09999999999893,0.0,453.0,509.2581516616408,508.4749719355351,-0.002381513925125491,PILOT_ASC_HOLD_ACC,caténaire,,13.982708019071831,0.012532893202146296,13.982708019071831,0.016632234508182183,-0.9998616748207049,0.9328641491111768,-0.36022837104131616,42.186915757926826,-498.66682099984246,-5.0,0.0,-0.011691486752921455,0.004514703702643945,3.432156083579,8.818446491715473,8.829000000000008,-1.5795354031739213,-0.0060388045818911,0.23256367883264223,-13.980773858478061,0.011691486752921455,-0.004514703702643945,-1.8441436017090762,0.0,-2.220446049250313e-16,0.24425516558556368,-15.82943216388978
94.19999999999892,0.0,453.0,509.25793732538756,508.4755171108897,-0.002143362532612942,PILOT_ASC_HOLD_ACC,caténaire,,2.0483710819771854,0.0531865189510872,2.0483710819771854,0.016636845901752354,-0.9998615981016779,0.9321116824324569,-0.3621709699478061,42.16486373302443,-498.69288520355025,-5.0,0.0,-0.04957577566222364,0.01926261315666262,3.6063400058259187,8.816509754248036,8.829000000000008,-1.443235769836305,0.006772367404691337,0.034078434040460175,-2.0480875835309718,0.04957577566222364,-0.01926261315666262,-1.844142825547067,0.0,0.0,0.08365420970268381,-3.9114930222347013
94.29999999999892,0.0,453.0,509.25774442275963,508.4762203180095,-0.0019290262793516476,PILOT_ASC_HOLD_ACC,caténaire,,14.278766671964812,0.012575906372406818,14.278766671964812,0.016640692082375997,-0.9998615340971065,0.9313630580116623,-0.3640918210715055,42.14234326070601,-498.71895205782624,-5.0,0.0,-0.011712734616273165,0.0045787846527543495,3.761185130266195,8.81830301437844,8.829000000000008,-1.2505276043500784,-0.0061182009688138805,0.2376085595042591,-14.276789549645374,0.011712734616273165,-0.0045787846527543495,-1.8441421270012592,0.0,0.0,0.24932129412053228,-16.12551046129939
94.39999999999891,0.0,453.0,509.2575708103945,508.4771054608829,-0.0017361236514164828,PILOT_ASC_HOLD_ACC,caténaire,,2.3269492626317536,0.05322841982930886,2.3269492626317536,0.01664385271223818,-0.9998614814897577,0.930618614416845,-0.3659904295208705,42.11939333783528,-498.7450160235449,-5.0,0.0,-0.04953535830914953,0.01948109223604597,3.9059994856753018,8.816348749990672,8.829000000000008,-1.1435358726338478,0.006829842226709459,0.03872940079609414,-2.3266269370864845,0.04953535830914953,-0.01948109223604597,-1.844141498310032,0.0,0.0,0.08826475910524367,-4.190249527632562
94.4999999999989,0.0,453.0,509.2574145592659,508.47816280928697,-0.0015625112862748345,PILOT_ASC_HOLD_ACC,caténaire,,14.530258697652863,0.012616749741572682,14.530258697652863,0.016646294642535572,-0.9998614408380163,0.9298781098022936,-0.36786777639596735,42.09607484693781,-498.7710826722903,-5.0,0.0,-0.011732039401542181,0.004641295672776738,4.032464963524878,8.818163954699884,8.829000000000008,-0.9792670758766642,-0.006194749627347562,0.24187496751339477,-14.52824539718431,0.011732039401542181,-0.004641295672776738,-1.8441409324879274,0.0,-2.220446049250313e-16,0.2536070069149369,-16.377027625345015
94.5999999999989,0.0,453.0,509.25727393325013,508.47937919003084,-0.001406260157647351,PILOT_ASC_HOLD_ACC,caténaire,,2.5613183632830676,0.053268849970678045,2.5613183632830676,0.016648131029365437,-0.9998614102630569,0.9291406322158033,-0.3697265010323408,42.072417345444876,-498.7971464067244,-5.0,0.0,-0.049494252939164575,0.019694905513675504,4.15056742700329,8.816192282911798,8.829000000000008,-0.8989268259358747,0.006887188425466206,0.04264116371985633,-2.5609633908448726,0.049494252939164575,-0.019694905513675504,-1.8441404232480334,0.0,0.0,0.0921354166590209,-4.424798719606581
94.6999999999989,0.0,453.0,509.25714736983593,508.48075924379987,-0.001265634141882616,PILOT_ASC_HOLD_ACC,caténaire,,14.737697670503081,0.012656141347356369,14.737697670503081,0.016649324720309246,-0.9998613903868664,0.9284064780609674,-0.37156616031930373,42.048472792119696,-498.8232128556402,-5.0,0.0,-0.011750043614140913,0.0047025938448955855,4.25190155731711,8.81802875334064,8.829000000000008,-0.759848486297031,-0.006268652814473086,0.24537271414595094,-14.735654883930493,0.011750043614140913,-0.0047025938448955855,-1.8441399649321284,0.0,0.0,0.25712275776009186,-16.584497442707516
94.79999999999889,0.0,453.0,509.25703346276316,508.48227114773493,-0.0011390707276943543,PILOT_ASC_HOLD_ACC,caténaire,,2.7538305464115105,0.05330830546931803,2.7538305464115105,0.016650005705258063,-0.9998613790471231,0.927674093826921,-0.3733909153185182,42.02426238733614,-498.8492763646597,-5.0,0.0,-0.0494527339696983,0.01990483697326783,4.346841677597206,8.816039788296914,8.829000000000008,-0.7026110563724917,0.006944625270174143,0.04585129430906558,-2.7534488077971053,0.0494527339696983,-0.01990483697326783,-1.8441395524478144,0.0,2.220446049250313e-16,0.09530402827876389,-4.617493197218188
94.89999999999888,0.0,453.0,509.2569309463977,508.4839090579831,-0.001025163654924919,PILOT_ASC_HOLD_ACC,caténaire,,14.905012762471456,0.012694971516505858,14.905012762471456,0.01665014385202217,-0.9998613767466503,0.926943428132494,-0.3752011207898774,41.99983034945879,-498.87534261867324,-5.0,0.0,-0.011767520417554305,0.004763167541388567,4.426791905414678,8.817896886709782,8.829000000000008,-0.5849756150028762,-0.006339945748836229,0.2481706066113761,-14.902946581111104,0.011767520417554305,-0.004763167541388567,-1.8441391812119319,0.0,0.0,0.25993812702893043,-16.751848929864426
94.99999999999888,0.0,453.0,509.25683868166874,508.48568043973273,-0.000922647289432427,PILOT_ASC_HOLD_ACC,caténaire,,2.909233410580965,0.053346831929907135,2.909233410580965,0.01664984580888928,-0.999861381709755,0.9262143430340262,-0.37699733521345646,41.97519077069982,-498.9014059072441,-5.0,0.0,-0.049410600888905545,0.02011161347965512,4.5023191679681265,8.815890654424154,8.829000000000008,-0.5470914329207792,0.00700226790380043,0.04843828770824214,-2.908830137619667,0.049410600888905545,-0.02011161347965512,-1.844138847099637,0.0,-2.220446049250313e-16,0.09784888859714769,-4.773080598198959
95.09999999999887,0.0,453.0,509.2567556434127,508.48751758373453,-0.0008303825604891843,PILOT_ASC_HOLD_ACC,caténaire,,15.037642117850382,0.012733981026514955,15.037642117850382,0.01664911761475686,-0.9998613938354906,0.9254845763926797,-0.37878529387934573,41.95038137884854,-498.9274719704209,-5.0,0.0,-0.011785103036116613,0.00482344474538248,4.564591932608903,8.817767771700236,8.829000000000008,-0.4471931704272132,-0.006408783554389785,0.2503634722687125,-15.035557807953161,0.011785103036116613,-0.00482344474538248,-1.8441385463985722,0.0,0.0,0.2621485753048291,-16.884519799097117
95.19999999999887,0.0,453.0,509.2566809089823,508.4894532907269,-0.0007473443044402659,PILOT_ASC_HOLD_ACC,caténaire,,3.033130112641798,0.05338548987804034,3.033130112641798,0.01664804832158377,-0.9998614116401744,0.924754909090078,-0.38056321171889645,41.92541039350243,-498.9535350426171,-5.0,0.0,-0.04936849383889647,0.02031655348717367,4.624247609498171,8.81574427782371,8.829000000000008,-0.4251208843407257,0.007060831310875315,0.05049569668091147,-3.0327097561143495,0.04936849383889647,-0.02031655348717367,-1.8441382757676137,0.0,0.0,0.09986419051980794,-4.897164585369136
95.29999999999886,0.0,453.0,509.25661364799487,508.49149675952253,-0.0006726098739962393,PILOT_ASC_HOLD_ACC,caténaire,,15.141329348651176,0.012772061957374133,15.141329348651176,0.016646591557719706,-0.9998614358947495,0.9240258968200009,-0.3823298863625401,41.90031023203037,-498.9796009181682,-5.0,0.0,-0.011801716004403249,0.004883140996778174,4.672214273529372,8.8176408301077,8.829000000000008,-0.3395874424750316,-0.006476028895528785,0.2520515253079103,-15.139231303897677,0.011801716004403249,-0.004883140996778174,-1.8441380321997511,0.0,-2.220446049250313e-16,0.2638532413123136,-16.988252477094207
95.39999999999885,0.0,453.0,509.25655311310624,508.4935848190747,-0.0006053488865966154,PILOT_ASC_HOLD_ACC,caténaire,,3.131064839384628,0.05342468975877038,3.131064839384628,0.016644893345517126,-0.9998614641666695,0.9232948327850495,-0.3840919834524374,41.875084365215336,-499.00566377707247,-5.0,0.0,-0.049326739997417046,0.020519995054777234,4.719129748322682,8.815599987906872,8.829000000000008,-0.33019699167473515,0.007119982961640403,0.052116240309455844,-3.130631074707892,0.049326739997417046,-0.020519995054777234,-1.8441378129886745,0.0,-2.220446049250313e-16,0.10144298030687289,-4.995288882751344
95.49999999999885,0.0,453.0,509.25649863170645,508.495769448872,-0.0005448139979369539,PILOT_ASC_HOLD_ACC,caténaire,,15.221463859393237,0.01281027176164775,15.221463859393237,0.01664287523581587,-0.9998614977605073,0.9225638660643812,-0.3858444155774998,41.84976094413294,-499.0317294675694,-5.0,0.0,-0.01181829384176112,0.004942771821261925,4.7557002598271065,8.817515629193808,8.829000000000008,-0.25611803401465494,-0.00654159898493667,0.253328923918362,-15.219355652560354,0.01181829384176112,-0.004942771821261925,-1.8441376156987062,0.0,2.220446049250313e-16,0.2651472177601231,-17.06843604008032
95.59999999999884,0.0,453.0,509.25644959844664,508.49800596076,-0.0004903325981432585,PILOT_ASC_HOLD_ACC,caténaire,,3.208054767841123,0.0534638088712773,3.208054767841123,0.016640667721344406,-0.9998615345025469,0.921830967571116,-0.3875921403058888,41.82433966033841,-499.05779211554807,-5.0,0.0,-0.04928459466184677,0.020722152109323332,4.792528222955372,8.81545729995382,8.829000000000008,-0.2567563717064747,0.0071794520631360825,0.053384173423518796,-3.207610562941837,0.04928459466184677,-0.020722152109323332,-1.844137438137734,0.0,-2.220446049250313e-16,0.10266876808536557,-5.0724701531888945
95.69999999999884,0.0,453.0,509.2564054685128,508.50030907137295,-0.0004412993383289326,PILOT_ASC_HOLD_ACC,caténaire,,15.282773223262625,0.012849032714234536,15.282773223262625,0.01663821072537721,-0.9998615753912428,0.9210969369120342,-0.38933331839346585,41.79884528292734,-499.0838576228393,-5.0,0.0,-0.011835204675363952,0.005002556544779133,4.820127681352097,8.817391679777074,8.829000000000008,-0.19170752332326746,-0.00660576367815402,0.25427800135679585,-15.280657711358469,0.011835204675363952,-0.005002556544779133,-1.8441372783328593,0.0,0.0,0.2661132060321598,-17.12979754623611
95.79999999999883,0.0,453.0,509.25636575157233,508.50263764858346,-0.00039716940449603937,PILOT_ASC_HOLD_ACC,caténaire,,3.2684062505526725,0.05350361693054073,3.2684062505526725,0.016635628636194607,-0.9998616183551996,0.9203598547478915,-0.39107254796065666,41.77327453273028,-499.10992006169965,-5.0,0.0,-0.0492425811066793,0.020923795798137492,4.849049977990806,8.815315835738014,8.829000000000008,-0.20019260311587406,0.007239631536144486,0.054371992616411485,-3.267953963119845,0.0492425811066793,-0.020923795798137492,-1.8441371345084718,0.0,-2.220446049250313e-16,0.10361457372309078,-5.133014893426454
95.89999999999883,0.0,453.0,509.2563300063259,508.50504271958937,-0.0003574524640464354,PILOT_ASC_HOLD_ACC,caténaire,,15.329232830298967,0.01288800690873574,15.329232830298967,0.01663283331116,-0.9998616648597161,0.9196219171612419,-0.39280469635263016,41.74764952389352,-499.1359853871082,-5.0,0.0,-0.011852093621798891,0.005062469640376542,4.869650233586649,8.81726862632995,8.829000000000008,-0.14220186003514979,-0.006668904029680789,0.25496857445432414,-15.327112258724942,0.011852093621798891,-0.005062469640376542,-1.8441370050665236,0.0,0.0,0.26682066807612304,-17.17631173343184
95.99999999999882,0.0,453.0,509.2562978356042,508.50746774399875,-0.00032170721764179187,PILOT_ASC_HOLD_ACC,caténaire,,3.3156873802390425,0.05354389036345027,3.3156873802390425,0.016629955388771725,-0.9998617127301992,0.9188806142926597,-0.3945356975954703,41.721964663878424,-499.1620476180067,-5.0,0.0,-0.049200442868786,0.02112497613651923,4.892424444108583,8.815175154943857,8.829000000000008,-0.1567759987602031,0.007300131080368644,0.05513973321648867,-3.3152288628837163,0.049200442868786,-0.02112497613651923,-1.8441368885687697,0.0,-2.220446049250313e-16,0.10434017608527467,-5.180490727589005
96.09999999999881,0.0,453.0,509.2562688819546,508.5099131650064,-0.0002895364958776127,PILOT_ASC_HOLD_ACC,caténaire,Fx:(e1>15:5),15.364094201599608,0.012928388019243349,15.364094201599608,0.016626934932737918,-0.999861762962632,0.9181362294215619,-0.396264891484922,41.69623999777845,-499.1881127623841,5.0,0.0,-0.011870021428486983,0.005123066275520431,4.907600635204527,8.817146149869357,8.829000000000008,9.89573061377604,-0.006730783855129374,0.2554577945904526,-15.361970314735336,0.011870021428486983,-0.005123066275520431,-1.8441367837207918,0.0,0.0,0.26732781601893957,-17.21123016473165
96.19999999999881,0.0,453.0,509.25624282367,508.51252780526016,-0.00026058284628985144,PILOT_ASC_HOLD_ACC,caténaire,,0.9077200119233204,0.053584009074249525,0.9284011591762125,0.016614940640156253,-0.9998619623465652,0.9173936373513024,-0.3979810474725488,41.673801478144604,-499.21417478602655,5.0,0.0,-0.049157628988490965,0.021325420059148385,3.733860803466532,8.815034952738596,8.829000000000008,8.684703174478042,0.007360372797736048,0.015081714115987894,-0.9075947123828987,0.049157628988490965,-0.021325420059148385,-1.8441366893576112,0.0,-2.220446049250313e-16,0.06423934310447886,-2.773056821799658
96.2999999999988,0.0,453.0,509.25621937121383,508.5179177687802,-0.0002345245616608663,PILOT_ASC_HOLD_ACC,caténaire,,13.75834040441505,0.012979076951902722,13.75834040441505,0.016599323220986555,-0.9998622217428786,0.9167373167674008,-0.3994905406215602,41.65427029191997,-499.2402397497193,5.0,0.0,-0.011898404179004916,0.00518501846828445,2.828961017291297,8.817023908654638,8.829000000000008,7.817062613112292,-0.006791072877085469,0.22837913935724427,-13.756444804253247,0.011898404179004916,-0.00518501846828445,-1.8441366044307486,0.0,0.0,0.2402775435362492,-15.605766427152279
96.3999999999988,0.0,453.0,509.2561982640033,508.5249838204017,-0.00021107210549477966,PILOT_ASC_HOLD_ACC,caténaire,,0.0,0.053643962509260394,0.7541611276254641,0.016583294125777304,-0.9998624877231558,0.9161264286634844,-0.40088946943551623,41.637332385003766,-499.2663015704905,5.0,0.0,-0.04914465179296657,0.021505299668756122,2.127596194246406,8.814897717784195,8.829000000000008,7.07845154245344,0.007403017452944027,0.0,-0.0,0.04914465179296657,-0.021505299668756122,-1.8441365279965725,0.0,-4.440892098500626e-16,0.04914465179296657,-1.865641827665329
96.49999999999879,0.0,453.0,509.2561792675138,508.532977069163,-0.0001899648949453017,PILOT_ASC_HOLD_ACC,caténaire,,12.95914962270505,0.013047857093671539,12.95914962270505,0.01656859802859944,-0.9998627313583434,0.9155335938098881,-0.40224151775463307,41.62276637994381,-499.292366357745,5.0,0.0,-0.011945751496486945,0.005248389840803995,1.573441621263681,8.816904541118769,8.829000000000008,6.561495869767194,-0.006847069040436082,0.21471494089107607,-12.957370737839316,0.011945751496486945,-0.005248389840803995,-1.844136459205814,0.0,0.0,0.226660692387563,-14.806755586885933
96.59999999999879,0.0,453.0,509.25616217067324,508.5415171016419,-0.00017096840545077153,PILOT_ASC_HOLD_ACC,caténaire,,0.0,0.05371974293916412,0.6744946999318676,0.016556194170461225,-0.999862936824138,0.9149446833981514,-0.403579268944103,41.61037515093838,-499.31842798467073,5.0,0.0,-0.0491505931957036,0.021680174583252994,1.1386715972615633,8.814766589467048,8.829000000000008,6.08952100406586,0.007446764050293098,0.0,-0.0,0.0491505931957036,-0.021680174583252994,-1.8441363972941314,0.0,2.220446049250313e-16,0.0491505931957036,-1.865816571877384
96.69999999999878,0.0,453.0,509.2561467835167,508.550327643882,-0.00015387156490569438,PILOT_ASC_HOLD_ACC,caténaire,,12.315528158440731,0.013130493642996836,12.315528158440731,0.01654647619753888,-0.9998630976916011,0.9143500150312921,-0.4049247461100346,41.60002616639463,-499.3444926008945,5.0,0.0,-0.012005867059842443,0.005316861804689917,0.7942645837401857,8.816788832791929,8.829000000000008,5.782258716680343,-0.006894305403388756,0.20377859353375938,-12.31384213420669,0.012005867059842443,-0.005316861804689917,-1.8441363415736167,0.0,-2.220446049250313e-16,0.21578446059360182,-14.163295337584996
96.79999999999878,0.0,453.0,509.25613293507587,508.55918184564985,-0.00013848440841512493,PILOT_ASC_HOLD_ACC,caténaire,,0.0,0.053810527160195396,0.6440460069498957,0.01653969133634287,-0.9998632099494902,0.9137409211673077,-0.4062973406069994,41.591592230301906,-499.37055403712833,5.0,0.0,-0.04916888065585537,0.0218630740818481,0.527509557767559,8.814637595313775,8.829000000000008,5.478340677111704,0.0075006693956147785,0.0,-0.0,0.04916888065585537,-0.0218630740818481,-1.8441362914251538,0.0,-2.220446049250313e-16,0.04916888065585537,-1.8659993655070022
96.89999999999877,0.0,453.0,509.2561204714791,508.5680406289152,-0.00012463596757361243,PILOT_ASC_HOLD_ACC,caténaire,,12.117275191363532,0.01322682801423309,12.117275191363532,0.016535753912161704,-0.9998632750744256,0.9131166684554515,-0.40769835637247437,41.58499679805892,-499.39661848263984,5.0,0.0,-0.012077637130589755,0.00539255604142423,0.322593971515329,8.81667334065601,8.829000000000008,5.310516334384739,-0.006934103302572936,0.2003682806503295,-12.11561845781483,0.012077637130589755,-0.00539255604142423,-1.844136246291537,0.0,2.220446049250313e-16,0.21244591778091926,-13.965147260147791
96.99999999999876,0.0,453.0,509.256109254242,508.5768828487492,-0.0001121723708162512,PILOT_ASC_HOLD_ACC,caténaire,,0.0,0.053912935427419824,0.635820842380241,0.01653460558878126,-0.9998632940647554,0.9124764465232346,-0.4091292394101535,41.58015918519098,-499.42267972463253,5.0,0.0,-0.049194283740448645,0.02205735826578899,0.17355292709646666,8.81450620127065,8.829000000000008,5.124358643356018,0.007563559536430731,0.0,-0.0,0.049194283740448645,-0.02205735826578899,-1.8441362056712818,0.0,2.220446049250313e-16,0.049194283740448645,-1.8661935639370706
97.09999999999876,0.0,453.0,509.25609915872866,508.58565920550734,-0.00010095513373462607,PILOT_ASC_HOLD_ACC,caténaire,,12.07749629299902,0.013335574813241526,12.07749629299902,0.016536109097239227,-0.9998632692003062,0.9118188891482825,-0.41059263679758345,41.577042066864536,-499.44874399416346,5.0,0.0,-0.012159629012363702,0.00547548882578028,0.07205702011834737,8.816554285140503,8.829000000000008,5.0598973911059835,-0.006970226033724103,0.19971479632253414,-12.07584492727258,0.012159629012363702,-0.00547548882578028,-1.8441361691130527,0.0,-2.220446049250313e-16,0.21187442533489784,-13.925456585211414
97.19999999999875,0.0,453.0,509.2560900727666,508.5943684067408,-9.085962036116347e-05,PILOT_ASC_HOLD_ACC,caténaire,,0.0,0.05402807618591918,0.6350030367484774,0.016540182191372862,-0.9998632018296685,0.9111437616200357,-0.41208863811186486,41.57559924775688,-499.47480503390756,5.0,0.0,-0.049227344569132275,0.02226435633525951,0.015438087264591834,8.814369391626446,8.829000000000008,4.966210742695459,0.007633747961698134,0.0,-0.0,0.049227344569132275,-0.02226435633525951,-1.8441361362106459,0.0,-2.220446049250313e-16,0.049227344569132275,-1.8664004925459057
97.29999999999875,0.0,453.0,509.25608189540077,508.60301481543587,-8.177365832504712e-05,PILOT_ASC_HOLD_ACC,caténaire,,12.075320211022468,0.013456665531395316,12.075320211022468,0.016546681037378445,-0.9998630943017385,0.910451664040142,-0.4136154826001274,41.57582419109373,-499.5008691188024,5.0,0.0,-0.012251643525490487,0.005565885207956574,-0.0003752459275575187,8.816429374820698,8.829000000000008,4.987373110546952,-0.007004739971351981,0.19980647195599816,-12.073667030877248,0.012251643525490487,-0.005565885207956574,-1.84413610659848,0.0,-2.220446049250313e-16,0.21205811548148865,-13.923369022683685
97.39999999999874,0.0,453.0,509.2560745357715,508.6116461232147,-7.359629249254241e-05,PILOT_ASC_HOLD_ACC,caténaire,,0.0,0.05415507115448774,0.6349725705581779,0.016555161596265695,-0.999862953921447,0.9097441662535063,-0.4151693051848998,41.57769927919647,-499.5269299453263,5.0,0.0,-0.04926726005583876,0.022483523263447484,-0.02607432519484809,8.81422516144822,8.829000000000008,4.924658414749313,0.0077086847116607515,0.0,-0.0,0.04926726005583876,-0.022483523263447484,-1.8441360799475306,0.0,-2.220446049250313e-16,0.04926726005583876,-1.8666196032109783
97.49999999999874,0.0,453.0,509.2560679121052,508.6202831261201,-6.623666324328817e-05,PILOT_ASC_HOLD_ACC,caténaire,,12.079008169895097,0.013589557576394337,12.079008169895097,0.016565046545952197,-0.999862790203201,0.9090223801485896,-0.41674730039796665,41.58122826177575,-499.5529938346208,5.0,0.0,-0.012353211973260279,0.005663411433565075,-0.09235677302049142,8.816297047878539,8.829000000000008,4.895290015006248,-0.007039540687904022,0.20008933256324915,-12.077350811638572,0.012353211973260279,-0.005663411433565075,-1.8441360559616766,0.0,2.220446049250313e-16,0.21244254453650943,-13.927150279033814
97.59999999999873,0.0,453.0,509.25606195080553,508.62892442988186,-5.961299691895935e-05,PILOT_ASC_HOLD_ACC,caténaire,,0.009122396658606036,0.0542946694298285,0.6385141099177831,0.016576015835865886,-0.9998626084112803,0.9082858267158769,-0.41835016073506653,41.58637671588073,-499.5790544355871,5.0,0.0,-0.04931507870933703,0.022714183683026058,-0.19657279484102871,8.814072587144018,8.829000000000008,4.754112126449634,0.007786770827037159,0.0001512129914741037,-0.009121143318036179,0.04931507870933703,-0.022714183683026058,-1.8441360343744075,0.0,-2.220446049250313e-16,0.049466291700811134,-1.87597136137547
97.69999999999872,0.0,453.0,509.2560565856358,508.63757578537434,-5.3651697227063416e-05,PILOT_ASC_HOLD_ACC,caténaire,,12.112192123479096,0.013734966585394921,12.112192123479096,0.01658778361983794,-0.9998624132522342,0.9075351037766941,-0.4199762319620303,41.59312219794774,-499.6051181173776,5.0,0.0,-0.012464964325445806,0.005768359512658553,-0.33743933399419146,8.816156668972358,8.829000000000008,4.650095701680363,-0.00707497151499048,0.20091442210617666,-12.110525646356512,0.012464964325445806,-0.005768359512658553,-1.8441360149458654,0.0,0.0,0.21337938643162246,-13.960430020815037
97.79999999999872,0.0,453.0,509.256051756983,508.6462550045469,-4.8286527504357074e-05,PILOT_ASC_HOLD_ACC,caténaire,,0.0617032034814855,0.05444588013085124,0.652414697919399,0.016600229006954615,-0.9998622067049623,0.9067706771026244,-0.4216241681247037,41.60140544197997,-499.6311784797803,5.0,0.0,-0.0493699275917003,0.022955698917987488,-0.508827568668254,8.813911216564124,8.829000000000008,4.441802503740046,0.007866915482104275,0.0010242873082553787,-0.061694701193763406,0.0493699275917003,-0.022955698917987488,-1.8441359974601774,0.0,0.0,0.05039421489995568,-1.9287863975719284
97.89999999999871,0.0,453.0,509.25604741119554,508.6549468111942,-4.3457874753921365e-05,PILOT_ASC_HOLD_ACC,caténaire,,12.206797625255406,0.013891680405056742,12.206797625255406,0.016613228631709356,-0.9998619907939448,0.9059924378350774,-0.423293872605845,41.61118159196404,-499.6572419415257,5.0,0.0,-0.012585757395803133,0.005880263195659202,-0.7087701727179014,8.81600780713977,8.829000000000008,4.278644069886296,-0.0071119296645800745,0.2027943198093749,-12.205112974806669,0.012585757395803133,-0.005880263195659202,-1.8441359817230587,0.0,2.220446049250313e-16,0.21538007720517804,-14.055129219725385
97.9999999999987,0.0,453.0,509.2560434999868,508.66358470599243,-3.9112087278529226e-05,PILOT_ASC_HOLD_ACC,caténaire,,0.18999395796259044,0.05460944749200218,0.6814002108395035,0.01662683865246545,-0.9998617645636945,0.9051974537137147,-0.4249912584868154,41.622371709230066,-499.68330205210333,5.0,0.0,-0.04943233281847318,0.023208537814895673,-0.928622060353697,8.813740877156693,8.829000000000008,4.021945606827829,0.007949414971580637,0.003158998883987295,-0.18996769406491607,0.04943233281847318,-0.023208537814895673,-1.844135967559651,0.0,0.0,0.05259133170246048,-2.0573121994394628
98.0999999999987,0.0,453.0,509.25603997989896,508.67217050253635,-3.52008785506763e-05,PILOT_ASC_HOLD_ACC,caténaire,,12.387637704143211,0.014060259819184726,12.387637704143211,0.016641002086717354,-0.9998615289376575,0.9043864215457004,-0.426714425024234,41.63491476086967,-499.70936528118233,5.0,0.0,-0.01271590806387527,0.00599971568443475,-1.16674551912093,8.815850408298028,8.829000000000008,3.820538572815195,-0.007149876017544798,0.20614270488414574,-12.385922374790404,0.01271590806387527,-0.00599971568443475,-1.8441359548125849,0.0,2.220446049250313e-16,0.218858612948021,-14.236058045287423
98.1999999999987,0.0,453.0,509.2560368118199,508.6806952197737,-3.1680790695608673e-05,PILOT_ASC_HOLD_ACC,caténaire,,0.40695998178799186,0.054783472548537285,0.7251623834627338,0.01665579903541246,-0.9998612825579817,0.9035589009443362,-0.42846389874091273,41.64871910118861,-499.73542512619485,5.0,0.0,-0.04950009424587056,0.02347274023471205,-1.413191563130938,8.813561245514554,8.829000000000008,3.5373083426231915,0.008033985749259287,0.006778243672115907,-0.40690352934031443,0.04950009424587056,-0.02347274023471205,-1.844135943340225,0.0,-2.220446049250313e-16,0.05627833791798647,-2.2745122129152513
98.29999999999869,0.0,453.0,509.25603396054873,508.6891388364105,-2.8512711626047807e-05,PILOT_ASC_HOLD_ACC,caténaire,,12.65456459437664,0.014239132229161934,12.65456459437664,0.01667122067034736,-0.9998610255437306,0.9027147612034171,-0.4302395378221968,41.66371480952901,-499.7614881094243,5.0,0.0,-0.012853874849991795,0.006126237669263778,-1.6676453281629018,8.815684092557513,8.829000000000008,3.319500796987106,-0.007189669773230989,0.2109670388400177,-12.65280593314281,0.012853874849991795,-0.006126237669263778,-1.8441359330151013,0.0,2.220446049250313e-16,0.22382091369000948,-14.503068103827175
98.39999999999868,0.0,453.0,509.2560313944047,508.69741895943866,-2.5661440463443026e-05,PILOT_ASC_HOLD_ACC,caténaire,,0.6995009026071344,0.05496887827394759,0.7791285800801807,0.01668742429196101,-0.9998607552406984,0.901850461572984,-0.4320483132250324,41.67980481801862,-499.7875476748798,5.0,0.0,-0.049573708243508804,0.023749211138131186,-1.9199161756186478,8.813372151554292,8.829000000000008,3.0305101161378434,0.008121362692415701,0.011672868354414946,-0.6994035007723196,0.049573708243508804,-0.023749211138131186,-1.8441359237224901,0.0,2.220446049250313e-16,0.06124657659792375,-2.5672886356329405
98.49999999999868,0.0,453.0,509.2560290848751,508.70557444290523,-2.3095296417098723e-05,PILOT_ASC_HOLD_ACC,caténaire,,12.984075227741469,0.014428228808080042,12.984075227741469,0.016704363862873516,-0.99986047237999,0.900968399847539,-0.43388471104219056,41.69691724056233,-499.81361039901924,5.0,0.0,-0.012999378221850039,0.006260187887244418,-2.1716643994126787,8.815508821409304,8.829000000000008,2.815336222365471,-0.007230990703458673,0.21689071702711582,-12.98226359062691,0.012999378221850039,-0.006260187887244418,-1.8441359153591397,0.0,2.220446049250313e-16,0.22989009524896586,-14.832659693873294
98.59999999999867,0.0,453.0,509.2560270062984,508.71357290386976,-2.078576677538885e-05,PILOT_ASC_HOLD_ACC,caténaire,,1.03700545876322,0.05516322541611362,1.03700545876322,0.01672216368110429,-0.9998601748453742,0.9000671722574309,-0.4357511737500108,41.714955933115284,-499.8396696704089,5.0,0.0,-0.04965060831288063,0.02403744022290794,-2.41312508561314,8.813173245929159,8.829000000000008,2.537224306073979,0.008210686152059665,0.01734097501963721,-1.0368604593146007,0.04965060831288063,-0.02403744022290794,-1.8441359078321242,0.0,0.0,0.06699158333251784,-2.905033807369633
98.69999999999867,0.0,453.0,509.25602513557936,508.7214031851349,-1.8707190097849966e-05,PILOT_ASC_HOLD_ACC,caténaire,,13.342129181703731,0.014626782757407357,13.342129181703731,0.016740798927109175,-0.9998598630064526,0.8991470412477862,-0.4376466590930997,41.733852588485085,-499.86573212173846,5.0,0.0,-0.01315162843929696,0.006401362607059887,-2.648131860168127,8.815324270844142,8.829000000000008,2.3387165113925756,-0.007274366548806199,0.22335790189041785,-13.340259455832685,0.01315162843929696,-0.006401362607059887,-1.8441359010578104,0.0,-2.220446049250313e-16,0.2365095303297148,-15.190796719497556
98.79999999999866,0.0,453.0,509.25602345193226,508.729050092837,-1.683647108806497e-05,PILOT_ASC_HOLD_ACC,caténaire,,1.3854052217457404,0.055366530584802016,1.3854052217457404,0.016760370377351924,-0.9998595351272168,0.8982073047601504,-0.43957210748124814,41.753516666508816,-499.89179108453465,5.0,0.0,-0.049730622210495457,0.024337582533086405,-2.867588952905503,8.81296451624506,8.829000000000008,2.0826804248840016,0.008302098778138145,0.023219904639175983,-1.3852106209775148,0.049730622210495457,-0.024337582533086405,-1.8441358949609281,0.0,-2.220446049250313e-16,0.07295052684967143,-3.2536840984715294
98.89999999999866,0.0,453.0,509.25602193664986,508.73650648498835,-1.5152823979258473e-05,PILOT_ASC_HOLD_ACC,caténaire,,13.697008705938655,0.014834005698287044,13.697008705938655,0.016780829154832602,-0.999859191972988,0.8972483683491109,-0.44152617758730706,41.77388716889268,-499.91785324937376,5.0,0.0,-0.013309787408869464,0.00654960183427301,-3.077323836423235,8.815130467724392,8.829000000000008,1.9093663761678954,-0.007319930441342493,0.22984716302661137,-13.695080057166805,0.013309787408869464,-0.00654960183427301,-1.844135889473734,0.0,0.0,0.24315695043548083,-15.545765548474812
98.99999999999865,0.0,453.0,509.2560205728957,508.7437905446938,-1.3637541581332625e-05,PILOT_ASC_HOLD_ACC,caténaire,,1.7172192988274055,0.05557761365260013,1.7172192988274055,0.01680223608161707,-0.9998588324671928,0.8962709514940937,-0.4435069125818358,41.79488200405308,-499.9439118890059,5.0,0.0,-0.04981260067018706,0.02464905583973077,-3.268847494906879,8.812745933823116,8.829000000000008,1.6813399044229338,0.008394989662839691,0.028853124062806997,-1.716976883215701,0.04981260067018706,-0.02464905583973077,-1.8441358845352596,0.0,0.0,0.07866572473299405,-3.5857618235906914
99.09999999999864,0.0,453.0,509.25601934551696,508.75092039741224,-1.2273787423199362e-05,PILOT_ASC_HOLD_ACC,caténaire,,14.026078109663088,0.015048998962642286,14.026078109663088,0.016824531996729994,-0.9998584575444122,0.8952798340310755,-0.44550422980852816,41.81644945825951,-499.96997375371836,5.0,0.0,-0.013473065293608213,0.006704392692241291,-3.449590080300413,8.814927442348118,8.829000000000008,1.5369368544059787,-0.007368164959649093,0.23598219994466077,-14.024092824125178,0.013473065293608213,-0.006704392692241291,-1.8441358800906322,0.0,0.0,0.249455265238269,-15.874933096908052
99.19999999999864,0.0,453.0,509.2560182408761,508.75784947551716,-1.1046408680879425e-05,PILOT_ASC_HOLD_ACC,caténaire,,2.0151226629307057,0.05579584941197064,2.0151226629307057,0.01684774906407961,-0.9998580666031923,0.8942661422642233,-0.44753554808513707,41.8385171299336,-499.9960320559294,5.0,0.0,-0.049896339007998516,0.024970626047462054,-3.611459499183441,8.81251771106598,8.829000000000008,1.3386441618085607,0.008488337113433886,0.0339502809583964,-2.014836649726172,0.049896339007998516,-0.024970626047462054,-1.8441358760904674,0.0,-2.220446049250313e-16,0.08384661996639492,-3.883943151864101
99.29999999999863,0.0,453.0,509.2560172466993,508.7645780710089,-9.941767812791483e-06,PILOT_ASC_HOLD_ACC,caténaire,,14.316806835432038,0.015271303542229282,14.316806835432038,0.016871825117918588,-0.9998576606283469,0.8932339180723173,-0.44959222369295576,41.861043162504544,-500.02209360724936,5.0,0.0,-0.013640846297097121,0.0068658593182409754,-3.7630426153601957,8.814715445586824,8.829000000000008,1.2233165383427074,-0.007418695094942862,0.2415506611744308,-14.314768990143003,0.013640846297097121,-0.0068658593182409754,-1.8441358724903192,0.0,4.440892098500626e-16,0.2551915074715279,-16.165770721951564
99.39999999999863,0.0,453.0,509.25601635194016,508.77116724648664,-8.947591031512334e-06,PILOT_ASC_HOLD_ACC,caténaire,,2.2711055218866605,0.05602073674807225,2.2711055218866605,0.016896764016430768,-0.9998572394926053,0.8921857195756232,-0.45166873013894543,41.88396490128864,-500.04815155829414,5.0,0.0,-0.0499809013267354,0.02530281502844995,-3.896411703502485,8.81228019459854,8.829000000000008,1.0536073951707796,0.008583009626981664,0.03837433405973174,-2.270781297710009,0.0499809013267354,-0.02530281502844995,-1.844135869250186,0.0,2.220446049250313e-16,0.08835523538646714,-4.140219981988645
99.49999999999862,0.0,453.0,509.25601554665695,508.777586978445,-8.0528319283611e-06,PILOT_ASC_HOLD_ACC,caténaire,,14.564790458628535,0.01549973469192164,14.564790458628535,0.016922482693850997,-0.999856804537268,0.8911208029565729,-0.4537661452092173,41.90724996122526,-500.0742127834173,5.0,0.0,-0.01381213602427906,0.007033254862918858,-4.020910824524763,8.814494789951599,8.829000000000008,0.9652770394509584,-0.007471955185490486,0.2464724144757075,-14.562704846719217,0.01381213602427906,-0.007033254862918858,-1.844135866334066,0.0,4.440892098500626e-16,0.26028455049998656,-16.413873967916203
99.59999999999862,0.0,453.0,509.25601482190206,508.7838729268216,-7.24754873552499e-06,PILOT_ASC_HOLD_ACC,caténaire,,2.4838979830726338,0.056252006879458576,2.4838979830726338,0.016948997794570854,-0.9998563554199972,0.8900405519548056,-0.4558813616238165,41.93084474380573,-500.10027037017255,5.0,0.0,-0.05006656725155883,0.025644241490279867,-4.1285892813852225,8.812033805396847,8.829000000000008,0.8213441513632187,0.008678046887119706,0.04209958143703706,-2.4835411845900857,0.05006656725155883,-0.025644241490279867,-1.8441358637095582,0.0,-4.440892098500626e-16,0.09216614868859589,-4.353321289789925
99.69999999999861,0.0,453.0,509.2560141696227,508.7900200703925,-6.522793861972491e-06,PILOT_ASC_HOLD_ACC,caténaire,,14.771005984871715,0.01573386513034849,14.771005984871715,0.016976201346431633,-0.9998558939106401,0.8889453163275469,-0.45801334541617633,41.9547253981616,-500.1263312569793,5.0,0.0,-0.013986545715352598,0.007206320204677834,-4.229238398677791,8.814265938947893,8.829000000000008,0.7567750556068562,-0.007527740847438125,0.2507555716885289,-14.768877392963324,0.013986545715352598,-0.007206320204677834,-1.8441358613475007,0.0,0.0,0.2647421174038815,-16.620219574515502
99.7999999999986,0.0,453.0,509.25601358257126,508.79607890131206,-5.870514475775242e-06,PILOT_ASC_HOLD_ACC,caténaire,,2.6563153057966478,0.056488348748766314,2.6563153057966478,0.017004097326698095,-0.9998554198853473,0.887837151169164,-0.4601577914192296,41.978846304731896,-500.15238846708314,5.0,0.0,-0.05015245462735489,0.02599355380115151,-4.314763280060709,8.811779058772604,8.829000000000008,0.635084265311936,0.008772612573748617,0.04516824399016401,-2.655931255425182,0.05015245462735489,-0.02599355380115151,-1.8441358592216492,0.0,0.0,0.0953206986175189,-4.5260606684479825
99.8999999999986,0.0,453.0,509.256013054225,508.80197105375873,-5.2834630281977174e-06,PILOT_ASC_HOLD_ACC,caténaire,,14.939414968326549,0.015974431293724826,14.939414968326549,0.017032630846775136,-0.9998549342211787,0.8867129692422094,-0.4623203544920605,42.00319096717217,-500.1784490041471,5.0,0.0,-0.01416473540441441,0.0073853047385239266,-4.395185762479766,8.814029361798097,8.829000000000008,0.5906495021158191,-0.0075853334633873,0.25445754022229294,-14.937247770459033,0.01416473540441441,-0.0073853047385239266,-1.8441358573083833,0.0,0.0,0.2686222756267074,-16.78876893250594
99.9999999999986,0.0,453.0,509.2560125787133,508.8078094933239,-4.755116725377945e-06,PILOT_ASC_HOLD_ACC,caténaire,,2.793196776712483,0.05672981269238187,2.793196776712483,0.01706176036387631,-0.9998544375724328,0.8855777085163662,-0.46449125091749793,42.02772053804114,-500.20450582618605,5.0,0.0,-0.0502386575286822,0.026350501661799808,-4.462206065467622,8.811516596542505,8.829000000000008,0.48755527700369594,0.008867098204296653,0.04765685405342011,-2.7927901922089915,0.0502386575286822,-0.026350501661799808,-1.844135855586444,0.0,-2.220446049250313e-16,0.0978955115821023,-4.663276549457235
100.09999999999859,0.0,453.0,509.2560121507528,508.81350487499157,-4.2796050528401506e-06,PILOT_ASC_HOLD_ACC,caténaire,,15.075248154448161,0.016220144113150627,15.075248154448161,0.01709144073662904,-0.9998539306586469,0.8844277106489867,-0.46667721675285595,42.05242465802153,-500.23056600269825,5.0,0.0,-0.014345544924390448,0.007569571710055355,-4.525936922345952,8.813785476417845,8.829000000000008,0.4597175327296572,-0.007644951872107342,0.257657710421727,-15.073046122879507,0.014345544924390448,-0.007569571710055355,-1.844135854036698,0.0,0.0,0.27200325534611747,-16.92475154862626
100.19999999999858,0.0,453.0,509.2560117655883,508.81910828685045,-3.851644547556135e-06,PILOT_ASC_HOLD_ACC,caténaire,,2.9000351715053547,0.05697772051691439,2.9000351715053547,0.017121681071015287,-0.9998534132748172,0.8832650021278549,-0.4688741153188994,42.07727007455502,-500.2566224258813,5.0,0.0,-0.05032642643361271,0.02671537830025574,-4.577857663710613,8.81124684005574,8.829000000000008,0.3718159098557736,0.008962218355987872,0.049653477301241804,-2.899610064846649,0.05032642643361271,-0.02671537830025574,-1.8441358526419267,0.0,2.220446049250313e-16,0.09997990373485452,-4.770461295788832
100.29999999999858,0.0,453.0,509.2560114189403,508.82461901116613,-3.4664800928005215e-06,PILOT_ASC_HOLD_ACC,caténaire,,15.183943095975382,0.01647046540560306,15.183943095975382,0.01715237142796061,-0.999852887256119,0.8820900501112976,-0.47108082480042496,42.10225142963873,-500.28268223171574,5.0,0.0,-0.014528433654984798,0.007758920428118356,-4.6280890430859385,8.813534745118128,8.829000000000008,0.3573825232590764,-0.007706334453761343,0.26044063172318793,-15.181709344443599,0.014528433654984798,-0.007758920428118356,-1.8441358513866328,0.0,0.0,0.27496906537817273,-17.03360411625835
100.39999999999857,0.0,453.0,509.2560111069571,508.830053964093,-3.1198320835204693e-06,PILOT_ASC_HOLD_ACC,caténaire,,2.982173078641436,0.05723070646415667,2.982173078641436,0.017183551850493806,-0.9998523518729159,0.8809032652244938,-0.4732963525285454,42.127340001881294,-500.30873824559797,5.0,0.0,-0.050414716195380155,0.0270870846221172,-4.6679007663767775,8.810970023693104,8.829000000000008,0.2816845174278422,0.009057108315213114,0.051244325723981854,-2.9817327663717337,0.050414716195380155,-0.0270870846221172,-1.8441358502568683,0.0,0.0,0.10165904191936201,-4.852955701250719
100.49999999999856,0.0,453.0,509.2560108261722,508.8354178827776,-2.8078488751684223e-06,PILOT_ASC_HOLD_ACC,caténaire,,15.270562570312448,0.016725625778526786,15.270562570312448,0.017215111467901067,-0.9998518089882859,0.8797053674873535,-0.4755191546235968,42.15253443757281,-500.33479767100187,5.0,0.0,-0.014713622771954859,0.007953355430755695,-4.707377118061229,8.81327742060759,8.829000000000008,0.2779092591668162,-0.007769223961661353,0.2628844368254866,-15.26829961019571,0.014713622771954859,-0.007953355430755695,-1.84413584924008,0.0,-2.220446049250313e-16,0.2775980595974415,-17.120388814866544
100.59999999999856,0.0,453.0,509.2560105734658,508.8406982915249,-2.52706398765158e-06,PILOT_ASC_HOLD_ACC,caténaire,,3.0444076708098002,0.05748913702563214,3.0444076708098002,0.01724711852291179,-0.9998512573891462,0.8784953262412376,-0.4777509411527111,42.17780963217176,-500.3608532658332,5.0,0.0,-0.050503938186659915,0.027465489320052924,-4.737603786301233,8.810686617716533,8.829000000000008,0.2118922755121071,0.009152107036577206,0.05250725993051844,-3.0439548376643404,0.050503938186659915,-0.027465489320052924,-1.8441358483249706,0.0,0.0,0.10301119811717835,-4.915556175309364
100.69999999999855,0.0,453.0,509.25601034603005,508.8459242217494,-2.2743575888864218e-06,PILOT_ASC_HOLD_ACC,caténaire,,15.339531196533885,0.016985705079766412,15.339531196533885,0.017279446540284172,-0.9998506992182691,0.8772750286196119,-0.47998804585162247,42.20316739438058,-500.38691230156417,5.0,0.0,-0.014901134909976367,0.008152935388649057,-4.768607429037461,8.813013848401756,8.829000000000008,0.2164914360525625,-0.007833216209602867,0.2650586092635286,-15.337240992534857,0.014901134909976367,-0.008152935388649057,-1.844135847501372,0.0,2.220446049250313e-16,0.27995974417350494,-17.18952977542488
100.79999999999855,0.0,453.0,509.25601014133787,508.8511027212276,-2.0469218299977795e-06,PILOT_ASC_HOLD_ACC,caténaire,,3.0908354029428775,0.05775190448198302,3.0908354029428775,0.017312153327180002,-0.9998501334435959,0.8760443816304573,-0.48223048577802474,42.228585476184946,-500.41296746797946,5.0,0.0,-0.05059323144990005,0.02784972895295276,-4.791320993462541,8.810396882738456,8.829000000000008,0.1580857750875584,0.00924661169140073,0.05350901640482328,-3.0903721900846266,0.05059323144990005,-0.02784972895295276,-1.8441358467601336,0.0,0.0,0.10410224785472333,-4.962357765797713
100.89999999999854,0.0,453.0,509.2560099571149,508.8561918789599,-1.8422296469980016e-06,PILOT_ASC_HOLD_ACC,caténaire,,15.394564840584733,0.017251700197572543,15.394564840584733,0.017345172123199998,-0.9998495611860898,0.8748017895124606,-0.48448098937501827,42.25406815758099,-500.43902610509224,5.0,0.0,-0.01509181820496893,0.008358120780121143,-4.815706051196848,8.812744229785311,8.829000000000008,0.16920213059818323,-0.007897649434575271,0.26702137692170513,-15.392248900509452,0.01509181820496893,-0.008358120780121143,-1.8441358460930188,0.0,0.0,0.28211319512667404,-17.24474286738259
100.99999999999854,0.0,453.0,509.2560097913142,508.8612418709367,-1.6580066822982015e-06,PILOT_ASC_HOLD_ACC,caténaire,,3.1248456768476025,0.058019796060231076,3.1248456768476025,0.01737853084544403,-0.9998489819295983,0.8735492548314489,-0.4867357593021292,42.2795954298035,-500.4650808342285,5.0,0.0,-0.050683149613887486,0.028240309489931257,-4.832574306738837,8.810101158705223,8.829000000000008,0.1167425436472751,0.009341468195145808,0.05430522698234849,-3.124373768683182,0.050683149613887486,-0.028240309489931257,-1.8441358454926158,0.0,2.220446049250313e-16,0.10498837659623597,-4.996749923665729
101.09999999999853,0.0,453.0,509.2560096420936,508.8662511358141,-1.4922060140683813e-06,PILOT_ASC_HOLD_ACC,caténaire,,15.438696855603382,0.017521747043243503,15.438696855603382,0.017412133297746622,-0.9998483973153238,0.8722871809972556,-0.4889939405226419,42.30517348718715,-500.49113906397207,5.0,0.0,-0.015283995334497874,0.00856802813151659,-4.851821736769504,8.812468696370987,8.829000000000008,0.13289426789599812,-0.007963275497504085,0.26882064759326774,-15.43635630771217,0.015283995334497874,-0.00856802813151659,-1.844135844952253,0.0,2.220446049250313e-16,0.2841046429277656,-17.28906018079594
101.19999999999852,0.0,453.0,509.25600950779506,508.87122868461853,-1.3429854126615432e-06,PILOT_ASC_HOLD_ACC,caténaire,,3.1491777255733098,0.058292470472286896,3.1491777255733098,0.01744604418552667,-0.9998478061896604,0.8710155425507449,-0.49125545761348205,42.33078406735043,-500.5171933470406,5.0,0.0,-0.050773647795042245,0.02863649425728369,-4.8641678696803075,8.809799496122839,8.829000000000008,0.08505848252465054,0.009435990380115555,0.054940693748428346,-3.148698440215818,0.050773647795042245,-0.02863649425728369,-1.8441358444659262,0.0,2.220446049250313e-16,0.10571434154347059,-5.021470778939028
101.29999999999852,0.0,453.0,509.2560093869264,508.8761377057524,-1.208686871395389e-06,PILOT_ASC_HOLD_ACC,caténaire,,15.474363119373574,0.017797513594702503,15.474363119373574,0.017480198675627376,-0.9998472096546854,0.8697329523085863,-0.4935226354166448,42.35643483765248,-500.5432511610591,5.0,0.0,-0.015479084042472809,0.008783475813121144,-4.879446318729218,8.81218751575435,8.829000000000008,0.10507459722830959,-0.008029008432536955,0.2704949417054511,-15.471998786089042,0.015479084042472809,-0.008783475813121144,-1.8441358440282323,0.0,0.0,0.2859740257479239,-17.324918105930397
101.39999999999851,0.0,453.0,509.2560092781446,508.88098023624985,-1.08781818425585e-06,PILOT_ASC_HOLD_ACC,caténaire,,3.1660130049009645,0.05857135557997727,3.1660130049009645,0.01751467094672906,-0.9998466063860135,0.8684389860543081,-0.4957960543418686,42.38210889288747,-500.56930498968785,5.0,0.0,-0.0508656486517018,0.02903944699400732,-4.888309144146334,8.809492177104191,8.829000000000008,0.060825207201963494,0.00953162409819086,0.05545167599390529,-3.1655273587242148,0.0508656486517018,-0.02903944699400732,-1.8441358436343074,0.0,-2.220446049250313e-16,0.10631732464560709,-5.03870264935253
101.49999999999851,0.0,453.0,509.25600918024094,508.8858233508304,-9.79036365830265e-07,PILOT_ASC_HOLD_ACC,caténaire,,15.5034863328238,0.018077002464779855,15.5034863328238,0.01754931240493402,-0.9998459989588968,0.8671375396874896,-0.4980687575673941,42.40781502638953,-500.59536237961186,5.0,0.0,-0.015675247442233888,0.009003590158175624,-4.900532102023151,8.811900678940455,8.829000000000008,0.08379265053461538,-0.00809573090137583,0.27207552502034976,-15.501098779787815,0.015675247442233888,-0.009003590158175624,-1.8441358432797754,0.0,0.0,0.2877507724625836,-17.354238213225766
101.5999999999985,0.0,453.0,509.25600909212767,508.8906198745857,-8.811327292472385e-07,PILOT_ASC_HOLD_ACC,caténaire,,3.1770642022547584,0.05885479745417493,3.1770642022547584,0.017584240765857104,-0.9998453852854892,0.8658256923634425,-0.5003457508996809,42.43353738605052,-500.62141574512214,5.0,0.0,-0.05095799575467118,0.029447747826257784,-4.90672065690166,8.809178994562497,8.829000000000008,0.04232134734366877,0.009626742388746834,0.055866261861033405,-3.176572981380144,0.05095799575467118,-0.029447747826257784,-1.8441358429606967,0.0,2.220446049250313e-16,0.10682425761570458,-5.050156572167098
101.6999999999985,0.0,453.0,509.2560090128257,508.8953832820725,-7.930194563225146e-07,PILOT_ASC_HOLD_ACC,caténaire,,15.527576683893406,0.01836240085272258,15.527576683893406,0.017619353189351226,-0.9998447671479752,0.8645046110627106,-0.5026248874173574,42.45928562164815,-500.6474727027171,5.0,0.0,-0.01587438020736052,0.009229399661312076,-4.916597655477497,8.811608277512946,8.829000000000008,0.06752796431514252,-0.008162322825750579,0.273585857768253,-15.525166293879732,0.01587438020736052,-0.009229399661312076,-1.8441358426735253,0.0,2.220446049250313e-16,0.28946023797561354,-17.378531536214567
101.79999999999849,0.0,453.0,509.25600894145396,508.9001122791436,-7.137175106902632e-07,PILOT_ASC_HOLD_ACC,caténaire,,3.183669369445564,0.05914323713731295,3.183669369445564,0.017654731797218007,-0.9998441430768938,0.8631736976056449,-0.5049070882467377,42.48504469794603,-500.67352559692426,5.0,0.0,-0.05105088668818191,0.029861839652487003,-4.920738566916397,8.808860282885492,8.829000000000008,0.028210546395420977,0.00972212253797089,0.0562068288485796,-3.183173172533455,0.05105088668818191,-0.029861839652487003,-1.8441358424150716,0.0,-2.220446049250313e-16,0.10725771553676151,-5.057170854601013
101.89999999999849,0.0,453.0,509.25600887721936,508.90475325058065,-6.423457596212369e-07,PILOT_ASC_HOLD_ACC,caténaire,,15.547806665568935,0.018654668023825156,15.547806665568935,0.017690331894861876,-0.9998435138347648,0.8618306090690898,-0.5071962157504741,42.51082491140779,-500.699582113935,5.0,0.0,-0.016077163904954908,0.009461577027765495,-4.928817515888785,8.811310297755231,8.829000000000008,0.0551053202062608,-0.008228125217010884,0.2750458601510602,-15.545373648926022,0.016077163904954908,-0.009461577027765495,-1.8441358421824632,0.0,0.0,0.2911230240560151,-17.39897106813625
101.99999999999848,0.0,453.0,509.25600881940824,508.90938953062494,-5.781111836591132e-07,PILOT_ASC_HOLD_ACC,caténaire,,3.1868651671191905,0.05943667573406409,3.1868651671191905,0.017726165647476314,-0.9998428791822436,0.8604791592749763,-0.5094856391042145,42.536611861880225,-500.72563452843775,5.0,0.0,-0.05114402076574685,0.0302821327225996,-4.931393897577786,8.808535895884596,8.829000000000008,0.017462081656466566,0.009818028607186946,0.05649089984852706,-3.186364444258053,0.05114402076574685,-0.0302821327225996,-1.8441358419731153,0.0,-2.220446049250313e-16,0.1076349206142739,-5.060782418953768
102.09999999999847,0.0,453.0,509.2560087673782,508.9139841398055,-5.203000652932019e-07,PILOT_ASC_HOLD_ACC,caténaire,,15.565079158691763,0.018951268966318914,15.565079158691763,0.01776217507867119,-0.9998422401241482,0.8591178907894919,-0.511777734690964,42.56241633040245,-500.75169059621345,5.0,0.0,-0.016281374222128258,0.009698837501101861,-4.938096337819113,8.811006472419797,8.829000000000008,0.04562228795875889,-0.008294690079109657,0.27646966113005916,-15.562623613736065,0.016281374222128258,-0.009698837501101861,-1.8441358417847022,0.0,0.0,0.29275103535218744,-17.41645829302187
102.19999999999847,0.0,453.0,509.2560087205512,508.9185847392573,-4.682700587638817e-07,PILOT_ASC_HOLD_ACC,caténaire,,3.1874514790938555,0.05973510713520016,3.1874514790938555,0.017798403774623228,-0.9998415958656028,0.8577487890707512,-0.5140690759495846,42.58822441244157,-500.7777425223759,5.0,0.0,-0.05123771581022953,0.030707971326741784,-4.9394794427579845,8.808205675202654,8.829000000000008,0.00928284143178626,0.009913646529387421,0.05673154843693247,-3.186946573601377,0.05123771581022953,-0.030707971326741784,-1.844135841615131,0.0,-2.220446049250313e-16,0.107969264247162,-5.061790386543249
102.29999999999846,0.0,453.0,509.25600867840694,508.92313755709216,-4.214430528874935e-07,PILOT_ASC_HOLD_ACC,caténaire,,15.580093311196885,0.019253340704628467,15.580093311196885,0.017834809198959904,-0.9998409471415125,0.8563694833344461,-0.5163635424906506,42.614047249523765,-500.8037981325595,5.0,0.0,-0.01648797343168474,0.009941723211021394,-4.945129073444804,8.810697000445122,8.829000000000008,0.03838295312351114,-0.008361276343864077,0.2778679915071879,-15.577615252820237,0.01648797343168474,-0.009941723211021394,-1.8441358414625166,0.0,4.440892098500626e-16,0.2943559649388726,-17.431692817493776
102.39999999999846,0.0,453.0,509.2560086404771,508.92769188244375,-3.7929874759874416e-07,PILOT_ASC_HOLD_ACC,caténaire,,3.1860437675859608,0.06003906854695613,3.1860437675859608,0.017871434533879824,-0.9998402931607134,0.8549820577521354,-0.5186575757876521,42.63987132514053,-500.8298495620658,5.0,0.0,-0.05133232637179806,0.03113971774511294,-4.945603448912022,8.807869837645253,8.829000000000008,0.003064224716179176,0.01000955539035786,0.056939172614488325,-3.185534934606011,0.05133232637179806,-0.03113971774511294,-1.8441358413251636,0.0,0.0,0.10827149898628638,-5.060810493676287
102.49999999999845,0.0,453.0,509.25600860634023,508.9321970991999,-3.4136887283886975e-07,PILOT_ASC_HOLD_ACC,caténaire,,15.593384653095372,0.01956097947235496,15.593384653095372,0.01790823535561005,-0.9998396346947084,0.8535842809062851,-0.5209547728831171,42.665708045854046,-500.8559047063292,5.0,0.0,-0.016696944596732714,0.010190385618391994,-4.9504479936842225,8.810381901696207,8.829000000000008,0.03285506171904462,-0.00842771268540865,0.2792500023581897,-15.59088401520495,0.016696944596732714,-0.010190385618391994,-1.844135841201546,0.0,-2.220446049250313e-16,0.2959469469549224,-17.44521024202489
102.59999999999845,0.0,453.0,509.25600857561705,508.9366436522926,-3.072319855549828e-07,PILOT_ASC_HOLD_ACC,caténaire,,3.1831153019857688,0.06035047950974238,3.1831153019857688,0.017945308190685214,-0.9998389699916389,0.8521750263006128,-0.5232568437675227,42.69154420110128,-500.8819556307456,5.0,0.0,-0.05142917146346931,0.031578801428124345,-4.950231303585708,8.807528303740327,8.829000000000008,-0.0016604750491771014,0.010107105168442487,0.05712198510062066,-3.182602724902076,0.05142917146346931,-0.031578801428124345,-1.8441358410902904,0.0,2.220446049250313e-16,0.10855115656408997,-5.058317367420491
102.69999999999844,0.0,453.0,509.2560085479662,508.9410673038724,-2.765087869994845e-07,PILOT_ASC_HOLD_ACC,caténaire,,15.605363111840596,0.019874073233489074,15.605363111840596,0.017982532392874978,-0.9998383011911173,0.8507567428190486,-0.5255596679235605,42.71739138945459,-500.9080103005886,5.0,0.0,-0.0169080018106704,0.01044501132888104,-4.954460113042066,8.810061060111916,8.829000000000008,0.02863188514726378,-0.008493928559209607,0.28062394766124976,-15.602839743213229,0.0169080018106704,-0.01044501132888104,-1.84413584099016,0.0,0.0,0.2975319494719202,-17.45742059553227
102.79999999999843,0.0,453.0,509.2560085230804,508.94547290012525,-2.4885790829953605e-07,PILOT_ASC_HOLD_ACC,caténaire,,3.179023515575956,0.0606667327222178,3.179023515575956,0.018019992515085532,-0.9998376267523424,0.8493291115311288,-0.5278636758726095,42.74323664324443,-500.9340607108189,5.0,0.0,-0.0515260222024577,0.03202376453793101,-4.953718495908829,8.807180625969137,8.829000000000008,-0.005244518111286567,0.010204390507059458,0.057285979955959625,-3.178507327203352,0.0515260222024577,-0.03202376453793101,-1.8441358409000428,0.0,-2.220446049250313e-16,0.10881200215841733,-5.054666932641326
102.89999999999843,0.0,453.0,509.2560085006832,508.94984976518583,-2.2397211746958246e-07,PILOT_ASC_HOLD_ACC,caténaire,,15.616342846998446,0.020193130892043137,15.616342846998446,0.018057609261088518,-0.9998369480809226,0.8478920601033062,-0.5301688923482508,42.76909169765931,-500.96011489724015,5.0,0.0,-0.01712159535199017,0.010705769838077757,-4.957476148515948,8.809734137071349,8.829000000000008,0.02540225613206193,-0.008560093090581589,0.2819938172182926,-15.613796572328273,0.01712159535199017,-0.010705769838077757,-1.8441358408189372,0.0,-2.220446049250313e-16,0.29911541257028273,-17.468638182985288
102.99999999999842,0.0,453.0,509.25600848052574,508.9541765673228,-2.0157490572262422e-07,PILOT_ASC_HOLD_ACC,caténaire,,3.174046538100484,0.06098993437127333,3.174046538100484,0.018095492217924773,-0.9998362631758217,0.8464437848238394,-0.5324780926320761,42.794943780411025,-500.98616478441085,5.0,0.0,-0.051624550885378165,0.03247580392377112,-4.95633663417217,8.806826955206272,8.829000000000008,-0.007961185057548725,0.01030275913003642,0.05743593442952837,-3.1735268298005415,0.051624550885378165,-0.03247580392377112,-1.8441358407459423,0.0,2.220446049250313e-16,0.10906048531490653,-5.050138474470255
103.09999999999842,0.0,453.0,509.256008462384,508.9584948396927,-1.814174151503618e-07,PILOT_ASC_HOLD_ACC,caténaire,,15.62656280505262,0.02051785532041528,15.62656280505262,0.018133514277710674,-0.9998355743120666,0.8449871302569595,-0.5347866394181032,42.82080472016796,-501.0122184784632,5.0,0.0,-0.017337323686225193,0.010972674894871737,-4.959733329111253,8.809401169623872,8.829000000000008,0.022929347202522266,-0.008626155481264774,0.28336449973696426,-15.623993396713365,0.017337323686225193,-0.010972674894871737,-1.8441358406802468,0.0,-2.220446049250313e-16,0.30070182342318946,-17.479101912288485
103.19999999999841,0.0,453.0,509.2560084460564,508.9627934888755,-1.6327567363532563e-07,PILOT_ASC_HOLD_ACC,caténaire,,3.1683926589733957,0.06131836558564928,3.1683926589733957,0.0181717765067772,-0.9998348796369267,0.8435208694998519,-0.5370963998373233,42.846661903578664,-501.0382678332583,5.0,0.0,-0.05172332105511668,0.032933873399961046,-4.9582926140594825,8.80646699268178,8.829000000000008,-0.010015935114599195,0.010400866081733184,0.0575753232845781,-3.1678694928271875,0.05172332105511668,-0.032933873399961046,-1.8441358406211206,0.0,0.0,0.10929864433969477,-5.0449392068482695
103.2999999999984,0.0,453.0,509.2560084313616,508.9670443740426,-1.4694810627179306e-07,PILOT_ASC_HOLD_ACC,caténaire,,15.636207235342445,0.020849850107976797,15.636207235342445,0.018210215809252514,-0.999834180271999,0.8420439326918847,-0.5394089500710799,42.87252722037162,-501.06432102570045,5.0,0.0,-0.0175564897809571,0.011246595755883156,-4.961412368526477,8.80906195914912,8.829000000000008,0.021031141692565924,-0.008691445095003303,0.28473870819378155,-15.633614443711712,0.0175564897809571,-0.011246595755883156,-1.8441358405679071,0.0,2.220446049250313e-16,0.30229519797473864,-17.488996880035504
103.3999999999984,0.0,453.0,509.2560084181363,508.97127218808777,-1.3225329564461375e-07,PILOT_ASC_HOLD_ACC,caténaire,,3.1622240083129274,0.06165338708633093,3.1622240083129274,0.01824890106281262,-0.999833474939702,0.8405570901678355,-0.5417229717933155,42.89838818878917,-501.09036983893117,5.0,0.0,-0.05182319164827753,0.03339905607353082,-4.959744322451277,8.806100824718358,8.829000000000008,-0.011567514099554366,0.010499880791881466,0.057707113066153365,-3.161697418769267,0.05182319164827753,-0.03339905607353082,-1.8441358405200152,0.0,0.0,0.1095303047144309,-5.039232315362813
103.4999999999984,0.0,453.0,509.2560084062335,508.9755216493984,-1.1902796608015238e-07,PILOT_ASC_HOLD_ACC,caténaire,,15.645411718383524,0.02118610777345073,15.645411718383524,0.01828770022330502,-0.9998327660266703,0.8390634700465666,-0.5440335405408517,42.92425673393612,-501.1164225202727,5.0,0.0,-0.017776489105172107,0.011525953222270461,-4.962650953394915,8.808716337569017,8.829000000000008,0.019572557499913046,-0.00875770920872121,0.2861185993759814,-15.64279527401748,0.017776489105172107,-0.011525953222270461,-1.8441358404769121,0.0,-2.220446049250313e-16,0.3038950884811535,-17.49845706771666
103.59999999999839,0.0,453.0,509.25600839552095,508.9797123014601,-1.0712516947213714e-07,PILOT_ASC_HOLD_ACC,caténaire,,3.155663388167433,0.06199559409856016,3.155663388167433,0.018326782107201338,-0.9998320504252678,0.8375578068161659,-0.5463487167014253,42.950120485063636,-501.14247078233154,5.0,0.0,-0.05192489382545529,0.0338712132768908,-4.9608117436160875,8.805728168687832,8.829000000000008,-0.01273663744154252,0.010599381964714993,0.05783315531861726,-3.1551333958433925,0.05192489382545529,-0.0338712132768908,-1.84413584043812,0.0,0.0,0.10975804914407256,-5.033140449558403
103.69999999999838,0.0,453.0,509.2560083858797,508.9838513100328,-9.641265252492343e-08,PILOT_ASC_HOLD_ACC,caténaire,,15.654287515352763,0.021531289460965393,15.654287515352763,0.01836605023058197,-0.9998313298746583,0.8360410339627472,-0.5486669203902312,42.97599138407996,-501.16852294333324,5.0,0.0,-0.01800104150349671,0.011813506280578524,-4.963554132410782,8.808364475119149,8.829000000000008,0.01844482608572129,-0.008822018600280757,0.28750743083094105,-15.651647104715414,0.01800104150349671,-0.011813506280578524,-1.8441358404032067,0.0,2.220446049250313e-16,0.30550847233443773,-17.5075964513992
103.79999999999838,0.0,453.0,509.25600837720253,508.98800434195493,-8.677138727243109e-08,PILOT_ASC_HOLD_ACC,caténaire,,3.148801200396143,0.062342592702292504,3.148801200396143,0.018405534921131013,-0.9998306037945963,0.8345163374899348,-0.5509831961706139,43.00185715476528,-501.1945706445327,5.0,0.0,-0.05202591213154388,0.034349720984671914,-4.961586498768558,8.80534897085255,8.829000000000008,-0.013612410900101679,0.010698691837214724,0.05795537045359046,-3.1482678054212254,0.05202591213154388,-0.034349720984671914,-1.8441358403717845,0.0,0.0,0.10998128258513434,-5.026753366777681
103.89999999999837,0.0,453.0,509.2560083693931,508.99209786446244,-7.809424854518798e-08,PILOT_ASC_HOLD_ACC,caténaire,,15.662912240501024,0.021883385571327178,15.662912240501024,0.018445216874382907,-0.999829872515548,0.8329799687371182,-0.5533031462794238,43.02772974054674,-501.22062227494894,5.0,0.0,-0.018228421829066418,0.012108146087861073,-4.964201394260284,8.808005691641473,8.829000000000008,0.01757018391064946,-0.008886162270673736,0.2889058131604681,-15.660247548642355,0.018228421829066418,-0.012108146087861073,-1.8441358403435046,0.0,-4.440892098500626e-16,0.3071342349895345,-17.51649153507372
103.99999999999837,0.0,453.0,509.25600836236464,508.9961801641325,-7.028482369066917e-08,PILOT_ASC_HOLD_ACC,caténaire,,3.141712055259834,0.06269727852847294,3.141712055259834,0.018485143445050364,-0.9998291351385076,0.8314341042518665,-0.5556233708969559,43.05359694915314,-501.2466694053504,5.0,0.0,-0.05212865561235068,0.03483607324205547,-4.9621381597416985,8.804963061925804,8.829000000000008,-0.014266815354049278,0.01079913516785247,0.05807499800452203,-3.141175247064663,0.05212865561235068,-0.03483607324205547,-1.8441358403180528,0.0,-2.220446049250313e-16,0.1102036536168727,-5.020147160624771
104.09999999999836,0.0,453.0,509.256008356039,509.0002517288144,-6.325634132160225e-08,PILOT_ASC_HOLD_ACC,caténaire,,15.671345532323313,0.022240927523806193,15.671345532323313,0.018525223139351,-0.999828393329394,0.8298793567837229,-0.5579428762733998,43.0794707135086,-501.2727204950911,5.0,0.0,-0.018457286627729684,0.01240916707362065,-4.964653673133029,8.80764009272156,8.829000000000008,0.016889040239242092,-0.008950740204827667,0.29031517288016073,-15.668656224892596,0.018457286627729684,-0.01240916707362065,-1.8441358402951462,0.0,-2.220446049250313e-16,0.3087724595078904,-17.525201232261363
104.19999999999835,0.0,453.0,509.2560083503459,509.0042615708579,-5.693070718944203e-08,PILOT_ASC_HOLD_ACC,caténaire,,3.134450563871283,0.06306054427130992,3.134450563871283,0.018565601430898967,-0.9998276443685226,0.8283120028449381,-0.5602671023208549,43.105338916247284,-501.2987670443009,5.0,0.0,-0.0522338057258606,0.03533074840966279,-4.9625195782874485,8.804570134641901,8.829000000000008,-0.014753384013308946,0.010900883051556676,0.05819295987369077,-3.1339103236650123,0.0522338057258606,-0.03533074840966279,-1.8441358402745305,0.0,2.220446049250313e-16,0.11042676559955136,-5.013376912349205
104.29999999999835,0.0,453.0,509.25600834522214,509.00825230009434,-5.1237636470497826e-08,PILOT_ASC_HOLD_ACC,caténaire,,15.679636703799183,0.02260618223873491,15.679636703799183,0.018606144891964084,-0.9998268907027151,0.8267351600306349,-0.562591303851313,43.1312134716508,-501.3248175831792,5.0,0.0,-0.0186893256908222,0.012718041540790266,-4.96495725011805,8.807267613366674,8.829000000000008,0.016353424191128063,-0.009014345092543508,0.29173759236424573,-15.676922412907706,0.0186893256908222,-0.012718041540790266,-1.8441358402559762,0.0,2.220446049250313e-16,0.31042691805506795,-17.53377629470447
104.39999999999834,0.0,453.0,509.2560083406108,509.01221718129364,-4.611387282344804e-08,PILOT_ASC_HOLD_ACC,caténaire,,3.1270549939910097,0.06343013170471015,3.1270549939910097,0.018646955999028287,-0.9998261304006663,0.8251477428528523,-0.5649169872333838,43.157082329847896,-501.35086354041505,5.0,0.0,-0.05233923000500073,0.0358327589024416,-4.962771065908949,8.804169926771063,8.829000000000008,-0.015110295913949301,0.011002685673497936,0.05831005687949202,-3.12651129419211,0.05233923000500073,-0.0358327589024416,-1.844135840239277,0.0,-4.440892098500626e-16,0.11064928688449274,-5.006479893333829
104.49999999999834,0.0,453.0,509.2560083364605,509.01612991029646,-4.150248554110324e-08,PILOT_ASC_HOLD_ACC,caténaire,,15.687821726818864,0.022979999834141028,15.687821726818864,0.01868796971440701,-0.9998253646452232,0.8235487286762367,-0.5672455301681576,43.18295737987627,-501.37691351746986,5.0,0.0,-0.018925149648386975,0.0130353021891815,-4.965147074808947,8.80688773053098,8.829000000000008,0.01592777554266611,-0.009076967279847636,0.29317353731580725,-15.685082078505927,0.018925149648386975,-0.0130353021891815,-1.8441358402242485,0.0,2.220446049250313e-16,0.31209868696419424,-17.542253220919356
104.59999999999833,0.0,453.0,509.2560083327253,509.0200717937756,-3.735223698699291e-08,PILOT_ASC_HOLD_ACC,caténaire,,3.1195564767508444,0.06380545695156688,3.1195564767508444,0.01872919981343495,-0.9998245931533933,0.8219423996699416,-0.5695706204017353,43.208826634944934,-501.4029588717949,5.0,0.0,-0.05244441039880804,0.03634171370092016,-4.962923341501414,8.80376233432447,8.829000000000008,-0.015367751900221549,0.01110404802538234,0.058426796582361704,-3.119009285186446,0.05244441039880804,-0.03634171370092016,-1.844135840210722,0.0,-4.440892098500626e-16,0.11087120698116974,-4.999486839098088
104.69999999999833,0.0,453.0,509.25600832936357,509.02395084186685,-3.361701328829362e-08,PILOT_ASC_HOLD_ACC,caténaire,,15.695926076372492,0.023361531332837582,15.695926076372492,0.01877064793590513,-0.9998238158676089,0.8203237183109251,-0.571899464221237,43.23470195282103,-501.42900827576426,5.0,0.0,-0.019164018248390507,0.013360447252637455,-4.965249869601002,8.80650024122433,8.829000000000008,0.01558611215060779,-0.009139311523041371,0.2946227024075808,-15.693160703254652,0.019164018248390507,-0.013360447252637455,-1.8441358401985484,0.0,-2.220446049250313e-16,0.31378672065597135,-17.550656990705836
104.79999999999832,0.0,453.0,509.256008326338,509.0278126652979,-3.025531195946426e-08,PILOT_ASC_HOLD_ACC,caténaire,,3.1119831089115273,0.06419007867596518,3.1119831089115273,0.018812364536189632,-0.999823031811409,0.8186947774656703,-0.5742289276503202,43.26057140703069,-501.4550530162177,5.0,0.0,-0.052552082177123184,0.036859800043889175,-4.962999750761179,8.803347341599325,8.829000000000008,-0.015551832938302645,0.011207141643206242,0.05854376067530837,-3.1114323868978175,0.052552082177123184,-0.036859800043889175,-1.844135840187592,0.0,4.440892098500626e-16,0.11109584285243156,-4.992428027129298
104.89999999999831,0.0,453.0,509.25600832361505,509.0316700568726,-2.7229780763517834e-08,PILOT_ASC_HOLD_ACC,caténaire,,15.703968116197176,0.023748989480938253,15.703968116197176,0.018854243372657856,-0.9998222429546386,0.8170569954147671,-0.576556906336047,43.28644681933553,-501.48110183593485,5.0,0.0,-0.01940427798943232,0.01369264390373708,-4.965286109788871,8.80610521036325,8.829000000000008,0.015309612221696689,-0.009202145733022249,0.2960864367792409,-15.701176625224392,0.01940427798943232,-0.01369264390373708,-1.8441358401777315,0.0,2.220446049250313e-16,0.31549071476867324,-17.559005109305858
104.99999999999831,0.0,453.0,509.25600832116436,509.03547309539607,-2.4506802687166052e-08,PILOT_ASC_HOLD_ACC,caténaire,,3.1043522436470923,0.06458378718935366,3.1043522436470923,0.018896434544224364,-0.9998214464400711,0.8154065342677442,-0.5788887491336018,43.3123163206195,-501.5071459508375,5.0,0.0,-0.052662042081956406,0.03738682778035567,-4.963017812989627,8.802924463565965,8.829000000000008,-0.01567985507158376,0.011311291346313368,0.05866118897429332,-3.103797950502716,0.052662042081956406,-0.03738682778035567,-1.844135840168857,0.0,2.220446049250313e-16,0.11132323105624972,-4.9853206184519285
105.0999999999983,0.0,453.0,509.2560083189587,509.0392517069858,-2.2056122418449448e-08,PILOT_ASC_HOLD_ACC,caténaire,,15.711966924481674,0.02414541935430254,15.711966924481674,0.01893881350556725,-0.9998206445873188,0.8137458754347042,-0.5812208274081434,43.338191694272076,-501.5331941749114,5.0,0.0,-0.01964823541020497,0.014033820615224322,-4.965271275673793,8.80570248672515,8.829000000000008,0.01508048891600211,-0.009263692659633449,0.29756601138839944,-15.7091488981699,0.01964823541020497,-0.014033820615224322,-1.8441358401608698,0.0,2.220446049250313e-16,0.31721424679860444,-17.567318558945995
105.1999999999983,0.0,453.0,509.2560083169737,509.0430096355349,-1.9850510176604503e-08,PILOT_ASC_HOLD_ACC,caténaire,,3.096675383722493,0.06498472172407015,3.096675383722493,0.018981474941828374,-0.9998198355749063,0.8120745292532473,-0.5835537326914437,43.36406112590261,-501.5592376523423,5.0,0.0,-0.052772437302727536,0.037922076929995885,-4.962991087248981,8.802493537255334,8.829000000000008,-0.015763524551708485,0.011415614185322553,0.05877946619910527,-3.096117472982283,0.052772437302727536,-0.037922076929995885,-1.8441358401536816,0.0,-2.220446049250313e-16,0.1115519035018328,-4.97817539006596
105.29999999999829,0.0,453.0,509.25600831518716,509.0467515729763,-1.7865459158944054e-08,PILOT_ASC_HOLD_ACC,caténaire,,15.719932682896973,0.02454976952597946,15.719932682896973,0.019024319918411078,-0.9998190212491669,0.8103934306857258,-0.5858860704108093,43.389936357877374,-501.5852852685442,5.0,0.0,-0.019894971948702378,0.014383367997067143,-4.965216902211273,8.805291504628892,8.829000000000008,0.014888125840024635,-0.009325127374047781,0.2990610284553182,-15.717087709116841,0.019894971948702378,-0.014383367997067143,-1.8441358401472123,0.0,0.0,0.31895600040402056,-17.575606917261123
105.39999999999829,0.0,453.0,509.2560083135793,509.05047506376854,-1.607891324304965e-08,PILOT_ASC_HOLD_ACC,caténaire,,3.0889644546447226,0.0653938562432148,3.0889644546447226,0.01906745034198811,-0.9998181996430431,0.8087016908452921,-0.5882189857731266,43.41580562982087,-501.61132809636354,5.0,0.0,-0.052884122114781766,0.03846590779517745,-4.962929816256356,8.802054415363997,8.829000000000008,-0.01581393837113776,0.011520323159167845,0.058898676347104634,-3.088402879804241,0.052884122114781766,-0.03846590779517745,-1.84413584014139,0.0,2.220446049250313e-16,0.1117827984618864,-4.971004627740808
105.49999999999828,0.0,453.0,509.25600831213217,509.05412930482476,-1.4471021918744683e-08,PILOT_ASC_HOLD_ACC,caténaire,,15.727876895663918,0.024964739360455623,15.727876895663918,0.019110827115955006,-0.9998173714668814,0.8069966667865247,-0.5905559920917227,43.44168064067892,-501.63737509249756,5.0,0.0,-0.020146461451082044,0.01474307642032515,-4.965132042079977,8.804872286712383,8.829000000000008,0.014721496468940387,-0.009384636867299179,0.3005727362540563,-15.725004536577394,0.020146461451082044,-0.01474307642032515,-1.8441358401361494,0.0,0.0,0.32071919770513835,-17.58388345313387
105.59999999999827,0.0,453.0,509.25600831082977,509.05775506522224,-1.3023919726870215e-08,PILOT_ASC_HOLD_ACC,caténaire,,3.081229004488348,0.06581264714250845,3.081229004488348,0.019154506375028548,-0.999816535613174,0.805280210726804,-0.5928944106768037,43.46754968331493,-501.6634172582915,5.0,0.0,-0.052997622359408,0.039019950642637975,-4.962841832958589,8.80160691330556,8.829000000000008,-0.015839455317997242,0.011626863948190902,0.059019420609394926,-3.080663708698369,0.052997622359408,-0.039019950642637975,-1.844135840131433,0.0,-2.220446049250313e-16,0.11201704296880292,-4.963819499472439
105.69999999999827,0.0,453.0,509.2560083096576,509.0613646189298,-1.1721527754183193e-08,PILOT_ASC_HOLD_ACC,caténaire,,15.735801926778109,0.025386970237813854,15.735801926778109,0.019198379748447653,-0.9998156941231892,0.8035537741143631,-0.5952321665590351,43.493424410803094,-501.6894636212961,5.0,0.0,-0.020399795747924332,0.015111141297023683,-4.965023291504538,8.804444248436495,8.829000000000008,0.01457691274753703,-0.009444610266490017,0.3021019010366404,-15.732901726006672,0.020399795747924332,-0.015111141297023683,-1.8441358401271881,0.0,-2.220446049250313e-16,0.32250169678456475,-17.592148707430884
105.79999999999826,0.0,453.0,509.25600830860265,509.0649918752163,-1.0549374978764874e-08,PILOT_ASC_HOLD_ACC,caténaire,,3.073472209067589,0.06623838632390783,3.073472209067589,0.01924251022112357,-0.9998148457591486,0.8018188356103249,-0.5975671969414843,43.51929316919376,-501.71550511161644,5.0,0.0,-0.05311118579494264,0.039581886845504746,-4.96273277156338,8.801150332548662,8.829000000000008,-0.01584395735832267,0.011732219394160026,0.05914132039732232,-3.072903142653941,0.05311118579494264,-0.039581886845504746,-1.8441358401233683,0.0,0.0,0.11225250619226496,-4.956620869622814
105.89999999999826,0.0,453.0,509.2560083076532,509.0685692417078,-9.494437480888387e-09,PILOT_ASC_HOLD_ACC,caténaire,,15.743715960581673,0.025819129470453055,15.743715960581673,0.019286877467816706,-0.9998139908790742,0.8000716292378329,-0.5999044824709343,43.5451675647436,-501.7415508283524,5.0,0.0,-0.02065715298092792,0.015489011502822187,-4.964895903037231,8.804007337836444,8.829000000000008,0.014446943981840654,-0.00950365066074177,0.30364712061984894,-15.740787485815739,0.02065715298092792,-0.015489011502822187,-1.8441358401199301,0.0,0.0,0.32430427360077685,-17.60041233743849
105.99999999999825,0.0,453.0,509.25600830679866,509.07209467422643,-8.544993732799549e-09,PILOT_ASC_HOLD_ACC,caténaire,,3.0657046668610963,0.06667625419249452,3.0657046668610963,0.01933158587194681,-0.9998131274331598,0.7983112121214369,-0.6022451399564819,43.571035996507874,-501.7675916304074,5.0,0.0,-0.05322840130412734,0.040155450037932826,-4.9626074505688145,8.800685117528497,8.829000000000008,-0.01583585187294201,0.011840567566421711,0.059264933025453374,-3.065131770760826,0.05322840130412734,-0.040155450037932826,-1.8441358401168357,0.0,2.220446049250313e-16,0.11249333432958072,-4.949423060915594
106.09999999999825,0.0,453.0,509.2560083060296,509.07561737026543,-7.690494359519594e-09,PILOT_ASC_HOLD_ACC,caténaire,Fx:(e1>25:10),15.751620283057074,0.026259352764246742,15.751620283057074,0.019376483834027854,-0.9998122583136444,0.7965415217691442,-0.6045838271883363,43.59691002188844,-501.79363668760817,10.0,0.0,-0.02091666481150588,0.01587597999369691,-4.964753844548114,8.80356146957248,8.829000000000008,5.01432949064038,-0.009562550433830808,0.30521101577440063,-15.7486630473023,0.02091666481150588,-0.01587597999369691,-1.8441358401140509,0.0,4.440892098500626e-16,0.3261276805859065,-17.608674867410045
106.19999999999824,0.0,453.0,509.2560083053375,509.0791438149829,-6.9214449235676346e-09,PILOT_ASC_HOLD_ACC,caténaire,,4.532019234017444,0.06712295720216965,4.532019234017444,0.019415990164929443,-0.9998114918953049,0.7947616185873729,-0.6069217162207817,43.624444759185835,-501.81967678719076,10.0,0.0,-0.05334675011036732,0.04073838038295489,-5.622527597599315,8.800210312227044,8.829000000000008,4.324125652290318,0.011948692609990985,0.08799364087495375,-4.531164911661198,0.05334675011036732,-0.04073838038295489,-1.8441358401115442,0.0,0.0,0.14134039098532106,-6.416039132155697
106.29999999999824,0.0,453.0,509.25600830471456,509.0836864416689,-6.229300431210871e-09,PILOT_ASC_HOLD_ACC,caténaire,,17.167510233287686,0.02671912378511008,17.167510233287686,0.019452592992063644,-0.9998107804109161,0.7930319753954669,-0.6091800111628448,43.65343169730879,-501.8457211708788,10.0,0.0,-0.02118911951614185,0.01627675612567479,-6.231238986214398,8.803106163685918,8.829000000000008,3.74757189426946,-0.009617080188414562,0.33395258925523297,-17.164261804055748,0.02118911951614185,-0.01627675612567479,-1.8441358401092887,0.0,2.220446049250313e-16,0.3551417087713748,-19.02467440029071
106.39999999999823,0.0,453.0,509.2560083041539,509.08882576469193,-5.606370388089783e-09,PILOT_ASC_HOLD_ACC,caténaire,,5.8276436316420455,0.06759431971773179,5.8276436316420455,0.019488166305069384,-0.9998100876536834,0.7913234045842512,-0.6113977996012003,43.68365714555256,-501.87176055585763,10.0,0.0,-0.053488967209591905,0.041327018340961245,-6.775092382917347,8.799727320453314,8.829000000000008,3.171418649873061,0.012054338794268205,0.11357008826011869,-5.826536890166463,0.053488967209591905,-0.041327018340961245,-1.8441358401072583,0.0,2.220446049250313e-16,0.1670590554697106,-7.711999748614683
106.49999999999822,0.0,453.0,509.2560083036493,509.09425393247466,-5.045733349280805e-09,PILOT_ASC_HOLD_ACC,caténaire,,18.356795260775346,0.027201256885668636,18.356795260775346,0.019523838834094653,-0.9998093916928267,0.7896160226336879,-0.613601284874922,43.71495051517935,-501.8978042530585,10.0,0.0,-0.021478548272698884,0.016690726175259095,-7.262303270956491,8.80264209896783,8.829000000000008,2.7162181807708103,-0.009667174856918592,0.3583951121818504,-18.353296303105562,0.021478548272698884,-0.016690726175259095,-1.8441358401054309,0.0,0.0,0.3798736604545493,-20.21412286938625
106.59999999999822,0.0,453.0,509.2560083031952,509.09972524591694,-4.541160014352724e-09,PILOT_ASC_HOLD_ACC,caténaire,,6.8671546053905175,0.06808979204904493,6.8671546053905175,0.019560584874263348,-0.9998086734567653,0.787892771006169,-0.6158124563503247,43.74713865919654,-501.92384291090593,10.0,0.0,-0.05364745493475582,0.04193054209410516,-7.6835441788502665,8.799235874992524,8.829000000000008,2.262808366214978,0.012166417086621806,0.13432556050342964,-6.86584073643801,0.05364745493475582,-0.04193054209410516,-1.8441358401037864,0.0,0.0,0.18797301543818545,-8.751907118635902
106.69999999999821,0.0,453.0,509.2560083027865,509.1051683259198,-4.087044012917451e-09,PILOT_ASC_HOLD_ACC,caténaire,,19.28358346362689,0.02770402979558239,19.28358346362689,0.019598726671020604,-0.9998079265103245,0.7861501088810819,-0.6180356027821237,43.78009181126288,-501.9498859065041,10.0,0.0,-0.021779526040241835,0.017122076754206676,-8.053110273893283,8.802167828812268,8.829000000000008,1.9251102000664755,-0.0097100944335331,0.3779336815414362,-19.279879598457583,0.021779526040241835,-0.017122076754206676,-1.8441358401023067,0.0,2.220446049250313e-16,0.39971320758167805,-21.141137515314096
106.7999999999982,0.0,453.0,509.25600830241865,509.110432229311,-3.678339611625706e-09,PILOT_ASC_HOLD_ACC,caténaire,,7.650969181747007,0.06860607446601136,7.650969181747007,0.019638746007657283,-0.9998071412303708,0.7843774952089853,-0.6202837616846651,43.81367608363878,-501.9759238188541,10.0,0.0,-0.05381306084577111,0.04255523394419578,-8.364531251157345,8.798732030737401,8.829000000000008,1.581655687996884,0.01228726468158925,0.15025544047274295,-7.649493625244144,0.05381306084577111,-0.04255523394419578,-1.8441358401009744,0.0,2.220446049250313e-16,0.20406850131851406,-9.536184699289315
106.8999999999982,0.0,453.0,509.2560083020876,509.11551261591444,-3.3105056504631354e-09,PILOT_ASC_HOLD_ACC,caténaire,,19.972043988063504,0.028227780567070614,19.972043988063504,0.019680603861598808,-0.9998063181594938,0.7825760121281874,-0.6225550459530009,43.8477982687918,-502.0019660924072,10.0,0.0,-0.022090383947407664,0.01757334722808387,-8.634623221478703,8.801679753340627,8.829000000000008,1.343286394573889,-0.009746899431297251,0.39306188603550385,-19.968175765825226,0.022090383947407664,-0.01757334722808387,-1.8441358400997758,0.0,0.0,0.4151522699829115,-21.829884953153083
106.9999999999982,0.0,453.0,509.2560083017896,509.1204205047215,-2.979455085416822e-09,PILOT_ASC_HOLD_ACC,caténaire,,8.21786981940881,0.06913799893250158,8.21786981940881,0.019724396753543733,-0.9998054551625075,0.780746261201401,-0.6248482020619359,43.88235768304827,-502.02800323568994,10.0,0.0,-0.053979234173497065,0.04320075432713366,-8.8573226915736,8.798212271967943,8.829000000000008,1.0886980742529033,0.012413026295067908,0.16209252478699215,-8.216271075260257,0.053979234173497065,-0.04320075432713366,-1.8441358400986967,0.0,0.0,0.21607175896048922,-10.103607669686086
107.09999999999819,0.0,453.0,509.2560083015215,509.1251067575846,-2.68150957687514e-09,PILOT_ASC_HOLD_ACC,caténaire,,20.4680339155124,0.028769612012983538,20.4680339155124,0.01977000672874627,-0.9998045543174652,0.7788861439107904,-0.6271653488704392,43.917290643496166,-502.0540447621894,10.0,0.0,-0.0224082521626023,0.018043303754989998,-9.049831757453449,8.801174787231275,8.829000000000008,0.9277599903839491,-0.009781909013742762,0.40465316823388703,-20.464033526653637,0.0224082521626023,-0.018043303754989998,-1.8441358400977257,0.0,0.0,0.4270614203964893,-22.32621267050635
107.19999999999818,0.0,453.0,509.25600830128013,509.12962547028275,-2.413358619187626e-09,PILOT_ASC_HOLD_ACC,caténaire,,8.616141654131722,0.06968677267233303,8.616141654131722,0.01981739726653531,-0.9998036160994719,0.7769991717443985,-0.6295016180348694,43.95252237648178,-502.08008111010736,10.0,0.0,-0.054146564647942944,0.04386793615286176,-9.205295468003277,8.797674756686884,8.829000000000008,0.7405579673487797,0.012542692839739189,0.17074950206467102,-8.61444958262618,0.054146564647942944,-0.04386793615286176,-1.8441358400968517,0.0,2.220446049250313e-16,0.22489606671261397,-10.502453358875895
107.29999999999818,0.0,453.0,509.25600830106293,509.13393786967555,-2.1720227572688634e-09,PILOT_ASC_HOLD_ACC,caténaire,,20.818665929023695,0.029328119391226502,20.818665929023695,0.01986638957635894,-0.9998026438078669,0.7750838341205721,-0.6318584098395409,43.9880115596565,-502.106121862934,10.0,0.0,-0.022731751225297737,0.01853121888212458,-9.340319419783972,8.800651843349687,8.829000000000008,0.6369488289907306,-0.009816937768196254,0.41359172780605535,-20.81455723639065,0.022731751225297737,-0.01853121888212458,-1.8441358400960652,0.0,4.440892098500626e-16,0.4363234790313531,-22.67722429536884
107.39999999999817,0.0,453.0,509.25600830086745,509.1380887340487,-1.9548204815419773e-09,PILOT_ASC_HOLD_ACC,caténaire,,8.889996054855459,0.0702528546796288,8.889996054855459,0.019916938210174095,-0.9998016381124468,0.7731428730460417,-0.6342318959640174,44.023702631994304,-502.13215738775506,10.0,0.0,-0.05431549390669427,0.04455660122034557,-9.446891212521008,8.797118517042062,8.829000000000008,0.49879329357229807,0.012675118262400531,0.17706150211324764,-8.888232618457677,0.05431549390669427,-0.04455660122034557,-1.8441358400953571,0.0,0.0,0.2313769960199419,-10.77692505977338
107.49999999999817,0.0,453.0,509.2560083006915,509.1421294768148,-1.7593384333877795e-09,PILOT_ASC_HOLD_ACC,caténaire,,21.063962173220226,0.029899476379199687,21.063962173220226,0.01996874518961185,-0.999800604728539,0.7711811218126395,-0.6366158004320965,44.05957051565244,-502.15819733946086,10.0,0.0,-0.02305791173572173,0.019034479087644773,-9.54072165929073,8.800110363058074,8.829000000000008,0.43622042897354874,-0.00985515785428781,0.42062089332065733,-21.059762118764652,0.02305791173572173,-0.019034479087644773,-1.84413584009472,0.0,2.220446049250313e-16,0.4436788050563791,-22.922932437947015
107.59999999999816,0.0,453.0,509.25600830053315,509.14600658371216,-1.5834045900490015e-09,PILOT_ASC_HOLD_ACC,caténaire,,9.075027744309768,0.07083585683884686,9.075027744309768,0.020021897572205682,-0.9997995417170424,0.7691941891268153,-0.6390151010841144,44.09557343286571,-502.1842320130199,10.0,0.0,-0.05448652946225998,0.04526518221825558,-9.61269371497437,8.796543262224567,8.829000000000008,0.33281975556337073,0.012808444442814704,0.18169927596149496,-9.073208579830352,0.05448652946225998,-0.04526518221825558,-1.8441358400941466,0.0,-2.220446049250313e-16,0.23618580542375495,-10.962609602142754
107.69999999999816,0.0,453.0,509.25600830039065,509.1497346601811,-1.4250641310441013e-09,PILOT_ASC_HOLD_ACC,caténaire,,21.234924611730314,0.030490169339103028,21.234924611730314,0.020076157475829196,-0.9997984536400353,0.767184138487799,-0.6414269230806685,44.13169778600617,-502.2102711367525,10.0,0.0,-0.02339157429676686,0.019557215503389395,-9.677649286880534,8.799550750698197,8.829000000000008,0.2989591388226991,-0.00989203379842074,0.42631569049245893,-21.230644789970693,0.02339157429676686,-0.019557215503389395,-1.8441358400936307,0.0,2.220446049250313e-16,0.4497072647892258,-23.094337845567715
107.79999999999815,0.0,453.0,509.2560083002624,509.15338228413003,-1.2825577179396911e-09,PILOT_ASC_HOLD_ACC,caténaire,,9.197984139437978,0.07143260832210643,9.197984139437978,0.020131475170148082,-0.9997973413184663,0.7651553028930697,-0.6438457598327528,44.16791147466907,-502.2363049315597,10.0,0.0,-0.05465703905714336,0.04599158198198204,-9.725574124588444,8.795949450423837,8.829000000000008,0.2197688363544117,0.012941032405811015,0.18516898931851153,-9.19612008809951,0.05465703905714336,-0.04599158198198204,-1.844135840093166,0.0,-2.220446049250313e-16,0.2398260283756549,-11.086247510174658
107.89999999999814,0.0,453.0,509.25600830014696,509.1568964374306,-1.154301946145722e-09,PILOT_ASC_HOLD_ACC,caténaire,,21.354316953695538,0.031097326829630276,21.354316953695538,0.020187719039238577,-0.9997962072342507,0.7631047793300837,-0.6462747834811321,44.204208862052184,-502.2623431995613,10.0,0.0,-0.0237305187280805,0.020097418163661306,-9.770582453510018,8.798972396009173,8.829000000000008,0.20568702776190229,-0.009930185827172977,0.43109495093605454,-21.349965098382857,0.0237305187280805,-0.020097418163661306,-1.8441358400927481,0.0,0.0,0.45482546966413506,-23.214198356639265
107.99999999999814,0.0,453.0,509.25600830004305,509.1603257577653,-1.0388717515311499e-09,PILOT_ASC_HOLD_ACC,caténaire,,9.278170120561132,0.07204702885653189,9.278170120561132,0.020244885851707424,-0.9997950512964401,0.7610353861256207,-0.6487103676253583,44.240564551762525,-502.2883760883998,10.0,0.0,-0.05483033842503448,0.0467376545758356,-9.801995468718015,8.795337267964037,8.829000000000008,0.1431741928569501,0.01307492253986453,0.18783549500348262,-9.276268571623515,0.05483033842503448,-0.0467376545758356,-1.844135840092372,0.0,0.0,0.2426658334285171,-11.167142066291722
108.09999999999813,0.0,453.0,509.25600829994954,509.1636703699735,-9.34984576378035e-10,PILOT_ASC_HOLD_ACC,caténaire,,21.43833380837587,0.031719611197488236,21.43833380837587,0.02030279303487174,-0.9997938770541572,0.7589480616696875,-0.6511511650053498,44.276978354261246,-502.31441347376284,10.0,0.0,-0.024073537435249814,0.0206542617847612,-9.833356532077287,8.79837587547135,8.829000000000008,0.14256993048746303,-0.009969862743895774,0.43525805432394893,-21.433914875857326,0.024073537435249814,-0.0206542617847612,-1.844135840092033,0.0,0.0,0.45933159175919874,-23.29870497773412
108.19999999999813,0.0,453.0,509.2560082998654,509.1669362745682,-8.414861187402315e-10,PILOT_ASC_HOLD_ACC,caténaire,,9.32915837274061,0.0726785256895208,9.32915837274061,0.020361512331080914,-0.9997926829176094,0.7568424431326285,-0.6535973655646374,44.31342947793164,-502.3404454293318,10.0,0.0,-0.05500619294613442,0.04750249292379262,-9.853523635245885,8.794706660036187,8.829000000000008,0.09147017180798045,0.013209152959971604,0.1899557732451647,-9.327224278845613,0.05500619294613442,-0.04750249292379262,-1.8441358400917287,0.0,-2.220446049250313e-16,0.24496196619129912,-11.218862611861134
108.29999999999812,0.0,453.0,509.2560082997897,509.17014195581964,-7.573375068662083e-10,PILOT_ASC_HOLD_ACC,caténaire,,21.498265725552237,0.0323581298785038,21.498265725552237,0.020420851774175065,-0.9997914726645838,0.754720811161213,-0.6560461090503934,44.34992142480761,-502.366481905396,10.0,0.0,-0.02442135402956427,0.021228425202939695,-9.875606777299375,8.79776135803906,8.829000000000008,0.09997186867106045,-0.010010216758008283,0.43901289778333036,-21.493782749484417,0.02442135402956427,-0.021228425202939695,-1.8441358400914547,0.0,2.220446049250313e-16,0.4634342518128946,-23.35914701477881
108.39999999999812,0.0,453.0,509.25600829972154,509.17328819886256,-6.816037561795875e-10,PILOT_ASC_HOLD_ACC,caténaire,,9.360340242424549,0.07332649406397346,9.360340242424549,0.020480905586414307,-0.9997902442544438,0.7525823763783934,-0.6584981144731168,44.386436552092526,-502.3925129008528,10.0,0.0,-0.055184227154161304,0.048285358082050714,-9.888157125019315,8.794057938221938,8.829000000000008,0.056658647826523634,0.013343296303981234,0.19170824476181159,-9.35837685727834,0.055184227154161304,-0.048285358082050714,-1.8441358400912076,0.0,0.0,0.24689247191597288,-11.250798055451599
108.49999999999811,0.0,453.0,509.2560082996602,509.17639688799085,-6.134433805616287e-10,PILOT_ASC_HOLD_ACC,caténaire,,21.54187817541495,0.0330128594651337,21.54187817541495,0.02054148834216144,-0.9997890013681331,0.7504296872857147,-0.6609502889327341,44.42298084294968,-502.4185484410744,10.0,0.0,-0.024773829804827528,0.021819859001975864,-9.9039582005743,8.797128924386195,8.829000000000008,0.07126796962087312,-0.010051216611836722,0.4425022394085482,-21.537332868592095,0.024773829804827528,-0.021819859001975864,-1.8441358400909855,0.0,0.0,0.4672760692133757,-23.403288567685056
108.5999999999981,0.0,453.0,509.256008299605,509.17943456688175,-5.520990425054658e-10,PILOT_ASC_HOLD_ACC,caténaire,,9.37814768686431,0.07399274113712019,9.37814768686431,0.02060275408705894,-0.9997877407350164,0.7482593065182535,-0.6634063688334794,44.45953880561397,-502.444578449932,10.0,0.0,-0.0553657571706462,0.04908725571781252,-9.91137004695843,8.79339134471545,8.829000000000008,0.033264195870923885,0.013478600433256105,0.193215670584586,-9.37615708812939,0.0553657571706462,-0.04908725571781252,-1.8441358400907855,0.0,0.0,0.2485814277552322,-11.269380183937988
108.6999999999981,0.0,453.0,509.25600829955533,509.1824486464045,-4.968891382549192e-10,PILOT_ASC_HOLD_ACC,caténaire,,21.574468024464064,0.033684808623850114,21.574468024464064,0.020664490016460486,-0.9997864666279294,0.7460757345095204,-0.6658610954066018,44.49611807753616,-502.4706130280277,10.0,0.0,-0.0251314183358516,0.022429403568838584,-9.922927884398057,8.796478752413071,8.829000000000008,0.05194069726609207,-0.010091844018099039,0.44582537910198367,-21.56986115555617,0.0251314183358516,-0.022429403568838584,-1.8441358400906056,0.0,0.0,0.47095679743783525,-23.436426399215613
108.7999999999981,0.0,453.0,509.2560082995106,509.1854081726029,-4.472002244294273e-10,PILOT_ASC_HOLD_ACC,caténaire,,9.386950520546652,0.07467620682397402,9.386950520546652,0.02072685662846771,-0.999785175632397,0.7438756759970799,-0.6683180220971806,44.53270463876732,-502.49664202357667,10.0,0.0,-0.05554981383208143,0.0499074548423183,-9.926883047543662,8.79270673135392,8.829000000000008,0.01756713862425663,0.013614186196230449,0.1945619776178908,-9.384933974837354,0.05554981383208143,-0.0499074548423183,-1.8441358400904435,0.0,-2.220446049250313e-16,0.2501117914499722,-11.278977269770115
108.89999999999809,0.0,453.0,509.25600829947035,509.1882959297624,-4.024802019864846e-10,PILOT_ASC_HOLD_ACC,caténaire,,21.59963019265767,0.03437811679552439,21.59963019265767,0.02078973882270664,-0.9997838700237586,0.7416586465661434,-0.6707774981122102,44.56930721987937,-502.52267561282696,10.0,0.0,-0.025496827574061423,0.023060067173911205,-9.935578169180905,8.795810549363644,8.829000000000008,0.03892500324503345,-0.010129383462452068,0.4490506703724017,-21.594961865097307,0.025496827574061423,-0.023060067173911205,-1.8441358400902979,0.0,-2.220446049250313e-16,0.4745474979464631,-23.46215777236152
108.99999999999808,0.0,453.0,509.25600829943414,509.191159850853,-3.622321817878361e-10,PILOT_ASC_HOLD_ACC,caténaire,,9.389707608136165,0.0753773210117265,9.389707608136165,0.02085319182354712,-0.9997825485528192,0.7394274087054166,-0.6732362937744762,44.605912813516866,-502.54870356818776,10.0,0.0,-0.05573605715085728,0.050746748232583704,-9.937213704865943,8.792003985306545,8.829000000000008,0.007050237983198926,0.01375073353912093,0.19580537391948324,-9.387665802628172,0.05573605715085728,-0.050746748232583704,-1.844135840090167,0.0,2.220446049250313e-16,0.25154143107034055,-11.282548390950923
109.09999999999808,0.0,453.0,509.2560082994015,509.1940019631436,-3.260089636090525e-10,PILOT_ASC_HOLD_ACC,caténaire,,21.619783320040963,0.0350875311612457,21.619783320040963,0.02091707634364316,-0.9997812140249657,0.7371830207946259,-0.6756931210631867,44.64253086254547,-502.5747361406881,10.0,0.0,-0.025865932213672678,0.023708403440743927,-9.943977312728991,8.795123516540684,8.829000000000008,0.030156755057335616,-0.010168080018580383,0.45222265823831975,-21.615053214667256,0.025865932213672678,-0.023708403440743927,-1.8441358400900487,0.0,2.220446049250313e-16,0.4780885904519924,-23.482897458198046
109.19999999999807,0.0,453.0,509.2560082993722,509.19682147115907,-2.934080672481473e-10,PILOT_ASC_HOLD_ACC,caténaire,,9.388416095815714,0.07609708229497199,9.388416095815714,0.020981522415504276,-0.9997798636285526,0.7349244643870422,-0.6781489745221319,44.67914906350943,-502.6007630280372,10.0,0.0,-0.055925607447048956,0.05160515832246153,-9.944059831862564,8.791282471028525,8.829000000000008,1.4560690386744568e-05,0.01388762935097887,0.19698326276043854,-9.386349363962744,0.055925607447048956,-0.05160515832246153,-1.8441358400899426,0.0,-2.220446049250313e-16,0.2529088702074875,-11.282090362375147
109.29999999999806,0.0,453.0,509.25600829934575,509.19958925784323,-2.6406726052333256e-10,PILOT_ASC_HOLD_ACC,caténaire,,21.63656760355826,0.035818057717323104,21.63656760355826,0.021046439897859814,-0.9997784991525002,0.7326503212688756,-0.6806052503063821,44.71577731563442,-502.6267945563715,10.0,0.0,-0.026242111493823904,0.02437795813818713,-9.949519579277196,8.794417986190306,8.829000000000008,0.024238309228980626,-0.010204055671515277,0.4553727196642697,-21.631775085497083,0.026242111493823904,-0.02437795813818713,-1.8441358400898464,0.0,-2.220446049250313e-16,0.48161483115809356,-23.50028888372512
109.39999999999806,0.0,453.0,509.256008299322,509.2023124128098,-2.376605344709993e-10,PILOT_ASC_HOLD_ACC,caténaire,,9.384422578152225,0.07683850523450053,9.384422578152225,0.021111951946636513,-0.9997771179042871,0.7303601377495434,-0.6830622732858754,44.75240381038238,-502.6528203480192,10.0,0.0,-0.056119781267538825,0.05248548406136657,-9.948564871548736,8.790542281263832,8.829000000000008,-0.004684652816274948,0.014027765325190344,0.19812347851688053,-9.382330958380951,0.056119781267538825,-0.05248548406136657,-1.8441358400897607,0.0,0.0,0.25424325978441936,-11.278952282532078
109.49999999999805,0.0,453.0,509.2560082993006,509.2049781366302,-2.1389448102389939e-10,PILOT_ASC_HOLD_ACC,caténaire,,21.651081438259922,0.03657004980874019,21.651081438259922,0.02117794689653148,-0.9997757221323429,0.7280537612944747,-0.6855200366619256,44.789038730145975,-502.67885080358514,10.0,0.0,-0.026624962313979584,0.025069501885616022,-9.953142238566553,8.793693159045604,8.829000000000008,0.020232799119467515,-0.010237339068787321,0.4585254529519471,-21.64622557988248,0.026624962313979584,-0.025069501885616022,-1.844135840089683,0.0,0.0,0.48515041526592667,-23.51543092185778
109.59999999999805,0.0,453.0,509.25600829928135,509.2076166621765,-1.9250503292150944e-10,PILOT_ASC_HOLD_ACC,caténaire,,9.378628485850745,0.07760032559826853,9.378628485850745,0.021244515695535312,-0.9997743098083998,0.7257325906445002,-0.6879768941442889,44.825670621642466,-502.7048754699864,10.0,0.0,-0.056317085331288146,0.05338723098968234,-9.95149683971385,8.789782165118389,8.829000000000008,-0.007813925045137893,0.01416939610806267,0.19924442007025073,-9.376511821390826,0.056317085331288146,-0.05338723098968234,-1.8441358400896133,0.0,-2.220446049250313e-16,0.2555615054015389,-11.274034892470121
109.69999999999804,0.0,453.0,509.256008299264,509.2102187627589,-1.732545296293585e-10,PILOT_ASC_HOLD_ACC,caténaire,,21.664061247536946,0.037342217902020386,21.664061247536946,0.021311542065219288,-0.9997728832964028,0.7233967874174578,-0.6904325368593961,44.86230983416672,-502.7309048225496,10.0,0.0,-0.02701324046536423,0.02578228223804829,-9.955474928854233,8.792947934866238,8.829000000000008,0.017511830680403406,-0.010269782895722557,0.4616945525803707,-21.659140977359876,0.02701324046536423,-0.02578228223804829,-1.844135840089551,0.0,0.0,0.4887077930457349,-23.529059099687473
109.79999999999804,0.0,453.0,509.25600829924844,509.21281886733965,-1.5592907666642264e-10,PILOT_ASC_HOLD_ACC,caténaire,,9.371640373449493,0.07838192413412004,9.371640373449493,0.02137911147137337,-0.9997714406766652,0.7210481310921012,-0.6928849779354347,44.89894517643928,-502.75692833320454,10.0,0.0,-0.056517139908310116,0.05430965777420668,-9.953371818217022,8.78900148016972,8.829000000000008,-0.009888958125332081,0.014311137943918695,0.20035734421359988,-9.3694983976672,0.056517139908310116,-0.05430965777420668,-1.8441358400894943,0.0,0.0,0.25687448412191,-11.267943895530902
109.89999999999803,0.0,453.0,509.2560082992344,509.2153716997426,-1.403361689997804e-10,PILOT_ASC_HOLD_ACC,caténaire,,21.676004865734384,0.03813669289301905,21.676004865734384,0.021447164593550335,-0.9997699831115642,0.7186838514684138,-0.6953369842303275,44.935587086260284,-502.7829565520789,10.0,0.0,-0.027408225330623016,0.02651785302475003,-9.956940782334602,8.792182011100685,8.829000000000008,0.015650992334775182,-0.010300135874572902,0.4648888440860033,-21.671019018541447,0.027408225330623016,-0.02651785302475003,-1.8441358400894436,0.0,0.0,0.4922970694166263,-23.54167271165564
109.99999999999802,0.0,453.0,509.2560082992218,509.2179082194492,-1.2630255209980236e-10,PILOT_ASC_HOLD_ACC,caténaire,,9.363869807230685,0.07918677200675114,9.363869807230685,0.02151579388288347,-0.9997685085126404,0.716305436735695,-0.697786873839631,44.97222457187947,-502.80897887633256,10.0,0.0,-0.05672191530598579,0.05525549008804249,-9.95453649411313,8.788200124423684,8.829000000000008,-0.011258409419115267,0.01445561451171784,0.2014710927185312,-9.361702151081568,0.05672191530598579,-0.05525549008804249,-1.844135840089398,0.0,0.0,0.258193008024517,-11.261093481259008
110.09999999999802,0.0,453.0,509.2560082992104,509.2203935095562,-1.1367229688982212e-10,PILOT_ASC_HOLD_ACC,caténaire,,21.687245021364387,0.038954502733481625,21.687245021364387,0.021584925253833303,-0.999767018360671,0.7139109306947587,-0.7002365193522424,45.00886810616047,-502.8350059301169,10.0,0.0,-0.02781004530121139,0.027277365407190585,-9.957823651734504,8.791394907372785,8.829000000000008,0.014366302964283761,-0.010327727220031946,0.4681175627477187,-21.682192291466777,0.02781004530121139,-0.027277365407190585,-1.844135840089357,0.0,0.0,0.4959276080489301,-23.553605496963325
110.19999999999801,0.0,453.0,509.2560082992002,509.2228573602959,-1.0230506720083991e-10,PILOT_ASC_HOLD_ACC,caténaire,,9.355590539487318,0.08001560849662928,9.355590539487318,0.021654654236877617,-0.9997655104822737,0.7115017281285595,-0.7026843465383824,45.04550685512352,-502.8610270357756,10.0,0.0,-0.056931243722609985,0.056225715569324985,-9.955223016082977,8.787377061433705,8.829000000000008,-0.012154259805587486,0.014602777003021927,0.2025920783144012,-9.35339675157367,0.056931243722609985,-0.056225715569324985,-1.8441358400893195,0.0,-2.220446049250313e-16,0.2595233220370112,-11.253758307232314
110.29999999999801,0.0,453.0,509.25600829919097,509.2252968967153,-9.207456048075592e-11,PILOT_ASC_HOLD_ACC,caténaire,,21.698002661064805,0.03979441550700292,21.698002661064805,0.02172485512948479,-0.9997639874838475,0.7090785463785376,-0.7051295023367694,45.082151291015876,-502.8870528915073,10.0,0.0,-0.028217366301689167,0.028060216402235588,-9.95831368074149,8.790585571741762,8.829000000000008,0.013468952956820601,-0.010354211856011375,0.4713859644108083,-21.692881660861286,0.028217366301689167,-0.028060216402235588,-1.8441358400892867,0.0,0.0,0.4996033307124975,-23.565077717352807
110.399999999998,0.0,453.0,509.25600829918267,509.22768546410674,-8.286710443268033e-11,PILOT_ASC_HOLD_ACC,caténaire,,9.3469882807546,0.08087091069604589,9.3469882807546,0.0217957173658884,-0.9997624451360965,0.7066380489770254,-0.7075752028851371,45.11879070989753,-502.9130727449264,10.0,0.0,-0.05714646255324913,0.05722225104326047,-9.955587070549052,8.786531314377662,8.829000000000008,-0.012733533102300854,0.014753565420914327,0.20372431478959838,-9.344767858225657,0.05714646255324913,-0.05722225104326047,-1.844135840089256,0.0,0.0,0.2608707773428475,-11.246125949358174
110.499999999998,0.0,453.0,509.2560082991752,509.2300400327139,-7.458039398941229e-11,PILOT_ASC_HOLD_ACC,caténaire,,21.70843138182522,0.04066045326309582,21.70843138182522,0.02186708268727541,-0.999760886759803,0.7041826114842963,-0.7100189079758065,45.15543555967296,-502.93909736872683,10.0,0.0,-0.028632384162941994,0.028869690623664613,-9.958538631713262,8.789753388430926,8.829000000000008,0.012828984123796516,-0.010376920945416757,0.4747000640374165,-21.703240608457918,0.028632384162941994,-0.028869690623664613,-1.8441358400892294,0.0,-2.220446049250313e-16,0.5033324482003585,-23.576246139170813
110.59999999999799,0.0,453.0,509.2560082991685,509.23236501835396,-6.712235459047107e-11,PILOT_ASC_HOLD_ACC,caténaire,,9.338183220499232,0.08175064702821389,9.338183220499232,0.02193909077994201,-0.9997593091818398,0.7017115019931335,-0.7124612045371597,45.192075247274786,-502.96511593477254,10.0,0.0,-0.05736536931507846,0.05824416445341344,-9.955733103262267,8.785661880833871,8.829000000000008,-0.013098472577345532,0.014906045287276015,0.2048712493942639,-9.33593560553976,0.05736536931507846,-0.05824416445341344,-1.844135840089205,0.0,2.220446049250313e-16,0.26223661870934234,-11.238315610082378
110.69999999999798,0.0,453.0,509.2560082991625,509.2346532528446,-6.041011913142395e-11,PILOT_ASC_HOLD_ACC,caténaire,,21.718630405753125,0.04155289418183433,21.718630405753125,0.022011623079350055,-0.999757714873665,0.6992250795809342,-0.7149015932875211,45.22872017987295,-502.9911392905261,10.0,0.0,-0.029054825741111248,0.02970623025630113,-9.95858364728103,8.78889684982399,8.829000000000008,0.012361526977858972,-0.010396919919717362,0.4780623062911493,-21.713368304641445,0.029054825741111248,-0.02970623025630113,-1.8441358400891832,0.0,0.0,0.5071171320322606,-23.58721037498693
110.79999999999798,0.0,453.0,509.25600829915703,509.23693945217354,-5.436910721828156e-11,PILOT_ASC_HOLD_ACC,caténaire,,9.329258591732376,0.082654836558056,9.329258591732376,0.02208476831444773,-0.9997561017610732,0.6967252193202603,-0.7173381132793204,45.265359863887795,-503.01715653277387,10.0,0.0,-0.05758770912879184,0.05929146450996649,-9.955731153952787,8.784767892642252,8.829000000000008,-0.013318863081577703,0.01505935715221085,0.20603451454398042,-9.32698320199136,0.05758770912879184,-0.05929146450996649,-1.8441358400891634,0.0,0.0,0.26362222367277227,-11.230410506590491
110.89999999999797,0.0,453.0,509.25600829915214,509.23916766576156,-4.89321964964534e-11,PILOT_ASC_HOLD_ACC,caténaire,,21.72866790494694,0.04247385656322001,21.72866790494694,0.022158492127883556,-0.9997544704709345,0.6942080854168764,-0.7197743633541241,45.30200465386822,-503.0431785832325,10.0,0.0,-0.029485694645023992,0.03057159306698607,-9.958506132172516,8.788015194493394,8.829000000000008,0.012008173182460169,-0.010413212439628339,0.4814745167211628,-21.723332875349016,0.029485694645023992,-0.03057159306698607,-1.8441358400891457,0.0,2.220446049250313e-16,0.5109602113661869,-23.598040308505148
110.99999999999797,0.0,453.0,509.25600829914777,509.241376612278,-4.4038976846808065e-11,PILOT_ASC_HOLD_ACC,caténaire,,9.320275601928762,0.08358835800505475,9.320275601928762,0.02223287724906444,-0.9997528190353995,0.6916758852462515,-0.7222080515812699,45.33864414858597,-503.0691944643488,10.0,0.0,-0.057816051519426835,0.06036818516970823,-9.955628282647062,8.783848739826865,8.829000000000008,-0.013444334166489824,0.01521692499656524,0.20721654338513235,-9.317971807215134,0.057816051519426835,-0.06036818516970823,-1.8441358400891297,0.0,-2.220446049250313e-16,0.26503259490455916,-11.222475832473972
111.09999999999796,0.0,453.0,509.2560082991438,509.2435579908254,-3.963507916212726e-11,PILOT_ASC_HOLD_ACC,caténaire,Fx:(e1>30:0),21.738584892927793,0.04342105865498538,21.738584892927793,0.022307806242233386,-0.9997511499271502,0.6891289127204503,-0.7246387663192815,45.37528864116206,-503.09521517089814,0.0,0.0,-0.02992270694008097,0.031464582376025764,-9.958344488955703,8.787107503519561,8.829000000000008,-9.988267195895784,-0.010427914104420566,0.484940139771775,-21.733175244493538,0.02992270694008097,-0.031464582376025764,-1.8441358400891152,0.0,4.440892098500626e-16,0.514862846711856,-23.608775666958678
111.19999999999796,0.0,453.0,509.2560082991402,509.2456727551567,-3.5671571245914534e-11,PILOT_ASC_HOLD_ACC,caténaire,Fx:(:e2),4.867713558933925,0.08454815759069984,4.867713558933925,0.02240048261312041,-0.9997490777083514,0.6865648708664508,-0.7270685511642859,45.40859448452374,-503.1212296511581,0.0,0.0,-0.058047794898255164,0.061472306443079855,-8.226414562276553,8.782902811516571,8.829000000000008,-8.284462357174808,0.015375117959642637,0.10903913294254987,-4.866492141092628,0.058047794898255164,-0.061472306443079855,-1.8441358400891024,0.0,2.220446049250313e-16,0.16708692784080503,-6.772100287624811
111.29999999999795,0.0,453.0,509.256008299137,509.2460080053403,-3.2104414121323084e-11,PILOT_ASC_HOLD_ACC,caténaire,Fy:(e2:-5),18.509764789452472,0.04437324505123345,18.509764789452472,0.022500629727546195,-0.9997468287830994,0.683839523742332,-0.7296324456655285,45.43914825257349,-503.14724897378545,0.0,-5.0,-0.030344178762737272,0.03237615930884727,-6.923078814953763,8.786172836520036,8.829000000000008,-6.953422993716501,-5.010451004171124,0.41648136387144213,-18.50507864977618,0.030344178762737272,-0.03237615930884727,-1.8441358400890908,0.0,0.0,0.4468255426341794,-20.381590649174118
111.39999999999795,0.0,453.0,509.26100829913383,509.24545078573567,0.04999999996789274,PILOT_DESC_ADD_SLACK_ACC,caténaire,Fy:(y<-500:e3),3.514390655320261,0.08549261302598214,3.514390655320261,0.022596031389399668,-0.9997446770878299,0.6810344406845904,-0.7322513848409078,45.46737505522765,-503.1749286757743,0.0,-5.0,-0.05822341389481388,0.06260208428194326,-5.9087157099789644,9.943301078649522,8.829000000000008,-5.966939123873778,-3.823096837068542,0.07941128156222949,-3.5134933508636412,0.05822341389481388,-0.06260208428194326,-1.8441539462656396,0.0,2.220446049250313e-16,0.13763469545704338,-5.4202493814112245
111.49999999999794,0.0,453.0,509.27100829913064,509.246836244285,0.0999999999678899,PILOT_DESC_ADD_SLACK_ACC,caténaire,Fx:(e3:5) | Fy:(:0),17.81121313762643,0.045220069178232125,17.81121313762643,0.02268489576567345,-0.9997426646413068,0.6782419194711955,-0.7348386888780613,45.49362221274244,-503.2038927799469,5.0,0.0,-0.030670146518064403,0.03322945634590732,-5.1089808667275385,10.88749507149608,8.829000000000008,-0.13965101324560258,2.091724527841979,0.40404551348724915,-17.806629682704898,0.030670146518064403,-0.03322945634590732,-1.8441901586187475,0.0,0.0,0.43471566000531353,-19.684049297669553
111.59999999999793,0.0,453.0,509.28000829912776,509.25098990226496,0.0899999999711009,PILOT_ASC_HOLD_ACC,caténaire,,2.899004538868013,0.08623042296409969,2.899004538868013,0.022767342279562192,-0.9997407904679719,0.6755816308266731,-0.7372851958974714,45.519813715077,-503.23214977800245,5.0,0.0,-0.05825568977296027,0.06357641428740805,-5.087337396319449,10.362387133790996,8.829000000000008,-0.1455930860924095,1.5969635480783957,0.06600262860641241,-2.8982530892581457,0.05825568977296027,-0.06357641428740805,-1.8442227497365447,0.0,0.0,0.12425831837937268,-4.806052253282099
111.69999999999793,0.0,453.0,509.28810829912516,509.2566554115973,0.08099999997399082,PILOT_ASC_HOLD_ACC,caténaire,,17.377816280712914,0.04597461932393386,17.377816280712914,0.022844711207333224,-0.99973902553109,0.6731418275147303,-0.7395134076202603,45.545965921663424,-503.2598845336509,5.0,0.0,-0.030947439271006873,0.033998847400286594,-5.072083535658648,9.982893954673818,8.829000000000008,-0.10303097492965474,1.1878928020740975,0.39699119434698005,-17.373281114338237,0.030947439271006873,-0.033998847400286594,-1.8442520817425625,0.0,4.440892098500626e-16,0.4279386336179869,-19.251532043481088
111.79999999999792,0.0,453.0,509.29539829912284,509.2631818472272,0.07289999997659175,PILOT_ASC_HOLD_ACC,caténaire,,2.5634086481005554,0.08700734373712395,2.5634086481005554,0.022918432404568697,-0.9997373382324565,0.6708382868952875,-0.7416036629058651,45.572074751969794,-503.28721340179646,5.0,0.0,-0.05836785741992165,0.0645249648151608,-5.055272284074594,9.692840368776546,8.829000000000008,-0.11364014149451496,0.9283653335916995,0.0587493078267794,-2.5627353386541087,0.05836785741992165,-0.0645249648151608,-1.8442784805479784,0.0,0.0,0.11711716524670104,-4.471538784017248
111.89999999999792,0.0,453.0,509.3019592991207,509.27017762825113,0.06560999997893258,PILOT_ASC_HOLD_ACC,caténaire,,17.13954004984176,0.04676720900204004,17.13954004984176,0.02298935014357377,-0.9997357099653769,0.6686190174926111,-0.7436051435050832,45.598154877669856,-503.3142429581704,5.0,0.0,-0.03126944533381561,0.034776337161294205,-5.0441626456348185,9.481686798830832,8.829000000000008,-0.07543209096863457,0.6874631359921182,0.39402688750561804,-17.135010240208562,0.03126944533381561,-0.034776337161294205,-1.8443022394728523,0.0,-2.220446049250313e-16,0.42529633283943363,-19.01408881684271
111.99999999999791,0.0,453.0,509.3078641991188,509.27733044816847,0.05904899998103932,PILOT_ASC_HOLD_ACC,caténaire,,2.3678774329583057,0.08782398209974632,2.3678774329583057,0.023058482766905093,-0.9997341178395825,0.6664414594405247,-0.7455573627419848,45.62420089089981,-503.3410333859086,5.0,0.0,-0.058529542804433454,0.06547781647978615,-5.030975875176904,9.314661244744716,8.829000000000008,-0.08950541798133749,0.5511390612244949,0.05459966098201256,-2.367247856590827,0.058529542804433454,-0.06547781647978615,-1.844323622505239,0.0,-2.220446049250313e-16,0.11312920378644602,-4.277049295575852
112.0999999999979,0.0,453.0,509.3131786091171,509.28440131614065,0.053144099982935386,PILOT_ASC_HOLD_ACC,caténaire,,17.003359857008867,0.047609173493860714,17.003359857008867,0.023126465406491013,-0.9997325475334904,0.6642753053938224,-0.7474880056856725,45.650226189635696,-503.36765030401955,5.0,0.0,-0.0316255982621818,0.03558728614726913,-5.0229767485517085,9.194398159179476,8.829000000000008,-0.054602346813890534,0.40098544532673763,0.39322761352723357,-16.99881226647616,0.0316255982621818,-0.03558728614726913,-1.8443428672343873,0.0,2.220446049250313e-16,0.4248532117894154,-18.87874241985782
112.1999999999979,0.0,453.0,509.31796157811556,509.29129766717153,0.04782968998464185,PILOT_ASC_HOLD_ACC,caténaire,,2.2483490378461948,0.08868764354943252,2.2483490378461948,0.02319389143841078,-0.9997309855155753,0.6621037411068426,-0.749412193664023,45.67622438302122,-503.3941235402864,5.0,0.0,-0.05872042058402941,0.06646360150327317,-5.012519335852403,9.095400790473299,8.829000000000008,-0.07123975643643199,0.3328643919765639,0.05214796349945997,-2.2477441993889715,0.05872042058402941,-0.06646360150327317,-1.844360187490621,0.0,0.0,0.11086838408348938,-4.158567988382866
112.2999999999979,0.0,453.0,509.32226625021417,509.297926532168,0.043046720986177664,PILOT_ASC_HOLD_ACC,caténaire,,16.92419440959797,0.04849611071224679,16.92419440959797,0.023261071869985012,-0.9997294246622229,0.6599139876945772,-0.7513411534350034,45.70220789589084,-503.4204960833247,5.0,0.0,-0.03200326180779648,0.03643712375965113,-5.006860050793735,9.026342099407575,8.829000000000008,-0.03886331260153142,0.23377922316721822,0.39367490250325693,-16.919615139978987,0.03200326180779648,-0.03643712375965113,-1.844375775721231,0.0,0.0,0.42567816431105343,-18.80042803945987
112.39999999999789,0.0,453.0,509.3261404551029,509.30426161593806,0.038742048887559895,PILOT_ASC_HOLD_ACC,caténaire,,2.172296785869099,0.08959760757589219,2.172296785869099,0.02332841281159928,-0.999727855546544,0.6576983416669376,-0.7532814157859996,45.72816961333802,-503.44678063410436,5.0,0.0,-0.05892819791998934,0.06749221268580648,-4.998463891139359,8.96620961855117,8.829000000000008,-0.05739208905934845,0.20470183123696906,0.05067623617006463,-2.1717056073475645,0.05892819791998934,-0.06749221268580648,-1.8443898051287797,0.0,2.220446049250313e-16,0.10960443409005396,-4.083587625162151
112.49999999999788,0.0,453.0,509.32962723950277,509.31025449172444,0.0348678439988039,PILOT_ASC_HOLD_ACC,caténaire,,16.87827114826969,0.0494307124964277,16.87827114826969,0.023396077058988957,-0.9997262743262528,0.6554503233346514,-0.7552382893104012,45.754121210884286,-503.47300727127157,5.0,0.0,-0.03239937648844573,0.03733196674519632,-4.994567839149313,8.926742059372847,8.829000000000008,-0.02696721563775828,0.1350740261180352,0.3948853324074277,-16.873651132127943,0.03239937648844573,-0.03733196674519632,-1.8444024315955736,0.0,0.0,0.4272847088958734,-18.75538553046871
112.59999999999788,0.0,453.0,509.3327653454627,509.3159319951839,0.03138105959892351,PILOT_ASC_HOLD_ACC,caténaire,,2.122005854035306,0.09055394114101188,2.122005854035306,0.023464305506960298,-0.9997246752816878,0.6531688079510746,-0.7572123271050017,45.78005504355722,-503.4991787719043,5.0,0.0,-0.0591470097903465,0.06856856049991496,-4.98773222943136,8.889247946017589,8.829000000000008,-0.046879239221707,0.12881650651749688,0.049791393646642625,-2.1214216133712873,0.0591470097903465,-0.06856856049991496,-1.8444137954156885,0.0,-2.220446049250313e-16,0.10893840343698913,-4.034403969286891
112.69999999999787,0.0,453.0,509.3355896408266,509.32127880936764,0.02824295363903116,PILOT_ASC_HOLD_ACC,caténaire,,16.852297468106123,0.050410658020297476,16.852297468106123,0.023533140818364086,-0.9997230572929799,0.6508516300769788,-0.759204949684958,45.80598220328716,-503.52531771337345,5.0,0.0,-0.032809858945763735,0.03827202108588557,-4.985165808084205,8.867144020900707,8.829000000000008,-0.01797566702996889,0.07641604198658491,0.39658748942990196,-16.8476303472258,0.032809858945763735,-0.03827202108588557,-1.8444240228537916,0.0,0.0,0.4293973483756657,-18.730326391165473
112.79999999999787,0.0,453.0,509.3381315066541,509.32628951118585,0.025418658275128042,PILOT_ASC_HOLD_ACC,caténaire,,2.0873630912589434,0.09156076026537133,2.0873630912589434,0.023602845548956124,-0.9997214140359264,0.6484954857684495,-0.7612185001285392,45.831894662021,-503.55142102383553,5.0,0.0,-0.05937673970562053,0.06969774459983472,-4.979514118767357,8.84298620005942,8.829000000000008,-0.03889085847297746,0.08368394465924567,0.04926770864757645,-2.0867815811997934,0.05937673970562053,-0.06969774459983472,-1.8444332275480844,0.0,2.220446049250313e-16,0.10864444835319698,-4.000912553347712
112.89999999999786,0.0,453.0,509.3404191858989,509.3309781808086,0.022876792447615237,PILOT_ASC_HOLD_ACC,caténaire,,16.838554394987362,0.051440272138835404,16.838554394987362,0.02367336249313195,-0.9997197466831736,0.6461016561557293,-0.7632513674490361,45.857803052353866,-503.57750688105574,5.0,0.0,-0.03323564502200298,0.039261858051916676,-4.9779506183718185,8.831164927040021,8.829000000000008,-0.011186263393821783,0.04142678509193054,0.39862520205285595,-16.833835334267604,0.03323564502200298,-0.039261858051916676,-1.844441511772948,0.0,0.0,0.43186084707485894,-18.71753870409247
112.99999999999785,0.0,453.0,509.34247809721916,509.3354045784095,0.020589113202853712,PILOT_ASC_HOLD_ACC,caténaire,,2.0623943227989425,0.09261101537169611,2.0623943227989425,0.02374478359932432,-0.9997180528788211,0.6436735997625167,-0.7653001352206619,45.88369907329432,-503.60356872200845,5.0,0.0,-0.059611265641961404,0.07087522258688182,-4.9731985264691705,8.814911369790916,8.829000000000008,-0.032809792111131664,0.05678659237779016,0.04897110689133592,-2.0618128366568937,0.059611265641961404,-0.07087522258688182,-1.8444489675753253,0.0,-2.220446049250313e-16,0.10858237253329733,-3.9771370268191006
113.09999999999785,0.0,453.0,509.3443311174074,509.33954087357023,0.01853020188256834,PILOT_ASC_HOLD_ACC,caténaire,,16.832429294645063,0.05251723540726927,16.832429294645063,0.023817111968543952,-0.9997163323550725,0.6412090109237464,-0.7673662778036255,45.909592991144244,-503.6296221367555,5.0,0.0,-0.03367452457194468,0.04029995545501299,-4.972390783682837,8.80921229050811,8.829000000000008,-0.006065308254781243,0.020512245963116627,0.40089985321316074,-16.82765447906864,0.03367452457194468,-0.04029995545501299,-1.8444556777974648,0.0,2.220446049250313e-16,0.43457437778510544,-18.71241011232112
113.19999999999784,0.0,453.0,509.34599883557684,509.34344749900396,0.016677181694311507,PILOT_ASC_HOLD_ACC,caténaire,,2.0435086838186223,0.09370886563310818,2.0435086838186223,0.023890414222549547,-0.9997145833227976,0.6387117542411787,-0.7694460962238722,45.93547631772709,-503.65565845854894,5.0,0.0,-0.05985295395647342,0.07210392084296247,-4.968323948476813,8.79765710177557,8.829000000000008,-0.02817690243328652,0.040761022618525544,0.04882026892380392,-2.0429254323602524,0.05985295395647342,-0.07210392084296247,-1.8444617169973903,0.0,-2.220446049250313e-16,0.10867322288027734,-3.959491070200605
113.29999999999784,0.0,453.0,509.34749978192934,509.3470240049528,0.015009463524880357,PILOT_ASC_HOLD_ACC,caténaire,,16.831118169863693,0.05364119136358386,16.831118169863693,0.023964658697298438,-0.999712806326658,0.6361621817041445,-0.7715553632562108,45.96135902186858,-503.6816917582479,5.0,0.0,-0.03412449732706702,0.04138714888802586,-4.968084995182843,8.795614892551065,8.829000000000008,-0.0022094925099098717,0.008002041439082674,0.4033520024346817,-16.826284379210037,0.03412449732706702,-0.04138714888802586,-1.8444671522773237,0.0,-2.220446049250313e-16,0.43747649976174874,-18.71213868037539
113.39999999999783,0.0,453.0,509.3488506336466,509.3502947886789,0.01350851717239232,PILOT_ASC_HOLD_ACC,caténaire,,2.0285021386324864,0.09485430217158143,2.0285021386324864,0.02403990883598926,-0.9997109996309721,0.633556343465499,-0.7736965552816081,45.987232492999546,-503.70771208579004,5.0,0.0,-0.060095544845798675,0.07338844684379331,-4.964541146034232,8.78685152640664,8.829000000000008,-0.02463669088003062,0.03123997325042538,0.04876500648633422,-2.027915900765848,0.060095544845798675,-0.07338844684379331,-1.8444720440292635,0.0,0.0,0.1088605513321329,-3.945776391638905
113.49999999999783,0.0,453.0,509.3500664001921,509.35329030849476,0.012157665455153089,PILOT_ASC_HOLD_ACC,caténaire,,16.832891632349877,0.05481274200731019,16.832891632349877,0.02411611430688788,-0.9997091642226439,0.6309037143303797,-0.7758611365728604,46.01310645550948,-503.7337326288217,5.0,0.0,-0.03458156252504484,0.042527076312466654,-4.96472971712041,8.786997065112237,8.829000000000008,0.000688720354545147,0.0005241414246963672,0.40594393872120615,-16.82799602522683,0.03458156252504484,-0.042527076312466654,-1.8444764466060088,0.0,0.0,0.440525501246251,-18.714999548145308
113.59999999999782,0.0,453.0,509.35116059008305,509.356071376811,0.01094189890963778,PILOT_ASC_HOLD_ACC,caténaire,,2.0160096208169076,0.09605038705247962,2.0160096208169076,0.024193379496106546,-0.99970729735686,0.6282121407779955,-0.7780420979478732,46.03897222680319,-503.7597426415761,5.0,0.0,-0.06034001927279328,0.07473124465101648,-4.961586732171211,8.779886468495553,8.829000000000008,-0.021926751444004466,0.025617713146560916,0.0487740858242253,-2.015419529472299,0.06034001927279328,-0.07473124465101648,-1.84448040892508,0.0,2.220446049250313e-16,0.10911410509701858,-3.9346311830483955
113.69999999999781,0.0,453.0,509.35214536098493,509.3586680810791,0.009847709018674003,PILOT_ASC_HOLD_ACC,caténaire,,16.83666856660459,0.05603213926338371,16.83666856660459,0.0242715802438618,-0.9997054018021838,0.6254878782775287,-0.7802338842474578,46.06483932450951,-503.78575480996744,5.0,0.0,-0.03504742390320489,0.04371817366016436,-4.962095611637064,8.781341833551318,8.829000000000008,0.0028569644597311594,-0.00393999278852597,0.40865255215364893,-16.83170851438764,0.03504742390320489,-0.04371817366016436,-1.8444839750122441,0.0,0.0,0.4436999760568538,-18.71991066306005
113.79999999999781,0.0,453.0,509.3530316547966,509.36111118025,0.008862938116806603,PILOT_ASC_HOLD_ACC,caténaire,,2.005168574048625,0.09729566725280005,2.005168574048625,0.02435084173378678,-0.9997034742896795,0.6227338456712066,-0.7824337399777376,46.09069903089434,-503.8117578838254,5.0,0.0,-0.06058930503548225,0.07612741281223782,-4.959260256522832,8.77520253411539,8.829000000000008,-0.0198495615583143,0.022329946927619915,0.048827542596220984,-2.0045739900128927,0.06058930503548225,-0.07612741281223782,-1.8444871844906916,0.0,-4.440892098500626e-16,0.10941684763170323,-3.9251885873158225
113.8999999999978,0.0,453.0,509.35382931922715,509.36339961623037,0.007976644305125943,PILOT_ASC_HOLD_ACC,caténaire,,16.841769213657457,0.057303794012205686,16.841769213657457,0.02443108193385073,-0.9997015165715922,0.6199521094962301,-0.7846396510062276,46.11656068615715,-503.8377642763599,5.0,0.0,-0.035525607980004356,0.044962828935069823,-4.960007779106827,8.777442570601616,8.829000000000008,0.004466612913168966,-0.006594600463321498,0.4114626435698701,-16.836742224642112,0.035525607980004356,-0.044962828935069823,-1.8444900730212945,0.0,-2.220446049250313e-16,0.4469882515498745,-18.726195126598476
113.9999999999978,0.0,453.0,509.3545472172146,509.36559273678944,0.007178979874613349,PILOT_ASC_HOLD_ACC,caténaire,,1.99543034110307,0.09858902021124286,1.99543034110307,0.02451233244925477,-0.9996995276371282,0.6171474039908158,-0.7868475594086802,46.1424155659422,-503.8637624073581,5.0,0.0,-0.0608439578853666,0.07757452993770948,-4.957409181315548,8.771866738239975,8.829000000000008,-0.018253139200914426,0.02044126817767733,0.0489126519004483,-1.9948307694335328,0.0608439578853666,-0.07757452993770948,-1.8444926726988373,0.0,0.0,0.10975660978581489,-3.9168979720700796
114.09999999999779,0.0,453.0,509.3551933254033,509.36766005285415,0.006461081887152014,PILOT_ASC_HOLD_ACC,caténaire,,16.847752709068754,0.058626507371218765,16.847752709068754,0.024594566167549927,-0.9996975079067817,0.6143183745648377,-0.789058258097598,46.16827285437091,-503.8897645529933,5.0,0.0,-0.03601534071470059,0.04625972978467987,-4.958332889991621,8.774576054558565,8.829000000000008,0.005651769293677944,-0.008164215656762508,0.41436316877771,-16.84265639708576,0.03601534071470059,-0.04625972978467987,-1.8444950124086257,0.0,2.220446049250313e-16,0.4503785094924106,-18.733411139279067
114.19999999999779,0.0,453.0,509.3557748227732,509.3696526836758,0.005814973698436812,PILOT_ASC_HOLD_ACC,caténaire,,1.986447112916661,0.09993463428238773,1.986447112916661,0.024677824084140158,-0.9996954561257505,0.6114686927119696,-0.7912686255836983,46.19412384348741,-503.91575890911685,5.0,0.0,-0.061106900181300404,0.07907514071683447,-4.955917301643405,8.769319609496769,8.829000000000008,-0.017024201824705543,0.019394750213596268,0.04902119240500546,-1.9858421526169017,0.061106900181300404,-0.07907514071683447,-1.8444971181474354,0.0,0.0,0.11012809258630586,-3.9094144114811717
114.29999999999778,0.0,453.0,509.35629817040603,509.3715593881494,0.005233476328593131,PILOT_ASC_HOLD_ACC,caténaire,,16.85433269729083,0.05999901007250442,16.85433269729083,0.024762022011240264,-0.9996933741232433,0.6085985813245794,-0.7934782711641885,46.21997757741209,-503.9417576955986,5.0,0.0,-0.03651531241100534,0.04760791078389354,-4.956969777001352,8.772309069040862,8.829000000000008,0.006514910587642753,-0.009083020175252088,0.417347357235082,-16.849164722750373,0.03651531241100534,-0.04760791078389354,-1.8444990133123638,0.0,-2.220446049250313e-16,0.45386266964608735,-18.74127164684663
114.39999999999777,0.0,453.0,509.3567691832756,509.37337566071596,0.004710128695733818,PILOT_ASC_HOLD_ACC,caténaire,,1.9779939304219951,0.10133825560727791,1.9779939304219951,0.024847339559788906,-0.9996912571973412,0.6057062890211579,-0.7956883129971292,46.24582538138555,-503.9677489470704,5.0,0.0,-0.06138121873976184,0.08063366564622683,-4.954696123378653,8.767224996543845,8.829000000000008,-0.016077342118415494,0.01885866219006438,0.04914788683639679,-1.9773832390322745,0.06138121873976184,-0.08063366564622683,-1.8445007189607998,0.0,2.220446049250313e-16,0.11052910557615864,-3.9025176236393007
114.49999999999777,0.0,453.0,509.35719309485825,509.3751144114509,0.004239115826160436,PILOT_ASC_HOLD_ACC,caténaire,,16.861329220427812,0.06142821998590208,16.861329220427812,0.024933629619177805,-0.999689108730316,0.6027944396678045,-0.7978965243097489,46.27167617272531,-503.9937448767063,5.0,0.0,-0.03702858944619248,0.049013363221285924,-4.955841470004906,8.770381305372146,8.829000000000008,0.007129940548901814,-0.009605331406575601,0.42041413766916713,-16.856087180377916,0.03702858944619248,-0.049013363221285924,-1.8445022540443916,0.0,0.0,0.4574427271153596,-18.749602797643593
114.59999999999776,0.0,453.0,509.3575746152826,509.3767884177079,0.0038152042435443925,PILOT_ASC_HOLD_ACC,caténaire,,1.9699136023811814,0.102797043080211,1.9699136023811814,0.025021024499151834,-0.9996869251585782,0.599862837150827,-0.8001028537665393,46.297521321529395,-504.0197333934264,5.0,0.0,-0.06166412591281115,0.0822482075272387,-4.953678251088044,8.765380151036506,8.829000000000008,-0.015342377000854945,0.01862835856373657,0.04928925650639199,-1.9692968719925013,0.06166412591281115,-0.0822482075272387,-1.8445036356196247,0.0,0.0,0.11095338241920313,-3.896048715139365
114.69999999999776,0.0,453.0,509.3579179836645,509.3783998963238,0.003433683819189953,PILOT_ASC_HOLD_ACC,caténaire,,16.868616284535726,0.06291447226468111,16.868616284535726,0.025109399919924388,-0.9996847093137222,0.5969129822733371,-0.8023059837702511,46.32336962808101,-504.0457267337982,5.0,0.0,-0.037554465267663956,0.050476657563701156,-4.9548888009646594,8.768634285514645,8.829000000000008,0.00755673376767696,-0.009889056921661421,0.4235608323841566,-16.863297766930817,0.037554465267663956,-0.050476657563701156,-1.8445048790373342,0.0,0.0,0.4611152976518206,-18.758279303531854
114.79999999999775,0.0,453.0,509.35822701520823,509.37997238720413,0.003090315437270958,PILOT_ASC_HOLD_ACC,caténaire,,1.9621046865231921,0.10431183771990879,1.9621046865231921,0.025198857083686275,-0.9996824583844991,0.5939456707925637,-0.8045051523432102,46.34921251806912,-504.07171270451386,5.0,0.0,-0.06195556442615627,0.08391941089605544,-4.952812405146424,8.763662807642959,8.829000000000008,-0.01476796957258042,0.01858221853900588,0.04944279557892898,-1.9614816366312517,0.06195556442615627,-0.08391941089605544,-1.844505998113273,0.0,-2.220446049250313e-16,0.11139836000508524,-3.88990704564058
114.89999999999775,0.0,453.0,509.3585051435976,509.38146709830573,0.002781283893543862,PILOT_ASC_HOLD_ACC,caténaire,,16.876114646587617,0.06446404995862566,16.876114646587617,0.025289382599437433,-0.9996801724190288,0.5909583834841465,-0.8067020447413062,46.37505868132937,-504.09770358262125,5.0,0.0,-0.03809557075639068,0.052003280913929036,-4.954067135522722,8.766973115929366,8.829000000000008,0.00783729372088704,-0.010023603156712468,0.42678652008952406,-16.870717199664007,0.03809557075639068,-0.052003280913929036,-1.844507005281618,0.0,2.220446049250313e-16,0.46488209084591475,-18.767227485859554
114.99999999999774,0.0,453.0,509.358755459148,509.38292083424454,0.0025031555041894757,PILOT_ASC_HOLD_ACC,caténaire,,1.9545055653011492,0.1058903677863933,1.9545055653011492,0.025381044475443603,-0.9996778494001632,0.5879533612644687,-0.8088948293677078,46.400899607559445,-504.12368708683243,5.0,0.0,-0.06225859766554076,0.08565417098225843,-4.952059721863742,8.761999249400377,8.829000000000008,-0.014318319529283308,0.018653420382626962,0.049607392680410506,-1.953875920160903,0.06225859766554076,-0.08565417098225843,-1.8445079117331282,0.0,-2.220446049250313e-16,0.11186599034595127,-3.8840380028762898
115.09999999999773,0.0,453.0,509.35898074314343,509.3843320083658,0.0022528399537705282,PILOT_ASC_HOLD_ACC,caténaire,,16.88375936885003,0.06607268333258974,16.88375936885003,0.025473724215924955,-0.9996754920345757,0.5849317239307492,-0.8110825348504316,46.42674387993062,-504.14967554308157,5.0,0.0,-0.038648008566462194,0.05359039948176675,-4.9533422891569865,8.76533935989393,8.829000000000008,0.008009702276551067,-0.0100702406243105,0.4300922298901248,-16.878280454448532,0.038648008566462194,-0.05359039948176675,-1.8445087275394876,0.0,2.220446049250313e-16,0.46874023845658697,-18.776379581469786
115.19999999999773,0.0,453.0,509.3591834987393,509.3857092102121,0.0020275559583934756,PILOT_ASC_HOLD_ACC,caténaire,,1.9470666942297452,0.10753263487397831,1.9470666942297452,0.025567565948535792,-0.9996730963527363,0.5818927934434427,-0.8132655021200561,46.45258305866028,-504.17565659093475,5.0,0.0,-0.062572465293153,0.08745258229507863,-4.951389975452504,8.76034269149422,8.829000000000008,-0.013962440745657112,0.01879527378929069,0.049781756110916585,-1.9464301910259358,0.062572465293153,-0.08745258229507863,-1.844509461765211,0.0,2.220446049250313e-16,0.11235422140406959,-3.878392235086225
115.29999999999772,0.0,453.0,509.35936597877554,509.38704301355153,0.0018248003625541281,PILOT_ASC_HOLD_ACC,caténaire,,16.89151748320587,0.06774791667311747,16.89151748320587,0.025662473579085913,-0.9996706644939637,0.5788369619974649,-0.8154432974925635,46.478425624992035,-504.2016426130128,5.0,0.0,-0.03921499826872472,0.055244584570178334,-4.952688347876467,8.763697451163322,8.829000000000008,0.008096653854807734,-0.010057964266506403,0.4334781211234384,-16.88595450674782,0.03921499826872472,-0.055244584570178334,-1.844510122568362,0.0,0.0,0.47269311939216313,-18.78570921388636
115.39999999999772,0.0,453.0,509.35953021080815,509.3883369956382,0.0016423203262987153,PILOT_ASC_HOLD_ACC,caténaire,,1.9397595864216512,0.1092445666102895,1.9397595864216512,0.02575860932687889,-0.9996681919744898,0.5757630986989354,-0.8176165691671129,46.504263213919934,-504.22762117368495,5.0,0.0,-0.06289899018756254,0.08932016775205304,-4.9507807079189075,8.75866550625028,8.829000000000008,-0.013679698106470184,0.01898567400232487,0.04996550937470348,-1.9391159586233162,0.06289899018756254,-0.08932016775205304,-1.8445107172911974,0.0,0.0,0.11286449956226602,-3.8729468436665666
115.49999999999771,0.0,453.0,509.3596780196375,509.3896025014685,0.0014780882936688438,PILOT_ASC_HOLD_ACC,caténaire,,16.8993597646282,0.06949113475777353,16.8993597646282,0.025855815889744917,-0.9996656825082453,0.5726737434187688,-0.8197833760199911,46.53010420702838,-504.2536047152487,5.0,0.0,-0.03979574827615229,0.05696767705518773,-4.9520853545453525,8.762024441017587,8.829000000000008,0.008118897178495565,-0.010007881927233342,0.43694673472878975,-16.89371001305943,0.03979574827615229,-0.05696767705518773,-1.84451125254175,0.0,0.0,0.47674248300494204,-18.795188942656367
115.5999999999977,0.0,453.0,509.35981104758395,509.3908475054532,0.0013302794643019595,PILOT_ASC_HOLD_ACC,caténaire,,1.932557131636834,0.1110246722454996,1.932557131636834,0.02595424192732426,-0.9996631319229383,0.5695681333358018,-0.8219441230937601,46.555940317853675,-504.2795807297055,5.0,0.0,-0.06323611532508841,0.09125607687059929,-4.950214281031265,8.756948678604648,8.829000000000008,-0.013450396356352812,0.01920475547523992,0.050158055332878225,-1.9319061148320875,0.06323611532508841,-0.09125607687059929,-1.844511734267247,0.0,-2.220446049250313e-16,0.11339417065796664,-3.8676739259699335
115.6999999999977,0.0,453.0,509.3599307727357,509.3920513945535,0.0011972515178717636,PILOT_ASC_HOLD_ACC,caténaire,,16.90727168625794,0.07130964808072315,16.90727168625794,0.02605382496047603,-0.9996605414864231,0.566445542933012,-0.8240991729709023,46.581779830606656,-504.3055617219929,5.0,0.0,-0.040393032323447244,0.05876622200817004,-4.951517989614374,8.760305219950634,8.829000000000008,0.008088978062178676,-0.009928558041202962,0.44049909707297674,-16.901532368942682,0.040393032323447244,-0.05876622200817004,-1.8445121678201943,0.0,0.0,0.480892129396424,-18.804810758771048
115.7999999999977,0.0,453.0,509.3600385253723,509.39322656691456,0.0010775263660845872,PILOT_ASC_HOLD_ACC,caténaire,,1.925451400518762,0.11288236329068896,1.925451400518762,0.026154705408923493,-0.9996579071787369,0.5633057585464684,-0.8262485233804583,46.60761454088618,-504.3315351140934,5.0,0.0,-0.06358728527997956,0.09326888598462821,-4.949677604764168,8.755180687561388,8.829000000000008,-0.013264890044147215,0.019449573546008736,0.05035961415976738,-1.9247927174169535,0.06358728527997956,-0.09326888598462821,-1.8445125580178472,0.0,0.0,0.11394689943974694,-3.8625741614194284
115.89999999999769,0.0,453.0,509.36013550274527,509.3943799428122,0.0009697737294761285,PILOT_ASC_HOLD_ACC,caténaire,,16.91523473100029,0.0732028169338188,16.91523473100029,0.026256736094525734,-0.9996552324725072,0.5601509233565787,-0.8283905739823288,46.633452635585655,-504.3575134728009,5.0,0.0,-0.041004625497781194,0.0606405235369295,-4.950974533176018,8.758529322101328,8.829000000000008,0.008020841326199957,-0.009830154361750942,0.4441388543088306,-16.90940290734512,0.041004625497781194,-0.0606405235369295,-1.8445129091957342,0.0,0.0,0.48514347980661177,-18.814556340077786
115.99999999999768,0.0,453.0,509.3602227823809,509.3955109687541,0.0008727963565285157,PILOT_ASC_HOLD_ACC,caténaire,,1.9184285076172394,0.1148184135554551,1.9184285076172394,0.026360097651242743,-0.9996525122520409,0.5569793884802493,-0.8305263155422394,46.659285995054056,-504.38348415150585,5.0,0.0,-0.06395148976838975,0.09535971396661724,-4.949160013917917,8.753351505784018,8.829000000000008,-0.013111503686306314,0.019711219750627507,0.05056996279771831,-1.917761877215507,0.06395148976838975,-0.09535971396661724,-1.8445132252558332,0.0,0.0,0.11452145256610807,-3.8576348164379572
116.09999999999768,0.0,453.0,509.36030133405296,509.39660224779345,0.0007855167208756642,PILOT_ASC_HOLD_ACC,caténaire,,16.923247553124014,0.07518155086312647,16.923247553124014,0.026464720715334122,-0.9996497479404771,0.5537907976591455,-0.8326558427273825,46.68512271036442,-504.40945978075354,5.0,0.0,-0.04163485102174243,0.06260035759148815,-4.95044592314137,8.756688959644707,8.829000000000008,0.007919225836888089,-0.009710682763811818,0.4478690200898886,-16.917320150814717,0.04163485102174243,-0.06260035759148815,-1.8445135097099215,0.0,-2.220446049250313e-16,0.489503871111631,-18.82443401811613
116.19999999999767,0.0,453.0,509.36037203055787,509.3976693851157,0.0007069650487880977,PILOT_ASC_HOLD_ACC,caténaire,,1.911485725653316,0.11684048517413839,1.911485725653316,0.02657073987449451,-0.999646935564013,0.5505852713405844,-0.8347789282096278,46.71095474857346,-504.43542764560704,5.0,0.0,-0.06433065023316852,0.09753597498516016,-4.948653772615114,8.75145480553433,8.829000000000008,-0.01298442284828294,0.019990780519481888,0.05078958999014364,-1.910810848023691,0.06433065023316852,-0.09753597498516016,-1.8445137657186017,0.0,0.0,0.11512024022331216,-3.852860588727453
116.29999999999767,0.0,453.0,509.36043565741227,509.3987300215112,0.000636268543909288,PILOT_ASC_HOLD_ACC,caténaire,,16.931293226543502,0.07724095735997705,16.931293226543502,0.02667796964738556,-0.9996440796280911,0.5473661291819711,-0.836893255214992,46.73679010424009,-504.4614004388672,5.0,0.0,-0.04227908384444032,0.06464243624091359,-4.9499249075591685,8.754776974786253,8.829000000000008,0.007796008596391069,-0.009580588972841753,0.4516925267887123,-16.92526703436141,0.04227908384444032,-0.06464243624091359,-1.8445139961264134,0.0,-2.220446049250313e-16,0.49397161063315265,-18.834423466728737
116.39999999999766,0.0,453.0,509.3604929215812,509.39976597731123,0.0005726416895183592,PILOT_ASC_HOLD_ACC,caténaire,,1.904616562960074,0.11895113146164184,1.904616562960074,0.026786654981684747,-0.9996411731791025,0.5441297692358215,-0.8390010692671205,46.76262083342951,-504.4873653787978,5.0,0.0,-0.06472485171256304,0.09980012648685131,-4.948152246509111,8.74948345446576,8.829000000000008,-0.012877098221673933,0.020283580952604296,0.051018306744413745,-1.9039331354537583,0.06472485171256304,-0.09980012648685131,-1.844514203493444,0.0,0.0,0.11574315845697677,-3.8482474654340537
116.49999999999766,0.0,453.0,509.36054445933325,509.40076534655185,0.0005153775205665233,PILOT_ASC_HOLD_ACC,caténaire,,16.939382687850575,0.07939868606520638,16.939382687850575,0.026896711295140038,-0.9996382180176516,0.5408764585841458,-0.8411020488320504,46.78845483550199,-504.51333522249496,5.0,0.0,-0.04294488013518319,0.06678239752401785,-4.949406237408053,8.752788640324576,8.829000000000008,0.0076488824567642055,-0.00942896215141431,0.4556136856730102,-16.933254324402007,0.04294488013518319,-0.06678239752401785,-1.8445143901237722,0.0,0.0,0.49855856580819335,-18.8445511120498
116.59999999999765,0.0,453.0,509.3605908433101,509.40175491682845,0.00046383976850987094,PILOT_ASC_HOLD_ACC,caténaire,,1.8978184730135599,0.12115482346311263,1.8978184730135599,0.027008238529276165,-0.999635210990262,0.5376075131370239,-0.8431952097934527,46.81428425620642,-504.5392971199652,5.0,0.0,-0.06513374334655914,0.10215716678746799,-4.94765095064015,8.747433120692252,8.829000000000008,-0.012784693986708895,0.020590287479711478,0.05125673400441689,-1.8971261696921267,0.06513374334655914,-0.10215716678746799,-1.844514558091067,0.0,-4.440892098500626e-16,0.11639047735097602,-3.843797894570662
116.69999999999764,0.0,453.0,509.36063258888925,509.40272502874103,0.00041745579165888385,PILOT_ASC_HOLD_ACC,caténaire,,16.947501793630693,0.08165057608160262,16.947501793630693,0.027121141766164574,-0.9996321541793759,0.5343233585166173,-0.8452801597952732,46.84011689815058,-504.565263890198,5.0,0.0,-0.04362781003673849,0.06901761199763316,-4.948885090871054,8.75071702276045,8.829000000000008,0.007487099092206684,-0.009265365241924783,0.4596355987273864,-16.941267725925886,0.04362781003673849,-0.06901761199763316,-1.8445147092616319,0.0,-4.440892098500626e-16,0.5032634087641249,-18.85480004718515
116.79999999999764,0.0,453.0,509.3606701599105,509.4036866023169,0.00037571021249299544,PILOT_ASC_HOLD_ACC,caténaire,,1.89109284575186,0.12345822392470503,1.89109284575186,0.027235575952162163,-0.9996290428966909,0.531023543302341,-0.8473570655034552,46.8659449997804,-504.591222618167,5.0,0.0,-0.06555922351831071,0.10461319833710653,-4.9471456234636095,8.745297428719876,8.829000000000008,-0.012704846981920426,0.020910627056975883,0.05150500283306527,-1.8903913314277114,0.06555922351831071,-0.10461319833710653,-1.844514845315141,0.0,0.0,0.11706422635137598,-3.839519375079959
116.89999999999763,0.0,453.0,509.36070397382963,509.40460898688104,0.0003381391912436959,PILOT_ASC_HOLD_ACC,caténaire,,16.955659077811518,0.08401081984554873,16.955659077811518,0.02735152377837862,-0.9996258770895243,0.5277062425019889,-0.8494269371902635,46.891776266742994,-504.6171861845956,5.0,0.0,-0.04433303407020604,0.07136105339224746,-4.948358281052368,8.74855781278542,8.829000000000008,0.007308684877425975,-0.00908113382234177,0.46376311244484303,-16.949315577288292,0.04433303407020604,-0.07136105339224746,-1.8445149677632993,0.0,-2.220446049250313e-16,0.5080961465150491,-18.86519159844384
116.99999999999763,0.0,453.0,509.36073440635687,509.4055217062219,0.0003043252721193263,PILOT_ASC_HOLD_ACC,caténaire,,1.8844434383493915,0.12587030045674624,1.8844434383493915,0.027469079206123036,-0.9996226536486493,0.5243731292275985,-0.8514885914350562,46.91760303105342,-504.6431416088396,5.0,0.0,-0.06600300332732205,0.10717712483942217,-4.946633333198045,8.74307157086279,8.829000000000008,-0.01263633652536722,0.02124869570220511,0.05176392606747827,-1.8837323504936037,0.06600300332732205,-0.10717712483942217,-1.8445150779666413,0.0,0.0,0.11776692939480032,-3.835424553299667
117.09999999999762,0.0,453.0,509.36076179563133,509.40640716026957,0.00027389274490739366,PILOT_ASC_HOLD_ACC,caténaire,,16.96384710114152,0.08647998382745567,16.96384710114152,0.027588179405817526,-0.9996193737403614,0.5210237849645545,-0.8535421580104932,46.943432899913944,-504.66910183114175,5.0,0.0,-0.045058128497454414,0.07381431202079906,-4.9478226416109745,8.746304316585984,8.829000000000008,0.007119229891570988,-0.008881371393224313,0.4680016572391499,-16.957390215470333,0.045058128497454414,-0.07381431202079906,-1.844515177149649,0.0,-4.440892098500626e-16,0.5130597857366043,-18.875719704640783
117.19999999999762,0.0,453.0,509.36078644597836,509.4072887413018,0.0002465034704166543,PILOT_ASC_HOLD_ACC,caténaire,,1.877869260476631,0.12839539924773524,1.877869260476631,0.027708940420839764,-0.9996160335952771,0.5176591615682692,-0.855586928631122,46.969258300753815,-504.69505380680243,5.0,0.0,-0.0664650547238058,0.10985342529273646,-4.946111052453212,8.740748418114798,8.829000000000008,-0.012576107177017626,0.021601843407527355,0.052033767456673395,-1.877148221768146,0.0664650547238058,-0.10985342529273646,-1.8445152664143563,0.0,-2.220446049250313e-16,0.11849882218047919,-3.831516913475239
117.29999999999761,0.0,453.0,509.3608086312907,509.4081539058696,0.00022185312337498885,PILOT_ASC_HOLD_ACC,caténaire,,16.97206640605786,0.08906395072489946,16.97206640605786,0.027831280932037773,-0.999612634874971,0.5142793934179791,-0.8576227058011207,46.99508674219089,-504.72101053594247,5.0,0.0,-0.045803754554210076,0.07638326641002596,-4.9472757985009626,8.743950700111181,8.829000000000008,0.006920446944826963,-0.008666033478800017,0.47235434814419697,-16.965492019432475,0.045803754554210076,-0.07638326641002596,-1.8445153467525928,0.0,0.0,0.518158102698407,-18.886390632595095
117.3999999999976,0.0,453.0,509.3608285980718,509.4089945973622,0.00019966781103748996,PILOT_ASC_HOLD_ACC,caténaire,,1.8713798077238195,0.13104739595709997,1.8713798077238195,0.027955440284385086,-0.9996091703053279,0.5108818953350373,-0.8596509111371198,47.02091074799245,-504.74695890991256,5.0,0.0,-0.06694974202528432,0.11265501333666789,-4.945576708139493,8.738322453538801,8.829000000000008,-0.012526450164776826,0.02197746687546065,0.052315246464227284,-1.8706484169249513,0.06694974202528432,-0.11265501333666789,-1.8445154190570054,0.0,2.220446049250313e-16,0.11926498848951161,-3.827818849318625
117.4999999999976,0.0,453.0,509.3608465681748,509.4098116252077,0.00017970102993374097,PILOT_ASC_HOLD_ACC,caténaire,,16.980326430944878,0.09177714559990867,16.980326430944878,0.028081290892832223,-0.9996056427920924,0.5074684085680706,-0.861670362903001,47.046737727837986,-504.77291198842937,5.0,0.0,-0.04657400202050576,0.07908164635527487,-4.946715896975252,8.741491328235956,8.829000000000008,0.006710101004242297,-0.0084270254087766,0.4768294859626107,-16.97363011682421,0.04657400202050576,-0.07908164635527487,-1.844515484130977,0.0,0.0,0.5234034879831164,-18.89722724731046
117.59999999999759,0.0,453.0,509.3608627412675,509.41062174453555,0.00016173092694036687,PILOT_ASC_HOLD_ACC,caténaire,,1.864968625527581,0.13382638529486224,1.864968625527581,0.028208979704027498,-0.9996020475489523,0.5040391389489799,-0.8636808128050381,47.07256030158003,-504.79885659661767,5.0,0.0,-0.06745373601267679,0.11558328122622681,-4.945028213544914,8.735786323307256,8.829000000000008,-0.012481949557590966,0.02236960453347514,0.05260886210615559,-1.8642264566919253,0.06745373601267679,-0.11558328122622681,-1.8445155426975515,0.0,-2.220446049250313e-16,0.12006259811883238,-3.824325280615704
117.69999999999759,0.0,453.0,509.36087729705093,509.4114026797713,0.00014555783424633018,PILOT_ASC_HOLD_ACC,caténaire,,16.988627787284884,0.09462713216285132,16.988627787284884,0.028338469984679218,-0.9995983849121243,0.5005931403535576,-0.8656826831067855,47.098385779493086,-504.8248058539783,5.0,0.0,-0.047369693252052876,0.08191706966543753,-4.946140574789507,8.738917441335229,8.829000000000008,0.006489731958439826,-0.00816548899934233,0.48143171863086,-16.981804898043205,0.047369693252052876,-0.08191706966543753,-1.8445155954074686,0.0,0.0,0.5288014118829129,-18.90823756311611
117.79999999999758,0.0,453.0,509.360890397256,509.41218581487976,0.00013100205082169716,PILOT_ASC_HOLD_ACC,caténaire,,1.8586426719994211,0.136742765967654,1.8586426719994211,0.02846985279507928,-0.9995946515872453,0.49713232566102633,-0.8676747378959808,47.12420687969105,-504.8507465217971,5.0,0.0,-0.06797924926282127,0.11864824362015564,-4.944463861654661,8.73313300805102,8.829000000000008,-0.012443110917482514,0.022781251671167624,0.05291528327047634,-1.857889274142448,0.06797924926282127,-0.11864824362015564,-1.8445156428463938,0.0,2.220446049250313e-16,0.12089453253329761,-3.8210531606089972
117.89999999999758,0.0,453.0,509.3609021874406,509.4129425935243,0.00011790184573952744,PILOT_ASC_HOLD_ACC,caténaire,,16.996970351791184,0.09762060552408824,16.996970351791184,0.028603119391255864,-0.9995908470774878,0.4936549915949515,-0.8696578345955313,47.150030811199706,-504.87669177675576,5.0,0.0,-0.04819089919948786,0.08489652441198314,-4.945548252388665,8.736221875719275,8.829000000000008,0.006260848411846709,-0.00788159986874959,0.48616637226191944,-16.990015991697895,0.04819089919948786,-0.08489652441198314,-1.8445156855414264,0.0,2.220446049250313e-16,0.5343572714614073,-18.919428201651307
117.99999999999757,0.0,453.0,509.3609127986067,509.413677799868,0.0001061116611655747,PILOT_ASC_HOLD_ACC,caténaire,,1.8524176262249412,0.13981643654633363,1.8524176262249412,0.028738476593249386,-0.9995869646824629,0.490159991507993,-0.8716324814535563,47.175850392041234,-504.90262831794996,5.0,0.0,-0.06853242335022873,0.12186854753487449,-4.943881997836163,8.730354706819032,8.829000000000008,-0.012414421186392133,0.023223254353899492,0.05323566059218807,-1.851652512322482,0.06853242335022873,-0.12186854753487449,-1.8445157239669558,0.0,2.220446049250313e-16,0.1217680839424168,-3.8180367838243123
118.09999999999756,0.0,453.0,509.36092234865623,509.41439551420297,9.550049504901723e-05,PILOT_ASC_HOLD_ACC,caténaire,,17.005358945145694,0.10076853599878252,17.005358945145694,0.028875783932465225,-0.9995830076098161,0.4866494951375609,-0.8735973150613257,47.20167272897842,-504.9285693778117,5.0,0.0,-0.049038957169558646,0.08803112249119695,-4.944937517602039,8.73339697884501,8.829000000000008,0.0060235252284019936,-0.007571898663801591,0.49104307059404184,-16.998267839873222,0.049038957169558646,-0.08803112249119695,-1.8445157585499323,0.0,0.0,0.5400820277636005,-18.930814720914352
118.19999999999756,0.0,453.0,509.3609309437008,509.4151037805424,8.59504455441155e-05,PILOT_ASC_HOLD_ACC,caténaire,,1.8462864663937992,0.14304820286946995,1.8462864663937992,0.02901523721102651,-0.9995789693713989,0.4831226709796682,-0.8755526739068707,47.22749073954366,-504.95450159092593,5.0,0.0,-0.06910982984913976,0.1252462365199369,-4.943280669359416,8.727441248131722,8.829000000000008,-0.012390499208555283,0.023687484651651047,0.05357043978192401,-1.8455091232422758,0.06910982984913976,-0.1252462365199369,-1.8445157896746116,0.0,0.0,0.12268026963106377,-3.8152711494368243
118.29999999999755,0.0,453.0,509.3609386792409,509.41579603339505,7.735540098970396e-05,PILOT_ASC_HOLD_ACC,caténaire,,17.013799040547823,0.10408264135586714,17.013799040547823,0.02915674150364061,-0.9995748518369646,0.47958042185901884,-0.8774979310343276,47.25331142869769,-504.9804382475704,5.0,0.0,-0.04991599704964773,0.09133230244636137,-4.944306441894133,8.730432429151247,8.829000000000008,0.005777561056219405,-0.007235268402400408,0.4960669406201415,-17.006565655139482,0.04991599704964773,-0.09133230244636137,-1.8445158176868224,0.0,-2.220446049250313e-16,0.5459829376697892,-18.942413775272666
118.39999999999755,0.0,453.0,509.36094564122703,509.41647518067015,6.961986089073356e-05,PILOT_ASC_HOLD_ACC,caténaire,,1.8402608165239407,0.1464542809007193,1.8402608165239407,0.02930052179497763,-0.9995706475395034,0.47602130824845273,-0.8794337462784968,47.279127814665266,-505.0063659185712,5.0,0.0,-0.06971535839294679,0.12879683691104288,-4.942658577309083,8.724384235099366,8.829000000000008,-0.012373935702029826,0.02418107201040165,0.053920602163003054,-1.8394706960144107,0.06971535839294679,-0.12879683691104288,-1.8445158428978123,0.0,2.220446049250313e-16,0.12363596055594984,-3.8127833758232654
118.49999999999754,0.0,453.0,509.3609519070145,509.41712836371204,6.265787480166021e-05,PILOT_ASC_HOLD_ACC,caténaire,,17.022301139438138,0.10758050088232869,17.022301139438138,0.02944651605097641,-0.9995663573232442,0.47244551849989447,-0.8813598765824128,47.30494679925537,-505.03229795023117,5.0,0.0,-0.05082592551983013,0.09481713698032336,-4.943653662398171,8.72731911233128,8.829000000000008,0.005520412081998494,-0.006863750688404835,0.5012474637270191,-17.014919543207487,0.05082592551983013,-0.09481713698032336,-1.844515865587703,0.0,-2.220446049250313e-16,0.5520733892468492,-18.954252545775514
118.59999999999754,0.0,453.0,509.36095754622323,509.4177716974975,5.639208732149419e-05,PILOT_ASC_HOLD_ACC,caténaire,,1.8343468408595403,0.1500474154085824,1.8343468408595403,0.029594896438678988,-0.999561975119494,0.46885320654904944,-0.8832761010627844,47.33076150206845,-505.0582208492114,5.0,0.0,-0.07035021184871111,0.13253329605664063,-4.9420141039260725,8.721173062804194,8.829000000000008,-0.012364315774783918,0.024706358860827393,0.05428730478785606,-1.8335433513037662,0.07035021184871111,-0.13253329605664063,-1.8445158860086046,0.0,0.0,0.12463751663656716,-3.8105925333690114
118.69999999999753,0.0,453.0,509.3609626215111,509.4184001980151,5.075287858934477e-05,PILOT_ASC_HOLD_ACC,caténaire,,17.030863032718052,0.11126899113709769,17.030863032718052,0.029745565758581463,-0.9995575027569458,0.4652454940574735,-0.8851816933597403,47.35657872035928,-505.0841480160756,5.0,0.0,-0.05176739675485566,0.09849327399316607,-4.9429772862110575,8.724044965234736,8.829000000000008,0.005255317034086993,-0.006461760772106473,0.506592656265109,-17.02332692277924,0.05176739675485566,-0.09849327399316607,-1.8445159043874164,0.0,0.0,0.5583600530199646,-18.966336101159825
118.79999999999752,0.0,453.0,509.3609671892701,509.41902009616166,4.567759073041029e-05,PILOT_ASC_HOLD_ACC,caténaire,,1.828551648625309,0.15384134016063009,1.828551648625309,0.029898747231474277,-0.9995529325223294,0.4616213069671689,-0.887077093016116,47.38239167659341,-505.11006589487624,5.0,0.0,-0.07101644051053087,0.1364691288153952,-4.941345389985846,8.717795538127803,8.829000000000008,-0.012361830496376847,0.025264666943190406,0.054671403541943685,-1.8277341626519676,0.07101644051053087,-0.1364691288153952,-1.8445159209283468,0.0,0.0,0.12568784405247455,-3.80871921239571
118.89999999999752,0.0,453.0,509.3609713002533,509.41962001897826,4.110983165736926e-05,PILOT_ASC_HOLD_ACC,caténaire,,17.03949806783198,0.11516869071276326,17.03949806783198,0.03005437831183579,-0.9995482651399525,0.45798101495103627,-0.8889619732836826,47.40820706298517,-505.1359879404398,5.0,0.0,-0.0527450738632133,0.10238058655651616,-4.942275838507919,8.720598846776173,8.829000000000008,0.004979087628868228,-0.006020566667318761,0.5121115211744173,-17.031800732557027,0.0527450738632133,-0.10238058655651616,-1.8445159358151844,0.0,0.0,0.5648565950376305,-18.97869725492873
118.99999999999751,0.0,453.0,509.3609750001382,509.42020762057393,3.6998848491632336e-05,PILOT_ASC_HOLD_ACC,caténaire,,1.8228872731763683,0.15785529608323284,1.8228872731763683,0.030212684367818165,-0.9995434926521659,0.4543237279279533,-0.8908366574415576,47.43401820529306,-505.161900533354,5.0,0.0,-0.07171740658970518,0.14062328432223453,-4.940650938637634,8.714239955615597,8.829000000000008,-0.012368345227339539,0.02586323993782358,0.05507431782259035,-1.8220551117418902,0.07171740658970518,-0.14062328432223453,-1.8445159492133378,0.0,2.220446049250313e-16,0.12679172441229553,-3.8071943452774626
119.09999999999751,0.0,453.0,509.3609783300345,509.4207675671224,3.32989636424691e-05,PILOT_ASC_HOLD_ACC,caténaire,,17.04821660832183,0.1192997695018618,17.04821660832183,0.030373629105006815,-0.9995386148893857,0.45064934372319404,-0.8927010524256452,47.459831689331764,-505.1878171807858,5.0,0.0,-0.05376236283234234,0.10649902978844893,-4.941547466134804,8.716967185854738,8.829000000000008,0.0046901710328537405,-0.005533784356821059,0.5178162081629845,-17.04035081501622,0.05376236283234234,-0.10649902978844893,-1.8445159612716762,0.0,2.220446049250313e-16,0.5715785709953268,-18.991365806076345
119.1999999999975,0.0,453.0,509.36098132694127,509.42131682563337,2.9969067278222192e-05,PILOT_ASC_HOLD_ACC,caténaire,,1.8173628969123055,0.16210718471644817,1.8173628969123055,0.030537399356150532,-0.9995336248673993,0.4469581236659153,-0.8945548813175435,47.485640945086566,-505.2137241999594,5.0,0.0,-0.07245512311362762,0.1450137733847434,-4.939928734286253,8.710491531854904,8.829000000000008,-0.012383857399880682,0.02650530523964001,0.0554975365580617,-1.8165153240502743,0.07245512311362762,-0.1450137733847434,-1.8445159721241808,0.0,0.0,0.1279526596716893,-3.8060450695591985
119.2999999999975,0.0,453.0,509.36098402415735,509.4218397912389,2.6972160550399972e-05,PILOT_ASC_HOLD_ACC,caténaire,,17.057023859198985,0.12367871713898959,17.057023859198985,0.030703965762865684,-0.99952852209751,0.44324991627831234,-0.8963980765927987,47.51145245059623,-505.23963514855865,5.0,0.0,-0.05482058101726621,0.11086536415885508,-4.940789984465924,8.71313404539708,8.829000000000008,0.004389434516808954,-0.005000590444073083,0.5237182765892288,-17.048981849367127,0.05482058101726621,-0.11086536415885508,-1.844515981891435,0.0,2.220446049250313e-16,0.5785388576064949,-19.004363195417415
119.39999999999749,0.0,453.0,509.3609864516518,509.4223605083532,2.4274944495359976e-05,PILOT_ASC_HOLD_ACC,caténaire,,1.8119860849843246,0.16661368339416743,1.8119860849843246,0.0308734832468678,-0.9995233003948459,0.4395258570155436,-0.8982299377190408,47.53725974144572,-505.2655362816199,5.0,0.0,-0.07323102198433788,0.149657398458283,-4.939176591504585,8.706533908883726,8.829000000000008,-0.012407613488922387,0.027191307342000925,0.05594232203832112,-1.811122311933068,0.07323102198433788,-0.149657398458283,-1.8445159906819635,0.0,0.0,0.129173344022659,-3.805295701073314
119.49999999999748,0.0,453.0,509.3609886363968,509.42286060477943,2.1847450045823978e-05,PILOT_ASC_HOLD_ACC,caténaire,,17.065926443568088,0.12832329215489247,17.065926443568088,0.03104594199946908,-0.9995179585607081,0.43578542904636935,-0.9000505873732164,47.56306918676666,-505.2914412060694,5.0,0.0,-0.055921420928362414,0.11549745447767581,-4.9400013010162045,8.709083007105237,8.829000000000008,0.004077278055433453,-0.004419538417094415,0.5298277625342205,-17.057699959822383,0.055921420928362414,-0.11549745447767581,-1.8445159985934392,0.0,-2.220446049250313e-16,0.5857491834625829,-19.0177134128935
119.59999999999748,0.0,453.0,509.36099060266736,509.4233448167151,1.966270504124158e-05,PILOT_ASC_HOLD_ACC,caténaire,,1.8067796133110772,0.17140656371365393,1.8067796133110772,0.03122161179076158,-0.9995124866439573,0.4320273363050265,-0.901860510658485,47.58887442904876,-505.31733611593535,5.0,0.0,-0.07405232114640771,0.15458481108101207,-4.938392484827423,8.702350620694798,8.829000000000008,-0.01244480597383113,0.027935431775802044,0.056410571678260774,-1.8058987841181624,0.07405232114640771,-0.15458481108101207,-1.844516005713768,0.0,2.220446049250313e-16,0.1304628928246685,-3.804999600912942
119.69999999999747,0.0,453.0,509.3609923723108,509.42380875274944,1.7696434537117424e-05,PILOT_ASC_HOLD_ACC,caténaire,,17.074941353410793,0.13326174617252112,17.074941353410793,0.03140041446590887,-0.9995068854046826,0.4282528714481421,-0.9036589390342029,47.614681727445884,-505.3432346656911,5.0,0.0,-0.05706972545257563,0.12042316816010569,-4.939179480540943,8.704797265527576,8.829000000000008,0.0037507940064811507,-0.0037795663123265655,0.5361602354781858,-17.066521450615237,0.05706972545257563,-0.12042316816010569,-1.8445160121220634,0.0,0.0,0.5932299609307614,-19.031460630897406
119.79999999999747,0.0,453.0,509.3609939649899,509.42426103806815,1.592679108340568e-05,PILOT_ASC_HOLD_ACC,caténaire,,1.801748953318576,0.17650458394195273,1.801748953318576,0.03158260840604462,-0.9995011449949772,0.42446121016786464,-0.9054461226725926,47.640484830898465,-505.3691229853339,5.0,0.0,-0.0749193493001767,0.15981539116418025,-4.937573895971293,8.697921708978708,8.829000000000008,-0.012493245271469888,0.028737100142880223,0.05690393163866135,-1.8008501418354184,0.0749193493001767,-0.15981539116418025,-1.8445160178895286,0.0,-2.220446049250313e-16,0.13182328093883805,-3.8051815508891274
119.89999999999746,0.0,453.0,509.3609953984011,509.4246946467116,1.4334111975065114e-05,PILOT_ASC_HOLD_ACC,caténaire,,17.084080613681188,0.13851970528906415,17.084080613681188,0.03176813599200403,-0.999495265389283,0.42065330985234545,-0.907221468501637,47.666289888238374,-505.3950147772965,5.0,0.0,-0.058268772509616276,0.12566805044875876,-4.938321699687914,8.700255115871391,8.829000000000008,0.003409527802469725,-0.003076833679857671,0.5427293962337837,-17.075457686903185,0.058268772509616276,-0.12566805044875876,-1.844516023080248,0.0,2.220446049250313e-16,0.6009981687434,-19.045641760432193
119.99999999999746,0.0,453.0,509.3609966884712,509.42511835162514,1.2900700777558602e-05,PILOT_ASC_HOLD_ACC,caténaire,,1.7969109607810907,0.1819366850159023,1.7969109607810907,0.031957266206407355,-0.9994892361284401,0.4168283529962322,-0.9089852166776137,47.692090755932576,-505.42089610797126,5.0,0.0,-0.07583636876477283,0.1653777570507867,-4.9367182823061375,8.693226055331248,8.829000000000008,-0.012554651070910694,0.029603812382026362,0.05742436192289252,-1.7959931635819137,0.07583636876477283,-0.1653777570507867,-1.8445160277518955,0.0,0.0,0.13326073068766536,-3.805886948384596
120.09999999999745,0.0,453.0,509.3609978495343,509.4255274661955,1.1610630699802742e-05,PILOT_ASC_HOLD_ACC,caténaire,,17.093357660733353,0.14412531041005083,17.093357660733353,0.0321499336894381,-0.9994830572669877,0.41298761158971514,-0.9107366428740103,47.717893471219135,-505.44678072583946,5.0,0.0,-0.0595219677158732,0.13126020135602434,-4.937425341437538,8.695434452648987,8.829000000000008,0.003052690846589101,-0.0023053459949959887,0.5495503153224262,-17.084521373707858,0.0595219677158732,-0.13126020135602434,-1.844516031956378,0.0,0.0,0.6090722830382993,-19.06029760702026
120.19999999999744,0.0,453.0,509.36099889449105,509.42592666626285,1.0449567629822467e-05,PILOT_ASC_HOLD_ACC,caténaire,,1.7922838720918932,0.1877349657920648,1.7922838720918932,0.032346445566363104,-0.9994767168169663,0.40912972171707895,-0.9124762302699757,47.743691998859546,-505.47265463342154,5.0,0.0,-0.0768079543110728,0.17130369387580613,-4.935822834711877,8.688240116301628,8.829000000000008,-0.012630789022949784,0.030543810177427133,0.05797401270809092,-1.7913460000824049,0.0768079543110728,-0.17130369387580613,-1.8445160357404127,0.0,0.0,0.13478196701916373,-3.8071657296986237
120.29999999999744,0.0,453.0,509.3609998349521,509.4263044287817,9.40461086684022e-06,PILOT_ASC_HOLD_ACC,caténaire,,17.102797115936912,0.15011897794716994,17.102797115936912,0.03254678962267309,-0.9994702129054459,0.40525508168383234,-0.9142036527871842,47.76949226357234,-505.49853162399154,5.0,0.0,-0.06083647867027378,0.1372393179919815,-4.936487536999753,8.690310722376697,8.829000000000008,0.002675984329973069,-0.0014499596313282126,0.5566411396916588,-17.093736274744114,0.06083647867027378,-0.1372393179919815,-1.8445160391460431,0.0,0.0,0.6174776183619326,-19.075491631882137
120.39999999999743,0.0,453.0,509.3610006813671,509.4266624451543,8.464149780156198e-06,PILOT_ASC_HOLD_ACC,caténaire,,1.7878968919098401,0.19394437164078654,1.7878968919098401,0.03275131190334743,-0.9994635318852857,0.40136193077340426,-0.9159195382378548,47.795288338923164,-505.52439763499024,5.0,0.0,-0.07784188746438075,0.1776374393170601,-4.934884525997193,8.68293771325306,8.829000000000008,-0.012726413461573216,0.03157515257011134,0.05855596875796462,-1.7869377422349337,0.07784188746438075,-0.1776374393170601,-1.844516042211111,0.0,0.0,0.13639785622234538,-3.809091223763105
120.49999999999743,0.0,453.0,509.3610014431406,509.42700212846717,7.6177348021405776e-06,PILOT_ASC_HOLD_ACC,caténaire,,17.11241572524243,0.15653716320693006,17.11241572524243,0.03295992702856311,-0.9994566740035666,0.3974523870659842,-0.9176227983303112,47.821086035417714,-505.5502665011162,5.0,0.0,-0.06221606918113191,0.1436420697446318,-4.935504807055704,8.684854689196563,8.829000000000008,0.0022791237631638595,-0.0005032410588139413,0.5640239735864263,-17.10311810491713,0.06221606918113191,-0.1436420697446318,-1.8445160449696723,0.0,0.0,0.6262400427675582,-19.091276219631435
120.59999999999742,0.0,453.0,509.36100212873674,509.4273412682259,6.85596132192652e-06,PILOT_ASC_HOLD_ACC,caténaire,,1.7837527231451666,0.20058764490794478,1.7837527231451666,0.03317288553711595,-0.9994496283781097,0.39352678861227,-0.9193131493917152,47.84687953575876,-505.5761240930868,5.0,0.0,-0.07893661173592185,0.18440285956938976,-4.933899357399955,8.6772862813451,8.829000000000008,-0.012835969135877257,0.03268914091448316,0.05917222491141349,-1.782770996265878,0.07893661173592185,-0.18440285956938976,-1.844516047452377,0.0,2.220446049250313e-16,0.13810883664733534,-3.811689903287645
120.69999999999742,0.0,453.0,509.36100274577325,509.4276600686071,6.170365189733868e-06,PILOT_ASC_HOLD_ACC,caténaire,,17.12223543177074,0.16342238882142596,17.12223543177074,0.033390255237189664,-0.9994423899631211,0.3895844172609591,-0.9209907609891854,47.872674535791624,-505.601984287406,5.0,0.0,-0.06366681611638911,0.15051051024331563,-4.934473109974366,8.67903296067791,8.829000000000008,0.0018600739092446972,0.000543470921217093,0.5717158112980774,-17.112687901440182,0.06366681611638911,-0.15051051024331563,-1.8445160496868114,0.0,0.0,0.6353826274144665,-19.107714461370307
120.79999999999741,0.0,453.0,509.3610033011061,509.42796815408366,5.553328670760481e-06,PILOT_ASC_HOLD_ACC,caténaire,,1.7798993869303903,0.20772922166387528,1.7798993869303903,0.033612363443476165,-0.9994349448682208,0.38562453030624205,-0.922655798023342,47.898465329514245,-505.62783289094915,5.0,0.0,-0.08010548353501315,0.19166257078705054,-4.9328639428905605,8.671254659973425,8.829000000000008,-0.012969426425573971,0.033917230760467376,0.059826625086324685,-1.7788936456477547,0.08010548353501315,-0.19166257078705054,-1.8445160516978025,0.0,0.0,0.13993210862133784,-3.8150722681326075
120.8999999999974,0.0,453.0,509.3610038009057,509.4282473630022,4.9979958036844335e-06,PILOT_ASC_HOLD_ACC,caténaire,,17.13229214142006,0.17083399939090527,17.13229214142006,0.03383928839459563,-0.9994272872805442,0.38164663793581804,-0.9243083055735715,47.92425749536193,-505.65368381540077,5.0,0.0,-0.06519822151266859,0.15790328451136418,-4.933388834552911,8.672811888553063,8.829000000000008,0.0014129439344205963,0.0017151730644204832,0.5797445746339777,-17.122480259797236,0.06519822151266859,-0.15790328451136418,-1.8445160535076943,0.0,0.0,0.6449427961466463,-19.12489959781629
120.9999999999974,0.0,453.0,509.3610042507253,509.4285190909242,4.49819622331599e-06,PILOT_ASC_HOLD_ACC,caténaire,,1.7763610010909598,0.2154182297776456,1.7763610010909598,0.03407129199866826,-0.9994194049854854,0.3776515781370808,-0.9259477768916411,47.950045438545075,-505.6795228006079,5.0,0.0,-0.08135303443502415,0.19946603096454366,-4.931773588985819,8.664802665512674,8.829000000000008,-0.013126623420842698,0.035268696477210426,0.060522914363216766,-1.7753296547497484,0.08135303443502415,-0.19946603096454366,-1.8445160551365969,0.0,-2.220446049250313e-16,0.14187594879824092,-3.819311740850889
121.0999999999974,0.0,453.0,509.3610046555629,509.42876725665934,4.048376600984391e-06,PILOT_ASC_HOLD_ACC,caténaire,,17.142605865917382,0.1788206417569112,17.142605865917382,0.034308454734198975,-0.9994112916781316,0.3736391223527665,-0.9275741513471872,47.97583461862207,-505.7053637904726,5.0,0.0,-0.06681438764461077,0.1658694050210263,-4.9322466958697095,8.666147194755155,8.829000000000008,0.000938916485679897,0.003016599776172413,0.5881363173770403,-17.132513871185605,0.06681438764461077,-0.1658694050210263,-1.8445160566026089,0.0,0.0,0.6549507050216511,-19.14289933280924
121.19999999999739,0.0,453.0,509.3610050199168,509.4290081161363,3.643538940885952e-06,PILOT_ASC_HOLD_ACC,caténaire,,1.7731744210248106,0.22371737904215333,1.7731744210248106,0.03455109706329096,-0.9994029326011221,0.3696093951373463,-0.9291872228061494,48.00161955357434,-505.73119245914506,5.0,0.0,-0.08268804514948273,0.2078753301256491,-4.93062304757516,8.657884987353903,8.829000000000008,-0.013311092724642037,0.03676031747954411,0.06126512153097298,-1.7721157163854926,0.08268804514948273,-0.2078753301256491,-1.8445160579220201,0.0,0.0,0.1439531666804557,-3.8245071044331618
121.29999999999738,0.0,453.0,509.36100534783526,509.4292326383444,3.279185046797357e-06,PILOT_ASC_HOLD_ACC,caténaire,,17.153210669511243,0.1874453867507837,17.153210669511243,0.0347992631465318,-0.9993943222194421,0.3655631299018795,-0.9307865480637016,48.02740558291434,-505.7570227802033,5.0,0.0,-0.06852312226628479,0.17447164448422747,-4.93104159645818,8.658992796921314,8.829000000000008,0.00043528127553482676,0.004464441405534814,0.5969190918962186,-17.142821350943493,0.06852312226628479,-0.17447164448422747,-1.84451605910949,0.0,0.0,0.6654422141625034,-19.161809054537212
121.39999999999738,0.0,453.0,509.3610056429619,509.42944858765776,2.9512665421176215e-06,PILOT_ASC_HOLD_ACC,caténaire,,1.770380683160015,0.2326977908563194,1.770380683160015,0.035053366299596087,-0.9993854419147131,0.3614992679203562,-0.9323723930345892,48.053187337447085,-505.78284035928687,5.0,0.0,-0.08412008104124362,0.21696099611456887,-4.929406796090519,8.650452024015614,8.829000000000008,-0.013526877131762483,0.03841302013017511,0.06205780257653717,-1.7692926813971435,0.08412008104124362,-0.21696099611456887,-1.8445160601782133,0.0,-2.220446049250313e-16,0.14617788361778078,-3.830769737689926
121.49999999999737,0.0,453.0,509.3610059085759,509.42964711322475,2.656139887905859e-06,PILOT_ASC_HOLD_ACC,caténaire,,17.164157469217926,0.19679144630460987,17.164157469217926,0.035313472500559925,-0.999376284819663,0.35741857348829675,-0.9339443041882053,48.07897003592444,-505.80865919806115,5.0,0.0,-0.07033691801289241,0.18379225038914943,-4.92976776238292,8.651296189899293,8.829000000000008,-0.00010468039581290611,0.006088440288435137,0.6061260027845075,-17.15345192364668,0.07033691801289241,-0.18379225038914943,-1.8445160611400644,0.0,0.0,0.6764629207973999,-19.181760235175897
121.59999999999737,0.0,453.0,509.36100614762853,509.42982801986,2.3905258991152734e-06,PILOT_ASC_HOLD_ACC,caténaire,,1.7680382758845496,0.24245262920366695,1.7680382758845496,0.0355800992497532,-0.9993668278151809,0.3533188588712987,-0.93550295775368,48.104748421643514,-505.83446482918004,5.0,0.0,-0.08566308628058572,0.22681515173518668,-4.928118662806216,8.642447293628923,8.829000000000008,-0.013781749086801298,0.040262445364101396,0.06290697733333481,-1.7669188032265641,0.08566308628058572,-0.22681515173518668,-1.84451606200573,0.0,0.0,0.14857006361392053,-3.8382500169674807
121.69999999999736,0.0,453.0,509.36100636277587,509.4299918626663,2.1514733092037463e-06,PILOT_ASC_HOLD_ACC,caténaire,,17.175499903683125,0.20695172875958165,17.175499903683125,0.035853258474769396,-0.9993570652458217,0.34920220298145205,-0.937047395510441,48.13052759109857,-505.8602712782077,5.0,0.0,-0.07226799959366584,0.19392357843054922,-4.928418324909763,8.642995146560898,8.829000000000008,-0.000686324503428537,0.007918724991439419,0.615797637480128,-17.16445717787466,0.07226799959366584,-0.19392357843054922,-1.8445160627848294,0.0,2.220446049250313e-16,0.6880656370737938,-19.20289681909004
121.79999999999735,0.0,453.0,509.3610065564085,509.4301435097222,1.9363259782833715e-06,PILOT_ASC_HOLD_ACC,caténaire,,1.7661906085507546,0.25306796409740023,1.7661906085507546,0.03613346085336171,-0.9993469732814316,0.3450670865238667,-0.9385780232873185,48.15630239944791,-505.88606399898487,5.0,0.0,-0.0873254250636164,0.23752402949988402,-4.926750968222082,8.63380196838013,8.829000000000008,-0.01407639328569843,0.04232599788000613,0.06381857921364378,-1.7650372388932865,0.0873254250636164,-0.23752402949988402,-1.8445160634860185,0.0,0.0,0.15114400427726019,-3.8470773318791887
121.89999999999735,0.0,453.0,509.36100673067784,509.4302834066496,1.7426933804550343e-06,PILOT_ASC_HOLD_ACC,caténaire,,17.187290647885693,0.21802428285683556,17.187290647885693,0.036420742856722955,-0.999336544658387,0.3409155727229199,-0.9400939167311975,48.18207782006448,-505.9118570389911,5.0,0.0,-0.07432787325764198,0.20496330201339302,-4.926985035839544,8.634015685851775,8.829000000000008,-0.0013129090971855106,0.009978987865160605,0.6259738930904041,-17.175887648097497,0.07432787325764198,-0.20496330201339302,-1.844516064117089,0.0,4.440892098500626e-16,0.7003017663480461,-19.225367014227977
121.99999999999734,0.0,453.0,509.36100688752026,509.43040739135563,1.568424042409531e-06,PILOT_ASC_HOLD_ACC,caténaire,,1.764914541521172,0.2646656926777229,1.764914541521172,0.036715746464709445,-0.9993257496740187,0.3367448271515549,-0.9415959438032162,48.20784882073246,-505.9376357712176,5.0,0.0,-0.08912480293370634,0.24920814268921246,-4.925295429782254,8.624439510869822,8.829000000000008,-0.014420232715960601,0.04464765355902678,0.06480015483837026,-1.7637245473162222,0.08912480293370634,-0.24920814268921246,-1.844516064685052,0.0,0.0,0.1539249577720766,-3.8574487546904868
122.09999999999734,0.0,453.0,509.36100702867844,509.4305174154583,1.4115816381685778e-06,PILOT_ASC_HOLD_ACC,caténaire,,17.199613061610886,0.23014290010919583,17.199613061610886,0.037018527796108,-0.9993145793992043,0.3325571302790422,-0.9430831114491279,48.23362025007403,-505.9634142600136,5.0,0.0,-0.07653566241441044,0.21704388231290625,-4.925459285402963,8.62427662924439,8.829000000000008,-0.0019949478173728608,0.012320511557287972,0.6367043542035449,-17.187824092492743,0.07653566241441044,-0.21704388231290625,-1.8445160651962191,0.0,-2.220446049250313e-16,0.7132400166179553,-19.24938404000187
122.19999999999733,0.0,453.0,509.3610071557208,509.43061686674355,1.27042347435172e-06,PILOT_ASC_HOLD_ACC,caténaire,,1.7642820686845955,0.2773731676359919,1.7642820686845955,0.037329707798459844,-0.9993030035558192,0.32835067750129804,-0.9445558917207804,48.25938718749939,-505.9891777893516,5.0,0.0,-0.09107566751395905,0.26199445969583185,-4.923742436718785,8.614270063550995,8.829000000000008,-0.014818104232744211,0.04726452324681851,0.06586013409805822,-1.7630523703561904,0.09107566751395905,-0.26199445969583185,-1.8445160656562691,0.0,0.0,0.15693580161201726,-3.8695628957082917
122.29999999999733,0.0,453.0,509.3610072700589,509.43069071451276,1.143381126916548e-06,PILOT_ASC_HOLD_ACC,caténaire,,17.212567676502168,0.24346986948158644,17.212567676502168,0.037649562601133134,-0.9992910038802229,0.32412530056928124,-0.9460141592655329,48.285154354920124,-506.01494043439095,5.0,0.0,-0.07891474462528288,0.230325943884112,-4.923830335642056,8.613678727178899,8.829000000000008,-0.002745080267338551,0.015004671063003627,0.648045644262709,-17.200364032808125,0.07891474462528288,-0.230325943884112,-1.8445160660703144,0.0,0.0,0.726960388887992,-19.27520604276255
122.39999999999732,0.0,453.0,509.36100737296323,509.4307582924316,1.0290430142248932e-06,PILOT_ASC_HOLD_ACC,caténaire,,1.7643988445698664,0.29135772090143824,1.7643988445698664,0.03797860578891481,-0.9992785525079232,0.31988144749501707,-0.9474575766484179,48.31091694434186,-506.0406873868733,5.0,0.0,-0.09319992950080125,0.2760490801830828,-4.922080877696656,8.603188385294107,8.829000000000008,-0.015280807197457058,0.05023746547718133,0.06700940817233572,-1.7631259234484282,0.09319992950080125,-0.2760490801830828,-1.8445160664429552,0.0,-2.220446049250313e-16,0.16020933767313697,-3.883691070074466
122.49999999999731,0.0,453.0,509.3610074655771,509.43080625326667,9.261387128024039e-07,PILOT_ASC_HOLD_ACC,caténaire,,17.226235499810215,0.25816254917330766,17.226235499810215,0.03831714895674553,-0.9992656283970877,0.3156191580771999,-0.948885950499131,48.33667954630628,-506.0664327174363,5.0,0.0,-0.08148104641714309,0.2449668158555927,-4.922085670389626,8.60210451039641,8.829000000000008,-0.0035667168067687882,0.018071326251995146,0.6600602316102059,-17.213585041634076,0.08148104641714309,-0.2449668158555927,-1.8445160667783318,0.0,0.0,0.7415412780273489,-19.303067924268003
122.59999999999731,0.0,453.0,509.36100754892954,509.430847381127,8.335248415221635e-07,PILOT_ASC_HOLD_ACC,caténaire,,1.7653895337621819,0.30681802756653215,1.7653895337621819,0.03866584158045454,-0.9992521967425817,0.31133789035197973,-0.9502992781388285,48.36243746702104,-506.0921615247466,5.0,0.0,-0.09552407742451968,0.2915689501164547,-4.920297076327515,8.591066459347012,8.829000000000008,-0.01582115375203408,0.05363540946345857,0.06826027204024103,-1.7640693697182224,0.09552407742451968,-0.2915689501164547,-1.8445160670801708,0.0,0.0,0.16378434946476073,-3.900154386914848
122.6999999999973,0.0,453.0,509.36100762394676,509.4308658824891,7.501723573699472e-07,PILOT_ASC_HOLD_ACC,caténaire,,17.240762130657874,0.27444914861606695,17.240762130657874,0.03902509514474122,-0.9992382308283365,0.3070372857406641,-0.9516974861609153,48.38819516344922,-506.117887866009,5.0,0.0,-0.08426612166491333,0.2611925648169144,-4.920211389923436,8.58941966980698,8.829000000000008,-0.004477511588349081,0.02161223462388584,0.672822382516775,-17.227628649570757,0.08426612166491333,-0.2611925648169144,-1.8445160673518257,0.0,-2.220446049250313e-16,0.7570885041816883,-19.333337281739496
122.7999999999973,0.0,453.0,509.36100769146225,509.43087820750543,6.751551216329524e-07,PILOT_ASC_HOLD_ACC,caténaire,,1.767403701253496,0.32399339803770383,1.767403701253496,0.03939559618566075,-0.9992236921736676,0.3027172847937768,-0.953080398228336,48.41394805455595,-506.143596734733,5.0,0.0,-0.09807840174508307,0.30879175682512655,-4.918375745035442,8.577756293396854,8.829000000000008,-0.016454146780525036,0.05754805022197296,0.06962792251162492,-1.766031651927924,0.09807840174508307,-0.30879175682512655,-1.8445160675963148,0.0,0.0,0.167706324256708,-3.919339476349365
122.89999999999729,0.0,453.0,509.3610077522262,509.43086305702275,6.076396094696571e-07,PILOT_ASC_HOLD_ACC,caténaire,,17.25631626745138,0.29260113390946524,17.25631626745138,0.03977791508556579,-0.9992085455356383,0.2983766571062419,-0.9544482021011429,48.439700460247316,-506.16930216065794,5.0,0.0,-0.08730534820140208,0.27927262619264487,-4.918190334187996,8.575459069471947,8.829000000000008,-0.005495682389397238,0.02573169566458411,0.6864202831763485,-17.242658678903066,0.08730534820140208,-0.27927262619264487,-1.844516067816356,0.0,0.0,0.7737256313777506,-19.366447372912067
122.99999999999729,0.0,453.0,509.3610078069138,509.43084419308985,5.468756485226914e-07,PILOT_ASC_HOLD_ACC,caténaire,,1.7706273493408577,0.34317735952918843,1.7706273493408577,0.04017273917861721,-0.9991927496869095,0.29401635897205103,-0.9558003874537915,48.46544791180494,-506.19498902192095,5.0,0.0,-0.10089975773041449,0.3280090532033674,-4.916298236856894,8.563077013574555,8.829000000000008,-0.017197994587308862,0.06208606677791373,0.07113095068759662,-1.7691980098587359,0.10089975773041449,-0.3280090532033674,-1.8445160680143922,0.0,-2.220446049250313e-16,0.1720307084180111,-3.941723131076495
123.09999999999728,0.0,453.0,509.3610078561326,509.4308033121412,4.921880836704222e-07,PILOT_ASC_HOLD_ACC,caténaire,,17.27308135235561,0.31292695239697943,17.27308135235561,0.04058070475748098,-0.9991762639301367,0.289635529431297,-0.9571370121832362,48.4911945874436,-506.2206713014204,5.0,0.0,-0.09063476353082141,0.2995139682488507,-4.916001928579012,8.56002249517636,8.829000000000008,-0.006636692109833753,0.030536463425203664,0.7009538146118934,-17.258852892207994,0.09063476353082141,-0.2995139682488507,-1.844516068192625,0.0,-2.220446049250313e-16,0.7915885781427149,-19.40288292864947
123.19999999999727,0.0,453.0,509.3610079004295,509.4307571613805,4.4296927530338e-07,PILOT_ASC_HOLD_ACC,caténaire,,1.775299018593408,0.3647383392185461,1.775299018593408,0.04100270609277675,-0.9991590354358356,0.2852340066169667,-0.9584579080320806,48.516936130320666,-506.24633375083727,5.0,0.0,-0.10403577786212422,0.3495863455865031,-4.914042052194466,8.546808682134008,8.829000000000008,-0.01807783005659047,0.06739502772050443,0.07279206388618052,-1.7738060550279753,0.10403577786212422,-0.3495863455865031,-1.8445160683530348,0.0,2.220446049250313e-16,0.17682784174830474,-3.9679084689675133
123.29999999999727,0.0,453.0,509.36100794029676,509.4306882296254,3.98672347773042e-07,PILOT_ASC_HOLD_ACC,caténaire,,17.291331600618797,0.3358464952186328,17.291331600618797,0.041439503210103326,-0.9991410148591138,0.28081095136728407,-0.9597631007661218,48.54267657337753,-506.271990288256,5.0,0.0,-0.09430937383571229,0.32233307363246955,-4.9136221513908165,8.542871186079822,8.829000000000008,-0.007931525226529068,0.03620425971228336,0.7165441913708037,-17.27647860370773,0.09430937383571229,-0.32233307363246955,-1.8445160684974033,0.0,-2.220446049250313e-16,0.810853565206516,-19.443327745837603
123.39999999999726,0.0,453.0,509.3610079761773,509.4306080837962,3.588051129957378e-07,PILOT_ASC_HOLD_ACC,caténaire,,1.781733205446704,0.3891518169639795,1.781733205446704,0.04189222013451774,-0.9991221356231685,0.27636530984976493,-0.9610526601137128,48.56841166821058,-506.2976255144796,5.0,0.0,-0.1075480624738492,0.37399538888131717,-4.911580506587573,8.528685079830188,8.829000000000008,-0.01912856906142224,0.07368046871149758,0.07464075966355324,-1.7801690853366248,0.1075480624738492,-0.37399538888131717,-1.8445160686273352,0.0,-2.220446049250313e-16,0.18218882213740245,-3.9986805428452774
123.49999999999726,0.0,453.0,509.36100800846975,509.43050466960483,3.2292460169616404e-07,PILOT_ASC_HOLD_ACC,caténaire,,17.311410818380295,0.36188661600937555,17.311410818380295,0.04236170348706307,-0.999102340142227,0.27189694073774046,-0.962326375829665,48.59414529743453,-506.32325325695405,5.0,0.0,-0.09839586378688261,0.348253035645564,-4.911021095233583,8.523706210326566,8.829000000000008,-0.009416959020465576,0.04295924597212242,0.7333408520309619,-17.29587105980722,0.09839586378688261,-0.348253035645564,-1.844516068744274,0.0,0.0,0.8317367158178445,-19.488640164197054
123.59999999999725,0.0,453.0,509.36100803753294,509.4303933143868,2.9063214152654764e-07,PILOT_ASC_HOLD_ACC,caténaire,,1.7902991139232132,0.4169902387489737,1.7902991139232132,0.04284920552069263,-0.9990815510188573,0.2674052194000822,-0.9635841679052194,48.6198733165639,-506.3488579336725,5.0,0.0,-0.11150536628036196,0.4018051922295286,-4.908880061069796,8.508369919792733,8.829000000000008,-0.020385427350158025,0.0811751120222528,0.07671289467600967,-1.7886548155260897,0.11150536628036196,-0.4018051922295286,-1.8445160688495186,0.0,-4.440892098500626e-16,0.18821826095637162,-4.034976076605137
123.69999999999725,0.0,453.0,509.36100806368984,509.4302607955847,2.615689273738929e-07,PILOT_ASC_HOLD_ACC,caténaire,,17.333751381945085,0.3917084423043895,17.333751381945085,0.043355794716016346,-0.9990596954459442,0.26288967976036826,-0.9648258994634686,48.64559945221626,-506.3744532510131,5.0,0.0,-0.10297610695683364,0.3779304501737668,-4.908161356358139,8.502150861035606,8.829000000000008,-0.011137463314972784,0.051081311209365765,0.7515185665740758,-17.31745237658177,0.10297610695683364,-0.3779304501737668,-1.8445160689442388,0.0,4.440892098500626e-16,0.8544946735309095,-19.539898895699775
123.79999999999724,0.0,453.0,509.361008087231,509.43011358335275,2.354120346365036e-07,PILOT_ASC_HOLD_ACC,caténaire,,1.8015440315276834,0.4490494139871321,1.8015440315276834,0.043883125606316783,-0.9990366716427482,0.2583481485137565,-0.9660518796418306,48.671319659939726,-506.400023410406,5.0,0.0,-0.11601108469476293,0.4338050304343315,-4.905899696869181,8.485445340778584,8.829000000000008,-0.021910781563943438,0.09025037121290858,0.07905738302083966,-1.799808553075275,0.11601108469476293,-0.4338050304343315,-1.8445160690294873,0.0,2.220446049250313e-16,0.1950684677156026,-4.0781296525390935
123.89999999999723,0.0,453.0,509.3610081084181,509.42994421825216,2.1187083117285325e-07,PILOT_ASC_HOLD_ACC,caténaire,,17.35896673809036,0.4262114379477393,17.35896673809036,0.04443243699643751,-0.9990123915860891,0.2537808370030186,-0.9672617467728409,48.697037502047294,-506.4255819511263,5.0,0.0,-0.10816429546263741,0.4122580199638946,-4.904997298199735,8.477735790673167,8.829000000000008,-0.013161593662372795,0.060993810637054224,0.7713011959134543,-17.341822876483022,0.10816429546263741,-0.4122580199638946,-1.8445160691062106,0.0,0.0,0.8794654913760916,-19.598596965553124
123.99999999999723,0.0,453.0,509.36100812748646,509.4297667670681,1.9068374805556793e-07,PILOT_ASC_HOLD_ACC,caténaire,,1.8161247780741547,0.48631197660198244,1.8161247780741547,0.045005557904214226,-0.9989867365274328,0.24918650400803577,-0.9684555158706327,48.72274902501008,-506.4511127971428,5.0,0.0,-0.1211823813066857,0.47097151617413996,-4.902587175297487,8.459373147989872,8.829000000000008,-0.023769556604173125,0.10134466416400478,0.08173570886089458,-1.814284565174908,0.1211823813066857,-0.47097151617413996,-1.8445160691752611,0.0,-2.220446049250313e-16,0.20291809016758028,-4.129772150524309
124.09999999999722,0.0,453.0,509.361008144648,509.42956188572816,1.7161537325001114e-07,PILOT_ASC_HOLD_ACC,caténaire,,17.38788376157701,0.46659407318479407,17.38788376157701,0.04560431471840008,-0.9989595820047301,0.24456324529052306,-0.9696333425852101,48.74845761686837,-506.47662926317065,5.0,0.0,-0.11411176077139706,0.45242517081262,-4.9014694526134175,8.449846520309942,8.829000000000008,-0.015581213384814774,0.07327169112255483,0.7929625233499163,-17.369793094411804,0.11411176077139706,-0.45242517081262,-1.8445160692374074,0.0,-2.220446049250313e-16,0.9070742841213134,-19.666734334461832
124.19999999999722,0.0,453.0,509.3610081600934,509.4293412724276,1.5445383592501003e-07,PILOT_ASC_HOLD_ACC,caténaire,,1.8350803079910207,0.5302263711530956,1.8350803079910207,0.04623102349780187,-0.9989307746117073,0.23990909985928544,-0.9707953562953973,48.774159407564056,-506.50211493225595,5.0,0.0,-0.12720613142499454,0.5147412989007849,-4.8988764454593925,8.429461848198695,8.829000000000008,-0.026082576884387088,0.11520314709947144,0.08483764083908638,-1.8331181935361607,0.12720613142499454,-0.5147412989007849,-1.8445160692933387,0.0,0.0,0.21204377226408092,-4.192375561730284
124.29999999999721,0.0,453.0,509.3610081739942,509.4290977357004,1.3900845233250903e-07,PILOT_ASC_HOLD_ACC,caténaire,,17.421626035440696,0.5144699006312802,17.421626035440696,0.04688773843433992,-0.9989001651739341,0.2352236915213616,-0.9719412610580246,48.79985759272322,-506.5275827916053,5.0,0.0,-0.12101550920311781,0.500034523995963,-4.897502079041015,8.417684716990172,8.829000000000008,-0.018517588244132632,0.08871924098612638,0.8168606446506298,-17.402465124400223,0.12101550920311781,-0.500034523995963,-1.8445160693436768,0.0,-2.220446049250313e-16,0.9378761538537476,-19.747015717739863
124.3999999999972,0.0,453.0,509.361008186505,509.4288379625679,1.2510760709925811e-07,PILOT_ASC_HOLD_ACC,caténaire,,1.859767980514281,0.5827109609404086,1.859767980514281,0.04757746968177663,-0.9988675509689358,0.23050383750052783,-0.973071416134258,48.82554836992125,-506.5530159730864,5.0,0.0,-0.13431711265038437,0.5670193799592377,-4.894678901016235,8.394776735416317,8.829000000000008,-0.02899601366661919,0.13279611537554636,0.08848305470805716,-1.8576618880667433,0.13431711265038437,-0.5670193799592377,-1.8445160693889813,0.0,2.220446049250313e-16,0.22280016735844155,-4.269197337414962
124.4999999999972,0.0,453.0,509.36100819776465,509.42854785073104,1.125968463893323e-07,PILOT_ASC_HOLD_ACC,caténaire,,17.46193416746819,0.572224957803711,17.46193416746819,0.04830311036698319,-0.9988327234972206,0.22574750443951513,-0.974185846868723,48.85123472505681,-506.5784270236708,5.0,0.0,-0.1291783562021946,0.5574534551174275,-4.892994038554595,8.380173520625796,8.829000000000008,-0.022172394756789338,0.10862697574321523,0.8434657333122108,-17.441551262021424,0.1291783562021946,-0.5574534551174275,-1.8445160694297555,0.0,0.0,0.9726440895144053,-19.843520786568607
124.5999999999972,0.0,453.0,509.36100820789835,509.42823587205,1.0133716175039907e-07,PILOT_ASC_HOLD_ACC,caténaire,,1.8923065286550464,0.6466353397554429,1.8923065286550464,0.049068474338866054,-0.9987954169028089,0.22095110091046288,-0.9752848871004074,48.876912900331114,-506.60379846015803,5.0,0.0,-0.1428747902065763,0.6306536743285207,-4.88987817105837,8.354065647149415,8.829000000000008,-0.0327529612649462,0.15571932147792822,0.09285259434257885,-1.8900270881959242,0.1428747902065763,-0.6306536743285207,-1.844516069466452,0.0,0.0,0.23572738454915515,-4.365196831990897
124.69999999999719,0.0,453.0,509.3610082170187,509.42789081072624,9.120344557535916e-08,PILOT_ASC_HOLD_ACC,caténaire,,17.511352426991294,0.6433091836586545,17.511352426991294,0.04987735928777403,-0.9987553499383512,0.21611231547324053,-0.9763685098879391,48.90258563830359,-506.62914218064503,5.0,0.0,-0.13902703724567197,0.6281068290460271,-4.88780754662659,8.335823493904325,8.829000000000008,-0.026834583872261675,0.13493032295034446,0.8734200166158785,-17.489556921113486,0.13902703724567197,-0.6281068290460271,-1.8445160694994787,0.0,0.0,1.0124470538615504,-19.962179819658992
124.79999999999718,0.0,453.0,509.361008225227,509.42752123945826,8.208310101782324e-08,PILOT_ASC_HOLD_ACC,caténaire,,1.9358964806754084,0.7262621921297392,1.9358964806754084,0.05073478681206912,-0.998712161439488,0.2112266201878446,-0.9774371155854581,48.92824919180702,-506.6544398418397,5.0,0.0,-0.15340590821377983,0.7098756222340641,-4.88431092798774,8.305552228393882,8.829000000000008,-0.03771683620152011,0.18642785062793799,0.09821729523730173,-1.9334033585384351,0.15340590821377983,-0.7098756222340641,-1.8445160695292027,0.0,-2.220446049250313e-16,0.2516232034510816,-4.487795050301702
124.89999999999718,0.0,453.0,509.3610082326145,509.42710845740373,7.387479091604092e-08,PILOT_ASC_HOLD_ACC,caténaire,,17.574020080800167,0.7331431717964529,17.574020080800167,0.05164625188723926,-0.9986654418102189,0.20628931850017504,-0.9784910408750472,48.953906013659584,-506.67970238753395,5.0,0.0,-0.15123960527294703,0.7173740252815448,-4.881748916170999,8.282510477682068,8.829000000000008,-0.03298852144394537,0.1708845029636059,0.9076322677644063,-17.550566528373956,0.15123960527294703,-0.7173740252815448,-1.8445160695559546,0.0,0.0,1.0588718730373534,-20.112456623211454
124.99999999999717,0.0,453.0,509.36100823926324,509.42666424384555,6.648731182443683e-08,PILOT_ASC_HOLD_ACC,caténaire,,1.9958773137643355,0.8284658699225372,1.9958773137643355,0.05261853599260772,-0.9986146852865697,0.20129493820121197,-0.9795306773422516,48.97955231249587,-506.70491021605284,5.0,0.0,-0.16676598608787044,0.8115077347201606,-4.877745287905014,8.246670480680041,8.829000000000008,-0.04451127399288435,0.22917821540019467,0.1050201422711379,-1.993112395555376,0.16676598608787044,-0.8115077347201606,-1.8445160695800316,0.0,0.0,0.27178612835900834,-4.649136199855568
125.09999999999717,0.0,453.0,509.3610082452471,509.4261667259762,5.983858064199315e-08,PILOT_ASC_HOLD_ACC,caténaire,,17.656897196312148,0.8506016985406455,17.656897196312148,0.05365958342955732,-0.9985592867257137,0.1962364221733121,-0.9805566106108394,49.00519017023303,-506.730072775669,5.0,0.0,-0.16691903401615846,0.8340631185008384,-4.8745349411861945,8.217077886730543,8.829000000000008,-0.04145397520235328,0.22214100523137326,0.9474617482126284,-17.631458670138713,0.16691903401615846,-0.8340631185008384,-1.8445160696017002,0.0,-2.220446049250313e-16,1.1143807822287868,-20.31003785824125
125.19999999999716,0.0,453.0,509.36100825063255,509.4256237454668,5.385472257779383e-08,PILOT_ASC_HOLD_ACC,caténaire,,2.0816956366592834,0.9650389726980425,2.0816956366592834,0.05477933157606291,-0.9984984851426063,0.19110527781313713,-0.9815695455707475,49.03081565793039,-506.75516852342776,5.0,0.0,-0.18442404097796386,0.9472528658892786,-4.869832235900584,8.173499698211215,8.829000000000008,-0.05425627687854817,0.2917525641004861,0.11403389552100227,-2.078569939732268,0.18442404097796386,-0.9472528658892786,-1.8445160696212024,0.0,0.0,0.2984579364989661,-4.870338875242749
125.29999999999715,0.0,453.0,509.3610082554795,509.4250111057486,4.846925032001445e-08,PILOT_ASC_HOLD_ACC,caténaire,,17.772947850262483,1.0116389586584462,17.772947850262483,0.0559897788295143,-0.9984313419893337,0.18589097123504458,-0.9825703775370453,49.056430350057816,-506.78020446304623,5.0,0.0,-0.18805454856422768,0.9940064735402129,-4.865729949838135,8.134587981544033,8.829000000000008,-0.05378449840236321,0.29959445508423777,0.995103419284688,-17.745068173244015,0.18805454856422768,-0.9940064735402129,-1.8445160696387544,0.0,-2.220446049250313e-16,1.1831579678489157,-20.583590716422982
125.39999999999715,0.0,453.0,509.3610082598417,509.4243260778811,4.3622325288013006e-08,PILOT_ASC_HOLD_ACC,caténaire,,2.2118939856609767,1.1583355492517615,2.2118939856609767,0.05730666545837752,-0.99835662270255,0.18057905228232196,-0.9835604739297013,49.08203000152466,-506.80515580043493,5.0,0.0,-0.20917113570880597,1.1392930617916834,-4.8600174231397935,8.079703564077732,8.829000000000008,-0.06918855884859987,0.38999662586940786,0.12675626866567088,-2.2082590093005754,0.20917113570880597,-1.1392930617916834,-1.8445160696545508,0.0,0.0,0.3359274043744769,-5.19206814074681
125.49999999999714,0.0,453.0,509.3610082637677,509.42353897446594,3.92600927592117e-08,PILOT_ASC_HOLD_ACC,caténaire,,17.949433126086767,1.2485476573277892,17.949433126086767,0.05874963241198249,-0.9982727486471104,0.17515235709345764,-0.9845413408306458,49.10761542024898,-506.8300252339377,5.0,0.0,-0.2186860651244769,1.2292467846364632,-4.854614838034558,8.026746643834915,8.829000000000008,-0.07330090315903526,0.4269934284713699,1.0545225981610593,-17.91842994343613,0.2186860651244769,-1.2292467846364632,-1.844516069668768,0.0,0.0,1.2732086632855362,-20.99219279774136
125.59999999999714,0.0,453.0,509.3610082673011,509.4226323520133,3.533408348329053e-08,PILOT_ASC_HOLD_ACC,caténaire,,2.4285516835835406,1.4571775982615347,2.4285516835835406,0.06034581996571545,-0.9981775303084444,0.16958575113592167,-0.9855154351970675,49.13318167229338,-506.8547819421476,5.0,0.0,-0.24711655753962067,1.436071014910134,-4.8473441345214034,7.954146136846328,8.829000000000008,-0.09446069206102425,0.5612171517564537,0.1465529426749675,-2.424125721745833,0.24711655753962067,-1.436071014910134,-1.8445160696815628,0.0,0.0,0.39366950021458813,-5.704712806337529
125.69999999999713,0.0,453.0,509.36100827048114,509.42155043166906,3.180067513496148e-08,PILOT_ASC_HOLD_ACC,caténaire,,18.25538037038077,1.6397490521787408,18.25538037038077,0.06213227913461676,-0.9980679234849391,0.16384542602191315,-0.9864860244178312,49.15872823099551,-506.87942011398263,5.0,0.0,-0.2686653820232541,1.6175895235267128,-4.839879321841112,7.878158778587732,8.829000000000008,-0.1085447038643661,0.6667483021144367,1.1342483888811015,-18.220109578693656,0.2686653820232541,-1.6175895235267128,-1.8445160696930787,0.0,2.220446049250313e-16,1.4029137709043555,-21.682215171913448
125.79999999999713,0.0,453.0,509.3610082733432,509.42023436090426,2.862060762146533e-08,PILOT_ASC_HOLD_ACC,caténaire,,2.854270392018849,1.9976451115622242,2.9036223709789937,0.06416434856532068,-0.997939345037156,0.15787978370286662,-0.9874583403353967,49.184248579295556,-506.90389607111285,5.0,0.0,-0.3153877781285328,1.9725913264423522,-4.8299531232711015,7.77476261222267,8.829000000000008,-0.14534090139963407,0.9183539386650139,0.18314240033317192,-2.8483887255702367,0.3153877781285328,-1.9725913264423522,-1.8445160697034428,0.0,0.0,0.4985301784617047,-6.665496121716031
125.89999999999712,0.0,453.0,509.36100827591906,509.4185427921153,2.5758546859318796e-08,PILOT_ASC_HOLD_ACC,caténaire,,18.934918348945217,2.44993135092659,18.934918348945217,0.06652961807285779,-0.9977844506300346,0.15160694228386595,-0.9884408606746973,49.20973931547929,-506.92818371274643,5.0,0.0,-0.37142660091936125,2.4216122531038025,-4.818750912896134,7.655586399780368,8.829000000000008,-0.1901775138154953,1.248198652884163,1.2597328859960724,-18.892967102526868,0.37142660091936125,-2.4216122531038025,-1.844516069712771,0.0,0.0,1.6311594869154336,-23.15909542534344
125.99999999999712,0.0,453.0,509.3610082782373,509.4162156587165,2.3182692173386917e-08,PILOT_ASC_HOLD_ACC,caténaire,,4.076268926516134,3.400206484531559,4.297124280245644,0.06938858248085845,-0.9975897075558153,0.1448747631520091,-0.989450000253499,49.235189515736344,-506.9522043075623,5.0,0.0,-0.4926041091144351,3.3643343069817004,-4.803437332209516,7.488162921539354,8.829000000000008,-0.2960414413239505,2.0234972285210464,0.2828465226217251,-4.066443926322087,0.4926041091144351,-3.3643343069817004,-1.8445160697211656,0.0,0.0,0.7754506317361602,-9.275294303024953
126.09999999999711,0.0,453.0,509.36100828032374,509.4124568411615,2.0864422956048225e-08,PILOT_ASC_HOLD_ACC,straight,,22.06426787599375,5.815245749397089,22.06426787599375,0.07311953129737088,-0.9973231844005497,0.1373217041135214,-0.9905265011999217,49.26035005358882,-506.9734259987854,5.0,0.0,-0.7985594561461201,5.760155025768015,-4.6947185638334235,5.844774394870687,8.829000000000008,-0.49327801997954346,2.775929420638695,1.6133289255122998,-22.005205899552838,0.7985594561461201,-5.760155025768015,-1.8445160697287208,0.0,-2.220446049250313e-16,2.41188838165842,-29.60987699504957
126.1999999999971,0.0,453.0,509.36100828220157,509.39822919971493,1.8777980660443402e-08,PILOT_ASC_HOLD_ACC,straight,,12.65228066147163,12.348884178141974,13.229816534995907,0.08015163263708905,-0.9967826823262977,0.12666122812736746,-0.9919460334560882,49.28320651776804,-506.97120461973776,5.0,0.0,-1.5641248360060793,12.249426678116578,-3.8742515526191412,-0.06404026380479566,8.829000000000008,-0.43837638862522077,3.3563864143117748,1.0141009515996202,-12.611574255286836,1.5641248360060793,-12.249426678116578,-1.8445160697355214,0.0,-2.220446049250313e-16,2.5782257876056995,-26.705517003138937
126.2999999999971,0.0,453.0,509.3610082838916,509.37960044606064,1.6900182594399062e-08,PILOT_ASC_HOLD_ACC,straight,,21.35176065339543,5.81525379353408,21.35176065339543,0.08508563238354155,-0.9963736423460292,0.11925207531156938,-0.9928640100909508,49.306023679230094,-506.96898602274075,5.0,0.0,-0.6934810833424155,5.77375620114486,-3.8609391088865643,-0.06387995645893445,8.829000000000008,0.44557980777102024,-3.1191237553140816,1.8167280576961706,-21.274331532724236,0.6934810833424155,-5.77375620114486,-1.8445160697416412,0.0,-2.220446049250313e-16,2.5102091410385863,-28.892603803610736
126.39999999999709,0.0,453.0,509.3610082854126,509.36273012380246,1.5210164334959157e-08,PILOT_ASC_HOLD_ACC,straight,,0.5014174918264445,12.34889221220302,12.945264711511367,0.09328986592946602,-0.9956389912588106,0.10420812467581844,-0.99455551215181,49.306023679377326,-506.96898602274075,5.0,0.0,-1.2868548992574957,12.281658818615075,-1.6075761344499628e-16,-0.0,8.829000000000008,3.713145100742504,3.452658818615067,0.046777170587178125,-0.49923080576160406,1.2868548992574957,-12.281658818615075,-1.8445160697471492,0.0,2.220446049250313e-16,1.333632069844674,-14.625405694123828
126.49999999999709,0.0,453.0,509.3610082867815,509.3618525389678,1.3689147901463241e-08,PILOT_ASC_HOLD_ACC,straight,Fx:(e3>15:0) | Fy:(e3>15:50),32.123605462158906,5.815253793529394,32.123605462158906,0.09429618434343262,-0.9955441876774076,0.10198218264720009,-0.9947862254889306,49.32876340445156,-506.9667739249923,0.0,50.0,-0.5930522745115379,5.784934371525291,-3.8347772352857072,-0.06350623955066186,8.829000000000008,-4.427829509797245,46.89242813197462,3.0291334224354354,-31.980468705094523,0.5930522745115379,-5.784934371525291,-1.8445160697521061,0.0,0.0,3.622185696946973,-39.609919146371915
126.59999999999708,0.0,453.0,509.3610082880135,509.3614926435874,1.2320233111316916e-08,PILOT_ASC_HOLD_ACC,straight,,0.0,12.348900222734187,13.132882733347742,0.09503655233534608,-0.995473783542395,0.10199896719666604,-0.9947845046495314,49.35144697295908,-506.9645662626304,0.0,50.0,-1.2595750687335663,12.284494591039117,-3.815860382227293,-0.06325182734631701,8.829000000000008,-5.0754354509608595,53.39224276369279,0.0,-0.0,1.2595750687335663,-12.284494591039117,-1.8445160697565677,0.0,2.220446049250313e-16,1.2595750687335663,-14.129010660795684
126.69999999999708,0.0,453.0,509.36100828912237,509.36131554963293,1.1088209800185224e-08,PILOT_ASC_HOLD_ACC,caténaire,,31.83681791225089,5.81526178799504,31.83681791225089,0.09558558424013495,-0.9954212154085686,0.10202025533859976,-0.9947823216667286,49.37278856253848,-506.9481869196458,0.0,50.0,-0.5932744924720562,5.784919622561517,-3.3777169138719048,-3.4817751725989234,8.829000000000008,-3.970991406343961,43.47414444996259,3.043140840489295,-31.69104398095407,0.5932744924720562,-5.784919622561517,-1.844516069760583,0.0,2.220446049250313e-16,3.636415332961351,-39.32047967327617
126.79999999999707,0.0,453.0,509.3610082901203,509.34911991372314,9.979388820166702e-09,PILOT_ASC_HOLD_ACC,caténaire,,8.388628333153083,6.538730415514425,9.036359777003312,0.092560428634805,-0.9957070688967419,0.10617774234539182,-0.9943471662505181,49.3925843004953,-506.91514967917425,0.0,50.0,-0.6942676333244674,6.501768059542841,-2.9061171251478686,-14.164958250020081,8.829000000000008,-3.600384758472336,33.507809809522755,0.7764550341747192,-8.352616529668017,0.6942676333244674,-6.501768059542841,-1.8445160697641967,0.0,0.0,1.4707226674991865,-16.698900658975056
126.89999999999706,0.0,453.0,509.36100829101844,509.32552086570195,8.981449938150032e-09,PILOT_ASC_HOLD_ACC,caténaire,,42.71880051680948,0.0,42.71880051680948,0.08824736275442621,-0.9960985909873021,0.11284622246112455,-0.9936124647347447,49.411205515621134,-506.87118296175936,0.0,50.0,-0.0,0.0,-2.571495424887416,-25.087411533847206,8.829000000000008,-2.571495424887416,16.08358846615279,3.7698214856408563,-42.55213700346156,0.0,-0.0,-1.8445160697674494,0.0,0.0,3.7698214856408563,-44.39665307322901
126.99999999999706,0.0,453.0,509.36100829182675,509.2989653340813,8.08330494433503e-09,PILOT_ASC_HOLD_ACC,caténaire,,21.070307748501584,4.108194810261884,21.070307748501584,0.08356106976183894,-0.9965026581099807,0.12124622484351995,-0.9926224624504498,49.428723608596314,-506.81968939350764,0.0,50.0,-0.4981031116659942,4.07788644878831,-2.2758486403083236,-34.412303500257586,8.829000000000008,-2.7739517519743178,10.836582948530719,1.7606574556759564,-20.996617678577152,0.4981031116659942,-4.07788644878831,-1.8445160697703764,0.0,-2.220446049250313e-16,2.258760567341951,-26.919020197135836
127.09999999999705,0.0,453.0,509.36100829255423,509.2739160953092,7.2749744499015266e-09,PILOT_ASC_HOLD_ACC,caténaire,,46.52660700581171,0.0,46.52660700581171,0.0789025802763788,-0.9968823314843781,0.13083029630938597,-0.9914047778619983,49.445483085358056,-506.76594292642267,0.0,50.0,-0.0,0.0,-2.0830065348039164,-37.489324393588696,8.829000000000008,-2.0830065348039164,3.6816756064112965,3.6710693442635867,-46.38155246801098,0.0,-0.0,-1.8445160697730105,0.0,0.0,3.6710693442635867,-48.22606853778399
127.19999999999705,0.0,453.0,509.3660082932817,509.2548314196236,0.05000000727497161,T_SOFT_ACC,caténaire,,26.3452264999494,2.3964587415995444,26.3452264999494,0.0745763815378927,-0.9972153043935471,0.14100950539354073,-0.9900082420811803,49.46136906782676,-506.7096116061478,0.0,50.0,-0.3379234618489788,2.3725139059910427,-1.8715346795940413,-41.182018582660405,8.829000000000008,-2.20945814144302,2.3614953233306295,1.964731663162428,-26.271863063463986,0.3379234618489788,-2.3725139059910427,-1.844534175952205,0.0,0.0,2.302655125011407,-30.488911145407233
127.29999999999704,0.0,453.0,509.37050829393644,509.24123138961494,0.04500000654747445,PILOT_ASC_HOLD_ACC,caténaire,,46.04185008023562,0.0,46.04185008023562,0.07054476090957391,-0.997508614854133,0.15182905296901467,-0.9884067678210889,49.47663120540226,-506.6532839587338,0.0,50.0,-0.0,0.0,-1.727429966459045,-41.176648536531495,8.829000000000008,-1.727429966459045,-0.005648536531502657,3.2480113057446682,-45.92714209885749,0.0,-0.0,-1.8445504715134797,0.0,-2.220446049250313e-16,3.2480113057446682,-47.771692570370966
127.39999999999704,0.0,453.0,509.38000829459116,509.2337864512555,0.09500000654747161,T_SOFT_ACC,caténaire,,27.88817737377034,1.6495565164270904,27.88817737377034,0.06692370025769209,-0.9977580961053728,0.16286285398832903,-0.9866487170167385,49.49119624896854,-506.5961686354857,0.0,50.0,-0.26865148208036194,1.6275328205793893,-1.5732339041538048,-42.33631442330432,8.829000000000008,-1.8418853862341669,0.4622183972750591,1.866380023295557,-27.82565476030203,0.26865148208036194,-1.6275328205793893,-1.8445848732513144,0.0,0.0,2.135031505375919,-31.297772454132733
127.49999999999703,0.0,453.0,509.3885582951804,509.2313875472335,0.08550000589272444,PILOT_ASC_HOLD_ACC,caténaire,,44.86126293157516,0.0,44.86126293157516,0.06363413612060582,-0.9979732945926881,0.1742337686694398,-0.9847043179834464,49.50523688123344,-506.53944175037867,0.0,50.0,-0.0,0.0,-1.4619854522156606,-41.76241875243134,8.829000000000008,-1.4619854522156606,-0.5914187524313448,2.8547077119301423,-44.7703423674129,0.0,-0.0,-1.8446158348153656,0.0,-2.220446049250313e-16,2.8547077119301423,-46.614958202228266
127.59999999999702,0.0,453.0,509.3962532957108,509.23335598578905,0.076950005303452,PILOT_ASC_HOLD_ACC,caténaire,,28.517897966220954,1.239220605727217,28.517897966220954,0.06071244548823587,-0.998155298018719,0.18564214117071046,-0.9826174206788489,49.51869438219809,-506.48237056304765,0.0,50.0,-0.23005156663006535,1.2176797552517589,-1.3430697276969534,-42.27090885452972,8.829000000000008,-1.5731212943270187,0.11777090072202867,1.7313913257132623,-28.465290943340698,0.23005156663006535,-1.2176797552517589,-1.8446437002230118,0.0,0.0,1.9614428923433276,-31.52761439881547
127.69999999999702,0.0,453.0,509.4031787961881,509.23764416227453,0.0692550047731068,PILOT_ASC_HOLD_ACC,caténaire,,43.84056894887081,0.0,43.84056894887081,0.058120516048177424,-0.9983095740371789,0.19696057113599838,-0.9804114102853869,49.53170419325352,-506.42566601200144,0.0,50.0,-0.0,0.0,-1.2551964423036077,-41.72954048717719,8.829000000000008,-1.2551964423036077,-0.5585404871771971,2.548036491154075,-43.76645971289479,0.0,-0.0,-1.8446687790898932,0.0,-2.220446049250313e-16,2.548036491154075,-45.61112849198469
127.79999999999701,0.0,453.0,509.4094117466177,509.24380250599296,0.06232950429579612,PILOT_ASC_HOLD_ACC,caténaire,,28.920324109813443,0.9977175494550798,28.920324109813443,0.05584091349944697,-0.9984396788887886,0.20808096954903427,-0.9781116041186373,49.54421424629542,-506.3687426591104,0.0,50.0,-0.20760603502669955,0.975879112754824,-1.1606145834565142,-42.052199458351055,8.829000000000008,-1.3682206184832137,0.09467965440376247,1.614937316992063,-28.875199117561824,0.20760603502669955,-0.975879112754824,-1.8446913500700872,0.0,0.0,1.8225433520187626,-31.695769580386735
127.89999999999701,0.0,453.0,509.41502140200436,509.25055196484317,0.05609655386621651,PILOT_ASC_HOLD_ACC,caténaire,,43.04559044048467,0.0,43.04559044048467,0.05382364915743962,-0.9985504568079556,0.21898004960366016,-0.9757293363815492,49.5563374278095,-506.31211303937215,0.0,50.0,-0.0,0.0,-1.0899408666539627,-41.61932770780617,8.829000000000008,-1.0899408666539627,-0.4483277078061789,2.3168707576434837,-42.983193997914135,0.0,-0.0,-1.8447116639522612,0.0,0.0,2.3168707576434837,-44.827905661866396
127.999999999997,0.0,453.0,509.4200700918523,509.2578041378167,0.05048689847959486,PILOT_ASC_HOLD_ACC,caténaire,,29.25556367653263,0.8373737137151057,29.25556367653263,0.0520439346314982,-0.9986447961452923,0.22962451157039868,-0.9732792937723764,49.56802446895521,-506.25530836144236,0.0,50.0,-0.192281530013722,0.8149984967081902,-1.0129286783784772,-41.877039679634656,8.829000000000008,-1.2052102083921992,0.10895881707352828,1.5225746435890974,-29.21591642386655,0.192281530013722,-0.8149984967081902,-1.8447299464462177,0.0,-2.220446049250313e-16,1.7148561736028194,-31.875644867020956
128.099999999997,0.0,453.0,509.4246139127155,509.26480720110226,0.04543820863163538,PILOT_ASC_HOLD_ACC,caténaire,,42.418507522334735,0.0,42.418507522334735,0.050458983140655785,-0.9987261341430947,0.24002790858057438,-0.9707659878170617,49.579373867208126,-506.19873903007243,0.0,50.0,-0.0,0.0,-0.9552463626557608,-41.530758307786876,8.829000000000008,-0.9552463626557608,-0.35975830778688334,2.140394755921269,-42.36447203390115,0.0,-0.0,-1.8447464006907788,0.0,0.0,2.140394755921269,-44.20921843459193
128.199999999997,0.0,453.0,509.42870335149235,509.27169149928017,0.04089438776847184,PILOT_ASC_HOLD_ACC,caténaire,,29.555463382112713,0.7226276158775042,29.555463382112713,0.049048620115216275,-0.9987963920964039,0.2501834233866879,-0.9681984583041419,49.590337852319756,-506.1420186534983,0.0,50.0,-0.18078945077399453,0.6996469436205972,-0.8914697180200587,-41.7528361186016,8.829000000000008,-1.0722591687940533,0.1178108250189922,1.4496546957584315,-29.519890192791557,0.18078945077399453,-0.6996469436205972,-1.8447612095108836,0.0,0.0,1.630444146532426,-32.064298345923035
128.299999999997,0.0,453.0,509.43238384639153,509.27800241844386,0.036804948991624654,PILOT_ASC_HOLD_ACC,caténaire,,41.90761942511101,0.0,41.90761942511101,0.047780059413273526,-0.9988578807430336,0.2601149363831937,-0.965577661232056,49.601004680858715,-506.0854922222971,0.0,50.0,-0.0,0.0,-0.8438016096860149,-41.467791293191816,8.829000000000008,-0.8438016096860149,-0.2967912931918235,2.00234854600066,-41.85975592595197,0.0,-0.0,-1.8447745374489781,0.0,-2.220446049250313e-16,2.00234854600066,-43.70453046340095
128.399999999997,0.0,453.0,509.43569629180075,509.2839755372456,0.03312445409246219,PILOT_ASC_HOLD_ACC,caténaire,,29.827976850529573,0.6361985194415205,29.827976850529573,0.046639113910197295,-0.9989118044420495,0.26982571356956836,-0.962909177594997,49.61132758678233,-506.0288321371658,0.0,50.0,-0.17166271948021117,0.6126013931425892,-0.790266659825272,-41.66412017666568,8.829000000000008,-0.9619293793054832,0.11948121647689902,1.3911504100425767,-29.795518178618178,0.17166271948021117,-0.6126013931425892,-1.8447865325932633,0.0,-2.220446049250313e-16,1.5628131295227878,-32.25290610435403
128.499999999997,0.0,453.0,509.43867749266906,509.2893142533733,0.02981200868321597,PILOT_ASC_HOLD_ACC,caténaire,,41.47864870303762,0.0,41.47864870303762,0.04560148326028266,-0.9989597112619019,0.2793404575753032,-0.9601921207558518,49.62138707048601,-505.97233642542676,0.0,50.0,-0.0,0.0,-0.7504488630440125,-41.42273194393529,8.829000000000008,-0.7504488630440125,-0.2517319439352974,1.8914879044907151,-41.43549893192032,0.0,-0.0,-1.8447973282231196,0.0,0.0,1.8914879044907151,-43.280296260143444
128.59999999999698,0.0,453.0,509.44136057345054,509.2942802120635,0.026830807814894372,PILOT_ASC_HOLD_ACC,caténaire,,30.07686554422599,0.5686044204997047,30.07686554422599,0.044658065062808575,-0.999002330940647,0.28866394246817406,-0.9574304822381261,49.63113716590683,-505.91572100006715,0.0,50.0,-0.1641355937262762,0.5443992045217625,-0.7049972990632343,-41.59846631189829,8.829000000000008,-0.8691328927895104,0.11693289262345985,1.3431746183593896,-30.046858786070196,0.1641355937262762,-0.5443992045217625,-1.8448070442899902,0.0,4.440892098500626e-16,1.5073102120856658,-32.43606503488195
128.69999999999698,0.0,453.0,509.44377534615387,509.29864309651435,0.024147727033404936,PILOT_ASC_HOLD_ACC,caténaire,,41.109746423999745,0.0,41.109746423999745,0.04379107853459424,-0.9990407106023143,0.2978159438510232,-0.9546233097867054,49.64065226222796,-505.85924806347816,0.0,50.0,-0.0,0.0,-0.6714228221310496,-41.38934113432253,8.829000000000008,-0.6714228221310496,-0.21834113432253588,1.8002401341906276,-41.07031028011365,0.0,-0.0,-1.844815788750174,0.0,2.220446049250313e-16,1.8002401341906276,-42.91512606886383
128.79999999999697,0.0,453.0,509.4459486415869,509.30266180556265,0.021732954330064443,PILOT_ASC_HOLD_ACC,caténaire,,30.30507668012474,0.5142622619722502,30.30507668012474,0.042994979928224875,-0.9990752883046261,0.30680125165621164,-0.9517736033228604,49.64988710445432,-505.8026669729227,0.0,50.0,-0.15777630565264097,0.4894612461302934,-0.6324536179741992,-41.54802627403935,8.829000000000008,-0.7902299236268402,0.11243497209093789,1.302966163585279,-30.277053221289425,0.15777630565264097,-0.4894612461302934,-1.8448236587643392,0.0,2.220446049250313e-16,1.4607424692379198,-32.61133812618406
128.89999999999696,0.0,453.0,509.4479046074766,509.3061517611517,0.019559658897057998,PILOT_ASC_HOLD_ACC,caténaire,,40.78658947218218,0.0,40.78658947218218,0.04225642080663041,-0.9991067985458877,0.31563711466883887,-0.9488799775754203,49.65891112880803,-505.74621155779187,0.0,50.0,-0.0,0.0,-0.6039072432172141,-41.36366196295921,8.829000000000008,-0.6039072432172141,-0.192661962959221,1.723495288003812,-40.75015883115734,0.0,-0.0,-1.8448307417770882,0.0,-2.220446049250313e-16,1.723495288003812,-42.59498957293443
128.99999999999696,0.0,453.0,509.4496649767773,509.309351514953,0.0176036930073522,PILOT_ASC_HOLD_ACC,caténaire,,30.515208056317697,0.46958223488163686,30.515208056317697,0.041572315268546184,-0.9991354976194232,0.3243268127049664,-0.945945092783211,49.667679743995144,-505.6896577055942,0.0,50.0,-0.15229810954203618,0.44419901074445756,-0.5702059488147151,-41.50803313880217,8.829000000000008,-0.7225040583567512,0.10716587194227856,1.2685878498025196,-30.488827586309213,0.15229810954203618,-0.44419901074445756,-1.844837116488562,0.0,-2.220446049250313e-16,1.4208859593445557,-32.77786371354223
129.09999999999695,0.0,453.0,509.45124930914795,509.31210597800685,0.01584332370661698,PILOT_ASC_HOLD_ACC,caténaire,,40.49940858059043,0.0,40.49940858059043,0.040932398498347955,-0.9991619181860227,0.332885589040744,-0.9429672235072633,49.67625829053266,-505.6332161977761,0.0,50.0,-0.0,0.0,-0.5457542725237599,-41.343285298416625,8.829000000000008,-0.5457542725237599,-0.17228529841663232,1.6577379309681401,-40.465466762782206,0.0,-0.0,-1.8448428537288886,0.0,0.0,1.6577379309681401,-42.3103096165111
129.19999999999695,0.0,453.0,509.45267520828156,509.3146153514315,0.014258991335955281,PILOT_ASC_HOLD_ACC,caténaire,,30.70951299815146,0.4321869380248332,30.70951299815146,0.040335336247054335,-0.9991861991890386,0.3413129353872712,-0.9399497221326918,49.68460281325971,-505.5766845181721,0.0,50.0,-0.14751099245329247,0.40623399230582086,-0.5163839375654413,-41.47549210748059,8.829000000000008,-0.6638949300187338,0.1017418848252234,1.2386785327637249,-30.684521571569334,0.14751099245329247,-0.40623399230582086,-1.8448480172451824,0.0,2.220446049250313e-16,1.3861895252170173,-32.93560358112034
129.29999999999694,0.0,453.0,509.4539585175018,509.3167474227078,0.012833092202359753,PILOT_ASC_HOLD_ACC,caténaire,,40.24129137694826,0.0,40.24129137694826,0.03977299249965321,-0.9992087414887955,0.34962294726969545,-0.9368904923962308,49.69277520800757,-505.52025433593724,0.0,50.0,-0.0,0.0,-0.495300074344504,-41.32669503150668,8.829000000000008,-0.495300074344504,-0.1556950315066885,1.6005165801117225,-40.20945011264439,0.0,-0.0,-1.8448526644098469,0.0,2.220446049250313e-16,1.6005165801117225,-42.05430277705424
129.39999999999694,0.0,453.0,509.4551134958,509.3186901510202,0.011549782982123778,PILOT_ASC_HOLD_ACC,caténaire,,30.88989764794117,0.40041945835542153,30.88989764794117,0.03924496121578319,-0.999229619766734,0.35781550286616787,-0.9337923034104703,49.7007321352403,-505.46374108143516,0.0,50.0,-0.14327628984884372,0.37390860834808193,-0.46952691635974464,-41.448460692864984,8.829000000000008,-0.6128032062085884,0.09644791548308973,1.2122728351529637,-30.866100681385586,0.14327628984884372,-0.37390860834808193,-1.8448568468580446,0.0,-2.220446049250313e-16,1.3555491250018075,-33.084866136591714
129.49999999999693,0.0,453.0,509.45615297626836,509.32031156214134,0.0103948046839114,PILOT_ASC_HOLD_ACC,caténaire,,40.007149773327875,0.0,40.007149773327875,0.03874477930671698,-0.999249139142223,0.36590111400791964,-0.9306537351602708,49.70853255350091,-505.4073203138307,0.0,50.0,-0.0,0.0,-0.45123782969985093,-41.312906555588356,8.829000000000008,-0.45123782969985093,-0.1419065555883634,1.5500681886583607,-39.97710997053186,0.0,-0.0,-1.844860611061423,0.0,-2.220446049250313e-16,1.5500681886583607,-41.821970581593284
129.59999999999692,0.0,453.0,509.45708850868994,509.32178550014993,0.00935532421552026,PILOT_ASC_HOLD_ACC,caténaire,,31.05799391688726,0.37310154206249424,31.05799391688726,0.038272640730178005,-0.9992673340860987,0.3738796282353071,-0.9274772361576473,49.71613372117633,-505.35082263112326,0.0,50.0,-0.13949506584034516,0.34604318703827835,-0.42847979422116084,-41.42562222774079,8.829000000000008,-0.567974860061506,0.09142095929747995,1.18867144298108,-31.035238783390202,0.13949506584034516,-0.34604318703827835,-1.8448639988444635,0.0,2.220446049250313e-16,1.3281665088214252,-33.22614596927295
129.69999999999692,0.0,453.0,509.4579304878693,509.32298593126234,0.008419791793968234,PILOT_ASC_HOLD_ACC,caténaire,,39.793134038541,0.0,39.793134038541,0.037823243000602934,-0.9992844451350764,0.38175964025867065,-0.924261638860756,49.72359206225367,-505.29440982249173,0.0,50.0,-0.0,0.0,-0.4125287316586238,-41.301251800571755,8.829000000000008,-0.4125287316586238,-0.130251800571763,1.5051053784953001,-39.764659867889165,0.0,-0.0,-1.8448670478492,0.0,2.220446049250313e-16,1.5051053784953001,-41.609526915738364
129.7999999999969,0.0,453.0,509.4586882691308,509.32407271337996,0.007577812614571411,PILOT_ASC_HOLD_ACC,caténaire,,31.21518381356434,0.34936077327362997,31.21518381356434,0.03739716328660765,-0.9993004814259396,0.3895407827734008,-0.921009217411143,49.73086541538364,-505.23792548331284,0.0,50.0,-0.13609026909133043,0.3217644923868977,-0.3923187532258435,-41.40605686960272,8.829000000000008,-0.5284090223171739,0.08670762278416788,1.1673593260973378,-31.193348212694044,0.13609026909133043,-0.3217644923868977,-1.844869791953463,0.0,0.0,1.3034495951886682,-33.3599824970344
129.8999999999969,0.0,453.0,509.4593702722661,509.3249230775947,0.006820031353114269,PILOT_ASC_HOLD_ACC,caténaire,,39.59626030272982,0.0,39.59626030272982,0.036989971155311184,-0.9993156368404975,0.39722987041072294,-0.9177191455197392,49.738007995595865,-505.1815194964238,0.0,50.0,-0.0,0.0,-0.3783380086851472,-41.291263662207356,8.829000000000008,-0.3783380086851472,-0.12026366220736406,1.4646645264561693,-39.569162080924556,0.0,-0.0,-1.8448722616472992,0.0,2.220446049250313e-16,1.4646645264561693,-41.41403434257185
129.9999999999969,0.0,453.0,509.45998407508785,509.32567620528937,0.006138028217802843,PILOT_ASC_HOLD_ACC,caténaire,,31.362646249774826,0.32854946208229185,31.362646249774826,0.03660253042467021,-0.9993299028681725,0.40482522265401505,-0.914394083042496,49.74497820429363,-505.12504672573203,0.0,50.0,-0.13300510914032068,0.3004236841148426,-0.36029752969770673,-41.389097960599706,8.829000000000008,-0.4933026388380274,0.08232572351512601,1.1479522135555522,-31.34163023047633,0.13300510914032068,-0.3004236841148426,-1.844874484371752,0.0,2.220446049250313e-16,1.2809573226958728,-33.486928398962924
130.0999999999969,0.0,453.0,509.46053649762746,509.3262207595917,0.005524225396022558,PILOT_ASC_HOLD_ACC,caténaire,,39.41416820663339,0.0,39.41416820663339,0.03623101233130052,-0.9993434413380864,0.41233344652947346,-0.9110330009791775,49.751828313814826,-505.06864665436046,0.0,50.0,-0.0,0.0,-0.34798838735485904,-41.282603362225345,8.829000000000008,-0.34798838735485904,-0.1116033622253525,1.4280152143224873,-39.388290493095205,0.0,-0.0,-1.8448764848237593,0.0,0.0,1.4280152143224873,-41.23316697791896
130.1999999999969,0.0,453.0,509.4610336779131,509.32668709447216,0.0,PILOT_ASC_HOLD_ACC,caténaire,,31.501383299746756,0.3101620711107489,31.501383299746756,0.0358764004062131,-0.9993562347300851,0.4197530621866742,-0.9076383458101083,49.75851726989622,-505.0121840109755,0.0,50.0,-0.13019147912289783,0.2815149891559973,-0.3318076617302861,-41.37425461209393,8.829000000000008,-0.46199914085318394,0.07826037706205824,1.130156240611309,-31.4811038032241,0.13019147912289783,-0.2815149891559973,-1.8448782852305663,0.0,-2.220446049250313e-16,1.2603477197342068,-33.60749707761067
130.29999999999688,0.0,453.0,509.4614811401702,509.32697828537806,0.004474622570778273,PILOT_ASC_HOLD_ACC,caténaire,,39.24494517775566,0.0,39.24494517775566,0.03553531417421084,-0.9993684212774288,0.42709105633779093,-0.9042086206159892,49.7650956234237,-504.95578911912787,0.0,50.0,-0.0,0.0,-0.3209254357427564,-41.275021300379244,8.829000000000008,-0.3209254357427564,-0.10402130037925161,1.394581456641228,-39.220158905412916,0.0,-0.0,-1.844879905596692,0.0,0.0,1.394581456641228,-41.06503881100961
130.39999999999688,0.0,453.0,509.46188385620155,509.3272138058324,0.004027160313700446,PILOT_ASC_HOLD_ACC,caténaire,,31.632251088892758,0.2937936263988791,31.632251088892758,0.035208822150341434,-0.9993799772072611,0.43434566415178855,-0.9007462706181701,49.771522845990404,-504.89933541730755,0.0,50.0,-0.1276079877817836,0.26463351331017837,-0.306348952461477,-41.361151389946095,8.829000000000008,-0.4339569402432606,0.07448212336407778,1.1137343028037694,-31.612638372232006,0.1276079877817836,-0.26463351331017837,-1.844881363926206,0.0,-4.440892098500626e-16,1.241342290585553,-33.72215324946839
130.49999999999687,0.0,453.0,509.4622463006298,509.3272836705398,0.0036244442823304013,PILOT_ASC_HOLD_ACC,caténaire,,39.08703969123181,0.0,39.08703969123181,0.03489404494174847,-0.9993910173838884,0.4415207416654973,-0.8972510432867433,49.777847952239625,-504.8429450992839,0.0,50.0,-0.0,0.0,-0.29669168257820383,-41.2683264732576,8.829000000000008,-0.29669168257820383,-0.09732647325760979,1.363904919625749,-39.06323636354458,0.0,-0.0,-1.844882676422768,0.0,0.0,1.363904919625749,-40.90811903996735
130.59999999999687,0.0,453.0,509.4625725006152,509.3272914681227,0.003261999854097361,PILOT_ASC_HOLD_ACC,caténaire,,31.75599737938592,0.27915227262496595,31.75599737938592,0.03459211745445263,-0.9994015136120303,0.44861358643172666,-0.8937258248863931,49.784030922601374,-504.7864993545387,0.0,50.0,-0.1252315021828531,0.249485595120659,-0.28350717241752094,-41.349492611717174,8.829000000000008,-0.40873867460037405,0.07099298340347815,1.0985071912310076,-31.736991847217958,0.1252315021828531,-0.249485595120659,-1.8448838576696738,0.0,-2.220446049250313e-16,1.2237386934138608,-33.83136130000829
130.69999999999686,0.0,453.0,509.46286608060205,509.3271662145459,0.002935799868687625,PILOT_ASC_HOLD_ACC,caténaire,,38.93915409954221,0.0,38.93915409954221,0.0343002971056237,-0.9994115716852923,0.4556320684908145,-0.8901681965576965,49.79011939057232,-504.73011310733074,0.0,50.0,-0.0,0.0,-0.2749069836018325,-41.262368369346916,8.829000000000008,-0.2749069836018325,-0.09136836934692383,1.3356245546559626,-38.91624119871927,0.0,-0.0,-1.8448849207918894,0.0,0.0,1.3356245546559626,-40.76112611951116
130.79999999999686,0.0,453.0,509.46313030259023,509.32699315742167,0.0026422198818188626,PILOT_ASC_HOLD_ACC,caténaire,,31.873265702177026,0.2659667863002201,31.873265702177026,0.03401978268131192,-0.9994211596650915,0.46257202322673513,-0.8865817070794574,49.79607382597293,-504.67367448542086,0.0,50.0,-0.1230287944500055,0.23580128742448636,-0.26293651177140964,-41.339057563174656,8.829000000000008,-0.3859653062214151,0.06774372424982289,1.0843215725317752,-31.854816170383348,0.1230287944500055,-0.23580128742448636,-1.844885877601883,0.0,-2.220446049250313e-16,1.2073503669817807,-33.93550333540972
130.89999999999685,0.0,453.0,509.4633681023796,509.3266889298705,0.0023779978936369762,PILOT_ASC_HOLD_ACC,caténaire,,38.80021228049684,0.0,38.80021228049684,0.033748184538605716,-0.9994303677797409,0.4694386470870827,-0.8829650936594545,49.80194061586962,-504.61729188269874,0.0,50.0,-0.0,0.0,-0.2552529628988389,-41.25703461280195,8.829000000000008,-0.2552529628988389,-0.08603461280196001,1.309436724179283,-38.77811042942897,0.0,-0.0,-1.8448867387308776,0.0,0.0,1.309436724179283,-40.62299716815985
130.99999999999685,0.0,453.0,509.46358212219,509.32635222139976,0.0021401981042732787,PILOT_ASC_HOLD_ACC,caténaire,,31.98461071556814,0.25404218263397055,31.98461071556814,0.033486590178885146,-0.999439166872197,0.47623042677409944,-0.8793205221161161,49.80768070308256,-504.56085967838476,0.0,50.0,-0.1209826170543995,0.2233845046732207,-0.2443468265895615,-41.329656827512096,8.829000000000008,-0.365329443643961,0.06472767716111605,1.0710555510634088,-31.96667268629897,0.1209826170543995,-0.2233845046732207,-1.8448875137469727,0.0,-2.220446049250313e-16,1.1920381681178083,-34.034944704719166
131.09999999999684,0.0,453.0,509.4637747400194,509.32588099206305,0.0019261782938459508,PILOT_ASC_HOLD_ACC,caténaire,,38.669300615711236,0.0,38.669300615711236,0.033232936331197095,-0.9994476334169822,0.48294928858924935,-0.875648322473776,49.81333934135331,-504.5044803596799,0.0,50.0,-0.0,0.0,-0.23746170737953265,-41.252228702384635,8.829000000000008,-0.23746170737953265,-0.0812287023846423,1.2850944053338522,-38.64794098626245,0.0,-0.0,-1.8448882112614577,0.0,0.0,1.2850944053338522,-40.4928291975239
131.19999999999683,0.0,453.0,509.46394809606585,509.3253973911405,0.0017335604644613558,PILOT_ASC_HOLD_ACC,caténaire,,32.09052654280732,0.24320971534882507,32.09052654280732,0.03298815975846467,-0.999455742549789,0.4895974333207083,-0.8719485955523838,49.81887792922448,-504.4480539666722,0.0,50.0,-0.11907485239344484,0.21206636972310305,-0.2274928867786642,-41.32114512998146,8.829000000000008,-0.34656773917210904,0.061921239741636214,1.0586074163273786,-32.0730610346552,0.11907485239344484,-0.21206636972310305,-1.844888839024495,0.0,2.220446049250313e-16,1.1776822687208235,-34.13001624340279
131.29999999999683,0.0,453.0,509.46410411650766,509.32477932345097,0.0015602044180152202,PILOT_ASC_HOLD_ACC,caténaire,,38.545634294813745,0.0,38.545634294813745,0.03275048395210251,-0.9994635590159868,0.4961735306008728,-0.8682233742137244,49.82434068613338,-504.39167762204113,0.0,50.0,-0.0,0.0,-0.22130614394759585,-41.247876612361424,8.829000000000008,-0.22130614394759585,-0.07687661236143128,1.2623881773959098,-38.52495683682322,0.0,-0.0,-1.8448894040112283,0.0,0.0,1.2623881773959098,-40.36984624083445
131.39999999999682,0.0,453.0,509.4642445349053,509.32414882298093,0.0014041839762136982,PILOT_ASC_HOLD_ACC,caténaire,,32.191454446371466,0.23333325632597052,32.191454446371466,0.03252080325278533,-0.9994710587884942,0.5026804167328829,-0.8644723238098807,49.82968944958659,-504.33525651616094,0.0,50.0,-0.11729205852757944,0.20171014231823828,-0.2121663498674932,-41.313401947519594,8.829000000000008,-0.3294584083950726,0.059308194798639136,1.0468919564714478,-32.17442705945647,0.11729205852757944,-0.20171014231823828,-1.8448899124992881,0.0,-2.220446049250313e-16,1.1641840149990272,-34.221027114274
131.49999999999682,0.0,453.0,509.46437091146316,509.32340400203157,0.0012637655785923284,PILOT_ASC_HOLD_ACC,caténaire,,38.42853407967168,0.0,38.42853407967168,0.03229742451977216,-0.9994783021003455,0.5091185910970555,-0.8606963809609921,49.83496749092318,-504.2788828775966,0.0,50.0,-0.0,0.0,-0.20659285412105297,-41.24391690807079,8.829000000000008,-0.20659285412105297,-0.07291690807079476,1.2411426788436881,-38.40848599415551,0.0,-0.0,-1.8448903701385422,0.0,0.0,1.2411426788436881,-40.253376364294056
131.5999999999968,0.0,453.0,509.46448465036525,509.322637859611,0.0011373890207330955,PILOT_ASC_HOLD_ACC,caténaire,,32.28778350235465,0.2242915775283933,32.28778350235465,0.03208131653149343,-0.9994852620872436,0.5154879341997449,-0.8568968372531663,49.84013706987548,-504.2224666016385,0.0,50.0,-0.1156196019585134,0.19219474340660356,-0.19818923717119272,-41.306328992504795,8.829000000000008,-0.31380883912970614,0.05686575090179957,1.035834602639371,-32.27116375606712,0.1156196019585134,-0.19219474340660356,-1.8448907820138707,0.0,-2.220446049250313e-16,1.1514542045978844,-34.30824928148759
