t,x_bat,L0,L,L_seg,dL/dt,Explain,mode_câble,Scénario,Tbat,Trov,Tmax,U_bat_x,U_bat_y,U_rov_x,U_rov_y,x_rov,y_rov,Fx_rov,Fy_rov,Tr_cable_rov_x,Tr_cable_rov_y,Trainee_rov_x,Trainee_rov_y,Poids_app_rov,Sigma_f_rov_x,Sigma_f_rov_y,Tr_bat_cable_x,Tr_bat_cable_y,Tr_rov_cable_x,Tr_rov_cable_y,Poids_app_cable_y,Trainee_cable_x,Trainee_cable_y,Sigma_f_cable_x,Sigma_f_cable_y
0.1,0.0,403.0,403.0,403.0478337065279,0.0,HISTORY_LT2,caténaire,,0.008337781180859672,0.25502702417647527,0.25502702417647527,0.26372103732726715,-0.9645989915353583,0.048582892224862034,-0.9988191540930056,29.999997935916262,-400.00142611051433,0.0,0.0,-0.012389950429992982,0.2547258765588035,1.2643649459577743e-07,0.10514545200731124,8.829000000000008,-0.012389823993498387,-8.469128671433893,0.002198848302024079,-0.00804261531869973,0.012389950429992982,-0.2547258765588035,0.24840133288962993,0.0,0.0,0.014588798732017062,-0.014367158987873302
0.2,0.0,403.0,403.0,402.80474164274926,0.0,PILOT_ASC_HOLD_ACC,caténaire,,0.008337781180859672,0.25502702417647527,0.25502702417647527,0.4756109993030151,-0.8796557152329469,0.04858503753515564,-0.998819049742098,29.99999174239931,-400.0056696778865,0.0,0.0,-0.012390497542093096,0.2547258499465021,2.8447518103095546e-07,0.23370605953753965,8.829000000000008,-0.012390213066912065,-8.340568090515966,0.003965540439398542,-0.00733437686810492,0.012390497542093096,-0.2547258499465021,0.24840133288962993,0.0,0.0,0.01635603798149164,-0.013658893924977072
0.30000000000000004,0.0,403.0,403.0,402.61238845070545,0.0,PILOT_ASC_HOLD_ACC,caténaire,,0.008337781180859672,0.25502702417647527,0.25502702417647527,-0.0163043115820561,-0.9998670758775066,0.04865201500421596,-0.9988157895408091,29.99998141945711,-400.01262972859763,0.0,0.0,-0.01240757860671442,0.25472501850706913,7.902722139084854e-07,0.628684245992056,8.829000000000008,-0.012406788334500513,-7.945590735500883,-0.00013594178227573973,-0.008336672888612664,0.01240757860671442,-0.25472501850706913,0.24840133288962993,0.0,0.0,0.012271636824438681,-0.01466035850605188
0.4,0.0,403.0,403.0,402.87102735327124,0.0,PILOT_ASC_HOLD_ACC,caténaire,,0.008337781180859672,0.25502702417647527,0.25502702417647527,0.25818528700924825,-0.9660954184613195,0.048493532103671556,-0.9988234965919204,29.999966964250014,-400.02214838380996,0.0,0.0,-0.012367161184205725,0.25472698401337923,1.5495955386208983e-06,1.1758690561312652,8.829000000000008,-0.012365611588667105,-7.398403959855363,0.002152692427200563,-0.00805509219896154,0.012367161184205725,-0.25472698401337923,0.24840133288962993,0.0,0.0,0.014519853611406288,-0.01438074332271086
0.5,0.0,403.0,403.0,403.31625001700434,0.0,PILOT_ASC_HOLD_ACC,caténaire,,0.008337781180859672,0.25502702417647527,0.25502702417647527,0.2124306371503037,-0.9771761480919989,0.04852895075252318,-0.9988217763639613,29.999948382495802,-400.034024399479,0.0,0.0,-0.012376193896822705,0.25472654530876193,2.5606082683733937e-06,1.8304138517642692,8.829000000000008,-0.012373633288554332,-6.743859602926976,0.0017712001686698315,-0.008147480897946412,0.012376193896822705,-0.25472654530876193,0.24840133288962993,0.0,0.0,0.014147394065492537,-0.014472693317078428
0.6,0.0,403.0,403.0,402.8407493420708,0.0,PILOT_ASC_HOLD_ACC,caténaire,,0.008337781180859672,0.25502702417647527,0.25502702417647527,0.21409530038809427,-0.9768127775329987,0.048631970732478026,-0.9988167656896211,29.999925675743416,-400.0480286387809,0.0,0.0,-0.01240246677574131,0.25472526745139584,3.8236644146354765e-06,2.545228727727456,8.829000000000008,-0.012398643111326674,-6.029046004821156,0.0017850797664863507,-0.008144451193737901,0.01240246677574131,-0.25472526745139584,0.24840133288962993,0.0,0.0,0.014187546542227661,-0.014468385755503826
0.7,0.0,403.0,403.0,403.2970761588149,0.0,PILOT_ASC_HOLD_ACC,caténaire,,0.008337781180859672,0.25502702417647527,0.25502702417647527,0.21108529387671202,-0.9774676458630137,0.04871439516770546,-0.9988127490693361,29.999898838078085,-400.0639192343166,0.0,0.0,-0.012423487234176791,0.25472424310467734,5.341450239569111e-06,3.2770881016330877,8.829000000000008,-0.012418145783937223,-5.297187655262243,0.0017599829908414826,-0.008149911342575842,0.012423487234176791,-0.25472424310467734,0.24840133288962993,0.0,0.0,0.014183470225018273,-0.014472821557623278
0.7999999999999999,0.0,403.0,403.0,402.9032750772776,0.0,PILOT_ASC_HOLD_ACC,caténaire,,0.008337781180859672,0.25502702417647527,0.25502702417647527,0.21845242166969775,-0.9758476005333234,0.04881006514553619,-0.9988080784317319,29.99986786144132,-400.0814547383708,0.0,0.0,-0.01244788566392599,0.2547230519658681,7.116037819403271e-06,3.990655865797153,8.829000000000008,-0.012440769626106586,-4.583621082236987,0.0018214084903108274,-0.00813640375911381,0.01244788566392599,-0.2547230519658681,0.24840133288962993,0.0,0.0,0.014269294154236816,-0.014458122835351944
0.8999999999999999,0.0,403.0,403.0,403.04367848907464,0.0,PILOT_ASC_HOLD_ACC,caténaire,,0.008337781180859672,0.25502702417647527,0.25502702417647527,0.22924711590110253,-0.9733682550047678,0.04890216091441897,-0.9988035736108978,29.99983273773765,-400.1004043062954,0.0,0.0,-0.01247137257380341,0.25472190311481635,9.148930534152677e-06,4.660219724141623,8.829000000000008,-0.012462223643269259,-3.9140583727435683,0.0019114122887265686,-0.00811573151862497,0.01247137257380341,-0.25472190311481635,0.24840133288962993,0.0,0.0,0.014382784862529979,-0.014436301743811414
0.9999999999999999,0.0,403.0,403.0,403.038837656607,0.0,PILOT_ASC_HOLD_ACC,caténaire,,0.008337781180859672,0.25502702417647527,0.25502702417647527,0.21608553654690926,-0.976374436830069,0.04897744182958287,-0.9987998849578579,29.999793460200664,-400.1205546623365,0.0,0.0,-0.012490571241574941,0.25472096240860836,1.1440847944268341e-05,5.269546220903888,8.829000000000008,-0.012479130393630673,-3.304732816687511,0.0018016739200767849,-0.00814079640487421,0.012490571241574941,-0.25472096240860836,0.24840133288962993,0.0,0.0,0.014292245161651725,-0.014460425923852632
1.0999999999999999,0.0,403.0,403.0,402.66095725726,0.0,PILOT_ASC_HOLD_ACC,caténaire,,0.008337781180859672,0.25502702417647527,0.25502702417647527,0.21999556655962407,-0.9755008717034085,0.04906057997512008,-0.9987958047030959,29.999750023150458,-400.14171411195355,0.0,0.0,-0.012511773715426848,0.2547199218333785,1.3992340683459304e-05,5.81054011448887,8.829000000000008,-0.012497781374743389,-2.763739963677759,0.001834274894733395,-0.008133512810000885,0.012511773715426848,-0.2547199218333785,0.24840133288962993,0.0,0.0,0.014346048610160244,-0.014452101753749474
1.2,0.0,403.0,403.0,402.76911678316304,0.0,PILOT_ASC_HOLD_ACC,caténaire,,0.008337781180859672,0.25502702417647527,0.25502702417647527,0.2041496065793339,-0.9789397009691164,0.04915938639259515,-0.99879094645952,29.999702420425645,-400.16371414927636,0.0,0.0,-0.012536972022045052,0.2547186828499766,1.6804799941500038e-05,6.281373312537905,8.829000000000008,-0.012520167222103551,-2.2929080046121255,0.001702154747817076,-0.008162185015936694,0.012536972022045052,-0.2547186828499766,0.24840133288962993,0.0,0.0,0.014239126769862128,-0.014479534976283376
1.3,0.0,403.0,403.0,403.04408438637836,0.0,PILOT_ASC_HOLD_ACC,caténaire,,0.008337781180859672,0.25502702417647527,0.25502702417647527,0.18663133436281235,-0.9824300204258604,0.04931062990829102,-0.9987834909418796,29.999650644392037,-400.1864092981731,0.0,0.0,-0.012575543205778958,0.25471678149149907,1.988049877825598e-05,6.684575649545998,8.829000000000008,-0.012555662707000701,-1.8897075689625105,0.0015560912274089856,-0.008191286535818321,0.012575543205778958,-0.25471678149149907,0.24840133288962993,0.0,0.0,0.014131634433187944,-0.014506735137687438
1.4000000000000001,0.0,403.0,403.0,402.7555858603244,0.0,PILOT_ASC_HOLD_ACC,caténaire,,0.008337781180859672,0.25502702417647527,0.25502702417647527,0.19192093400797908,-0.9814103907588839,0.0494735239695052,-0.9987754354338311,29.999594683773555,-400.2096757860858,0.0,0.0,-0.01261708559346643,0.25471472711925325,2.3223877527897167e-05,7.025373729199637,8.829000000000008,-0.012593861715938534,-1.5489115436811174,0.001600194751784739,-0.008182785086769558,0.01261708559346643,-0.25471472711925325,0.24840133288962993,0.0,0.0,0.01421728034525117,-0.014496179316392882
1.5000000000000002,0.0,403.0,403.0,403.02676959897826,0.0,PILOT_ASC_HOLD_ACC,caténaire,,0.008337781180859672,0.25502702417647527,0.25502702417647527,0.17784106776318717,-0.984059223124731,0.049596389065816274,-0.9987693418360578,29.99953452568256,-400.2334095441774,0.0,0.0,-0.0126484195133538,0.2547131730871466,2.6838473685311308e-05,7.310394142927632,8.829000000000008,-0.012621581039668489,-1.2638926839852296,0.0014827999079798917,-0.008204870471420772,0.0126484195133538,-0.2547131730871466,0.24840133288962993,0.0,0.0,0.01413121942133369,-0.014516710668937421
1.6000000000000003,0.0,403.0,403.0,402.7868834675051,0.0,PILOT_ASC_HOLD_ACC,caténaire,,0.008337781180859672,0.25502702417647527,0.25502702417647527,0.19024038895798803,-0.9817375384536915,0.04970265837702193,-0.9987640591001745,29.999470161162836,-400.25752390337965,0.0,0.0,-0.012675521059551864,0.2547118258467348,3.0722941016181544e-05,7.5467371055277095,8.829000000000008,-0.012644798118535682,-1.0275510686255638,0.0015861827348933367,-0.008185512772662688,0.012675521059551864,-0.2547118258467348,0.24840133288962993,0.0,0.0,0.014261703794445201,-0.01449600572976753
1.7000000000000004,0.0,403.0,403.0,403.0458260687696,0.0,PILOT_ASC_HOLD_ACC,caténaire,,0.008337781180859672,0.25502702417647527,0.25502702417647527,0.21212222051598112,-0.9772431445466216,0.049804876578439905,-0.9987589670531157,29.99940158283741,-400.28194724076354,0.0,0.0,-0.01270158946327616,0.2547105272371264,3.487734950192314e-05,7.7413693295802535,8.829000000000008,-0.012666712113774237,-0.8329201431826281,0.0017686286582603127,-0.00814803949972495,0.01270158946327616,-0.2547105272371264,0.24840133288962993,0.0,0.0,0.014470218121536472,-0.01445723384722139
1.8000000000000005,0.0,403.0,403.0,402.7335576231817,0.0,PILOT_ASC_HOLD_ACC,caténaire,,0.008337781180859672,0.25502702417647527,0.25502702417647527,0.20436028062024858,-0.9788957430210906,0.04996068611250757,-0.998751185152322,29.99932878262232,-400.3066207351959,0.0,0.0,-0.012741325105087761,0.25470854264212456,3.930384568803042e-05,7.900764068345206,8.829000000000008,-0.01270202125939973,-0.6735273890126781,0.00170391130187071,-0.008161818504184895,0.012741325105087761,-0.25470854264212456,0.24840133288962993,0.0,0.0,0.01444523640695847,-0.014469028256679534
1.9000000000000006,0.0,403.0,403.0,403.1200811449998,0.0,PILOT_ASC_HOLD_ACC,caténaire,,0.008337781180859672,0.25502702417647527,0.25502702417647527,0.20425853811183414,-0.9789169778936396,0.05014712606812373,-0.9987418413920124,29.999251749255215,-400.3314963211545,0.0,0.0,-0.012788872332156144,0.2547061597307382,4.400757962682713e-05,8.030718613078495,8.829000000000008,-0.012744864752529316,-0.5435752271907752,0.0017030629950987588,-0.008161995555905611,0.012788872332156144,-0.2547061597307382,0.24840133288962993,0.0,0.0,0.014491935327254903,-0.014466822397013884
2.0000000000000004,0.0,403.0,403.0,403.0386882588166,0.0,PILOT_ASC_HOLD_ACC,caténaire,,0.008337781180859672,0.25502702417647527,0.25502702417647527,0.21581579867379497,-0.976434094572077,0.05030209170248249,-0.9987340484685374,29.999170468396407,-400.35653488037667,0.0,0.0,-0.012828392756736277,0.2547041723246547,4.8994382511509045e-05,8.136290375150118,8.829000000000008,-0.012779398374224768,-0.4380054525252355,0.0017994249047145674,-0.008141293818072817,0.012828392756736277,-0.2547041723246547,0.24840133288962993,0.0,0.0,0.014627817661450845,-0.014444133253097596
2.1000000000000005,0.0,403.0,403.0,402.65585189722253,0.0,PILOT_ASC_HOLD_ACC,caténaire,,0.008337781180859672,0.25502702417647527,0.25502702417647527,0.18530734081757952,-0.9826806141565617,0.05040619475436723,-0.9987287997902057,29.999084929062352,-400.3817046793133,0.0,0.0,-0.012854941848266133,0.25470283376983893,5.426270640507592e-05,8.221806707517398,8.829000000000008,-0.012800679141861056,-0.3524904587127704,0.0015450520589439637,-0.008193375931510205,0.012854941848266133,-0.25470283376983893,0.24840133288962993,0.0,0.0,0.014399993907210097,-0.01449487681171921
2.2000000000000006,0.0,403.0,403.0,403.03418945838587,0.0,PILOT_ASC_HOLD_ACC,caténaire,,0.008337781180859672,0.25502702417647527,0.25502702417647527,0.19345931278886142,-0.9811082989636065,0.05054287265853884,-0.998721892231978,29.998995123808086,-400.40698004209446,0.0,0.0,-0.012889798407437696,0.2547010721558198,5.9809919072999214e-05,8.290916961138148,8.829000000000008,-0.012829988488364696,-0.28338196670604,0.0016130214174330136,-0.008180266311484004,0.012889798407437696,-0.2547010721558198,0.24840133288962993,0.0,0.0,0.01450281982487071,-0.014480005577673843
2.3000000000000007,0.0,403.0,403.0,402.91827916793875,0.0,PILOT_ASC_HOLD_ACC,caténaire,,0.008337781180859672,0.25502702417647527,0.25502702417647527,0.21065487440132832,-0.9775604962819235,0.050747017693367855,-0.9987115400330714,29.99890104285149,-400.4323402378787,0.0,0.0,-0.012941860908170542,0.25469843206533893,6.564069493915436e-05,8.346664823123898,8.829000000000008,-0.012876220213231388,-0.2276367448107699,0.001756394247439753,-0.008150685509051262,0.012941860908170542,-0.25469843206533893,0.24840133288962993,0.0,0.0,0.014698255155610294,-0.01444778468476024
2.400000000000001,0.0,403.0,403.0,403.3205008099327,0.0,PILOT_ASC_HOLD_ACC,caténaire,,0.008337781180859672,0.25502702417647527,0.25502702417647527,0.20574080484305016,-0.9786065201205918,0.05094611087353197,-0.9987014037172782,29.998802671275914,-400.4577685567193,0.0,0.0,-0.012992635049441629,0.2546958470308861,7.176438639048471e-05,8.391567001006814,8.829000000000008,-0.012920870663051144,-0.1827371519623071,0.001715421810755306,-0.008159407026928042,0.012992635049441629,-0.2546958470308861,0.24840133288962993,0.0,0.0,0.014708056860196935,-0.014453921168184197
2.500000000000001,0.0,403.0,403.0,402.70698194013124,0.0,PILOT_ASC_HOLD_ACC,caténaire,,0.008337781180859672,0.25502702417647527,0.25502702417647527,0.19593709192238387,-0.9806164673352161,0.05106298014287957,-0.9986954350846549,29.9986999950854,-400.4832515475965,0.0,0.0,-0.013022439871421024,0.25469432486826976,7.818243913203433e-05,8.427690290493235,8.829000000000008,-0.01294425743228899,-0.146615384638503,0.0016336805976628237,-0.008176165526988658,0.013022439871421024,-0.25469432486826976,0.24840133288962993,0.0,0.0,0.014656120469083848,-0.014469157505628466
2.600000000000001,0.0,403.0,403.0,402.9229302048196,0.0,PILOT_ASC_HOLD_ACC,caténaire,,0.008337781180859672,0.25502702417647527,0.25502702417647527,0.19019133220802348,-0.9817470433634813,0.05118050461770989,-0.9986894191624726,29.99859300590248,-400.50877839431416,0.0,0.0,-0.013052411788504905,0.25469279064553796,8.488861789822895e-05,8.456723105622437,8.829000000000008,-0.012967523170606676,-0.11758410373203176,0.0015857737104466882,-0.00818559202252066,0.013052411788504905,-0.25469279064553796,0.24840133288962993,0.0,0.0,0.014638185498951593,-0.014477049778428702
2.700000000000001,0.0,403.0,403.0,403.2410227133423,0.0,PILOT_ASC_HOLD_ACC,caténaire,,0.008337781180859672,0.25502702417647527,0.25502702417647527,0.17517047444418302,-0.9845381175368477,0.05140547250765407,-0.9986778646772266,29.998481694665962,-400.53434040716024,0.0,0.0,-0.01310978468001263,0.2546898439395498,9.188565924093954e-05,8.480039346645036,8.829000000000008,-0.013017899020771691,-0.09427080941542165,0.0014605330852629692,-0.008208863388237736,0.01310978468001263,-0.2546898439395498,0.24840133288962993,0.0,0.0,0.014570317765275599,-0.0144973744381576
2.800000000000001,0.0,403.0,403.0,402.86478453957386,0.0,PILOT_ASC_HOLD_ACC,caténaire,,0.008337781180859672,0.25502702417647527,0.25502702417647527,0.19451502987149896,-0.9808995377479234,0.05161553724010926,-0.9986670297528675,29.9983660459728,-400.55993060994615,0.0,0.0,-0.013163356863615104,0.2546870807410333,9.918618362387412e-05,8.498753335579886,8.829000000000008,-0.01306417067999123,-0.07555958367908744,0.001621823755456941,-0.008178525706148587,0.013163356863615104,-0.2546870807410333,0.24840133288962993,0.0,0.0,0.014785180619072046,-0.014464273557551949
2.9000000000000012,0.0,403.0,403.0,403.0119528918987,0.0,PILOT_ASC_HOLD_ACC,caténaire,,0.008337781180859672,0.25502702417647527,0.25502702417647527,0.18993247227184185,-0.9817971562276528,0.05173411201693182,-0.9986608942247711,29.998246045041192,-400.5855434049595,0.0,0.0,-0.013193596636090552,0.2546855160155611,0.00010679205812202914,8.513766153228817,8.829000000000008,-0.013086804577968522,-0.06054833075562982,0.0015836153929423143,-0.008186009852616466,0.013193596636090552,-0.2546855160155611,0.24840133288962993,0.0,0.0,0.014777212029032866,-0.014470192978547652
3.0000000000000013,0.0,403.0,403.0,402.7477726948969,0.0,PILOT_ASC_HOLD_ACC,caténaire,,0.008337781180859672,0.25502702417647527,0.25502702417647527,0.18273645441691574,-0.9831619338782064,0.05188517644244283,-0.9986530571051874,29.99812168328682,-400.6111743023314,0.0,0.0,-0.013232122146987553,0.25468351733827554,0.0001146947135716878,8.525804957360986,8.829000000000008,-0.013117427433415865,-0.04851152530074643,0.0015236165706943813,-0.00819738907002731,0.013232122146987553,-0.25468351733827554,0.24840133288962993,0.0,0.0,0.014755738717681934,-0.014479573518672934
3.1000000000000014,0.0,403.0,403.0,402.9511773964608,0.0,PILOT_ASC_HOLD_ACC,caténaire,,0.008337781180859672,0.25502702417647527,0.25502702417647527,0.17933573223957264,-0.9837879319965743,0.05214997468435924,-0.9986392642693461,29.997992949416457,-400.636819702432,0.0,0.0,-0.013299652854630657,0.25467999979239603,0.0001229009879499552,8.535455998129974,8.829000000000008,-0.013176751866680702,-0.03886400207763785,0.0014952620933227979,-0.008202608505357891,0.013299652854630657,-0.25467999979239603,0.24840133288962993,0.0,0.0,0.014794914947953455,-0.014481275408123967
3.2000000000000015,0.0,403.0,403.0,402.9573787312638,0.0,PILOT_ASC_HOLD_ACC,caténaire,,0.008337781180859672,0.25502702417647527,0.25502702417647527,0.20628815728715494,-0.9784912856858102,0.052330517159035944,-0.9986298197900302,29.997859826292625,-400.66247672034365,0.0,0.0,-0.013345696064684914,0.25467759119494116,0.0001314246173867888,8.543191169057701,8.829000000000008,-0.013214271447298125,-0.031131239747365314,0.0017199855156630605,-0.008158446227426333,0.013345696064684914,-0.25467759119494116,0.24840133288962993,0.0,0.0,0.015065681580347975,-0.014434704532737569
3.3000000000000016,0.0,403.0,403.0,403.366035301819,0.0,PILOT_ASC_HOLD_ACC,caténaire,,0.008337781180859672,0.25502702417647527,0.25502702417647527,0.15506561560290888,-0.9879041729123785,0.05245440965637644,-0.9986233198296547,29.99772230036464,-400.68814304409347,0.0,0.0,-0.013377291999599451,0.25467593352938933,0.000140261632520344,8.54938954894942,8.829000000000008,-0.013237030367079107,-0.024934517521197463,0.0012929031715723535,-0.00823692882140157,0.013377291999599451,-0.25467593352938933,0.24840133288962993,0.0,0.0,0.014670195171171805,-0.014511529461160994
3.4000000000000017,0.0,403.0,403.0,403.41917479008043,0.0,PILOT_ASC_HOLD_ACC,caténaire,,0.008337781180859672,0.25502702417647527,0.25502702417647527,0.2399332609490516,-0.970789385134775,0.05269853891291934,-0.9986104665966823,29.997580362544767,-400.7138168211469,0.0,0.0,-0.013439551557410003,0.25467265560763336,0.00014940529237073363,8.55435562424741,8.829000000000008,-0.01329014626503927,-0.019971720144964067,0.002000511027803295,-0.008094229465955059,0.013439551557410003,-0.25467265560763336,0.24840133288962993,0.0,0.0,0.015440062585213299,-0.014365552183958491
3.5000000000000018,0.0,403.0,403.0,402.97082570507223,0.0,PILOT_ASC_HOLD_ACC,caténaire,,0.008337781180859672,0.25502702417647527,0.25502702417647527,0.1355981269124807,-0.9907639214151002,0.052957987830218475,-0.9985967411948501,29.997433997009995,-400.73949656781406,0.0,0.0,-0.01350571804271461,0.25466915525924844,0.00015887200220612117,8.55833416900241,8.829000000000008,-0.013346846040508488,-0.015996675738348287,0.001130587510730703,-0.008260772778649552,0.01350571804271461,-0.25466915525924844,0.24840133288962993,0.0,0.0,0.014636305553445313,-0.01452859514826807
3.600000000000002,0.0,403.0,403.0,402.9634522006819,0.0,PILOT_ASC_HOLD_ACC,caténaire,,0.008337781180859672,0.25502702417647527,0.25502702417647527,0.2204583175290125,-0.9753963964626264,0.05307959571568739,-0.9985902846105901,29.997283186388174,-400.7651810957527,0.0,0.0,-0.013536731339862142,0.25466750865577825,0.00016866834454004015,8.561521391157475,8.829000000000008,-0.0133680629953221,-0.012811100186754132,0.0018381332110573862,-0.008132641718304426,0.013536731339862142,-0.25466750865577825,0.24840133288962993,0.0,0.0,0.015374864550919527,-0.014398817484452736
3.700000000000002,0.0,403.0,403.0,402.9756461746981,0.0,PILOT_ASC_HOLD_ACC,caténaire,,0.008337781180859672,0.25502702417647527,0.25502702417647527,0.15674727975201028,-0.9876387448304896,0.05329078114994349,-0.9985790367539411,29.997127920349037,-400.79086945288685,0.0,0.0,-0.013590589332709891,0.2546646401483687,0.00017878153821496146,8.564074382027766,8.829000000000008,-0.01341180779449493,-0.010260977823874029,0.0013069245192672576,-0.008234715740135524,0.013590589332709891,-0.2546646401483687,0.24840133288962993,0.0,0.0,0.014897513851977148,-0.014498022998874288
3.800000000000002,0.0,403.0,403.0,402.9884786457615,0.0,PILOT_ASC_HOLD_ACC,caténaire,,0.008337781180859672,0.25502702417647527,0.25502702417647527,0.2087125389502983,-0.9779770324935655,0.053591175343846484,-0.9985629604212571,29.996968184757375,-400.8165608769531,0.0,0.0,-0.013667197970060862,0.2546605402490847,0.00018922264575124264,8.5661194332051,8.829000000000008,-0.013477975324309619,-0.00822002654582299,0.0017401994794692382,-0.008154158496837838,0.013667197970060862,-0.2546605402490847,0.24840133288962993,0.0,0.0,0.0154073974495301,-0.014413365856292576
3.900000000000002,0.0,403.0,403.0,402.9407938601784,0.0,PILOT_ASC_HOLD_ACC,caténaire,,0.008337781180859672,0.25502702417647527,0.25502702417647527,0.17692287756118674,-0.9842247179356295,0.05373050004114863,-0.9985554733540486,29.996803960841675,-400.842254757748,0.0,0.0,-0.013702729533008117,0.25465863084461465,0.00020000577112191085,8.567757772708958,8.829000000000008,-0.013502723761886206,-0.00658359644643447,0.0014751442389932027,-0.00820625033094061,0.013702729533008117,-0.25465863084461465,0.24840133288962993,0.0,0.0,0.01517787377200132,-0.01446354828592536
4.000000000000002,0.0,403.0,403.0,403.18370691586443,0.0,PILOT_ASC_HOLD_ACC,caténaire,,0.008337781180859672,0.25502702417647527,0.25502702417647527,0.1726307417778011,-0.984986612595951,0.05397875906501994,-0.9985420840254058,29.996635237303867,-400.8679506062949,0.0,0.0,-0.013766042293090974,0.2546552162039752,0.00021111596047226948,8.569070137202239,8.829000000000008,-0.013554926332618705,-0.005274646593793619,0.0014393573500327955,-0.008212602841901236,0.013766042293090974,-0.2546552162039752,0.24840133288962993,0.0,0.0,0.01520539964312377,-0.014466486156246489
4.100000000000001,0.0,403.0,403.0,403.11532979594085,0.0,PILOT_ASC_HOLD_ACC,caténaire,,0.008337781180859672,0.25502702417647527,0.25502702417647527,0.21897288268322526,-0.9757309448046622,0.05427352013255132,-0.9985261063249279,29.99646199917022,-400.8936480312579,0.0,0.0,-0.013841214330986583,0.2546511414585691,0.00022256492024432144,8.57012157816366,8.829000000000008,-0.013618649410742261,-0.004227280377779863,0.0018257479803547882,-0.008135431109174739,0.013841214330986583,-0.2546511414585691,0.24840133288962993,0.0,0.0,0.015666962311341372,-0.01438523967811392
4.200000000000001,0.0,403.0,403.0,403.07121668221885,0.0,PILOT_ASC_HOLD_ACC,caténaire,,0.008337781180859672,0.25502702417647527,0.25502702417647527,0.15196937654445705,-0.988385202536283,0.054408918013549634,-0.9985187377513728,29.996284226392884,-400.91934671953265,0.0,0.0,-0.013875744449657383,0.2546492622731829,0.00023436903723866246,8.570964230822701,8.829000000000008,-0.013641375412418721,-0.00338650690412301,0.0012670874078193513,-0.008240939541147196,0.013875744449657383,-0.2546492622731829,0.24840133288962993,0.0,0.0,0.015142831857476734,-0.014488868924700166
4.300000000000001,0.0,403.0,403.0,403.1462183320234,0.0,PILOT_ASC_HOLD_ACC,caténaire,,0.008337781180859672,0.25502702417647527,0.25502702417647527,0.20156476672024953,-0.979475188464216,0.05469213990135347,-0.9985032648083884,29.996101907258662,-400.9450464200274,0.0,0.0,-0.01394797368488564,0.25464531625457837,0.00024650981787243184,8.571639430421095,8.829000000000008,-0.013701463867013208,-0.002715253324334199,0.0016806029186844664,-0.00816664979349592,0.01394797368488564,-0.25464531625457837,0.24840133288962993,0.0,0.0,0.015628576603570105,-0.014410633158444347
4.4,0.0,403.0,403.0,403.1300552543708,0.0,PILOT_ASC_HOLD_ACC,caténaire,,0.008337781180859672,0.25502702417647527,0.25502702417647527,0.18085302521406227,-0.9835101337916767,0.05497982442987069,-0.9984874655726332,29.995915023596464,-400.97074693204166,0.0,0.0,-0.014021341014095,0.25464128702249944,0.0002590075317076398,8.572180772359928,8.829000000000008,-0.013762333482387359,-0.002177940617579921,0.001507912950131348,-0.00820029228471302,0.014021341014095,-0.25464128702249944,0.24840133288962993,0.0,0.0,0.015529253964226348,-0.014440246417582542
4.5,0.0,403.0,403.0,403.0195424278152,0.0,PILOT_ASC_HOLD_ACC,caténaire,,0.008337781180859672,0.25502702417647527,0.25502702417647527,0.1890124548132042,-0.9819746900635915,0.055132817244871346,-0.9984790295557757,29.995723556508974,-400.9964480949066,0.0,0.0,-0.014060358316424998,0.2546391356102244,0.00027186793170849873,8.572614948940155,8.829000000000008,-0.013788490384716499,-0.0017459154496286544,0.001575944488689623,-0.008187490090892723,0.014060358316424998,-0.2546391356102244,0.24840133288962993,0.0,0.0,0.015636302805114622,-0.014425292811487161
4.6,0.0,403.0,403.0,402.8388563417837,0.0,PILOT_ASC_HOLD_ACC,caténaire,,0.008337781180859672,0.25502702417647527,0.25502702417647527,0.20642039273411464,-0.9784633981215107,0.055503600372578565,-0.9984584870417403,29.995527493469147,-401.0221497796977,0.0,0.0,-0.014154918034099016,0.25463389671400083,0.0002850763467859954,8.572963129090827,8.829000000000008,-0.01386984168731302,-0.0014029741951802066,0.0017210880658841635,-0.008158213707017537,0.014154918034099016,-0.25463389671400083,0.24840133288962993,0.0,0.0,0.01587600609998318,-0.014390777531388427
4.699999999999999,0.0,403.0,403.0,403.01406288905895,0.0,PILOT_ASC_HOLD_ACC,caténaire,,0.008337781180859672,0.25502702417647527,0.25502702417647527,0.1601283805668698,-0.9870961968000038,0.05569044573598718,-0.9984480829035262,29.995326812842624,-401.0478518836517,0.0,0.0,-0.014202568651110286,0.25463124337759296,0.00029866244599977937,8.573242760334287,8.829000000000008,-0.013903906205110507,-0.0011259962881275953,0.0013351153980119825,-0.008230192093377227,0.014202568651110286,-0.25463124337759296,0.24840133288962993,0.0,0.0,0.015537684049122268,-0.014460102581340256
4.799999999999999,0.0,403.0,403.0,403.0639059126499,0.0,PILOT_ASC_HOLD_ACC,caténaire,,0.008337781180859672,0.25502702417647527,0.25502702417647527,0.2020528027421216,-0.9793746294978511,0.05597775279992898,-0.9984320163093078,29.99512149967394,-401.07355432416074,0.0,0.0,-0.014275839716652245,0.2546271459618808,0.0003126103354982721,8.573467285727487,8.829000000000008,-0.013963229381153972,-0.0009055683106407031,0.001684672056243213,-0.008165811354838596,0.014275839716652245,-0.2546271459618808,0.24840133288962993,0.0,0.0,0.015960511772895456,-0.014391624427089439
4.899999999999999,0.0,403.0,403.0,402.77419956697247,0.0,PILOT_ASC_HOLD_ACC,caténaire,,0.008337781180859672,0.25502702417647527,0.25502702417647527,0.19985392274673994,-0.979825703665065,0.05629205444419626,-0.9984143451525783,29.994911535483723,-401.0992570352967,0.0,0.0,-0.014355995129683502,0.2546226393393663,0.00032693407205808847,8.573647830699345,8.829000000000008,-0.014029061057625414,-0.0007295299612959383,0.0016663382759987508,-0.008169572312541165,0.014355995129683502,-0.2546226393393663,0.24840133288962993,0.0,0.0,0.01602233340568225,-0.014390878762277542
4.999999999999998,0.0,403.0,403.0,402.93950388990174,0.0,PILOT_ASC_HOLD_ACC,caténaire,,0.008337781180859672,0.25502702417647527,0.25502702417647527,0.17801437815114862,-0.9840278863789682,0.05649800866890804,-0.9984027118434965,29.9946968995233,-401.12495996437787,0.0,0.0,-0.01440851902272832,0.25461967253116985,0.00034164470427394797,8.573793231163682,8.829000000000008,-0.014066874318454372,-0.0005870963051552991,0.0014842449320710842,-0.00820460919249168,0.01440851902272832,-0.25461967253116985,0.24840133288962993,0.0,0.0,0.015892763954799403,-0.014422948834031585
5.099999999999998,0.0,403.0,403.0,402.86519987927056,0.0,PILOT_ASC_HOLD_ACC,caténaire,,0.008337781180859672,0.25502702417647527,0.25502702417647527,0.17778814819361302,-0.9840687853813298,0.05688662049736846,-0.9983806450489655,29.994477576054006,-401.1506630690048,0.0,0.0,-0.014507625540900359,0.2546140449022275,0.00035673024750657717,8.573910346092106,8.829000000000008,-0.014150895293393782,-0.0004756090056741158,0.0014823586761885971,-0.008204950199423886,0.014507625540900359,-0.2546140449022275,0.24840133288962993,0.0,0.0,0.015989984217088957,-0.014417662212021481
5.1999999999999975,0.0,403.0,403.0,403.0000642343246,0.0,PILOT_ASC_HOLD_ACC,caténaire,Fy:(t>5:-2),0.008337781180859672,0.25502702417647527,0.25502702417647527,0.195329771266737,-0.9807376205983354,0.05707711136315557,-0.9983697728589532,29.994253542068385,-401.17667612008097,0.0,-2.0,-0.014556205859534847,0.2546112721999624,0.00037221813730453553,8.781937807614893,8.829000000000008,-0.01418398772223031,-1.7924509201851517,0.001628616890929424,-0.008177175676385894,0.014556205859534847,-0.2546112721999624,0.24840133288962993,0.0,0.0,0.016184822750464272,-0.014387114986718325
5.299999999999997,0.0,403.0,403.00294072095926,402.9055899067402,0.029407209593111678,PILOT_DESC_ADD_SLACK_ACC,caténaire,,0.008337781180859672,0.25502702417647527,0.25502702417647527,0.19839306476878144,-0.9801225392019356,0.057459740709260736,-0.9983478242564685,29.994024781662812,-401.2032236879333,0.0,-2.0,-0.014653786683034638,0.2546056747131859,0.0003880890925393995,9.146548651469772,8.829000000000008,-0.014265697590495239,-1.4278456738170497,0.0016541579618422199,-0.008172047262294294,0.014653786683034638,-0.2546056747131859,0.24840314549262238,0.0,-5.551115123125783e-17,0.016307944644876858,-0.014374576482857893
5.399999999999997,0.0,403.0,403.0106287625093,402.896768334279,0.07688041550021506,PILOT_DESC_ADD_SLACK_ACC,caténaire,,0.008337781180859672,0.25502702417647527,0.25502702417647527,0.20024029229460313,-0.9797468169592448,0.05763521774730283,-0.9983377092323122,29.993791272466428,-401.23019618136146,0.0,-2.0,-0.014698538069857816,0.25460309510867585,0.00040436885620751076,9.441694883680555,8.829000000000008,-0.014294169213650305,-1.1327020212107772,0.001669559740743782,-0.008168914572449957,0.014698538069857816,-0.25460309510867585,0.2484078842513527,0.0,2.7755575615628914e-17,0.016368097810601598,-0.014364125429773056
5.4999999999999964,0.0,403.0,403.024076974785,402.89886407746303,0.13448212275668375,PILOT_DESC_ADD_SLACK_ACC,caténaire,,0.008337781180859672,0.25502702417647527,0.25502702417647527,0.2014991018075505,-0.9794886992562755,0.057762998192745836,-0.9983303241111056,29.993553002425454,-401.2575052231521,0.0,-2.0,-0.01473112553660709,0.25460121170319133,0.00042102569374933077,9.67878168301383,8.829000000000008,-0.014310099842857759,-0.8956171052829873,0.0016800554190111218,-0.008166762443523693,0.01473112553660709,-0.25460121170319133,0.24841617346687195,0.0,5.551115123125783e-17,0.01641118095561821,-0.01435180067984304
5.599999999999996,0.0,403.0,403.04375064824956,402.9039271020283,0.19673673464555852,PILOT_DESC_ADD_SLACK_ACC,caténaire,,0.008337781180859672,0.25502702417647527,0.25502702417647527,0.20105878470941002,-0.9795791775508373,0.05790257236178162,-0.9983222386153123,29.993309966316474,-401.28508003175136,0.0,-2.0,-0.014766720721588189,0.2545991496832602,0.00043803753678859524,9.868082759177485,8.829000000000008,-0.014328683184799594,-0.7063180911392628,0.0016763841513966352,-0.008167516831745367,0.014766720721588189,-0.2545991496832602,0.2484282999351386,0.0,5.551115123125783e-17,0.016443104872984823,-0.014338366579866924
5.699999999999996,0.0,403.0,403.0697561520592,402.9200156634387,0.26005503809618286,PILOT_DESC_ADD_SLACK_ACC,caténaire,,0.008337781180859672,0.25502702417647527,0.25502702417647527,0.2003587585556632,-0.9797225974070585,0.05794681255915963,-0.9983196717055282,29.99306215916509,-401.3128642236658,0.0,-2.0,-0.014778003167474484,0.2545984950518966,0.0004554045778045621,10.018514015369174,8.829000000000008,-0.014322598589669921,-0.5558874895789376,0.0016705474865058153,-0.008168712635123528,0.014778003167474484,-0.2545984950518966,0.24844432922002385,0.0,0.0,0.0164485506539803,-0.014322878466996258
5.799999999999995,0.0,403.0,403.1019705438719,402.9468982341083,0.32214391812719073,PILOT_DESC_ADD_SLACK_ACC,caténaire,,0.008337781180859672,0.25502702417647527,0.25502702417647527,0.19987397710532392,-0.9798216129868234,0.05786493864522715,-0.9983244206547209,29.992809583229487,-401.3408130744047,0.0,-2.0,-0.014757123106846601,0.2545997061622772,0.00047310077766333483,10.13761230744724,8.829000000000008,-0.014284022329183266,-0.43678798639049,0.0016665054848523466,-0.008169538205361104,0.014757123106846601,-0.2545997061622772,0.24846418554226835,0.0,0.0,0.01642362859169895,-0.01430505882536992
5.899999999999995,0.0,403.0,403.1401301033722,402.97809007581037,0.38159559500290996,PILOT_DESC_ADD_SLACK_ACC,caténaire,,0.008337781180859672,0.25502702417647527,0.25502702417647527,0.19894719360554297,-0.9800102112511271,0.05771001497221851,-0.9983333882886549,29.992552250656345,-401.36889122524826,0.0,-2.0,-0.01471761338354472,0.2546019931512733,0.000491087914529824,10.231628796109366,8.829000000000008,-0.014226525469014895,-0.3427692107393696,0.0016587781668291417,-0.008171110696419959,0.01471761338354472,-0.2546019931512733,0.2484877063498176,0.0,0.0,0.01637639155037386,-0.014285397497875663
5.999999999999995,0.0,403.0,403.18389033173065,403.0041359488938,0.4376022835845258,PILOT_DESC_ADD_SLACK_ACC,caténaire,,0.008337781180859672,0.25502702417647527,0.25502702417647527,0.19598916317490572,-0.9806060615343962,0.057589497900340604,-0.99834034764282,29.99229017938156,-401.3970707948642,0.0,-2.0,-0.014686878273341235,0.25460376797465617,0.0005093409143530755,10.305675929444863,8.829000000000008,-0.014177537358988159,-0.26872030258048873,0.0016341147563721642,-0.00817607876569841,0.014686878273341235,-0.25460376797465617,0.24851467930031831,0.0,2.7755575615628914e-17,0.0163209930297134,-0.014265167440036253
6.099999999999994,0.0,403.0,403.2328889859577,403.03864217350093,0.49,PILOT_DESC_ADD_SLACK_ACC,caténaire,,0.008337781180859672,0.25502702417647527,0.25502702417647527,0.19320121895061482,-0.9811591557927779,0.057352139865995515,-0.9983540113871388,29.992023387268482,-401.4253298431328,0.0,-2.0,-0.01462634556017783,0.2546072525987089,0.0005278562823471868,10.363890893798574,8.829000000000008,-0.014098489277830643,-0.21050185360272522,0.0016108694874855851,-0.008180690344597187,0.01462634556017783,-0.2546072525987089,0.24854488111426318,0.0,5.551115123125783e-17,0.016237215047663414,-0.014243061829042863
6.199999999999994,0.0,403.0,403.2866495497239,403.06249023752054,0.5376056376622897,PILOT_DESC_ADD_SLACK_ACC,caténaire,,0.008337781180859672,0.25502702417647527,0.25502702417647527,0.19194504580488922,-0.9814056752388173,0.056975008549238565,-0.9983756048706389,29.991751900919393,-401.4536511322473,0.0,-2.0,-0.014530166882741549,0.25461275952054757,0.0005465950766910121,10.409594323216899,8.829000000000008,-0.013983571806050537,-0.1647929172625613,0.001600395790671253,-0.008182745769795089,0.014530166882741549,-0.25461275952054757,0.24857801807628907,0.0,0.0,0.016130562673412802,-0.014217487214053609
6.299999999999994,0.0,403.0,403.3447342410531,403.0955430187366,0.5808469132919603,PILOT_DESC_ADD_SLACK_ACC,caténaire,,0.008337781180859672,0.25502702417647527,0.25502702417647527,0.18861962623044173,-0.9820502210175854,0.05670147221758712,-0.9983911773690503,29.991475755606626,-401.48202113576957,0.0,-2.0,-0.01446040772607633,0.25461673092847636,0.0005655162295899884,10.445435441920717,8.829000000000008,-0.013894891496486343,-0.12894782715081377,0.0015726691699249624,-0.008188119851459504,0.01446040772607633,-0.25461673092847636,0.24861382034613186,0.0,8.326672684688674e-17,0.016033076896001294,-0.01419103043380393
6.399999999999993,0.0,403.0,403.4066699333231,403.26100239322875,0.6193569226995544,PILOT_DESC_ADD_SLACK_ACC,caténaire,,0.008337781180859672,0.25502702417647527,0.25502702417647527,0.18801920137740147,-0.9821653526333557,0.05628220115361186,-0.9984149006466723,29.99119498425976,-401.51042925037143,0.0,-2.0,-0.014353482274307418,0.25462278100537206,0.0005846221850206753,10.473518216565807,8.829000000000008,-0.013768860089286742,-0.1008590024288285,0.0015676629588847629,-0.008189079793678796,0.014353482274307418,-0.25462278100537206,0.2486519962977778,0.0,-5.551115123125783e-17,0.015921145233192182,-0.0141598645012731
6.499999999999993,0.0,403.0,403.4719829861627,403.86009042923496,0.653130528396203,PILOT_DESC_ADD_SLACK_ACC,caténaire,,0.008337781180859672,0.25502702417647527,0.25502702417647527,0.1865041436750256,-0.9824541741944229,0.05585640563244998,-0.9984388123214277,29.9909096268831,-401.53886717007543,0.0,-2.0,-0.01424489290963783,0.254628879128628,0.0006038762211904876,10.495506866091906,8.829000000000008,-0.013641016688447343,-0.07886425477947334,0.0015550307392859768,-0.008191487924655289,0.01424489290963783,-0.254628879128628,0.24869225398854813,0.0,2.7755575615628914e-17,0.015799923648923807,-0.01412811306473516
6.5999999999999925,0.0,403.0,403.5402076667308,403.8648956604353,0.6822468056808383,PILOT_DESC_ADD_SLACK_ACC,caténaire,,0.008337781180859672,0.25502702417647527,0.25502702417647527,0.184450855801843,-0.9828417379181492,0.055509770818496264,-0.9984581440118948,29.990619723916815,-401.5673283926326,0.0,-2.0,-0.014156491664559248,0.25463380923212015,0.0006232683006415846,10.512714556655027,8.829000000000008,-0.013533223363917664,-0.06165163411286123,0.0015379108742980675,-0.008194719346177359,0.014156491664559248,-0.25463380923212015,0.24873430634981133,0.0,-2.7755575615628914e-17,0.015694402538857316,-0.01409422222848622
6.699999999999992,0.0,403.0,403.6108920402876,403.7522941415139,0.706843735567862,PILOT_DESC_ADD_SLACK_ACC,caténaire,,0.008337781180859672,0.25502702417647527,0.25502702417647527,0.1842125246611323,-0.982886435839854,0.05498815506202663,-0.9984870068272668,29.990325316594426,-401.595807830204,0.0,-2.0,-0.014023465550423237,0.2546411700300338,0.0006427867796696538,10.52617501299137,8.829000000000008,-0.013380678770753583,-0.048183816978603744,0.0015359237213982372,-0.008195092027667772,0.014023465550423237,-0.2546411700300338,0.2487778748178163,0.0,-5.551115123125783e-17,0.015559389271821475,-0.014058387239885312
6.799999999999992,0.0,403.0,403.6836020673277,403.71935743257825,0.7271002704007158,PILOT_DESC_ADD_SLACK_ACC,caténaire,,0.008337781180859672,0.25502702417647527,0.25502702417647527,0.18326077255367845,-0.9830643362685012,0.05456457945049747,-0.9985102436477006,29.990026450245626,-401.624301502964,0.0,-2.0,-0.013915442322701223,0.25464709604720037,0.0006624052364032047,10.536700469053427,8.829000000000008,-0.01325303708629802,-0.03765243489938008,0.001527988220587865,-0.008196575322513814,0.013915442322701223,-0.25464709604720037,0.24882269185908476,0.0,2.7755575615628914e-17,0.015443430543289088,-0.014020979510629417
6.8999999999999915,0.0,403.0,403.757924417693,403.5709566196289,0.743223503653332,PILOT_DESC_ADD_SLACK_ACC,caténaire,,0.008337781180859672,0.25502702417647527,0.25502702417647527,0.18302905440148648,-0.9831075044189713,0.05419034301671294,-0.998530623828699,29.98972316833364,-401.65280629894465,0.0,-2.0,-0.01382000191865474,0.25465229354411256,0.0006821230729101909,10.544928606026485,8.829000000000008,-0.013137878845744548,-0.029419100429411316,0.001526056205339255,-0.008196935249106415,0.01382000191865474,-0.25465229354411256,0.24886850270497618,0.0,5.551115123125783e-17,0.015346058123993995,-0.013980726088242745
6.999999999999991,0.0,403.0,403.83346835627106,403.54188995226934,0.7554393857806286,PILOT_DESC_ADD_SLACK_ACC,caténaire,,0.008337781180859672,0.25502702417647527,0.25502702417647527,0.18317611828074745,-0.983080113567352,0.053665146710802754,-0.9985589877561105,29.989415513523603,-401.68131978530687,0.0,-2.0,-0.013686062667649986,0.25465952711211426,0.0007019353915407143,10.551359342967126,8.829000000000008,-0.012984127276109272,-0.022981129920767174,0.0015272823917841414,-0.008196706870179257,0.013686062667649986,-0.25465952711211426,0.2489150665139948,0.0,5.551115123125783e-17,0.015213345059434127,-0.013941167468298654
7.099999999999991,0.0,403.0,403.90986694783663,403.4553859536334,0.7639859156558393,PILOT_DESC_ADD_SLACK_ACC,caténaire,,0.008337781180859672,0.25502702417647527,0.25502702417647527,0.18261019539530288,-0.983185392760536,0.05329300619936162,-0.9985789180081036,29.989103531085068,-401.70984006030324,0.0,-2.0,-0.013591156780441642,0.25466460986497114,0.0007218218391364218,10.556384182400372,8.829000000000008,-0.012869334941305221,-0.017951207734665076,0.001522563850600064,-0.008197584665054922,0.013591156780441642,-0.25466460986497114,0.24896215711443104,0.0,0.0,0.015113720631041706,-0.013900037415595035
7.19999999999999,0.0,403.0,403.9867777550217,403.59428339235126,0.7691080718508803,PILOT_DESC_ADD_SLACK_ACC,caténaire,,0.008337781180859672,0.25502702417647527,0.25502702417647527,0.18348289893050623,-0.9830229019712905,0.0528892670834574,-0.9986003832501641,29.988787262706733,-401.73836563781623,0.0,-2.0,-0.013488192395168947,0.25467008408177705,0.0007417904957878908,10.560309853253955,8.829000000000008,-0.012746401899381057,-0.014020062664275912,0.001529840261712352,-0.008196229852410288,0.013488192395168947,-0.25467008408177705,0.2490095634345759,0.0,-2.7755575615628914e-17,0.0150180326568813,-0.013856750499611492
7.29999999999999,0.0,403.0,404.06388315279014,403.6654185000809,0.7710539776839406,PILOT_DESC_ADD_SLACK_ACC,caténaire,,0.008337781180859672,0.25502702417647527,0.25502702417647527,0.18468479006902033,-0.9827978064267145,0.05242735807212827,-0.9986247403932954,29.988466750036288,-401.76689535652497,0.0,-2.0,-0.013370393114569381,0.2546762958115073,0.0007618336061278647,10.563376258106238,8.829000000000008,-0.012608559508441516,-0.010947446082262502,0.001539861367028497,-0.008194353055014827,0.013370393114569381,-0.2546762958115073,0.2490570896965577,0.0,-5.551115123125783e-17,0.014910254481597877,-0.013813559169964462
7.39999999999999,0.0,403.0,404.1408903479407,403.97963742987946,0.7700719515057055,PILOT_DESC_ADD_SLACK_ACC,caténaire,,0.008337781180859672,0.25502702417647527,0.25502702417647527,0.1851857872984622,-0.9827035281216043,0.05214353763029211,-0.9986396003981608,29.98814203458491,-401.7954283089858,0.0,-2.0,-0.013298011231887454,0.25468008551432736,0.0007819439622769595,10.565771043424185,8.829000000000008,-0.012516067269610494,-0.008548871061496044,0.0015440385722998,-0.008193566983136715,0.013298011231887454,-0.25468008551432736,0.24910455542836285,0.0,5.551115123125783e-17,0.014842049804187255,-0.013769097069101177
7.499999999999989,0.0,403.0,404.21753116811254,404.0369663524795,0.7664082017186606,PILOT_DESC_ADD_SLACK_ACC,caténaire,,0.008337781180859672,0.25502702417647527,0.25502702417647527,0.18916047360079227,-0.981946187541417,0.05167979596202271,-0.998663706504509,29.98781315355688,-401.82396378639237,0.0,-2.0,-0.013179744574242076,0.2546862332228938,0.0008021348101270599,10.567641104329752,8.829000000000008,-0.012377609764115016,-0.006672662447362754,0.0015771786369511885,-0.00818725244309973,0.013179744574242076,-0.2546862332228938,0.24915179533378334,0.0,5.551115123125783e-17,0.014756923211193264,-0.013721690332210157
7.599999999999989,0.0,403.0,404.2935616681188,404.3980852735586,0.7603050000625886,PILOT_DESC_ADD_SLACK_ACC,caténaire,,0.008337781180859672,0.25502702417647527,0.25502702417647527,0.18812416380507951,-0.9821452535102126,0.05143654779129668,-0.9986762646380025,29.987480147128387,-401.8525012348172,0.0,-2.0,-0.013117709717125444,0.2546894358863079,0.0008223845749834684,10.569101022640243,8.829000000000008,-0.012295325142141976,-0.00520954147345698,0.0015685381126389541,-0.008188912211588103,0.013117709717125444,-0.2546894358863079,0.24919865904976796,0.0,0.0,0.014686247829764399,-0.013679689048128052
7.699999999999989,0.0,403.0,404.36876158986144,404.7691483061552,0.7519992174267972,PILOT_DESC_ADD_SLACK_ACC,caténaire,,0.008337781180859672,0.25502702417647527,0.25502702417647527,0.1652482112216226,-0.9862520107396758,0.050995044294512674,-0.9986989063063004,29.98714304903858,-401.88104022180005,0.0,-2.0,-0.013005114394177111,0.2546952101235963,0.0008427180658822773,10.570240690959052,8.829000000000008,-0.012162396328294833,-0.00406409891735926,0.0013778034256943688,-0.00822315345473028,0.013005114394177111,-0.2546952101235963,0.24924501081352496,0.0,5.551115123125783e-17,0.01438291781987148,-0.013673352764801583
7.799999999999988,0.0,403.0,404.4429337039787,404.1525934417219,0.7417211411729245,PILOT_DESC_ADD_SLACK_ACC,caténaire,,0.008337781180859672,0.25502702417647527,0.25502702417647527,0.1933742066699575,-0.9811250767332189,0.05077055843877505,-0.9987103435910808,29.986801896863874,-401.90958040931133,0.0,-2.0,-0.012947864434418636,0.2546981269402985,0.0008631097235671035,10.571130010659292,8.829000000000008,-0.012084754710851534,-0.0031718624004177798,0.0016123118212364403,-0.008180406200855734,0.012947864434418636,-0.2546981269402985,0.2492907290567259,0.0,5.551115123125783e-17,0.014560176255655076,-0.013587804084428279
7.899999999999988,0.0,403.0,404.5159030556519,404.64413281514175,0.729693516731643,PILOT_DESC_ADD_SLACK_ACC,caténaire,,0.008337781180859672,0.25502702417647527,0.25502702417647527,0.20584165653485775,-0.9785853117817505,0.05041477554239485,-0.998728366677852,29.98645672116886,-401.9381215336034,0.0,-2.0,-0.012857130181101906,0.25470272331448424,0.0008835886673342746,10.571823979055665,8.829000000000008,-0.011973541513767632,-0.002473297629858706,0.0017162626900933172,-0.008159230196439573,0.012857130181101906,-0.25470272331448424,0.24933570594063587,0.0,5.551115123125783e-17,0.014573392871195223,-0.013526247570287864
7.999999999999988,0.0,403.0,404.5875161329007,404.3056354453852,0.7161307724878239,PILOT_DESC_ADD_SLACK_ACC,caténaire,,0.008337781180859672,0.25502702417647527,0.25502702417647527,0.19909532447270925,-0.979980128254194,0.050160246189665254,-0.9987411825403979,29.986107556200494,-401.96666338846296,0.0,-2.0,-0.012792218317709712,0.2547059917057716,0.0009041303547940306,10.572365200176248,8.829000000000008,-0.011888087962915682,-0.0019288081179880123,0.0016600132495857053,-0.008170859870974266,0.012792218317709712,-0.2547059917057716,0.24937984684346692,0.0,-5.551115123125783e-17,0.014452231567295417,-0.013497004733278972
8.099999999999987,0.0,403.0,404.657639972711,404.72360985886087,0.7012383981029154,PILOT_DESC_ADD_SLACK_ACC,caténaire,,0.008337781180859672,0.25502702417647527,0.25502702417647527,0.19199354746872221,-0.9813961879538637,0.04994346145829846,-0.9987520466349812,29.98575443205669,-401.9952058130036,0.0,-2.0,-0.012736932352782343,0.2547087623434835,0.0009247504375073389,10.572787242600265,8.829000000000008,-0.011812181915275003,-0.0015039950562591997,0.0016008001869312002,-0.008182666666889146,0.012736932352782343,-0.2547087623434835,0.2494230698094129,0.0,-2.7755575615628914e-17,0.014337732539713544,-0.01346835920095979
8.199999999999987,0.0,403.0,404.7261612181136,404.6032627753566,0.685212454025557,PILOT_DESC_ADD_SLACK_ACC,caténaire,,0.008337781180859672,0.25502702417647527,0.25502702417647527,0.19524588594235967,-0.980754323988726,0.0496307015827361,-0.9987676373713784,29.985397375841448,-402.0237486816657,0.0,-2.0,-0.012657170132435868,0.2547127384025916,0.0009454594684980915,10.573116271272719,8.829000000000008,-0.011711710663937776,-0.00117099032469703,0.0016279174734504804,-0.008177314945599949,0.012657170132435868,-0.2547127384025916,0.24946530496745078,0.0,-5.551115123125783e-17,0.014285087605886348,-0.013424748380740814
8.299999999999986,0.0,403.0,404.79298513762944,405.1261201609917,0.6682391951585088,PILOT_DESC_ADD_SLACK_ACC,caténaire,,0.008337781180859672,0.25502702417647527,0.25502702417647527,0.17972996691487228,-0.9837159849228733,0.04943861003127266,-0.9987771642554588,29.985036418404803,-402.05229189621076,0.0,-2.0,-0.012608181595696705,0.2547151680154883,0.0009662326502465487,10.573372523209008,8.829000000000008,-0.011641948945450157,-0.0009123087755114057,0.0014985491357793535,-0.00820200862640077,0.012608181595696705,-0.2547151680154883,0.2495064939269462,0.0,2.7755575615628914e-17,0.014106730731476058,-0.013410682714942834
8.399999999999986,0.0,403.0,404.85803461715295,405.06753457360975,0.6504947952350554,PILOT_DESC_ADD_SLACK_ACC,caténaire,,0.008337781180859672,0.25502702417647527,0.25502702417647527,0.18245367047420916,-0.9832144517502214,0.04926240034812814,-0.9987858709012363,29.98467158410612,-402.0808353801913,0.0,-2.0,-0.01256324336457328,0.2547173884454515,0.000987099749713874,10.573572140185412,8.829000000000008,-0.011576143614859405,-0.000710471369144372,0.001521258780058633,-0.008197826952552256,0.01256324336457328,-0.2547173884454515,0.24954658915626984,0.0,-8.326672684688674e-17,0.014084502144631913,-0.013368626241734016
8.499999999999986,0.0,403.0,404.92124913324477,404.8670404338759,0.6321451609183836,PILOT_DESC_ADD_SLACK_ACC,caténaire,,0.008337781180859672,0.25502702417647527,0.25502702417647527,0.1974432092490925,-0.9803143266939532,0.0490073486086599,-0.998798417991513,29.98430289588624,-402.10937907394504,0.0,-2.0,-0.01249819827844566,0.25472058829254685,0.0010080643217907552,10.573727556442185,8.829000000000008,-0.011490133956654904,-0.0005518552652770126,0.0016462382743656218,-0.008173646344435964,0.01249819827844566,-0.25472058829254685,0.24958555334995508,0.0,5.551115123125783e-17,0.014144436552811281,-0.013308681287027668
8.599999999999985,0.0,403.0,404.9825943041949,404.91964861370474,0.6134517095009955,PILOT_DESC_ADD_SLACK_MINPAY_ACC,caténaire,,0.008337781180859672,0.25502702417647527,0.25502702417647527,0.20968817422745262,-0.9777683107920596,0.04881972908887433,-0.998807606124267,29.983930380820375,-402.1379229306923,0.0,-2.0,-0.012450350230637328,0.2547229315147008,0.001029099589387658,10.573848315431013,8.829000000000008,-0.011421250641249669,-0.00042875305429390664,0.0017483341129224785,-0.008152418220962986,0.012450350230637328,-0.2547229315147008,0.24962336531578724,0.0,-2.7755575615628914e-17,0.014198684343559805,-0.013251984419876572
8.699999999999985,0.0,403.0,405.04210454668146,405.30469793439585,0.5951024248655673,PILOT_DESC_ADD_SLACK_MINPAY_ACC,caténaire,,0.008337781180859672,0.25502702417647527,0.25502702417647527,0.20999943205571636,-0.9777015078930157,0.04868814700414966,-0.9988140289069344,29.98355406216235,-402.16646691406686,0.0,-2.0,-0.012416793243135058,0.25472456949785144,0.001050222271305924,10.573942131822584,8.829000000000008,-0.011366570971829134,-0.00033329867957299086,0.0017509293125853712,-0.00815186123300851,0.012416793243135058,-0.25472456949785144,0.24966004626753474,0.0,0.0,0.014167722555720429,-0.013216384463325181
8.799999999999985,0.0,403.0,405.09985658683286,405.2508114562208,0.5775204015140782,PILOT_DESC_ADD_SLACK_MINPAY_ACC,caténaire,,0.008337781180859672,0.25502702417647527,0.25502702417647527,0.19508055755235273,-0.9807872226253067,0.0485523718722886,-0.9988206381455957,29.983173958228118,-402.19501099587455,0.0,-2.0,-0.012382166915299362,0.2547262550323193,0.0010714562700794698,10.57401505983967,8.829000000000008,-0.011310710645219893,-0.000258685128018854,0.0016265390015116187,-0.008177589247232907,0.012382166915299362,-0.2547262550323193,0.24969564349768542,0.0,0.0,0.014008705916810981,-0.013208200781866797
8.899999999999984,0.0,403.0,405.15595150314664,405.0156498481073,0.5609491631380833,PILOT_DESC_ADD_SLACK_MINPAY_ACC,caténaire,,0.008337781180859672,0.25502702417647527,0.25502702417647527,0.18710525094057778,-0.9823398724832783,0.04837495810597182,-0.9988292463821058,29.982790087766624,-402.2235551540691,0.0,-2.0,-0.012336921610427654,0.2547284503652599,0.001092796035437059,10.57407165419663,8.829000000000008,-0.011244125574990594,-0.00019989543811860244,0.001560042640132376,-0.008190534901999167,0.012336921610427654,-0.2547284503652599,0.24973021930905182,0.0,5.551115123125783e-17,0.013896964250560029,-0.013188765958207171
8.999999999999984,0.0,403.0,405.2105026831423,405.2930183830405,0.5455117999566955,PILOT_DESC_ADD_SLACK_MINPAY_ACC,caténaire,,0.008337781180859672,0.25502702417647527,0.25502702417647527,0.2223900343668232,-0.9749577799137372,0.04820453722377216,-0.9988374855756275,29.98240247338762,-402.2520993712677,0.0,-2.0,-0.012293459679982745,0.2547305515822653,0.0011142162289105681,10.574115369870986,8.829000000000008,-0.011179243451072176,-0.00015407854675686394,0.001854239443354434,-0.008128984629497484,0.012293459679982745,-0.2547305515822653,0.24976384359148765,0.0,2.7755575615628914e-17,0.014147699123337179,-0.013095692620275101
9.099999999999984,0.0,403.0,405.2636278669299,404.47004111278835,0.5312518378758881,PILOT_DESC_ADD_SLACK_MINPAY_ACC,caténaire,,0.008337781180859672,0.25502702417647527,0.25502702417647527,0.20462210824536722,-0.9788410457358341,0.048107312874222305,-0.9988421729422631,29.982011135967326,-402.28064363397397,0.0,-2.0,-0.012268664843439551,0.2547317469874296,0.0011357231458844514,10.57414908622722,8.829000000000008,-0.011132941697555099,-0.00011916678535861536,0.0017060943633160535,-0.008161362450189238,0.012268664843439551,-0.2547317469874296,0.24979658891769815,0.0,-5.551115123125783e-17,0.013974759206755605,-0.013096520519920746
9.199999999999983,0.0,403.0,405.31544400419295,405.0110142171651,0.5181613726311254,PILOT_DESC_ADD_SLACK_MINPAY_ACC,caténaire,,0.008337781180859672,0.25502702417647527,0.25502702417647527,0.1832932361196975,-0.9830582839245946,0.04800755854518506,-0.998846972424971,29.981616092348986,-402.3091879318203,0.0,-2.0,-0.012243224793756462,0.2547329709852222,0.0011573369582619972,10.574175121356067,8.829000000000008,-0.011085887835494464,-9.190765871913698e-05,0.001528258894697682,-0.00819652485939469,0.012243224793756462,-0.2547329709852222,0.24982852737318534,0.0,-5.551115123125783e-17,0.013771483688454144,-0.013100968471431607
9.299999999999983,0.0,403.0,405.36606403788534,405.29708970264414,0.5062003369243361,PILOT_DESC_ADD_SLACK_MINPAY_ACC,caténaire,,0.008337781180859672,0.25502702417647527,0.25502702417647527,0.17671002560039772,-0.9842629561516104,0.04792082612562719,-0.9988511372689314,29.981217357374785,-402.33773225679215,0.0,-2.0,-0.012221105682896994,0.2547340331329836,0.0011790667226933994,10.574195218541133,8.829000000000008,-0.011042038960203594,-7.074832589104574e-05,0.001473369525920227,-0.008206569152818206,0.012221105682896994,-0.2547340331329836,0.24985972857378114,0.0,-5.551115123125783e-17,0.013694475208817222,-0.013080873712020713
9.399999999999983,0.0,403.0,405.4155949982278,405.8121133209437,0.4953096034245169,PILOT_DESC_ADD_SLACK_MINPAY_ACC,caténaire,,0.008337781180859672,0.25502702417647527,0.25502702417647527,0.18283706136400327,-0.9831432291338713,0.0478166036037555,-0.9988561319928917,29.980814945421493,-402.3662766026524,0.0,-2.0,-0.01219452612329189,0.25473530692257174,0.0012009127792102856,10.574210694705272,8.829000000000008,-0.010993613344081605,-5.3998372164798525e-05,0.0015244554094044713,-0.008197233113962,0.01219452612329189,-0.25473530692257174,0.2498902584908242,0.0,-5.551115123125783e-17,0.01371898153269636,-0.013042281545709578
9.499999999999982,0.0,403.0,405.4641369793599,405.68658847807967,0.48541981132117545,PILOT_DESC_ADD_SLACK_MINPAY_ACC,caténaire,,0.008337781180859672,0.25502702417647527,0.25502702417647527,0.1838015960624578,-0.9829633631447782,0.04768353334722889,-0.9988624933630873,29.98040887169229,-402.39482096449166,0.0,-2.0,-0.012160589611763507,0.2547369292438824,0.0012228677982333567,10.57422253347963,8.829000000000008,-0.01093772181353015,-4.053727649555583e-05,0.0015324974886615319,-0.008195733430703062,0.012160589611763507,-0.2547369292438824,0.2499201788203883,0.0,0.0,0.01369308710042504,-0.013012483854197177
9.599999999999982,0.0,403.0,405.5117827027551,405.30490154188175,0.4764572339515187,PILOT_DESC_ADD_SLACK_MINPAY_ACC,caténaire,,0.008337781180859672,0.25502702417647527,0.25502702417647527,0.18381070927756674,-0.9829616590462101,0.04758787873912989,-0.9988670551165004,29.9799991545347,-402.4233653383448,0.0,-2.0,-0.012136195101711251,0.25473809261428043,0.001244910194651046,10.574231434559392,8.829000000000008,-0.010891284907060206,-3.0472826335170566e-05,0.0015325734726549642,-0.008195719222302092,0.012136195101711251,-0.25473809261428043,0.24994954671417954,0.0,-2.7755575615628914e-17,0.013668768574366216,-0.012984265122403027
9.699999999999982,0.0,403.0,405.55861746338695,404.60548409560556,0.4683476063182935,PILOT_DESC_ADD_SLACK_MINPAY_ACC,caténaire,,0.008337781180859672,0.25502702417647527,0.25502702417647527,0.19706522272310148,-0.9803903804062413,0.04749452638914547,-0.9988714982234054,29.97958581146227,-402.4519097211554,0.0,-2.0,-0.012112387729694843,0.25473922572661245,0.001267042106803646,10.574238071109798,8.829000000000008,-0.010845345622891198,-2.2703163596204945e-05,0.0016430867054225953,-0.008174280463647014,0.012112387729694843,-0.25473922572661245,0.24997841474635454,0.0,2.7755575615628914e-17,0.013755474435117439,-0.012935091443904867
9.799999999999981,0.0,403.0,405.6047193186346,405.68988525847305,0.46101855247650436,PILOT_DESC_ADD_SLACK_MINPAY_ACC,caténaire,,0.008337781180859672,0.25502702417647527,0.25502702417647527,0.22957908851366238,-0.9732900092558413,0.047409124618569436,-0.9988755552634678,29.979168857498774,-402.48045411064425,0.0,-2.0,-0.012090607970285437,0.2547402603814666,0.0012892761065300183,10.574243019011755,8.829000000000008,-0.010801331863755419,-1.6720606787146153e-05,0.001914180203728131,-0.00811507912269209,0.012090607970285437,-0.2547402603814666,0.2500068310299579,0.0,0.0,0.014004788174013568,-0.01284850847420077
9.89999999999998,0.0,403.0,405.6501594244385,404.89965244896894,0.4544010580394042,PILOT_DESC_ADD_SLACK_MINPAY_ACC,caténaire,,0.008337781180859672,0.25502702417647527,0.25502702417647527,0.18565208973702885,-0.982615541082205,0.04740626570267003,-0.9988756909506448,29.978750103012736,-402.5089985028458,0.0,-2.0,-0.01208987886947124,0.25474029498536355,0.0013004350499820324,10.574245028874833,8.829000000000008,-0.010789443819489208,-1.4676139810987365e-05,0.0015479264999966702,-0.008192833366455453,0.01208987886947124,-0.25474029498536355,0.2500348394241226,0.0,0.0,0.01363780536946791,-0.0128982889276964
9.99999999999998,0.0,403.0,405.6950024580718,405.67141633742045,0.44843033633319535,PILOT_DESC_ADD_SLACK_MINPAY_ACC,caténaire,,1.2416622188191357,0.49497297582352384,1.2416622188191357,0.182426978773324,-0.9832194045154098,0.04731121774996723,-0.9988801973585296,29.978327752045423,-402.53754289993947,0.0,-2.0,-0.023417774239536,0.4944187037777402,0.0013228685983977997,10.574248653392559,8.829000000000008,-0.022094905641138203,0.23966735717029053,0.22651268723615686,-1.2208263873966332,0.023417774239536,-0.4944187037777402,0.2500624797946569,0.0,5.551115123125783e-17,0.24993046147569287,-1.4651826113797164
10.09999999999998,0.0,403.0,405.7393070709936,405.7891100211063,0.44304612921803765,PILOT_DESC_ADD_SLACK_MINPAY_ACC,caténaire,,1.8624933282287015,0.49698378549411426,1.8624933282287015,0.1886926828046944,-0.9820361864289763,0.04724809354990993,-0.9988831851902897,29.97790182015462,-402.5660873003339,0.0,-2.0,-0.02348153638981428,0.4964287466422886,0.0013453957070697496,10.574251098937927,8.829000000000008,-0.02213614068274453,0.24167984558020805,0.35143886280931796,-1.8290358453031257,0.02348153638981428,-0.4964287466422886,0.2500897882931753,0.0,5.551115123125783e-17,0.3749203991991322,-2.075374803652239
10.19999999999998,0.0,403.0,405.78312635884544,405.83738072996823,0.43819287851800603,PILOT_DESC_ADD_SLACK_MINPAY_ACC,caténaire,,2.7937399923430486,0.49819027129646865,2.7937399923430486,0.19852962089841064,-0.9800948880725445,0.04720767173106587,-0.9988850963598025,29.97746854121923,-402.59455181030114,0.0,-2.0,-0.023518402786974337,0.49763483714948925,0.0013922103954808768,10.515143236575161,8.829000000000008,-0.02212619239149346,0.1837780737246426,0.5546401415685941,-2.7381302850992517,0.023518402786974337,-0.49763483714948925,0.25011679764679484,0.0,-5.551115123125783e-17,0.5781585443555685,-2.9856483246019465
10.29999999999998,0.0,403.0,405.8265059256518,405.4885366066247,0.4337956680638037,PILOT_DESC_ADD_SLACK_MINPAY_ACC,caténaire,,4.190609988514568,0.49891416277788114,4.190609988514568,0.21036634050383068,-0.9776226280027618,0.04715109611678336,-0.9988877685380805,29.977027905871505,-402.622955462624,0.0,-2.0,-0.023524349643164372,0.49835925474924236,0.001439886923678625,10.470228164390964,8.829000000000008,-0.022084462719485748,0.13958741914019868,0.8815632877626096,-4.096835149906235,0.023524349643164372,-0.49835925474924236,0.25014353596494593,0.0,0.0,0.905087637405774,-4.3450508686905325
10.399999999999979,0.0,403.0,405.8694858569852,405.1473889862749,0.4297993133339083,PILOT_DESC_ADD_SLACK_MINPAY_ACC,caténaire,,6.285914982771844,0.5010858372221189,6.285914982771844,0.22166912946728098,-0.9751219395753629,0.047084213977622164,-0.9988909233715709,29.97657992041363,-402.651312826836,0.0,-2.0,-0.023593232780922194,0.500530094631219,0.0014883242369849478,10.436130283333029,8.829000000000008,-0.022104908543937245,0.10766037796424044,1.3933933021363734,-6.129533610006314,0.023593232780922194,-0.500530094631219,0.25017002795559284,0.0,5.551115123125783e-17,1.4169865349172956,-6.37989367668194
10.499999999999979,0.0,403.0,405.91214057257076,406.0638993530346,0.4265471558556223,PILOT_DESC_ADD_SLACK_MINPAY_ACC,caténaire,,7.476730129588536,0.49891416277788114,7.476730129588536,0.23038474859731647,-0.9730996185456818,0.04701503006094532,-0.9988941820575231,29.97612460073677,-402.6796350273439,0.0,-2.0,-0.023456464360833446,0.4983624545449255,0.001537455516334082,10.410264306042812,8.829000000000008,-0.021919008844499363,0.07962676058773077,1.7225245912352363,-7.275603237071611,0.023456464360833446,-0.4983624545449255,0.25019631948960147,0.0,5.551115123125783e-17,1.7459810555960698,-7.523769372126934
10.599999999999978,0.0,403.0,405.95456136991186,405.5932994330213,0.42420797341121275,PILOT_DESC_ADD_SLACK_MINPAY_ACC,caténaire,,6.293255385355598,0.5010858372221189,6.293255385355598,0.23542647680031378,-0.971892161724433,0.04694194068017061,-0.9988976194811855,29.97566194068985,-402.7079299625073,0.0,-2.0,-0.02352194164655433,0.5005334499569113,0.0015874268298286902,10.390230352874148,8.829000000000008,-0.021934514816725637,0.06176380283105232,1.4815989429788696,-6.116365580757183,0.02352194164655433,-0.5005334499569113,0.25022246684097066,0.0,0.0,1.505120884625424,-6.366676563873124
10.699999999999978,0.0,403.0,405.9967764481763,405.9305149085221,0.4221507826446867,PILOT_DESC_ADD_SLACK_MINPAY_ACC,caténaire,,7.334523204354037,0.49891416277788114,7.334523204354037,0.23686792292076667,-0.9715418606993739,0.04687423549046062,-0.9989007989020656,29.97519200311886,-402.7362050328299,0.0,-2.0,-0.023386219955576402,0.4983657557823807,0.0016377592337802783,10.375646271480091,8.829000000000008,-0.021748460721796124,0.045012027262464116,1.7373132770295066,-7.125796321300855,0.023386219955576402,-0.4983657557823807,0.25024848739111694,0.0,-5.551115123125783e-17,1.7606994969850829,-7.373913589692118
10.799999999999978,0.0,403.0,406.03884037242796,405.1698296621297,0.42063924251616713,PILOT_DESC_ADD_SLACK_MINPAY_ACC,caténaire,,6.410600456090165,0.5010858372221189,6.410600456090165,0.2342767092440315,-0.9721699560806164,0.046804409653035686,-0.9989040730906199,29.974714782129105,-402.7644643760476,0.0,-2.0,-0.02345302679667841,0.5005366837691979,0.0016889188986301668,10.364107237713947,8.829000000000008,-0.02176410789804824,0.03564392148313722,1.5018543791310912,-6.232193163847556,0.02345302679667841,-0.5005366837691979,0.25027441477288037,0.0,-5.551115123125783e-17,1.5253074059277696,-6.4824554328438735
10.899999999999977,0.0,403.0,406.0807638493559,405.8213984604445,0.4192347692793774,PILOT_DESC_ADD_SLACK_MINPAY_ACC,caténaire,,7.26936538424343,0.49891416277788114,7.26936538424343,0.22809501209416974,-0.9736388783618701,0.04673602013912596,-0.9989072751870192,29.97423034031803,-402.7927125610563,0.0,-2.0,-0.02331726235928222,0.4983689868926662,0.0017404155674434342,10.355924312670888,8.829000000000008,-0.021576846791838786,0.025293299563546867,1.6581059852359439,-7.077736759117378,0.02331726235928222,-0.4983689868926662,0.2503002555856552,0.0,0.0,1.6814232475952262,-7.325805490424389
10.999999999999977,0.0,403.0,406.1225832511346,405.3663889333067,0.41819401778710724,PILOT_DESC_ADD_SLACK_MINPAY_ACC,caténaire,,6.36988639521904,0.5010858372221189,6.36988639521904,0.2191158487086491,-0.9756988494636489,0.0466789955086258,-0.9989099415754683,29.973738672392884,-402.8209515918647,0.0,-2.0,-0.023390183545127285,0.5005396243838414,0.0017927241773504148,10.349213450013727,8.829000000000008,-0.02159745936777687,0.020753074397561022,1.3957430636660975,-6.215090827029368,0.023390183545127285,-0.5005396243838414,0.2503260322485398,0.0,-5.551115123125783e-17,1.4191332472112248,-6.465304419164669
11.099999999999977,0.0,403.0,406.1642973406578,405.10118797672254,0.41714089523202175,PILOT_DESC_ADD_SLACK_MINPAY_ACC,caténaire,,7.446304683633733,0.49891416277788114,7.446304683633733,0.20921675098999945,-0.9778692914215009,0.046612898406173484,-0.9989130280971291,29.97323983910514,-402.849184428084,0.0,-2.0,-0.023255835182966474,0.49837185710099724,0.0018453577566920397,10.344673485936841,8.829000000000008,-0.021410477426274433,0.014045343037830449,1.5578916727914653,-7.2815126846935225,0.023255835182966474,-0.49837185710099724,0.2503517439990059,0.0,0.0,1.5811475079744317,-7.529532797795514
11.199999999999976,0.0,403.0,406.20594058968635,406.0561090586533,0.4164324902854632,PILOT_DESC_ADD_SLACK_MINPAY_ACC,caténaire,,6.206385565195825,0.5010858372221189,6.206385565195825,0.20078776736639614,-0.979634764836374,0.04654708563536723,-0.9989160969865556,29.97273383524891,-402.8774118594177,0.0,-2.0,-0.023324085375847653,0.5005427087731595,0.0018987919170898233,10.340713102712602,8.829000000000008,-0.02142529345875783,0.01225581148575472,1.2461663010506985,-6.079991063644479,0.023324085375847653,-0.5005427087731595,0.250377412084774,0.0,-5.551115123125783e-17,1.269490386426546,-6.3301563603328646
11.299999999999976,0.0,403.0,406.2474994659103,405.9561365795621,0.41558876223983265,PILOT_DESC_ADD_SLACK_MINPAY_ACC,caténaire,,7.241416070573061,0.49891416277788114,7.241416070573061,0.19560517131754784,-0.9806827300171207,0.04649668257139644,-0.9989184443736409,29.972220723323233,-402.90563592858774,0.0,-2.0,-0.023197853457057153,0.49837455935805847,0.0019525130187877447,10.338249888934298,8.829000000000008,-0.02124534043826941,0.007624448292348873,1.4164584310660877,-7.1015316812794405,0.023197853457057153,-0.49837455935805847,0.25040302816479243,0.0,0.0,1.4396562845231449,-7.349503212472706
11.399999999999975,0.0,403.0,406.28899891016897,406.44898999135916,0.4149944425864363,PILOT_DESC_ADD_SLACK_MINPAY_ACC,caténaire,,6.384471019254748,0.5010858372221189,6.384471019254748,0.1946708083387925,-0.9808686336001988,0.04645708890004703,-0.9989202865549048,29.971700495958856,-402.93385673316646,0.0,-2.0,-0.02327898928638247,0.5005448081065234,0.002007040362948313,10.33585844007259,8.829000000000008,-0.021271948923434158,0.007403248179105759,1.2428701341339161,-6.262327364916473,0.02327898928638247,-0.5005448081065234,0.2504286076121076,0.0,0.0,1.2661491234202986,-6.512443565410889
11.499999999999975,0.0,403.0,406.33043059680017,405.550420242576,0.4143168663117099,PILOT_DESC_ADD_SLACK_MINPAY_ACC,caténaire,,7.227480072223125,0.49891416277788114,7.227480072223125,0.19854629179161123,-0.9800915110415966,0.046414803337859606,-0.9989222522454426,29.97117321157473,-402.96207579310567,0.0,-2.0,-0.023157002747808228,0.4983764591592304,0.0020618617420538167,10.33458053251623,8.829000000000008,-0.021095141005754412,0.003956991675451604,1.4349893673376681,-7.083591865008191,0.023157002747808228,-0.4983764591592304,0.250454145294944,0.0,5.551115123125783e-17,1.4581463700854764,-7.331514178872477
11.599999999999975,0.0,403.0,406.3718165362457,406.5104610158217,0.41385939445530073,PILOT_DESC_ADD_SLACK_MINPAY_ACC,caténaire,,6.413460072573243,0.5010858372221189,6.413460072573243,0.20613232825634892,-0.978524125020746,0.04636302584575453,-0.9989246567356448,29.970638861877653,-402.99029281093635,0.0,-2.0,-0.023231855622070644,0.5005469979421983,0.0021174875044480948,10.333084836247364,8.829000000000008,-0.02111436811762255,0.004631834189554596,1.322021456938655,-6.275725405870223,0.023231855622070644,-0.5005469979421983,0.25047965478010814,0.0,5.551115123125783e-17,1.3452533125607258,-6.5257927490323135
11.699999999999974,0.0,403.0,406.4131474705941,406.23310508395946,0.413309343483645,PILOT_DESC_ADD_SLACK_MINPAY_ACC,caténaire,,7.293339934293877,0.49891416277788114,7.293339934293877,0.21500297754614417,-0.9766133931327649,0.04629771202402623,-0.998927686002015,29.97009750761967,-403.01850900793534,0.0,-2.0,-0.023098584232998487,0.49837917013734145,0.0021733658324315864,10.33248366710256,8.829000000000008,-0.0209252184005669,0.0018628372398943327,1.5680898021293832,-7.12277346050144,0.023098584232998487,-0.49837917013734145,0.2505051303612042,0.0,5.551115123125783e-17,1.5911883863623817,-7.3706475002775775
11.799999999999974,0.0,403.0,406.45444557428084,405.47492454289386,0.41298103686744814,PILOT_DESC_ADD_SLACK_MINPAY_ACC,caténaire,,6.339664939202111,0.5010858372221189,6.339664939202111,0.22296598444300056,-0.9748262254275701,0.04623473561950301,-0.9989306028059179,29.96954914477437,-403.0467238608733,0.0,-2.0,-0.023167571206641986,0.5005499774337993,0.0022300046237480804,10.331499327684208,8.829000000000008,-0.020937566582893904,0.003049305117999168,1.413529634207974,-6.180071643157899,0.023167571206641986,-0.5005499774337993,0.25053058570612136,0.0,0.0,1.4366972054146159,-6.430091034885577
11.899999999999974,0.0,403.0,406.49569713658275,405.5792035407317,0.4125156230189186,PILOT_DESC_ADD_SLACK_MINPAY_ACC,caténaire,,7.204977426999038,0.49891416277788114,7.204977426999038,0.22779645978644297,-0.9737087721227345,0.04617751620431966,-0.9989332495203069,29.968993836209137,-403.07493842049365,0.0,-2.0,-0.023038616836240183,0.4983819458554122,0.002286854141032883,10.331284519153892,8.829000000000008,-0.0207517626952073,0.0006664650092957913,1.6412683507116157,-7.015549723615253,0.023038616836240183,-0.4983819458554122,0.2505560123638374,0.0,0.0,1.664306967547856,-7.2633756571068275
11.999999999999973,0.0,403.0,406.53692085165204,406.17848095449835,0.41223715069268047,PILOT_DESC_ADD_SLACK_MINPAY_ACC,caténaire,,6.317848821428248,0.5010858372221189,6.317848821428248,0.22981492339246518,-0.9732343504963823,0.045833843610367374,-0.9989490771705536,29.968431576962164,-403.1031520348397,0.0,-2.0,-0.0229666898986086,0.5005592346762698,0.00234446057733984,10.33059227131626,8.829000000000008,-0.02062222932126876,0.002151505992522118,1.4519359429017091,-6.148747494257055,0.0229666898986086,-0.5005592346762698,0.2505814218570629,0.0,0.0,1.4749026328003176,-6.398725307076262
12.099999999999973,0.0,403.0,406.57810267514316,405.44642190859184,0.4118182349110273,PILOT_DESC_ADD_SLACK_MINPAY_ACC,caténaire,,7.3458680445068065,0.49891416277788114,7.3458680445068065,0.23292570292707443,-0.9724945331033632,0.04573779901621218,-0.9989534792677548,29.96786247681748,-403.1313656551478,0.0,-2.0,-0.022819235703476496,0.4983920387629233,0.0024018568122232786,10.330596637422016,8.829000000000008,-0.020417378891253217,-1.1323815069630427e-05,1.7110414778762817,-7.143816514181562,0.022819235703476496,-0.4983920387629233,0.2506068055291374,0.0,1.1102230246251565e-16,1.7338607135797581,-7.391601747415349
12.199999999999973,0.0,403.0,406.61926584192884,406.26080472704086,0.411631667856939,PILOT_DESC_ADD_SLACK_MINPAY_ACC,caténaire,,6.287638879892109,0.5010858372221189,6.287638879892109,0.2353233588583527,-0.9719171347268362,0.046067543829437924,-0.9989383271281179,29.96728653777063,-403.1595785560966,0.0,-2.0,-0.023083793768540556,0.5005538479822558,0.0024599301066552154,10.330069848150877,8.829000000000008,-0.02062386366188534,0.0016236961331248523,1.4796283005045816,-6.111063964341792,0.023083793768540556,-0.5005538479822558,0.25063217770158286,0.0,0.0,1.5027120942731222,-6.360985634622465
12.299999999999972,0.0,403.0,406.6603937666002,405.5624942370341,0.4112792467134637,PILOT_DESC_ADD_SLACK_MINPAY_ACC,caténaire,,7.436522587017626,0.49891416277788114,7.436522587017626,0.23177115453726715,-0.9727703387359539,0.04602511390824032,-0.9989402829447482,29.96670375745046,-403.18779163893635,0.0,-2.0,-0.022962581172286334,0.49838545493047876,0.0025187175980897905,10.330203046223966,8.829000000000008,-0.020443863574196544,-0.00041149884556368477,1.72357142573554,-7.234028595990708,0.022962581172286334,-0.49838545493047876,0.25065752815147696,0.0,5.551115123125783e-17,1.7465340069078263,-7.48175652276971
12.399999999999972,0.0,403.0,406.70151151488096,405.5972057445663,0.41117748280782324,PILOT_DESC_ADD_SLACK_MINPAY_ACC,caténaire,,6.194045079109217,0.5010858372221189,6.194045079109217,0.22455664315247437,-0.9744610377106375,0.04595749067919032,-0.9989433963195673,29.96611412919191,-403.21600413581797,0.0,-2.0,-0.023028647693609804,0.5005563880822973,0.002578257560000227,10.329773954275455,8.829000000000008,-0.020450390133609577,0.0013303423577433193,1.3909139704998683,-6.035855595415235,0.023028647693609804,-0.5005563880822973,0.2506828723288427,0.0,-1.1102230246251565e-16,1.4139426181934782,-6.28572911116869
12.499999999999972,0.0,403.0,406.74259787691744,406.478458226094,0.41086362036470503,PILOT_DESC_ADD_SLACK_MINPAY_ACC,caténaire,,7.4410528574222585,0.49891416277788114,7.4410528574222585,0.21504028630557212,-0.9766051788033984,0.04588571161388192,-0.9989466960101964,29.965517717404886,-403.24421691237876,0.0,-2.0,-0.022893031393307197,0.49838865449965764,0.0026379232581182506,10.329978759751757,8.829000000000008,-0.020255108135188948,-0.0006325857485922626,1.600126136874978,-7.266970756308403,0.022893031393307197,-0.49838865449965764,0.25070819716034004,0.0,-5.551115123125783e-17,1.623019168268285,-7.514651213647721
12.599999999999971,0.0,403.0,406.78367783614107,405.5248045692794,0.4107995922360753,PILOT_DESC_ADD_SLACK_MINPAY_ACC,caténaire,,6.29936132315105,0.5010858372221189,6.29936132315105,0.20537612842752506,-0.9786831182114673,0.045824289636091906,-0.9989495154808113,29.964914520698873,-403.27242917667246,0.0,-2.0,-0.022961902537409977,0.5005594543073323,0.002698283909732322,10.329603634663698,8.829000000000008,-0.020263618627677654,0.0011630889710225745,1.2937384401148542,-6.165078582482184,0.022961902537409977,-0.5005594543073323,0.2507335180452686,0.0,5.551115123125783e-17,1.316700342652264,-6.4149045187442475
12.69999999999997,0.0,403.0,406.8247330435784,405.6117800545912,0.41055207437329244,PILOT_DESC_ADD_SLACK_MINPAY_ACC,caténaire,,7.4309285067972795,0.49891416277788114,7.4309285067972795,0.1990462802620426,-0.9799900909263544,0.04576034377385388,-0.9989524467849803,29.96430460262513,-403.3006417764009,0.0,-2.0,-0.022830483602360334,0.49839152364264433,0.002758752420319782,10.329849267432847,8.829000000000008,-0.02007173118204055,-0.0007592089245171962,1.479098678171173,-7.282236303043504,0.022830483602360334,-0.49839152364264433,0.2507588236736793,0.0,-5.551115123125783e-17,1.5019291617735333,-7.52986900301247
12.79999999999997,0.0,403.0,406.86578662457805,405.80580844801005,0.41053580999644457,PILOT_DESC_ADD_SLACK_MINPAY_ACC,caténaire,,6.169127941227793,0.5010858372221189,6.169127941227793,0.19710090545166092,-0.980383207256293,0.04569728811944965,-0.9989553332649702,29.963687960848805,-403.3288539060658,0.0,-2.0,-0.02289826387611481,0.5005623695165784,0.002819912347576777,10.329505049249216,8.829000000000008,-0.020078351528538034,0.0010674187657855327,1.2159407030631388,-6.048109436995316,0.02289826387611481,-0.5005623695165784,0.2507841282995855,0.0,5.551115123125783e-17,1.2388389669392537,-6.297887678212309
12.89999999999997,0.0,403.0,406.90681531441874,405.7164616737065,0.41028689840686444,PILOT_DESC_ADD_SLACK_MINPAY_ACC,caténaire,,7.479554381502245,0.49891416277788114,7.479554381502245,0.19962593983696758,-0.9798721774518385,0.045677568690510234,-0.998956235136717,29.963064659368513,-403.35706640305966,0.0,-2.0,-0.02278918594095507,0.49839341370497936,0.002881151117241455,10.329774036485821,8.829000000000008,-0.019908034823713616,-0.000832549809206995,1.4931130729690945,-7.329007238172045,0.02278918594095507,-0.49839341370497936,0.25080941758306724,0.0,0.0,1.5159022589100495,-7.576591234293957
12.99999999999997,0.0,403.0,406.94784451258585,405.5587372795663,0.4102919816713184,PILOT_DESC_ADD_SLACK_MINPAY_ACC,caténaire,,5.91948496502782,0.5010858372221189,5.94253736518996,0.18986993417552753,-0.9818092523989477,0.04524221869948566,-0.9989760465832741,29.962434688811012,-403.38527845443423,0.0,-2.0,-0.022670235034817972,0.5005727486670223,0.002943135291007439,10.329447719354826,8.829000000000008,-0.019727099743810532,0.001020468021840415,1.123932220662857,-5.811805108100775,0.022670235034817972,-0.5005727486670223,0.25083470717987144,0.0,0.0,1.146602455697675,-6.061543149587926
13.09999999999997,0.0,403.0,406.98884337581643,405.5981362805612,0.40998863230557636,PILOT_DESC_ADD_SLACK_MINPAY_ACC,caténaire,,7.525542490200198,0.49891416277788114,7.525542490200198,0.20088036393634914,-0.9796157815106898,0.0456547661124496,-0.9989572775305346,29.961798175304054,-403.41349088880304,0.0,-2.0,-0.02277780941181277,0.49839393377001817,0.003004588280707748,10.329728177221872,8.829000000000008,-0.019773221131105023,-0.0008778890081178048,1.511733714249875,-7.372140187829371,0.02277780941181277,-0.49839393377001817,0.250859978078813,0.0,-5.551115123125783e-17,1.5345115236616877,-7.619674143520576
13.199999999999969,0.0,403.0,407.0298415620963,405.8312709469562,0.4099818627986831,PILOT_DESC_ADD_SLACK_MINPAY_ACC,caténaire,,6.113296132881006,0.5010858372221189,6.127881709924568,0.2081619842780229,-0.9780943657446535,0.04514601823094827,-0.998980398725566,29.96115503767429,-403.44170289266486,0.0,-2.0,-0.022622030342499756,0.5005749294638864,0.0030674504962443176,10.329412927133117,8.829000000000008,-0.019554579846255436,0.0009878565969945186,1.2725558534996741,-5.97938050369949,0.022622030342499756,-0.5005749294638864,0.25088524856049527,0.0,-5.551115123125783e-17,1.295177883842174,-6.2290701846028815
13.299999999999969,0.0,403.0,407.07081538182763,405.7565291046702,0.40973819731313565,PILOT_DESC_ADD_SLACK_MINPAY_ACC,caténaire,,7.640850328827234,0.49891416277788114,7.640850328827234,0.22013892027771687,-0.9754685314139874,0.04549033006835165,-0.998964779093974,29.960505414532058,-403.46991529039457,0.0,-2.0,-0.02269576994054114,0.498397676406261,0.0031296278428482012,10.329701347082155,8.829000000000008,-0.01956614209769294,-0.0009009765115912671,1.6820485413916653,-7.4534090490151845,0.02269576994054114,-0.498397676406261,0.25091050402311277,0.0,5.551115123125783e-17,1.7047443113322065,-7.700896221398333
13.399999999999968,0.0,403.0,407.11179646611447,405.92613462110774,0.4098108428682003,PILOT_DESC_ADD_SLACK_MINPAY_ACC,caténaire,,6.122832411189311,0.5010858372221189,6.138324012513736,0.2284797019639957,-0.9735486766415142,0.04548638037338194,-0.9989649589452716,29.9598492364124,-403.4981272653077,0.0,-2.0,-0.022792580991599847,0.500567192808651,0.003193105078515723,10.329391728853597,8.829000000000008,-0.019599475913084124,0.0009589216622405417,1.3989429244840268,-5.960875391211125,0.022792580991599847,-0.500567192808651,0.25093576396346046,0.0,5.551115123125783e-17,1.4217355054756267,-6.210506820056316
13.499999999999968,0.0,403.0,407.1527589574228,405.8194244206044,0.4096249130832801,PILOT_DESC_ADD_SLACK_MINPAY_ACC,caténaire,,7.3539437766010485,0.49891416277788114,7.3539437766010485,0.23278920734012842,-0.9725272155297017,0.04541996894125491,-0.9989679806787481,29.959186558061305,-403.52633964372245,0.0,-2.0,-0.02266066577772356,0.4983992737222482,0.0032566814994218684,10.329687203124251,8.829000000000008,-0.01940398427830169,-0.0009135231535086774,1.7119187425788285,-7.151910464219796,0.02266066577772356,-0.4983992737222482,0.25096101244345914,0.0,-5.551115123125783e-17,1.734579408356552,-7.3993487254985855
13.599999999999968,0.0,403.0,407.1937240548281,406.19056856854036,0.4096509740533742,PILOT_DESC_ADD_SLACK_MINPAY_ACC,caténaire,,5.910676052882445,0.5010858372221189,5.917914532285293,0.23343307872529764,-0.9723728697145086,0.045384656239303725,-0.9989695856121147,29.958517378836323,-403.55455160350056,0.0,-2.0,-0.022741608468709568,0.5005695111658797,0.0033208909934517275,10.329380645938809,8.829000000000008,-0.01942071747525784,0.0009501571046808266,1.3797473083722394,-5.7473810354941275,0.022741608468709568,-0.5005695111658797,0.2509862625298051,0.0,0.0,1.402488916840949,-5.996964284130202
13.699999999999967,0.0,403.0,407.23466171113097,407.0095822254001,0.4093765630286377,PILOT_DESC_ADD_SLACK_MINPAY_ACC,caténaire,,7.563069869080472,0.49891416277788114,7.563069869080472,0.22849672011293176,-0.9735446825378035,0.04531530300113115,-0.9989727340192601,29.957841758892418,-403.5827639697052,0.0,-2.0,-0.022608446457835354,0.4984016452311501,0.003385124480596946,10.329678261881103,8.829000000000008,-0.019223321977238406,-0.0009200928877550751,1.7281366590698282,-7.362986454705175,0.022608446457835354,-0.4984016452311501,0.25101149570199127,0.0,-5.551115123125783e-17,1.7507451055276635,-7.610376604234333
13.799999999999967,0.0,403.0,407.27560339006226,406.0900667153508,0.40941678931262643,PILOT_DESC_ADD_SLACK_MINPAY_ACC,caténaire,,6.024418875663073,0.5010858372221189,6.039584718596847,0.22086953735005094,-0.9753033617653405,0.045246542754599856,-0.9989758507435283,29.957159698371157,-403.6109759194596,0.0,-2.0,-0.022672401757595065,0.5005726505344994,0.003449971809372439,10.329373305880518,8.829000000000008,-0.019222429948222625,0.0009459564150091637,1.330610609870617,-5.875635982116768,0.022672401757595065,-0.5005726505344994,0.251036731353647,0.0,0.0,1.353283011628212,-6.1251719012976205
13.899999999999967,0.0,403.0,407.31652260736826,407.3967431389617,0.4091921730602093,PILOT_DESC_ADD_SLACK_MINPAY_ACC,caténaire,,7.540721442873394,0.49891416277788114,7.540721442873394,0.2133341634579591,-0.9769792908253955,0.04517570249694472,-0.9989790567894342,29.956471263126833,-403.63918827704526,0.0,-2.0,-0.02253879778916581,0.4984047997507379,0.0035147619230170546,10.32967195040299,8.829000000000008,-0.019024035866148755,-0.0009232498462807825,1.60869350088489,-7.367128687570302,0.02253879778916581,-0.4984047997507379,0.2510619531603954,0.0,0.0,1.6312322986740557,-7.614471534160645
13.999999999999966,0.0,403.0,407.35744883951025,407.04015965995575,0.4092623214198701,PILOT_DESC_ADD_SLACK_MINPAY_ACC,caténaire,,5.866007008816628,0.5010858372221189,6.003493461136356,0.2064454005729446,-0.978458122038075,0.04442442345896149,-0.9990127479668809,29.955776453834915,-403.6674002192285,0.0,-2.0,-0.022260449422043655,0.5005911392105541,0.0035801478050388087,10.329367761763342,8.829000000000008,-0.018680301617004846,0.0009589009738881771,1.2110101666988493,-5.739642201708904,0.022260449422043655,-0.5005911392105541,0.25108717929095187,0.0,-5.551115123125783e-17,1.233270616120893,-5.989146161628506
14.099999999999966,0.0,403.0,407.3983501787719,406.047369349024,0.4090133926167235,PILOT_DESC_ADD_SLACK_MINPAY_ACC,caténaire,,7.765960013491224,0.49891416277788114,7.765960013491224,0.2061168744763657,-0.9785273803303074,0.04500795560983856,-0.998986628505018,29.955075449934252,-403.6956125649549,0.0,-2.0,-0.02245510649142664,0.4984085773868792,0.0036442703722037524,10.32966326607766,8.829000000000008,-0.01881083611922289,-0.0009281565354690713,1.600695405289246,-7.599204507751486,0.02245510649142664,-0.4984085773868792,0.2511123900780227,0.0,-5.551115123125783e-17,1.6231505117806726,-7.846500695060342
14.199999999999966,0.0,403.0,407.439264267563,407.4214121329634,0.409140887910585,PILOT_DESC_ADD_SLACK_MINPAY_ACC,caténaire,,5.772271088920384,0.5010858372221189,5.907977502090758,0.21004927250162028,-0.9776908013894475,0.045060223837574104,-0.9989842722624355,29.95436814317401,-403.7238244969089,0.0,-2.0,-0.022579039987066896,0.5005768704383516,0.003710097638493344,10.329360271194831,8.829000000000008,-0.01886894234857355,0.0009371416331749316,1.212461342909862,-5.643496346763709,0.022579039987066896,-0.5005768704383516,0.2511376087236546,0.0,5.551115123125783e-17,1.235040382896929,-5.892935608478406
14.299999999999965,0.0,403.0,407.4801546016535,407.44632551669997,0.40890334090527436,PILOT_DESC_ADD_SLACK_MINPAY_ACC,caténaire,,7.7831615563289045,0.49891416277788114,7.7831615563289045,0.21734279114070387,-0.9760953391647602,0.04503494015436008,-0.998985412388636,29.953654579385027,-403.75203683963855,0.0,-2.0,-0.022468569462864543,0.4984079706491927,0.0037760290514877713,10.329661071634714,8.829000000000008,-0.01869254041137677,-0.0009309577161005222,1.6916140565515487,-7.597107719098985,0.022468569462864543,-0.4984079706491927,0.25116281272735286,0.0,-5.551115123125783e-17,1.7140826260144133,-7.844352877020825
14.399999999999965,0.0,403.0,407.5210592217134,406.13463450918744,0.4090462005991101,PILOT_DESC_ADD_SLACK_MINPAY_ACC,caténaire,,5.794554495201121,0.5010858372221189,5.946851332346088,0.22482850966851547,-0.9743983483361588,0.04497662238401951,-0.9989880396876257,29.95293475214883,-403.78024876953043,0.0,-2.0,-0.022537148482719507,0.5005787582417572,0.0038426096697757013,10.329358761176799,8.829000000000008,-0.018694538812943806,0.0009375194185476943,1.302781051349065,-5.646204329467836,0.022537148482719507,-0.5005787582417572,0.25118802553664377,0.0,0.0,1.3253181998317844,-5.89559506217295
14.499999999999964,0.0,403.0,407.5619419809024,406.38489561254454,0.4088275918898993,PILOT_DESC_ADD_SLACK_MINPAY_ACC,caténaire,,7.727558992469241,0.49891416277788114,7.727558992469241,0.22978706355450126,-0.9732409287648149,0.044926112046340096,-0.9989903124937698,29.95220872595789,-403.80846111007475,0.0,-2.0,-0.02241427357846505,0.498410415381043,0.00390907764596095,10.329659471351109,8.829000000000008,-0.018505195932504097,-0.0009301132678558588,1.7756930893236873,-7.520776690915662,0.02241427357846505,-0.498410415381043,0.2512132248713206,0.0,5.551115123125783e-17,1.7981073629021525,-7.767973881425385
14.599999999999964,0.0,403.0,407.6028387517846,406.3215713590655,0.40896770882180816,PILOT_DESC_MINPAY_ACC,caténaire,,5.937217628192843,0.5010858372221189,5.990616606402438,0.23136496514422134,-0.9728670273494797,0.04488173813593468,-0.9989923070684267,29.951476498846677,-403.83667303749627,0.0,-2.0,-0.022489603329828727,0.5005808965658386,0.003976136918419649,10.32935695221056,8.829000000000008,-0.01851346641140908,0.0009378487763900267,1.3736641496004935,-5.7761232646669,0.022489603329828727,-0.5005808965658386,0.2512384328425315,0.0,-5.551115123125783e-17,1.3961537529303223,-6.025465728390207
14.699999999999964,0.0,403.0,407.6437179779499,407.4061133345944,0.4087922616532974,PILOT_DESC_MINPAY_ACC,caténaire,,7.646146092538068,0.49891416277788114,7.646146092538068,0.22966963020931278,-0.9732686478868604,0.0448291480482942,-0.9989946683968157,29.950738133069503,-403.86488537546353,0.0,-2.0,-0.022365896866560386,0.49841258860276433,0.004043084699007633,10.329657584227908,8.829000000000008,-0.018322812167552754,-0.0009298271693349847,1.7560875455996,-7.441754269029926,0.022365896866560386,-0.49841258860276433,0.25126362999952145,0.0,0.0,1.7784534424661602,-7.688903227633168
14.799999999999963,0.0,403.0,407.68461157230604,407.54901956145596,0.4089359435612129,PILOT_DESC_MINPAY_ACC,caténaire,,5.90299359812549,0.5010858372221189,5.947793198760338,0.2258887906620682,-0.9741530959008591,0.04478134683295522,-0.9989968122951276,29.949993627236832,-403.89309730020943,0.0,-2.0,-0.022439298669725445,0.500583154071132,0.004110606741077879,10.329354992937839,8.829000000000008,-0.018328691928647566,0.0009381470089628863,1.3334200851664977,-5.750419488696898,0.022439298669725445,-0.500583154071132,0.2512888360127838,0.0,5.551115123125783e-17,1.3558593838362232,-5.999713806755246
14.899999999999963,0.0,403.0,407.72548688897007,406.37597851989295,0.40875316664013106,PILOT_DESC_MINPAY_ACC,caténaire,,7.653743677763632,0.49891416277788114,7.653743677763632,0.22205584309721543,-0.9750339494327286,0.0447345717206355,-0.9989989079538432,29.94924304425702,-403.92130963540495,0.0,-2.0,-0.02231871139722794,0.4984147037778092,0.004177987587871078,10.329655554538357,8.829000000000008,-0.01814072380935686,-0.0009297416838407457,1.6995585052157858,-7.462659926075651,0.02231871139722794,-0.4984147037778092,0.25131403076003345,0.0,0.0,1.7218772166130136,-7.709760599093427
14.999999999999963,0.0,403.0,407.7663764312605,406.2791013125189,0.4088954229041093,PILOT_DESC_MINPAY_ACC,caténaire,,5.927902094842609,0.5010858372221189,5.953663316407088,0.22158621020235764,-0.9751407854500583,0.04468283150708028,-0.9990012235070134,29.9484863819863,-403.94952155734757,0.0,-2.0,-0.022389934035180192,0.5005853644669329,0.004245940264971617,10.32935294017633,8.829000000000008,-0.018143993770208575,0.0009383046432542841,1.3135413596467904,-5.780539104835868,0.022389934035180192,-0.5005853644669329,0.25133923427568156,0.0,0.0,1.3359312936819707,-6.02978523502712
15.099999999999962,0.0,403.0,407.8072484489988,406.41790632172905,0.40872017738284844,PILOT_DESC_MINPAY_ACC,caténaire,,7.616231991790919,0.49891416277788114,7.616231991790919,0.22371900913266288,-0.9746536846248001,0.044628699540235774,-0.9990036432252625,29.947723704063176,-403.97773388969046,0.0,-2.0,-0.02226589026698234,0.4984170662717849,0.004313721188541838,10.329653465616259,8.829000000000008,-0.0179521690784405,-0.0009294681119644821,1.7038958745279518,-7.423188573756299,0.02226589026698234,-0.4984170662717849,0.25136442698953787,0.0,0.0,1.726161764794934,-7.670241213038547
15.199999999999962,0.0,403.0,407.8481341147399,406.5497238304591,0.4088566574106251,PILOT_DESC_MINPAY_ACC,caténaire,Fy:(t>15:-25),5.823653314555288,0.5010858372221189,5.971917474552391,0.22670508401106385,-0.9739634515132158,0.04458256335119736,-0.9990057032094645,29.946955009777355,-404.0059458086858,0.0,-25.0,-0.022339691082342884,0.5005876091823861,0.0043820469518761835,10.329350781979793,8.829000000000008,-0.0179576441304667,-22.999061608837827,1.320251813927567,-5.672025482660648,0.022339691082342884,-0.5005876091823861,0.2513896281157566,0.0,5.551115123125783e-17,1.3425915050099098,-5.921223463727277
15.299999999999962,0.0,403.0,407.8893438552841,407.31937872440795,0.41209740544220674,PILOT_DESC_MINPAY_ACC,caténaire,,8.735479971832921,0.49891416277788114,8.957876211828577,0.2255267047536023,-0.9742369862836154,0.04453581795880736,-0.999007788217259,29.946180361883098,-404.04182480472247,0.0,-25.0,-0.022219550330546498,0.4984191342669966,0.004450188534331744,16.70660998394885,8.829000000000008,-0.017769361796214755,-16.62397088178416,1.9700840124885692,-8.510427681499387,0.022219550330546498,-0.4984191342669966,0.25141502899535767,0.0,5.551115123125783e-17,1.9923035628191157,-8.757431786771026
15.399999999999961,0.0,403.0,407.9313802426033,406.3618180349468,0.4203638731924096,PILOT_DESC_MINPAY_ACC,caténaire,,13.103219957749367,0.5010858372221189,13.159684966421175,0.22186792082547227,-0.9750767281135275,0.044490708061791694,-0.9990097981982763,29.94539975862914,-404.08324440121316,0.0,-25.0,-0.022293663697747764,0.5005896611232833,0.004518876119702406,22.264835829463397,8.829000000000008,-0.01777478757804536,-11.063574509413328,2.907184168144685,-12.776644844154127,0.022293663697747764,-0.5005896611232833,0.25144093940389356,0.0,0.0,2.9294778318424326,-13.025793565873517
15.499999999999961,0.0,403.0,407.97483188095725,406.4882210603168,0.4345163835395036,PILOT_DESC_MINPAY_ACC,caténaire,,19.351241804547257,0.49891416277788114,19.351241804547257,0.21834558506644383,-0.9758715107441103,0.04444652628704189,-0.9990117648461481,29.944613262652435,-404.12835257904834,0.0,-25.0,-0.02217500145088459,0.4984211182634694,0.0045873590329006545,26.406955749359767,8.829000000000008,-0.017587642417983936,-6.923623132376772,4.225258213576097,-18.884325574578114,0.02217500145088459,-0.4984211182634694,0.25146772214553964,0.0,-5.551115123125783e-17,4.247433215026982,-19.131278970696044
15.59999999999996,0.0,403.0,408.0203249170917,406.66301883672554,0.45493036134453,PILOT_DESC_MINPAY_ACC,caténaire,,16.074635801905078,0.5010858372221189,16.074635801905078,0.21870198724261486,-0.9757916994810577,0.04441497477476191,-0.9990131680892687,29.943820871953797,-404.1757679080849,0.0,-25.0,-0.02225571482021086,0.5005913497279325,0.004656380471045339,29.17731386395482,8.829000000000008,-0.01759933434916552,-4.151094786317255,3.5155547940779246,-15.68549618768001,0.02225571482021086,-0.5005913497279325,0.2514957631649268,0.0,-5.551115123125783e-17,3.5378105088981355,-15.934591774243016
15.69999999999996,0.0,403.0,408.0681632968949,406.5608183209196,0.47838379803198483,PILOT_DESC_MINPAY_ACC,caténaire,,20.726052160375538,0.49891416277788114,20.726052160375538,0.2225028682027517,-0.974932035396083,0.04440953123887193,-0.9990134100877444,29.943022646961996,-404.22456765856066,0.0,-25.0,-0.02215654409739995,0.498421939097803,0.004725201827962728,30.906012260256322,8.829000000000008,-0.01743134226943722,-2.4245658006458832,4.6116060522033955,-20.206492218440307,0.02215654409739995,-0.498421939097803,0.25152524980836694,0.0,5.551115123125783e-17,4.633762596300795,-20.453388907729742
15.79999999999996,0.0,403.0,408.1186490960537,408.26462436042925,0.5048579915873723,PILOT_DESC_MINPAY_ACC,caténaire,,17.541861508020236,0.5010858372221189,17.541861508020236,0.22556707781796706,-0.9742276394173299,0.04438351560478084,-0.9990145662314239,29.94221857937509,-404.27417487445933,0.0,-25.0,-0.022239951075682586,0.5005920503171649,0.0047946270588572724,31.937247030708093,8.829000000000008,-0.017445324016825314,-1.391160918974748,3.9568664398516016,-17.08976632794428,0.022239951075682586,-0.5005920503171649,0.25155636826941663,0.0,5.551115123125783e-17,3.979106390927284,-17.33880200999203
15.89999999999996,0.0,403.0,408.171821820232,406.7301515237685,0.5317272417833266,PILOT_DESC_MINPAY_ACC,caténaire,,21.511770992783934,0.49891416277788114,21.511770992783934,0.2249331524027696,-0.9743741976007742,0.04436762462490525,-0.9990152720980512,29.94140872880903,-404.3242465338425,0.0,-25.0,-0.022135636294177904,0.49842286808111635,0.004863842478208995,32.538066190354115,8.829000000000008,-0.01727179381596891,-0.7925109415647782,4.838710463173347,-20.960514600065455,0.022135636294177904,-0.49842286808111635,0.25158914289859596,0.0,5.551115123125783e-17,4.860846099467524,-21.207348325247978
15.99999999999996,0.0,403.0,408.2277587314528,406.6390323496654,0.559369112207882,PILOT_DESC_MINPAY_ACC,caténaire,,18.512804793076583,0.5010858372221189,18.512804793076583,0.22052549936800814,-0.9753812096449729,0.04434659601728499,-0.9990162057853114,29.940593088861018,-404.3745816403608,0.0,-25.0,-0.02222145119327233,0.5005928718743973,0.004933631379866848,32.88135862189385,8.829000000000008,-0.01728781981340548,-0.4470485062317593,4.082545521695668,-18.057041932992288,0.02222145119327233,-0.5005928718743973,0.2516236213187075,0.0,1.1102230246251565e-16,4.10476697288894,-18.306011183547977
16.09999999999996,0.0,403.0,408.28634348070943,406.57250060547995,0.5858474925660028,PILOT_DESC_MINPAY_ACC,caténaire,,21.786235933375583,0.49891416277788114,21.786235933375583,0.21151707209284196,-0.9773743030248296,0.04288599079574512,-0.9990799726715911,29.939771718408526,-404.42506648622725,0.0,-25.0,-0.021396428192759095,0.49845514811359526,0.005003200100402534,33.077283775483544,8.829000000000008,-0.016393228092356563,-0.25326107640287177,4.608160836551467,-21.293307160917458,0.021396428192759095,-0.49845514811359526,0.25165973181449497,0.0,0.0,4.629557264744226,-21.540102577216558
16.19999999999996,0.0,403.0,408.347526004668,406.9285263394958,0.6118252395857704,PILOT_DESC_MINPAY_ACC,caténaire,,18.37325027794341,0.5010858372221189,18.37325027794341,0.2020103755390162,-0.9793833816103813,0.04400057469671866,-0.9990315057225967,29.938944852501866,-404.475635029227,0.0,-25.0,-0.02204806481015965,0.5006005384562814,0.005070372799858503,33.18705012864874,8.829000000000008,-0.016977692010301148,-0.14134933289498264,3.7115871885196823,-17.994455988386093,0.02204806481015965,-0.5006005384562814,0.25169744352789664,0.0,5.551115123125783e-17,3.733635253329842,-18.24335908331448
16.29999999999996,0.0,403.0,408.4110969340405,408.242339033425,0.6357092937247927,PILOT_DESC_MINPAY_ACC,caténaire,,21.01667636603009,0.4989141627778811,21.01667636603009,0.19539771207988524,-0.9807240866390232,0.044259331729508265,-0.9990200756515645,29.938112359216177,-404.5262514118615,0.0,-25.0,-0.022081607434936125,0.4984252646419957,0.0051396222444352125,33.249872082789274,8.829000000000008,-0.016941985190500913,-0.0807026525687391,4.106610477445677,-20.611560733262806,0.022081607434936125,-0.4984252646419957,0.2517366274077705,0.0,0.0,4.128692084880613,-20.85824937049703
16.399999999999963,0.0,403.0,408.4769334371466,407.2201408519748,0.658365031061496,PILOT_DESC_MINPAY_ACC,caténaire,,18.834441435161562,0.501085837222119,18.834441435161562,0.19683422971165512,-0.9804367832827466,0.044307056006868656,-0.9990179601929107,29.937274186563137,-404.57689397219804,0.0,-25.0,-0.022201638254049097,0.5005937509831981,0.0052099876669936766,33.284273210538515,8.829000000000008,-0.016991650587055422,-0.044133038478292974,3.7072627719393063,-18.46597917561708,0.022201638254049097,-0.5005937509831981,0.25177720774306667,0.0,5.551115123125783e-17,3.7294644101933554,-18.71479571885721
16.499999999999964,0.0,403.0,408.54482546792644,408.33153417273604,0.6789203077985486,PILOT_DESC_MINPAY_ACC,caténaire,,21.505110228375194,0.498914162777881,21.505110228375194,0.20486804748881082,-0.9787896010471926,0.04426771467176588,-0.9990197042289702,29.936430382100067,-404.627551966728,0.0,-25.0,-0.02208578980355419,0.498425079334003,0.005280236287587972,33.30456421434563,8.829000000000008,-0.01680555351596622,-0.026010706320370502,4.405709943518881,-21.04897826090726,0.02208578980355419,-0.498425079334003,0.2518190550654942,0.0,0.0,4.4277957333224345,-21.295584285175767
16.599999999999966,0.0,403.0,408.61465960244,408.5826390838399,0.6983413451353534,PILOT_DESC_MINPAY_ACC,caténaire,,18.421356848915117,0.5010858372221191,18.421356848915117,0.21643469067359128,-0.9762970985683748,0.04421719120229858,-0.9990219417020726,29.935580943740803,-404.6782179083115,0.0,-25.0,-0.0221566082732143,0.5005957460610501,0.005350981622219577,33.315014447090846,8.829000000000008,-0.01680562665099472,-0.013389806848110197,3.9870206713827856,-17.984717243288486,0.0221566082732143,-0.5005957460610501,0.2518620994627507,0.0,5.551115123125783e-17,4.009177279656,-18.233450889886786
16.699999999999967,0.0,403.0,408.68621383473527,409.092597607496,0.715542322952933,PILOT_DESC_MINPAY_ACC,caténaire,,21.30911528012195,0.49891416277788087,21.30911528012195,0.22765781293446696,-0.973741197757338,0.044170280481281736,-0.9990240168895866,29.93472593551444,-404.7288890363475,0.0,-25.0,-0.02203717850598285,0.49842723098146363,0.005421385721974894,33.321835422911526,8.829000000000008,-0.016615792784007957,-0.008737346107018595,4.851186580240995,-20.74956343601514,0.02203717850598285,-0.49842723098146363,0.25190620409470116,0.0,0.0,4.8732237587469776,-20.9960844629019
16.79999999999997,0.0,403.0,408.75938347528074,407.34576471690895,0.7316964054549254,PILOT_DESC_MINPAY_ACC,caténaire,,18.2153472123017,0.5010858372221192,18.2153472123017,0.23268553948448126,-0.9725520241687927,0.04410759644822404,-0.9990267863954203,29.93386535671599,-404.7795623536472,0.0,-25.0,-0.022101691894113713,0.5005981736682724,0.005492258959603439,33.32471484812913,8.829000000000008,-0.016609432934510275,-0.003686978202601665,4.238447892991563,-17.715372802261395,0.022101691894113713,-0.5005981736682724,0.25195130443276204,0.0,-5.551115123125783e-17,4.260549584885677,-17.964019671496906
16.89999999999997,0.0,403.0,408.8339613491138,407.07600618181795,0.7457787383304034,PILOT_DESC_MINPAY_ACC,caténaire,,21.489521078273324,0.49891416277788075,21.489521078273324,0.23160692018848666,-0.9728094543747013,0.044042155515010104,-0.9990296735020394,29.93299927336901,-404.8302376231266,0.0,-25.0,-0.02197325514570449,0.4984300531455296,0.005562744298815975,33.327282553952585,8.829000000000008,-0.016410510846888514,-0.003287392901896169,4.977121793264452,-20.905209274928716,0.02197325514570449,-0.4984300531455296,0.25199727277833084,0.0,0.0,4.999095048410156,-21.151642055295916
16.99999999999997,0.0,403.0,408.9098729620152,408.9167540207962,0.7591161290138113,PILOT_DESC_MINPAY_ACC,caténaire,,18.684737307901152,0.5010858372221193,18.684737307901152,0.22562333645760344,-0.9742146119032189,0.04396663327461456,-0.9990330000347813,29.932127687970006,-404.8809132652146,0.0,-25.0,-0.022031057244248125,0.500601287234954,0.00563364677512553,33.327772657955414,8.829000000000008,-0.016397410469122596,-0.0006260548096364005,4.215712772242517,-18.202944104930516,0.022031057244248125,-0.500601287234954,0.25204406321462486,0.0,-5.551115123125783e-17,4.237743829486765,-18.451501328950844
17.099999999999973,0.0,403.0,408.98694722748405,408.71178607372656,0.7707426546888958,PILOT_DESC_MINPAY_ACC,caténaire,,21.381678321970607,0.49891416277788064,21.381678321970607,0.216339374016168,-0.9763182243768128,0.04389933997204648,-0.9990359592877618,29.931250668594583,-404.93158983917897,0.0,-25.0,-0.02190200244865512,0.4984331892130505,0.005704112695776885,33.32899840070218,8.829000000000008,-0.016197889752878235,-0.0015684100847721538,4.625698903590191,-20.875322213502535,0.02190200244865512,-0.4984331892130505,0.252091570287265,0.0,5.551115123125783e-17,4.647600906038846,-21.121663832428318
17.199999999999974,0.0,403.0,409.06512240710873,407.34642765266506,0.781751796246779,PILOT_DESC_MINPAY_ACC,caténaire,,19.0153172886806,0.5010858372221194,19.039135724282215,0.2062268718330594,-0.9785042040451082,0.04381974994467389,-0.9990394534325391,29.930368218144217,-404.9822662127531,0.0,-25.0,-0.021957456087890837,0.5006045209411725,0.005774978601152396,33.32873481563994,8.829000000000008,-0.016182477486738442,0.00033933658110640863,3.9214694013576925,-18.606567908225593,0.021957456087890837,-0.5006045209411725,0.2521397559418993,0.0,0.0,3.9434268574455835,-18.855032673224866
17.299999999999976,0.0,403.0,409.1442555710004,407.9894645400921,0.791331638916447,PILOT_DESC_MINPAY_ACC,caténaire,,21.16105242226948,0.49891416277788053,21.16105242226948,0.19965881079773343,-0.9798654801914571,0.04372391711160896,-0.9990436522356855,29.929480405255433,-405.03294319641117,0.0,-25.0,-0.021814481499107828,0.498437027333723,0.005845378156245861,33.32953729807405,8.829000000000008,-0.015969103342861966,-0.0010256745922347932,4.224990561858821,-20.73498479310368,0.021814481499107828,-0.498437027333723,0.2521885320793347,0.0,5.551115123125783e-17,4.246805043357929,-20.98123328835807
17.399999999999977,0.0,403.0,409.2242923138261,407.84259099662813,0.8003674282568357,PILOT_DESC_MINPAY_ACC,caténaire,,18.641622099231714,0.5010858372221195,18.69652494390136,0.20070928705877233,-0.9796508470308997,0.04365663293197455,-0.9990465947096976,29.92858723768083,-405.0836197987616,0.0,-25.0,-0.02187572046301722,0.5006080993340163,0.005916101513840954,33.32903573864459,8.829000000000008,-0.015959618949176267,0.0006438379786004589,3.741546681155852,-18.26228087954229,0.02187572046301722,-0.5006080993340163,0.2522378651651859,0.0,0.0,3.7634224016188695,-18.51065111371112
17.49999999999998,0.0,403.0,409.30509564828054,409.2903517751508,0.8080333445446094,PILOT_DESC_MINPAY_ACC,caténaire,,21.427527964182097,0.4989141627778804,21.427527964182097,0.20929678104339208,-0.9778521654344661,0.0435684137367197,-0.9990504458356776,29.927688781835908,-405.1342969097007,0.0,-25.0,-0.021736898663015813,0.49844041675697526,0.00598636506551685,33.329704720118436,8.829000000000008,-0.015750533597498964,-0.0008548631245943739,4.484712628620581,-20.95295461968304,0.021736898663015813,-0.49844041675697526,0.2522876707631523,0.0,0.0,4.506449527283597,-21.199107365676863
17.59999999999998,0.0,403.0,409.38663985689675,407.6413356815195,0.8154420861619143,PILOT_DESC_MINPAY_ACC,caténaire,,18.184291164097697,0.5010858372221196,18.184291164097697,0.2241251788296991,-0.974560364582182,0.04350839726768088,-0.9990530613371834,29.926785044274318,-405.18497358239006,0.0,-25.0,-0.021801441671068456,0.5006113396694641,0.006056955558971116,33.32912825981617,8.829000000000008,-0.01574448611209734,0.0007395994856267407,4.075557509044714,-17.721689426551603,0.021801441671068456,-0.5006113396694641,0.25233793302148894,0.0,0.0,4.097358950715782,-17.969962833199578
17.69999999999998,0.0,403.0,409.4687891911411,408.097045394092,0.8214933424435876,PILOT_DESC_MINPAY_ACC,caténaire,,21.060919954124977,0.4989141627778803,21.060919954124977,0.23685394459346856,-0.9715452685956092,0.04341696318700541,-0.9990570390661477,29.92587609004605,-405.23565073175223,0.0,-25.0,-0.021661337838802853,0.49844370621303513,0.00612708280387382,33.32975526090208,8.829000000000008,-0.015534255034929032,-0.0008010328848868653,4.988361967901794,-20.461637133700975,0.021661337838802853,-0.49844370621303513,0.25238856826745,0.0,0.0,5.010023305740597,-20.70769227164656
17.799999999999983,0.0,403.0,409.55152627885354,408.0559557549726,0.8273708771241413,PILOT_DESC_MINPAY_ACC,caténaire,,18.61119994813356,0.5010858372221197,18.61119994813356,0.23919454520813613,-0.9709716625847907,0.04140771512995547,-0.9991423327673172,29.9249619263036,-405.2863274249165,0.0,-25.0,-0.020748819603348772,0.500656072318773,0.006197516700851106,33.329155191818245,8.829000000000008,-0.014551302902497665,0.0008112641370132678,4.4516975073714935,-18.070947756337215,0.020748819603348772,-0.500656072318773,0.252439565793175,0.0,0.0,4.4724463269748425,-18.319164262862813
17.899999999999984,0.0,403.0,409.6347490278005,407.7718301743663,0.8322274894700128,PILOT_DESC_MINPAY_ACC,caténaire,,20.945430964036877,0.4989141627778802,20.945430964036877,0.2433262356128876,-0.9699445051457642,0.04292858359275284,-0.9990781434456066,29.92404294210154,-405.33700457093005,0.0,-25.0,-0.021417678342418527,0.49845423548684376,0.006263049042308831,33.329750856173604,8.829000000000008,-0.015154629300109697,-0.0007949083395573098,5.096572869768709,-20.315905671477516,0.021417678342418527,-0.49845423548684376,0.25249086267100423,0.0,-5.551115123125783e-17,5.117990548111127,-20.561869044293356
17.999999999999986,0.0,403.0,409.71844858146153,408.10572098433363,0.8369955366100081,PILOT_DESC_MINPAY_ACC,caténaire,,18.348993249751683,0.5010858372221199,18.348993249751683,0.24078290002988545,-0.9705789999032527,0.043180236307842276,-0.999067298630277,29.923118875280746,-405.3876812586889,0.0,-25.0,-0.021637004861764123,0.500618473775394,0.006332518612587795,33.32914808165918,8.829000000000008,-0.015304486249176328,0.000766555434566385,4.418123807304002,-17.80914751757552,0.021637004861764123,-0.500618473775394,0.25254245344195125,0.0,5.551115123125783e-17,4.439760812165766,-18.057223537908964
18.099999999999987,0.0,403.0,409.8025271396152,407.58746407079855,0.8407855815371903,PILOT_DESC_MINPAY_ACC,caténaire,,21.510720553353217,0.4989141627778801,21.510720553353217,0.23393323601428423,-0.9722526631940306,0.04124878343877657,-0.9991489067525524,29.92218973822234,-405.4383584141455,0.0,-25.0,-0.020579602254963296,0.4984895403028839,0.006402200713225514,33.32976327741893,8.829000000000008,-0.014177401541737782,-0.0007471822781965898,5.032072468044893,-20.913855345220234,0.020579602254963296,-0.4984895403028839,0.2525942778238689,0.0,0.0,5.052652070299856,-21.15975060769925
18.19999999999999,0.0,403.0,409.8870065742013,409.9169030689601,0.8447943458605425,PILOT_DESC_MINPAY_ACC,caténaire,,17.109369327585192,0.50108583722212,17.109369327585192,0.22293487387885713,-0.9748333406324478,0.04264579691812335,-0.9990902541838841,29.921255845503776,-405.4890350953875,0.0,-25.0,-0.02136920485272234,0.5006299764781922,0.006467906002176544,33.32913950967682,8.829000000000008,-0.014901298850545796,0.0007694861550078258,3.8142750931919913,-16.67878365772421,0.02136920485272234,-0.5006299764781922,0.2526463492981938,0.0,5.551115123125783e-17,3.8356442980447136,-16.92676728490421
18.29999999999999,0.0,403.0,409.971756574625,408.04991211538936,0.8475000042369882,PILOT_DESC_MINPAY_ACC,caténaire,,22.762635192273883,0.49891416277788,22.762635192273883,0.20751808589587087,-0.9782311812787988,0.04300191776686482,-0.9990749897121697,29.920317016556524,-405.5397122433671,0.0,-25.0,-0.021454265800498605,0.4984526620445662,0.006536460858940102,33.32975344225987,8.829000000000008,-0.014917804941558503,-0.0007938956955726439,4.7236584850466645,-22.267119513156437,0.021454265800498605,-0.4984526620445662,0.25269858754401925,0.0,-5.551115123125783e-17,4.745112750847163,-22.512873587656987
18.39999999999999,0.0,403.0,410.0568565308833,408.32381542279154,0.8509995625831823,PILOT_DESC_MINPAY_ACC,caténaire,,17.227577154186207,0.5010858372221201,17.227577154186207,0.1966386738245248,-0.980476023142092,0.04294640507498491,-0.9990773775294562,29.919373183878903,-405.5903889327567,0.0,-25.0,-0.02151983534267912,0.5006235241690277,0.006606322034721694,33.3291502267298,8.829000000000008,-0.014913513307957425,0.0007737508988228115,3.3876079248088566,-16.89122633651005,0.02151983534267912,-0.5006235241690277,0.2527510414957895,0.0,0.0,3.4091277601515357,-17.139098819183292
18.499999999999993,0.0,403.0,410.1421798850999,405.24662194770576,0.853233542166115,PILOT_DESC_MINPAY_ACC,caténaire,,22.004184708634607,0.49891416277787987,22.004184708634607,0.19276694569283878,-0.9812445692324896,0.04736017744541762,-0.9988778772163985,29.918424411118718,-405.64106608745294,0.0,-25.0,-0.02362866327919236,0.4983543198287654,0.0066756588694895005,33.329762277214186,8.829000000000008,-0.016953004409702863,-0.0008834029570579105,4.241679478744561,-21.5914867457363,0.02362866327919236,-0.4983543198287654,0.2528036331457002,0.0,0.0,4.265308142023753,-21.83703743241937
18.599999999999994,0.0,403.0,410.22778350672917,408.7435769786255,0.8560362162925325,PILOT_DESC_MINPAY_ACC,caténaire,,17.152803086466854,0.5010858372221202,17.152803086466854,0.18979331013835987,-0.9818240674513558,0.04098455349267981,-0.9991597802028491,29.91747070548856,-405.6917427795632,0.0,-25.0,-0.02053677930005423,0.5006648149816142,0.006745255645399867,33.32915380536184,8.829000000000008,-0.013791523654654362,0.0008186203434448203,3.25548727593202,-16.841034894547054,0.02053677930005423,-0.5006648149816142,0.25285639754697287,0.0,5.551115123125783e-17,3.276024055232074,-17.088843311981694
18.699999999999996,0.0,403.0,410.3135492509439,408.8219444198005,0.8576574421468972,PILOT_DESC_MINPAY_ACC,caténaire,,22.307981548796164,0.49891416277787975,22.307981548796164,0.1972359779573898,-0.9803560419557743,0.042371522569993825,-0.9991019237670902,29.916512432352224,-405.74241992208323,0.0,-25.0,-0.021139752708632505,0.49846609982602685,0.006810019386771953,33.32974626093028,8.829000000000008,-0.014329733321860553,-0.0007876392437040636,4.399936557032219,-21.86976449520025,0.021139752708632505,-0.49846609982602685,0.25290926187744234,0.0,5.551115123125783e-17,4.421076309740851,-22.115321333148835
18.799999999999997,0.0,403.0,410.39955248319296,408.49597458172315,0.8600323224906226,PILOT_DESC_MINPAY_ACC,caténaire,,17.219271637256604,0.5010858372221203,17.219271637256604,0.21091585841238633,-0.9775042202825347,0.04244326222677112,-0.9990988787360084,29.91554935196573,-405.79309660390834,0.0,-25.0,-0.0212677175873396,0.5006342981191144,0.006878516729584868,33.32914027666526,8.829000000000008,-0.014389200857754731,0.0007745747843657114,3.6318174586080336,-16.831910695609682,0.0212677175873396,-0.5006342981191144,0.25296227259090015,0.0,0.0,3.6530851761953733,-17.079582721137896
18.9,0.0,403.0,410.4856808750008,408.4549686549512,0.8612839180784827,PILOT_DESC_MINPAY_ACC,caténaire,,22.555127589460344,0.49891416277787964,22.555127589460344,0.21945551087134946,-0.9756225083238882,0.04076677276934599,-0.9991686895804794,29.914581505903264,-405.843773750781,0.0,-25.0,-0.020339120305374315,0.49849941023591604,0.006946760020672868,33.329751986254486,8.829000000000008,-0.013392360284701447,-0.0007486035096064825,4.949847047913488,-22.005290154394636,0.020339120305374315,-0.49849941023591604,0.2530153604502667,0.0,0.0,4.970186168218863,-22.250774204180285
19.0,0.0,403.0,410.57201998534276,408.35975315400884,0.8633911034192927,PILOT_DESC_MINPAY_ACC,caténaire,,16.492958185589156,0.5010858372221204,16.492958185589156,0.2227388911621034,-0.9748781392378623,0.04052769700245002,-0.999178415387201,29.913609166209984,-405.89445042389843,0.0,-25.0,-0.020307854983157087,0.5006741528085672,0.00701141625722038,33.329128822907315,8.829000000000008,-0.013296438725936707,0.0008029757158709572,3.6736232182410657,-16.078624386495026,0.020307854983157087,-0.5006741528085672,0.2530685781924241,0.0,5.551115123125783e-17,3.6939310732242228,-16.32622996111117
19.1,0.0,403.0,410.6584355072745,408.49217176771674,0.8641552193172481,PILOT_DESC_MINPAY_ACC,caténaire,,22.045205606547793,0.49891416277787953,22.045205606547793,0.2230038032511207,-0.9748175745930802,0.04057305099973849,-0.9991765747517165,29.912632423708118,-405.94512755265407,0.0,-25.0,-0.02024246977087874,0.49850334425952203,0.007075056185277705,33.329728155563984,8.829000000000008,-0.013167413585601032,-0.0007685001764983213,4.916164693713087,-21.49005386078069,0.02024246977087874,-0.49850334425952203,0.2531218430331938,0.0,0.0,4.936407163483966,-21.735435362007017
19.200000000000003,0.0,403.0,410.7450071080461,408.4167731686687,0.8657160077162462,PILOT_DESC_MINPAY_ACC,caténaire,,18.010769596603094,0.5010858372221205,18.010769596603094,0.21987941831938743,-0.9755270582610857,0.041623867587169606,-0.999133351283544,29.9116512626979,-405.995804214281,0.0,-25.0,-0.02085713053833957,0.5006515718244576,0.007139212097813557,33.32911370872314,8.829000000000008,-0.01371791844052601,0.0007652805475899527,3.9601975423855964,-17.569993081592415,0.02085713053833957,-0.5006515718244576,0.25317520407791355,0.0,0.0,3.981054672923936,-17.81746944933896
19.300000000000004,0.0,403.0,410.831659240491,408.5505809480821,0.8665213244487203,PILOT_DESC_MINPAY_ACC,caténaire,,21.747198901381033,0.4989141627778794,21.747198901381033,0.21123394452026176,-0.9774355327500688,0.04141649620636254,-0.9991419688122345,29.91066555917937,-406.04648134407853,0.0,-25.0,-0.020663276529990587,0.4984860788661981,0.007205470338504931,33.329729526031464,8.829000000000008,-0.013457806191485656,-0.0007843951023431828,4.593746606205419,-21.25648494399308,0.020663276529990587,-0.4984860788661981,0.2532286147607846,0.0,-1.1102230246251565e-16,4.614409882735409,-21.50174240809849
19.400000000000006,0.0,403.0,410.9184539924481,408.8483177658299,0.8679475195716152,PILOT_DESC_MINPAY_ACC,caténaire,,18.226655503327358,0.5010858372221206,18.226655503327358,0.2050963169871263,-0.9787417947335836,0.04110793055807512,-0.9991547117665174,29.909675339744393,-406.09715801207074,0.0,-25.0,-0.02059860180016187,0.500662275259952,0.0072716440700973375,33.329122081365995,8.829000000000008,-0.01332695773006453,0.0007843566259424506,3.738219914725578,-17.839189519317365,0.02059860180016187,-0.500662275259952,0.2532821133515389,0.0,5.551115123125783e-17,3.7588185165257397,-18.08656968122578
19.500000000000007,0.0,403.0,411.0053205622328,408.83917169218796,0.868665697846514,PILOT_DESC_MINPAY_ACC,caténaire,,21.12576345335556,0.4989141627778793,21.12576345335556,0.21411079426384783,-0.9768093814965662,0.04072841784466505,-0.9991702537505158,29.908680707747852,-406.1478351418903,0.0,-25.0,-0.020319984490238703,0.49850019062249984,0.007336595468153004,33.3297295550424,8.829000000000008,-0.0129833890220857,-0.0007702543351086888,4.523253992428128,-20.635843932515005,0.020319984490238703,-0.49850019062249984,0.25333565620940013,0.0,-5.551115123125783e-17,4.543573976918366,-20.881008466928105
19.60000000000001,0.0,403.0,411.09229916921703,408.70315856822754,0.8697860698422225,PILOT_DESC_MINPAY_ACC,caténaire,,18.750189604175958,0.5010858372221207,18.750189604175958,0.1945125580692446,-0.9809000279097554,0.039727372456074286,-0.9992105563282128,29.907681718472016,-406.1985118051705,0.0,-25.0,-0.019906823687787,0.5006902581789036,0.007401016515106028,33.329115883326715,8.829000000000008,-0.012505807172680974,0.0008061415056133114,3.6471473441916227,-18.3920615060494,0.019906823687787,-0.5006902581789036,0.25338926812480406,0.0,0.0,3.6670541678794097,-18.6393624961035
19.70000000000001,0.0,403.0,411.1793405013536,408.70911070072606,0.8704133213654537,PILOT_DESC_MINPAY_ACC,caténaire,,20.829896256775115,0.4989141627778792,20.829896256775115,0.1995741058213309,-0.9798827359871262,0.03965803914579182,-0.9992133105253906,29.906678589352097,-406.24918892305686,0.0,-25.0,-0.019785957397835088,0.49852167225728833,0.007462483719598505,33.329713858409924,8.829000000000008,-0.012323473678236583,-0.0007644693327932828,4.157107919796981,-20.410855734416796,0.019785957397835088,-0.49852167225728833,0.2534429187027673,0.0,-5.551115123125783e-17,4.176893877194816,-20.65593448797132
19.80000000000001,0.0,403.0,411.2664740076201,409.1003331346244,0.871335062664999,PILOT_DESC_MINPAY_ACC,caténaire,,18.129557174812962,0.5010858372221209,18.129557174812962,0.20780490097405402,-0.978170293523149,0.03952836810143249,-0.9992184486463596,29.9056713236995,-406.29986557244433,0.0,-25.0,-0.019807105424130476,0.5006942129077498,0.007524155647780717,33.329097609376355,8.829000000000008,-0.012282949776349758,0.0007918222840999078,3.7674108334154583,-17.733794263131507,0.019807105424130476,-0.5006942129077498,0.25349662609506496,0.0,0.0,3.787217938839589,-17.980991849944193
19.900000000000013,0.0,403.0,411.3536344439911,408.712902491461,0.8716043637097615,PILOT_DESC_MINPAY_ACC,caténaire,,20.55986986929356,0.4989141627778791,20.55986986929356,0.2364712012652214,-0.9716384980908194,0.040235009828137276,-0.9991902441397884,29.904659992344563,-406.3505426812168,0.0,-25.0,-0.020073816242764844,0.49851016411082716,0.0075850188679126304,33.32970187016927,8.829000000000008,-0.012488797374852215,-0.0007879657199083567,4.861817125848479,-19.976761080743085,0.020073816242764844,-0.49851016411082716,0.2535503500865533,0.0,-5.551115123125783e-17,4.8818909420912435,-20.22172089476736
20.000000000000014,0.0,403.0,411.44085281464424,408.84448755833625,0.8721837065313136,PILOT_DESC_MINPAY_ACC,caténaire,,17.558539418615215,0.501085837222121,17.558539418615215,0.26246893779333125,-0.9649404420448137,0.03984671478975481,-0.9992058042868165,29.903644468931383,-406.40121932933914,0.0,-25.0,-0.01996662444097536,0.5006878769982622,0.007648030344949053,33.32909594530112,8.829000000000008,-0.012318594096026307,0.0007838222993754584,4.608571190406272,-16.94294478825985,0.01996662444097536,-0.5006878769982622,0.25360410978760217,0.0,5.551115123125783e-17,4.628537814847247,-17.190028555470512
20.100000000000016,0.0,403.0,411.52805685290434,408.7877055914427,0.872040382601208,PILOT_DESC_MINPAY_ACC,caténaire,,20.96755309398223,0.498914162777879,20.96755309398223,0.23015012254411243,-0.973155137217561,0.03947699625438901,-0.9992204795573052,29.902624868164867,-406.45189643950397,0.0,-25.0,-0.019695632535243958,0.49852524898884365,0.007709567722347302,33.329703701670596,8.829000000000008,-0.011986064812896656,-0.0007710493405710395,4.825684914030194,-20.40468200829077,0.019695632535243958,-0.49852524898884365,0.2536578606544438,0.0,0.0,4.845380546565438,-20.649549396625172
20.200000000000017,0.0,403.0,411.6153037376454,409.13262581029767,0.8724688474105935,PILOT_DESC_MINPAY_ACC,caténaire,,18.203982017806375,0.5010858372221211,18.203982017806375,0.22619646200345028,-0.9740817011817446,0.03979371222326207,-0.9992079165356388,29.901601243466356,-406.5025730833581,0.0,-25.0,-0.019940065605569428,0.5006889354162318,0.007770540593555897,33.32909033099154,8.829000000000008,-0.01216952501201353,0.0007792664077612699,4.117676326802232,-17.732165772186722,0.019940065605569428,-0.5006889354162318,0.2537116379310198,0.0,-5.551115123125783e-17,4.137616392407801,-17.979143069671935
20.30000000000002,0.0,403.0,411.7025452778742,409.08031412100183,0.8724154022881785,PILOT_DESC_MINPAY_ACC,caténaire,,20.687484451988873,0.49891416277787887,20.687484451988873,0.2055992462336619,-0.9786362705051094,0.0390139096640479,-0.999238667612861,29.900573591065836,-406.5532501907748,0.0,-25.0,-0.019464592076730253,0.4985343232673537,0.007831811087879021,33.329700086894924,8.829000000000008,-0.011632780988851232,-0.0007655898377265657,4.253331209799512,-20.245522630226827,0.019464592076730253,-0.4985343232673537,0.25376541191334284,0.0,5.551115123125783e-17,4.272795801876242,-20.490291541580838
20.40000000000002,0.0,403.0,411.7898257853327,409.3136736661398,0.8728050745852332,PILOT_DESC_MINPAY_ACC,caténaire,,18.03277021720263,0.5010858372221212,18.03277021720263,0.2024912836956621,-0.97928406503286,0.039336916776437136,-0.9992260039543226,29.899542032829817,-406.6039268300478,0.0,-25.0,-0.019711171876657906,0.5006979987655663,0.00789145751611117,33.32908430514988,8.829000000000008,-0.011819714360546735,0.000782303915435989,3.651478789870264,-17.65920452210568,0.019711171876657906,-0.5006979987655663,0.2538192099143056,0.0,0.0,3.6711899617469217,-17.90608331095694
20.50000000000002,0.0,403.0,411.8770923450295,409.46441918493815,0.8726655969679716,PILOT_DESC_MINPAY_ACC,caténaire,,18.79859090424699,0.5005429186110606,18.79859090424699,0.20120709735777761,-0.9795487246548064,0.03893144826337379,-0.9992418837979702,29.89850656316467,-406.65460393188397,0.0,-25.0,-0.019486860739504622,0.5001634489146503,0.007951416121900735,33.32969274638489,8.829000000000008,-0.011535444617603887,0.0008561952995336242,3.7824099102598567,-18.414135745562582,0.019486860739504622,-0.5001634489146503,0.2538729993181403,0.0,-5.551115123125783e-17,3.8018967709993614,-18.660426195159094
20.600000000000023,0.0,403.0,411.9643350204657,409.0278687270673,0.8724267543618368,PILOT_DESC_MINPAY_ACC,caténaire,,19.276027260710965,0.5002714593055303,19.276027260710965,0.2104486362034947,-0.9776049158632996,0.03889230055621731,-0.9992434082631942,29.89746724130578,-406.70528056748606,0.0,-25.0,-0.01945670795500812,0.49989295805325995,0.00801068849393759,33.32907947659622,8.829000000000008,-0.01144601946107053,-2.7565350528391264e-05,4.056613648438008,-18.84433900838601,0.01945670795500812,-0.49989295805325995,0.253926774000183,0.0,-5.551115123125783e-17,4.076070356393016,-19.090305192439086
20.700000000000024,0.0,403.0,412.0515625705026,409.25359142820594,0.8722755003688745,PILOT_DESC_MINPAY_ACC,caténaire,,19.286701245392315,0.5001357296527651,19.286701245392315,0.26054970256549453,-0.9654604354881833,0.03921573643548418,-0.9992307671483213,29.896424100587843,-406.7559571218586,0.0,-25.0,-0.019613190956031406,0.49975100881921786,0.008069665205798585,33.328972630383895,8.829000000000008,-0.011543525750232821,-0.00027636079689585813,5.0251442729565206,-18.62054698350695,0.019613190956031406,-0.49975100881921786,0.25398053935922477,0.0,0.0,5.044757463912552,-18.866317452966943
20.800000000000026,0.0,403.0,412.1387812780372,409.73318293669087,0.8721870753459317,PILOT_DESC_MINPAY_ACC,caténaire,,19.416621006073452,0.5000678648263825,19.416621006073452,0.24904241806345093,-0.9684925781879329,0.038721696493303856,-0.9992500338857541,29.895377110253744,-406.806633723143,0.0,-25.0,-0.019363476087861684,0.4996928308729394,0.008129335841921907,33.329034336414274,8.829000000000008,-0.011234140245939777,-0.0002728327127954344,4.835562245974128,-18.804853337870053,0.019363476087861684,-0.4996928308729394,0.25403429926792087,0.0,-5.551115123125783e-17,4.8549257220619895,-19.05051186947507
20.900000000000027,0.0,403.0,412.225999258765,409.730037625,0.8721798072780188,PILOT_DESC_MINPAY_ACC,caténaire,,19.214266976000733,0.5000339324131913,19.214266976000733,0.2770088790739007,-0.9608673586474986,0.03905662449667447,-0.9992369989561664,29.894326374330284,-406.85731039276703,0.0,-25.0,-0.019529637533857513,0.4996524060008078,0.008187604993981062,33.32912422778164,8.829000000000008,-0.011342032539876451,-0.00022336621756124941,5.3225225572486305,-18.462361957577684,0.019529637533857513,-0.4996524060008078,0.25408805872862733,0.0,5.551115123125783e-17,5.342052194782488,-18.707926304849867
21.00000000000003,0.0,403.0,412.3132155722332,409.5463833253552,0.8721631346819027,PILOT_DESC_MINPAY_ACC,caténaire,,19.389049027727207,0.5000169662065956,19.389049027727207,0.24157600731055223,-0.9703819004350256,0.038546053224916194,-0.9992568247356541,29.893271857287548,-406.90798712554425,0.0,-25.0,-0.019273680592760557,0.49964536596555764,0.008246637930401663,33.329207297267914,8.829000000000008,-0.011027042662358894,-0.00014733676653833072,4.683929049666883,-18.81478224315381,0.019273680592760557,-0.49964536596555764,0.2541418171616676,0.0,0.0,4.703202730259644,-19.060285791957703
21.10000000000003,0.0,403.0,412.4004349146816,409.4352943406092,0.8721934244839484,PILOT_DESC_MINPAY_ACC,caténaire,,19.49786226010278,0.5000084831032978,19.49786226010278,0.21939595318783786,-0.9756359032573577,0.03896658997029747,-0.9992405140235692,29.89221366434593,-406.95866390178253,0.0,-25.0,-0.01948362554275662,0.4996287336722844,0.008304231389316836,33.32926446445762,8.829000000000008,-0.011179394153439782,-0.00010680187010336795,4.277752075680421,-19.022814457722923,0.01948362554275662,-0.4996287336722844,0.2541955774617122,0.0,5.551115123125783e-17,4.297235701223177,-19.268247613933497
21.20000000000003,0.0,403.0,412.48766341316,409.8048711108514,0.8722849847841295,PILOT_DESC_MINPAY_ACC,caténaire,,19.451342234807367,0.5000042415516489,19.451342234807367,0.21435835138471912,-0.9767550855724403,0.038509981748338536,-0.9992582155307719,29.89115174482941,-407.00934071079587,0.0,-25.0,-0.01925515421624585,0.4996333461707177,0.008362823409738492,33.329307575687885,8.829000000000008,-0.01089233080650736,-5.907814140471146e-05,4.169557653673265,-18.99919744905809,0.01925515421624585,-0.4996333461707177,0.2542493434053548,0.0,5.551115123125783e-17,4.188812807889511,-19.244581451823453
21.300000000000033,0.0,403.0,412.5749032518915,405.1167393144944,0.8723983873148695,PILOT_DESC_MINPAY_ACC,caténaire,,19.06670446595863,0.5000021207758244,19.06670446595863,0.19008249171268662,-0.9817681224934413,0.04730230078940686,-0.9988806196638457,29.89008619448151,-407.06001753808914,0.0,-25.0,-0.02365125071227938,0.4994424282337925,0.008420108185680744,33.32933162051884,8.829000000000008,-0.015231142526598636,-0.00022595124737279093,3.6242466936388262,-18.719082645681514,0.02365125071227938,-0.4994424282337925,0.25430311633890806,0.0,0.0,3.6478979443511057,-18.9642219575764
21.400000000000034,0.0,403.0,412.66214392183923,409.6023434439825,0.872406699477107,PILOT_DESC_MINPAY_ACC,caténaire,,19.248770840317825,0.5000010603879121,19.248770840317825,0.2002123144990502,-0.9797525346346053,0.038205264679781054,-0.999269912361394,29.889017021097427,-407.11069437749813,0.0,-25.0,-0.019102672852291374,0.499636015794433,0.008477464874293102,33.32934755714783,8.829000000000008,-0.010625207977998272,-1.6427057751400298e-05,3.853840961201859,-18.859032019402072,0.019102672852291374,-0.499636015794433,0.25435688978480686,0.0,0.0,3.8729436340541503,-19.1043111454117
21.500000000000036,0.0,403.0,412.7493842334439,409.8986832474645,0.872403116046336,PILOT_DESC_MINPAY_ACC,caténaire,,19.152380123535686,0.5000005301939561,19.152380123535686,0.23849861545168163,-0.9711428372940979,0.03884672691033165,-0.9992451810283371,29.88794430596385,-407.16137122202963,0.0,-25.0,-0.019423384051465646,0.49962312030792416,0.008533722891896422,33.32935429512299,8.829000000000008,-0.010889661159569224,-2.2584569094874496e-05,4.567816142067568,-18.59969677410553,0.019423384051465646,-0.49962312030792416,0.25441066300982995,0.0,5.551115123125783e-17,4.587239526119034,-18.844909231403626
21.600000000000037,0.0,403.0,412.83662055036353,410.2052880921607,0.8723631691963296,PILOT_DESC_MINPAY_ACC,caténaire,,19.066629938299474,0.500000265096978,19.066629938299474,0.2693840887348638,-0.9630328201761802,0.03845263627440421,-0.999260423895367,29.886867960936353,-407.2120480739127,0.0,-25.0,-0.01922632833087978,0.4996304768486021,0.008591574072681104,33.32936396513092,8.829000000000008,-0.010634754258198676,-5.558020482965276e-06,5.136246731173676,-18.36179040073613,0.01922632833087978,-0.4996304768486021,0.25446443377260713,0.0,0.0,5.155473059504556,-18.606956443812123
21.70000000000004,0.0,403.0,412.92384812296564,410.04749929664695,0.8722757260209483,PILOT_DESC_MINPAY_ACC,caténaire,,19.083303397479668,0.500000132548489,19.083303397479668,0.291701087119142,-0.9565095272779623,0.038058304700756655,-0.9992755202862242,29.885788070987374,-407.2627249275601,0.0,-25.0,-0.01902915739494911,0.4996378925955724,0.008648259630937337,33.32936628591808,8.829000000000008,-0.010380897764011772,4.178513641761583e-06,5.566620346869235,-18.25336151162521,0.01902915739494911,-0.4996378925955724,0.25451819914555773,0.0,0.0,5.585649504264184,-18.498481205075226
21.80000000000004,0.0,403.0,413.01106471546547,410.3214019339669,0.8721659249983117,PILOT_DESC_MINPAY_ACC,caténaire,,18.982164613347056,0.5000000662742444,18.982164613347056,0.30491556845042284,-0.9523793866503809,0.03777349631987018,-0.9992863268231847,29.884704720737457,-407.3134017797705,0.0,-25.0,-0.01888675066334502,0.49964322963853863,0.008703771817795719,33.32936439573155,8.829000000000008,-0.0101829788455493,7.625370081143501e-06,5.787957513498219,-18.078222291756035,0.01888675066334502,-0.49964322963853863,0.25457195775058766,0.0,5.551115123125783e-17,5.806844264161564,-18.323293563643986
21.90000000000004,0.0,403.0,413.09826620860173,411.1240346291756,0.8720149313628985,PILOT_DESC_MINPAY_ACC,caténaire,,19.12279550819478,0.5000000331371222,19.12279550819478,0.31619798783962966,-0.9486932235903075,0.037550626051404225,-0.9992947265362445,29.883617976160423,-407.36407862941707,0.0,-25.0,-0.018775314270021794,0.49964739638187367,0.008758398160681533,33.32936102330396,8.829000000000008,-0.010016916109340262,8.419685826765999e-06,6.046589461559898,-18.141666514727557,0.018775314270021794,-0.49964739638187367,0.2546257070486646,0.0,5.551115123125783e-17,6.06536477582992,-18.386688204060768
22.000000000000043,0.0,403.0,413.1854546733053,412.92640107493264,0.8718846470355427,PILOT_DESC_MINPAY_ACC,caténaire,,18.885916827832737,0.5000000165685611,18.885916827832737,0.35366094562729866,-0.9353736876446787,0.037418719396906455,-0.9992996744914389,29.882527892610938,-407.414755476246,0.0,-25.0,-0.018709360318427567,0.4996498538026771,0.00881230038626764,33.329357317103124,8.829000000000008,-0.009897059932159927,7.170905796272109e-06,6.679211204369839,-17.6653896678006,0.018709360318427567,-0.4996498538026771,0.25467944831627004,0.0,-5.551115123125783e-17,6.697920564688267,-17.910360073287006
22.100000000000044,0.0,403.0,413.27262469302957,410.68406433456494,0.8717001972428848,PILOT_DESC_MINPAY_ACC,caténaire,,19.00713732743976,0.5000000082842805,19.00713732743976,0.3831363877110573,-0.9236917821501512,0.037338328626171736,-0.9993026814811435,29.88143451004127,-407.4654323206791,0.0,-25.0,-0.018669164622407055,0.4996513490190755,0.008865720050128397,33.329354165696074,8.829000000000008,-0.009803444572278658,5.514715141430315e-06,7.28232593636327,-17.556736551555495,0.018669164622407055,-0.4996513490190755,0.2547331782147502,0.0,5.551115123125783e-17,7.300995100985677,-17.80165472235982
22.200000000000045,0.0,403.0,413.3597770396923,411.0568020396515,0.8715234666274174,PILOT_DESC_MINPAY_ACC,caténaire,,18.972942940204064,0.5000000041421402,18.972942940204064,0.40015393439218594,-0.9164479411240194,0.03725433896489094,-0.9993058161685486,29.880337859656642,-407.5161091632712,0.0,-25.0,-0.018627169636758166,0.4996529122235391,0.008918793562238382,33.32935174411935,8.829000000000008,-0.009708376074519784,4.6563428810486585e-06,7.592097764521104,-17.387714494613512,0.018627169636758166,-0.4996529122235391,0.2547868972199003,0.0,5.551115123125783e-17,7.610724934157862,-17.63258050961715
22.300000000000047,0.0,403.0,413.44691169842747,411.1906019445633,0.8713465873516086,PILOT_DESC_MINPAY_ACC,caténaire,,18.83517710625256,0.5000000020710701,18.83517710625256,0.404469156479289,-0.9145516395791614,0.0372050464197206,-0.9993076525879838,29.879237973146605,-407.56678600430985,0.0,-25.0,-0.018602523286914557,0.4996538283636281,0.008971508484071581,33.329349700729466,8.829000000000008,-0.009631014802842976,3.529093085319346e-06,7.618248196303988,-17.225742104287164,0.018602523286914557,-0.4996538283636281,0.2548406053225571,0.0,5.551115123125783e-17,7.636850719590902,-17.470555327328235
22.40000000000005,0.0,403.0,413.5340250520788,411.4973241675947,0.8711335365129286,PILOT_DESC_MINPAY_ACC,caténaire,,18.940914434503227,0.500000001035535,18.940914434503227,0.3933126033024928,-0.919404805340616,0.037166241430793875,-0.9993090965751826,29.878134876298272,-407.6174628441714,0.0,-25.0,-0.01858312075388388,0.4996545493224109,0.009023956822837333,33.32934815246671,8.829000000000008,-0.009559163931046548,2.7017891071068334e-06,7.449700365164228,-17.414367748627704,0.01858312075388388,-0.4996545493224109,0.2548943002931761,0.0,-5.551115123125783e-17,7.4682834859181115,-17.659127997656938
22.50000000000005,0.0,403.0,413.62111862772724,410.29721628136315,0.8709357564843765,PILOT_DESC_MINPAY_ACC,caténaire,,19.09886573016168,0.5000000005177675,19.09886573016168,0.21745756757314263,-0.9760697753261148,0.03782737240097962,-0.9992842888273774,29.87702859306195,-407.66813968313204,0.0,-25.0,-0.018913686220075596,0.4996421449310856,0.00907616503393236,33.32934696736194,8.829000000000008,-0.009837521186143236,-1.0887706977769085e-05,4.1531928850870115,-18.641825582222545,0.018913686220075596,-0.4996421449310856,0.2549479830730203,0.0,5.551115123125783e-17,4.172106571307087,-18.886519744080612
22.60000000000005,0.0,403.0,413.70819871399345,410.3539879594701,0.870800862662188,PILOT_DESC_MINPAY_ACC,caténaire,,18.90049350112033,0.5000000002588837,18.90049350112033,0.25017658843526397,-0.9682002244365018,0.03849216891054355,-0.9992589018530493,29.875919030651893,-407.7188165257217,0.0,-25.0,-0.01924608446523677,0.4996294511852165,0.009130050749284722,33.32935174090424,8.829000000000008,-0.010116033715952048,-1.880791055697273e-05,4.728460983853163,-18.299462049745348,0.01924608446523677,-0.4996294511852165,0.2550016575382726,0.0,0.0,4.747707068318399,-18.544089843392292
22.700000000000053,0.0,403.0,413.79526372083853,410.3315023033779,0.8706500684509311,PILOT_DESC_MINPAY_ACC,caténaire,,18.95467542941403,0.5000000001294418,18.95467542941403,0.22706405329173254,-0.9738798261093252,0.037546327202824394,-0.9992948880653691,29.874806096230593,-407.7694933745806,0.0,-25.0,-0.01877316360627226,0.4996474441620351,0.009185628361669454,33.32935998721563,8.829000000000008,-0.009587535244602806,7.431377660793714e-06,4.303925431831961,-18.459576011156436,0.01877316360627226,-0.4996474441620351,0.25505532270886405,0.0,0.0,4.322698595438233,-18.70416813260961
22.800000000000054,0.0,403.0,413.8823147188723,411.1928365708613,0.8705099803375884,PILOT_DESC_MINPAY_ACC,caténaire,,19.039678173554375,0.5000000000647209,19.039678173554375,0.23127509263116594,-0.9728883962348639,0.038421482130725965,-0.9992616222545917,29.87368996596421,-407.82017022096227,0.0,-25.0,-0.019210741067849656,0.49963081119196895,0.00923845805769956,33.32935672881255,8.829000000000008,-0.009972283010150096,-1.2459995488711684e-05,4.403403333256376,-18.523481963097257,0.019210741067849656,-0.49963081119196895,0.2551089792446977,0.0,-5.551115123125783e-17,4.422614074324226,-18.768003795044528
22.900000000000055,0.0,403.0,413.9693553475467,411.5538167467424,0.8704062867442106,PILOT_DESC_MINPAY_ACC,caténaire,,18.934570928392912,0.5000000000323604,18.934570928392912,0.22277089969218333,-0.9748708254175703,0.03807570061690481,-0.9992748575955125,29.87257051160349,-407.8708470714973,0.0,-25.0,-0.01903785030968455,0.4996374288300932,0.009293568535472724,33.32936219195957,8.829000000000008,-0.009744281774211827,-3.792103484556719e-07,4.218071401003548,-18.45876078988993,0.01903785030968455,-0.4996374288300932,0.25516262938906065,0.0,0.0,4.237109251313233,-18.703235589330962
23.000000000000057,0.0,403.0,414.05638505212124,410.6985116803034,0.8702970457452632,PILOT_DESC_MINPAY_ACC,caténaire,,18.752402105719028,0.5000000000161802,18.752402105719028,0.2298624950968429,-0.9732231159132289,0.03773321635039477,-0.9992878486121275,29.871447809148847,-407.9215239221587,0.0,-25.0,-0.018866608175807913,0.49964392432223237,0.009347577305142416,33.32936235824812,8.829000000000008,-0.009519030870665498,6.282570346627381e-06,4.310473937079866,-18.250271208185666,0.018866608175807913,-0.49964392432223237,0.25521627280002174,0.0,5.551115123125783e-17,4.329340545255674,-18.494698859707874
23.10000000000006,0.0,403.0,414.1433983403578,410.6862876401322,0.8701328823657392,PILOT_DESC_MINPAY_ACC,caténaire,,18.681814714423364,0.5000000000080901,18.681814714423364,0.2575298717057713,-0.9662703375242401,0.03747620235672856,-0.9992975203896574,29.87032193368391,-407.9722007707259,0.0,-25.0,-0.018738101178667463,0.4996487602029131,0.00940048869183477,33.32935960357061,8.829000000000008,-0.009337612486832693,8.363773517316986e-06,4.811125346636439,-18.051683409671178,0.018738101178667463,-0.4996487602029131,0.25526990609227257,0.0,-5.551115123125783e-17,4.829863447815106,-18.296062263781817
23.20000000000006,0.0,403.0,414.23039012170585,410.89999986879013,0.8699178134806794,PILOT_DESC_MINPAY_ACC,caténaire,,18.825766242104226,0.500000000004045,18.825766242104226,0.29591518449563553,-0.9552142186886218,0.03726845398525965,-0.9993052898576834,29.86919294568148,-408.0228776165052,0.0,-25.0,-0.018634226992780577,0.49965264493288386,0.00945253675384649,33.329355936399814,8.829000000000008,-0.009181690238934087,8.581332693324839e-06,5.570830090803979,-17.98263959216622,0.018634226992780577,-0.49965264493288386,0.2553235261280971,0.0,-5.551115123125783e-17,5.58946431779676,-18.226968710971004
23.30000000000006,0.0,403.0,414.3173621476765,410.97911368056396,0.8697202597064088,PILOT_DESC_MINPAY_ACC,caténaire,,18.76140056004719,0.5000000000020225,18.76140056004719,0.3241869943230047,-0.9459930193779531,0.03713610466593836,-0.9993102169648024,29.868060897115637,-408.07355445942403,0.0,-25.0,-0.018568052333044288,0.4996551084844223,0.009503855813448394,33.32935217389744,8.829000000000008,-0.009064196519595894,7.282381858431108e-06,6.082202056851635,-17.74815396355826,0.018568052333044288,-0.4996551084844223,0.25537713398709266,0.0,0.0,6.10077010918468,-17.99243193805559
23.400000000000063,0.0,403.0,414.4043141783323,411.54439901629814,0.8695203065581503,PILOT_DESC_MINPAY_ACC,caténaire,,18.697116267235366,0.5000000000010112,18.697116267235366,0.33612329600591034,-0.9418179919082684,0.037056705709984976,-0.9993131644093974,29.866925827150954,-408.12423129991544,0.0,-25.0,-0.018528352855029958,0.4996565822057092,0.00955465444415706,33.3293489809185,8.829000000000008,-0.008973698410872899,5.56312420485483e-06,6.284536345548874,-17.60928049728303,0.018528352855029958,-0.4996565822057092,0.25543072952136653,0.0,0.0,6.303064698403904,-17.853506349967372
23.500000000000064,0.0,403.0,414.49124472886444,411.43401294633696,0.8693055053216592,PILOT_DESC_MINPAY_ACC,caténaire,,18.755635498915495,0.5000000000005056,18.755635498915495,0.3298540362175834,-0.944031945852983,0.03701162626923981,-0.9993148350349383,29.865787765953467,-408.17490813855244,0.0,-25.0,-0.01850581313463862,0.49965741751797443,0.00960507927289909,33.32934654169624,8.829000000000008,-0.00890073386173953,3.959214204485306e-06,6.186622071143065,-17.70591907575048,0.01850581313463862,-0.49965741751797443,0.25548431181571146,0.0,-5.551115123125783e-17,6.205127884277704,-17.950092181452742
23.600000000000065,0.0,403.0,414.5781552589309,411.50793391244184,0.8691053006644843,PILOT_DESC_MINPAY_ACC,caténaire,,18.738823278717717,0.5000000000002528,18.738823278717717,0.3142353692675052,-0.9493451072720156,0.03696073955181955,-0.9993167184290388,29.864646737844694,-408.2255849758697,0.0,-25.0,-0.018480369775919117,0.49965835921477203,0.009655225195389496,33.32934480576081,8.829000000000008,-0.008825144580529621,3.1649755740659202e-06,5.888401052626385,-17.789610195685615,0.018480369775919117,-0.49965835921477203,0.25553788176983216,0.0,5.551115123125783e-17,5.9068814224023045,-18.033730673130556
23.700000000000067,0.0,403.0,414.6650467795421,411.19115427816865,0.8689152061119663,PILOT_DESC_MINPAY_ACC,caténaire,,18.648481538931136,0.5000000000001263,18.648481538931136,0.3152340702128299,-0.9490139519401455,0.03695048174827906,-0.9993170977715583,29.86350276802106,-408.27626181213196,0.0,-25.0,-0.0184752408741442,0.4996585488859054,0.00970507415596398,33.329343418029374,8.829000000000008,-0.008770166718180218,1.966915270656955e-06,5.87863673880608,-17.697669162943885,0.0184752408741442,-0.4996585488859054,0.25559144000689576,0.0,0.0,5.897111979680224,-17.941736271822894
23.800000000000068,0.0,403.0,414.75191778291025,411.33354035513656,0.8687100336818103,PILOT_DESC_MINPAY_ACC,caténaire,,18.79680068125174,0.5000000000000632,18.79680068125174,0.34061760230269594,-0.9402019192713671,0.03691330994386613,-0.9993184715339689,29.86235587480852,-408.3269386477386,0.0,-25.0,-0.018456654971935396,0.49965923576704757,0.00975473972781714,33.32934255563206,8.829000000000008,-0.008701915244118256,1.7913991001705654e-06,6.402521179009649,-17.672788076674227,0.018456654971935396,-0.49965923576704757,0.2556449855975313,0.0,5.551115123125783e-17,6.420977833981585,-17.916802326843744
23.90000000000007,0.0,403.0,414.8387723795194,411.9099086854413,0.868545966091471,PILOT_DESC_MINPAY_ACC,caténaire,,18.89641146862537,0.5000000000000315,18.89641146862537,0.3684235573675484,-0.9296580459376667,0.03689364464397557,-0.9993191977465878,29.861206080957565,-408.37761548274807,0.0,-25.0,-0.018446822321988948,0.49965959887332545,0.009804144072153279,33.3293417701731,8.829000000000008,-0.008642678249835669,1.3690464157889437e-06,6.961883134751899,-17.567200961156374,0.018446822321988948,-0.49965959887332545,0.25569852107536084,0.0,-5.551115123125783e-17,6.980329957073888,-17.81116203895434
24.00000000000007,0.0,403.0,414.92561663485355,412.08165990441347,0.8684425533411986,PILOT_DESC_MINPAY_ACC,caténaire,,18.806781282190528,0.5000000000000158,18.806781282190528,0.3708660730789292,-0.9286863603170956,0.03687695152088386,-0.9993198138966958,29.86005340621386,-408.4282923173012,0.0,-25.0,-0.018438475760442514,0.49965990694836365,0.00985333562435418,33.32934116991946,8.829000000000008,-0.008585140136088333,1.0768678180284041e-06,6.97479712138031,-17.465601258237204,0.018438475760442514,-0.49965990694836365,0.2557520501790303,0.0,5.551115123125783e-17,6.993235597140752,-17.709509115006536
24.100000000000072,0.0,403.0,415.01245198690276,411.5913962032348,0.8683535204923005,PILOT_DESC_MINPAY_ACC,caténaire,,18.845178001595627,0.5000000000000079,18.845178001595627,0.3534951126729818,-0.9354363716022143,0.03685870645918028,-0.9993204870101263,29.858897869756778,-408.4789691514954,0.0,-25.0,-0.018429353229590432,0.49966024350507104,0.00990232155906792,33.32934069774685,8.829000000000008,-0.008527031670522512,9.412519119678109e-07,6.661678321016444,-17.62846493201048,0.018429353229590432,-0.49966024350507104,0.25580557379488883,0.0,5.551115123125783e-17,6.680107674246035,-17.872319601720665
24.200000000000074,0.0,403.0,415.09928075605086,411.4340288532885,0.8682876914809575,PILOT_DESC_MINPAY_ACC,caténaire,,18.680806724592568,0.5000000000000039,18.680806724592568,0.33364083167459063,-0.9427002680807338,0.03682526347457115,-0.9993217199531031,29.857739490955804,-408.52964598537585,0.0,-25.0,-0.018412631737285717,0.49966085997655546,0.00995109616756783,33.32934028509118,8.829000000000008,-0.008461535569717887,1.1450677277480281e-06,6.23267989194535,-17.61040150723779,0.018412631737285717,-0.49966085997655546,0.2558590933531755,0.0,0.0,6.251092523682636,-17.854203273861167
24.300000000000075,0.0,403.0,415.1860996659843,414.80966549719636,0.8681890993340451,PILOT_DESC_MINPAY_ACC,caténaire,,18.506526087973043,0.5000000000000019,18.506526087973043,0.33914859266540387,-0.940732816528198,0.036830539862911044,-0.9993215255028816,29.856578291642975,-408.5803228188746,0.0,-25.0,-0.01841526993145559,0.49966076275144267,0.009999614587954841,33.32933978301057,8.829000000000008,-0.00841565534350075,5.457619991489082e-07,6.27646227786164,-17.409696410891453,0.01841526993145559,-0.49966076275144267,0.2559126068344348,0.0,5.551115123125783e-17,6.294877547793096,-17.65344456680846
24.400000000000077,0.0,403.0,415.2729017155268,411.75470885400847,0.8680204954255042,PILOT_DESC_MINPAY_ACC,caténaire,,18.31680066049427,0.5000000000000009,18.31680066049427,0.3696440250434128,-0.9291734470752514,0.036815248480563195,-0.9993220889579668,29.855414287111696,-408.63099965219146,0.0,-25.0,-0.01840762424028163,0.4996610444789843,0.010047986966191575,33.32933954374655,8.829000000000008,-0.008359637274090054,5.882255251776769e-07,6.770695922062944,-17.0194848091017,0.01840762424028163,-0.4996610444789843,0.2559661099232783,0.0,0.0,6.789103546303226,-17.263179743657407
24.500000000000078,0.0,403.0,415.35967730357225,412.6130446535115,0.8677558804542396,PILOT_DESC_MINPAY_ACC,caténaire,,18.34239713096693,0.5000000000000004,18.34239713096693,0.3948069452450657,-0.9187641024693224,0.036791461745020244,-0.9993229649831255,29.85424749603466,-408.6816764853122,0.0,-25.0,-0.01839573087251014,0.49966148249156317,0.010096152911820635,33.32933928579002,8.829000000000008,-0.008299577960689504,7.682815734710857e-07,7.241705779748911,-16.852336037168705,0.01839573087251014,-0.49966148249156317,0.25601959670177155,0.0,5.551115123125783e-17,7.260101510621421,-17.095977922958497
24.60000000000008,0.0,403.0,415.44642193879116,412.07749471294403,0.8674463521891601,PILOT_DESC_MINPAY_ACC,caténaire,,18.4621882372542,0.5000000000000002,18.4621882372542,0.4207928664403727,-0.9071567469588123,0.036780652133702435,-0.9993233628954241,29.853077938431635,-408.7323533181769,0.0,-25.0,-0.018390326066851224,0.4996616814477123,0.010144086742046596,33.32933894895114,8.829000000000008,-0.008246239324804628,6.303988442368791e-07,7.768757109115927,-16.74809862304877,0.018390326066851224,-0.4996616814477123,0.25607306440154665,0.0,0.0,7.787147435182778,-16.991687240094933
24.70000000000008,0.0,403.0,415.53313730963686,411.91665754118543,0.8671537084570531,PILOT_DESC_MINPAY_ACC,caténaire,,18.665343194835316,0.5000000000000001,18.665343194835316,0.4204352111072187,-0.9073225629627143,0.03677156051559489,-0.999323697476072,29.851905632082172,-408.7830301508314,0.0,-25.0,-0.018385780257797447,0.4996618487380361,0.010191824944576076,33.32933867252642,8.829000000000008,-0.008193955313221372,5.212644467178507e-07,7.847567506509274,-16.935487026116636,0.018385780257797447,-0.4996618487380361,0.2561265140633335,0.0,0.0,7.865953286767072,-17.17902236079134
24.800000000000082,0.0,403.0,415.6198314481302,411.6916504932191,0.8669413849334449,PILOT_DESC_MINPAY_ACC,caténaire,,18.377137283733003,0.5,18.377137283733003,0.39546792957599247,-0.9184797856659002,0.03676312855220387,-0.9993240077067368,29.85073059441427,-408.83370698331214,0.0,-25.0,-0.018381564276101936,0.4996620038533684,0.010239371471659682,33.32933844395451,8.829000000000008,-0.008142192804442254,4.478078707847999e-07,7.267568433131669,-16.879029113515912,0.018381564276101936,-0.4996620038533684,0.2561799506379128,0.0,5.551115123125783e-17,7.285949997407771,-17.122511166731368
24.900000000000084,0.0,403.0,415.70650140099434,412.15956935803996,0.8666995286415821,PILOT_DESC_MINPAY_ACC,caténaire,,18.46957067803191,0.5,18.46957067803191,0.36929086903787917,-0.9293138619676605,0.03672652863890216,-0.9993253534730997,29.849552842682098,-408.8843838156436,0.0,-25.0,-0.01836326431945108,0.49966267673654985,0.010286727241771534,33.329338247608476,8.829000000000008,-0.008076537077679547,9.243450165286049e-07,6.8206438064469355,-17.164028055686497,0.01836326431945108,-0.49966267673654985,0.2562333723049425,0.0,0.0,6.839007070766386,-17.4074573601181
25.000000000000085,0.0,403.0,415.7931488020331,411.8387781122366,0.8664740103876801,PILOT_DESC_MINPAY_ACC,caténaire,,18.67044212093379,0.5,18.67044212093379,0.359704879888842,-0.9330661280874757,0.03671163440879598,-0.9993259007446145,29.848372398770902,-408.935060647667,0.0,-25.0,-0.01835581720439799,0.49966295037230724,0.010333809088581163,33.329337842355045,8.829000000000008,-0.008022008115816829,7.927273415475611e-07,6.715849140582065,-17.420757139461006,0.01835581720439799,-0.49966295037230724,0.25628678007146716,0.0,0.0,6.734204957786463,-17.664133309761848
25.100000000000087,0.0,403.0,415.8797813790837,412.0100275012488,0.8663257705060083,PILOT_DESC_MINPAY_ACC,caténaire,,18.76903382070344,0.5,18.76903382070344,0.37075086447272004,-0.9287323599900731,0.03668645916617663,-0.9993268252748189,29.847189280857,-408.9857374794261,0.0,-25.0,-0.018343229583088316,0.49966341263740943,0.0103806794746495,33.32933749474929,8.829000000000008,-0.007962550108438816,9.073866920061846e-07,6.958635514343521,-17.431409075035404,0.018343229583088316,-0.49966341263740943,0.2563401787007749,0.0,5.551115123125783e-17,6.976978743926609,-17.67473230897204
25.200000000000088,0.0,403.0,415.96640739904024,412.47202151771756,0.8662601995653779,PILOT_DESC_MINPAY_ACC,caténaire,,18.503778155591043,0.5,18.503778155591043,0.39888046649210107,-0.9170029299031948,0.03666880334590006,-0.9993274732844982,29.846003508759726,-409.0364143108828,0.0,-25.0,-0.01833440167295003,0.4996637366422491,0.010427307340829431,33.32933709689809,8.829000000000008,-0.007907094332120598,8.335403265391506e-07,7.380795662568505,-16.96801878295572,0.01833440167295003,-0.4996637366422491,0.2563935732884179,0.0,5.551115123125783e-17,7.399130064241455,-17.21128894630955
25.30000000000009,0.0,403.0,416.0530243050192,411.9790055860739,0.8661690597897888,PILOT_DESC_MINPAY_ACC,caténaire,,18.335748807209736,0.5,18.335748807209736,0.42024245811829897,-0.907411855991914,0.03666776247718074,-0.9993275114770518,29.844815100964343,-409.0870911420616,0.0,-25.0,-0.01833388123859037,0.4996637557385259,0.010473713861538126,33.3293367314223,8.829000000000008,-0.007860167377052243,4.871608183520948e-07,7.705460150181488,-16.63807585615171,0.01833388123859037,-0.4996637557385259,0.25644696225838304,0.0,5.551115123125783e-17,7.723794031420079,-16.88129264963185
25.40000000000009,0.0,403.0,416.13962571469654,411.94035546487163,0.8660140967731834,PILOT_DESC_MINPAY_ACC,caténaire,,18.368033211364587,0.5,18.368033211364587,0.4307359872179172,-0.9024779827316599,0.036676654463124056,-0.9993271851687978,29.84362407311317,-409.137767973078,0.0,-25.0,-0.018338327231562028,0.4996635925843989,0.010519947090293505,33.32933651780441,8.829000000000008,-0.007818380141268523,1.1038879677016666e-07,7.911772918548616,-16.576745559340445,0.018338327231562028,-0.4996635925843989,0.25650034167673036,0.0,5.551115123125783e-17,7.930111245780178,-16.819908810248112
25.500000000000092,0.0,403.0,416.22620903664256,412.00029545158094,0.8658332194603796,PILOT_DESC_MINPAY_ACC,caténaire,,18.2801574658114,0.5,18.2801574658114,0.4251929470416059,-0.9051027332773194,0.03665650889384168,-0.999327924335008,29.84243043913528,-409.1884448040576,0.0,-25.0,-0.01832825444692084,0.499663962167504,0.010566035534614448,33.329336469428206,8.829000000000008,-0.0077622189123063914,4.31595701400056e-07,7.772594025272962,-16.545420487045693,0.01832825444692084,-0.499663962167504,0.2565537099461532,0.0,5.551115123125783e-17,7.790922279719883,-16.788530739267042
25.600000000000094,0.0,403.0,416.31277054066595,411.98452991082945,0.8656150402336449,PILOT_DESC_MINPAY_ACC,caténaire,,18.37006453636159,0.5,18.37006453636159,0.41138873894774775,-0.9114599856641991,0.03664304001404467,-0.9993284182982736,29.84123421775109,-409.23912163489337,0.0,-25.0,-0.018321520007022335,0.4996642091491368,0.010611892569571917,33.32933628018533,8.829000000000008,-0.007709627437450418,4.893344609513406e-07,7.557237684002536,-16.743578758962546,0.018321520007022335,-0.4996642091491368,0.25660706476743445,0.0,0.0,7.575559204009559,-16.98663590334425
25.700000000000095,0.0,403.0,416.39931122458535,411.95921095264924,0.8654068391938526,PILOT_DESC_MINPAY_ACC,caténaire,,18.445942712454375,0.5,18.445942712454375,0.41845300799696233,-0.9082384489209285,0.036611504782208114,-0.9993295741233632,29.840035426491085,-409.28979846556604,0.0,-25.0,-0.018305752391104057,0.4996647870616816,0.010657537197246878,33.329336065670184,8.829000000000008,-0.0076482151938571784,8.527318584583554e-07,7.7187602133661795,-16.753314398043866,0.018305752391104057,-0.4996647870616816,0.25666040675561,0.0,0.0,7.737065965757283,-16.996318778349938
25.800000000000097,0.0,403.0,416.4858346141042,412.28090065314603,0.8652338951884547,PILOT_DESC_MINPAY_ACC,caténaire,,18.603370224048458,0.5,18.603370224048458,0.42796152599739307,-0.9037969530076889,0.03659316568020146,-0.9993302458274248,29.838834085826015,-409.34047529595443,0.0,-25.0,-0.01829658284010073,0.4996651229137124,0.01070291502256365,33.3293356917454,8.829000000000008,-0.0075936678175370816,8.146591028435068e-07,7.9615267097782425,-16.813669324168963,0.01829658284010073,-0.4996651229137124,0.2567137380838547,0.0,-5.551115123125783e-17,7.9798232926183434,-17.05662070899882
25.900000000000098,0.0,403.0,416.5723481682454,412.29910501468174,0.8651355414122184,PILOT_DESC_MINPAY_ACC,caténaire,,18.65545113041129,0.5,18.65545113041129,0.4165752318477423,-0.9091012464027314,0.03657489759186531,-0.999330914595433,29.83763021393834,-409.3911521260713,0.0,-25.0,-0.018287448795932654,0.4996654572977165,0.010748064582667664,33.329335334569095,8.829000000000008,-0.00753938421326499,7.91866803240282e-07,7.771398879875309,-16.959693874862147,0.018287448795932654,-0.4996654572977165,0.2567670633497646,0.0,-1.1102230246251565e-16,7.789686328671242,-17.202592268810097
26.0000000000001,0.0,403.0,416.65885843989645,412.792791594475,0.8651027165104931,PILOT_DESC_MINPAY_ACC,caténaire,,18.544121346796814,0.5,18.544121346796814,0.3856074189235074,-0.922662949549374,0.036556996883917114,-0.9993315695898081,29.836423828922594,-409.44182895592417,0.0,-25.0,-0.018278498441958557,0.49966578479490403,0.010792985402889026,33.329334987337205,8.829000000000008,-0.0074855130390695315,7.721321040321527e-07,7.150750768742635,-17.10997369863706,0.018278498441958557,-0.49966578479490403,0.2568203865924117,0.0,-5.551115123125783e-17,7.169029267184594,-17.35281909683955
26.1000000000001,0.0,403.0,416.74536631221383,412.3811446378227,0.8650787231740444,PILOT_DESC_MINPAY_ACC,caténaire,,18.41344011334019,0.5,18.41344011334019,0.3603681596628584,-0.9328101572673856,0.036546817741875834,-0.9993319419056622,29.835214948735835,-409.49250578551965,0.0,-25.0,-0.018273408870937917,0.4996659709528311,0.010837677924841778,33.32933464877863,8.829000000000008,-0.007435730946096139,6.19731451934058e-07,6.6356175267066595,-17.17624396795845,0.018273408870937917,-0.4996659709528311,0.2568737083561563,0.0,0.0,6.653890935577597,-17.419036230555122
26.200000000000102,0.0,403.0,416.8318684894268,412.19141525516534,0.8650217721299696,PILOT_DESC_MINPAY_ACC,caténaire,,18.53290265139538,0.5,18.53290265139538,0.33848807109203,-0.9409706827146086,0.036558078368305824,-0.9993315300269561,29.834003589972095,-409.5431826149086,0.0,-25.0,-0.018279039184152912,0.49966576501347804,0.010882164644097516,33.32933437706444,8.829000000000008,-0.007396874540055396,1.4207790854925406e-07,6.27316647020719,-17.438918060566888,0.018279039184152912,-0.49966576501347804,0.2569270266095498,0.0,0.0,6.291445509391343,-17.681656798970817
26.300000000000104,0.0,403.0,416.91836664626646,412.3782750979998,0.8649815683961529,PILOT_DESC_MINPAY_ACC,caténaire,,18.458241779027205,0.5,18.458241779027205,0.33227132761029177,-0.9431838446708544,0.03654807635724254,-0.9993318958757321,29.832789765583506,-409.59385944425014,0.0,-25.0,-0.01827403817862127,0.49966594793786606,0.010926509297214063,33.329334314781036,8.829000000000008,-0.007347528881407207,2.627188919746004e-07,6.133144501269123,-17.40951544700707,0.01827403817862127,-0.49966594793786606,0.25698034238486356,0.0,0.0,6.151418539447744,-17.652201052560073
26.400000000000105,0.0,403.0,417.0048597149706,412.4722968072052,0.8649306870413891,PILOT_DESC_MINPAY_ACC,caténaire,,18.36236368051623,0.5,18.36236368051623,0.334615398725868,-0.9423547818818178,0.036539201535770054,-0.9993322204107744,29.831573492018624,-409.6445362735041,0.0,-25.0,-0.018269600767885027,0.4996661102053872,0.010970647388424834,33.32933419956046,8.829000000000008,-0.007298953379460193,3.097658449746632e-07,6.144329644505334,-17.303861220987482,0.018269600767885027,-0.4996661102053872,0.25703365502395,0.0,0.0,6.16259924527322,-17.546493676168918
26.500000000000107,0.0,403.0,417.0913442955592,412.47832214974346,0.8648458058860692,PILOT_DESC_MINPAY_ACC,caténaire,,18.340656284612123,0.5,18.340656284612123,0.3148874534197491,-0.9491290174042858,0.03651918759591909,-0.9993329519921446,29.830354785469282,-409.69521310265486,0.0,-25.0,-0.018259593797959547,0.4996664759960723,0.011014581765670968,33.329334063778134,8.829000000000008,-0.007245012032288578,5.39774198671239e-07,5.775242551508429,-17.407649077963644,0.018259593797959547,-0.4996664759960723,0.25708696243112766,0.0,0.0,5.793502145306388,-17.650228591528588
26.600000000000108,0.0,403.0,417.1778178459122,412.75740311511026,0.8647355035296891,PILOT_DESC_MINPAY_ACC,caténaire,,18.225298072378237,0.5,18.225298072378237,0.3046305582263128,-0.9524705890444728,0.03649540277769393,-0.9993338208907443,29.82913366391593,-409.7458899316257,0.0,-25.0,-0.018247701388846967,0.49966691044537215,0.011058278281242125,33.32933382713108,8.829000000000008,-0.007189423107604842,7.37576442588761e-07,5.551982725629525,-17.359060390509192,0.018247701388846967,-0.49966691044537215,0.25714026303948345,0.0,0.0,5.570230427018372,-17.60158703791508
26.70000000000011,0.0,403.0,417.2642756311391,412.9432502215275,0.8645778522693444,PILOT_DESC_MINPAY_ACC,caténaire,,18.469444454680158,0.5,18.469444454680158,0.3142809408689781,-0.9493300217556115,0.036489374113003334,-0.9993340410377509,29.827910145888207,-409.7965667603507,0.0,-25.0,-0.018244687056501667,0.49966702051887546,0.011101725036608091,33.329333503750824,8.829000000000008,-0.007142962019893576,5.242696943241754e-07,5.80459438054421,-17.533598105975575,0.018244687056501667,-0.49966702051887546,0.2571935539305233,0.0,0.0,5.822839067600712,-17.776071572563925
26.80000000000011,0.0,403.0,417.3507224621292,413.1839821790433,0.8644683099008869,PILOT_DESC_MINPAY_ACC,caténaire,,18.384254671294887,0.5,18.384254671294887,0.34374471030591086,-0.9390631363953681,0.036457516490987656,-0.99933520376864,29.826684246873146,-409.8472435889009,0.0,-25.0,-0.018228758245493828,0.49966760188432,0.01114497537827119,33.32933327383307,8.829000000000008,-0.007083782867222638,8.757173830531428e-07,6.319490296174349,-17.263975851917372,0.018228758245493828,-0.49966760188432,0.25724683806958537,0.0,5.551115123125783e-17,6.337719054419843,-17.506396615732108
26.900000000000112,0.0,403.0,417.43715913923893,413.4202098537802,0.8643667710969136,PILOT_DESC_MINPAY_ACC,caténaire,,18.332859078443892,0.5,18.332859078443892,0.36985823440960675,-0.9290882016468666,0.0364505069873501,-0.9993354594631202,29.825455986597127,-409.8979204171592,0.0,-25.0,-0.01822525349367505,0.4996677297315601,0.011187950434667766,33.329332889889116,8.829000000000008,-0.007037303059007283,6.196206712161256e-07,6.780558890433388,-17.03284307223687,0.01822525349367505,-0.4996677297315601,0.2573001159499938,0.0,5.551115123125783e-17,6.7987841439270635,-17.275210686018433
27.000000000000114,0.0,403.0,417.52358492604543,413.4118549351731,0.8642578680648714,PILOT_DESC_MINPAY_ACC,caténaire,,18.410595828726247,0.5,18.410595828726247,0.3933063600820736,-0.9194074761056656,0.03643489052879995,-0.9993360289472978,29.824225380553422,-409.9485972452109,0.0,-25.0,-0.018217445264399976,0.4996680144736489,0.011230725397309998,33.329332618174945,8.829000000000008,-0.0069867198670899786,6.326485859631248e-07,7.241004432338528,-16.926839444490696,0.018217445264399976,-0.4996680144736489,0.25735338711783196,0.0,0.0,7.259221877602928,-17.169154071846513
27.100000000000115,0.0,403.0,417.61000201405614,413.00892415591625,0.8641708801068291,PILOT_DESC_MINPAY_ACC,caténaire,,18.26126545469201,0.5,18.26126545469201,0.40152182223020255,-0.9158494561187105,0.0364304435760677,-0.9993361910692772,29.822992445603095,-409.99927407305177,0.0,-25.0,-0.01821522178803385,0.4996680955346386,0.01127327363632452,33.329332340778244,8.829000000000008,-0.006941948151709331,4.363128738305022e-07,7.332296581597384,-16.724570034719072,0.01821522178803385,-0.4996680955346386,0.2574066529239022,0.0,-5.551115123125783e-17,7.350511803385418,-16.96683147732981
27.200000000000117,0.0,403.0,417.6964075616539,413.059294821313,0.8640554759779163,PILOT_DESC_MINPAY_ACC,caténaire,,18.301338834945852,0.5,18.301338834945852,0.38951936675839155,-0.9210182750196337,0.03640131727537476,-0.9993372524331401,29.821757196670053,-410.0499509007472,0.0,-25.0,-0.01820065863768738,0.49966862621657004,0.011315628895536476,33.32933214951658,8.829000000000008,-0.006885029742150904,7.757331417224123e-07,7.128725913818868,-16.855867524311662,0.01820065863768738,-0.49966862621657004,0.2574599116166872,0.0,0.0,7.146926572456556,-17.098076238911545
27.300000000000118,0.0,403.0,417.78280132375073,412.93249999108104,0.8639376209680976,PILOT_DESC_MINPAY_ACC,caténaire,,18.30366537594688,0.5,18.30366537594688,0.36661889444432455,-0.930371208838935,0.03637528601872317,-0.9993382002941026,29.820519652727096,-410.10062772818407,0.0,-25.0,-0.018187643009361584,0.4996691001470513,0.011357715319703084,33.32933180938786,8.829000000000008,-0.0068299276896585,9.095349042809175e-07,6.710469564408507,-17.02920328200306,0.018187643009361584,-0.4996691001470513,0.2575131630451194,0.0,-5.551115123125783e-17,6.728657207417869,-17.271359219104994
27.40000000000012,0.0,403.0,417.86918356605895,413.22086296017864,0.863822423081986,PILOT_DESC_MINPAY_ACC,caténaire,,18.441174158962216,0.5,18.441174158962216,0.3587468626306637,-0.933434887152101,0.036366346324689956,-0.9993385256533408,29.819279832141575,-410.1513045553177,0.0,-25.0,-0.018183173162344978,0.4996692628266704,0.011399542105037814,33.329331410564684,8.829000000000008,-0.006783631057307164,6.733913480161391e-07,6.615713372753363,-17.213635320023137,0.018183173162344978,-0.4996692628266704,0.25756640737297887,0.0,-5.551115123125783e-17,6.633896545915708,-17.455738175476828
27.50000000000012,0.0,403.0,417.95555892363154,413.22611242189384,0.8637535757256741,PILOT_DESC_MINPAY_ACC,caténaire,,18.553890530053717,0.5,18.553890530053717,0.37427476565190154,-0.9273178526245539,0.03635375895239191,-0.9993389836336973,29.818037750345702,-410.2019813822269,0.0,-25.0,-0.018176879476195954,0.49966949181684867,0.01144116146352582,33.32933111529796,8.829000000000008,-0.006735718012670134,6.071147993225168e-07,6.94425303006689,-17.20535392416046,0.018176879476195954,-0.49966949181684867,0.25761964745722166,0.0,5.551115123125783e-17,6.962429909543086,-17.447403768520086
27.600000000000122,0.0,403.0,418.04193390141984,413.3956624171329,0.8637497778826909,PILOT_DESC_MINPAY_ACC,caténaire,,18.442053724270256,0.5,18.442053724270256,0.3982148527441816,-0.9172921732217766,0.03634309724270355,-0.9993393714263475,29.816793423310493,-410.2526582089337,0.0,-25.0,-0.018171548621351775,0.4996696857131738,0.011482561898420477,33.32933084911677,8.829000000000008,-0.006688986722931297,5.348299367824438e-07,7.343899708110566,-16.916751539408622,0.018171548621351775,-0.4996696857131738,0.25767288730737287,0.0,0.0,7.362071256731918,-17.158748337814423
27.700000000000124,0.0,403.0,418.12830925070443,413.7916336121303,0.863753492845885,PILOT_DESC_MINPAY_ACC,caténaire,,18.21912391352041,0.5,18.21912391352041,0.40248720388690473,-0.9154256117824655,0.036337955281044505,-0.9993395584114504,29.81554686661304,-410.3033350354623,0.0,-25.0,-0.018168977640522253,0.4996697792057252,0.011523749097333329,33.32933061463805,8.829000000000008,-0.006645228543188924,3.938437700412578e-07,7.3329642412218705,-16.678252654674967,0.018168977640522253,-0.4996697792057252,0.2577261273865071,0.0,0.0,7.351133218862393,-16.920196306494184
27.800000000000125,0.0,403.0,418.2146787426612,413.97147288642947,0.863694919567561,PILOT_DESC_MINPAY_ACC,caténaire,,18.259754682551108,0.5,18.259754682551108,0.38559906739139294,-0.9226664398507664,0.03633357141005141,-0.9993397178080088,29.81429809483941,-410.35401186185953,0.0,-25.0,-0.018166785705025706,0.4996698589040044,0.011564739870470216,33.32933044191936,8.829000000000008,-0.00660204583455549,3.0082335911174596e-07,7.040944376387327,-16.84766284549779,0.018166785705025706,-0.4996698589040044,0.2577793638552988,0.0,5.551115123125783e-17,7.059111162092353,-17.089553340546495
27.900000000000126,0.0,403.0,418.3010398447169,414.43508193258225,0.8636110205574483,PILOT_DESC_MINPAY_ACC,caténaire,,18.235326282981692,0.5,18.235326282981692,0.35532631858555963,-0.9347423213487412,0.03631629133111678,-0.9993403459202241,29.813047122383832,-410.4046886881565,0.0,-25.0,-0.01815814566555839,0.49967017296011207,0.01160553633947113,33.329330310025085,8.829000000000008,-0.0065526093260872605,4.829851860677081e-07,6.479491356338381,-17.04533122030602,0.01815814566555839,-0.49967017296011207,0.2578325951527193,0.0,0.0,6.49764950200394,-17.287168798113413
28.000000000000128,0.0,403.0,418.38739047717263,413.9122400002989,0.8635063245574568,PILOT_DESC_MINPAY_ACC,caténaire,,18.25439891192751,0.5,18.25439891192751,0.3407250522813759,-0.9401629852040835,0.03629548581992214,-0.9993411017811166,29.811793965725144,-410.4553655142925,0.0,-25.0,-0.01814774290996107,0.4996705508905583,0.011646098348762684,33.32933009827645,8.829000000000008,-0.0065016445611983855,6.491669992669813e-07,6.219731023631592,-17.16211017414394,0.01814774290996107,-0.4996705508905583,0.25788581999688276,0.0,-5.551115123125783e-17,6.237878766541553,-17.403894905037617
28.10000000000013,0.0,403.0,418.47373021309767,413.8894468024727,0.8633973592503479,PILOT_DESC_MINPAY_ACC,caténaire,,18.1169225195718,0.5,18.1169225195718,0.34867457442302613,-0.9372438536213089,0.03629705549371035,-0.9993410447702459,29.810538641851604,-410.5060423402121,0.0,-25.0,-0.018148527746855176,0.49967052238512294,0.011686414811787288,33.329329813627076,8.829000000000008,-0.0064621129350678885,3.3601219229240087e-07,6.316910249366636,-16.97997427800215,0.018148527746855176,-0.49967052238512294,0.25793903812463737,0.0,-5.551115123125783e-17,6.335058777113491,-17.221705762262637
28.20000000000013,0.0,403.0,418.5600549831795,413.2939102367561,0.8632477008185722,PILOT_DESC_MINPAY_ACC,caténaire,,17.99933298839345,0.5,17.99933298839345,0.3776768736426717,-0.9259374596134975,0.03628474283346211,-0.9993414919022973,29.80928116394042,-410.5567191660197,0.0,-25.0,-0.018142371416731053,0.49967074595114863,0.011726555169830673,33.32932966633018,8.829000000000008,-0.00641581624690038,4.1228132374726556e-07,6.797931810709846,-16.666256662010454,0.018142371416731053,-0.49967074595114863,0.2579922470277384,0.0,5.551115123125783e-17,6.816074182126577,-16.907935160933867
28.300000000000132,0.0,403.0,418.64635914212386,413.79007301356404,0.8630415894434572,PILOT_DESC_MINPAY_ACC,caténaire,,18.017139921479988,0.5,18.017139921479988,0.39378629196646947,-0.9192020214617126,0.036268381395034806,-0.9993420858299644,29.808021547423817,-410.6073959916899,0.0,-25.0,-0.018134190697517403,0.4996710429149822,0.011766476030142798,33.32932948553633,8.829000000000008,-0.006367714667374605,5.284513022729698e-07,7.0949027215206515,-16.561391436782927,0.018134190697517403,-0.4996710429149822,0.2580454432265367,0.0,-5.551115123125783e-17,7.113036912218169,-16.803017036471374
28.400000000000134,0.0,403.0,418.73264028305493,413.09023265899344,0.8628114093110514,PILOT_DESC_MINPAY_ACC,caténaire,,17.86526000444406,0.5,17.86526000444406,0.3945772488244888,-0.9188627725129022,0.03624273024879944,-0.9993430164383562,29.80675980833566,-410.6580728171839,0.0,-25.0,-0.01812136512439972,0.4996715082191781,0.011806164665146699,33.329329253824106,8.829000000000008,-0.006315200459253021,7.620432782573516e-07,7.049225142087712,-16.415722339347333,0.01812136512439972,-0.4996715082191781,0.25809862523748084,0.0,0.0,7.067346507212112,-16.657295222329033
28.500000000000135,0.0,403.0,418.81889302093686,413.6577292642673,0.8625273788193302,PILOT_DESC_MINPAY_ACC,caténaire,,17.56887743689242,0.5,17.56887743689242,0.3790730880284033,-0.9253667348314454,0.0362402775226366,-0.999343105387275,29.805495964180682,-410.70874964242387,0.0,-25.0,-0.0181201387613183,0.4996715526936375,0.011845591988479962,33.329328919677,8.829000000000008,-0.006274546772838339,4.7237062972271815e-07,6.659888623195349,-16.257654748430994,0.0181201387613183,-0.4996715526936375,0.25815178974134,0.0,0.0,6.678008761956668,-16.49917451138329
28.600000000000136,0.0,403.0,418.9051059210016,413.55466520679687,0.8621290006477459,PILOT_DESC_MINPAY_ACC,caténaire,,17.689028058971683,0.5,17.689028058971683,0.36433847110530354,-0.9312665990320118,0.036231240905021014,-0.999343433051162,29.804230028510116,-410.7594264675064,0.0,-25.0,-0.018115620452510507,0.499671716525581,0.011884830592852558,33.32932871256411,8.829000000000008,-0.0062307898596579495,4.290896882253037e-07,6.444793438344558,-16.47320100066039,0.018115620452510507,-0.499671716525581,0.25820492968994646,0.0,5.551115123125783e-17,6.462909058797068,-16.714667787496023
28.700000000000138,0.0,403.0,418.99127657622273,413.6473423915478,0.8617065522108575,PILOT_DESC_MINPAY_ACC,caténaire,,17.974003495740806,0.5,17.974003495740806,0.37323850466781705,-0.9277354249102121,0.036216550917878766,-0.9993439655291928,29.802962015909596,-410.8101032924459,0.0,-25.0,-0.018108275458939383,0.4996719827645964,0.011923859762841967,33.3293285244428,8.829000000000008,-0.006184415696097416,5.072073889778039e-07,6.708590187644415,-16.675119770458736,0.018108275458939383,-0.4996719827645964,0.2582580435996558,0.0,5.551115123125783e-17,6.726698463103354,-16.916533709623675
28.80000000000014,0.0,403.0,419.07741328403966,413.5592365844742,0.8613670781691198,PILOT_DESC_MINPAY_ACC,caténaire,,18.057214906933275,0.5,18.057214906933275,0.3942921441170024,-0.9189851495468341,0.03620669761157685,-0.9993443225675842,29.801691941837177,-410.86078011721634,0.0,-25.0,-0.018103348805788424,0.4996721612837921,0.011962661716183445,33.32932830207684,8.829000000000008,-0.0061406870896049785,4.6336062098362163e-07,7.11981798243622,-16.5943123416474,0.018103348805788424,-0.4996721612837921,0.25831113658484806,0.0,-5.551115123125783e-17,7.1379213312420084,-16.835673366346345
28.90000000000014,0.0,403.0,419.1635247838959,414.07490385879,0.861114998562591,PILOT_DESC_MINPAY_ACC,caténaire,,17.968331473631483,0.5,17.968331473631483,0.39782497257398264,-0.917461329537387,0.036192872154082345,-0.9993448233744137,29.800419820869063,-410.91145694183234,0.0,-25.0,-0.018096436077041173,0.49967241168720683,0.012001251673731433,33.32932809892676,8.829000000000008,-0.00609518440330974,5.106139582267133e-07,7.148250975697674,-16.485249283366418,0.018096436077041173,-0.49967241168720683,0.25836421403234533,0.0,-1.1102230246251565e-16,7.166347411774715,-16.72655748102128
29.000000000000142,0.0,403.0,419.2496146687026,414.58808188047044,0.8608988480664058,PILOT_DESC_MINPAY_ACC,caténaire,,18.02669166049687,0.5,18.02669166049687,0.378856476115883,-0.9254554395026566,0.0361775842964853,-0.9993453769315545,29.799145668172812,-410.96213376627816,0.0,-25.0,-0.01808879214824265,0.4996726884657772,0.012039617132380123,33.329327875065395,8.829000000000008,-0.006049175015862527,5.635311666196685e-07,6.82952887852342,-16.682899853444006,0.01808879214824265,-0.4996726884657772,0.258417278156748,0.0,0.0,6.847617670671663,-16.924155263753036
29.100000000000144,0.0,403.0,419.33568759861043,414.31299609529924,0.86072929907854,PILOT_DESC_MINPAY_ACC,caténaire,,18.17203133747325,0.5,18.17203133747325,0.3441967174493206,-0.9388975554857475,0.036166713264282835,-0.9993457704176562,29.79786949908489,-411.0128105905361,0.0,-25.0,-0.018083356632141417,0.4996728852088281,0.012077753523835794,33.32932762795056,8.829000000000008,-0.006005603108305623,5.131593852070182e-07,6.25475353574448,-17.061675800964032,0.018083356632141417,-0.4996728852088281,0.2584703318304821,0.0,0.0,6.272836892376621,-17.30287835434238
29.200000000000145,0.0,403.0,419.4217513757459,414.5742384529832,0.8606377713542166,PILOT_DESC_MINPAY_ACC,caténaire,,18.119500431557725,0.5,18.119500431557725,0.32448254986428976,-0.945891682400035,0.03615472669265498,-0.9993462041443792,29.796591328129264,-411.063487414623,0.0,-25.0,-0.01807736334632749,0.4996731020721896,0.012115674875227682,33.32932740296766,8.829000000000008,-0.005961688471099808,5.050398357298036e-07,5.87946170229895,-17.139084747454294,0.01807736334632749,-0.4996731020721896,0.25852337986262597,0.0,-5.551115123125783e-17,5.897539065645277,-17.380234469663858
29.300000000000146,0.0,403.0,419.507809611532,416.2024604736403,0.8605823578616466,PILOT_DESC_MINPAY_ACC,caténaire,,17.895822720060032,0.5,17.895822720060032,0.3290312969511439,-0.9443190168722899,0.036155681564374424,-0.9993461695982104,29.79531116994415,-411.11416423854155,0.0,-25.0,-0.018077840782187212,0.4996730847991052,0.012153377723634104,33.32932718149893,8.829000000000008,-0.005924463058553108,2.6629803073774383e-07,5.888285759589101,-16.89936571712788,0.018077840782187212,-0.4996730847991052,0.2585764244791902,0.0,5.551115123125783e-17,5.906363600371288,-17.140462377447793
29.400000000000148,0.0,403.0,419.5938580345356,414.10781313338845,0.8604842300354428,PILOT_DESC_MINPAY_ACC,caténaire,,17.489409642769584,0.5,17.489409642769584,0.3586872451605892,-0.9334577977386592,0.03616011856515499,-0.9993460090606026,29.794029036938014,-411.16484106237135,0.0,-25.0,-0.018080059282577495,0.4996730045303013,0.012190903176852768,33.32932706478297,8.829000000000008,-0.005889156105724727,6.931326623771383e-08,6.2732281642500665,-16.325625808888965,0.018080059282577495,-0.4996730045303013,0.2586294630473469,0.0,-5.551115123125783e-17,6.291308223532644,-16.56666935037192
29.50000000000015,0.0,403.0,419.6798820532363,414.2084099206705,0.8602401870074216,PILOT_DESC_MINPAY_ACC,caténaire,,17.76116807067453,0.5,17.76116807067453,0.3775457928568521,-0.9259909148021328,0.03614347882113399,-0.9993466110107675,29.792744940879842,-411.215517886178,0.0,-25.0,-0.018071739410566993,0.49967330550538375,0.012228262323906553,33.329327034351586,8.829000000000008,-0.005843477086660441,3.3985696035188084e-07,6.705654281306621,-16.44668026971834,0.018071739410566993,-0.49967330550538375,0.2586824865731677,0.0,-1.1102230246251565e-16,6.723726020717188,-16.687671088650553
29.60000000000015,0.0,403.0,419.7658813573791,414.3349532435865,0.8599930414276982,PILOT_DESC_MINPAY_ACC,caténaire,,18.072116344023406,0.5,18.072116344023406,0.4051536631520368,-0.9142486036273098,0.03610001808063348,-0.9993481819138803,29.791458896995977,-411.2661947098714,0.0,-25.0,-0.01805000904031674,0.49967409095694015,0.012265388189030666,33.329326885334986,8.829000000000008,-0.005784620851286072,9.762919148670335e-07,7.321984137690879,-16.52240713211368,0.01805000904031674,-0.49967409095694015,0.2587354948654174,0.0,5.551115123125783e-17,7.340034146731195,-16.763345728205206
29.700000000000152,0.0,403.0,419.8518658189405,414.24273961100835,0.8598446156137105,PILOT_DESC_MINPAY_ACC,caténaire,,18.244635403667598,0.5,18.244635403667598,0.4182157418339902,-0.9083477270749596,0.03609718075088042,-0.9993482844043102,29.790170924905162,-411.31687153323935,0.0,-25.0,-0.01804859037544021,0.4996741422021551,0.012302195543414406,33.32932645727677,8.829000000000008,-0.005746394832025804,5.994789162855341e-07,7.630193729835526,-16.5724731002328,0.01804859037544021,-0.4996741422021551,0.2587884940089898,0.0,-5.551115123125783e-17,7.648242320210966,-16.813358748425966
29.800000000000153,0.0,403.0,419.93784727570494,415.02104892605627,0.8598145676444483,PILOT_DESC_MINPAY_ACC,caténaire,,17.978777337894428,0.5,17.978777337894428,0.40300711238098746,-0.9151968462414727,0.03606443525295499,-0.9993494666581282,29.7888810373494,-411.3675483564075,0.0,-25.0,-0.018032217626477495,0.4996747333290641,0.012338814266643124,33.32932619446025,8.829000000000008,-0.00569340335983437,9.277893084913558e-07,7.24557513908557,-16.45412031891864,0.018032217626477495,-0.4996747333290641,0.2588414913004639,0.0,-5.551115123125783e-17,7.263607356712048,-16.69495356094724
29.900000000000155,0.0,403.0,420.0238252975014,414.4189380084125,0.8597802179646378,PILOT_DESC_MINPAY_ACC,caténaire,,17.982468875521818,0.5,17.982468875521818,0.36538409041679226,-0.9308568453152684,0.0360676174594642,-0.9993493518138679,29.78758925199252,-411.41822517926636,0.0,-25.0,-0.0180338087297321,0.49967467590693393,0.012375148971581021,33.32932578763672,8.829000000000008,-0.005658659758151078,4.635436425814987e-07,6.570508033530817,-16.73910424844824,0.0180338087297321,-0.49967467590693393,0.2588944864746908,0.0,0.0,6.588541842260549,-16.979884437880482
30.000000000000156,0.0,403.0,420.1097998247765,414.62402492273475,0.8597452727507899,PILOT_DESC_MINPAY_ACC,caténaire,,18.149892881116354,0.5,18.149892881116354,0.34106121759463326,-0.940041087321648,0.03606428232882665,-0.999349472176829,29.78629558041572,-411.4689020019707,0.0,-25.0,-0.018032141164413325,0.4996747360884145,0.012411314878165838,33.32932558441188,8.829000000000008,-0.005620826286247486,3.20500291195458e-07,6.19022456524571,-17.061645038736057,0.018032141164413325,-0.4996747360884145,0.258947479494963,0.0,-5.551115123125783e-17,6.208256706410124,-17.30237229532951
30.100000000000158,0.0,403.0,420.19577594525765,414.79014633234783,0.8597612048115822,PILOT_DESC_MINPAY_ACC,caténaire,,17.77854060479478,0.5,17.77854060479478,0.3361317250786537,-0.9418149836330107,0.03604403971243107,-0.9993502024821973,29.785000035230162,-411.5195788245682,0.0,-25.0,-0.018022019856215536,0.49967510124109865,0.012447291223162767,33.3293254438443,8.829000000000008,-0.005574728633052769,5.450853848287807e-07,5.975931522870561,-16.744095928723613,0.018022019856215536,-0.49967510124109865,0.2590004734972563,0.0,0.0,5.993953542726777,-16.984770556467456
30.20000000000016,0.0,403.0,420.28174567356916,414.5532192004226,0.8596972831148239,PILOT_DESC_MINPAY_ACC,caténaire,,17.799349042325584,0.5,17.799349042325584,0.3536105529616407,-0.9353927393529217,0.0360357815031095,-0.9993505003008003,29.783702631801724,-411.57025564698404,0.0,-25.0,-0.01801789075155475,0.49967525015040015,0.01248302394581148,33.3293252048794,8.829000000000008,-0.00553486680574327,4.550297987293561e-07,6.294037657213999,-16.649381859399732,0.01801789075155475,-0.49967525015040015,0.259053463559541,0.0,5.551115123125783e-17,6.312055547965554,-16.89000364599059
30.30000000000016,0.0,403.0,420.3677047926953,414.3833251535593,0.8595911912610731,PILOT_DESC_MINPAY_ACC,caténaire,,17.61671084682675,0.5,17.61671084682675,0.3716388974969633,-0.9283773639351843,0.03603399927907961,-0.9993505645647855,29.782403383417684,-411.6209324692482,0.0,-25.0,-0.018016999639539805,0.4996752822823928,0.01251855183119949,33.329325005393066,8.829000000000008,-0.005498447808340315,2.8767544790753163e-07,6.547054996637488,-16.354955577185386,0.018016999639539805,-0.4996752822823928,0.259106447082531,0.0,0.0,6.565071996277028,-16.59552441238525
30.400000000000162,0.0,403.0,420.45364548282964,414.64628348745373,0.8594069013436431,PILOT_DESC_MINPAY_ACC,caténaire,,17.575889298329365,0.5,17.575889298329365,0.3551728752368019,-0.9348006358021068,0.03601557255393163,-0.9993512288147809,29.781102302217707,-411.6716092914165,0.0,-25.0,-0.018007786276965816,0.49967561440739044,0.012553895934717545,33.32932487925609,8.829000000000008,-0.005453890342248271,4.936634709906684e-07,6.242479136931378,-16.429952490865734,0.018007786276965816,-0.49967561440739044,0.2591594192462502,0.0,-1.1102230246251565e-16,6.260486923208344,-16.670468686026876
30.500000000000163,0.0,403.0,420.53956214353065,414.3467608626266,0.8591666070100981,PILOT_DESC_MINPAY_ACC,caténaire,,17.62477198526458,0.5,17.62477198526458,0.3419853633430145,-0.9397052789354471,0.03601244153047662,-0.9993513416486786,29.779799403054284,-411.7222861134202,0.0,-25.0,-0.01800622076523831,0.4996756708243393,0.012589002842050443,33.329324662796964,8.829000000000008,-0.005417217923187867,3.3362129414626907e-07,6.02741405121849,-16.562091274586706,0.01800622076523831,-0.4996756708243393,0.25921237659869567,0.0,0.0,6.045420271983729,-16.802554568812347
30.600000000000165,0.0,403.0,420.6254534317282,415.0026438294736,0.8589128819756338,PILOT_DESC_MINPAY_ACC,caténaire,,17.690516689659862,0.5,17.690516689659862,0.37137873625171935,-0.9284814668371555,0.03598142143588305,-0.999352459001054,29.77849469815155,-411.7729629353127,0.0,-25.0,-0.017990710717941526,0.499676229500527,0.012623922213922561,33.32932451654687,8.829000000000008,-0.0053667885040189645,7.460473909759457e-07,6.569881731845829,-16.42531688512257,0.017990710717941526,-0.499676229500527,0.25926531831202543,0.0,5.551115123125783e-17,6.5878724425637705,-16.66572779631107
30.700000000000166,0.0,403.0,420.71132123267824,415.3543880966047,0.8586780095006397,PILOT_DESC_MINPAY_ACC,caténaire,,17.619867863603258,0.5,17.619867863603258,0.3882645536766989,-0.9215479566241975,0.03596487843399095,-0.9993530544903678,29.777188204319316,-411.82363975695654,0.0,-25.0,-0.017982439216995477,0.4996765272451839,0.012658564207284837,33.329324189428156,8.829000000000008,-0.005323875009710639,7.166733340113751e-07,6.841170131904328,-16.237553225691947,0.017982439216995477,-0.4996765272451839,0.2593182455482743,0.0,-1.1102230246251565e-16,6.8591525711213235,-16.477911507388857
30.800000000000168,0.0,403.0,420.7971653171521,415.45241852434987,0.8584408447386574,PILOT_DESC_MINPAY_ACC,caténaire,,17.818175373533105,0.5,17.818175373533105,0.38924937561138195,-0.9211324137094238,0.03594609109449834,-0.9993537304353378,29.77587993586208,-411.87431657836146,0.0,-25.0,-0.01797304554724917,0.4996768652176689,0.01269297609758348,33.329323875169884,8.829000000000008,-0.00528006944966569,7.403875414979666e-07,6.935713638681864,-16.412898889720363,0.01797304554724917,-0.4996768652176689,0.2593711581661502,0.0,0.0,6.953686684229113,-16.653204596771882
30.90000000000017,0.0,403.0,420.88299219939523,415.13229296774676,0.8582688224309569,PILOT_DESC_MINPAY_ACC,caténaire,,17.912121164168546,0.5,17.912121164168546,0.37286412064622504,-0.9278859561038292,0.035934652172521585,-0.9993541418202257,29.774569907381693,-411.9249933995196,0.0,-25.0,-0.017967326086260792,0.4996770709101129,0.012727150977640315,33.32932355059336,8.829000000000008,-0.005240175108620477,6.215034602519154e-07,6.678787306786342,-16.620405672262166,0.017967326086260792,-0.4996770709101129,0.2594240601809069,0.0,0.0,6.696754632872603,-16.86065868299137
31.00000000000017,0.0,403.0,420.96880931579534,415.3429264341713,0.8581711640011411,PILOT_DESC_MINPAY_ACC,caténaire,,17.823490186211867,0.5,17.823490186211867,0.3528686096279252,-0.9356728831911583,0.035916542178861754,-0.9993547928528256,29.77325813217627,-411.9756702204706,0.0,-25.0,-0.017958271089430877,0.4996773964264128,0.012761113069791743,33.32932327805675,8.829000000000008,-0.005197158019639134,6.744831537730533e-07,6.2893502007255515,-16.67695645106217,0.017958271089430877,-0.4996773964264128,0.25947695617618866,0.0,5.551115123125783e-17,6.3073084718149826,-16.917156891312395
31.100000000000172,0.0,403.0,421.05461898332646,415.95009306126326,0.8580966753109974,PILOT_DESC_MINPAY_ACC,caténaire,,17.78075483565993,0.5,17.78075483565993,0.3597451942504493,-0.9330505855599183,0.03591036205977604,-0.9993550149455075,29.77194462458484,-412.02634704119674,0.0,-25.0,-0.01795518102988802,0.49967750747275375,0.012794841061388906,33.32932298234144,8.829000000000008,-0.005160339968499114,4.89814183879389e-07,6.396541102274098,-16.590343711109846,0.01795518102988802,-0.49967750747275375,0.2595298475801329,0.0,-5.551115123125783e-17,6.414496283303985,-16.830491371002466
31.200000000000173,0.0,403.0,421.14042160112314,415.23427892747407,0.8580261779665329,PILOT_DESC_MINPAY_ACC,caténaire,,17.803867924535272,0.5,17.803867924535272,0.3867286069767704,-0.9221935721668237,0.03588882141103828,-0.9993557887447926,29.77062939688009,-412.07702386175964,0.0,-25.0,-0.01794441070551914,0.4996778943723963,0.012828374156195258,33.32932276760204,8.829000000000008,-0.005116036549323882,6.619744254976467e-07,6.8852650412539305,-16.418612559713516,0.01794441070551914,-0.4996778943723963,0.2595827346387585,0.0,-5.551115123125783e-17,6.90320945195945,-16.658707719447154
31.300000000000175,0.0,403.0,421.2262183235898,415.5755653999657,0.8579672246668087,PILOT_DESC_MINPAY_ACC,caténaire,,17.731711343193602,0.5,17.731711343193602,0.40433144710733304,-0.9146125304630863,0.03590280893048673,-0.9993552863275907,29.76931246382982,-412.1277006821019,0.0,-25.0,-0.017951404465243365,0.49967764316379537,0.012861662678336681,33.32932247734493,8.829000000000008,-0.005089741786906684,1.205087158950846e-07,7.169488507082981,-16.21764538103931,0.017951404465243365,-0.49967764316379537,0.2596356180636178,0.0,-5.551115123125783e-17,7.187439911548225,-16.457687406139488
31.400000000000176,0.0,403.0,421.3120078882602,415.2758234966212,0.8578956467038575,PILOT_DESC_MINPAY_ACC,caténaire,,17.684620469439643,0.5,17.684620469439643,0.4065078489490592,-0.9136472890250421,0.03587666486554535,-0.9993562252360894,29.767993834198954,-412.1783775024039,0.0,-25.0,-0.017938332432772677,0.4996781126180447,0.012894822910798562,33.329322424482555,8.829000000000008,-0.005043509521974115,5.37100589781403e-07,7.188937026512411,-16.157505549340296,0.017938332432772677,-0.4996781126180447,0.2596884970765511,0.0,-5.551115123125783e-17,7.206875358945184,-16.397495164881793
31.500000000000178,0.0,403.0,421.39778829991013,416.1504468233115,0.8578041164990656,PILOT_DESC_MINPAY_ACC,caténaire,,17.529152356237116,0.5,17.529152356237116,0.4015769853929728,-0.9158252697991535,0.03588669493834007,-0.9993558651083219,29.76667352339825,-412.22905432252696,0.0,-25.0,-0.017943347469170035,0.49967793255416093,0.01292772404713962,33.32932218903186,8.829000000000008,-0.005015623422030414,1.21586019474762e-07,7.039304159711827,-16.053640686001323,0.017943347469170035,-0.49967793255416093,0.25974137044774137,0.0,0.0,7.057247507180997,-16.29357724810774
31.60000000000018,0.0,403.0,421.4835539102478,416.3204980194104,0.8576561033765299,PILOT_DESC_MINPAY_ACC,caténaire,,17.428689661498858,0.5,17.428689661498858,0.42313494656753586,-0.9060666735915679,0.035876908464531274,-0.9993562164909106,29.76535154072307,-412.2797311426095,0.0,-25.0,-0.017938454232265637,0.4996781082454553,0.012960484842805542,33.32932213572086,8.829000000000008,-0.004977969389460095,2.439663049358387e-07,7.374687668660484,-15.79155486665402,0.017938454232265637,-0.4996781082454553,0.2597942346956917,0.0,0.0,7.39262612289275,-16.031438740203782
31.70000000000018,0.0,403.0,421.5692985891855,415.78733555146965,0.8574467893773201,PILOT_DESC_MINPAY_ACC,caténaire,,17.672307789234818,0.5,17.672307789234818,0.4313194116137004,-0.9021992934852096,0.03585184059338606,-0.9993571161131873,29.764027898724763,-412.33040796261065,0.0,-25.0,-0.01792592029669303,0.49967855805659367,0.012993040683902743,33.329322028725,8.829000000000008,-0.004932879612790287,5.867815886517747e-07,7.622409397508976,-15.943943601700818,0.01792592029669303,-0.49967855805659367,0.2598470860419356,0.0,0.0,7.640335317805669,-16.183775073715474
31.800000000000182,0.0,403.0,421.65502640945857,415.0860895555501,0.8572782027306944,PILOT_DESC_MINPAY_ACC,caténaire,,17.76060708603734,0.5,17.76060708603734,0.4434313704726855,-0.8963083284677857,0.035849043762355065,-0.9993572164453133,29.762702612433248,-412.3810847824162,0.0,-25.0,-0.017924521881177533,0.49967860822265664,0.013025341923195858,33.32932177144148,8.829000000000008,-0.004899179957981675,3.7966412946843775e-07,7.875610340588427,-15.918980049859238,0.017924521881177533,-0.49967860822265664,0.25989992699682785,0.0,0.0,7.893534862469604,-16.15875873108507
31.900000000000183,0.0,403.0,421.7407430898639,415.4597787689611,0.8571668040529812,PILOT_DESC_MINPAY_ACC,caténaire,,17.68966385749894,0.5,17.68966385749894,0.42551203634006207,-0.9049527650268459,0.035828346313086554,-0.999357958691714,29.76137569308175,-412.43176160209526,0.0,-25.0,-0.017914173156543277,0.499678979345857,0.013057462183269471,33.329321605003486,8.829000000000008,-0.0048567109732738055,5.843493369184216e-07,7.527164890175571,-16.008310220239125,0.017914173156543277,-0.499678979345857,0.25995276108532306,0.0,-5.551115123125783e-17,7.545079063332115,-16.248036438499657
32.000000000000185,0.0,403.0,421.8264504374049,415.7278584623236,0.8570734754101978,PILOT_DESC_MINPAY_ACC,caténaire,,17.739422404073366,0.5,17.739422404073366,0.3837219194453648,-0.9234486929641327,0.035809000585086966,-0.9993586520749682,29.760047154826594,-412.4824384215795,0.0,-25.0,-0.017904500292543483,0.4996793260374841,0.013089343048364512,33.32932134876673,8.829000000000008,-0.004815157244178971,6.748042125082065e-07,6.80700521474314,-16.3814464329802,0.017904500292543483,-0.4996793260374841,0.2600055894212228,0.0,5.551115123125783e-17,6.824909715035683,-16.621120169596463
32.100000000000186,0.0,403.0,421.9098806848152,415.63452699626015,0.8343024741029385,PILOT_DESC_ACC,caténaire,,17.83278054050769,0.5,17.83278054050769,0.3495197128453491,-0.9369290102950728,0.03579904261906744,-0.9993590088389448,29.75871701151902,-412.5331152408388,0.0,-25.0,-0.01789952130953372,0.4996795044194724,0.013120989517743554,33.329321052901896,8.829000000000008,-0.0047785317917901655,5.573213641696384e-07,6.232908333752378,-16.708049422627106,0.01789952130953372,-0.4996795044194724,0.2600570141970542,0.0,5.551115123125783e-17,6.250807855061912,-16.947671912849522
32.20000000000019,0.0,403.0,421.9896734517209,415.966982231216,0.7979276690562769,PILOT_DESC_ACC,caténaire,,17.851906423682607,0.5,17.851906423682607,0.3274908581277135,-0.9448543474222755,0.03577352653175819,-0.9993599225501699,29.75738527536752,-412.58379205991235,0.0,-25.0,-0.017886763265879096,0.49967996127508496,0.013152433050260108,33.32932080855358,8.829000000000008,-0.004734330215618988,7.698286594859383e-07,5.846336153907458,-16.867451394192155,0.017886763265879096,-0.49967996127508496,0.260106196900911,0.0,0.0,5.864222917173337,-17.10702515856633
32.30000000000019,0.0,403.0,422.0650808229014,416.3822727840078,0.7540737118051918,PILOT_DESC_ACC,caténaire,,17.758171805378193,0.5,17.758171805378193,0.3179203131710816,-0.9481174370684264,0.03576809193230212,-0.9993601170746821,29.756051961105943,-412.6344688787293,0.0,-25.0,-0.01788404596615106,0.49968005853734104,0.01318362283961771,33.32932047104187,8.829000000000008,-0.00470042312653335,5.295792036008606e-07,5.645683541711707,-16.836832339135963,0.01788404596615106,-0.49968005853734104,0.2601526765324518,0.0,5.551115123125783e-17,5.663567587677858,-17.07635972114085
32.40000000000019,0.0,403.0,422.1357631736397,416.13136864067764,0.7068235073828524,PILOT_DESC_ACC,caténaire,,17.681245066851073,0.5,17.681245066851073,0.3180104168088317,-0.9480872189841361,0.03577505958341431,-0.9993598676712022,29.75471708003666,-412.6851456973697,0.0,-25.0,-0.017887529791707154,0.4996799338356011,0.013214625791073702,33.32932023880628,8.829000000000008,-0.004672904000633452,1.7264187590626534e-07,5.622820113408409,-16.76336246360781,0.017887529791707154,-0.4996799338356011,0.26019624375363093,0.0,-5.551115123125783e-17,5.640707643200116,-17.00284615368978
32.50000000000019,0.0,403.0,422.20164829097723,415.78186384899595,0.658851173375293,PILOT_DESC_ACC,caténaire,,17.493679809348,0.5,17.493679809348,0.29541203392181425,-0.9553699441651787,0.03577092615891442,-0.9993600156308703,29.75338064133271,-412.7358225159526,0.0,-25.0,-0.01788546307945721,0.49968000781543515,0.013245483324186971,33.32932016313906,8.829000000000008,-0.004639979755270238,1.709544861228096e-07,5.167843533256468,-16.712935902700313,0.01788546307945721,-0.49968000781543515,0.26023685405379027,0.0,5.551115123125783e-17,5.185728996335925,-16.952379056461957
32.60000000000019,0.0,403.0,422.26283459775215,416.16346624017757,0.6118630677492718,PILOT_DESC_ACC,caténaire,,17.253245404927906,0.5,17.253245404927906,0.28994674554118144,-0.9570427810448586,0.035754136774699144,-0.9993606164460834,29.752042655968843,-412.78649933447844,0.0,-25.0,-0.017877068387349572,0.4996803082230417,0.013276159048391264,33.32932008814476,8.829000000000008,-0.004600909338958308,3.9636779547436163e-07,5.002522355182189,-16.51209396438163,0.017877068387349572,-0.4996803082230417,0.2602745680988461,0.0,-5.551115123125783e-17,5.020399423569539,-16.751499704505825
32.700000000000195,0.0,403.0,422.3195250646694,415.8381014104145,0.5669046691724002,PILOT_DESC_ACC,caténaire,,17.304061709435164,0.5,17.304061709435164,0.2885429091101725,-0.9574669652798673,0.03576079800337493,-0.9993603781049967,29.75070313696853,-412.8371761528722,0.0,-25.0,-0.017880399001687464,0.49968018905249834,0.013306611504740846,33.32931991437932,8.829000000000008,-0.004573787496946619,1.034318088954933e-07,4.992964305062366,-16.56806745194844,0.017880399001687464,-0.49968018905249834,0.26030951099597854,0.0,-5.551115123125783e-17,5.010844704064054,-16.80743813000496
32.800000000000196,0.0,403.0,422.37198243846876,415.8950522741536,0.5245737379937991,PILOT_DESC_ACC,caténaire,,17.414012166891037,0.5,17.414012166891037,0.3273162407295995,-0.9449148525420916,0.03572495866337261,-0.9993616599252246,29.749362093372383,-412.88785297123144,0.0,-25.0,-0.017862479331686304,0.4996808299626123,0.013336919024870905,33.329319868993935,8.829000000000008,-0.004525560306815399,6.989565406456677e-07,5.699888998486281,-16.454758738844035,0.017862479331686304,-0.4996808299626123,0.2603418446971489,0.0,5.551115123125783e-17,5.717751477817967,-16.6940977241095
32.9000000000002,0.0,403.0,422.4204992423899,416.9247138974561,0.4851680392114665,PILOT_DESC_ACC,caténaire,,17.60601019263648,0.5,17.60601019263648,0.3575826761228728,-0.9338814859160688,0.0357216613491694,-0.9993617777914339,29.748019541256134,-412.93852978935774,0.0,-25.0,-0.0178608306745847,0.49968088889571693,0.013366940906805617,33.32931956258654,8.829000000000008,-0.004493889767779081,4.514822506962446e-07,6.295604240529528,-16.441926959752806,0.0178608306745847,-0.49968088889571693,0.2603717495079716,0.0,-5.551115123125783e-17,6.313465071204113,-16.681236099140552
33.0000000000002,0.0,403.0,422.46537798317013,415.8302438496529,0.44878740780225296,PILOT_DESC_ACC,caténaire,,17.71058820805491,0.5,17.71058820805491,0.36943898056756524,-0.9292549917203557,0.03570299184097391,-0.9993624449485798,29.746675491176628,-412.98920660733353,0.0,-25.0,-0.017851495920486956,0.4996812224742899,0.01339678608989438,33.32931936459562,8.829000000000008,-0.004454709830592577,5.870698984722367e-07,6.542981652835748,-16.457652498638698,0.017851495920486956,-0.4996812224742899,0.2603994118876942,0.0,-5.551115123125783e-17,6.5608331487562355,-16.696934309225295
33.1000000000002,0.0,403.0,422.50691838194814,415.91902156020114,0.41540398778038085,PILOT_DESC_ACC,caténaire,,17.71740092701653,0.5,17.71740092701653,0.3608502249164393,-0.932623780083778,0.0356949071927452,-0.9993627337461114,29.745329956193846,-413.0398834251136,0.0,-25.0,-0.0178474535963726,0.4996813668730557,0.013426403915429536,33.329319107162554,8.829000000000008,-0.004421049680943064,4.7403560188286065e-07,6.393328109448645,-16.52366942581399,0.0178474535963726,-0.4996813668730557,0.26042501657857575,0.0,-1.1102230246251565e-16,6.411175563045018,-16.762925776108467
33.2000000000002,0.0,403.0,422.54540941330146,416.0186190820962,0.38491031353319,PILOT_DESC_ACC,caténaire,,17.675951989397305,0.5,17.675951989397305,0.33538745332224346,-0.9420802811618658,0.03570280485712911,-0.999362451628704,29.743982947527837,-413.0905602427357,0.0,-25.0,-0.017851402428564554,0.499681225814352,0.01345583028018984,33.32931889937677,8.829000000000008,-0.004395572148374714,1.2519111436404273e-07,5.928292522770205,-16.652165819975053,0.017851402428564554,-0.499681225814352,0.26044874169890436,0.0,0.0,5.946143925198769,-16.8913983040905
33.3000000000002,0.0,403.0,422.5811246122366,416.05156111649325,0.357151989351464,PILOT_DESC_ACC,caténaire,,17.54026886411363,0.5,17.54026886411363,0.32688190228527186,-0.9450651945545143,0.03569184839966105,-0.9993628429943828,29.74263447367111,-413.1412370603161,0.0,-25.0,-0.017845924199830526,0.4996814214971914,0.013485119000708416,33.3293188444956,8.829000000000008,-0.00436080519912211,2.6599278868388865e-07,5.733596452896589,-16.57669760660204,0.017845924199830526,-0.4996814214971914,0.2604707558503185,0.0,5.551115123125783e-17,5.75144237709642,-16.81590827224891
33.400000000000205,0.0,403.0,422.6143195807802,415.9357308544502,0.3319496854364328,PILOT_DESC_ACC,caténaire,,17.604319734070216,0.5,17.604319734070216,0.3357327323011123,-0.9419572880240535,0.035686038871900014,-0.9993630504624599,29.74128454621265,-413.1919138778078,0.0,-25.0,-0.017843019435950007,0.49968152523122994,0.013514207525253554,33.32931872785443,8.829000000000008,-0.004328811910696452,2.53085651991114e-07,5.910346364621784,-16.58251727421311,0.017843019435950007,-0.49968152523122994,0.26049121658091773,0.0,-5.551115123125783e-17,5.928189384057734,-16.821707582863425
33.500000000000206,0.0,403.0,422.6452309551209,416.0900335083486,0.3091137434068701,PILOT_DESC_ACC,caténaire,,17.799420932516046,0.5,17.799420932516046,0.34158736610303625,-0.9398500259715856,0.035689919432650714,-0.9993629118848122,29.73993317581689,-413.24259069521514,0.0,-25.0,-0.017844959716325357,0.4996814559424061,0.013543113635513452,33.32931861689577,8.829000000000008,-0.004301846080811906,7.283816927383668e-08,6.080057314497406,-16.72878622570439,0.017844959716325357,-0.4996814559424061,0.260510269748629,0.0,-5.551115123125783e-17,6.097902274213731,-16.967957411898166
33.60000000000021,0.0,403.0,422.6740763238835,416.38719990052215,0.2884536876260395,PILOT_DESC_ACC,caténaire,,17.918464097317983,0.5,17.918464097317983,0.37247613437794647,-0.9280417713222084,0.03566775400095437,-0.9993637032254711,29.738580371472434,-413.2932675125982,0.0,-25.0,-0.017833877000477186,0.49968185161273554,0.013571870271926828,33.32931858496899,8.829000000000008,-0.004262006728550358,4.365817147800044e-07,6.674200240959022,-16.629083160248378,0.017833877000477186,-0.49968185161273554,0.26052804947083336,0.0,5.551115123125783e-17,6.6920341179594995,-16.86823696239028
33.70000000000021,0.0,403.0,422.70105474806905,416.0737244079878,0.26978424185533506,PILOT_DESC_ACC,caténaire,,17.837783871546893,0.5,17.837783871546893,0.3958792521018093,-0.9183025741852803,0.03566337494186062,-0.9993638595065144,29.73722614645907,-413.3439443298358,0.0,-25.0,-0.01783168747093031,0.4996819297532572,0.013600390668689255,33.32931839355783,8.829000000000008,-0.0042312968022410555,3.2331107746585985e-07,7.061608538221701,-16.380482847002188,0.01783168747093031,-0.4996819297532572,0.26054467844484563,0.0,-1.1102230246251565e-16,7.079440225692631,-16.6196200983106
33.80000000000021,0.0,403.0,422.72634764444547,416.5884547049588,0.2529289637641312,PILOT_DESC_ACC,caténaire,,17.69276187129024,0.5,17.69276187129024,0.4072241883322951,-0.9133282325851443,0.035668178237998824,-0.9993636880841641,29.735870511013438,-413.39462114696556,0.0,-25.0,-0.017834089118999412,0.49968184404208205,0.013628735174112455,33.329318251793936,8.829000000000008,-0.004205353944886957,9.583600757423483e-08,7.204920592392748,-16.159298929455346,0.017834089118999412,-0.49968184404208205,0.26056026849242014,0.0,5.551115123125783e-17,7.222754681511747,-16.39842050500501
33.90000000000021,0.0,403.0,422.75238912217617,416.05948234109235,0.2604147773068005,PILOT_DESC_MINPAY_ACC,caténaire,,17.669310773566227,0.5,17.669310773566227,0.40187714060736773,-0.9156935971476737,0.03568259668494203,-0.9993631733728333,29.734513473783156,-413.4452979640634,0.0,-25.0,-0.017841298342471015,0.49968158668641666,0.013656935129049714,33.329318209773206,8.829000000000008,-0.0041843632134213014,-2.0354038809955455e-07,7.100892090183752,-16.179674741367005,0.017841298342471015,-0.49968158668641666,0.26057631995092817,0.0,0.0,7.118733388526223,-16.418780008102495
34.00000000000021,0.0,403.0,422.78068950784376,416.7657808764259,0.283003856675947,PILOT_DESC_MINPAY_ACC,caténaire,,17.72508204695454,0.5,17.72508204695454,0.3803312207349094,-0.9248503460205298,0.035679429239243894,-0.9993632864625165,29.733155041765137,-413.4959747812291,0.0,-25.0,-0.017839714619621947,0.49968164323125824,0.013685023252853382,33.329318299048566,8.829000000000008,-0.0041546913667685655,-5.772018596417183e-08,6.7414020925446465,-16.393048264368186,0.017839714619621947,-0.49968164323125824,0.2605937637561915,0.0,0.0,6.759241807164268,-16.632136143843255
34.100000000000215,0.0,403.0,422.8121342118976,416.42786944044434,0.3144470405384493,PILOT_DESC_MINPAY_ACC,caténaire,,17.725951642266818,0.5,17.725951642266818,0.3741284075530818,-0.9273769107875153,0.035668523863947726,-0.9993636757484069,29.731795224849996,-413.54665159841403,0.0,-25.0,-0.017834261931973863,0.49968183787420345,0.013712940748684455,33.329318324320816,8.829000000000008,-0.004121321183289409,1.621950147523421e-07,6.63178206028422,-16.438638274774284,0.017834261931973863,-0.49968183787420345,0.2606131456579267,0.0,1.1102230246251565e-16,6.649616322216193,-16.67770696699056
34.200000000000216,0.0,403.0,422.8471867382799,416.3883561764531,0.35052526382293425,PILOT_DESC_MINPAY_ACC,caténaire,,17.88667861269601,0.5,17.88667861269601,0.37322534086887726,-0.9277407207476183,0.03565742361654236,-0.9993640718682208,29.730434034161128,-413.5973284155449,0.0,-25.0,-0.01782871180827118,0.4996820359341104,0.013740662118282402,33.329318253214566,8.829000000000008,-0.004088049689988778,2.8914866589957455e-07,6.675761722235525,-16.594200107923605,0.01782871180827118,-0.4996820359341104,0.26063475135091557,0.0,5.551115123125783e-17,6.693590434043797,-16.8332473925068
34.30000000000022,0.0,403.0,422.8860356804589,417.0541492826588,0.38848942179000917,PILOT_DESC_MINPAY_ACC,caténaire,,17.912032484856056,0.5,17.912032484856056,0.3490068597158799,-0.937120169386648,0.035655321404882465,-0.9993641468731578,29.72907148078903,-413.64800523257935,0.0,-25.0,-0.017827660702441232,0.4996820734365789,0.013768187346482047,33.32931812640467,8.829000000000008,-0.004059473355959185,1.998412457737686e-07,6.2514222086684414,-16.78572691626745,0.017827660702441232,-0.4996820734365789,0.26065869708049033,0.0,0.0,6.269249869370882,-17.024750292623537
34.40000000000022,0.0,403.0,422.9286867193307,416.44299953887725,0.42651038871801916,PILOT_DESC_MINPAY_ACC,caténaire,,18.047907808034267,0.5,18.047907808034267,0.31758584718230565,-0.9482295237280357,0.03565307048770125,-0.9993642271788594,29.72770757425915,-413.6986820495472,0.0,-25.0,-0.017826535243850625,0.4996821135894297,0.013795547421037481,33.329318038774254,8.829000000000008,-0.004030987822813144,1.5236367545412577e-07,5.731760091082712,-17.113559025099832,0.017826535243850625,-0.4996821135894297,0.26068498634824433,0.0,0.0,5.749586626326562,-17.352556152341016
34.50000000000022,0.0,403.0,422.97503344610976,417.33763516523857,0.463467267790676,PILOT_DESC_MINPAY_ACC,caténaire,,18.049263699752533,0.5,18.049263699752533,0.3110422211069441,-0.950396094630475,0.03563998990280839,-0.99936469375285,29.726342324066657,-413.74935886646426,0.0,-25.0,-0.017819994951404194,0.499682346876425,0.013822742381351961,33.32931797200466,8.829000000000008,-0.003997252570052233,3.1888107798749843e-07,5.614083070515967,-17.153949731200406,0.017819994951404194,-0.499682346876425,0.2607135535658796,0.0,-5.551115123125783e-17,5.631903065467371,-17.392918524510954
34.60000000000022,0.0,403.0,423.0248979922134,416.92382370394415,0.49864546103683804,PILOT_DESC_MINPAY_ACC,caténaire,,18.071028000363413,0.5,18.071028000363413,0.33317960200609914,-0.9428633797147163,0.035644853394314086,-0.9993645202960217,29.724975741456642,-413.80003568327504,0.0,-25.0,-0.017822426697157043,0.49968226014801087,0.013849736190434071,33.32931783218479,8.829000000000008,-0.003972690506722972,9.233279740783473e-08,6.020897917002156,-17.03851053534192,0.017822426697157043,-0.49968226014801087,0.2607442890986738,0.0,-5.551115123125783e-17,6.038720343699313,-17.277448506391256
34.70000000000022,0.0,403.0,423.07806341771993,418.05489961758076,0.5316542550651955,PILOT_DESC_MINPAY_ACC,caténaire,,18.015448176813834,0.5,18.015448176813834,0.3540722217038532,-0.935218082490762,0.03564060801764792,-0.9993646717090477,29.72360783461646,-413.85071250005507,0.0,-25.0,-0.01782030400882396,0.4996823358545239,0.013876590219288483,33.32931779173423,8.829000000000008,-0.003943713789535478,1.2758874845530954e-07,6.378769760955106,-16.84837289913153,0.01782030400882396,-0.4996823358545239,0.2607770592290943,0.0,5.551115123125783e-17,6.39659006496393,-17.087278175756957
34.800000000000225,0.0,403.0,423.13429235565843,417.1869319662154,0.5622893793849019,PILOT_DESC_MINPAY_ACC,caténaire,,17.87691347648653,0.5,17.87691347648653,0.35696795811467663,-0.9341166291633173,0.035647733213738535,-0.9993644175758521,29.72223861320501,-413.9013893167926,0.0,-25.0,-0.017823866606869267,0.4996822087879261,0.013903274100773187,33.32931773580628,8.829000000000008,-0.0039205925060960805,-5.5405806165254035e-08,6.381485301094141,-16.699122156499875,0.017823866606869267,-0.4996822087879261,0.260811717648774,0.0,1.1102230246251565e-16,6.39930916770101,-16.937992647639028
34.900000000000226,0.0,403.0,423.1933392024011,417.7631221398645,0.5904684674266975,PILOT_DESC_MINPAY_ACC,caténaire,,17.732377520778538,0.5,17.732377520778538,0.3374149407975816,-0.9413560207097869,0.03564158698692373,-0.9993646367953258,29.720868084929396,-413.95206613354856,0.0,-25.0,-0.017820793493461867,0.4996823183976629,0.013929826945591443,33.32931776010653,8.829000000000008,-0.0038909665478704236,7.850417915733487e-08,5.983169111373857,-16.692480340683762,0.017820793493461867,-0.4996823183976629,0.26084811297243105,0.0,0.0,6.0009899048673185,-16.931314546108993
35.00000000000023,0.0,403.0,423.2549603533166,417.2503612866179,0.6162115091551262,PILOT_DESC_MINPAY_ACC,caténaire,,17.704334008213035,0.5,17.704334008213035,0.31394198909075555,-0.9494421664776321,0.03565145268056637,-0.9993642848940346,29.719496259664933,-414.00274295027833,0.0,-25.0,-0.017825726340283184,0.4996821424470173,0.013956204188933119,33.329317725637566,8.829000000000008,-0.0038695221513500647,-1.319154279144641e-07,5.558133834065509,-16.809241236801405,0.017825726340283184,-0.4996821424470173,0.26088609504692634,0.0,0.0,5.575959560405792,-17.048037284201495
35.10000000000023,0.0,403.0,423.31892426607425,416.98951617670224,0.639639127576502,PILOT_DESC_MINPAY_ACC,caténaire,,17.45922544126228,0.5,17.45922544126228,0.32615456502517326,-0.9453164547987304,0.035634719835132354,-0.9993648816834979,29.71812314455975,-414.0534197670521,0.0,-25.0,-0.017817359917566177,0.49968244084174895,0.013982460802846184,33.32931778350953,8.829000000000008,-0.003834899114719993,2.243512753352661e-07,5.694406079471338,-16.504493097665858,0.017817359917566177,-0.49968244084174895,0.2609255211540872,0.0,5.551115123125783e-17,5.712223439388904,-16.74325001735352
35.20000000000023,0.0,403.0,423.38500743192924,417.2119853895693,0.6608316585496372,PILOT_DESC_MINPAY_ACC,caténaire,,17.740613704753105,0.5,17.740613704753105,0.35324057990826496,-0.9355325182515424,0.03561763441994849,-0.9993654907581745,29.716748751154864,-414.1040965837511,0.0,-25.0,-0.017808817209974244,0.49968274537908725,0.014008506828049914,33.32931768511224,8.829000000000008,-0.00380031038192433,4.304913190367188e-07,6.2667046729955,-16.596921014535496,0.017808817209974244,-0.49968274537908725,0.2609662535274866,0.0,-5.551115123125783e-17,6.284513490205474,-16.835637506387098
35.30000000000023,0.0,403.0,423.45301390348504,417.98884754289986,0.6800647155578236,PILOT_DESC_MINPAY_ACC,caténaire,,17.59310259727689,0.5,17.59310259727689,0.3637844902507982,-0.9314831424416476,0.03559376934170769,-0.9993663410301797,29.71537309097985,-414.15477340030657,0.0,-25.0,-0.017796884670853844,0.49968317051508987,0.014034341841369589,33.3293174963928,8.829000000000008,-0.0037625428294842545,6.66907880031431e-07,6.400097860280367,-16.38767849260979,0.017796884670853844,-0.49968317051508987,0.2610081713889744,0.0,-5.551115123125783e-17,6.41789474495122,-16.62635349173591
35.40000000000023,0.0,403.0,423.5227581084588,417.4229102800644,0.6974420497374164,PILOT_DESC_MINPAY_ACC,caténaire,,17.629895069916373,0.5,17.629895069916373,0.35106848675463204,-0.9363497837922603,0.03558848944653449,-0.9993665290667453,29.71399617662389,-414.20545021663975,0.0,-25.0,-0.017794244723267245,0.49968326453337264,0.014059943553269002,33.3293172039674,8.829000000000008,-0.0037343011699982435,4.6850076529381113e-07,6.189300583838489,-16.50774843699643,0.017794244723267245,-0.49968326453337264,0.26105116035541803,0.0,5.551115123125783e-17,6.207094828561756,-16.746380541174386
35.500000000000234,0.0,403.0,423.59407210719047,417.1323546845044,0.7131399873169612,PILOT_DESC_MINPAY_ACC,caténaire,,17.77442771676142,0.5,17.77442771676142,0.32956507299978854,-0.9441328628210355,0.035582417268655984,-0.9993667452848926,29.712618017500876,-414.2561270328168,0.0,-25.0,-0.017791208634327992,0.4996833726424463,0.014085376166862945,33.32931699857425,8.829000000000008,-0.0037058324674650468,3.7121668583495193e-07,5.8578305680039415,-16.78142132523152,0.017791208634327992,-0.4996833726424463,0.26109511691208964,0.0,5.551115123125783e-17,5.87562177663827,-17.02000958096188
35.600000000000236,0.0,403.0,423.6668073389904,417.36130597717045,0.727352317999505,PILOT_DESC_MINPAY_ACC,caténaire,,17.708656677792522,0.5,17.708656677792522,0.3329686559298296,-0.9429378951809514,0.03557299094379568,-0.9993670808643401,29.711238623100375,-414.30680384887006,0.0,-25.0,-0.01778649547189784,0.49968354043217006,0.014110637612394217,33.3293168358,8.829000000000008,-0.003675857859503622,3.762321654221523e-07,5.896427612327377,-16.69816345423978,0.01778649547189784,-0.49968354043217006,0.26113994948908004,0.0,1.1102230246251565e-16,5.914214107799276,-16.936707045182867
35.70000000000024,0.0,403.0,423.74082559965234,417.411718306774,0.7401826066193561,PILOT_DESC_MINPAY_ACC,caténaire,,17.434808897364015,0.5,17.434808897364015,0.36334037357903665,-0.931656467227833,0.03556573966454825,-0.9993673389510553,29.709858003413917,-414.35748066479795,0.0,-25.0,-0.017782869832274124,0.49968366947552767,0.014135717089396805,33.32931667085742,8.829000000000008,-0.0036471527428773194,3.403329458251392e-07,6.334769978047353,-16.243252464110547,0.017782869832274124,-0.49968366947552767,0.26118557290001454,0.0,0.0,6.352552847879627,-16.48175056068606
35.80000000000024,0.0,403.0,423.81373162067746,418.61110712092943,0.7290602102512816,PILOT_DESC_ACC,caténaire,,17.496152270638138,0.5,17.496152270638138,0.38495899511674414,-0.9229336769663931,0.035559542125663236,-0.999367559491408,29.70847616800988,-414.4081574806124,0.0,-25.0,-0.017779771062831618,0.499683779745704,0.014160622725811948,33.32931652161653,8.829000000000008,-0.00361914833701967,3.0136222761711906e-07,6.735301196514399,-16.147788147903963,0.017779771062831618,-0.499683779745704,0.26123051074814935,0.0,5.551115123125783e-17,6.7530809675772305,-16.38624141690152
35.90000000000024,0.0,403.0,423.88404975010064,418.3263225215119,0.7031812942318563,PILOT_DESC_ACC,caténaire,,17.53685806537655,0.5,17.53685806537655,0.3965855097425822,-0.9179977851074675,0.03556490269796838,-0.9993673687368845,29.707093126223064,-414.45883429632636,0.0,-25.0,-0.01778245134898419,0.49968368436844224,0.014185358795538363,33.329316389497976,8.829000000000008,-0.003597092553445827,7.386640987760984e-08,6.954863795140673,-16.098796861759702,0.01778245134898419,-0.49968368436844224,0.2612738534704198,0.0,0.0,6.972646246489657,-16.337206692657723
36.00000000000024,0.0,403.0,423.9509279639319,417.55184609948697,0.6687821383126626,PILOT_DESC_ACC,caténaire,,17.461326172605048,0.5,17.461326172605048,0.4110746824060256,-0.9116016704047799,0.035559050546120706,-0.9993675769826927,29.705708885405397,-414.50951111201573,0.0,-25.0,-0.017779525273060353,0.49968378849134637,0.014209965507863954,33.32931635712257,8.829000000000008,-0.0035695597651963992,1.4561391026290949e-07,7.177909110791643,-15.917774106429464,0.017779525273060353,-0.49968378849134637,0.26131507589587133,0.0,0.0,7.195688636064704,-16.15614281902494
36.10000000000024,0.0,403.0,424.01393268452534,417.3909592433247,0.6300472059341907,PILOT_DESC_ACC,caténaire,,17.628746868887983,0.5,17.628746868887983,0.3932126943077045,-0.9194475390337807,0.03555032452768096,-0.9993678874298375,29.704323454734475,-414.56018792765656,0.0,-25.0,-0.01777516226384048,0.49968394371491875,0.014234404955394847,33.32931629326902,8.829000000000008,-0.003540757308445634,2.3698392936921664e-07,6.931847053583954,-16.208707924848525,0.01777516226384048,-0.49968394371491875,0.26135391077570697,0.0,-5.551115123125783e-17,6.9496222158477945,-16.44703795778774
36.200000000000244,0.0,403.0,424.0729069627611,417.290538912496,0.5897427823577277,PILOT_DESC_ACC,caténaire,,17.698494328983564,0.5,17.698494328983564,0.35654911970753855,-0.934276578554648,0.03551812482906419,-0.9993690323442223,29.702936843811116,-414.6108647432184,0.0,-25.0,-0.017759062414532095,0.4996845161721111,0.014258667948189177,33.32931618933874,8.829000000000008,-0.003500394466342918,7.055108426357037e-07,6.310382573147953,-16.535288727251604,0.017759062414532095,-0.4996845161721111,0.26139026136955307,0.0,-5.551115123125783e-17,6.328141635562485,-16.77358298205416
36.300000000000246,0.0,403.0,424.1278728339645,417.62504198500574,0.5496587120338242,PILOT_DESC_ACC,caténaire,,17.510379977496086,0.5,17.510379977496086,0.3305988503995741,-0.9437713706796155,0.03549676627916589,-0.9993697912103019,29.7015490660896,-414.661541558545,0.0,-25.0,-0.017748383139582945,0.49968489560515095,0.014282674664135691,33.32931588001532,8.829000000000008,-0.003465708475447254,7.756204638553754e-07,5.788911490619927,-16.525795312482376,0.017748383139582945,-0.49968489560515095,0.26142414125955393,0.0,1.1102230246251565e-16,5.80665987375951,-16.764056066827973
36.40000000000025,0.0,403.0,424.1789644326014,417.54738372375436,0.5109159863687502,PILOT_DESC_ACC,caténaire,,17.226768873892667,0.5,17.226768873892667,0.3224474775255953,-0.9465873568970699,0.035490909256748034,-0.9993699992295794,29.70016013313193,-414.71221837361315,0.0,-25.0,-0.017745454628374017,0.4996849996147897,0.014306463386861085,33.329315539961456,8.829000000000008,-0.003438991241512932,5.395762414650562e-07,5.5547281693031305,-16.306641616214772,0.017745454628374017,-0.4996849996147897,0.26145563312357595,0.0,-5.551115123125783e-17,5.572473623931504,-16.544870982705987
36.50000000000025,0.0,403.0,424.2263824915623,417.654162473011,0.47418058960869114,PILOT_DESC_ACC,caténaire,,17.351884399869498,0.5,17.351884399869498,0.33866202980827415,-0.9409080877355342,0.03549200934746179,-0.9993699601611405,29.698770053843845,-414.76289518850143,0.0,-25.0,-0.017746004673730897,0.4996849800805703,0.014330088287862325,33.32931530338924,8.829000000000008,-0.003415916385868571,2.8346980229798646e-07,5.876424391858331,-16.326528369289257,0.017746004673730897,-0.4996849800805703,0.26148486068945415,0.0,5.551115123125783e-17,5.894170396532061,-16.564728488680373
36.60000000000025,0.0,403.0,424.27036367875843,418.37087851792927,0.43981187196159316,PILOT_DESC_ACC,caténaire,,17.64762394451397,0.5,17.64762394451397,0.36864506521460505,-0.9295702318237821,0.035484892083371994,-0.9993702129010207,29.697378835916965,-414.81357200329523,0.0,-25.0,-0.017742446041685997,0.49968510645051034,0.014353573965656017,33.32931517912152,8.829000000000008,-0.0033888720760299803,2.85572028246861e-07,6.5057094799081785,-16.40470588124078,0.017742446041685997,-0.49968510645051034,0.261511969834669,0.0,5.551115123125783e-17,6.523451925949865,-16.64287901785662
36.70000000000025,0.0,403.0,424.31116020112694,418.2379470545471,0.40796522368507365,PILOT_DESC_ACC,caténaire,,17.724772360078966,0.5,17.724772360078966,0.3847200205434069,-0.9230333178131115,0.03549293897647539,-0.9993699271455052,29.695986488366056,-414.8642488179938,0.0,-25.0,-0.017746469488237694,0.4996849635727526,0.01437689270588658,33.32931505388181,8.829000000000008,-0.0033695767823511136,1.7454553358220437e-08,6.819074786496791,-16.36055543900582,0.017746469488237694,-0.4996849635727526,0.2615371160146531,0.0,1.1102230246251565e-16,6.836821255985028,-16.59870328656392
36.80000000000025,0.0,403.0,424.349026488983,417.5794604789264,0.37866287856031416,PILOT_DESC_ACC,caténaire,,17.509594979492434,0.5,17.509594979492434,0.3761559788042087,-0.9265563553340119,0.03548469559233209,-0.9993702198778588,29.69459301762289,-414.9149256326866,0.0,-25.0,-0.017742347796166045,0.4996851099389294,0.014400097440660762,33.32931504625527,8.829000000000008,-0.003342250355505283,1.561941900263264e-07,6.586338837976235,-16.223626507573222,0.017742347796166045,-0.4996851099389294,0.26156045605528594,0.0,-5.551115123125783e-17,6.604081185772401,-16.461751161456867
36.900000000000254,0.0,403.0,424.3842107404605,417.9242382196841,0.35184251477490625,PILOT_DESC_ACC,caténaire,,17.581162149731863,0.5,17.581162149731863,0.3440644743570425,-0.93894602479877,0.03549106057517145,-0.9993699938557539,29.69319843279627,-414.96560244732734,0.0,-25.0,-0.017745530287585725,0.49968499692787693,0.014423132475351897,33.32931497776597,8.829000000000008,-0.0033223978122338283,-2.5306164275207266e-08,6.049053313633425,-16.507762311833332,0.017745530287585725,-0.49968499692787693,0.2615821429410521,0.0,0.0,6.066798843921011,-16.745865165820156
37.000000000000256,0.0,403.0,424.4169497814752,417.89620787639666,0.32739041014685205,PILOT_DESC_ACC,caténaire,,17.86339548075906,0.5,17.86339548075906,0.3222816061995075,-0.9466438434308151,0.03549113592481565,-0.9993699911798264,29.69180274050371,-415.0162792619765,0.0,-25.0,-0.017745567962407824,0.4996849955899132,0.01444604893035027,33.329314988831925,8.829000000000008,-0.0032995190320575535,-1.557816631247988e-08,5.757043787716054,-16.91027335463041,0.017745567962407824,-0.4996849955899132,0.2616023226468227,0.0,5.551115123125783e-17,5.774789355678461,-17.1483560275735
37.10000000000026,0.0,403.0,424.44746616866786,417.95187014878223,0.30516387192677236,PILOT_DESC_ACC,caténaire,,17.664831305438486,0.5,17.664831305438486,0.2915741525758194,-0.9565482285539464,0.035470775637241395,-0.9993707140374349,29.690405948371478,-415.06695607663085,0.0,-25.0,-0.017735387818620697,0.49968535701871747,0.014468825581120094,33.32931499571077,8.829000000000008,-0.003266562237500603,3.5272947940256927e-07,5.150608218278033,-16.89726309292148,0.017735387818620697,-0.49968535701871747,0.2616211323521667,0.0,5.551115123125783e-17,5.168343606096654,-17.13532731758803
37.20000000000026,0.0,403.0,424.4782351763454,418.4783858486811,0.3076900767750962,PILOT_DESC_MINPAY_ACC,caténaire,,17.511232185376116,0.5,17.511232185376116,0.2845732156781592,-0.9586543093934288,0.03547901093978862,-0.9993704217069536,29.689008067385164,-415.1176328911676,0.0,-25.0,-0.01773950546989431,0.4996852108534768,0.014491392404076504,33.32931484101167,8.829000000000008,-0.0032481130658178065,5.1865143291252025e-08,4.983227653479361,-16.787218197299723,0.01773950546989431,-0.4996852108534768,0.26164009776784614,0.0,0.0,5.000967158949255,-17.025263310385355
37.30000000000026,0.0,403.0,424.5108040402079,418.92171098165426,0.32568863862525477,PILOT_DESC_MINPAY_ACC,caténaire,,17.526308566077446,0.5,17.526308566077446,0.3100366762765138,-0.9507245970118855,0.035472709440753064,-0.9993706453988589,29.687609103694495,-415.1683097056871,0.0,-25.0,-0.017736354720376532,0.49968532269942945,0.01451384920831213,33.3293148182816,8.829000000000008,-0.003222505512064402,1.4098102241177912e-07,5.433798455223244,-16.662692648589935,0.017736354720376532,-0.49968532269942945,0.2616601725797423,0.0,0.0,5.451534809943621,-16.900717798709625
37.40000000000026,0.0,403.0,424.54609397484415,418.135081790969,0.3528993463622966,PILOT_DESC_MINPAY_ACC,caténaire,,17.493922556610826,0.5,17.493922556610826,0.3391037825924058,-0.9407489700401072,0.03545875160003899,-0.9993711407354962,29.68620906583532,-415.21898652015955,0.0,-25.0,-0.017729375800019494,0.4996855703677481,0.014536146148802514,33.32931475644683,8.829000000000008,-0.00319322965121698,3.268145647439269e-07,5.932255311325342,-16.457389627093033,0.017729375800019494,-0.4996855703677481,0.2616819246065443,0.0,5.551115123125783e-17,5.949984687125362,-16.695393272854236
37.50000000000026,0.0,403.0,424.58460274125105,418.88893414613335,0.38508766406896333,PILOT_DESC_MINPAY_ACC,caténaire,,17.42745572938157,0.5,17.42745572938157,0.33908088397674985,-0.9407572237945059,0.0354404829465536,-0.9993717887595761,29.684807963566264,-415.2696633345231,0.0,-25.0,-0.0177202414732768,0.49968589437978805,0.014558257406927783,33.32931461318755,8.829000000000008,-0.003161984066349018,5.075673286114579e-07,5.9093170941843765,-16.395004869774663,0.0177202414732768,-0.49968589437978805,0.2617056606584139,0.0,5.551115123125783e-17,5.927037335657653,-16.632985103496036
37.600000000000264,0.0,403.0,424.62654536942784,418.26483599226015,0.41942628176823893,PILOT_DESC_MINPAY_ACC,caténaire,,17.412092859611906,0.5,17.412092859611906,0.317337371347204,-0.9483127083122143,0.03546532337020112,-0.9993709075404622,29.68340580730252,-415.32034014871743,0.0,-25.0,-0.01773266168510056,0.4996854537702311,0.014580168865882075,33.32931439059732,8.829000000000008,-0.0031524928192184845,-1.5563245625571653e-07,5.525507777722663,-16.512108937082335,0.01773266168510056,-0.4996854537702311,0.2617315132756447,0.0,0.0,5.5432404394077635,-16.75006287757692
37.700000000000266,0.0,403.0,424.671953851085,417.94072071670695,0.45408481657164457,PILOT_DESC_MINPAY_ACC,caténaire,,17.57994249694643,0.5,17.57994249694643,0.3145409736899212,-0.9492438969359752,0.035446699813271164,-0.9993715682729561,29.682002600207834,-415.37101696296367,0.0,-25.0,-0.017723349906635582,0.4996857841364781,0.014602030956681828,33.32931445886231,8.829000000000008,-0.003121318949953754,2.4299878020883625e-07,5.529612230402354,-16.687653123711787,0.017723349906635582,-0.4996857841364781,0.26175950217730254,0.0,0.0,5.54733558030899,-16.925579405670963
37.80000000000027,0.0,403.0,424.7207494004487,418.2188810756842,0.4879554936371211,PILOT_DESC_MINPAY_ACC,caténaire,,17.567747975906702,0.5,17.567747975906702,0.31720322600791595,-0.9483575873109104,0.03543954735593153,-0.9993718219377644,29.6805983526735,-415.4216937771289,0.0,-25.0,-0.017719773677965765,0.4996859109688822,0.014623692997082844,33.32931435231509,8.829000000000008,-0.0030960806808829205,2.6328396529606835e-07,5.572546331651641,-16.660507084917008,0.017719773677965765,-0.4996859109688822,0.26178957880137455,0.0,5.551115123125783e-17,5.590266105329607,-16.898403417084516
37.90000000000027,0.0,403.0,424.7727804041973,419.50609250631123,0.5203100374859198,PILOT_DESC_MINPAY_ACC,caténaire,,17.527184813214635,0.5,17.527184813214635,0.31155884167929526,-0.9502268614238685,0.03543046044836108,-0.9993721441347146,29.67919307311227,-415.47237059120636,0.0,-25.0,-0.01771523022418054,0.4996860720673573,0.014645195744869772,33.32931423687024,8.829000000000008,-0.003070034479310769,3.089375866238697e-07,5.4607493983040865,-16.654801814657034,0.01771523022418054,-0.4996860720673573,0.26182164969636895,0.0,-5.551115123125783e-17,5.478464628528267,-16.892666237028024
38.00000000000027,0.0,403.0,424.8278530650126,419.2521447838094,0.5507266081529348,PILOT_DESC_MINPAY_ACC,caténaire,,17.300185648519086,0.5,17.300185648519086,0.3305103402092303,-0.9438023707401771,0.035430220946037316,-0.9993721526256947,29.677786770206215,-415.5230474051808,0.0,-25.0,-0.017715110473018658,0.49968607631284734,0.014666533196302548,33.32931410138704,8.829000000000008,-0.0030485772767161103,1.7769988147620097e-07,5.717890244374887,-16.327956229317504,0.017715110473018658,-0.49968607631284734,0.26185559540940195,0.0,5.551115123125783e-17,5.735605354847905,-16.56578671022095
38.10000000000027,0.0,403.0,424.8857472305167,418.8209835620759,0.5789416550405734,PILOT_DESC_MINPAY_ACC,caténaire,,17.651684890224406,0.5,17.651684890224406,0.36565402569939776,-0.9307508439372075,0.03542044077255153,-0.9993724993091806,29.676379451107735,-415.57372421909605,0.0,-25.0,-0.017710220386275764,0.4996862496545903,0.014687736885314419,33.32931402347672,8.829000000000008,-0.0030224835009613447,2.7313129891126664e-07,6.4544096404877855,-16.42932060849002,0.017710220386275764,-0.4996862496545903,0.26189128024284547,0.0,0.0,6.472119860874061,-16.667115577901765
38.20000000000027,0.0,403.0,424.9462501041845,420.1915164062018,0.6050287366780642,PILOT_DESC_MINPAY_ACC,caténaire,,17.571693070736117,0.5,17.571693070736117,0.3888613241313585,-0.9212962990237216,0.035423661423055974,-0.999372385155496,29.674971124514755,-415.6244010329202,0.0,-25.0,-0.017711830711527987,0.499686192577748,0.014708774205136752,33.329313903695216,8.829000000000008,-0.003003056506391235,9.62729558295905e-08,6.832951834716263,-16.188735793649958,0.017711830711527987,-0.499686192577748,0.2619285730330756,0.0,0.0,6.850663665427791,-16.42649341319463
38.300000000000274,0.0,403.0,425.00914696286037,418.70241538830993,0.6289685867586787,PILOT_DESC_MINPAY_ACC,caténaire,,17.78787391412459,0.5,17.78787391412459,0.3869981729708202,-0.9220804813665926,0.03541115542007131,-0.9993728283637772,29.673561796902938,-415.6750778467123,0.0,-25.0,-0.017705577710035655,0.4996864141818886,0.014729691218068363,33.329313861524945,8.829000000000008,-0.002975886491967292,2.7570682448185835e-07,6.883874705801528,-16.401851341224255,0.017705577710035655,-0.4996864141818886,0.26196734142893086,0.0,-1.1102230246251565e-16,6.901580283511564,-16.63957041397721
38.400000000000276,0.0,403.0,425.0742371965019,418.5803453323102,0.6509023364150286,PILOT_DESC_MINPAY_ACC,caténaire,,17.584632082123214,0.5,17.584632082123214,0.3609943575145812,-0.9325679995810681,0.03541303841456467,-0.9993727616411449,29.672151477328956,-415.7257546604125,0.0,-25.0,-0.017706519207282334,0.49968638082057243,0.01475043364639947,33.32931374062189,8.829000000000008,-0.0029560855608828634,1.2144245431500167e-07,6.347952960616362,-16.398865164194717,0.017706519207282334,-0.49968638082057243,0.2620074617782972,0.0,-5.551115123125783e-17,6.365659479823644,-16.636544083236995
38.50000000000028,0.0,403.0,425.1413225219669,418.97193187963865,0.6708532546505432,PILOT_DESC_MINPAY_ACC,caténaire,,17.87109703162589,0.5,17.87109703162589,0.33438710112034203,-0.9424358156417518,0.03539632244294212,-0.9993733538360503,29.67074017239312,-415.77643147407224,0.0,-25.0,-0.01769816122147106,0.49968667691802515,0.014771052508116285,33.329313687385664,8.829000000000008,-0.0029271087133547757,3.643036805556221e-07,5.975864330245731,-16.842361907413235,0.01769816122147106,-0.49968667691802515,0.2620488118633167,0.0,5.551115123125783e-17,5.993562491467202,-17.079999772467943
38.60000000000028,0.0,403.0,425.21022676177444,419.43706023810495,0.6890423980749454,PILOT_DESC_MINPAY_ACC,caténaire,,17.81106236114019,0.5,17.81106236114019,0.3401445488247891,-0.9403731631138675,0.03537781022278662,-0.9993740093397669,29.66932789175438,-415.82710828761054,0.0,-25.0,-0.01768890511139331,0.49968700466988347,0.014791483444564775,33.32931352767699,8.829000000000008,-0.002897421666828534,5.323468599272019e-07,6.0583357709202135,-16.74904505096375,0.01768890511139331,-0.49968700466988347,0.2620912830916292,0.0,-1.1102230246251565e-16,6.076024676031607,-16.986640772542007
38.70000000000028,0.0,403.0,425.2807825553641,420.4480355805821,0.7055579358967627,PILOT_DESC_MINPAY_ACC,caténaire,,17.81014270578261,0.5,17.81014270578261,0.36978340996125947,-0.9291179848207778,0.03537298989966403,-0.9993741799674225,29.66791464530842,-415.8777851009714,0.0,-25.0,-0.017686494949832016,0.49968708998371125,0.01481172107420868,33.32931329424512,8.829000000000008,-0.002874773875623335,3.8422881942778986e-07,6.585895301640946,-16.547723900167213,0.017686494949832016,-0.49968708998371125,0.2621347723054524,0.0,5.551115123125783e-17,6.6035817965907775,-16.785276217845475
38.80000000000028,0.0,403.0,425.35056215402886,419.0729954814431,0.6977959866476048,PILOT_DESC_ACC,caténaire,,17.60567973932108,0.5,17.60567973932108,0.38761249400657716,-0.9218224094097525,0.03536850714876762,-0.9993743386249558,29.6665004406045,-415.92846191420415,0.0,-25.0,-0.01768425357438381,0.4996871693124779,0.014831814189076305,33.32931312578835,8.829000000000008,-0.002852439385307503,2.9510082555361805e-07,6.824181432439309,-16.22931011659742,0.01768425357438381,-0.4996871693124779,0.26217778308787626,0.0,5.551115123125783e-17,6.841865686013692,-16.466819502822023
38.90000000000028,0.0,403.0,425.418059361931,418.9328371189267,0.6749720790212071,PILOT_DESC_ACC,caténaire,,17.857420022866002,0.5,17.857420022866002,0.3911081169286252,-0.9203447402319117,0.035377322226758795,-0.9993740266146924,29.665085285087454,-415.9791387273385,0.0,-25.0,-0.017688661113379398,0.4996870133073462,0.01485176465918764,33.32931299636152,8.829000000000008,-0.0028368964541917573,9.668859490830073e-09,6.984181918346649,-16.43498259215675,0.017688661113379398,-0.4996870133073462,0.26221938704918946,0.0,5.551115123125783e-17,7.001870579460029,-16.67245021841491
39.000000000000284,0.0,403.0,425.4823937474156,420.62086065681234,0.6433438548459405,PILOT_DESC_ACC,caténaire,,17.847914864737167,0.5,17.847914864737167,0.3796055075344745,-0.9251484522223954,0.03534595241710707,-0.9993751365967274,29.663669183938254,-416.0298155404697,0.0,-25.0,-0.017672976208553536,0.4996875682983637,0.014871619718700739,33.32931299217441,8.829000000000008,-0.002801356489852797,5.604727633112816e-07,6.775166780660643,-16.51197081250867,0.017672976208553536,-0.4996875682983637,0.26225904150850715,0.0,0.0,6.7928397568691965,-16.749399339298527
39.100000000000286,0.0,403.0,425.5431055232126,419.05191737881864,0.6071177579701442,PILOT_DESC_ACC,caténaire,,17.9414741637092,0.5,17.9414741637092,0.3795918804566553,-0.9251540435470086,0.035340151136020355,-0.9993753417598832,29.662252149003557,-416.08049235341406,0.0,-25.0,-0.017670075568010177,0.4996876708799416,0.014891239053619025,33.329312746405485,8.829000000000008,-0.0027788365143911527,4.1728542043983907e-07,6.810437915966872,-16.59862736974975,0.017670075568010177,-0.4996876708799416,0.26229646306193166,0.0,0.0,6.828107991534883,-16.83601857756776
39.20000000000029,0.0,403.0,425.6000137016325,419.5852253327734,0.5690817841992882,PILOT_DESC_ACC,caténaire,,17.964801631108383,0.5,17.964801631108383,0.36690992338236855,-0.9302564743787298,0.03533882231336171,-0.999375388749145,29.660834187790023,-416.1311691662193,0.0,-25.0,-0.017669411156680855,0.4996876943745725,0.014910713446884206,33.32931256344335,8.829000000000008,-0.0027586977097966495,2.5781791634926776e-07,6.5914639900494265,-16.71187302826814,0.017669411156680855,-0.4996876943745725,0.26233154015218435,0.0,5.551115123125783e-17,6.609133401206107,-16.949229182490527
39.30000000000029,0.0,403.0,425.6531183683523,418.86502301799106,0.5310466671976704,PILOT_DESC_ACC,caténaire,,17.800638447380035,0.5,17.800638447380035,0.37214581620062515,-0.9281742786160206,0.03534445606112124,-0.999375189518803,29.659415307010587,-416.1818459789386,0.0,-25.0,-0.01767222803056062,0.4996875947594015,0.01493005929293524,33.32931245039114,8.829000000000008,-0.0027421687376253823,4.515053575460115e-08,6.624433123892472,-16.522094749801564,0.01767222803056062,-0.4996875947594015,0.26236427283207475,0.0,-5.551115123125783e-17,6.642105351923033,-16.75941807172889
39.40000000000029,0.0,403.0,425.70253368269937,419.34555247275944,0.494153143470721,PILOT_DESC_ACC,caténaire,,17.950027196787143,0.5,17.950027196787143,0.37552398880198196,-0.9268126746189054,0.03532577715865617,-0.9993758499524276,29.657995512174903,-416.23252279164285,0.0,-25.0,-0.017662888579328084,0.4996879249762138,0.01494930165622046,33.329312430577104,8.829000000000008,-0.002713586923107624,3.555533112375997e-07,6.740665812041567,-16.636312715736384,0.017662888579328084,-0.4996879249762138,0.26239473146718384,0.0,0.0,6.758328700620895,-16.873605909245416
39.50000000000029,0.0,403.0,425.7484422456212,418.953011697644,0.4590856292186212,PILOT_DESC_ACC,caténaire,,17.69889344890213,0.5,17.69889344890213,0.3600604687368669,-0.932928967742447,0.035301677194082996,-0.9993767015431594,29.656574812810245,-416.28319960422857,0.0,-25.0,-0.017650838597041498,0.4996883507715797,0.014968355654032203,33.3293122746817,8.829000000000008,-0.0026824829430092956,6.254532678440228e-07,6.372671871335564,-16.511810395467823,0.017650838597041498,-0.4996883507715797,0.26242302860917105,0.0,0.0,6.390322709932605,-16.749075717630234
39.60000000000029,0.0,403.0,425.79106429825754,419.8244901992862,0.42622052636323976,PILOT_DESC_ACC,caténaire,,17.5968089862616,0.5,17.5968089862616,0.33721574999301407,-0.9414273938847588,0.035317536352264714,-0.9993761412131101,29.655153219284607,-416.3338764166058,0.0,-25.0,-0.017658768176132357,0.49968807060655507,0.014987203176241099,33.329312000425425,8.829000000000008,-0.002671564999891258,7.103196963953451e-08,5.9339211397860145,-16.566118024624163,0.017658768176132357,-0.49968807060655507,0.2624493000103754,0.0,5.551115123125783e-17,5.951579907962147,-16.803356795220346
39.700000000000294,0.0,403.0,425.8306371878349,419.91556216101634,0.3957288957734522,PILOT_DESC_ACC,caténaire,,17.50941824166609,0.5,17.50941824166609,0.34711415449716787,-0.937822885062908,0.03531729191790042,-0.999376149851289,29.653730735237303,-416.38455322895936,0.0,-25.0,-0.01765864595895021,0.4996880749256445,0.015005985773598279,33.32931196932112,8.829000000000008,-0.002652660185351933,4.4246753816423734e-08,6.077766908693213,-16.4207331311724,0.01765864595895021,-0.4996880749256445,0.26247369196699405,0.0,0.0,6.095425554652163,-16.65794751413105
39.800000000000296,0.0,403.0,425.86740191799777,420.2327780953668,0.36764730162868253,PILOT_DESC_ACC,caténaire,,17.53918651265189,0.5,17.53918651265189,0.36375045483654816,-0.9314964340276373,0.03530849164647432,-0.9993764608082636,29.652307366969936,-416.43523004129815,0.0,-25.0,-0.01765424582323716,0.4996882304041318,0.015024647097256634,33.329311949880925,8.829000000000008,-0.0026295987259805278,1.8028504911171694e-07,6.3798870714401765,-16.33768969228087,0.01765424582323716,-0.4996882304041318,0.2624963530289687,0.0,1.1102230246251565e-16,6.397541317263414,-16.574881569656032
39.9000000000003,0.0,403.0,425.9015945658246,419.7750870186714,0.34192647826861716,PILOT_DESC_ACC,caténaire,,17.746296420584045,0.5,17.746296420584045,0.3555586847624733,-0.9346539582594084,0.03531055528559427,-0.9993763878966837,29.65088312216966,-416.48590685357686,0.0,-25.0,-0.017655277642797135,0.49968819394834185,0.01504315763025824,33.329311870849054,8.829000000000008,-0.002612120012538896,6.479739056430844e-08,6.309849814707851,-16.58664619394365,0.017655277642797135,-0.49968819394834185,0.262517428709602,0.0,5.551115123125783e-17,6.327505092350648,-16.823816959182388
40.0000000000003,0.0,403.0,425.933441022345,419.72281554181905,0.31846456520371746,PILOT_DESC_ACC,caténaire,,17.621486336364807,0.5,17.621486336364807,0.32504483892730013,-0.9456986056279906,0.03530421552999862,-0.9993766118765296,29.649458006662712,-416.536583665834,0.0,-25.0,-0.01765210776499931,0.4996883059382648,0.015061556407579176,33.32931184243646,8.829000000000008,-0.002590551357420135,1.48374716957278e-07,5.727773187863319,-16.664615057392886,0.01765210776499931,-0.4996883059382648,0.2625370582437148,0.0,5.551115123125783e-17,5.745425295628318,-16.901766305087435
40.1000000000003,0.0,403.0,425.9654210602419,420.6311561987037,0.3198003789689088,PILOT_DESC_MINPAY_ACC,caténaire,Fx:(t>40:5),17.67202938430747,0.5,17.67202938430747,0.3115280412025228,-0.9502369596813833,0.035298653826773906,-0.9993768083350831,29.648032027638646,-416.5872604780416,5.0,-25.0,-0.017649326913386953,0.49968840416754157,0.015079814369207254,33.329311777386586,8.829000000000008,4.99743048745582,1.8155412107034863e-07,5.505332698166732,-16.7926154735444,0.017649326913386953,-0.49968840416754157,0.26255677011478046,0.0,0.0,5.522982025080118,-17.029747107597164
40.2000000000003,0.0,403.0,425.9990944451254,420.30159147144605,0.33673384883505997,PILOT_DESC_MINPAY_ACC,caténaire,,17.678829265935754,0.5,17.678829265935754,0.3212927405622195,-0.9469799231567785,0.03529189831956071,-0.9993770469212316,29.648271858777065,-416.63793729018875,5.0,-25.0,-0.017645949159780357,0.4996885234606158,-0.00042656071826916597,33.32931169775656,8.829000000000008,4.981927490121951,2.2121716369838396e-07,5.68007950478407,-16.741496379757645,0.017645949159780357,-0.4996885234606158,0.2625775257318722,0.0,0.0,5.69772545394385,-16.97860737748639
40.3000000000003,0.0,403.0,426.03539678186536,419.96211291000554,0.36302336739947716,PILOT_DESC_MINPAY_ACC,caténaire,,17.95882983898624,0.5,17.95882983898624,0.3509156171979534,-0.9364070854102822,0.035310434257982526,-0.9993763921728954,29.650172332412193,-416.68861410226214,5.0,-25.0,-0.017655217128991263,0.4996881960864477,-0.026785109080460466,33.3293116007799,8.829000000000008,4.955559673790548,-2.0313365922675075e-07,6.302033857100878,-16.816775506904314,0.017655217128991263,-0.4996881960864477,0.2625999017835675,0.0,0.0,6.31968907422987,-17.053863801207196
40.400000000000304,0.0,403.0,426.0748505697332,419.7119436755092,0.3945378786781564,PILOT_DESC_MINPAY_ACC,caténaire,,18.041031536025553,0.5,18.041031536025553,0.3669241397310095,-0.9302508670690174,0.03533875984014392,-0.9993753909582528,29.653724659271916,-416.7392909144032,5.0,-25.0,-0.01766937992007196,0.4996876954791264,-0.0935826976933487,33.329311689830945,8.829000000000008,4.888747922386579,-6.146899380610193e-07,6.619689976216189,-16.782685229207257,0.01766937992007196,-0.4996876954791264,0.2626242203282175,0.0,-5.551115123125783e-17,6.637359356136261,-17.019748704358165
40.500000000000306,0.0,403.0,426.1176964232107,419.64588744829274,0.42845853477518747,PILOT_DESC_MINPAY_ACC,caténaire,,17.97321167066316,0.5,17.97321167066316,0.365780308199202,-0.930701222806598,0.035381072867875375,-0.9993738938368953,29.658906568772434,-416.78996772674924,5.0,-25.0,-0.017690536433937688,0.49968694691844767,-0.19913581190666524,33.32931195937671,8.829000000000008,4.783173651659397,-1.0937048529058302e-06,6.574246904224665,-16.72769007964802,0.017690536433937688,-0.49968694691844767,0.2626506296758914,0.0,-5.551115123125783e-17,6.591937440658603,-16.964726396890576
40.60000000000031,0.0,403.0,426.1639856028425,419.6341323843956,0.4628917963180224,PILOT_DESC_MINPAY_ACC,caténaire,,18.097458222069154,0.5,18.097458222069154,0.345886727438529,-0.9382762768938926,0.035428670420388955,-0.9993722075944695,29.665682869490173,-416.8406445394598,5.0,-25.0,-0.017714335210194478,0.49968610379723477,-0.34052975251017353,33.32931243887658,8.829000000000008,4.641755912279632,-1.4573261921668745e-06,6.2596705993869985,-16.98041572184581,0.017714335210194478,-0.49968610379723477,0.2626791614225884,0.0,5.551115123125783e-17,6.277384934597193,-17.217422664220454
40.70000000000031,0.0,403.0,426.2136542259784,419.98527226358783,0.4966862313589454,PILOT_DESC_MINPAY_ACC,caténaire,,18.089886898694783,0.5,18.089886898694783,0.33198628383935924,-0.9432842134492299,0.035478985269848495,-0.9993704226182712,29.67400642217867,-416.8913213526561,5.0,-25.0,-0.017739492634924248,0.4996852113091356,-0.5137918217204608,33.3293130778608,8.829000000000008,4.4684686856446145,-1.710830069612257e-06,6.005594326571992,-17.063904734620834,0.017739492634924248,-0.4996852113091356,0.2627097761922901,0.0,0.0,6.023333819206917,-17.30088016973768
40.80000000000031,0.0,403.0,426.26656373237904,419.9644797625882,0.5290950640062632,PILOT_DESC_MINPAY_ACC,caténaire,,18.242401758145547,0.5,18.242401758145547,0.3316376556547365,-0.9434068397843162,0.0355294223299598,-0.9993686307608916,29.683819464429053,-416.9419981664227,5.0,-25.0,-0.0177647111649799,0.4996843153804458,-0.7141296395089153,33.32931382795322,8.829000000000008,4.268105649326105,-1.8566663371188952e-06,6.049867352583233,-17.210006592727943,0.0177647111649799,-0.4996843153804458,0.26274238857916954,0.0,-5.551115123125783e-17,6.067632063748213,-17.44694851952922
40.90000000000031,0.0,403.0,426.3225373528232,420.2973700322462,0.5597362044413796,PILOT_DESC_MINPAY_ACC,caténaire,,18.243770636803966,0.5,18.243770636803966,0.319777098096604,-0.9474928007815757,0.03558238710118681,-0.9993667463590039,29.695055208562543,-416.9926749808082,5.0,-25.0,-0.017791193550593404,0.49968337317950196,-0.9362102732657996,33.32931464204876,8.829000000000008,4.045998533183607,-1.9847717496190853e-06,5.833940032577205,-17.28584133748206,0.017791193550593404,-0.49968337317950196,0.26277688962612983,0.0,-5.551115123125783e-17,5.851731226127798,-17.52274782103543
41.00000000000031,0.0,403.0,426.3813748747858,420.0502493063421,0.5883752196261905,PILOT_DESC_MINPAY_ACC,caténaire,,18.03670207711145,0.5,18.03670207711145,0.3309345442433146,-0.9436537116053059,0.0356347941966761,-0.9993648790319583,29.70763961887376,-417.0433517958553,5.0,-25.0,-0.01781739709833805,0.4996824395159791,-1.1744525114458475,33.32931551229656,8.829000000000008,3.8077300914558148,-2.048187468517426e-06,5.968967781541323,-17.02040086018535,0.01781739709833805,-0.4996824395159791,0.2628131559260788,0.0,1.1102230246251565e-16,5.9867851786396615,-17.25727014377525
41.100000000000314,0.0,403.0,426.4428609142214,420.4025397804658,0.6148603943558335,PILOT_DESC_MINPAY_ACC,caténaire,,18.018284991221357,0.5,18.018284991221357,0.35299452389922004,-0.9356253876937943,0.035686328889855616,-0.9993630401062293,29.721493272548795,-417.09402861158514,5.0,-25.0,-0.017843164444927808,0.49968152005311467,-1.4233063086161457,33.32931641035881,8.829000000000008,3.558850526938927,-2.0695880849075365e-06,6.360355931956645,-16.858364880488757,0.017843164444927808,-0.49968152005311467,0.2628510547204954,0.0,1.1102230246251565e-16,6.378199096401573,-17.095195345821377
41.200000000000315,0.0,403.0,426.5067824833259,420.01988208917953,0.6392156910446806,PILOT_DESC_MINPAY_ACC,caténaire,,18.040633812587973,0.5,18.040633812587973,0.35335586699649846,-0.9354889797636062,0.035735371233875664,-0.9993612876446522,29.736533209732812,-417.14470542800484,5.0,-25.0,-0.017867685616937832,0.4996806438223261,-1.6774970530619187,33.329317317767305,8.829000000000008,3.3046352613211436,-2.038410379157085e-06,6.374763802013369,-16.87681411962674,0.017867685616937832,-0.4996806438223261,0.2628904547278551,0.0,0.0,6.392631487630307,-17.11360430872121
41.30000000000032,0.0,403.0,426.5729355423531,420.11325834334275,0.6615305902723646,PILOT_DESC_MINPAY_ACC,caténaire,,17.841783944410533,0.5,17.841783944410533,0.33270631990834676,-0.943030489800327,0.03578181872423534,-0.9993596256847611,29.752674692003936,-417.195382245104,5.0,-25.0,-0.01789090936211767,0.49967981284238056,-1.9322198885250859,33.32931821149292,8.829000000000008,3.0498892021127966,-1.9756647091639934e-06,5.936074276744656,-16.825346252009076,0.01789090936211767,-0.49967981284238056,0.26293123018204145,0.0,0.0,5.953965186106774,-17.062094834669416
41.40000000000032,0.0,403.0,426.6411209961274,421.11549165479846,0.6818545377435102,PILOT_DESC_MINPAY_ACC,caténaire,,17.97615966059181,0.5,17.97615966059181,0.31233066487904737,-0.9499734500375325,0.03582868159127304,-0.9993579466714773,29.769832804009095,-417.2460590628617,5.0,-25.0,-0.01791434079563652,0.49967897333573863,-2.183276389024985,33.32931907777795,8.829000000000008,2.7988092701793787,-1.948886314551146e-06,5.614505898764551,-17.076874411197924,0.01791434079563652,-0.49967897333573863,0.2629732583646747,0.0,5.551115123125783e-17,5.6324202395601874,-17.31358012616899
41.50000000000032,0.0,403.0,426.71115865582874,420.59608204452843,0.700376597013357,PILOT_DESC_MINPAY_ACC,caténaire,,18.02004690925253,0.5,18.02004690925253,0.3357891827167127,-0.9419371660415794,0.035876642469234665,-0.9993562260401117,29.78792385243765,-417.29673588126906,5.0,-25.0,-0.017938321234617333,0.4996781130200558,-2.427153222539951,33.32931993224934,8.829000000000008,2.554908456225432,-1.954730613817901e-06,6.050936824174732,-16.973751917637653,0.017938321234617333,-0.4996781130200558,0.2630164282108839,0.0,5.551115123125783e-17,6.06887514540935,-17.210413602446827
41.60000000000032,0.0,403.0,426.78288275881994,420.4679211488085,0.7172410299118748,PILOT_DESC_MINPAY_ACC,caténaire,,18.33427066192992,0.5,18.33427066192992,0.345180272422922,-0.9385364028795246,0.03592387663578104,-0.9993545292274695,29.80686653701828,-417.347412700328,5.0,-25.0,-0.01796193831789052,0.49967726461373474,-2.661048418282891,33.32932078933769,8.829000000000008,2.3209896433992183,-1.9460485773947767e-06,6.328628541760557,-17.207380436467307,0.01796193831789052,-0.49967726461373474,0.2630606375478152,0.0,-5.551115123125783e-17,6.346590480078447,-17.443997063533224
41.70000000000032,0.0,403.0,426.853817597994,420.3814902977089,0.7093483917405847,PILOT_DESC_ACC,caténaire,,18.403776501730256,0.5,18.403776501730256,0.3539244311421715,-0.9352740224344364,0.03596684053278661,-0.9993529838761123,29.826582884813376,-417.3980895200356,5.0,-25.0,-0.017983420266393307,0.49967649193805613,-2.882854090717302,33.32932164261279,8.829000000000008,2.0991624890163045,-1.8654491640290871e-06,6.513546129242544,-17.212574076757615,0.017983420266393307,-0.49967649193805613,0.26310436039793716,0.0,1.1102230246251565e-16,6.531529549508937,-17.449146208297737
41.800000000000324,0.0,403.0,426.92242715578806,420.8603018758101,0.6860955779404545,PILOT_DESC_ACC,caténaire,,18.105321004129493,0.5,18.105321004129493,0.338576554298968,-0.9409388486395053,0.03600568380127653,-0.9993515851460898,29.846998953438145,-417.44876634036507,5.0,-25.0,-0.018002841900638264,0.4996757925730449,-3.0911064036048144,33.32932246052169,8.829000000000008,1.8908907544945475,-1.7469052764340631e-06,6.130037200054895,-17.035999899874255,0.018002841900638264,-0.4996757925730449,0.26314664999000914,0.0,5.551115123125783e-17,6.148040041955533,-17.27252904245729
41.900000000000325,0.0,403.0,426.98781349957886,420.3312330169592,0.6538634379081588,PILOT_DESC_ACC,caténaire,,17.862305867026134,0.5,17.862305867026134,0.3030518740580474,-0.9529740613625879,0.03604274278403608,-0.9993502492582887,29.86804531898108,-417.4994431612768,5.0,-25.0,-0.01802137139201804,0.4996751246291444,-3.284913511034959,33.329323226465455,8.829000000000008,1.6970651175730227,-1.648905410434054e-06,5.413205268000325,-17.022314167400676,0.01802137139201804,-0.4996751246291444,0.2631869528558911,0.0,0.0,5.431226639392342,-17.258802339173933
42.00000000000033,0.0,403.0,427.0495076282339,420.38628999710534,0.6169412865505678,PILOT_DESC_ACC,caténaire,,18.243090532298883,0.5,18.243090532298883,0.2877641268423171,-0.9577013142429527,0.03608810810523747,-0.999348612073577,29.889657372896536,-417.5501199827382,5.0,-25.0,-0.018044054052618736,0.4996743060367885,-3.463871764881546,33.32932394941649,8.829000000000008,1.5180841810658356,-1.7445467292986905e-06,5.24970701793233,-17.471431778635807,0.018044054052618736,-0.4996743060367885,0.26322497991244037,0.0,5.551115123125783e-17,5.267751071984949,-17.707881104760155
42.10000000000033,0.0,403.0,427.1073248374938,420.91424816206916,0.5781720925987683,PILOT_DESC_ACC,caténaire,,18.060385189552854,0.5,18.060385189552854,0.2955413883580618,-0.9553299366016902,0.036127800929910435,-0.999347177911645,29.91177545487235,-417.60079680478106,5.0,-25.0,-0.018063900464955217,0.4996735889558225,-3.6279780249411178,33.32932471431349,8.829000000000008,1.353958074593927,-1.6967306919468683e-06,5.337591313201828,-17.253626638137632,0.018063900464955217,-0.4996735889558225,0.2632606173115573,0.0,0.0,5.355655213666783,-17.490039609781896
42.20000000000033,0.0,403.0,427.16126507125693,420.3982202149274,0.5394023376311716,PILOT_DESC_ACC,caténaire,,18.021550194295166,0.5,18.021550194295166,0.33147706660157633,-0.9434632766129344,0.03615676532048343,-0.9993461303880449,29.93434485620636,-417.6514736273895,5.0,-25.0,-0.018078382660241716,0.49967306519402244,-3.7775463326847376,33.32932545827491,8.829000000000008,1.2043752846550206,-1.4765310751840843e-06,5.97373059401803,-17.00267079595418,0.018078382660241716,-0.49967306519402244,0.2632938650186619,0.0,-1.1102230246251565e-16,5.991808976678271,-17.239049996129545
42.30000000000033,0.0,403.0,427.2114446034442,421.12888839785677,0.5017953218726505,PILOT_DESC_ACC,caténaire,,18.239192286684112,0.5,18.239192286684112,0.3540217332768532,-0.9352371957785108,0.03619839750459916,-0.9993446232497072,29.957315715968587,-417.70215045049014,5.0,-25.0,-0.01809919875229958,0.4996723116248536,-3.9131295131694963,33.3293261056335,8.829000000000008,1.0687712880782043,-1.5827416532943062e-06,6.457070466901722,-17.057971047463493,0.01809919875229958,-0.4996723116248536,0.26332479470272907,0.0,0.0,6.475169665654021,-17.294318564385616
42.40000000000033,0.0,403.0,427.25804950767304,421.1978650060295,0.4660490422886028,PILOT_DESC_ACC,caténaire,,18.494756276549207,0.5,18.494756276549207,0.3670886159451137,-0.930185974976779,0.03623768452193921,-0.9993431994167411,29.98064283282684,-417.7528272741184,5.0,-25.0,-0.018118842260969607,0.49967159970837055,-4.035448888892756,33.32932679964858,8.829000000000008,0.9464322688462738,-1.6006430598736188e-06,6.789214483800653,-17.20356289905983,0.018118842260969607,-0.49967159970837055,0.26335352105590437,0.0,1.1102230246251565e-16,6.807333326061623,-17.439880977712296
42.500000000000334,0.0,403.0,427.30130424916126,421.4502278309582,0.4325474148819946,PILOT_DESC_ACC,caténaire,,18.23215293337409,0.5,18.23215293337409,0.3918959952373833,-0.9200095265359488,0.03628113020877868,-0.9993416230652927,30.004285427108044,-417.80350409828014,5.0,-25.0,-0.01814056510438934,0.49967081153264636,-4.145338312386522,33.329327501439735,8.829000000000008,0.8365211225090885,-1.6870276269287388e-06,7.145107719144815,-16.773754387964505,0.01814056510438934,-0.49967081153264636,0.2633801824341661,0.0,5.551115123125783e-17,7.163248284249205,-17.010045017062986
42.600000000000335,0.0,403.0,427.3414507458782,421.474708234961,0.40146496716937163,PILOT_DESC_ACC,caténaire,,18.341269209069523,0.5,18.341269209069523,0.40159864867129164,-0.9158157704393349,0.03629930239303014,-0.9993409631581103,30.02820686176342,-417.85418092300426,5.0,-25.0,-0.01814965119651507,0.49967048157905514,-4.243695026763406,33.329328241139294,8.829000000000008,0.7381553220400789,-1.2772816617712124e-06,7.36582892927869,-16.797223591539257,0.01814965119651507,-0.49967048157905514,0.26340492795102805,0.0,-5.551115123125783e-17,7.383978580475205,-17.033489145167284
42.70000000000034,0.0,403.0,427.37873465348775,421.3022094480322,0.372839076095338,PILOT_DESC_ACC,caténaire,,18.47761301169473,0.5,18.47761301169473,0.3815153916824539,-0.9243624862084051,0.03634554097614889,-0.9993392825518025,30.052374348192807,-417.90485774815414,5.0,-25.0,-0.018172770488074447,0.49966964127590124,-4.3314438407332405,33.32932880116656,8.829000000000008,0.6503833887786854,-1.5575575460502478e-06,7.049493765513521,-17.080012302686914,0.018172770488074447,-0.49966964127590124,0.2634279090238458,0.0,5.551115123125783e-17,7.067666536001595,-17.316254034938968
42.80000000000034,0.0,403.0,427.41339661273133,420.77541101411066,0.3466195924358367,PILOT_DESC_ACC,caténaire,,18.551513297147324,0.5,18.551513297147324,0.3432384138717919,-0.9392483118125774,0.036384045546766525,-0.9993378814143147,30.07675862908512,-417.95553457382323,5.0,-25.0,-0.018192022773383262,0.49966894070715734,-4.409502834774806,33.329329484115696,8.829000000000008,0.5723051424518104,-1.575177151380558e-06,6.367591999034303,-17.424477545914204,0.018192022773383262,-0.49966894070715734,0.2634492739788747,0.0,0.0,6.3857840218076865,-17.660697212642486
42.90000000000034,0.0,403.0,427.4480173055694,421.26334357152314,0.346206928380947,PILOT_DESC_MINPAY_ACC,caténaire,,18.588998910319134,0.5,18.588998910319134,0.3162022654199592,-0.948691797868668,0.03641329588078209,-0.9993368160350636,30.10133367835825,-418.0062114000174,5.0,-25.0,-0.018206647940391046,0.4996684080175318,-4.47876747489704,33.32933017476616,8.829000000000008,0.5030258771625684,-1.4172163105286018e-06,5.877883567332064,-17.63523079680937,0.018206647940391046,-0.4996684080175318,0.26347061349809686,0.0,0.0,5.896090215272455,-17.871428591328804
43.00000000000034,0.0,403.0,427.4842253659037,420.85243956693114,0.36208060334270364,PILOT_DESC_MINPAY_ACC,caténaire,,18.487610082526746,0.5,18.487610082526746,0.3084319903758267,-0.9512463967410366,0.03645352575021643,-0.9993353493499458,30.12607640292377,-418.0568882266839,5.0,-25.0,-0.018226762875108216,0.4996676746749729,-4.54009313874786,33.32933079610484,8.829000000000008,0.4416800983770317,-1.5292201922534332e-06,5.702170375045926,-17.586272475356825,0.018226762875108216,-0.4996676746749729,0.26349293143965613,0.0,0.0,5.720397137921034,-17.822447218592142
43.10000000000034,0.0,403.0,427.5229965631532,421.02045613500894,0.38771197249475503,PILOT_DESC_MINPAY_ACC,caténaire,,18.333552859398583,0.5,18.333552859398583,0.3252442483472749,-0.9456300433663348,0.03647707038144346,-0.9993344902165575,30.150966354188746,-418.1075650538602,5.0,-25.0,-0.01823853519072173,0.49966724510827876,-4.594283742183431,33.32933146664218,8.829000000000008,0.3874777226258468,-1.2882495497024138e-06,5.9628826192901245,-17.336758385492075,0.01823853519072173,-0.49966724510827876,0.263516829248774,0.0,-5.551115123125783e-17,5.981121154480847,-17.572908801351577
43.200000000000344,0.0,403.0,427.5648644655995,421.36157522873333,0.41867902446324085,PILOT_DESC_MINPAY_ACC,caténaire,,18.67034029216762,0.5,18.67034029216762,0.3502481508836481,-0.9366569450992105,0.03651887332902717,-0.9993329634765273,30.175985464694598,-418.15824188146587,5.0,-25.0,-0.018259436664513583,0.49966648173826367,-4.642088883977757,33.329332031454754,8.829000000000008,0.3396516793577291,-1.486806986861211e-06,6.539252163700178,-17.487703902024425,0.018259436664513583,-0.49966648173826367,0.26354263580652326,0.0,0.0,6.557511600364692,-17.723827747956165
43.300000000000345,0.0,403.0,427.61008273473925,421.98926065956607,0.45218269139725664,PILOT_DESC_MINPAY_ACC,caténaire,,18.57786245134663,0.5,18.57786245134663,0.35235351117594016,-0.9358669794164053,0.03654942080561405,-0.9993318467049743,30.201117792426903,-418.2089187095672,5.0,-25.0,-0.018274710402807023,0.49966592335248716,-4.6841969819611124,33.32933268337438,8.829000000000008,0.29752830763608085,-1.393273137750839e-06,6.545975064875644,-17.386408016355226,0.018274710402807023,-0.49966592335248716,0.26357050746489863,0.0,0.0,6.5642497752784505,-17.622503432242816
43.40000000000035,0.0,403.0,427.6587081691223,421.5698014864491,0.4862543438302463,PILOT_DESC_MINPAY_ACC,caténaire,,18.508803490436904,0.5,18.508803490436904,0.33148151122312874,-0.9434617150246376,0.03658302530892688,-0.9993306170928851,30.226349296261752,-418.2595955381329,5.0,-25.0,-0.01829151265446344,0.49966530854644253,-4.7212390752554185,33.32933329424529,8.829000000000008,0.2604694120901181,-1.3972082797408802e-06,6.135326151941945,-17.4623474841416,0.01829151265446344,-0.49966530854644253,0.26360047923341745,0.0,0.0,6.153617664596409,-17.698412313454625
43.50000000000035,0.0,403.0,427.71067251239583,420.8080208736048,0.5196434327356559,PILOT_DESC_MINPAY_ACC,caténaire,,18.341960536546438,0.5,18.341960536546438,0.30746983435961206,-0.95155782848909,0.03662196631203848,-0.999329190799228,30.251667623233967,-418.3102723671643,5.0,-25.0,-0.01831098315601924,0.499664595399614,-4.753787119863352,33.329333906835906,8.829000000000008,0.22790189698062857,-1.4977644866576156e-06,5.639599568002474,-17.453436138388714,0.01831098315601924,-0.499664595399614,0.26363250904019636,0.0,-5.551115123125783e-17,5.657910551158493,-17.689468224748133
43.60000000000035,0.0,403.0,427.765827811503,421.42024780275113,0.5515529910715761,PILOT_DESC_MINPAY_ACC,caténaire,,18.355524769292135,0.5,18.355524769292135,0.31429905883740195,-0.9493240235103729,0.03663544982775778,-0.9993286965838207,30.277061917505176,-418.360949196695,5.0,-25.0,-0.01831772491387889,0.49966434829191037,-4.7823572662466685,33.329334563540826,8.829000000000008,0.1993250088394527,-1.0881672736218206e-06,5.769124159455138,-17.42534062762872,0.01831772491387889,-0.49966434829191037,0.2636665056898592,0.0,5.551115123125783e-17,5.7874418843690165,-17.661338470230774
43.70000000000035,0.0,403.0,427.8239857321525,421.176790567567,0.581579206495047,PILOT_DESC_MINPAY_ACC,caténaire,,18.451261617824795,0.5,18.451261617824795,0.34763228611494645,-0.9376309474684034,0.03667419638798632,-0.999327275380441,30.302522653445997,-418.4116260265884,5.0,-25.0,-0.01833709819399316,0.4996636376902205,-4.807415137591352,33.32933504064821,8.829000000000008,0.1742477642146545,-1.321661578401745e-06,6.414254257909398,-17.300473912708448,0.01833709819399316,-0.4996636376902205,0.26370235309682555,0.0,-5.551115123125783e-17,6.432591356103392,-17.53643519730184
43.80000000000035,0.0,403.0,427.88494059477625,421.1204195938107,0.6095486262377368,PILOT_DESC_MINPAY_ACC,caténaire,,18.579838615746777,0.5,18.579838615746777,0.37282310730289003,-0.9279024359602779,0.036716823566394455,-0.9993257101001627,30.32804147197489,-418.46230285692235,5.0,-25.0,-0.018358411783197227,0.49966285505008134,-4.829374095003045,33.329335620115735,8.829000000000008,0.152267493213758,-1.52483418958127e-06,6.92699316590894,-17.24027751130027,0.018358411783197227,-0.49966285505008134,0.2637399244842247,0.0,0.0,6.945351577692137,-17.47620044186613
43.900000000000354,0.0,403.0,427.94848293004486,421.6691243517852,0.6354233526859892,PILOT_DESC_MINPAY_ACC,caténaire,,18.44505630547187,0.5,18.44505630547187,0.39506389275906806,-0.9186536456347689,0.036739398812666135,-0.9993248803942009,30.35361104633485,-418.5129796877646,5.0,-25.0,-0.018369699406333068,0.49966244019710043,-4.848604033954708,33.32933628870911,8.829000000000008,0.133026266638959,-1.2710938008808625e-06,7.286975746199911,-16.944618218960315,0.018369699406333068,-0.49966244019710043,0.2637790907392511,0.0,-5.551115123125783e-17,7.305345445606243,-17.180501568418162
44.000000000000355,0.0,403.0,428.01439924874,422.24462398872157,0.6591631869513312,PILOT_DESC_MINPAY_ACC,caténaire,,18.532007979553484,0.5,18.532007979553484,0.40428501427097824,-0.9146330560590485,0.036754781232788185,-0.9993243147529883,30.379224962783695,-418.56365651903053,5.0,-25.0,-0.018377390616394092,0.49966215737649416,-4.865435260731236,33.329336846044725,8.829000000000008,0.11618734865236924,-9.965787910459767e-07,7.492213110483663,-16.949987093249675,0.018377390616394092,-0.49966215737649416,0.26381972027131817,0.0,0.0,7.510590501100057,-17.18582953035485
44.10000000000036,0.0,403.0,428.0824865721027,421.9315223501096,0.6808732336271692,PILOT_DESC_MINPAY_ACC,caténaire,,18.585079543643868,0.5,18.585079543643868,0.392786019105339,-0.9196298946833884,0.036789345450346726,-0.9993230428952067,30.404877608348755,-418.61433335062867,5.0,-25.0,-0.018394672725173363,0.49966152144760334,-4.880159792792464,33.329337283000626,8.829000000000008,0.10144553448236326,-1.1955517749129285e-06,7.299959408703946,-17.091394743403608,0.018394672725173363,-0.49966152144760334,0.2638616879682814,0.0,5.551115123125783e-17,7.318354081429119,-17.32719457688293
44.20000000000036,0.0,403.0,428.15255360391654,421.8864777459973,0.7006703181383509,PILOT_DESC_MINPAY_ACC,caténaire,,18.197482872932092,0.5,18.197482872932092,0.36018576547107184,-0.93288060026566,0.03679948910273905,-0.9993226694125263,30.430564069091975,-418.66501018262534,5.0,-25.0,-0.018399744551369526,0.49966133470626317,-4.893034273044098,33.32933780721314,8.829000000000008,0.08856598240453284,-8.580806039049094e-07,6.554474298233765,-16.976078745824957,0.018399744551369526,-0.49966133470626317,0.26390487591888734,0.0,0.0,6.572874042785134,-17.211835204612335
44.30000000000036,0.0,403.0,428.22440891629003,422.1501500604467,0.7185531237350106,PILOT_DESC_MINPAY_ACC,caténaire,,18.19514171434528,0.5,18.19514171434528,0.33335290190469685,-0.9428021228188435,0.03682081318720335,-0.9993218839374194,30.45628005182933,-418.71568701490804,5.0,-25.0,-0.018410406593601675,0.4996609419687097,-4.904288072585488,33.32933818345581,8.829000000000008,0.07730152082091024,-8.745754911387849e-07,6.065403291044199,-17.15441823327442,0.018410406593601675,-0.4996609419687097,0.26394916613072056,0.0,-5.551115123125783e-17,6.083813697637801,-17.390130009112408
44.40000000000036,0.0,403.0,428.2955351860449,421.4758498763966,0.7112626975488558,PILOT_DESC_ACC,caténaire,,18.32875017992095,0.5,18.32875017992095,0.3313444282064826,-0.9435098674081364,0.03686111757099683,-0.9993203980763212,30.482021801740295,-418.76636384748224,5.0,-25.0,-0.018430558785498416,0.4996601990381606,-4.9141210977571035,33.3293385668764,8.829000000000008,0.06744834345739825,-1.23408544538961e-06,6.073129248105372,-17.29335665201407,0.018430558785498416,-0.4996601990381606,0.26399300697491546,0.0,1.1102230246251565e-16,6.09155980689087,-17.529023844077315
44.50000000000036,0.0,403.0,428.3643683708574,421.4804353043503,0.6883318481251127,PILOT_DESC_ACC,caténaire,,18.332783882447632,0.5,18.332783882447632,0.35220853278548564,-0.9359215508968128,0.03689612629814048,-0.9993191061238604,30.50778603443241,-418.8170406804678,5.0,-25.0,-0.01844806314907024,0.4996595530619302,-4.922708808958798,33.32933910798694,8.829000000000008,0.058843127892131974,-1.3389511366312945e-06,6.45696291311028,-17.158047523516483,0.01844806314907024,-0.4996595530619302,0.26403543440631616,0.0,0.0,6.47541097625935,-17.393671642172098
44.600000000000364,0.0,403.0,428.4299919166118,421.67889479957427,0.6562354575444012,PILOT_DESC_ACC,caténaire,,18.477573529844822,0.5,18.477573529844822,0.36768251850687744,-0.929951378075456,0.03691303161667626,-0.9993184818149149,30.53356988150049,-418.8677175138997,5.0,-25.0,-0.01845651580833813,0.49965924090745745,-4.930207003577051,33.32933969508104,8.829000000000008,0.05133648061461127,-1.0640115135629458e-06,6.793880771349357,-17.18324496756976,0.01845651580833813,-0.49965924090745745,0.26407588347885796,0.0,-5.551115123125783e-17,6.812337287157695,-17.418828324998362
44.700000000000365,0.0,403.0,428.491924683387,421.8819493613662,0.6193276677522208,PILOT_DESC_ACC,caténaire,,18.446161616289523,0.5,18.446161616289523,0.3718944178644559,-0.9282750357309291,0.036942090335186556,-0.9993174080149245,30.559370840728775,-418.9183943476863,5.0,-25.0,-0.018471045167593278,0.49965870400746226,-4.936753310490536,33.32934016157112,8.829000000000008,0.04477564434187098,-1.1344214243536044e-06,6.860024536123662,-17.123111333459647,0.018471045167593278,-0.49965870400746226,0.264114057627286,0.0,0.0,6.878495581291255,-17.358655979839824
44.80000000000037,0.0,403.0,428.5499742764021,422.0397756238754,0.5804959301505805,PILOT_DESC_ACC,caténaire,,18.58438225140165,0.5,18.58438225140165,0.3761015924644641,-0.9265784328084127,0.036966611864247746,-0.9993165012183468,30.58518672517184,-418.96907118185095,5.0,-25.0,-0.018483305932123873,0.4996582506091734,-4.942466541108375,33.32934065894122,8.829000000000008,0.03905015295950154,-1.090449615048783e-06,6.9896157597204835,-17.21988778121622,0.018483305932123873,-0.4996582506091734,0.26414983826321314,0.0,-1.1102230246251565e-16,7.008099065652607,-17.45539619356218
44.90000000000037,0.0,403.0,428.6041359821578,423.2221589136664,0.5416170575570298,PILOT_DESC_ACC,caténaire,,18.544047966084317,0.5,18.544047966084317,0.36322351324171775,-0.931702033607496,0.03698881444071883,-0.9993156796559683,30.61101562633256,-419.01974801637914,5.0,-25.0,-0.018494407220359416,0.4996578398279842,-4.947451914421705,33.329341137095426,8.829000000000008,0.03405367835793616,-1.0230765994378999e-06,6.735634251964076,-17.27752720131571,0.018494407220359416,-0.4996578398279842,0.26418322248133047,0.0,-5.551115123125783e-17,6.754128659184436,-17.513001818662364
45.00000000000037,0.0,403.0,428.65452346776743,423.40591554887817,0.5038748560963819,PILOT_DESC_ACC,caténaire,,18.468320226696374,0.5,18.468320226696374,0.3369024763107745,-0.9415395485350936,0.037007518773549526,-0.9993149871558143,30.6368558787194,-419.07042485124833,5.0,-25.0,-0.018503759386774763,0.4996574935779072,-4.951801459569521,33.32934158564071,8.829000000000008,0.029694781043704488,-9.207813889133831e-07,6.2220228176743735,-17.38865388844524,0.018503759386774763,-0.4996574935779072,0.2642142803438277,0.0,0.0,6.240526577061148,-17.624097101679318
45.10000000000037,0.0,403.0,428.70132157011676,422.6325183701801,0.4679810234932823,PILOT_DESC_ACC,caténaire,,18.56674757033425,0.5,18.56674757033425,0.3302785598590778,-0.943883505999238,0.03703235757162923,-0.9993140669942994,30.662706029366586,-419.1211016864245,5.0,-25.0,-0.018516178785814616,0.4996570334971497,-4.955595819384442,33.32934198939876,8.829000000000008,0.0258880018297436,-9.771040936357167e-07,6.1321986487970275,-17.524846791689924,0.018516178785814616,-0.4996570334971497,0.26424312578055303,0.0,0.0,6.150714827582842,-17.760260699406523
45.20000000000037,0.0,403.0,428.74475441794164,421.93809136990643,0.43432847824853105,PILOT_DESC_ACC,caténaire,,18.743611118413167,0.5,18.743611118413167,0.34368005563081383,-0.9390868007599726,0.03708527517489238,-0.9993121045825486,30.688564809347714,-419.17177852192634,5.0,-25.0,-0.01854263758744619,0.4996560522912743,-4.9589049396653415,33.32934241783093,8.829000000000008,0.022552422747212475,-1.5298778066608065e-06,6.441805311898578,-17.601877799879674,0.01854263758744619,-0.4996560522912743,0.26426989694008374,0.0,-5.551115123125783e-17,6.460347949486024,-17.837263955230863
45.300000000000374,0.0,403.0,428.7850641699813,423.52220921512634,0.40309752039688185,PILOT_DESC_ACC,caténaire,,18.579036485704986,0.5,18.579036485704986,0.3539349454015282,-0.9352700435829308,0.03710975341553467,-0.9993111958751579,30.71443110680309,-419.22245535793814,5.0,-25.0,-0.018554876707767336,0.49965559793757897,-4.961788591474783,33.3293430885927,8.829000000000008,0.019656531817449086,-1.3134697312011667e-06,6.575770264180995,-17.376416263714162,0.018554876707767336,-0.49965559793757897,0.2642947430843396,0.0,0.0,6.594325140888762,-17.611777118567403
45.400000000000375,0.0,403.0,428.8224970791151,422.7030496708114,0.3743290913384364,PILOT_DESC_ACC,caténaire,,18.704441045065526,0.5,18.704441045065526,0.3508220414572398,-0.9364421472935607,0.037127560270018484,-0.9993105344528277,30.740303956435742,-419.27313219438776,5.0,-25.0,-0.018563780135009242,0.49965526722641385,-4.964302645611919,33.32934366447133,8.829000000000008,0.017133574253072048,-1.068302260875953e-06,6.561930191746475,-17.515626936166974,0.018563780135009242,-0.49965526722641385,0.2643178159987881,0.0,-5.551115123125783e-17,6.580493971881484,-17.7509643873946
45.50000000000038,0.0,403.0,428.8572945899443,422.80255148135166,0.34797510829146266,PILOT_DESC_ACC,caténaire,,18.689330582558174,0.5,18.689330582558174,0.3397484010041139,-0.9405163603123273,0.03715004985527276,-0.9993096986398914,30.76618251725981,-419.3238090311935,5.0,-25.0,-0.01857502492763638,0.4996548493199457,-4.966494534970189,33.32934413290546,8.829000000000008,0.014930440102174813,-1.0177746005979316e-06,6.349670181261424,-17.57762117618148,0.01857502492763638,-0.4996548493199457,0.2643392645051683,0.0,0.0,6.36824520618906,-17.81293676099626
45.60000000000038,0.0,403.0,428.8920465757582,423.8082346179963,0.34751985813883524,PILOT_DESC_MINPAY_ACC,caténaire,,18.643630576386872,0.5,18.643630576386872,0.3537629800613866,-0.935335102483643,0.037188873859191854,-0.9993082545746758,30.792066054897248,-419.37448586833847,5.0,-25.0,-0.018594436929595927,0.4996541272873379,-4.968404972981734,33.3293445791329,8.829000000000008,0.013000590088670272,-1.2935797712998465e-06,6.595426311866207,-17.438042115831998,0.018594436929595927,-0.4996541272873379,0.26436068495081777,0.0,5.551115123125783e-17,6.614020748795803,-17.673335558168517
45.70000000000038,0.0,403.0,428.9283846972746,422.68850394543637,0.36338121516443694,PILOT_DESC_MINPAY_ACC,caténaire,,18.535959152340336,0.5,18.535959152340336,0.3764294260989362,-0.9264452963703931,0.03721090462173117,-0.9993074344651061,30.817953926064714,-419.42516270591466,5.0,-25.0,-0.018605452310865585,0.49965371723255303,-4.970068774493803,33.32934514633823,8.829000000000008,0.011325773195332012,-1.1364292262783238e-06,6.977480465908797,-17.17255217039944,0.018605452310865585,-0.49965371723255303,0.26438308305955077,0.0,5.551115123125783e-17,6.996085918219662,-17.407822804572447
45.80000000000038,0.0,403.0,428.9672861309263,422.32805821312314,0.3890143365165935,PILOT_DESC_MINPAY_ACC,caténaire,,18.32684721093376,0.5,18.32684721093376,0.37351968642291844,-0.9276222527810146,0.03725384514969226,-0.9993058345779647,30.84384557248991,-419.47583954386965,5.0,-25.0,-0.01862692257484613,0.49965291728898237,-4.971518461768645,33.3293456446056,8.829000000000008,0.009854615656508692,-1.4381054214140931e-06,6.845438223348715,-17.000391296179828,0.01862692257484613,-0.49965291728898237,0.26440706114384455,0.0,5.551115123125783e-17,6.864065145923561,-17.235637152324966
45.90000000000038,0.0,403.0,429.0092833683153,422.491832919176,0.41997237389039255,PILOT_DESC_MINPAY_ACC,caténaire,,18.329874089872426,0.5,18.329874089872426,0.34975403387378495,-0.9368415638671329,0.03727137381334521,-0.999305180960284,30.869740503786993,-419.526516382304,5.0,-25.0,-0.018635686906672604,0.499652590480142,-4.972780014386102,33.329346275141134,8.829000000000008,0.008584298707225102,-1.13437873494604e-06,6.410947403331454,-17.172187907843725,0.018635686906672604,-0.499652590480142,0.2644329474211277,0.0,-5.551115123125783e-17,6.429583090238126,-17.40740755090274
46.000000000000384,0.0,403.0,429.05461913794545,422.38897980824544,0.45335769630109407,PILOT_DESC_MINPAY_ACC,caténaire,,18.48263640544499,0.5,18.48263640544499,0.3344473252487494,-0.9424144452595987,0.037311070364146735,-0.9993036995970154,30.895638296516978,-419.5771932211165,5.0,-25.0,-0.018655535182073368,0.4996518497985077,-4.97387907600348,33.32934677251128,8.829000000000008,0.00746538881444625,-1.3776902179074568e-06,6.181468309346237,-17.418303534972303,0.018655535182073368,-0.4996518497985077,0.2644608915045116,0.0,0.0,6.200123844528311,-17.653494493266297
46.100000000000385,0.0,403.0,429.1033508268428,422.9110126898417,0.48731688897374387,PILOT_DESC_MINPAY_ACC,caténaire,,18.643520577032415,0.5,18.643520577032415,0.29917676304376284,-0.9541977072151537,0.03733990142918745,-0.9993026227130892,30.921538577709903,-419.6278700603882,5.0,-25.0,-0.018669950714593726,0.4996513113565446,-4.974834980510938,33.329347376578234,8.829000000000008,0.006495068774468926,-1.3120652297970992e-06,5.577708137976344,-17.789604589022872,0.018669950714593726,-0.4996513113565446,0.2644909287662388,0.0,0.0,5.596378088690937,-18.024764971613177
46.20000000000039,0.0,403.0,429.1554175781283,422.7655698872643,0.5206675128552415,PILOT_DESC_MINPAY_ACC,caténaire,,18.714955739857995,0.5,18.714955739857995,0.27922941931112066,-0.960224417202132,0.03737071544948133,-0.9993014708419046,30.94744102392575,-419.6785469000973,5.0,-25.0,-0.018685357724740666,0.4996507354209523,-4.975666715259771,33.32934795185874,8.829000000000008,0.005647927015488108,-1.3127203146723332e-06,5.2257662236738724,-17.97055746826884,0.018685357724740666,-0.4996507354209523,0.2645230216953171,0.0,5.551115123125783e-17,5.2444515813986134,-18.205685181994475
46.30000000000039,0.0,403.0,429.2106831827831,422.90162468577864,0.5526560465478924,PILOT_DESC_MINPAY_ACC,caténaire,,18.749222258410054,0.5,18.749222258410054,0.2802756388113234,-0.9599195624055717,0.03738801255769941,-0.9993008238348378,30.973345352783937,-419.7292237402439,5.0,-25.0,-0.018694006278849706,0.4996504119174189,-4.976390024645797,33.32934852743834,8.829000000000008,0.004915969075353743,-1.0606442444327513e-06,5.2549502456913615,-17.997745225737784,0.018694006278849706,-0.4996504119174189,0.2645570863351662,0.0,-5.551115123125783e-17,5.273644251970211,-18.232838551320036
46.40000000000039,0.0,403.0,429.2689669305252,422.77087658180335,0.5828374774209962,PILOT_DESC_MINPAY_ACC,caténaire,,18.299410763398253,0.5,18.299410763398253,0.3102209980273387,-0.950664468875808,0.03742256237836024,-0.9992995305838174,30.999251320298484,-419.77990058074414,5.0,-25.0,-0.01871128118918012,0.4996497652919087,-4.977019637644779,33.32934899250785,8.829000000000008,0.004269081166040856,-1.2422002484413497e-06,5.67686147033363,-17.396599614126245,0.01871128118918012,-0.4996497652919087,0.26459301129949614,0.0,-5.551115123125783e-17,5.6955727515228105,-17.63165636811866
46.50000000000039,0.0,403.0,429.33005097369926,422.533155702251,0.6108404317405562,PILOT_DESC_MINPAY_ACC,caténaire,,18.75886036873348,0.5,18.75886036873348,0.3469828409488402,-0.9378714773822007,0.03744473192493476,-0.9992987001147705,31.025158710840085,-419.8305774216584,5.0,-25.0,-0.01872236596246738,0.49964935005738526,-4.977566432749919,33.32934953713267,8.829000000000008,0.003711201287613264,-1.1128099544066572e-06,6.5090026637057505,-17.59340008803048,0.01872236596246738,-0.49964935005738526,0.26463066231126464,0.0,0.0,6.527725029668218,-17.8284187757766
46.60000000000039,0.0,403.0,429.3937278808871,422.6844713750985,0.6367690718785454,PILOT_DESC_MINPAY_ACC,caténaire,,18.771870682606504,0.5,18.771870682606504,0.35925183631126467,-0.933240653908189,0.03747389832700891,-0.9992976067939805,31.05106733844878,-419.8812542629436,5.0,-25.0,-0.018736949163504456,0.49964880339699025,-4.9780417975422635,33.329350025081816,8.829000000000008,0.0032212532942317296,-1.1715212053786672e-06,6.74382901372398,-17.518672870915655,0.018736949163504456,-0.49964880339699025,0.2646699115137951,0.0,-5.551115123125783e-17,6.762565962887485,-17.75365176279885
46.700000000000394,0.0,403.0,429.45978961224483,423.7401324090302,0.6606173135769431,PILOT_DESC_MINPAY_ACC,caténaire,,18.533060514054508,0.5,18.533060514054508,0.3483109690726425,-0.9373790422362113,0.03749878434775399,-0.999296673251963,31.076977039808575,-419.93193110461937,5.0,-25.0,-0.018749392173876996,0.4996483366259815,-4.978454423690088,33.329350538751854,8.829000000000008,0.002796184136035329,-1.124622173165335e-06,6.455268267532251,-17.37250251437016,0.018749392173876996,-0.4996483366259815,0.26471063067538875,0.0,5.551115123125783e-17,6.474017659706128,-17.607440220320754
46.800000000000395,0.0,403.0,429.5280264308328,423.87109693936316,0.682368185879755,PILOT_DESC_MINPAY_ACC,caténaire,,18.648490004228506,0.5,18.648490004228506,0.3150150224858969,-0.9490866849809926,0.03752272219060354,-0.9992957746930621,31.10288767322975,-419.98260794667,5.0,-25.0,-0.01876136109530177,0.49964788734653104,-4.978812614507835,33.329351031860135,8.829000000000008,0.0024260243968630135,-1.0807933392698033e-06,5.874554498010067,-17.69903355801441,0.01876136109530177,-0.49964788734653104,0.2647526905182905,0.0,-5.551115123125783e-17,5.8933158591053685,-17.93392875484265
46.9000000000004,0.0,403.0,429.59824444951687,422.96118831730456,0.7021801868406568,PILOT_DESC_MINPAY_ACC,caténaire,,18.593689263648756,0.5,18.593689263648756,0.29779890952112265,-0.9546286238574822,0.0375524459961178,-0.9992946581462891,31.12879911532572,-420.0332847890809,5.0,-25.0,-0.0187762229980589,0.4996473290731446,-4.979123398350965,33.32935150575252,8.829000000000008,0.002100378650975898,-1.1651743463403363e-06,5.537180386689205,-17.75006799419065,0.0187762229980589,-0.4996473290731446,0.2647959715342557,0.0,0.0,5.555956609687264,-17.98491935172954
47.0000000000004,0.0,403.0,429.6702604759647,423.1639205245014,0.720160264478297,PILOT_DESC_MINPAY_ACC,caténaire,,18.767832120255513,0.5,18.767832120255513,0.2978134783080422,-0.9546240789641047,0.037581533784721705,-0.9992935646337306,31.15471125754791,-420.08396163188013,5.0,-25.0,-0.018790766892360852,0.4996467823168653,-4.979392473450575,33.32935201658131,8.829000000000008,0.001816759657064182,-1.201101831327378e-06,5.589313364034693,-17.91622445195186,0.018790766892360852,-0.4996467823168653,0.264840360807107,0.0,0.0,5.608104130927054,-18.151030873461618
47.1000000000004,0.0,403.0,429.7415487665103,424.469265804409,0.7128829054556614,PILOT_DESC_ACC,caténaire,,18.774316520763378,0.5,18.774316520763378,0.31102950660662665,-0.9504002556923258,0.03759401839540153,-0.9992930950331269,31.180624005356652,-420.1346384750798,5.0,-25.0,-0.018797009197700765,0.49964654751656346,-4.979625220580211,33.32935254326135,8.829000000000008,0.0015777702220880485,-9.092220949469265e-07,5.839366404329673,-17.84311522178217,0.018797009197700765,-0.49964654751656346,0.26488430151775444,0.0,0.0,5.8581634135273735,-18.07787746778098
47.2000000000004,0.0,403.0,429.8105399347211,423.28298721140663,0.6899116821077311,PILOT_DESC_ACC,caténaire,,18.426179604233393,0.5,18.426179604233393,0.3057580181271883,-0.9521092554696304,0.037624871194080874,-0.9992919338549815,31.2065372790888,-420.1853153185825,5.0,-25.0,-0.018812435597040437,0.49964596692749075,-4.9798273549153595,33.329352941935106,8.829000000000008,0.0013602094875997395,-1.0911374133115714e-06,5.6339521574460205,-17.543736144136346,0.018812435597040437,-0.49964596692749075,0.2649268263270378,0.0,0.0,5.652764593043061,-17.7784552847368
47.3000000000004,0.0,403.0,429.87631418081463,423.89721416588515,0.6577424609353031,PILOT_DESC_ACC,caténaire,,18.552973621248515,0.5,18.552973621248515,0.29604225708262333,-0.9551748436916803,0.03763713692369983,-0.999291471956099,31.23245100622411,-420.23599216244895,5.0,-25.0,-0.018818568461849913,0.4996457359780495,-4.980001619985428,33.329353420313716,8.829000000000008,0.0011798115527223985,-8.437082428258691e-07,5.492464186428782,-17.721333678691916,0.018818568461849913,-0.4996457359780495,0.2649673682883268,0.0,5.551115123125783e-17,5.511282754890631,-17.956012046381638
47.400000000000404,0.0,403.0,429.9383885385915,423.69552553849576,0.6207435777686143,PILOT_DESC_ACC,caténaire,,18.700372841698513,0.5,18.700372841698513,0.3175800839750168,-0.9482314539512078,0.037679980854963636,-0.9992898573701074,31.25836512662994,-420.28666900659664,5.0,-25.0,-0.018839990427481818,0.4996449286850537,-4.980152775600327,33.32935379027579,8.829000000000008,0.001007233972190491,-1.2810391680773137e-06,5.938865977430737,-17.73228172911346,0.018839990427481818,-0.4996449286850537,0.26500562971068414,0.0,-5.551115123125783e-17,5.957705967858219,-17.966921028087828
47.500000000000405,0.0,403.0,429.99656973599554,423.8658826490935,0.581811974040542,PILOT_DESC_ACC,caténaire,,18.907717271205062,0.5,18.907717271205062,0.3433629963505357,-0.9392027750902262,0.037698572766197286,-0.9992891561562107,31.284279582780425,-420.33734585117134,5.0,-25.0,-0.018849286383098643,0.49964457807810536,-4.980281822658989,33.32935435194821,8.829000000000008,0.0008688909579124271,-1.0699736918695635e-06,6.492210456389744,-17.758180531737192,0.018849286383098643,-0.49964457807810536,0.26504149146498757,0.0,5.551115123125783e-17,6.511059742772843,-17.99278361835031
47.600000000000406,0.0,403.0,430.0508528064426,423.64783231584926,0.5428307044706402,PILOT_DESC_ACC,caténaire,,18.802959232678106,0.5,18.802959232678106,0.3431756446083703,-0.9392712478020552,0.03772727169716753,-0.9992880730651639,31.31019432856123,-420.38802269610267,5.0,-25.0,-0.018863635848583766,0.49964403653258194,-4.98039314652222,33.32935482105534,8.829000000000008,0.0007432176291954917,-1.1424120884839795e-06,6.4527176552192165,-17.66107898084874,0.018863635848583766,-0.49964403653258194,0.26507495048993146,0.0,0.0,6.471581291067801,-17.89564806689139
47.70000000000041,0.0,403.0,430.10135156479333,423.5167255057524,0.5049875835074829,PILOT_DESC_ACC,caténaire,,18.841155715379116,0.5,18.841155715379116,0.3216735279824273,-0.9468506436578783,0.03775125893631732,-0.9992871671590321,31.336109322081246,-420.4386995414148,5.0,-25.0,-0.01887562946815866,0.49964358357951605,-4.98048836988001,33.32935532193974,8.829000000000008,0.0006360006518306704,-1.0944807584678529e-06,6.060701030232274,-17.839760416365028,0.01887562946815866,-0.49964358357951605,0.2651060769387742,0.0,0.0,6.079576659700433,-18.07429792300577
47.80000000000041,0.0,403.0,430.1482512437729,423.684473331902,0.4689967897954692,PILOT_DESC_ACC,caténaire,,18.430249817512507,0.5,18.430249817512507,0.29844867585344814,-0.9544256848394869,0.03777339801422482,-0.9992863305391797,31.362024527601477,-420.48937638709174,5.0,-25.0,-0.01888669900711241,0.49964316526958985,-4.980569856987515,33.32935580181377,8.829000000000008,0.0005434440053724288,-1.0329166499900566e-06,5.500483653684862,-17.590303803842204,0.01888669900711241,-0.49964316526958985,0.2651349849853513,0.0,5.551115123125783e-17,5.519370352691975,-17.82481198412644
47.90000000000041,0.0,403.0,430.1917765123792,423.8778902670205,0.4352526860630366,PILOT_DESC_ACC,caténaire,,18.575840168918248,0.5,18.575840168918248,0.30954479332397,-0.9508848620763823,0.037805580373334015,-0.9992851135149745,31.38793991426971,-420.540053233113,5.0,-25.0,-0.018902790186667007,0.49964255675748726,-4.980639485872941,33.32935625469581,8.829000000000008,0.0004577239403920075,-1.1885467117167536e-06,5.750054605906899,-17.663485216974752,0.018902790186667007,-0.49964255675748726,0.26516181311124765,0.0,0.0,5.768957396093566,-17.89796596062099
48.00000000000041,0.0,403.0,430.23217014439217,424.03128952642595,0.4039363201297129,PILOT_DESC_ACC,caténaire,,18.55762962986951,0.5,18.55762962986951,0.3409080280014124,-0.9400966527140644,0.03783186673876364,-0.9992841186865026,31.413855453512593,-420.59073007953043,5.0,-25.0,-0.01891593336938182,0.4996420593432513,-4.980698132232678,33.329356775842896,8.829000000000008,0.00038593439793999096,-1.1648138595887758e-06,6.326444921499395,-17.445965497347668,0.01891593336938182,-0.4996420593432513,0.26518671095748153,0.0,5.551115123125783e-17,6.345360854868777,-17.680420845733437
48.10000000000041,0.0,403.0,430.269679036391,424.85153653387295,0.3750889199878276,PILOT_DESC_ACC,caténaire,,18.689982320992993,0.5,18.689982320992993,0.3634732908249769,-0.9316046193835997,0.037860225079232604,-0.9992830446659995,31.439771121400273,-420.6414069263361,5.0,-25.0,-0.018930112539616302,0.49964152233299974,-4.980747580750643,33.32935728652218,8.829000000000008,0.0003223067097408716,-1.1911448254409152e-06,6.793309379671963,-17.411673866434885,0.018930112539616302,-0.49964152233299974,0.2652098307062848,0.0,1.1102230246251565e-16,6.812239492211579,-17.6461055580616
48.200000000000415,0.0,403.0,430.3045452754209,424.60047051803235,0.348662390298805,PILOT_DESC_ACC,caténaire,,18.70768377494708,0.5,18.70768377494708,0.37705539943472416,-0.9261907070129352,0.03788450430083597,-0.9992821244943191,31.465686896723522,-420.69208377353885,5.0,-25.0,-0.018942252150417983,0.49964106224715954,-4.980788877047298,33.32935780879083,8.829000000000008,0.0002688708022837716,-1.1289620189813832e-06,7.053833178261179,-17.32688286209265,0.018942252150417983,-0.49964106224715954,0.2652313215753862,0.0,0.0,7.072775430411597,-17.561292602764425
48.300000000000416,0.0,403.0,430.33700065590943,424.09936381051153,0.32455380488575664,PILOT_DESC_ACC,caténaire,,18.80928673955929,0.5,18.80928673955929,0.3858956942954517,-0.9225424180622976,0.0379163559707658,-0.999280916434362,31.49160276167037,-420.7427606211179,5.0,-25.0,-0.0189581779853829,0.499640458217181,-4.980823326875731,33.329358303768416,8.829000000000008,0.00021849513888660965,-1.2380144127632775e-06,7.258422765564465,-17.35236487074014,0.0189581779853829,-0.499640458217181,0.26525132643834604,0.0,1.1102230246251565e-16,7.277380943549847,-17.586754002518976
48.40000000000042,0.0,403.0,430.36962689005264,423.9452046542414,0.32626234143219135,PILOT_DESC_MINPAY_ACC,caténaire,,18.831201158494547,0.5,18.831201158494547,0.4062949064967741,-0.913742003497036,0.03795224232171356,-0.9992795541302514,31.517518699448935,-420.7934374691096,5.0,-25.0,-0.01897612116085678,0.4996397770651257,-4.980851322268551,33.32935884659883,8.829000000000008,0.00017255657059234153,-1.3763360513507905e-06,7.651021113912486,-17.206859474818515,0.01897612116085678,-0.4996397770651257,0.26527143661216324,0.0,5.551115123125783e-17,7.6699972350733425,-17.44122781527148
48.50000000000042,0.0,403.0,430.40404602313805,424.1901007128521,0.3441913308538017,PILOT_DESC_MINPAY_ACC,caténaire,,18.611499826465703,0.5,18.611499826465703,0.4103051025645596,-0.9119483114790476,0.03798152664251689,-0.9992784414936129,31.543434694746356,-420.8441143175601,5.0,-25.0,-0.018990763321258444,0.49963922074680645,-4.980873431689902,33.329359450067734,8.829000000000008,0.00013580498883936087,-1.3291854656927171e-06,7.636393345178294,-16.972725840837985,0.018990763321258444,-0.49963922074680645,0.2652926518938886,0.0,-1.1102230246251565e-16,7.655384108499552,-17.207072409690905
48.60000000000042,0.0,403.0,430.4412196004241,423.94949290770876,0.3717357728607161,PILOT_DESC_MINPAY_ACC,caténaire,,18.381192554591514,0.5,18.381192554591514,0.3904817847316079,-0.9206106537471843,0.038006755114309225,-0.9992774822669032,31.569350735312106,-420.8947911664537,5.0,-25.0,-0.019003377557154612,0.4996387411334516,-4.980890832219127,33.329360032825356,8.829000000000008,0.00010579022371803859,-1.2260411992315312e-06,7.177520874212237,-16.92192169433537,0.019003377557154612,-0.4996387411334516,0.2653155649612488,0.0,-5.551115123125783e-17,7.196524251769392,-17.156244870507575
48.70000000000042,0.0,403.0,430.4816638875746,424.00289227106515,0.40444287150487246,PILOT_DESC_MINPAY_ACC,caténaire,,18.311829261202625,0.5,18.311829261202625,0.36010219505477675,-0.9329128625529459,0.03802536477741757,-0.9992767742890577,31.595266811141265,-420.9454680157559,5.0,-25.0,-0.019012682388708783,0.49963838714452885,-4.980904387013937,33.329360570421876,8.829000000000008,8.293059735375863e-05,-1.0424336025494085e-06,6.5941299124273565,-17.08334105464934,0.019012682388708783,-0.49963838714452885,0.26534049403032056,0.0,0.0,6.613142594816066,-17.317638947763548
48.80000000000042,0.0,403.0,430.52560396442175,424.91067296353793,0.4394007684716571,PILOT_DESC_MINPAY_ACC,caténaire,,18.454283497415002,0.5,18.454283497415002,0.3539739962582413,-0.9352552646058565,0.03806280986573849,-0.9992753486928038,31.621182914613957,-420.99614486540565,5.0,-25.0,-0.019031404932869245,0.4996376743464019,-4.9809150128411295,33.32936102749108,8.829000000000008,5.358222600104767e-05,-1.2981625232555416e-06,6.5323364776625015,-17.25946579548636,0.019031404932869245,-0.4996376743464019,0.26536757783591886,0.0,-5.551115123125783e-17,6.551367882595371,-17.493735891996845
48.900000000000425,0.0,403.0,430.57308106582326,424.560579353137,0.474771014015288,PILOT_DESC_MINPAY_ACC,caténaire,,18.396021956106207,0.5,18.396021956106207,0.37553296612893367,-0.9268090371540435,0.03808649528500215,-0.9992744462243122,31.64709903594739,-421.0468217154881,5.0,-25.0,-0.019043247642501076,0.4996372231121561,-4.980921878292165,33.32936159664057,8.829000000000008,3.4874065334200566e-05,-1.1802472883459814e-06,6.908312690149552,-17.049599396603437,0.019043247642501076,-0.4996372231121561,0.2653968417944049,0.0,5.551115123125783e-17,6.927355937792053,-17.283839777921187
49.000000000000426,0.0,403.0,430.6240133457516,424.4056719912535,0.5093227992833825,PILOT_DESC_MINPAY_ACC,caténaire,,18.422263891262457,0.5,18.422263891262457,0.39469425691397947,-0.9188125181771968,0.038130463457480925,-0.9992727694461196,31.673015168905515,-421.0974985659639,5.0,-25.0,-0.019065231728740462,0.4996363847230598,-4.980926346683005,33.32936211412396,8.829000000000008,8.421588254314827e-06,-1.5011529868047546e-06,7.271161757235071,-16.9266066764557,0.019065231728740462,-0.4996363847230598,0.26542823545748506,0.0,-5.551115123125783e-17,7.290226988963812,-17.16081482572128
49.10000000000043,0.0,403.0,430.6782464076786,424.31649691696333,0.5423306192700833,PILOT_DESC_MINPAY_ACC,caténaire,,18.658547271821227,0.5,18.658547271821227,0.3896604830326767,-0.9209585810245438,0.03814904088283112,-0.9992720603918235,31.698931304670833,-421.14817541694015,5.0,-25.0,-0.01907452044141556,0.49963603019591174,-4.98092742573517,33.329362772324565,8.829000000000008,-1.946176586109516e-06,-1.1974795341984645e-06,7.270498542625892,-17.18374921943585,0.01907452044141556,-0.49963603019591174,0.26546166365815344,0.0,5.551115123125783e-17,7.289573063067308,-17.417923585973607
49.20000000000043,0.0,403.0,430.7355910813705,424.7293675192075,0.5734467369191036,PILOT_DESC_MINPAY_ACC,caténaire,,18.967010685997266,0.5,18.967010685997266,0.3624406399283183,-0.932006857554359,0.03818290374263313,-0.9992707670405357,31.724847439787425,-421.19885226831553,5.0,-25.0,-0.019091451871316566,0.4996353835202679,-4.980927176372788,33.32936329735974,8.829000000000008,-1.8628244104590408e-05,-1.3191199954576405e-06,6.874415490560101,-17.67738402665626,0.019091451871316566,-0.4996353835202679,0.2654970097955708,0.0,5.551115123125783e-17,6.893506942431418,-17.911522400380957
49.30000000000043,0.0,403.0,430.79584412964334,424.4672811259144,0.6025304827285025,PILOT_DESC_MINPAY_ACC,caténaire,,18.795674784121708,0.5,18.795674784121708,0.3337517566010562,-0.942661002145368,0.03821314055461855,-0.9992696112105847,31.7507635686946,-421.2495291201306,5.0,-25.0,-0.019106570277309276,0.49963480560529233,-4.980924789547661,33.32936387570596,8.829000000000008,-3.1359824970600414e-05,-1.3186887599658803e-06,6.273089475702798,-17.717949627998593,0.019106570277309276,-0.49963480560529233,0.2655341485983044,0.0,0.0,6.292196045980107,-17.95205028500558
49.40000000000043,0.0,403.0,430.85878515624637,424.7521253255391,0.6294102660305501,PILOT_DESC_MINPAY_ACC,caténaire,,18.426593796767996,0.5,18.426593796767996,0.3392505633678334,-0.9406960482826575,0.038240829173910106,-0.9992685519839459,31.776679687148505,-421.30020597238524,5.0,-25.0,-0.019120414586955053,0.49963427599197296,-4.980920771435211,33.32936445390264,8.829000000000008,-4.1186022166073144e-05,-1.270105393302856e-06,6.251232326503766,-17.333823967929384,0.019120414586955053,-0.49963427599197296,0.26557294421840766,0.0,0.0,6.270352741090721,-17.567885299702947
49.50000000000043,0.0,403.0,430.92418363422934,425.9872482080566,0.6539847798295483,PILOT_DESC_MINPAY_ACC,caténaire,,18.572122564543722,0.5,18.572122564543722,0.36752552569810754,-0.9300134342902416,0.0382643056668432,-0.9992676532900654,31.802595791873735,-421.35088282506325,5.0,-25.0,-0.0191321528334216,0.4996338266450327,-4.980915494301132,33.32936501078988,8.829000000000008,-4.7647134553407966e-05,-1.1625650984115055e-06,6.825729108863617,-17.272323488310597,0.0191321528334216,-0.4996338266450327,0.26561325456356877,0.0,0.0,6.844861261697038,-17.506344060392063
49.600000000000435,0.0,403.0,430.99182500838157,425.2984506065907,0.6764137415220635,PILOT_DESC_MINPAY_ACC,caténaire,,18.700937087362426,0.5,18.700937087362426,0.3900067778780022,-0.9208119858088396,0.038285944964645366,-0.9992668244358782,31.828511880716587,-421.40155967812876,5.0,-25.0,-0.019142972482322683,0.4996334122179391,-4.980909389312774,33.32936552049721,8.829000000000008,-5.236179509626737e-05,-1.0672848560489001e-06,7.293492216741451,-17.220047015900374,0.019142972482322683,-0.4996334122179391,0.2656549473861442,0.0,-5.551115123125783e-17,7.312635189223774,-17.45402548073217
49.700000000000436,0.0,403.0,431.06151072089847,425.07021436311976,0.6968571251692381,PILOT_DESC_MINPAY_ACC,caténaire,,18.743643405910785,0.5,18.743643405910785,0.39970527681112533,-0.9166437103309777,0.038314413149416124,-0.9992657332987136,31.854427952105507,-421.45223653155006,5.0,-25.0,-0.019157206574708062,0.4996328666493568,-4.980902680243115,33.32936598848288,8.829000000000008,-5.9886817822984995e-05,-1.1448677739167579e-06,7.491933176008594,-17.181242836714826,0.019157206574708062,-0.4996328666493568,0.2656979002989794,0.0,-5.551115123125783e-17,7.511090382583302,-17.415177803065205
49.80000000000044,0.0,403.0,431.13305566581204,424.55478592823533,0.7154494491355086,PILOT_DESC_MINPAY_ACC,caténaire,,18.976633449487124,0.5,18.976633449487124,0.3964614760988054,-0.9180513591131796,0.03834922492316488,-0.9992643979186852,31.88034400353215,-421.50291338535294,5.0,-25.0,-0.01917461246158244,0.4996321989593426,-4.98089500700351,33.32936649041413,8.829000000000008,-6.961946509242978e-05,-1.3106265370765868e-06,7.523504108769631,-17.42152412969428,0.01917461246158244,-0.4996321989593426,0.26574199920636904,0.0,-5.551115123125783e-17,7.542678721231213,-17.655414329447254
49.90000000000044,0.0,403.0,431.2062944734841,425.15200341649404,0.7323880767203204,PILOT_DESC_MINPAY_ACC,caténaire,,18.98517767031914,0.5,18.98517767031914,0.3859187226213921,-0.922532785070684,0.038372139311653265,-0.9992635182596465,31.90626003175231,-421.5535902395927,5.0,-25.0,-0.019186069655826633,0.49963175912982327,-4.980886086739021,33.329367065096655,8.829000000000008,-7.215639484758896e-05,-1.1757735265405245e-06,7.326735515269739,-17.514448831261276,0.019186069655826633,-0.49963175912982327,0.26578714217769656,0.0,5.551115123125783e-17,7.3459215849255655,-17.748293448213403
50.00000000000044,0.0,403.0,431.28107243586015,425.1347740966717,0.7477796237608451,PILOT_DESC_MINPAY_ACC,caténaire,,18.721518469956536,0.5,18.721518469956536,0.39850964348716233,-0.9171641423691481,0.038387024770140936,-0.9992629465407474,31.93217603592034,-421.60426709422444,5.0,-25.0,-0.019193512385070468,0.4996314732703737,-4.980876841428142,33.329367580636074,8.829000000000008,-7.035381321252032e-05,-9.460935572747076e-07,7.460705651000704,-17.17070543134585,0.019193512385070468,-0.4996314732703737,0.2658332338539372,0.0,0.0,7.479899163385775,-17.40450367076229
50.10000000000044,0.0,403.0,431.35487672682854,424.59146379703435,0.7380429096835502,PILOT_DESC_ACC,caténaire,,18.963342453666392,0.5,18.963342453666392,0.41639168474599686,-0.9091853303229164,0.03840334215941339,-0.9992623195692847,31.958092016637096,-421.6549439491715,5.0,-25.0,-0.019201671079706696,0.49963115978464234,-4.980867827087832,33.329367995460245,8.829000000000008,-6.94981675382067e-05,-8.447551209656012e-07,7.896178112697435,-17.241192772763263,0.019201671079706696,-0.49963115978464234,0.26587872537812957,0.0,5.551115123125783e-17,7.915379783777142,-17.474945207169775
50.20000000000044,0.0,403.0,431.42615347608097,425.3522763049541,0.712767492524348,PILOT_DESC_ACC,caténaire,,18.997605401456692,0.5,18.997605401456692,0.40869276671107946,-0.912672023477242,0.03844589121207108,-0.9992606834299594,31.984007974187797,-421.7056208044002,5.0,-25.0,-0.01922294560603554,0.4996303417149797,-4.980858922388341,33.32936836587103,8.829000000000008,-8.186799437659431e-05,-1.2924139980441396e-06,7.764183912406683,-17.33858296296966,0.01922294560603554,-0.4996303417149797,0.26592265897494927,0.0,0.0,7.783406858012718,-17.57229064570969
50.300000000000445,0.0,403.0,431.4939995715748,424.78109514064255,0.6784609549383201,PILOT_DESC_ACC,caténaire,,18.81626773604494,0.5,18.81626773604494,0.38109236800427604,-0.9245369690006416,0.038461941075314046,-0.999260065793044,32.00992390444917,-421.7562976600597,5.0,-25.0,-0.019230970537657023,0.499630032896522,-4.980848432770942,33.32936893255316,8.829000000000008,-7.940330859845801e-05,-1.0345503298481162e-06,7.170736028531824,-17.396335140587553,0.019230970537657023,-0.499630032896522,0.26596447798376327,0.0,-5.551115123125783e-17,7.189966999069481,-17.63000069550031
50.400000000000446,0.0,403.0,431.5579489723359,424.8002148572267,0.639494007610973,PILOT_DESC_ACC,caténaire,,18.54544445121349,0.5,18.54544445121349,0.3516957450401258,-0.9361143642315669,0.03847868118314451,-0.9992594213188115,32.03583980824276,-421.80697451606403,5.0,-25.0,-0.019239340591572254,0.49962971065940576,-4.980838258958868,33.329369386108226,8.829000000000008,-7.759955044051026e-05,-9.032323760038707e-07,6.522353903369796,-17.360656941839558,0.019239340591572254,-0.49962971065940576,0.26600389514601275,0.0,1.1102230246251565e-16,6.541593243961368,-17.59428275735295
50.50000000000045,0.0,403.0,431.61782497339254,425.28907877520635,0.598760010566415,PILOT_DESC_ACC,caténaire,,18.777366965438976,0.5,18.777366965438976,0.35632624451751127,-0.9343616042347025,0.038506573498390984,-0.9992583468740269,32.061755686169846,-421.85765137236945,5.0,-25.0,-0.019253286749195492,0.49962917343701346,-4.980828316272574,33.32936978216513,8.829000000000008,-8.16030217700714e-05,-1.0443978624152805e-06,6.690868652722047,-17.54485072113127,0.019253286749195492,-0.49962917343701346,0.2660408015442028,0.0,5.551115123125783e-17,6.710121939471243,-17.77843909302408
50.60000000000045,0.0,403.0,431.67363845260365,425.1121428925146,0.5581347921113511,PILOT_DESC_ACC,caténaire,,18.99562285548513,0.5,18.99562285548513,0.36622844804106874,-0.9305249721772277,0.03852819413773538,-0.9992575134851303,32.08767153689592,-421.90832822902297,5.0,-25.0,-0.01926409706886769,0.4996287567425651,-4.980817860636365,33.32937024005687,8.829000000000008,-8.195770523222734e-05,-1.0032005732796279e-06,6.956737477937774,-17.675901429089414,0.01926409706886769,-0.4996287567425651,0.26607520388323314,0.0,0.0,6.9760015750066415,-17.90945498194875
50.70000000000045,0.0,403.0,431.7255181386758,425.1157216494255,0.5187968607213203,PILOT_DESC_ACC,caténaire,,18.784288340257465,0.5,18.784288340257465,0.35242337589528555,-0.9358406724023969,0.03855300962290207,-0.9992565563702929,32.11358736030276,-421.9590050860109,5.0,-25.0,-0.019276504811451035,0.49962827818514643,-4.980807359569274,33.329370679929035,8.829000000000008,-8.386438072527369e-05,-1.041885823838129e-06,6.620022310663986,-17.57910103094705,0.019276504811451035,-0.49962827818514643,0.2661071815089657,0.0,5.551115123125783e-17,6.639298815475437,-17.812622127623232
50.80000000000045,0.0,403.0,431.7736631444882,425.37316641093315,0.48145005812396124,PILOT_DESC_ACC,caténaire,,18.460061807461518,0.5,18.460061807461518,0.3216975122052275,-0.9468424951600808,0.03858084558813911,-0.9992554820233431,32.1395031557548,-422.00968194334615,5.0,-25.0,-0.019290422794069555,0.49962774101167157,-4.980796614212334,33.32937113677399,8.829000000000008,-8.703700640388945e-05,-1.12221434278581e-06,5.938555958615106,-17.478770982586173,0.019290422794069555,-0.49962774101167157,0.2661368571506922,0.0,0.0,5.957846381409176,-17.712261866447154
50.90000000000045,0.0,403.0,431.8183109515626,425.62261507816334,0.4464780707439062,PILOT_DESC_ACC,caténaire,,18.43388170518091,0.5,18.43388170518091,0.3092171011372842,-0.9509914743909402,0.038614771188725625,-0.9992541715930149,32.16541892219451,-422.0603588010555,5.0,-25.0,-0.019307385594362812,0.49962708579650744,-4.980785462368379,33.32937162883565,8.829000000000008,-9.284796274222629e-05,-1.285367851266983e-06,5.700071463583658,-17.530464341558172,0.019307385594362812,-0.49962708579650744,0.26616437718738667,0.0,5.551115123125783e-17,5.719378849178021,-17.763927050167293
51.000000000000455,0.0,403.0,431.8597160892198,425.3702814711846,0.4140513765721544,PILOT_DESC_ACC,caténaire,,18.795218421455534,0.5,18.795218421455534,0.3204856668803772,-0.9472533649052084,0.03863169817015539,-0.9992535173300567,32.1913346576849,-422.11103565919325,5.0,-25.0,-0.019315849085077694,0.49962675866502837,-4.9807735659927195,33.32937219237747,8.829000000000008,-8.941507779702818e-05,-1.0489575075212088e-06,6.023598109962528,-17.803833893852115,0.019315849085077694,-0.49962675866502837,0.2661898985059537,0.0,5.551115123125783e-17,6.042913959047605,-18.03727075401119
51.100000000000456,0.0,403.0,431.89813619101443,425.4967957832201,0.3842010179467861,PILOT_DESC_ACC,caténaire,,18.85324952121528,0.5,18.85324952121528,0.35625333909895573,-0.9343894040392605,0.03866928798724564,-0.999252063378685,32.21725036337026,-422.16171251768066,5.0,-25.0,-0.01933464399362282,0.4996260316893425,-4.9807621094795405,33.329372652288015,8.829000000000008,-9.675347316306926e-05,-1.3160226473019065e-06,6.716533094798732,-17.616276584331818,0.01933464399362282,-0.4996260316893425,0.26621357990668715,0.0,0.0,6.735867738792354,-17.849689036114473
51.20000000000046,0.0,403.0,431.93382311716186,426.68386338454854,0.3568692614744005,PILOT_DESC_ACC,caténaire,,18.909884153615607,0.5,18.909884153615607,0.38608443004054316,-0.9224634479914469,0.03868788762311516,-0.9992513434323026,32.24316603680447,-422.2123893766067,5.0,-25.0,-0.01934394381155758,0.4996256717161513,-4.980749712730736,33.32937322928845,8.829000000000008,-9.365654229398501e-05,-1.0989954049023254e-06,7.30081184558138,-17.443676937463074,0.01934394381155758,-0.4996256717161513,0.26623557663130687,0.0,-5.551115123125783e-17,7.320155789392938,-17.67706703254792
51.30000000000046,0.0,403.0,431.9670175348671,426.1944717100898,0.33194417705256557,PILOT_DESC_ACC,caténaire,,18.916089703387904,0.5,18.916089703387904,0.4050370886324022,-0.9143002552948281,0.03872294035803576,-0.999249985684277,32.26908167901983,-422.26306623589915,5.0,-25.0,-0.01936147017901788,0.4996249928421385,-4.980737712798273,33.3293737111814,8.829000000000008,-9.918297729072378e-05,-1.2959764745801294e-06,7.661717901769596,-17.294985644987428,0.01936147017901788,-0.4996249928421385,0.26625603702238,0.0,0.0,7.681079371948614,-17.528354600807187
51.40000000000046,0.0,403.0,431.99794583972266,425.6141299634596,0.3092830485552326,PILOT_DESC_ACC,caténaire,,18.897671859875366,0.5,18.897671859875366,0.41071515836183853,-0.9117637077071066,0.03875525311994829,-0.9992487329767341,32.294997288174194,-422.3137430956236,5.0,-25.0,-0.019377626559974145,0.49962436648836706,-4.980725004795586,33.32937427943375,8.829000000000008,-0.00010263135555987901,-1.3540778880383186e-06,7.761560290598771,-17.230211361992218,0.019377626559974145,-0.49962436648836706,0.26627510062573023,0.0,0.0,7.780937917158745,-17.463560627854854
51.50000000000046,0.0,403.0,432.0291857184229,426.5672846975997,0.3123987870026142,PILOT_DESC_MINPAY_ACC,caténaire,,18.731295511136814,0.5,18.731295511136814,0.4003628793397659,-0.9163566799269661,0.038783163787318234,-0.999247650088128,32.32091286311811,-422.36441995579935,5.0,-25.0,-0.019391581893659117,0.499623825044064,-4.980711854980196,33.32937487310792,8.829000000000008,-0.00010343687385550027,-1.301848023160801e-06,7.499315404602767,-17.164547765316215,0.019391581893659117,-0.499623825044064,0.26629435627711595,0.0,0.0,7.518706986496426,-17.397877234083165
51.60000000000046,0.0,403.0,432.06234680922233,425.6065832744038,0.33161090799408866,PILOT_DESC_MINPAY_ACC,caténaire,,18.58507686943736,0.5,18.58507686943736,0.37581131813352786,-0.9266962032741585,0.03881170898720476,-0.9992465417730964,32.34682840358307,-422.41509681640906,5.0,-25.0,-0.01940585449360238,0.4996232708865482,-4.980698601973634,33.329375443902464,8.829000000000008,-0.00010445646723589164,-1.285210998958064e-06,6.984482235916193,-17.222720172465984,0.01940585449360238,-0.4996232708865482,0.2663147961261349,0.0,-5.551115123125783e-17,7.003888090409795,-17.456028647226397
51.700000000000465,0.0,403.0,432.09838119542763,425.74296924390154,0.36034386205291136,PILOT_DESC_MINPAY_ACC,caténaire,,18.810436373541798,0.5,18.810436373541798,0.36662389569579545,-0.930369238047367,0.03884027530492142,-0.9992454318205503,32.3727439092292,-422.4657736774472,5.0,-25.0,-0.01942013765246071,0.49962271591027513,-4.9806852183471175,33.32937600744432,8.829000000000008,-0.00010535599957783859,-1.2766454133839034e-06,6.896355463005785,-17.50065135619056,0.01942013765246071,-0.49962271591027513,0.26633700701835145,0.0,-5.551115123125783e-17,6.915775600658245,-17.733937065082483
51.800000000000466,0.0,403.0,432.13780928555985,426.43689900234887,0.3942809013222904,PILOT_DESC_MINPAY_ACC,caténaire,,18.894055252109954,0.5,18.894055252109954,0.36851128970530256,-0.9296232728152487,0.03888099234523425,-0.9992438483344543,32.398659379756666,-422.5164505389109,5.0,-25.0,-0.019440496172617124,0.49962192416722717,-4.980671719485864,33.3293765671729,8.829000000000008,-0.00011221565848096304,-1.5086598779134874e-06,6.962672668718285,-17.564353480218596,0.019440496172617124,-0.49962192416722717,0.26636130972341876,0.0,0.0,6.982113164890902,-17.797614094662404
51.90000000000047,0.0,403.0,432.18085966853704,427.22166891768967,0.43050382977204504,PILOT_DESC_MINPAY_ACC,caténaire,,18.889482936638892,0.5,18.889482936638892,0.3541012994051785,-0.9352070731979972,0.03890247554032407,-0.9992430121831397,32.424574812878916,-422.56712740087744,5.0,-25.0,-0.019451237770162035,0.49962150609156986,-4.9806573417448545,33.32937722866354,8.829000000000008,-0.00010857951501641594,-1.2652448972971797e-06,6.688790452955779,-17.665578051397567,0.019451237770162035,-0.49962150609156986,0.26638784513908365,0.0,0.0,6.708241690725941,-17.898811712350057
52.00000000000047,0.0,403.0,432.2275675835082,426.98097558357716,0.46707914971155917,PILOT_DESC_MINPAY_ACC,caténaire,,18.89688293683396,0.5,18.89688293683396,0.33627518077187835,-0.9417637722894423,0.038935988074513365,-0.9992417069121272,32.450490209807995,-422.6178042632657,5.0,-25.0,-0.019467994037256683,0.4996208534560636,-4.980643429906547,33.32937778338254,8.829000000000008,-0.00011142394380403431,-1.3631614024234295e-06,6.354552725608864,-17.796399759104748,0.019467994037256683,-0.4996208534560636,0.26641663498606954,0.0,5.551115123125783e-17,6.37402071964612,-18.029603977574745
52.10000000000047,0.0,403.0,432.27784576125026,425.9432056953953,0.5027817774205996,PILOT_DESC_MINPAY_ACC,caténaire,,18.644898030182535,0.5,18.644898030182535,0.3443650916594384,-0.9388358129334365,0.038962780694177815,-0.9992406625636177,32.476405569595755,-422.6684811261084,5.0,-25.0,-0.019481390347088907,0.4996203312818088,-4.980629153641657,33.32937838109432,8.829000000000008,-0.00011054398874588145,-1.2876238741910129e-06,6.420652019144692,-17.50449799922745,0.019481390347088907,-0.4996203312818088,0.2664476254733311,0.0,-1.1102230246251565e-16,6.44013340949178,-17.737670705035928
52.20000000000047,0.0,403.0,432.33152458878124,426.1852506647027,0.5367882753097114,PILOT_DESC_MINPAY_ACC,caténaire,,18.761449415263662,0.5,18.761449415263662,0.37528257351502387,-0.9269104541518239,0.03898142892189266,-0.999239935250392,32.50232089253552,-422.71915798938034,5.0,-25.0,-0.01949071446094633,0.499619967625196,-4.980614990144818,33.32937894568298,8.829000000000008,-0.00010570460576442287,-1.0866918316310148e-06,7.040845019432087,-17.390183598048512,0.01949071446094633,-0.499619967625196,0.26648071205473717,0.0,0.0,7.060335733893034,-17.623322853618973
52.30000000000047,0.0,403.0,432.38839872101624,426.28771002425685,0.5687413223503257,PILOT_DESC_MINPAY_ACC,caténaire,,18.687322278251386,0.5,18.687322278251386,0.3964062293269809,-0.9180752155192762,0.03901016789197357,-0.999238813698227,32.52823618024042,-422.76983485301446,5.0,-25.0,-0.019505083945986785,0.4996194068491135,-4.980601446713464,33.32937942211775,8.829000000000008,-0.00010653065945032125,-1.171033140678901e-06,7.407770960539718,-17.15636742808381,0.019505083945986785,-0.4996194068491135,0.2665157681595861,0.0,0.0,7.427276044485705,-17.38947106677334
52.400000000000475,0.0,403.0,432.4482407416314,425.948827499645,0.5984202061518805,PILOT_DESC_MINPAY_ACC,caténaire,,18.73260916835728,0.5,18.73260916835728,0.4100559319765243,-0.9120603777441841,0.039046982361259384,-0.9992373757863942,32.5541514324351,-422.8205117170389,5.0,-25.0,-0.019523491180629692,0.4996186878931971,-4.980587797463044,33.32937993556371,8.829000000000008,-0.00011128864367382363,-1.376543103503991e-06,7.681417510882728,-17.085270594226106,0.019523491180629692,-0.4996186878931971,0.2665526536128953,0.0,5.551115123125783e-17,7.700941002063358,-17.318336628506408
52.500000000000476,0.0,403.0,432.51081973432014,426.3659504390391,0.6257899268873343,PILOT_DESC_MINPAY_ACC,caténaire,,18.31751101255066,0.5,18.31751101255066,0.4097206717206897,-0.9122110343362148,0.039072169092738,-0.9992363912520343,32.58006664753356,-422.87118858152223,5.0,-25.0,-0.019536084546369,0.49961819562601717,-4.980573538615192,33.32938053910758,8.829000000000008,-0.00010962316156071239,-1.2652664054257912e-06,7.5050629163133875,-16.709435667223843,0.019536084546369,-0.49961819562601717,0.26659122608236124,0.0,5.551115123125783e-17,7.524599000859756,-16.942462636767498
52.60000000000048,0.0,403.0,432.5758956937101,426.4024962825537,0.6507595938995404,PILOT_DESC_MINPAY_ACC,caténaire,,18.38052126287833,0.5,18.38052126287833,0.39238072253641226,-0.9198028965935054,0.03909275346259213,-0.9992355861490888,32.605981826090975,-422.9218654464273,5.0,-25.0,-0.019546376731296066,0.4996177930745444,-4.9805594931772585,33.32938109390138,8.829000000000008,-0.00010586990855454559,-1.1130240835655059e-06,7.2121622137240875,-16.906456698494004,0.019546376731296066,-0.4996177930745444,0.2666313376333576,0.0,0.0,7.2317085904553835,-17.139443153935193
52.70000000000048,0.0,403.0,432.64324443171824,426.5546172857262,0.6734873800814155,PILOT_DESC_MINPAY_ACC,caténaire,,18.36147507944457,0.5,18.36147507944457,0.3707943363758837,-0.9287150047843354,0.039109758744458614,-0.9992349207123169,32.631896969358415,-422.9725423117034,5.0,-25.0,-0.019554879372229307,0.49961746035615845,-4.98054592864139,33.329381581925524,8.829000000000008,-0.00010080801361933567,-9.577183277542645e-07,6.808330966964976,-17.052577416253822,0.019554879372229307,-0.49961746035615845,0.2666728500807265,0.0,-5.551115123125783e-17,6.827885846337206,-17.285522026529254
52.80000000000048,0.0,403.0,432.71265598909184,426.47981462977594,0.6941155737357675,PILOT_DESC_MINPAY_ACC,caténaire,,18.66885943611284,0.5,18.66885943611284,0.38387520068304776,-0.9233849848793025,0.0391394521818832,-0.9992337580781098,32.65781207902318,-423.02321917729876,5.0,-25.0,-0.0195697260909416,0.4996168790390549,-4.980533012675381,33.32938200183415,8.829000000000008,-0.00010273876632282963,-1.119126807225257e-06,7.166512162561426,-17.23854448812888,0.0195697260909416,-0.4996168790390549,0.2667156340096832,0.0,5.551115123125783e-17,7.186081888652367,-17.471445733158255
52.90000000000048,0.0,403.0,432.7839454624245,426.60075787203,0.7128947333265843,PILOT_DESC_MINPAY_ACC,caténaire,,18.757668233693803,0.5,18.757668233693803,0.40584430156951945,-0.9139422316993284,0.03917836909332783,-0.999232232964483,32.68372715444169,-423.07389604326715,5.0,-25.0,-0.019589184546663915,0.4996161164822415,-4.980519849351271,33.32938249255003,8.829000000000008,-0.0001090338979352623,-1.3909677321066738e-06,7.612692763376223,-17.143425166977714,0.019589184546663915,-0.4996161164822415,0.2667595754493775,0.0,5.551115123125783e-17,7.632281947922887,-17.376281708010577
53.00000000000048,0.0,403.0,432.8569427233159,427.4329099495352,0.7299726089136371,PILOT_DESC_MINPAY_ACC,caténaire,,18.74010207778643,0.5,18.74010207778643,0.4100296675865142,-0.9120721855746355,0.03919391444213278,-0.9992316233340008,32.70964219351557,-423.12457290969917,5.0,-25.0,-0.01959695722106639,0.4996158116670004,-4.980505879488298,33.32938310237461,8.829000000000008,-0.00010283670936495071,-1.0859584023137359e-06,7.6839978254921135,-17.092325859978438,0.01959695722106639,-0.4996158116670004,0.2668045695359848,0.0,-5.551115123125783e-17,7.70359478271318,-17.32513710210945
53.100000000000485,0.0,403.0,432.93148886420784,426.39460671872536,0.7454614089192638,PILOT_DESC_MINPAY_ACC,caténaire,,18.869772834627753,0.5,18.869772834627753,0.39004955474830844,-0.9207938666393506,0.03922548790498244,-0.9992303843952186,32.735557198310545,-423.17524977649316,5.0,-25.0,-0.01961274395249122,0.4996151921976093,-4.980492703650536,33.32938357851033,8.829000000000008,-0.00010544760302710898,-1.2292920672507535e-06,7.360146492348281,-17.375171091003068,0.01961274395249122,-0.4996151921976093,0.2668505183219881,0.0,5.551115123125783e-17,7.379759236300772,-17.60793576487869
53.200000000000486,0.0,403.0,433.0050744152734,426.48031846701247,0.7358555106552307,PILOT_DESC_ACC,caténaire,,18.828663847460387,0.5,18.828663847460387,0.36334430985669136,-0.931654932093833,0.03925513586476637,-0.9992292201032948,32.76147216795632,-423.22592664369694,5.0,-25.0,-0.019627567932383187,0.4996146100516474,-4.980479193314547,33.329384117527674,8.829000000000008,-0.00010676124693098643,-1.272420689701903e-06,6.841287871179129,-17.541817538223317,0.019627567932383187,-0.4996146100516474,0.26689587501917444,0.0,0.0,6.860915439111513,-17.77453627325579
53.30000000000049,0.0,403.0,433.0761472282163,427.1601158811527,0.7107281294292329,PILOT_DESC_ACC,caténaire,,18.80875209501656,0.5,18.80875209501656,0.35848149027055015,-0.9335368343742018,0.039266559263510276,-0.9992287712649216,32.78738710201501,-423.2766035113248,5.0,-25.0,-0.019633279631755138,0.4996143856324608,-4.98046551468644,33.329384675387075,8.829000000000008,-9.879431819470597e-05,-9.389804702664151e-07,6.742589481150868,-17.55866288931089,0.019633279631755138,-0.4996143856324608,0.2669396829136341,0.0,0.0,6.762222760782623,-17.79133759202972
53.40000000000049,0.0,403.0,433.1438048317537,427.12138552111685,0.6765760353739774,PILOT_DESC_ACC,caténaire,,18.99627762402343,0.5,18.99627762402343,0.381835867324411,-0.9242301501382729,0.03928028589933481,-0.9992282317567226,32.81330200314226,-423.32728037926574,5.0,-25.0,-0.019640142949667407,0.4996141158783613,-4.980452856827366,33.32938508714579,8.829000000000008,-9.299977703314255e-05,-7.96975861305782e-07,7.253460142504288,-17.55693252051949,0.019640142949667407,-0.4996141158783613,0.2669813857396857,0.0,5.551115123125783e-17,7.273100285453955,-17.789565250658164
53.50000000000049,0.0,403.0,433.2075811252595,426.8473131351706,0.637762935057947,PILOT_DESC_ACC,caténaire,,18.558549427398574,0.5,18.558549427398574,0.395643191987833,-0.9184043034707964,0.03931809547627987,-0.9992267447221966,32.83921687326959,-423.3779572474723,5.0,-25.0,-0.019659047738139934,0.4996133723610983,-4.980440941400695,33.329385436546275,8.829000000000008,-9.998913883446647e-05,-1.1910926360769736e-06,7.342563734119942,-17.044251660298336,0.019659047738139934,-0.4996133723610983,0.2670206962020023,0.0,0.0,7.362222781858081,-17.27684433645743
53.60000000000049,0.0,403.0,433.2672989046402,427.90197709061846,0.5971777938071094,PILOT_DESC_ACC,caténaire,,18.736172863711555,0.5,18.736172863711555,0.41863703714275313,-0.9081536385063582,0.03934503452904588,-0.9992256843465885,32.86513171006721,-423.4286341160759,5.0,-25.0,-0.01967251726452294,0.49961284217329427,-4.980428130488947,33.32938595881514,8.829000000000008,-0.00010064775346929622,-1.199011578023601e-06,7.8436558950586575,-17.01532355786374,0.01967251726452294,-0.49961284217329427,0.26705750507544,0.0,-1.1102230246251565e-16,7.86332841232318,-17.247878894961598
53.70000000000049,0.0,403.0,433.32296828674066,428.297895758968,0.5566938210048685,PILOT_DESC_ACC,caténaire,,18.905136572073005,0.5,18.905136572073005,0.4251718261455203,-0.9051126550060403,0.03936734445752579,-0.9992248056320272,32.89104651331557,-423.47931098507917,5.0,-25.0,-0.019683672228762893,0.4996124028160136,-4.980415235208103,33.32938648452343,8.829000000000008,-9.890743686558068e-05,-1.1126605627964636e-06,8.037931439878742,-17.11127835600079,0.019683672228762893,-0.4996124028160136,0.26709181859582437,0.0,0.0,8.057615112107504,-17.343798940220978
53.800000000000495,0.0,403.0,433.3747170970916,427.2016172116421,0.5174881035093107,PILOT_DESC_ACC,caténaire,,18.817077018372085,0.5,18.817077018372085,0.4101501052095784,-0.9120180322759915,0.03938847957470139,-0.999223972729234,32.91696128359479,-423.52998785445334,5.0,-25.0,-0.019694239787350694,0.499611986364617,-4.980402562918984,33.329386972398076,8.829000000000008,-9.680270633438681e-05,-1.0412373114832008e-06,7.7178261188220505,-17.16151355548149,0.019694239787350694,-0.499611986364617,0.26712371555231723,0.0,-5.551115123125783e-17,7.737520358609401,-17.394001826293792
53.900000000000496,0.0,403.0,433.4227434829298,426.79351760713683,0.48026385838183,PILOT_DESC_ACC,caténaire,,18.779603278073136,0.5,18.779603278073136,0.377670421876232,-0.9259400911721172,0.03941566096976635,-0.9992229008936477,32.94287602160644,-423.5806647241746,5.0,-25.0,-0.019707830484883174,0.49961145044682387,-4.980390160311533,33.32938742894407,8.829000000000008,-9.799079641581443e-05,-1.1206091201643176e-06,7.092500692698151,-17.38878757147523,0.019707830484883174,-0.49961145044682387,0.2671533180790073,0.0,5.551115123125783e-17,7.112208523183034,-17.621245703843048
54.0000000000005,0.0,403.0,433.4672839497498,426.5615726560471,0.4454046682000622,PILOT_DESC_ACC,caténaire,,18.76781763790303,0.5,18.76781763790303,0.35565355322907904,-0.9346178631267061,0.03943921034182035,-0.9992219716797732,32.96879072695449,-423.6313415942694,5.0,-25.0,-0.019719605170910176,0.4996109858398866,-4.980377605496694,33.32938792025814,8.829000000000008,-9.721066760448593e-05,-1.0939019787770121e-06,6.674841029275593,-17.540737616288634,0.019719605170910176,-0.4996109858398866,0.26718077195326434,0.0,0.0,6.694560634446503,-17.773167830175257
54.1000000000005,0.0,403.0,433.50859207358377,427.3609113238303,0.41,PILOT_DESC_ACC,caténaire,,18.783278852106296,0.5,18.783278852106296,0.34116487812904317,-0.940003471233588,0.039463446125976624,-0.9992210148009608,32.99470539989898,-423.6820184647288,5.0,-25.0,-0.019731723062988312,0.4996105074004804,-4.98036515065003,33.32938839990809,8.829000000000008,-9.687371301847492e-05,-1.092691434223525e-06,6.408195040442679,-17.65634732212836,0.019731723062988312,-0.4996105074004804,0.26720623347440464,0.0,1.1102230246251565e-16,6.427926763505667,-17.888751596054437
54.2000000000005,0.0,403.0,433.5469245776215,426.97404363603187,0.3833250403772354,PILOT_DESC_ACC,caténaire,,18.872068770480546,0.5,18.872068770480546,0.33269136322406967,-0.9430357664670573,0.039499318168174154,-0.9992195974180297,33.02062004055224,-423.7326953355524,5.0,-25.0,-0.019749659084087077,0.49960979870901484,-4.98035273898919,33.32938887895989,8.829000000000008,-0.00010239807327661055,-1.3223311015053696e-06,6.278574286109565,-17.79703583778914,0.019749659084087077,-0.49960979870901484,0.2672298608815907,0.0,0.0,6.298323945193652,-18.02941577561656
54.3000000000005,0.0,403.0,433.5825324660665,427.0237937310271,0.3560788844496623,PILOT_DESC_ACC,caténaire,,19.089603423231225,0.5,19.089603423231225,0.33874075644979884,-0.9408797478529433,0.0395226492040799,-0.9992186748654628,33.046534647072804,-423.78337220681686,5.0,-25.0,-0.01976132460203995,0.4996093374327314,-4.980339619554174,33.32938945880173,8.829000000000008,-0.00010094415621431096,-1.2037655494623323e-06,6.466426703912014,-17.961021255462477,0.01976132460203995,-0.4996093374327314,0.26725180888891353,0.0,0.0,6.4861880285140545,-18.193378784006292
54.4000000000005,0.0,403.0,433.61565561003465,427.32509263278445,0.33123143968180135,PILOT_DESC_ACC,caténaire,,18.93904022068585,0.5,18.93904022068585,0.3381976514530071,-0.9410751025033393,0.03955858935137466,-0.9992172526575636,33.07244921994532,-423.83404907848256,5.0,-25.0,-0.01977929467568733,0.4996086263287818,-4.980326686415018,33.32938998660361,8.829000000000008,-0.00010598109070514283,-1.3870676198735055e-06,6.4051389234099965,-17.8230592169968,0.01977929467568733,-0.4996086263287818,0.26727222534824646,0.0,1.1102230246251565e-16,6.424918218085684,-18.055395617977336
54.500000000000504,0.0,403.0,433.64888900443185,427.0633242477284,0.3323339439722615,PILOT_DESC_MINPAY_ACC,caténaire,,18.936801833132296,0.5,18.936801833132296,0.36178061836249936,-0.9322632590514589,0.039581909429338855,-0.9992163291529655,33.0983637574908,-423.88472595061063,5.0,-25.0,-0.019790954714669427,0.49960816457648277,-4.980313107950898,33.32939059478331,8.829000000000008,-0.00010406266556728383,-1.2406402092324242e-06,6.8509678769987135,-17.654084592967557,0.019790954714669427,-0.49960816457648277,0.26729270976379166,0.0,0.0,6.870758831713383,-17.88640004778025
54.600000000000506,0.0,403.0,433.683864155141,428.0062782845378,0.34975150709136094,PILOT_DESC_MINPAY_ACC,caténaire,,19.08548063632443,0.5,19.08548063632443,0.38716232580574994,-0.9220115690579389,0.039618325378836625,-0.9992148859450487,33.12427826034873,-423.93540282315223,5.0,-25.0,-0.019809162689418312,0.49960744297252435,-4.980299775298836,33.32939113873554,8.829000000000008,-0.00010893798825417633,-1.4182919443328501e-06,7.389179072279971,-17.597033947722398,0.019809162689418312,-0.49960744297252435,0.26731426776392614,0.0,-5.551115123125783e-17,7.408988234969389,-17.829327122930998
54.70000000000051,0.0,403.0,433.72156115228705,427.11990886914356,0.3769699714601459,PILOT_DESC_MINPAY_ACC,caténaire,,18.665333339212292,0.5,18.665333339212292,0.38638494880140056,-0.9223376124498768,0.039649626861063714,-0.9992136443672988,33.150192726894,-423.9860796961666,5.0,-25.0,-0.019824813430531857,0.4996068221836494,-4.980285818031574,33.32939176059818,8.829000000000008,-0.00011063146210599228,-1.4172181792559968e-06,7.2120038666326165,-17.21573898767015,0.019824813430531857,-0.4996068221836494,0.26733750345707,0.0,-5.551115123125783e-17,7.231828680063148,-17.44800830639673
54.80000000000051,0.0,403.0,433.76250322656597,427.0756051592195,0.4094207427890237,PILOT_DESC_MINPAY_ACC,caténaire,,18.453131122997206,0.5,18.453131122997206,0.3652906914383797,-0.9308935012924251,0.03967163298005122,-0.9992127709035228,33.17610715656211,-424.0367565696534,5.0,-25.0,-0.01983581649002561,0.4996063854517614,-4.980271643814641,33.3293923820122,8.829000000000008,-0.00010746030466624035,-1.2325360430054388e-06,6.740757027122734,-17.17789984089509,0.01983581649002561,-0.4996063854517614,0.2673627393524104,0.0,0.0,6.760592843612759,-17.410143486994443
54.90000000000051,0.0,403.0,433.806916328651,427.84477882389604,0.44413102085079037,PILOT_DESC_MINPAY_ACC,caténaire,,18.755177176390752,0.5,18.755177176390752,0.34698941576168574,-0.9378690448827938,0.03969898444950451,-0.999211684596251,33.20202155041012,-424.087433443551,5.0,-25.0,-0.019849492224752255,0.4996058422981255,-4.9802578759092215,33.32939292237547,8.829000000000008,-0.0001073681339738286,-1.2353264153830423e-06,6.50784797094273,-17.58990010502917,0.019849492224752255,-0.4996058422981255,0.26739011472153124,0.0,0.0,6.527697463167482,-17.822115832605764
55.00000000000051,0.0,403.0,433.8548477717171,427.3005959357208,0.47931443066063834,PILOT_DESC_MINPAY_ACC,caténaire,,18.906953235339756,0.5,18.906953235339756,0.3634470672060606,-0.9316148503213725,0.03972525689199386,-0.9992106404381735,33.22793590846876,-424.13811031786037,5.0,-25.0,-0.01986262844599693,0.49960532021908677,-4.980244119831914,33.32939346400985,8.829000000000008,-0.00010674827791135044,-1.2157710713722736e-06,6.871676703186374,-17.613998408374236,0.01986262844599693,-0.49960532021908677,0.2674196587273499,0.0,-5.551115123125783e-17,6.891539331632371,-17.846184069865973
55.10000000000051,0.0,403.0,433.9062263998073,427.8488048215991,0.5137862809015459,PILOT_DESC_MINPAY_ACC,caténaire,,19.00635775307466,0.5,19.00635775307466,0.38348555528700656,-0.9235468742225358,0.03977500610136588,-0.9992086613363779,33.25385023094463,-424.18878719257503,5.0,-25.0,-0.01988750305068294,0.49960433066818893,-4.980230443187099,33.329393997120434,8.829000000000008,-0.00011794623778182967,-1.6722113826972418e-06,7.288663656921338,-17.55326229320736,0.01988750305068294,-0.49960433066818893,0.2674513275107237,0.0,-5.551115123125783e-17,7.308551159972021,-17.785415296364825
55.200000000000514,0.0,403.0,433.96090698493174,428.0988324816427,0.5468058512446712,PILOT_DESC_MINPAY_ACC,caténaire,,18.80822772195897,0.5,18.80822772195897,0.3819008816808363,-0.924203287470565,0.03980249284331599,-0.9992075668065458,33.27976451410509,-424.2394640678471,5.0,-25.0,-0.019901246421657994,0.4996037834032729,-4.980215331879335,33.32939473031573,8.829000000000008,-0.00011657830099309763,-1.4862810076010646e-06,7.182878749870079,-17.382625892129496,0.019901246421657994,-0.4996037834032729,0.26748503155595477,0.0,-5.551115123125783e-17,7.202779996291737,-17.614744643976817
55.300000000000516,0.0,403.0,434.01869306450635,427.42005383562986,0.5778607957463826,PILOT_DESC_MINPAY_ACC,caténaire,,19.045234620230257,0.5,19.045234620230257,0.3607106041432075,-0.9326777900532651,0.03981857542598843,-0.9992069260423712,33.30567875840612,-424.2901409436146,5.0,-25.0,-0.019909287712994213,0.4996034630211856,-4.9802003958536885,33.32939538193689,8.829000000000008,-0.00010968356668250578,-1.1550419287686964e-06,6.869818085912387,-17.763067336642294,0.019909287712994213,-0.4996034630211856,0.2675206497673413,0.0,0.0,6.889727373625381,-17.995150149896137
55.40000000000052,0.0,403.0,434.0793748461245,427.67576807410524,0.6068178161816341,PILOT_DESC_MINPAY_ACC,caténaire,,19.12317103871656,0.5,19.12317103871656,0.3391604502431823,-0.9407285416053037,0.0398581260762793,-0.9992053491578632,33.331592966145955,-424.34081781976704,5.0,-25.0,-0.01992906303813965,0.4996026745789316,-4.980186343202142,33.32939588835458,8.829000000000008,-0.00011540624028150148,-1.4370664942475742e-06,6.485823299568493,-17.98971280212061,0.01992906303813965,-0.4996026745789316,0.2675580528329395,0.0,5.551115123125783e-17,6.505752362606632,-18.221757423866602
55.50000000000052,0.0,403.0,434.1427356612386,427.89474020774463,0.6336081511409762,PILOT_DESC_MINPAY_ACC,caténaire,,19.21956609802632,0.5,19.21956609802632,0.3442881880570602,-0.9388640176108501,0.039876359990895616,-0.9992046216435734,33.357507135417045,-424.3914946963985,5.0,-25.0,-0.019938179995447808,0.4996023108217867,-4.980171557383175,33.32939651844197,8.829000000000008,-0.00010973737862229882,-1.1707362546076183e-06,6.617069587132384,-18.04455904353028,0.019938179995447808,-0.4996023108217867,0.26759710720248625,0.0,-5.551115123125783e-17,6.637007767127832,-18.27656424714958
55.60000000000052,0.0,403.0,434.20856156313357,428.31023192235244,0.6582590189497176,PILOT_DESC_MINPAY_ACC,caténaire,,19.309911679853027,0.5,19.309911679853027,0.3763542152578125,-0.9264758521719151,0.03991017956587658,-0.9992032713952749,33.38342126810901,-424.44217157342024,5.0,-25.0,-0.01995508978293829,0.49960163569763744,-4.980157497879193,33.32939703173851,8.829000000000008,-0.00011258766213106952,-1.3325638619221536e-06,7.267366656968753,-17.89016687895625,0.01995508978293829,-0.49960163569763744,0.2676376810034028,0.0,0.0,7.287321746751691,-18.122130833650484
55.70000000000052,0.0,403.0,434.2766465567551,428.36455364962455,0.680849936215431,PILOT_DESC_MINPAY_ACC,caténaire,,19.201846224725244,0.5,19.201846224725244,0.4055561513044182,-0.9140701330527914,0.0399238157588495,-0.9992027266452257,33.40933536327176,-424.49284845088613,5.0,-25.0,-0.01996190787942475,0.49960136332261285,-4.980143073218526,33.32939761599186,8.829000000000008,-0.0001049810979507626,-1.0206855378669388e-06,7.787426852838842,-17.551834133493845,0.01996190787942475,-0.49960136332261285,0.267679647264359,0.0,0.0,7.807388760718267,-17.783755849552097
55.80000000000052,0.0,403.0,434.34678988410246,427.90063027130697,0.7014332734734192,PILOT_DESC_MINPAY_ACC,caténaire,,19.213845126928252,0.5,19.213845126928252,0.4284387509766241,-0.9035708254816499,0.03993731566970857,-0.9992021871558818,33.4352494234408,-424.5435253286923,5.0,-25.0,-0.019968657834854284,0.4996010935779409,-4.980129623122469,33.32939806356551,8.829000000000008,-9.82809573235599e-05,-8.428565507756502e-07,8.231955807639435,-17.36106990201514,0.019968657834854284,-0.4996010935779409,0.2677228822420424,0.0,0.0,8.25192446547429,-17.592948113351035
55.900000000000524,0.0,403.0,434.4188037111795,428.05011186497296,0.7201382707706402,PILOT_DESC_MINPAY_ACC,caténaire,,19.061417490334343,0.5,19.061417490334343,0.4373182074681648,-0.8993068360781158,0.03998328233994435,-0.9992003488456777,33.461163450849526,-424.59420220677936,5.0,-25.0,-0.019991641169972176,0.4996001744228388,-4.980117031461383,33.32939843307922,8.829000000000008,-0.00010867263135505567,-1.3924979498369794e-06,8.335904928675339,-17.142063054396637,0.019991641169972176,-0.4996001744228388,0.2677672701592444,0.0,-5.551115123125783e-17,8.35589656984531,-17.37389595866023
56.000000000000526,0.0,403.0,434.49250904832775,428.55873008027834,0.7370533714824912,PILOT_DESC_MINPAY_ACC,caténaire,,18.9455130051109,0.5,18.9455130051109,0.4326483210223061,-0.9015627711460692,0.03998671741491513,-0.999200211384275,33.48707744203404,-424.6448790853306,5.0,-25.0,-0.019993358707457564,0.4996001056921375,-4.980103108448612,33.32939904365165,8.829000000000008,-9.646715606947964e-05,-8.50656221018653e-07,8.196744392567496,-17.080569205671676,0.019993358707457564,-0.4996001056921375,0.2678127006902338,0.0,0.0,8.216737751274954,-17.312356610673582
56.10000000000053,0.0,403.0,434.5653688767064,427.80440825409516,0.7285982837864826,PILOT_DESC_ACC,caténaire,,18.719339602195554,0.5,18.719339602195554,0.4057306030779449,-0.913992712074887,0.04000802221135321,-0.999199358566015,33.51299140106284,-424.6955559641654,5.0,-25.0,-0.020004011105676605,0.4995996792830075,-4.980090749202897,33.32939941660478,8.829000000000008,-9.476030857324957e-05,-9.041122197572804e-07,7.595008946019659,-17.10933997126155,0.020004011105676605,-0.4995996792830075,0.26785761006612296,0.0,5.551115123125783e-17,7.6150129571253355,-17.341082040478437
56.20000000000053,0.0,403.0,434.6358102397088,428.1010942262807,0.7044136300244027,PILOT_DESC_ACC,caténaire,,18.722831269919126,0.5,18.722831269919126,0.384257955877816,-0.9232257705158595,0.040032968983435085,-0.9991983593833464,33.53890532850487,-424.7462328433016,5.0,-25.0,-0.020016484491717543,0.4995991796916732,-4.980078608649881,33.329399813035714,8.829000000000008,-9.50931415992784e-05,-1.0072726226439954e-06,7.194396872024378,-17.285400325409515,0.020016484491717543,-0.4995991796916732,0.26790102874716604,0.0,0.0,7.214413356516096,-17.517098476354025
56.30000000000053,0.0,403.0,434.70291472863414,428.1827293512687,0.6710448892535603,PILOT_DESC_ACC,caténaire,,18.934726787834222,0.5,18.934726787834222,0.3908367411624822,-0.9204600163817498,0.04005652067405048,-0.9991974155048088,33.564819224249185,-424.79690972277353,5.0,-25.0,-0.02002826033702524,0.4995987077524044,-4.980066425472471,33.32940025470255,8.829000000000008,-9.468580949700822e-05,-1.0375450543165243e-06,7.400386912559082,-17.428658929313844,0.02002826033702524,-0.4995987077524044,0.2679423906441684,0.0,5.551115123125783e-17,7.420415172896107,-17.66031524642208
56.40000000000053,0.0,403.0,434.76620385222316,428.59601507721976,0.6328912358903228,PILOT_DESC_ACC,caténaire,,19.034486958256657,0.5,19.034486958256657,0.4092297959839678,-0.9124313530775453,0.04008312197013211,-0.999196348738889,33.59073308843156,-424.8475866025913,5.0,-25.0,-0.020041560985066056,0.4995981743694445,-4.980054294493959,33.329400709603696,8.829000000000008,-9.585547902535296e-05,-1.1160268655885375e-06,7.789479214586867,-17.36766269045901,0.020041560985066056,-0.4995981743694445,0.26798140082445854,0.0,0.0,7.809520775571934,-17.599279464004
56.50000000000053,0.0,403.0,434.82549062194266,428.9206426454767,0.5928676971947735,PILOT_DESC_ACC,caténaire,,18.843498247245783,0.5,18.843498247245783,0.40948726583128064,-0.9123158329887858,0.0401081646422227,-0.9991953438287393,33.61664692066211,-424.8982634827811,5.0,-25.0,-0.02005408232111135,0.49959767191436966,-4.980042013674836,33.32940119889908,8.829000000000008,-9.609599594728735e-05,-1.1291865575913107e-06,7.716172575961205,-17.191221799858763,0.02005408232111135,-0.49959767191436966,0.2680179440319549,0.0,0.0,7.736226658282317,-17.42280152774118
56.600000000000534,0.0,403.0,434.88077730563276,428.42023027273893,0.5528668369007342,PILOT_DESC_ACC,caténaire,,18.8177204354194,0.5,18.8177204354194,0.38962358980452083,-0.9209741897946102,0.04014349716516361,-0.9991939249391734,33.642560720860665,-424.9489403633473,5.0,-25.0,-0.020071748582581806,0.4995969624695867,-4.980029702057029,33.32940169402652,8.829000000000008,-0.0001014506396108672,-1.3435038965781132e-06,7.331827787985997,-17.330634831791862,0.020071748582581806,-0.4995969624695867,0.2680520216645099,0.0,0.0,7.351899536568578,-17.562179772596938
56.700000000000536,0.0,403.0,434.9321853346136,429.0525856204692,0.5140802898084674,PILOT_DESC_ACC,caténaire,,18.83717668289221,0.5,18.83717668289221,0.3651624264132334,-0.930943823405043,0.04016839192697092,-0.9991929244595368,33.668474487242335,-424.9996172443613,5.0,-25.0,-0.02008419596348546,0.4995964622297684,-4.980016704429177,33.3294022830652,8.829000000000008,-0.00010090039266241746,-1.2547050403100002e-06,6.878629144299702,-17.536353283327998,0.02008419596348546,-0.4995964622297684,0.26808370857001884,0.0,0.0,6.898713340263187,-17.767866036987748
56.80000000000054,0.0,403.0,434.9799075702582,428.7534922598636,0.47722235644608535,PILOT_DESC_ACC,caténaire,,18.87655406049633,0.5,18.87655406049633,0.3646754178648156,-0.9311347054025654,0.040187022514249354,-0.999192175320363,33.69438821999054,-425.0502941257935,5.0,-25.0,-0.020093511257124677,0.4995960876601815,-4.9800037773160275,33.32940283322344,8.829000000000008,-9.728857315227657e-05,-1.0791163873591358e-06,6.88381523985928,-17.576614604135848,0.020093511257124677,-0.4995960876601815,0.2681131236244669,0.0,0.0,6.903908751116405,-17.80809756817156
56.90000000000054,0.0,403.0,435.02417608903164,428.83521337555095,0.4426851877344021,PILOT_DESC_ACC,caténaire,Fy:(y<-425:-50),18.854165796540617,0.5,18.854165796540617,0.3912424782571709,-0.9202876306933541,0.040220472641055,-0.9991908294117446,33.720301920309225,-425.1009710075855,5.0,-50.0,-0.0201102363205275,0.4995954147058723,-4.979991312955053,33.32940330636849,8.829000000000008,-0.00010154927558048144,-25.000001278925644,7.376550551710137,-17.351255569598038,0.0201102363205275,-0.4995954147058723,0.2681404098752569,0.0,1.1102230246251565e-16,7.3966607880306645,-17.582710574428653
57.00000000000054,0.0,403.0,435.06524071061307,429.46330555831685,0.41064621581400956,PILOT_DESC_ACC,caténaire,,21.210936521108227,0.5,21.210936521108227,0.40277633437636806,-0.9152984346465015,0.04023777546028745,-0.9991901327705391,33.74621558677815,-425.1599812231371,5.0,-50.0,-0.020118887730143725,0.49959506638526957,-4.979978302741046,45.19206349094686,8.829000000000008,-9.719047118927904e-05,-13.137341442667882,8.543263260661805,-19.41433699515667,0.020118887730143725,-0.49959506638526957,0.2681657213063622,0.0,0.0,8.563382148391948,-19.645766340235575
57.10000000000054,0.0,403.0,435.10335493831604,429.0506320772672,0.38114227702974196,PILOT_DESC_ACC,caténaire,,23.862303586246792,0.5,23.862303586246792,0.3964110391474143,-0.9180731387215657,0.04026631877423262,-0.9991889829118272,33.77212922085025,-425.2233705525029,5.0,-50.0,-0.02013315938711631,0.4995944914559136,-4.979965850982644,52.148291451098906,8.829000000000008,-9.901036976067701e-05,-6.1811140574451855,9.459280561075163,-21.907339950552466,0.02013315938711631,-0.4995944914559136,0.26818921417227654,0.0,-5.551115123125783e-17,9.47941372046228,-22.1387452278361
57.20000000000054,0.0,403.0,435.1387669910445,428.9376632905417,0.3541205272847611,PILOT_DESC_ACC,caténaire,,26.845091534527683,0.5,26.845091534527683,0.3743477684769086,-0.9272883846120142,0.04029305369888236,-0.9991879051627971,33.7980428219189,-425.2888202532212,5.0,-50.0,-0.02014652684944118,0.49959395258139855,-4.979953166077373,55.59338262039418,8.829000000000008,-9.969292681422104e-05,-2.7360234270244277,10.049400110508788,-24.893141563813835,0.02014652684944118,-0.49959395258139855,0.2682110414702868,0.0,0.0,10.06954663735823,-25.124524474924947
57.300000000000544,0.0,403.0,435.17513855669387,428.8916024951195,0.3637156564934904,PILOT_DESC_MINPAY_ACC,caténaire,,29.031132788381733,0.5,29.031132788381733,0.3496517862305394,-0.9368797299471225,0.040322779732339345,-0.9991867059937584,33.82395638975657,-425.35518196174854,5.0,-50.0,-0.020161389866169672,0.4995933529968792,-4.979940393742557,57.15350738276014,8.829000000000008,-0.00010178360872625802,-1.175899264242986,10.150787435753653,-27.198679846838132,0.020161389866169672,-0.4995933529968792,0.2682334601933304,0.0,0.0,10.170948825619822,-27.430039739641682
57.400000000000546,0.0,403.0,435.2148405985247,429.6816328924534,0.39702041830847923,PILOT_DESC_MINPAY_ACC,caténaire,,30.40668265201573,0.5,30.40668265201573,0.35031511317751324,-0.9366319028729622,0.0403444586159681,-0.9991858308938254,33.84986992366637,-425.4219356366973,5.0,-50.0,-0.02017222930798405,0.4995929154469127,-4.979927353573535,57.830657380512264,8.829000000000008,-9.958288151867833e-05,-0.49874970404083285,10.651920474593618,-28.47986903241178,0.02017222930798405,-0.4995929154469127,0.26825793175687684,0.0,-5.551115123125783e-17,10.672092703901603,-28.711204016101814
57.50000000000055,0.0,403.0,435.2593199272195,429.86496762551195,0.44479328694840425,PILOT_DESC_MINPAY_ACC,caténaire,,31.187385245690344,0.5,31.187385245690344,0.38079024675620715,-0.924661445057242,0.04036228864860292,-0.9991851108053236,33.87578342438187,-425.4888555615474,5.0,-50.0,-0.02018114432430146,0.4995925554026618,-4.979914595369057,58.1190703657057,8.829000000000008,-9.573969335896493e-05,-0.21033707889164077,11.87585212338732,-28.83777270883694,0.02018114432430146,-0.4995925554026618,0.26828534794678705,0.0,0.0,11.896033267711621,-29.069079916292814
57.60000000000055,0.0,403.0,435.30937313731494,429.6076857797958,0.50053210095434,PILOT_DESC_MINPAY_ACC,caténaire,,30.983326822286383,0.5,30.983326822286383,0.40085587578910614,-0.9161411282359004,0.0403984055973084,-0.999183651199916,33.901696893184145,-425.5558455987571,5.0,-50.0,-0.0201992027986542,0.499591825599958,-4.979902329556764,58.24091747782136,8.829000000000008,-0.00010153235541832117,-0.08849069657868824,12.419848608207712,-28.385099991471083,0.0201992027986542,-0.499591825599958,0.26831619976838283,0.0,0.0,12.440047811006366,-28.61637561730266
57.70000000000055,0.0,403.0,435.36533087142294,428.9300609150654,0.5595773410799885,PILOT_DESC_MINPAY_ACC,caténaire,,31.525709878991755,0.5,31.525709878991755,0.4119700814318005,-0.9111973726943442,0.04042273386507495,-0.9991826672770467,33.9276103281423,-425.6228651328657,5.0,-50.0,-0.020211366932537476,0.49959133363852337,-4.979889321627371,58.29221778273391,8.829000000000008,-0.00010068855990841286,-0.03719088362758072,12.987649266043551,-28.72614401406142,0.020211366932537476,-0.49959133363852337,0.26835069102331566,0.0,-5.551115123125783e-17,13.007860632976088,-28.957384656676627
57.80000000000055,0.0,403.0,435.42724148175483,428.8143749237214,0.6191061033190588,PILOT_DESC_MINPAY_ACC,caténaire,,31.366905767720155,0.5,31.366905767720155,0.409142830834199,-0.9124703523824639,0.04046697822309653,-0.9991808763549729,33.9535237295376,-425.68989706393546,5.0,-50.0,-0.020233489111548264,0.49959043817748644,-4.97987642181704,58.31378502303829,8.829000000000008,-0.0001099109285878086,-0.015624538784230424,12.833544620314589,-28.62137155901915,0.020233489111548264,-0.49959043817748644,0.2683888515149445,0.0,5.551115123125783e-17,12.853778109426138,-28.85257314568169
57.90000000000055,0.0,403.0,435.4949524799902,429.2507825041404,0.6771099823540925,PILOT_DESC_MINPAY_ACC,caténaire,,31.664331443514506,0.5,31.664331443514506,0.39474203169198036,-0.9187919940964264,0.040485753852744784,-0.999180115762406,33.979437094295925,-425.7569342031848,5.0,-50.0,-0.020242876926372392,0.499590057881203,-4.979862340494269,58.32284698672504,8.829000000000008,-0.00010521742064106832,-0.006562955393768277,12.499242526181174,-29.09293422871687,0.020242876926372392,-0.499590057881203,0.26843058725244573,0.0,0.0,12.519485403107547,-29.324093699345628
58.000000000000554,0.0,403.0,435.56820289481107,429.2022707892921,0.7325041482082824,PILOT_DESC_MINPAY_ACC,caténaire,,31.719761219391785,0.5,31.719761219391785,0.37725935704001956,-0.9261076489943009,0.040519817856613655,-0.999178734942286,34.005350423981774,-425.823973530086,5.0,-50.0,-0.020259908928306827,0.499589367471143,-4.979848860502042,58.32665359799282,8.829000000000008,-0.00010876943034876518,-0.0027570345360459214,11.966576723090691,-29.375913489551525,0.020259908928306827,-0.499589367471143,0.2684757373781931,0.0,5.551115123125783e-17,11.986836632018997,-29.607027119644474
58.100000000000556,0.0,403.0,435.6466638895325,429.3902213979181,0.7846099472140545,PILOT_DESC_MINPAY_ACC,caténaire,,31.742163495905267,0.5,31.742163495905267,0.38701639538128874,-0.9220728331894797,0.04055269438873767,-0.9991774011544764,34.03126371741115,-425.89101377599866,5.0,-50.0,-0.020276347194368834,0.4995887005772382,-4.979834925462931,58.32825275581121,8.829000000000008,-0.00011127265729982128,-0.0011585436115595371,12.284737697788783,-29.26858662623305,0.020276347194368834,-0.4995887005772382,0.26852409920367365,0.0,0.0,12.305014044983151,-29.499651227606613
58.20000000000056,0.0,403.0,435.7299727086078,429.7156996975793,0.833088190753544,PILOT_DESC_MINPAY_ACC,caténaire,,32.21462927078833,0.5,32.21462927078833,0.4050451316098156,-0.9142966921952562,0.040563410956912606,-0.9991769661534141,34.05717697374964,-425.95805440809255,5.0,-50.0,-0.020281705478456303,0.49958848307670706,-4.9798206697410174,58.328924750396396,8.829000000000008,-0.00010237521947331629,-0.00048676652690460287,13.048378752747876,-29.453728982578248,0.020281705478456303,-0.49958848307670706,0.2685754491334497,0.0,-5.551115123125783e-17,13.068660458226333,-29.684742016521504
58.30000000000056,0.0,403.0,435.8177695962281,429.3246454389518,0.8779688762031153,PILOT_DESC_MINPAY_ACC,caténaire,,32.44033410661491,0.5,32.44033410661491,0.401472124007131,-0.9158712429404053,0.04058765273678936,-0.9991759817195955,34.08309019596306,-426.02509520244195,5.0,-50.0,-0.02029382636839468,0.49958799085979777,-4.97980755393438,58.329207092617736,8.829000000000008,-0.00010138030277495602,-0.00020491652247756065,13.023889837283663,-29.711169119627424,0.02029382636839468,-0.49958799085979777,0.26862956542106375,0.0,5.551115123125783e-17,13.044183663652058,-29.942127545066157
58.40000000000056,0.0,403.0,435.9097000695614,429.2836241914708,0.9193047333325325,PILOT_DESC_MINPAY_ACC,caténaire,,32.3937009432618,0.5,32.3937009432618,0.3800840937551719,-0.9249519347913758,0.040620505883402956,-0.9991746466468094,34.109003384383044,-426.09213606509684,5.0,-50.0,-0.020310252941701478,0.4995873233234047,-4.979794565608503,58.329325951814184,8.829000000000008,-0.00010481855020483266,-8.672486242033983e-05,12.312330466395718,-29.962616362523217,0.020310252941701478,-0.4995873233234047,0.268686229570218,0.0,0.0,12.33264071933742,-30.193517456276403
58.50000000000056,0.0,403.0,436.0054154292729,429.39783051712044,0.9571535971148878,PILOT_DESC_MINPAY_ACC,caténaire,,32.41134654498062,0.5,32.41134654498062,0.3662440662538488,-0.9305188251367333,0.04064265291672077,-0.9991737460341376,34.13491653786351,-426.15917695666,5.0,-50.0,-0.020321326458360385,0.4995868730170688,-4.979781136809123,58.32937625550403,8.829000000000008,-0.0001024632674839765,-3.68714789118485e-05,11.870463351396335,-30.159368108134885,0.020321326458360385,-0.4995868730170688,0.2687452266494496,0.0,-5.551115123125783e-17,11.890784677854695,-30.390209754502504
58.60000000000056,0.0,403.0,436.1045830077789,429.7432154647074,0.9916757850602363,PILOT_DESC_MINPAY_ACC,caténaire,,32.118278226380774,0.5,32.118278226380774,0.361190687698371,-0.9324919769735168,0.04065152728792301,-0.9991733850184158,34.16082965718955,-426.2262178605137,5.0,-50.0,-0.020325763643961506,0.4995866925092079,-4.9797680097731005,58.32939764239299,8.829000000000008,-9.377341706162667e-05,-1.5665097812700424e-05,11.600823000274087,-29.950036760303266,0.020325763643961506,-0.4995866925092079,0.26880635160895416,0.0,-1.1102230246251565e-16,11.621148763918049,-30.18081710120352
58.700000000000564,0.0,403.0,436.20688089559934,429.7472494109705,1.0229788782044216,PILOT_DESC_MINPAY_ACC,caténaire,,32.596100041445055,0.5,32.596100041445055,0.33856957294444806,-0.9409413607001311,0.04068039765353784,-0.9991722100052373,34.18674274525779,-426.2932587695891,5.0,-50.0,-0.02034019882676892,0.49958610500261863,-4.979755996049649,58.329406728733396,8.829000000000008,-9.619487641820967e-05,-7.166263991109645e-06,11.036047670686559,-30.671018726514912,0.02034019882676892,-0.49958610500261863,0.26886940603001225,0.0,-5.551115123125783e-17,11.056387869513328,-30.901735425487516
58.800000000000566,0.0,403.0,436.31202674462895,429.8589207093139,1.0514584902960509,PILOT_DESC_MINPAY_ACC,caténaire,,32.578119507182194,0.5,32.578119507182194,0.3179842905029204,-0.948095981951909,0.040702249047306883,-0.9991713201060621,34.212655801261064,-426.3602996810532,5.0,-50.0,-0.020351124523653442,0.49958566005303107,-4.979743672116668,58.32941088539731,8.829000000000008,-9.479664032152613e-05,-3.4545496703231038e-06,10.35933021741068,-30.887184204308546,0.020351124523653442,-0.49958566005303107,0.2689342158787635,0.0,-5.551115123125783e-17,10.379681341934333,-31.117835648482817
58.90000000000057,0.0,403.0,436.41611243374945,430.11496320827086,1.0408568912048959,PILOT_DESC_ACC,caténaire,,32.42904286936515,0.5,32.42904286936515,0.32962439236456104,-0.944112154332468,0.0407152504304332,-0.9991707903969107,34.23856882566546,-426.4273405936689,5.0,-50.0,-0.0203576252152166,0.49958539519845535,-4.9797315273332385,58.32941288919761,8.829000000000008,-8.915254845476284e-05,-1.7156039362475894e-06,10.689403550778788,-30.61665352633629,0.0203576252152166,-0.49958539519845535,0.26899837226564255,0.0,-5.551115123125783e-17,10.709761175994005,-30.847240549269102
59.00000000000057,0.0,403.0,436.5167076514536,430.01507266782653,1.0059521770413213,PILOT_DESC_ACC,caténaire,,32.61824109387359,0.5,32.61824109387359,0.37074602755302527,-0.928734290878533,0.040730865896390994,-0.9991701539594394,34.264481820352344,-426.49438150685637,5.0,-50.0,-0.020365432948195497,0.4995850769797197,-4.979720105652444,58.32941388427271,8.829000000000008,-8.553860063909013e-05,-1.0387475768425247e-06,12.09308331132048,-30.293679012023716,0.020365432948195497,-0.4995850769797197,0.2690603771940794,0.0,-1.1102230246251565e-16,12.113448744268677,-30.524203711809356
59.10000000000057,0.0,403.0,436.6123860156343,430.5626304202322,0.9567836418070297,PILOT_DESC_ACC,caténaire,,32.3009640643208,0.5,32.3009640643208,0.40106269823610724,-0.9160506056346304,0.040765657964994664,-0.9991687350646441,34.290394786526356,-426.5614224203901,5.0,-50.0,-0.020382828982497332,0.49958436753232205,-4.979709146977394,58.32941448675804,8.829000000000008,-9.197595989185459e-05,-1.1457096462663685e-06,12.954711803264038,-29.589317693703503,0.020382828982497332,-0.49958436753232205,0.269119351469988,0.0,1.1102230246251565e-16,12.975094632246535,-29.819782709765835
59.20000000000057,0.0,403.0,436.703064379815,430.78497281817073,0.906783641807029,PILOT_DESC_ACC,caténaire,,32.12135888392114,0.5,32.12135888392114,0.42392624096523984,-0.9056967164680909,0.04077608311749796,-0.9991683096683937,34.31630772204172,-426.62846333430576,5.0,-50.0,-0.02038804155874898,0.4995841548341968,-4.979697363605746,58.32941515136138,8.829000000000008,-8.54051644951781e-05,-6.93804430795808e-07,13.6170869263561,-29.09220926966052,0.02038804155874898,-0.4995841548341968,0.2691752438435035,0.0,-5.551115123125783e-17,13.63747496791485,-29.32261818065121
59.30000000000057,0.0,403.0,436.78874274399567,430.24434980699164,0.8567836418070283,PILOT_DESC_ACC,caténaire,,32.389733322284805,0.5,32.389733322284805,0.43170910190865003,-0.9020128886713463,0.040789078675571466,-0.999167779234698,34.34222062908869,-426.69550424845266,5.0,-50.0,-0.020394539337785733,0.499583889617349,-4.979686422051165,58.32941555374365,8.829000000000008,-8.096138895030691e-05,-5.566390086642059e-07,13.982942683624248,-29.21595691732868,0.020394539337785733,-0.499583889617349,0.2692280543146258,0.0,0.0,14.003337222962035,-29.4463127526314
59.400000000000574,0.0,403.0,436.86942110817637,430.6571794879422,0.8067836418070276,PILOT_DESC_ACC,caténaire,,32.060556038977936,0.5,32.060556038977936,0.4192794481565577,-0.9078572268553753,0.040803598643586306,-0.9991671863796033,34.368133509148535,-426.7625451627851,5.0,-50.0,-0.020401799321793153,0.49958359318980167,-4.9796760498163275,58.32941587659903,8.829000000000008,-7.784913812081129e-05,-5.302111745209004e-07,13.442332243615063,-29.106407496987863,0.020401799321793153,-0.49958359318980167,0.2692777828833549,0.0,5.551115123125783e-17,13.462734042936855,-29.33671330729431
59.500000000000576,0.0,403.0,436.9450994723571,430.4471936974623,0.7567836418070268,PILOT_DESC_ACC,caténaire,,31.60226940942812,0.5,31.60226940942812,0.38907801966147093,-0.9212048060102097,0.04082903165055466,-0.9991661474321865,34.39404636325867,-426.82958607729427,5.0,-50.0,-0.02041451582527733,0.49958307371609323,-4.979666076314033,58.32941618412274,8.829000000000008,-8.059213931055353e-05,-7.421611698532615e-07,12.295748398628575,-29.112162460794618,0.02041451582527733,-0.49958307371609323,0.26932442954969094,0.0,0.0,12.316162914453853,-29.34242110496102
59.60000000000058,0.0,403.0,437.0157778365378,430.03121139635346,0.7067836418070261,PILOT_DESC_ACC,caténaire,,31.807736958265828,0.5,31.807736958265828,0.3625165153704391,-0.9319773474090851,0.0408485031569695,-0.9991653515759217,34.41995919050475,-426.8966269920508,5.0,-50.0,-0.02042425157848475,0.49958267578796084,-4.979655751404918,58.329416614596596,8.829000000000008,-8.000298340249401e-05,-7.096154490682238e-07,11.530829963930058,-29.64409031745051,0.02042425157848475,-0.49958267578796084,0.26936799431363373,0.0,0.0,11.551254215508543,-29.874304998924835
59.70000000000058,0.0,403.0,437.0814562007185,430.70844464902586,0.6567836418070254,PILOT_DESC_ACC,caténaire,,31.591165190267972,0.5,31.591165190267972,0.3742639570549937,-0.9273222150091833,0.040878963330706834,-0.9991641058189624,34.44587199108317,-426.9636679070439,5.0,-50.0,-0.020439481665353417,0.4995820529094812,-4.979645501988317,58.329417026177865,8.829000000000008,-8.498365367071159e-05,-9.209126616838148e-07,11.823434492087666,-29.295189278960304,0.020439481665353417,-0.4995820529094812,0.26940847717518335,0.0,-1.1102230246251565e-16,11.843873973753018,-29.525362854694603
59.80000000000058,0.0,403.0,437.1421345648992,430.27809683665083,0.6067836418070247,PILOT_DESC_ACC,caténaire,,30.789365803753473,0.5,30.789365803753473,0.37590624272398115,-0.9266577020028158,0.040901372639792585,-0.999163188731541,34.47178476333371,-427.0307088223439,5.0,-50.0,-0.020450686319896293,0.4995815943657705,-4.97963461449128,58.329417560313615,8.829000000000008,-8.530081117630317e-05,-8.453206206127106e-07,11.573914815143198,-28.531202961830274,0.020450686319896293,-0.4995815943657705,0.2694458781343398,0.0,-5.551115123125783e-17,11.594365501463093,-28.761338678061705
59.90000000000058,0.0,403.0,437.1979839092424,430.6845465891111,0.5584934434316104,PILOT_DESC_ACC,caténaire,,30.819897925888394,0.5,30.819897925888394,0.373068035266856,-0.9278039884922504,0.040921636387986016,-0.9991623590164561,34.49769750715064,-427.0977497379257,5.0,-50.0,-0.020460818193993008,0.49958117950822806,-4.979623686376046,58.32941805063046,8.829000000000008,-8.45045700392788e-05,-7.698613231355012e-07,11.497918766336234,-28.59482422056329,0.020460818193993008,-0.49958117950822806,0.26948030257993744,0.0,5.551115123125783e-17,11.518379584530226,-28.824925097491583
60.00000000000058,0.0,403.0,437.2494154907576,431.33668283622717,0.5143158151521512,PILOT_DESC_ACC,caténaire,,31.027673690014133,0.5,31.027673690014133,0.3934324374597632,-0.9193535321923061,0.04094436815215915,-0.9991614277566065,34.523610222799384,-427.16479065376416,5.0,-50.0,-0.020472184076079574,0.4995807138783033,-4.979612860282149,58.3294184972273,8.829000000000008,-8.504435822853651e-05,-7.888944040246315e-07,12.207293288568426,-28.525401402624777,0.020472184076079574,-0.4995807138783033,0.2695120040027687,0.0,5.551115123125783e-17,12.227765472644506,-28.75547011250031
60.100000000000584,0.0,403.0,437.2968209342458,431.5052419468085,0.47405443488152726,PILOT_DESC_ACC,caténaire,,31.204548622836647,0.5,31.204548622836647,0.4060478166010696,-0.913851831881681,0.04097734018829335,-0.9991600760594336,34.54952291010001,-427.23183156986556,5.0,-50.0,-0.020488670094146674,0.4995800380297168,-4.979601965045984,58.3294189548036,8.829000000000008,-9.063514013085694e-05,-1.007166687827521e-06,12.670538836324733,-28.516333922020255,0.020488670094146674,-0.4995800380297168,0.2695412237927158,0.0,0.0,12.691027506418878,-28.746372736257257
60.200000000000585,0.0,403.0,437.3405677474722,431.399657899111,0.43746813226458836,PILOT_DESC_ACC,caténaire,,31.369616364429643,0.5,31.369616364429643,0.4198424811137831,-0.9075969871326275,0.04100740428059364,-0.9991588426242186,34.57543556718892,-427.2988724863027,5.0,-50.0,-0.02050370214029682,0.4995794213121093,-4.979590353573204,58.32941953898987,8.829000000000008,-9.405571350029618e-05,-1.0396980343330142e-06,13.170297566029673,-28.470969299862713,0.02050370214029682,-0.4995794213121093,0.26956818847439107,0.0,5.551115123125783e-17,13.19080126816997,-28.70098053270043
60.30000000000059,0.0,403.0,437.38099721923703,430.68659147692256,0.4042947176479792,PILOT_DESC_ACC,caténaire,,32.05940241611162,0.5,32.05940241611162,0.4104681795181726,-0.911874922126405,0.0410468753189213,-0.9991572218757933,34.601348192925926,-427.3659134030864,5.0,-50.0,-0.02052343765946065,0.49957861093789663,-4.979578303899114,58.32942014206871,8.829000000000008,-0.000101741558574453,-1.2469933992065307e-06,13.15936454618184,-29.23416508161086,0.02052343765946065,-0.49957861093789663,0.2695931084115484,0.0,0.0,13.1798879838413,-29.464150584137208
60.40000000000059,0.0,403.0,437.418423881728,431.60494016290374,0.37426662491007606,PILOT_DESC_ACC,caténaire,,32.44558853140064,0.5,32.44558853140064,0.3893828662218846,-0.9210759922464756,0.0410786489580338,-0.9991559160610433,34.627260784749076,-427.4329543202857,5.0,-50.0,-0.0205393244790169,0.49957795803052163,-4.979565269589447,58.3294208653281,8.829000000000008,-0.00010459406846408115,-1.1766413834379819e-06,12.633756258612689,-29.88485265058071,0.0205393244790169,-0.49957795803052163,0.2696161774756883,0.0,0.0,12.654295583091706,-30.114814431135546
60.50000000000059,0.0,403.0,437.45313597450183,430.86983487147097,0.3471209277378948,PILOT_DESC_ACC,caténaire,,32.257732546803005,0.5,32.257732546803005,0.3680729148900438,-0.9297969290787891,0.04109954731293768,-0.9991550566406956,34.65317334170754,-427.4999952378773,5.0,-50.0,-0.02054977365646884,0.4995775283203478,-4.979551869860704,58.329421547834926,8.829000000000008,-0.00010164351717278919,-9.238447375992109e-07,11.873197646245218,-29.99314066106234,0.02054977365646884,-0.4995775283203478,0.2696375733320466,0.0,-5.551115123125783e-17,11.893747419901688,-30.22308061605064
60.60000000000059,0.0,403.0,437.4890317034573,431.51076970486866,0.3589572895544696,PILOT_DESC_MINPAY_ACC,caténaire,,32.67295808976708,0.5,32.67295808976708,0.37499923784326006,-0.9270251191941749,0.041125503006153814,-0.9991539886336293,34.67908586478484,-427.5670361557768,5.0,-50.0,-0.020562751503076907,0.4995769943168146,-4.979538848147595,58.329422083751155,8.829000000000008,-0.00010159965067124688,-9.21932041819673e-07,12.252334381747433,-30.288652867592607,0.020562751503076907,-0.4995769943168146,0.26965969875864104,0.0,0.0,12.27289713325051,-30.51857016315078
60.70000000000059,0.0,403.0,437.52854391505946,431.4721386931624,0.3951221160217308,PILOT_DESC_MINPAY_ACC,caténaire,,32.697760975215324,0.5,32.697760975215324,0.4033141435437002,-0.9150615835109742,0.04116963331711498,-0.9991521712394634,34.70499835399558,-427.63407707398363,5.0,-50.0,-0.02058481665855749,0.4995760856197317,-4.9795258320688855,58.329422618480415,8.829000000000008,-0.00011064872744270815,-1.2958998638623598e-06,13.187469463515592,-29.92046493524387,0.02058481665855749,-0.4995760856197317,0.2696840533145404,0.0,-1.1102230246251565e-16,13.20805428017415,-30.15035696754906
60.800000000000594,0.0,403.0,437.5730975812423,432.1356258634169,0.4455366618282086,PILOT_DESC_MINPAY_ACC,caténaire,,32.63811189536789,0.5,32.63811189536789,0.4278871988557246,-0.9038321442919593,0.04120054949744613,-0.9991508968724937,34.73091080632341,-427.7011179926224,5.0,-50.0,-0.020600274748723064,0.49957544843624685,-4.9795116567214865,58.32942337012816,8.829000000000008,-0.00011193147020982508,-1.1814356000172666e-06,13.965430274848673,-29.49937466003127,0.020600274748723064,-0.49957544843624685,0.269711515324627,0.0,0.0,13.986030549597396,-29.729238593142888
60.900000000000595,0.0,403.0,437.6234374302503,431.99937753727556,0.503398490080134,PILOT_DESC_MINPAY_ACC,caténaire,,32.46801398211121,0.5,32.46801398211121,0.44903808083321817,-0.8935126199229759,0.041217876865166654,-0.9991501822182329,34.75682322134075,-427.768158911655,5.0,-50.0,-0.020608938432583327,0.49957509110911646,-4.979497317062646,58.32942405540459,8.829000000000008,-0.00010625549522913502,-8.534863056297581e-07,14.579374686993312,-29.010580236852,0.020608938432583327,-0.49957509110911646,0.2697425438248529,0.0,5.551115123125783e-17,14.599983625425894,-29.24041278413626
61.0000000000006,0.0,403.0,437.67985398147505,431.3854726372053,0.5641655122474738,PILOT_DESC_MINPAY_ACC,caténaire,,32.35760624352053,0.5,32.35760624352053,0.4531281319522328,-0.891445397112734,0.04125799704713573,-0.9991485263361293,34.782735600939596,-427.8351998309721,5.0,-50.0,-0.020628998523567865,0.49957426316806464,-4.979483704574996,58.329424550469334,8.829000000000008,-0.00011270309856392657,-1.1863626099284375e-06,14.662141671572362,-28.84503914737264,0.020628998523567865,-0.49957426316806464,0.26977731788569975,0.0,5.551115123125783e-17,14.68277067009593,-29.074836092655
61.1000000000006,0.0,403.0,437.74234467784134,432.12406567410056,0.6249069636627669,PILOT_DESC_MINPAY_ACC,caténaire,,32.594054564824,0.5,32.594054564824,0.43809871849563575,-0.8989268673548932,0.04127594891416681,-0.9991477848853167,34.80864794297074,-427.90224075068465,5.0,-50.0,-0.020637974457083406,0.4995738924426584,-4.979469266099919,58.32942523861427,8.829000000000008,-0.00010724055700261914,-8.689430757158334e-07,14.27941353542622,-29.299671364351696,0.020637974457083406,-0.4995738924426584,0.26981583593103625,0.0,0.0,14.300051509883303,-29.529429420863316
61.2000000000006,0.0,403.0,437.81073280647786,432.27141210975475,0.6838812863653858,PILOT_DESC_MINPAY_ACC,caténaire,,32.75803022626457,0.5,32.75803022626457,0.40642129674795363,-0.9136857936674466,0.041314665385982295,-0.9991461847117489,34.83456024925503,-427.9692816706868,5.0,-50.0,-0.020657332692991148,0.49957309235587444,-4.97945552745584,58.329425742581286,8.829000000000008,-0.00011286014883093998,-1.1650628479742409e-06,13.313561123467109,-29.930546846266754,0.020657332692991148,-0.49957309235587444,0.2698579890384981,0.0,0.0,13.3342184561601,-30.16026194958413
61.3000000000006,0.0,403.0,437.8847350635553,431.8869249552032,0.7400225707746187,PILOT_DESC_MINPAY_ACC,caténaire,,32.65227157609701,0.5,32.65227157609701,0.36838031788691994,-0.9296751805838058,0.04132951914384364,-0.9991455703986977,34.86047251791927,-428.03632259107735,5.0,-50.0,-0.02066475957192182,0.49957278519934883,-4.979441068903557,58.329426418361976,8.829000000000008,-0.0001058284754789085,-7.9643868389212e-07,12.028454182932656,-30.356006473979456,0.02066475957192182,-0.49957278519934883,0.2699036025851355,0.0,-5.551115123125783e-17,12.049118942504577,-30.58567565659367
61.4000000000006,0.0,403.0,437.96400140001055,431.77843598727463,0.7926633645524517,PILOT_DESC_MINPAY_ACC,caténaire,,32.43919227303161,0.5,32.43919227303161,0.35625153113515623,-0.9343900933570822,0.04136435962139066,-0.9991441286186454,34.886384751307354,-428.10336351173333,5.0,-50.0,-0.02068217981069533,0.4995720643093227,-4.979427511199521,58.32942688029053,8.829000000000008,-0.00010969101021629513,-1.0554001619311748e-06,11.55651191605524,-30.310859896426344,0.02068217981069533,-0.4995720643093227,0.2699524608075393,0.0,0.0,11.577194095865934,-30.54047949992813
61.500000000000604,0.0,403.0,438.04814699912333,431.61412494142513,0.8414559911279491,PILOT_DESC_MINPAY_ACC,caténaire,,32.46367944981605,0.5,32.46367944981605,0.37065814942635394,-0.9287693665619203,0.04138758805422414,-0.9991431666958714,34.91229694813177,-428.1704044327411,5.0,-50.0,-0.02069379402711207,0.4995715833479357,-4.979413458685385,58.3294274924695,8.829000000000008,-0.00010725271249700796,-9.241825722483554e-07,12.032927348439173,-30.15127099887488,0.02069379402711207,-0.4995715833479357,0.27000432651219547,0.0,0.0,12.053621142466286,-30.38083825571062
61.600000000000605,0.0,403.0,438.1367838120308,431.54050001523336,0.886368129074637,PILOT_DESC_MINPAY_ACC,caténaire,,32.605308322952105,0.5,32.605308322952105,0.3849831643356851,-0.9229235955256985,0.041411010807213385,-0.999142196178264,34.938209109205275,-428.237445354057,5.0,-50.0,-0.020705505403606692,0.499571098089132,-4.9793997185589935,58.329428028583585,8.829000000000008,-0.00010522396260004285,-8.733272878203024e-07,12.552494772310752,-30.092208390642938,0.020705505403606692,-0.499571098089132,0.27005896051336004,0.0,-5.551115123125783e-17,12.573200277714358,-30.32172052821871
61.70000000000061,0.0,403.0,438.2295369093235,432.0157300565722,0.9275309729272118,PILOT_DESC_MINPAY_ACC,caténaire,,32.86715824019918,0.5,32.86715824019918,0.38708981451356606,-0.9220420139559006,0.04143262269895703,-0.9991413002054743,34.96412123520413,-428.304486275664,5.0,-50.0,-0.020716311349478517,0.49957065010273716,-4.9793862383572876,58.32942853512237,8.829000000000008,-0.00010254970676637498,-8.147748999931537e-07,12.722542186786725,-30.304900776800526,0.020716311349478517,-0.49957065010273716,0.2701161317118641,0.0,0.0,12.743258498136203,-30.5343552951914
61.80000000000061,0.0,403.0,438.32605448134836,432.48780286299456,0.9651757202489345,PILOT_DESC_MINPAY_ACC,caténaire,,32.68715595123255,0.5,32.68715595123255,0.3744962179984065,-0.9272284414883368,0.04146177806244164,-0.9991400907579983,34.99003332701975,-428.37152719754255,5.0,-50.0,-0.02073088903122082,0.49957004537899913,-4.979373100768306,58.32942900773365,8.829000000000008,-0.00010398979952697118,-9.468873543028167e-07,12.241216280860694,-30.308460669347568,0.02073088903122082,-0.49957004537899913,0.27017562325910544,0.0,0.0,12.261947169891915,-30.53785509146746
61.90000000000061,0.0,403.0,438.42599658260974,433.29535343267264,0.9994210126137226,PILOT_DESC_MINPAY_ACC,caténaire,,31.897653039103925,0.5,31.897653039103925,0.3488562341671439,-0.937176252304079,0.04147245539024017,-0.9991396476188423,35.015945384172106,-428.4385681197368,5.0,-50.0,-0.020736227695120086,0.49956982380942117,-4.979359778708455,58.32942955700331,8.829000000000008,-9.600640357465551e-05,-6.191872756744488e-07,11.127695117991948,-29.893722932483232,0.020736227695120086,-0.49956982380942117,0.2702372256193166,0.0,0.0,11.148431345687069,-30.123055530673337
62.00000000000061,0.0,403.0,438.5290226553633,432.7689493924014,1.030260727535512,PILOT_DESC_MINPAY_ACC,caténaire,,32.24720859351692,0.5,32.24720859351692,0.33004703069974367,-0.9439644895472936,0.04148701994143496,-0.9991390429646811,35.041857409322326,-428.5056090421374,5.0,-50.0,-0.02074350997071748,0.4995695214823406,-4.979347479411574,58.32942991616019,8.829000000000008,-9.09893822917951e-05,-5.623574779178853e-07,10.643095444645517,-30.4402197993043,0.02074350997071748,-0.4995695214823406,0.2703007288793523,0.0,5.551115123125783e-17,10.663838954616235,-30.66948859190729
62.10000000000061,0.0,403.0,438.6348361446236,432.35620874323655,1.058134892602997,PILOT_DESC_MINPAY_ACC,caténaire,,32.17457486994981,0.5,32.17457486994981,0.344475222884725,-0.9387954094575236,0.04151241466205151,-0.999137988182276,35.06776940414275,-428.5726499647255,5.0,-50.0,-0.020756207331025754,0.499568994091138,-4.979335822854977,58.32943024237868,8.829000000000008,-9.20301860025674e-05,-7.6353019551334e-07,11.083343849547232,-30.205343189156277,0.020756207331025754,-0.499568994091138,0.27036595024850846,0.0,5.551115123125783e-17,11.104100056878258,-30.43454623299891
62.200000000000614,0.0,403.0,438.7395313016053,433.09547916795384,1.0469515698174225,PILOT_DESC_ACC,caténaire,,32.30760522667656,0.5,32.30760522667656,0.3716084110369721,-0.9283895673943006,0.04152737146049145,-0.9991373666416357,35.09368136828645,-428.63969088756807,5.0,-50.0,-0.020763685730245725,0.49956868332081783,-4.97932403297514,58.32943068521684,8.829000000000008,-8.771870538559767e-05,-6.31462349076628e-07,12.005777842695052,-29.99404363994009,0.020763685730245725,-0.49956868332081783,0.27043048229947964,0.0,-1.1102230246251565e-16,12.026541528425298,-30.22318184096143
62.300000000000615,0.0,403.0,438.84068105454213,432.83370057102286,1.011497529367988,PILOT_DESC_ACC,caténaire,,31.793813083508944,0.5,31.793813083508944,0.3871880847899953,-0.9220007521670769,0.04154285725344456,-0.9991367228819187,35.11959330319058,-428.70673181062114,5.0,-50.0,-0.02077142862672228,0.49956836144095934,-4.97931279544888,58.329431051495526,8.829000000000008,-8.422407560271239e-05,-5.870635249038969e-07,12.310185595974922,-29.313919577254698,0.02077142862672228,-0.49956836144095934,0.2704928290326085,0.0,0.0,12.330957024601643,-29.54299510966305
62.40000000000062,0.0,403.0,438.9368627103425,433.00192004119526,0.9618165580038046,PILOT_DESC_ACC,caténaire,,31.5889206578022,0.5,31.5889206578022,0.38581543071405083,-0.9225759878855136,0.04156214767855908,-0.9991359206235885,35.14550521002001,-428.7737727338699,5.0,-50.0,-0.02078107383927954,0.49956796031179423,-4.979302005624756,58.32943139205657,8.829000000000008,-8.307946403629529e-05,-6.476316443126962e-07,12.187493029381933,-29.143179682108972,0.02078107383927954,-0.49956796031179423,0.27055211352764663,0.0,0.0,12.208274103221212,-29.37219552889312
62.50000000000062,0.0,403.0,439.02804436614286,432.8317860826846,0.9118165580038039,PILOT_DESC_ACC,caténaire,,31.903160374042223,0.5,31.903160374042223,0.37320873056559795,-0.9277474028148043,0.041584397225888685,-0.9991349948367135,35.17141708915629,-428.8408136573346,5.0,-50.0,-0.020792198612944342,0.49956749741835677,-4.97929136244773,58.3294317677321,8.829000000000008,-8.356106067441971e-05,-7.348495500991703e-07,11.906537984226985,-29.598074178601852,0.020792198612944342,-0.49956749741835677,0.27060831612029146,0.0,0.0,11.92733018283993,-29.827033359899918
62.60000000000062,0.0,403.0,439.11422602194324,432.5277863750509,0.8618165580038032,PILOT_DESC_ACC,caténaire,,31.77177626606503,0.5,31.77177626606503,0.3632434286034513,-0.9316942693697376,0.04160247957172662,-0.9991342420783526,35.19732894043889,-428.9078545810442,5.0,-50.0,-0.02080123978586331,0.4995671210391763,-4.979280657585331,58.3294321939527,8.829000000000008,-8.189737119490559e-05,-6.85008131995346e-07,11.540888943707222,-29.601581874790227,0.02080123978586331,-0.4995671210391763,0.2706614368105432,0.0,-5.551115123125783e-17,11.561690183493084,-29.830487559018863
62.70000000000062,0.0,403.0,439.1954076777436,432.43792871636276,0.8118165580038025,PILOT_DESC_ACC,caténaire,,32.12537974600857,0.5,32.12537974600857,0.3560222697891424,-0.9344774707900597,0.041621724437423895,-0.9991334405648002,35.22324076442236,-428.97489550498216,5.0,-50.0,-0.020810862218711947,0.4995667202824001,-4.979270165866939,58.329432591290406,8.829000000000008,-8.10280856509138e-05,-6.884271996909774e-07,11.437350615012114,-30.020443613220298,0.020810862218711947,-0.4995667202824001,0.27071147559840175,0.0,5.551115123125783e-17,11.458161477230826,-30.249298857904297
62.80000000000062,0.0,403.0,439.271589333544,432.75921991643713,0.7618165580038018,PILOT_DESC_ACC,caténaire,,32.40429513090365,0.5,32.40429513090365,0.3600950968752266,-0.9329156024027153,0.04164359442304604,-0.9991325292690298,35.249152561396464,-429.0419364291496,5.0,-50.0,-0.02082179721152302,0.4995662646345149,-4.979259785520998,58.32943299060639,8.829000000000008,-8.158273252156789e-05,-7.447590988363118e-07,11.668627794336183,-30.23047251248235,0.02082179721152302,-0.4995662646345149,0.27075843248386716,0.0,0.0,11.689449591547707,-30.459280344633
62.900000000000624,0.0,403.0,439.3427709893444,432.68946712251227,0.7118165580038011,PILOT_DESC_ACC,caténaire,,31.97919059347456,0.5,31.97919059347456,0.34844210784469953,-0.9373303032980117,0.041671976963417616,-0.9991313458879972,35.27506433117633,-429.10897735356525,5.0,-50.0,-0.020835988481708808,0.4995656729439986,-4.979249334133666,58.329433422564016,8.829000000000008,-8.532261537474994e-05,-9.044919906386895e-07,11.142896577557662,-29.975064418206433,0.020835988481708808,-0.4995656729439986,0.2708023074669394,0.0,-5.551115123125783e-17,11.163732566039371,-30.20382778368349
63.000000000000625,0.0,403.0,439.4089526451448,433.3468458791711,0.6618165580038003,PILOT_DESC_ACC,caténaire,,32.21527397481836,0.5,32.21527397481836,0.32579387186447456,-0.9454408247244005,0.0416854237173246,-0.9991307849573584,35.300976072515326,-429.1760182782824,5.0,-50.0,-0.0208427118586623,0.4995653924786792,-4.979238403647615,58.329433947204095,8.829000000000008,-8.11155062780955e-05,-6.603172337804608e-07,10.495538841430914,-30.457635195474786,0.0208427118586623,-0.4995653924786792,0.2708431005476185,0.0,5.551115123125783e-17,10.516381553289577,-30.686357487405846
63.10000000000063,0.0,403.0,439.4701343009452,432.8538227367598,0.6118165580037996,PILOT_DESC_ACC,caténaire,,32.36245771083082,0.5,32.36245771083082,0.32289708905957226,-0.9464340811048886,0.041713851731945355,-0.9991295984874462,35.32688778681582,-429.2430592032197,5.0,-50.0,-0.020856925865972677,0.4995647992437231,-4.97922801213587,58.32943433019927,8.829000000000008,-8.493800184261602e-05,-8.705570166966936e-07,10.44974338964078,-30.62893292584598,0.020856925865972677,-0.4995647992437231,0.27088081172590434,0.0,0.0,10.470600315506752,-30.857616913363795
63.20000000000063,0.0,403.0,439.526436850439,433.38350813763054,0.5630254949382056,PILOT_DESC_ACC,caténaire,,32.052294846384626,0.5,32.052294846384626,0.33590710012878167,-0.9418951215942636,0.04173906917177944,-0.9991285453357206,35.35279947280364,-429.3101001284471,5.0,-50.0,-0.02086953458588972,0.4995642726678603,-4.979217130944558,58.32943483515546,8.829000000000008,-8.666553044722747e-05,-8.921766863068115e-07,10.766593414321754,-30.189900151710635,0.02086953458588972,-0.4995642726678603,0.27091551551830967,0.0,0.0,10.787462948907644,-30.418548908860185
63.30000000000063,0.0,403.0,439.57827648647486,433.417005092908,0.5183963603587353,PILOT_DESC_ACC,caténaire,,32.13793466320561,0.5,32.13793466320561,0.33873265365309985,-0.9408826650274352,0.04176375804758734,-0.9991275136406477,35.37871112990295,-429.37714105397197,5.0,-50.0,-0.02088187902379367,0.49956375682032383,-4.979206028458078,58.329435352673734,8.829000000000008,-8.790748187159636e-05,-8.90505951645082e-07,10.886167891397578,-30.238025614394484,0.02088187902379367,-0.49956375682032383,0.27094746845798173,0.0,-5.551115123125783e-17,10.907049770421372,-30.466641902756823
63.40000000000063,0.0,403.0,439.62604929795117,433.1282894546183,0.47772811476290683,PILOT_DESC_ACC,caténaire,,32.47397140549306,0.5,32.47397140549306,0.3376400623375341,-0.9412752988922561,0.04179071330249481,-0.9991263865405962,35.40462275769977,-429.44418197979365,5.0,-50.0,-0.020895356651247404,0.4995631932702981,-4.979194766878576,58.32943586920288,8.829000000000008,-9.012352982384897e-05,-9.375268277267423e-07,10.964513729697975,-30.56694714092406,0.020895356651247404,-0.4995631932702981,0.27097691468638513,0.0,-5.551115123125783e-17,10.985409086349222,-30.795533419507972
63.50000000000063,0.0,403.0,439.6701268256106,433.4356395158101,0.4407752765946477,PILOT_DESC_ACC,caténaire,,32.42801147315782,0.5,32.42801147315782,0.3599413047806961,-0.9329749498849205,0.04182425150209761,-0.9991249831659148,35.430534355455414,-429.51122290592787,5.0,-50.0,-0.020912125751048807,0.4995624915829574,-4.979183221424348,58.32943641303229,8.829000000000008,-9.534717539683157e-05,-1.0953847606742784e-06,11.672180761091807,-30.25452237903704,0.020912125751048807,-0.4995624915829574,0.27100408321398095,0.0,0.0,11.693092886842857,-30.483080787406017
63.600000000000634,0.0,403.0,439.7108539986357,433.70144077628566,0.40727173025080504,PILOT_DESC_ACC,caténaire,,32.319572670559246,0.5,32.319572670559246,0.38288718633576474,-0.9237951085277954,0.04184621901311229,-0.9991240633446412,35.45644592142867,-429.5782638324272,5.0,-50.0,-0.020923109506556146,0.4995620316723206,-4.979171006797015,58.32943704835721,8.829000000000008,-9.41163035719228e-05,-9.199704820161969e-07,12.374750243404709,-29.85666314277125,0.020923109506556146,-0.4995620316723206,0.27102918664838355,0.0,0.0,12.395673352911265,-30.085195987795185
63.700000000000635,0.0,403.0,439.74854863305035,433.8863367118758,0.37694634414666,PILOT_DESC_ACC,caténaire,,32.516366033333625,0.5,32.516366033333625,0.3830653989707363,-0.9237212242399709,0.0418795818220849,-0.999122665455252,35.48235745602982,-429.64530475923317,5.0,-50.0,-0.02093979091104245,0.499561332727626,-4.979158949866766,58.329437581998484,8.829000000000008,-9.874077780835933e-05,-1.0852739009692414e-06,12.455894727637444,-30.036057440145942,0.02093979091104245,-0.499561332727626,0.271052420885186,0.0,-5.551115123125783e-17,12.476834518548486,-30.264566351988382
63.80000000000064,0.0,403.0,439.783501929108,433.93563794817646,0.34953296057664884,PILOT_DESC_ACC,caténaire,,32.71393811951979,0.5,32.71393811951979,0.3688375248897598,-0.9294938839138189,0.04191541895900046,-0.999121162649201,35.50826895771738,-429.7123456864009,5.0,-50.0,-0.02095770947950023,0.4995605813246005,-4.979146300527772,58.32943821148747,8.829000000000008,-0.000104010007271782,-1.2071879353925397e-06,12.066127965400442,-30.407405400828782,0.02095770947950023,-0.4995605813246005,0.2710739654145399,0.0,0.0,12.087085674879942,-30.635892016738843
63.90000000000064,0.0,403.0,439.8196293991103,433.85919612640004,0.3612747000228376,PILOT_DESC_MINPAY_ACC,caténaire,,31.941950818212955,0.5,31.941950818212955,0.34316206646539105,-0.9392762086517483,0.041935620131572544,-0.9991203149592047,35.534180424734934,-429.77938661397104,5.0,-50.0,-0.020967810065786272,0.49956015747960236,-4.9791329761825684,58.3294389117,8.829000000000008,-0.0001007862483550781,-9.308204056424074e-07,10.961265849713847,-30.002314461471673,0.020967810065786272,-0.49956015747960236,0.2710962336817917,0.0,5.551115123125783e-17,10.982233659779633,-30.230778385269485
64.00000000000064,0.0,403.0,439.8593394595753,433.617921743512,0.3971006046502569,PILOT_DESC_MINPAY_ACC,caténaire,,31.96683628956895,0.5,31.96683628956895,0.333404966807163,-0.9427837122629532,0.04196972464605968,-0.9991188829229152,35.56009185815707,-429.8464275418514,5.0,-50.0,-0.02098486232302984,0.4995594414614576,-4.979120064836876,58.329439451572874,8.829000000000008,-0.00010492715990650936,-1.1069656764561842e-06,10.657901992053748,-30.1378125863819,0.02098486232302984,-0.4995594414614576,0.27112071018786776,0.0,5.551115123125783e-17,10.678886854376778,-30.36625131765549
64.10000000000063,0.0,403.0,439.90404271035123,434.1920770371327,0.4470325077592667,PILOT_DESC_MINPAY_ACC,caténaire,,32.139658051023154,0.5,32.139658051023154,0.3209396157822425,-0.9470996584423134,0.04199689927445676,-0.9991177410352251,35.58600325660349,-429.9134684701008,5.0,-50.0,-0.02099844963722838,0.49955887051761255,-4.979106623034548,58.32944009363224,8.829000000000008,-0.00010507267177661817,-1.0358501540963516e-06,10.314889506268027,-30.439459162576778,0.02099844963722838,-0.49955887051761255,0.2711482643989775,0.0,5.551115123125783e-17,10.335887955905255,-30.667869768695414
64.20000000000063,0.0,403.0,439.95448324686186,434.23667394027643,0.5044053651062385,PILOT_DESC_MINPAY_ACC,caténaire,,32.46730835043096,0.5,32.46730835043096,0.33370146867642964,-0.942678805215856,0.04203018458553144,-0.9991163413655619,35.611914620025686,-429.9805093986954,5.0,-50.0,-0.02101509229276572,0.49955817068278097,-4.979093162609635,58.32944069443617,8.829000000000008,-0.0001082549024005175,-1.1348810531330855e-06,10.83438848050932,-30.606243444359045,0.02101509229276572,-0.49955817068278097,0.2711793549610145,0.0,5.551115123125783e-17,10.855403572802086,-30.834622260080813
64.30000000000062,0.0,403.0,440.01096758872234,434.0193755397344,0.5648434186047817,PILOT_DESC_MINPAY_ACC,caténaire,,32.841681419025505,0.5,32.841681419025505,0.36446931428574064,-0.9312153987902486,0.04206059200102037,-0.999115061742402,35.63782594736291,-430.0475503276683,5.0,-50.0,-0.021030296000510186,0.499557530871201,-4.979079294539648,58.32944135270917,8.829000000000008,-0.00010959054015824421,-1.116419639402011e-06,11.969785106782975,-30.582679459560133,0.021030296000510186,-0.499557530871201,0.2712141708066858,0.0,-5.551115123125783e-17,11.990815402783486,-30.811022819624647
64.40000000000062,0.0,403.0,440.0735187888675,434.1363062371345,0.6255120014515136,PILOT_DESC_MINPAY_ACC,caténaire,,32.93428480503657,0.5,32.93428480503657,0.3894546736915653,-0.9210456324959131,0.04208652126296948,-0.9991139698392681,35.66373723816996,-430.1145912570134,5.0,-50.0,-0.02104326063148474,0.4995569849196341,-4.979065255386811,58.329442000299444,8.829000000000008,-0.00010851601829564572,-1.0147809277327724e-06,12.826411142010594,-30.333979179055447,0.02104326063148474,-0.4995569849196341,0.2712527261453704,0.0,5.551115123125783e-17,12.847454402642079,-30.562283437829713
64.50000000000061,0.0,403.0,440.14197217152986,433.9668397083462,0.6845338266235153,PILOT_DESC_MINPAY_ACC,caténaire,,32.26181709154943,0.5,32.26181709154943,0.40337788332247543,-0.9150334874999272,0.04211433424294848,-0.9991127978618196,35.689648492805,-430.18163218669673,5.0,-50.0,-0.02105716712147424,0.4995563989309098,-4.979051353907008,58.329442588936956,8.829000000000008,-0.00010852102848168954,-1.0121321381006965e-06,13.013703490526071,-29.520643006365233,0.02105716712147424,-0.4995563989309098,0.27129491947414003,0.0,-5.551115123125783e-17,13.034760657647546,-29.748904485822003
64.6000000000006,0.0,403.0,440.21602677998555,435.1160720427553,0.7405460845568539,PILOT_DESC_MINPAY_ACC,caténaire,,32.22476273613361,0.5,32.22476273613361,0.401872033657998,-0.9156958384548795,0.04214035254230686,-0.999111700806076,35.715559711266366,-430.24867311671744,5.0,-50.0,-0.02107017627115343,0.499555850403038,-4.979037451804891,58.32944317599184,8.829000000000008,-0.00010762807604436375,-9.73605125409449e-07,12.950230934916487,-29.508081132673425,0.02107017627115343,-0.499555850403038,0.271340565289145,0.0,5.551115123125783e-17,12.97130111118764,-29.73629641778732
64.7000000000006,0.0,403.0,440.29532389159675,434.8299269019634,0.7929711161119535,PILOT_DESC_MINPAY_ACC,caténaire,,32.5461131173767,0.5,32.5461131173767,0.3851477921605862,-0.9228549063605967,0.04217628222646013,-0.9991101847231636,35.741470893851705,-430.31571404706267,5.0,-50.0,-0.021088141113230065,0.4995550923615818,-4.979023664112038,58.32944374069216,8.829000000000008,-0.00011180522526821335,-1.166946262287638e-06,12.53506361056633,-30.035340173338064,0.021088141113230065,-0.4995550923615818,0.2713894424807542,0.0,0.0,12.55615175167956,-30.263505823218892
64.8000000000006,0.0,403.0,440.3794899050076,434.22077267599343,0.8416601341083365,PILOT_DESC_MINPAY_ACC,caténaire,,32.50557299929667,0.5,32.50557299929667,0.36660398469687183,-0.93037708398497,0.042205406684186535,-0.999108954842575,35.76738203916864,-430.3827549777969,5.0,-50.0,-0.021102703342093267,0.4995544774212875,-4.979009341327159,58.32944441756102,8.829000000000008,-0.00011204466925196499,-1.1050177022298158e-06,11.916672586397207,-30.242440220346207,0.021102703342093267,-0.4995544774212875,0.2714413207683851,0.0,0.0,11.9377752897393,-30.47055337699911
64.90000000000059,0.0,403.0,440.4681421965801,434.5558098132218,0.8865229157256019,PILOT_DESC_MINPAY_ACC,caténaire,,32.28298228106948,0.5,32.28298228106948,0.3718039444379368,-0.928311276943457,0.042217764542302756,-0.9991084327324289,35.79329314713735,-430.44979590889943,5.0,-50.0,-0.021108882271151378,0.49955421636621444,-4.978994987888793,58.32944505852407,8.829000000000008,-0.00010387015994428594,-7.251097215998925e-07,12.002940150321654,-29.968656504882606,0.021108882271151378,-0.49955421636621444,0.2714959643102966,0.0,0.0,12.024049032592806,-30.196714756938523
65.00000000000058,0.0,403.0,440.5608984758153,435.1277709362868,0.9275627923517239,PILOT_DESC_MINPAY_ACC,caténaire,,31.96929364534236,0.5,31.96929364534236,0.40081619929149026,-0.9161584875912706,0.04223149950178975,-0.9991078522611212,35.81920422048267,-430.5168368402437,5.0,-50.0,-0.021115749750894874,0.4995539261305606,-4.978981681659496,58.32944547910662,8.829000000000008,-9.743141039120218e-05,-5.947628309854736e-07,12.813810772959718,-29.288939715478076,0.021115749750894874,-0.4995539261305606,0.27155313747008797,0.0,5.551115123125783e-17,12.834926522710612,-29.516940504138546
65.10000000000058,0.0,403.0,440.65738539785804,434.22939364170315,0.9648692204272725,PILOT_DESC_MINPAY_ACC,caténaire,,32.39581361868134,0.5,32.39581361868134,0.42136745656891306,-0.9068899969371397,0.042256668837445215,-0.9991067880555925,35.845115261350855,-430.5838777717862,5.0,-50.0,-0.021128334418722607,0.49955339402779625,-4.978969200281957,58.32944582411884,8.829000000000008,-9.753470068041281e-05,-7.818533660497451e-07,13.65054158798431,-29.379439313422065,0.021128334418722607,-0.49955339402779625,0.2716126101252786,0.0,0.0,13.671669922403034,-29.607380097324583
65.20000000000057,0.0,403.0,440.7572686602032,435.3110344807144,0.9988326234514666,PILOT_DESC_MINPAY_ACC,caténaire,,32.18889354675937,0.5,32.18889354675937,0.43292600902019646,-0.9014294596438729,0.0422745526205657,-0.9991060315105353,35.87102626970747,-430.65091870358935,5.0,-50.0,-0.02113727631028285,0.49955301575526767,-4.978956705684353,58.329446277639775,8.829000000000008,-9.398199463550583e-05,-7.066049647619366e-07,13.93540921797449,-29.016016916389443,0.02113727631028285,-0.49955301575526767,0.2716741762183305,0.0,-5.551115123125783e-17,13.956546494284773,-29.24389575592638
65.30000000000057,0.0,403.0,440.8602295828878,434.60523929309227,1.029609226846655,PILOT_DESC_MINPAY_ACC,caténaire,,31.881394154955167,0.5,31.881394154955167,0.4275132206768693,-0.9040090962741969,0.04230353927178658,-0.9991048045951337,35.896937246736755,-430.717959635628,5.0,-50.0,-0.02115176963589329,0.49955240229756687,-4.9789446662196974,58.329446687440694,8.829000000000008,-9.643585559082624e-05,-9.10261746867036e-07,13.6297174948536,-28.821070317982485,0.02115176963589329,-0.49955240229756687,0.2717376393211355,0.0,-1.1102230246251565e-16,13.650869264489492,-29.048885080958918
65.40000000000056,0.0,403.0,440.96234060390583,434.7946117833641,1.021110210180224,PILOT_DESC_ACC,caténaire,,31.7650326207502,0.5,31.7650326207502,0.4070675185645044,-0.9133980705747834,0.04231394567029651,-0.9991043639189108,35.92284819162076,-430.7850005679701,5.0,-50.0,-0.021156972835148256,0.4995521819594554,-4.978932312422924,58.32944721544391,8.829000000000008,-8.928525807228027e-05,-6.025966357015022e-07,12.93051300604932,-29.01411950753829,0.021156972835148256,-0.4995521819594554,0.27180057856114437,0.0,0.0,12.95166997888447,-29.2418711109366
65.50000000000055,0.0,403.0,441.0611528562433,434.60100452130297,0.9881225233749659,PILOT_DESC_ACC,caténaire,,32.14040479549472,0.5,32.14040479549472,0.3770297162984362,-0.9262011622903098,0.04233498376678411,-0.9991034726941278,35.948759106743005,-430.85204150051305,5.0,-50.0,-0.021167491883392054,0.4995517363470639,-4.978920874654702,58.329447565006184,8.829000000000008,-8.836653809396466e-05,-6.98646758223731e-07,12.117887701762271,-29.768480278068253,0.021167491883392054,-0.4995517363470639,0.27186148450453507,0.0,0.0,12.139055193645664,-29.996170529910785
65.60000000000055,0.0,403.0,441.15522251674196,435.1220328292959,0.9406966049864042,PILOT_DESC_ACC,caténaire,,32.18635115687579,0.5,32.18635115687579,0.3667178749805779,-0.9303321988245541,0.042356006535457125,-0.9991025816753595,35.97466999240974,-430.9190824332889,5.0,-50.0,-0.021178003267728562,0.49955129083767974,-4.9789095545922954,58.32944797025706,8.829000000000008,-8.755786002367927e-05,-7.389052711914701e-07,11.803310299628153,-29.94399884391548,0.021178003267728562,-0.49955129083767974,0.2719194672068982,0.0,0.0,11.824488302895881,-30.17163066754626
65.70000000000054,0.0,403.0,441.2442921772406,434.7399002436443,0.890696604986407,PILOT_DESC_ACC,caténaire,,31.96098699931898,0.5,31.96098699931898,0.3806272027499953,-0.9247285723533764,0.04237508662816154,-0.9991017726104062,36.00058084889052,-430.98612336631106,5.0,-50.0,-0.02118754331408077,0.4995508863052031,-4.978898338139506,58.32944839885166,8.829000000000008,-8.588145358690014e-05,-7.148431464543137e-07,12.165221078679748,-29.555237878885062,0.02118754331408077,-0.4995508863052031,0.2719743680068682,0.0,0.0,12.186408621993829,-29.782814397183397
65.80000000000054,0.0,403.0,441.32836183773924,434.80094873519016,0.8406966049864099,PILOT_DESC_ACC,caténaire,,32.30911749644697,0.5,32.30911749644697,0.40216602164900894,-0.9155667594615966,0.042390736471939396,-0.9991011087279238,36.02649167674415,-431.0531642995715,5.0,-50.0,-0.021195368235969698,0.4995505543639619,-4.978887336448412,58.329448813499376,8.829000000000008,-8.270468438098533e-05,-6.321366683437191e-07,12.993629246536466,-29.581154007285928,0.021195368235969698,-0.4995505543639619,0.27202618690444497,0.0,0.0,13.014824614772436,-29.808678374745444
65.90000000000053,0.0,403.0,441.4074314982379,434.657844880946,0.7906966049864127,PILOT_DESC_ACC,caténaire,,32.46525244270558,0.5,32.46525244270558,0.40290807801328926,-0.9152404496478711,0.0424156162052125,-0.9991000527984832,36.05240247702955,-431.12020523304267,5.0,-50.0,-0.02120780810260625,0.4995500263992416,-4.9788767417253785,58.32944918017379,8.829000000000008,-8.454982798511423e-05,-7.934269774523273e-07,13.080512463906748,-29.7135122435935,0.02120780810260625,-0.4995500263992416,0.27207492389962856,0.0,-5.551115123125783e-17,13.101720272009354,-29.940987346093113
66.00000000000053,0.0,403.0,441.48150115873653,435.348022611487,0.7406966049864155,PILOT_DESC_ACC,caténaire,,32.6470833275865,0.5,32.6470833275865,0.38451475782765837,-0.9231188444684342,0.042444690267817706,-0.9990988180695985,36.07831324913168,-431.1872461667783,5.0,-50.0,-0.021222345133908853,0.4995494090347993,-4.978865910646244,58.32944964042088,8.829000000000008,-8.82557801524797e-05,-9.505443259172353e-07,12.553285339486306,-30.137137836626334,0.021222345133908853,-0.4995494090347993,0.27212057899241904,0.0,0.0,12.574507684620215,-30.364566666668715
66.10000000000052,0.0,403.0,441.5505708192352,435.27202028032934,0.69,PILOT_DESC_ACC,caténaire,,32.715308723904144,0.5,32.715308723904144,0.36625914003189913,-0.9305128920886016,0.04246519328927544,-0.999097946829491,36.10422399181522,-431.2542871008308,5.0,-50.0,-0.02123259664463772,0.4995489734147455,-4.9788546048349,58.32945019176783,8.829000000000008,-8.720147953766855e-05,-8.348174276306963e-07,11.98228083909522,-30.4420165362515,0.02123259664463772,-0.4995489734147455,0.2721631521828163,0.0,0.0,12.003513435739857,-30.66940235748343
66.20000000000051,0.0,403.0,441.61464047973385,435.92311727588896,0.6406966049864212,PILOT_DESC_ACC,caténaire,,32.53233740374427,0.5,32.53233740374427,0.37475970807015063,-0.9271219775235487,0.042485242666602405,-0.9990970944585716,36.130134705431594,-431.32132803516157,5.0,-50.0,-0.021242621333301202,0.4995485472292858,-4.978843434095353,58.329450675952145,8.829000000000008,-8.605542865414151e-05,-7.768185739109867e-07,12.191809268266846,-30.1614449872227,0.021242621333301202,-0.4995485472292858,0.27220264347082035,0.0,-5.551115123125783e-17,12.213051889600147,-30.388790890981166
66.30000000000051,0.0,403.0,441.6737101402325,435.42423055532845,0.5906966049864241,PILOT_DESC_ACC,caténaire,,31.917297783143244,0.5,31.917297783143244,0.4032724828129454,-0.9150799443796604,0.0425034073606729,-0.9990963218642798,36.15604539036283,-431.38836896975124,5.0,-50.0,-0.02125170368033645,0.4995481609321399,-4.978832410179942,58.329451126505674,8.829000000000008,-8.411386027873391e-05,-7.12562190585686e-07,12.871367921688295,-29.20687908014778,0.02125170368033645,-0.4995481609321399,0.2722390528564313,0.0,-5.551115123125783e-17,12.892619625368631,-29.434188188223487
66.4000000000005,0.0,403.0,441.7281114186606,436.34537469980705,0.5440127842811332,PILOT_DESC_ACC,caténaire,,31.817023409751922,0.5,31.817023409751922,0.42860852157921486,-0.9034903072140175,0.04251804309413301,-0.9990956991256871,36.18195604725611,-431.45540990457846,5.0,-50.0,-0.021259021547066506,0.49954784956284354,-4.978821634996578,58.32945153986752,8.829000000000008,-8.065654364486363e-05,-6.105696428448937e-07,13.63704736470504,-28.746372255112348,0.021259021547066506,-0.49954784956284354,0.2722725847424671,0.0,5.551115123125783e-17,13.658306386252107,-28.973647519932726
66.5000000000005,0.0,403.0,441.77823957803145,435.19399394570917,0.501281593708366,PILOT_DESC_ACC,caténaire,,32.639305924110744,0.5,32.639305924110744,0.4430797910635916,-0.8964821798290494,0.04255448320838747,-0.9990941476952345,36.20786667726387,-431.5224508396092,5.0,-50.0,-0.021277241604193736,0.49954707384761726,-4.978811302713609,58.32945189397985,8.829000000000008,-8.854431780314087e-05,-1.0321725412154592e-06,14.461816849315635,-29.260556122954007,0.021277241604193736,-0.49954707384761726,0.27230348276133315,0.0,5.551115123125783e-17,14.48309409091983,-29.48779971404029
66.60000000000049,0.0,403.0,441.82447182761507,435.1719523770963,0.46232249583627166,PILOT_DESC_ACC,caténaire,,32.46317898912682,0.5,32.46317898912682,0.44623906827654963,-0.8949137913473436,0.04259002266562454,-0.9990926333275316,36.233777277756865,-431.58949177498397,5.0,-50.0,-0.02129501133281227,0.4995463166637658,-4.978799960002073,58.329452492706636,8.829000000000008,-9.497133488522991e-05,-1.1906296037977881e-06,14.486338745402813,-29.051746588346905,0.02129501133281227,-0.4995463166637658,0.2723319794174599,0.0,0.0,14.507633756735625,-29.27896092559321
66.70000000000049,0.0,403.0,441.86716268654527,435.5717627337096,0.42690858930176406,PILOT_DESC_ACC,caténaire,,32.631678453007126,0.5,32.631678453007126,0.43319946803156123,-0.9012980754984292,0.04261949536199655,-0.9990913765092203,36.25968784659275,-431.65653271075564,5.0,-50.0,-0.021309747680998276,0.49954568825461015,-4.97878779399176,58.3294531833246,8.829000000000008,-9.754167275843884e-05,-1.1284207914741273e-06,14.136025746819646,-29.410868989978884,0.021309747680998276,-0.49954568825461015,0.2723582932295206,0.0,-5.551115123125783e-17,14.157335494500645,-29.638056385003974
66.80000000000048,0.0,403.0,441.90664174359586,435.4336839925767,0.3947905705059714,PILOT_DESC_ACC,caténaire,,32.52487920213484,0.5,32.52487920213484,0.40479698607466735,-0.9144065835638245,0.04263471101001534,-0.9990907273201431,36.285598382914735,-431.72357364690345,5.0,-50.0,-0.02131735550500767,0.4995453636600716,-4.978775298728851,58.329453837838926,8.829000000000008,-9.265423385862448e-05,-7.985010128663816e-07,13.165973073466814,-29.74096367205021,0.02131735550500767,-0.4995453636600716,0.27238262734960145,0.0,5.551115123125783e-17,13.187290428971822,-29.968126408360682
66.90000000000047,0.0,403.0,441.9468579902236,436.54116051731074,0.4021624662771173,PILOT_DESC_MINPAY_ACC,caténaire,,32.57429860543084,0.5,32.57429860543084,0.3727654350386117,-0.9279256060916062,0.04266519004350045,-0.9990894262069596,36.31150888835198,-431.7906145833174,5.0,-50.0,-0.021332595021750226,0.4995447131034798,-4.978763429572891,58.32945430095456,8.829000000000008,-9.602459464108648e-05,-9.85941966291648e-07,12.142572590731069,-30.226525776453375,0.021332595021750226,-0.4995447131034798,0.2724074158589467,0.0,5.551115123125783e-17,12.163905185752819,-30.453663073697907
67.00000000000047,0.0,403.0,441.9902786861388,435.7047237866655,0.4342069591521964,PILOT_DESC_MINPAY_ACC,caténaire,,32.60523954734683,0.5,32.60523954734683,0.36834890914471285,-0.9296876255667276,0.04269810408977504,-0.9990880200999003,36.33741936178102,-431.85765552006,5.0,-50.0,-0.02134905204488752,0.49954401004995014,-4.97875112868057,58.32945487287565,8.829000000000008,-0.00010018072545747714,-1.1170744045330139e-06,12.010104419667254,-30.312687735807234,0.02134905204488752,-0.49954401004995014,0.2724341795282776,0.0,0.0,12.031453471712142,-30.539797566328904
67.10000000000046,0.0,403.0,442.03836302789205,435.77259634731297,0.48084341753217996,PILOT_DESC_MINPAY_ACC,caténaire,,33.020240432786224,0.5,33.020240432786224,0.38975036121151285,-0.9209205481123196,0.042732865755488944,-0.9990865338819872,36.36332980181649,-431.924696457175,5.0,-50.0,-0.021366432877744472,0.4995432669409936,-4.978738295399307,58.329455520861664,8.829000000000008,-0.00010472827705143573,-1.2121973469447767e-06,12.869650635969432,-30.409017918162068,0.021366432877744472,-0.4995432669409936,0.27246381777786227,0.0,-5.551115123125783e-17,12.891017068847177,-30.6360973673252
67.20000000000046,0.0,403.0,442.091902878129,435.7538642403967,0.5353985023695251,PILOT_DESC_MINPAY_ACC,caténaire,,32.88112143290538,0.5,32.88112143290538,0.4085448356174122,-0.9127382523431028,0.04276557561312455,-0.9990851342815977,36.38924020694254,-431.99173739469404,5.0,-50.0,-0.021382787806562276,0.49954256714079887,-4.978724879591185,58.32945622394281,8.829000000000008,-0.0001076673977475906,-1.2089163945461223e-06,13.433412350722499,-30.0118573117514,0.021382787806562276,-0.49954256714079887,0.2724968186963773,0.0,-5.551115123125783e-17,13.454795138529061,-30.23890306019582
67.30000000000045,0.0,403.0,442.15122929964303,435.656768138347,0.5932642151400773,PILOT_DESC_MINPAY_ACC,caténaire,,32.5891342618099,0.5,32.5891342618099,0.42401664882903856,-0.9056543940796575,0.04278392780848468,-0.999084348551852,36.41515057617945,-432.05877833261604,5.0,-50.0,-0.02139196390424234,0.499542174275926,-4.978711087293099,58.3294569251446,8.829000000000008,-0.0001030511973407755,-9.005794865402095e-07,13.818335497932239,-29.514492643460056,0.02139196390424234,-0.499542174275926,0.27253338634446583,0.0,5.551115123125783e-17,13.839727461836482,-29.741501431391516
67.40000000000045,0.0,403.0,442.2163685333753,435.91409792883206,0.6513923373230905,PILOT_DESC_MINPAY_ACC,caténaire,,31.71258858654004,0.5,31.71258858654004,0.43277017699339826,-0.9015042839083476,0.04281066836325609,-0.9990832030788485,36.44106091106596,-432.12581927083824,5.0,-50.0,-0.021405334181628044,0.49954160153942423,-4.978697886353992,58.32945744750976,8.829000000000008,-0.0001032205356201743,-9.509508203109363e-07,13.724262575515755,-28.589034464588813,0.021405334181628044,-0.49954160153942423,0.27257353689653163,0.0,0.0,13.745667909697383,-28.816002529231707
67.50000000000044,0.0,403.0,442.28713645850416,436.0587570388442,0.7076792512887832,PILOT_DESC_MINPAY_ACC,caténaire,,31.88510978733977,0.5,31.88510978733977,0.4342000867649046,-0.900816454475244,0.04284040886676031,-0.9990819282562011,36.466971211545626,-432.19286020937744,5.0,-50.0,-0.021420204433380156,0.49954096412810056,-4.978684663740287,58.32945799915349,8.829000000000008,-0.000104868173667505,-1.0367184160031684e-06,13.844517436171436,-28.722631549185312,0.021420204433380156,-0.49954096412810056,0.2726171568640945,0.0,1.1102230246251565e-16,13.865937640604816,-28.94955535644932
67.60000000000043,0.0,403.0,442.3632534219149,436.173304595527,0.7611696341073508,PILOT_DESC_MINPAY_ACC,caténaire,,32.497607131641665,0.5,32.497607131641665,0.4369842387789905,-0.8994691629281941,0.04287346632232037,-0.9990805102120192,36.49288147706923,-432.2599011482622,5.0,-50.0,-0.021436733161160185,0.4995402551060096,-4.978671230080613,58.32945860045208,8.829000000000008,-0.00010796324177242411,-1.1444419172335074e-06,14.200942114559126,-29.23059548386704,0.021436733161160185,-0.4995402551060096,0.2726640738744338,0.0,0.0,14.222378847720286,-29.457471665098616
67.70000000000043,0.0,403.0,442.44440117401183,436.29341181533397,0.811477520969282,PILOT_DESC_MINPAY_ACC,caténaire,,32.64226010691517,0.5,32.64226010691517,0.4182139726662314,-0.9083485416219528,0.04290339222442641,-0.9990792255550294,36.51879170660509,-432.32694208752844,5.0,-50.0,-0.021451696112213203,0.4995396127775147,-4.978657399961301,58.329459264264365,8.829000000000008,-0.00010909607351372586,-1.122958124710749e-06,13.651449276117434,-29.65054936336084,0.021451696112213203,-0.4995396127775147,0.2727140917647114,0.0,0.0,13.672900972229648,-29.877374884373644
67.80000000000042,0.0,403.0,442.530232661558,436.4043802268964,0.8583148754614172,PILOT_DESC_MINPAY_ACC,caténaire,,32.563822221404656,0.5,32.563822221404656,0.38593791565524826,-0.9225247559061396,0.04291593107983741,-0.9990786870209726,36.544701899775596,-432.393983027169,5.0,-50.0,-0.021457965539918706,0.4995393435104863,-4.97864342474536,58.32945991561348,8.829000000000008,-0.00010139028527866856,-7.40876046734229e-07,12.56761367389697,-30.040932146172256,0.021457965539918706,-0.4995393435104863,0.272766996618087,0.0,0.0,12.589071639436888,-30.267704493064656
67.90000000000042,0.0,403.0,442.62038640387885,436.523591265747,0.9015374232088155,PILOT_DESC_MINPAY_ACC,caténaire,,32.50964077909917,0.5,32.50964077909917,0.3636700822188203,-0.9315278156335197,0.04293513028841802,-0.9990778621244276,36.57061205914934,-432.4610239670565,5.0,-50.0,-0.02146756514420901,0.4995389310622138,-4.9786304366597856,58.32946034539509,8.829000000000008,-9.800180399466285e-05,-7.235427048613019e-07,11.822783735039309,-30.28363466198465,0.02146756514420901,-0.4995389310622138,0.27282256562492935,0.0,-5.551115123125783e-17,11.844251300183517,-30.510351027421937
68.00000000000041,0.0,403.0,442.714503403117,436.55541234239286,0.9411699923817528,PILOT_DESC_MINPAY_ACC,caténaire,,32.92070501759074,0.5,32.92070501759074,0.34608937923687944,-0.9382015463531446,0.04296042526427309,-0.9990767747581327,36.59652218585581,-432.52806490718524,5.0,-50.0,-0.021480212632136546,0.49953838737906636,-4.97861788265142,58.32946076508747,8.829000000000008,-9.809528355653185e-05,-8.475334709601157e-07,11.393506363578402,-30.88625635453936,0.021480212632136546,-0.49953838737906636,0.27288057750596745,0.0,-5.551115123125783e-17,11.414986576210538,-31.112914164412455
68.1000000000004,0.0,403.0,442.81225095288505,436.71514975539867,0.9774754976802457,PILOT_DESC_MINPAY_ACC,caténaire,,32.790109853843646,0.5,32.790109853843646,0.3597765253957249,-0.9330385049793922,0.04298687720918976,-0.9990756369703958,36.62243227986386,-432.59510584759647,5.0,-50.0,-0.02149343860459488,0.4995378184851979,-4.97860531668791,58.32946125669038,8.829000000000008,-9.875529250447102e-05,-9.24824433923277e-07,11.797111790559988,-30.59443507614031,0.02149343860459488,-0.4995378184851979,0.27294082718747875,0.0,5.551115123125783e-17,11.818605229164584,-30.82103206743803
68.2000000000004,0.0,403.0,442.91330664181874,437.3585699739111,1.0105568893370271,PILOT_DESC_MINPAY_ACC,caténaire,,32.71948149298992,0.5,32.71948149298992,0.39678714705030005,-0.9179106492113945,0.043004485633841814,-0.9990748791834216,36.64834234095348,-432.66214678831597,5.0,-50.0,-0.021502242816920907,0.4995374395917108,-4.978592666192637,58.32946179310135,8.829000000000008,-9.490900955810844e-05,-7.673069433167257e-07,12.982669714568562,-30.033560499090587,0.021502242816920907,-0.4995374395917108,0.2730031159413925,0.0,0.0,13.004171957385482,-30.260094822740907
68.3000000000004,0.0,403.0,443.0137147877588,436.8673688486483,1.0040814594006886,PILOT_DESC_ACC,caténaire,,32.92178740668177,0.5,32.92178740668177,0.4332184045202656,-0.9012889736288331,0.04301351689404758,-0.9990744903981913,36.674252370406755,-432.72918772929125,5.0,-50.0,-0.02150675844702379,0.49953724519909565,-4.978580508417133,58.32946223821465,8.829000000000008,-8.7266864157165e-05,-5.165862617673156e-07,14.26232421427805,-29.672043981794857,0.02150675844702379,-0.49953724519909565,0.27306500556244573,0.0,0.0,14.283830972725074,-29.898516221431507
68.40000000000039,0.0,403.0,443.1110027372346,436.8871253596157,0.9728794947587747,PILOT_DESC_ACC,caténaire,,32.30376346231713,0.5,32.30376346231713,0.45951061094495776,-0.8881722797008426,0.04304359414778279,-0.999073195017683,36.70016237077108,-432.7962286704387,5.0,-50.0,-0.021521797073891395,0.4995365975088415,-4.978569329610342,58.329462537825364,8.829000000000008,-9.112668423316705e-05,-8.646658002930963e-07,14.843922084390748,-28.691307237242988,0.021521797073891395,-0.4995365975088415,0.27312497195530905,0.0,-5.551115123125783e-17,14.865443881464639,-28.917718862796523
68.50000000000038,0.0,403.0,443.2037063244538,437.0215107980365,0.9270358721916057,PILOT_DESC_ACC,caténaire,,32.75390855632447,0.5,32.75390855632447,0.47359697026226666,-0.8807416816288427,0.043057925501158154,-0.9990725774694932,36.72607234075984,-432.86326961187444,5.0,-50.0,-0.021528962750579077,0.4995362887347466,-4.9785576563741225,58.32946303941859,8.829000000000008,-8.661912470131483e-05,-6.718466707411608e-07,15.512151856522602,-28.84773250181455,0.021528962750579077,-0.4995362887347466,0.2731821126367703,0.0,0.0,15.533680819273181,-29.074086677912526
68.60000000000038,0.0,403.0,443.29140991167293,436.98050908882675,0.8770358721916085,PILOT_DESC_ACC,caténaire,,32.79893432907204,0.5,32.79893432907204,0.4679104659268491,-0.8837758742328956,0.043083143923115484,-0.9990714902897091,36.75198228187556,-432.9303105535341,5.0,-50.0,-0.021541571961557742,0.49953574514485455,-4.978546560567397,58.32946342914002,8.829000000000008,-8.81325289547874e-05,-8.257151336010793e-07,15.346964643820224,-28.986906860582973,0.021541571961557742,-0.49953574514485455,0.27323617141583834,0.0,0.0,15.368506215781782,-29.21320643431199
68.70000000000037,0.0,403.0,443.3741134988921,437.14103102275186,0.8270358721916113,PILOT_DESC_ACC,caténaire,,32.87589675447777,0.5,32.87589675447777,0.44447455614912895,-0.8957914762577476,0.04310414840881943,-0.9990705842881926,36.77789219361377,-432.99735149546905,5.0,-50.0,-0.021552074204409716,0.4995352921440963,-4.9785352709068915,58.32946390808194,8.829000000000008,-8.734511130104039e-05,-7.997739714937779e-07,14.612499617951096,-29.449948086990936,0.021552074204409716,-0.4995352921440963,0.2732871482925133,0.0,-1.1102230246251565e-16,14.634051692155506,-29.676196230842518
68.80000000000037,0.0,403.0,443.45181708611125,436.6548173677344,0.7770358721916142,PILOT_DESC_ACC,caténaire,,32.583075243218296,0.5,32.583075243218296,0.41138063084112225,-0.9114636452260508,0.043118893638164665,-0.9990699480073557,36.80380207623695,-433.06439243767056,5.0,-50.0,-0.021559446819082333,0.49953497400367786,-4.978524082126917,58.32946437198893,8.829000000000008,-8.352894599905625e-05,-6.540074011240904e-07,13.404046048298895,-29.69828853385844,0.021559446819082333,-0.49953497400367786,0.27333504326679503,0.0,-5.551115123125783e-17,13.425605495117978,-29.924488464595324
68.90000000000036,0.0,403.0,443.5245206733304,438.3447023720246,0.727035872191617,PILOT_DESC_ACC,caténaire,,32.138829478338444,0.5,32.138829478338444,0.39343735043524386,-0.9193514296951386,0.043129921112588225,-0.999069472011242,36.829711931017144,-433.1314333800901,5.0,-50.0,-0.021564960556294113,0.499534736005621,-4.978513382204314,58.32946475132438,8.829000000000008,-7.834276060769696e-05,-5.126700060031908e-07,12.644615916047588,-29.546878829638715,0.021564960556294113,-0.499534736005621,0.2733798563386836,0.0,0.0,12.666180876603882,-29.773033709305654
69.00000000000036,0.0,403.0,443.5922242605496,437.486409088542,0.6770358721916199,PILOT_DESC_ACC,caténaire,,32.37785569529852,0.5,32.37785569529852,0.3989268712939477,-0.9169827432180075,0.04314812049256885,-0.9990686861762603,36.85562175968308,-433.19847432268045,5.0,-50.0,-0.021574060246284426,0.49953434308813016,-4.9785033466317,58.32946504866007,8.829000000000008,-7.740687798474255e-05,-6.082518098082801e-07,12.916396671732365,-29.689934934991626,0.021574060246284426,-0.49953434308813016,0.273421587508179,0.0,0.0,12.937970731978648,-29.916047690571578
69.10000000000035,0.0,403.0,443.65492784776876,436.9265294604939,0.6270358721916227,PILOT_DESC_ACC,caténaire,,32.16974061398882,0.5,32.16974061398882,0.41529039061913087,-0.9096888981731116,0.04318518911570111,-0.9990670845549067,36.881531562546726,-433.2655152654736,5.0,-50.0,-0.021592594557850554,0.49953354227745334,-4.978493430955074,58.329465401486544,8.829000000000008,-8.602551292380411e-05,-1.0562360088783862e-06,13.359784145699537,-29.26445589365429,0.021592594557850554,-0.49953354227745334,0.27346023677528125,0.0,5.551115123125783e-17,13.381376740257387,-29.490529199156462
69.20000000000034,0.0,403.0,443.71270238811917,437.47665546300334,0.5777454035039983,PILOT_DESC_ACC,caténaire,,32.19601151023806,0.5,32.19601151023806,0.4215075273614531,-0.9068249028217266,0.04320453164827772,-0.9990662482763858,36.907441336735204,-433.3325562086188,5.0,-50.0,-0.02160226582413886,0.4995331241381929,-4.978482411260872,58.329466014160296,8.829000000000008,-8.467708501136428e-05,-8.617015154754881e-07,13.570861202581327,-29.196145009018817,0.02160226582413886,-0.4995331241381929,0.2734958478741153,0.0,0.0,13.592463468405466,-29.422182285282894
69.30000000000034,0.0,403.0,443.76593839273175,437.6473969376365,0.532360046125675,PILOT_DESC_ACC,caténaire,,32.18836911208658,0.5,32.18836911208658,0.4125146374367237,-0.9109509722814112,0.04322983291559718,-0.99906515380434,36.93335108269798,-433.3995971520513,5.0,-50.0,-0.02161491645779859,0.49953257690217,-4.978471564306436,58.329466513973095,8.829000000000008,-8.648076423511952e-05,-9.091247434867e-07,13.278173413951832,-29.32202613880822,0.02161491645779859,-0.49953257690217,0.27352866150811905,0.0,0.0,13.29978833040963,-29.54803005420227
69.40000000000033,0.0,403.0,443.8150180396911,437.84553258490405,0.49079646959356105,PILOT_DESC_ACC,caténaire,,32.226744668047154,0.5,32.226744668047154,0.3901107830096829,-0.9207679278621579,0.043261883099324244,-0.9990637664687377,36.95926079983384,-433.4666380957868,5.0,-50.0,-0.021630941549662122,0.49953188323436887,-4.978460486319748,58.329467041284005,8.829000000000008,-9.142786941040981e-05,-1.0754816344160645e-06,12.572000596304997,-29.673352909740622,0.021630941549662122,-0.49953188323436887,0.273558913244403,0.0,5.551115123125783e-17,12.593631537854659,-29.899325879730586
69.50000000000033,0.0,403.0,443.86030679192015,438.29720374400745,0.4528875222905224,PILOT_DESC_ACC,caténaire,,32.60198941536804,0.5,32.60198941536804,0.36887641062590726,-0.9294784525118089,0.043290890530842986,-0.9990625099547309,36.98517048649374,-433.5336790398808,5.0,-50.0,-0.021645445265421493,0.49953125497736545,-4.978448774631018,58.32946766513505,8.829000000000008,-9.421989643954021e-05,-1.0798875962336751e-06,12.026104834804782,-30.30284667060266,0.021645445265421493,-0.49953125497736545,0.27358682834717873,0.0,0.0,12.047750280070204,-30.528791097232848
69.60000000000032,0.0,403.0,443.90214861790224,437.82118602826546,0.4184182598208924,PILOT_DESC_ACC,caténaire,,32.69831705797813,0.5,32.69831705797813,0.37661239991518236,-0.9263709301517007,0.04331022287492224,-0.999061672067608,37.011080141747016,-433.6007199843347,5.0,-50.0,-0.02165511143746112,0.499530836033804,-4.978436705307448,58.32946829145895,8.829000000000008,-9.181674490932323e-05,-8.725072504489617e-07,12.314591660392688,-30.29077038739442,0.02165511143746112,-0.499530836033804,0.2736126188319045,0.0,5.551115123125783e-17,12.33624677183015,-30.516688604596318
69.70000000000032,0.0,403.0,443.9408636255693,438.1364599742447,0.38715007667039875,PILOT_DESC_ACC,caténaire,,32.43481619390194,0.5,32.43481619390194,0.4102206664435091,-0.911986296400688,0.04333724803360706,-0.9990605001364401,37.036989766394704,-433.6677609290795,5.0,-50.0,-0.02166862401680353,0.49953025006822005,-4.978424943833162,58.32946879760226,8.829000000000008,-9.356784996583656e-05,-9.523295290136957e-07,13.305431915035173,-29.580107895113684,0.02166862401680353,-0.49953025006822005,0.27363648200686064,0.0,-1.1102230246251565e-16,13.327100539051976,-29.806001663175042
69.80000000000031,0.0,403.0,443.98039039427226,438.4103870036013,0.3952676870295416,PILOT_DESC_MINPAY_ACC,caténaire,,32.31902812351027,0.5,32.31902812351027,0.43834862712149925,-0.8988050295257013,0.04336682169367542,-0.9990592168516285,37.06289935985311,-433.73480187414174,5.0,-50.0,-0.02168341084683771,0.49952960842581423,-4.9784129580633465,58.32946934993844,8.829000000000008,-9.636891018427463e-05,-1.0416357483222782e-06,14.167001607841852,-29.04850502679362,0.02168341084683771,-0.49952960842581423,0.27366084553547265,0.0,5.551115123125783e-17,14.18868501868869,-29.27437378968396
69.9000000000003,0.0,403.0,444.0231824303359,438.8624584196856,0.4279203606365294,PILOT_DESC_MINPAY_ACC,caténaire,,32.27772054343588,0.5,32.27772054343588,0.4609512304104575,-0.8874254690863259,0.04339761582423699,-0.9990578796750327,37.08880892118855,-433.80184281955115,5.0,-50.0,-0.021698807912118496,0.49952893983751634,-4.978400613500155,58.329469954105605,8.829000000000008,-9.942141227359258e-05,-1.1060568851917196e-06,14.87845499934167,-28.644071294295927,0.021698807912118496,-0.49952893983751634,0.27368722171114324,0.0,1.1102230246251565e-16,14.900153807253789,-28.869913012422302
70.0000000000003,0.0,403.0,444.07068627328863,437.91653638396195,0.4750384295273226,PILOT_DESC_MINPAY_ACC,caténaire,,32.15297337794934,0.5,32.15297337794934,0.47005247505353065,-0.882638471117167,0.043431919586896225,-0.9990563889796197,37.11471844938352,-433.86888376532926,5.0,-50.0,-0.021715959793448113,0.49952819448980984,-4.9783878779354085,58.32947059566228,8.829000000000008,-0.00010383772885624865,-1.2098479160727038e-06,15.113584716635366,-28.379451264184176,0.021715959793448113,-0.49952819448980984,0.27371650215259946,0.0,1.1102230246251565e-16,15.135300676428814,-28.605262956521386
70.10000000000029,0.0,403.0,444.1236681741883,438.3110897715643,0.5298190089970125,PILOT_DESC_MINPAY_ACC,caténaire,,32.41963849310082,0.5,32.41963849310082,0.4632553498554024,-0.8862248477843242,0.04345722865265246,-0.9990552883989109,37.14062794296591,-433.93592471151067,5.0,-50.0,-0.02172861432632623,0.49952764419945545,-4.978374576673265,58.32947129745764,8.829000000000008,-0.0001031909995914404,-1.0583429173038894e-06,15.01857097230709,-28.73108918877109,0.02172861432632623,-0.49952764419945545,0.27374915916203496,0.0,5.551115123125783e-17,15.040299586633417,-28.956867673808514
70.20000000000029,0.0,403.0,444.18245455717704,438.47018521660505,0.5878638298872993,PILOT_DESC_MINPAY_ACC,caténaire,,32.32661964821594,0.5,32.32661964821594,0.438690407417241,-0.8986382622836037,0.04349342548616389,-0.9990537132404241,37.1665374021513,-434.00296565804484,5.0,-50.0,-0.021746712743081945,0.49952685662021207,-4.978361358273421,58.32947191131838,8.829000000000008,-0.00010807101650289752,-1.2320614146688058e-06,14.181377943898038,-29.04993730617577,0.021746712743081945,-0.49952685662021207,0.2737853939409187,0.0,0.0,14.203124656641121,-29.275678768855062
70.30000000000028,0.0,403.0,444.24707417218247,438.393766529012,0.6461961500544949,PILOT_DESC_MINPAY_ACC,caténaire,,32.5367344493883,0.5,32.5367344493883,0.40638597157027934,-0.913701506024194,0.04351897255593935,-0.9990526007311505,37.19244682531301,-434.0700066049897,5.0,-50.0,-0.021759486277969677,0.49952630036557527,-4.978347514776196,58.32947262597258,8.829000000000008,-0.00010700105416550088,-1.073661856310082e-06,13.22247244093884,-29.72886326751536,0.021759486277969677,-0.49952630036557527,0.27382522421014494,0.0,0.0,13.244231927216811,-29.95456434367079
70.40000000000028,0.0,403.0,444.317376465873,438.10297485031816,0.7030229369055891,PILOT_DESC_MINPAY_ACC,caténaire,,32.80625330548292,0.5,32.80625330548292,0.39325812421497863,-0.9194281090650406,0.04355400738765668,-0.9990510739899517,37.21835621280771,-434.1370475522925,5.0,-50.0,-0.02177700369382834,0.49952553699497587,-4.978333808359938,58.329473248735596,8.829000000000008,-0.00011081205376672898,-1.2142694387762276e-06,12.901325637435654,-30.1629914421689,0.02177700369382834,-0.49952553699497587,0.273868557171579,0.0,0.0,12.923102641129482,-30.388648421992297
70.50000000000027,0.0,403.0,444.39310422257125,438.1188184231386,0.7572775669826842,PILOT_DESC_MINPAY_ACC,caténaire,,32.846968873564116,0.5,32.846968873564116,0.40311907410558107,-0.9151475356969819,0.043571591308775394,-0.9990503072572579,37.24426556336506,-434.2040885,5.0,-50.0,-0.021785795654387697,0.4995251536286289,-4.9783196137880275,58.32947395310273,8.829000000000008,-0.00010540944241554939,-8.932686483831276e-07,13.241239679486007,-30.05982261975767,0.021785795654387697,-0.4995251536286289,0.2739152342824986,0.0,0.0,13.263025475140395,-30.2854325391038
70.60000000000026,0.0,403.0,444.4739338816785,438.33623550176185,0.8082965910720588,PILOT_DESC_MINPAY_ACC,caténaire,,33.26339333044557,0.5,33.26339333044557,0.4325494386074466,-0.9016102168677899,0.043598331701777446,-0.999049140669678,37.27017487878593,-434.2711294480053,5.0,-50.0,-0.021799165850888723,0.499524570334839,-4.978306111287415,58.32947447121467,8.829000000000008,-0.00010527713830388308,-9.58450499410901e-07,14.388062111262913,-29.99061527442162,0.021799165850888723,-0.499524570334839,0.27396505610646693,0.0,0.0,14.409861277113801,-30.216174788649994
70.70000000000026,0.0,403.0,444.5595210633681,439.02274841645806,0.8558718168960199,PILOT_DESC_MINPAY_ACC,caténaire,,32.92103055796157,0.5,32.92103055796157,0.45681177019804,-0.8895633797591563,0.043626323146728936,-0.999047918734981,37.29608415911442,-434.33817039633004,5.0,-50.0,-0.021813161573364468,0.4995239593674905,-4.978292625753447,58.32947502711178,8.829000000000008,-0.00010578732681132408,-1.0135207304529104e-06,15.038714245926194,-29.285343208294762,0.021813161573364468,-0.4995239593674905,0.27401781037448175,0.0,0.0,15.060527407499558,-29.51084935728777
70.80000000000025,0.0,403.0,444.6494958394654,438.51337661086086,0.899747760973076,PILOT_DESC_MINPAY_ACC,caténaire,,32.7520418873236,0.5,32.7520418873236,0.47079478394222485,-0.8822427508417362,0.04364759966830913,-0.9990469894070022,37.32199340418047,-434.40521134499267,5.0,-50.0,-0.021823799834154566,0.4995234947035011,-4.978279074882851,58.32947561505706,8.829000000000008,-0.00010287471700554107,-8.90239441275753e-07,15.419490484009213,-28.89525153035614,0.021823799834154566,-0.4995234947035011,0.27407326907003765,0.0,-5.551115123125783e-17,15.441314283843367,-29.120701755989604
70.90000000000025,0.0,403.0,444.7434884853914,438.36858321492946,0.9399264592607386,PILOT_DESC_MINPAY_ACC,caténaire,,32.8583914468387,0.5,32.8583914468387,0.46830171616240185,-0.8835686179575128,0.04367209180191467,-0.9990459190636061,37.34790261495494,-434.472252293952,5.0,-50.0,-0.021836045900957335,0.49952295953180303,-4.9782658971224025,58.32947613138855,8.829000000000008,-0.0001019430233597518,-9.090796524446887e-07,15.38764110489055,-29.032643518990234,0.021836045900957335,-0.49952295953180303,0.2741312043021216,0.0,-5.551115123125783e-17,15.409477150791508,-29.258035274219914
71.00000000000024,0.0,403.0,444.84114875670485,438.5408838887982,0.9766027131344198,PILOT_DESC_MINPAY_ACC,caténaire,,32.733724528328594,0.5,32.733724528328594,0.4495144940753698,-0.8932730375513213,0.04367899533080043,-0.999045617260239,37.37381179174841,-434.5392932432144,5.0,-50.0,-0.021839497665400213,0.4995228086301195,-4.978252838727191,58.329476658699505,8.829000000000008,-9.233639259154103e-05,-5.326703842456482e-07,14.71428362055415,-29.240153539788274,0.021839497665400213,-0.4995228086301195,0.2741914001868973,0.0,-5.551115123125783e-17,14.73612311821955,-29.465484948231495
71.10000000000024,0.0,403.0,444.9421422582775,438.74234742706483,1.0099350157264502,PILOT_DESC_MINPAY_ACC,caténaire,,32.519567332248286,0.5,32.519567332248286,0.41499049387624015,-0.9098257470484963,0.04370317064597885,-0.9990445600049521,37.39972093776308,-434.60633419265434,5.0,-50.0,-0.021851585322989427,0.49952228000247606,-4.97824101090584,58.32947696770709,8.829000000000008,-9.259622882940022e-05,-7.522904468260094e-07,13.495311307851361,-29.58713964175667,0.021851585322989427,-0.49952228000247606,0.27425365060973567,0.0,-5.551115123125783e-17,13.517162893174351,-29.812408271149412
71.20000000000023,0.0,403.0,445.0425058898663,438.8847755029021,1.0036363158876358,PILOT_DESC_ACC,caténaire,,32.48977124069475,0.5,32.48977124069475,0.38172444730814437,-0.9242761742722203,0.043712327518707655,-0.9990441593958181,37.42563005291234,-434.67337514234504,5.0,-50.0,-0.021856163759353828,0.49952207969790907,-4.9782291498164515,58.32947740401709,8.829000000000008,-8.531357580565668e-05,-5.16285005858208e-07,12.402139970022247,-30.02952146532895,0.021856163759353828,-0.49952207969790907,0.2743155127930118,0.0,0.0,12.423996133781602,-30.254728032233846
71.30000000000022,0.0,403.0,445.13976179441755,439.109956687214,0.9725590455125537,PILOT_DESC_ACC,caténaire,,32.30943273779128,0.5,32.30943273779128,0.3832069646124383,-0.9236625045288573,0.04374685283919725,-0.9990426481720716,37.45153913962374,-434.74041609220785,5.0,-50.0,-0.021873426419598625,0.4995213240860358,-4.978218221607947,58.32947770352893,8.829000000000008,-9.164802754568768e-05,-9.72385045372448e-07,12.38119964779874,-29.843011562494954,0.021873426419598625,-0.4995213240860358,0.27437545943400915,0.0,0.0,12.403073074218339,-30.068157427146982
71.40000000000022,0.0,403.0,445.2324421537986,439.17666559855087,0.9268035938108753,PILOT_DESC_ACC,caténaire,,32.068849645849404,0.5,32.068849645849404,0.4061822389363645,-0.913792092750119,0.043766099449417624,-0.9990418052008553,37.4774481957858,-434.8074570423948,5.0,-50.0,-0.021883049724708812,0.49952090260042764,-4.978206482003621,58.329478267537006,8.829000000000008,-8.953172832981693e-05,-8.29862571549711e-07,13.02579714926475,-29.30426122996964,0.021883049724708812,-0.49952090260042764,0.27443258579828445,0.0,-5.551115123125783e-17,13.04768019898946,-29.529349546771783
71.50000000000021,0.0,403.0,445.3201225131797,439.0569271879137,0.8768035938108781,PILOT_DESC_ACC,caténaire,,32.315359858530485,0.5,32.315359858530485,0.43061864466077643,-0.9025339787900043,0.04377278028417046,-0.9990415125039567,37.50335722210394,-434.8744979928583,5.0,-50.0,-0.02188639014208523,0.49952075625197834,-4.978195013499174,58.32947874885292,8.829000000000008,-8.140364125885924e-05,-4.948951115579803e-07,13.915596464005658,-29.16571030915031,0.02188639014208523,-0.49952075625197834,0.27448663026016656,0.0,-5.551115123125783e-17,13.937482854147744,-29.39074443514212
71.60000000000021,0.0,403.0,445.40280287256076,438.89415914234104,0.826803593810881,PILOT_DESC_ACC,caténaire,,32.392430840924604,0.5,32.392430840924604,0.4503372119675446,-0.8928585529171453,0.043790115988635775,-0.999040752793249,37.52926622128754,-434.9415389434868,5.0,-50.0,-0.021895057994317887,0.4995203763966245,-4.978184586168217,58.32947903590159,8.829000000000008,-7.964416253436468e-05,-5.877017912325755e-07,14.587516993753493,-28.92185892609665,0.021895057994317887,-0.4995203763966245,0.27453759281965556,0.0,0.0,14.60941205174781,-29.14684170967362
71.7000000000002,0.0,403.0,445.48048323194183,438.93442626087074,0.7768035938108838,PILOT_DESC_ACC,caténaire,,32.310422510327825,0.5,32.310422510327825,0.4623258113008964,-0.8867101241132685,0.04382070846477316,-0.9990394113895833,37.55517519392309,-435.0085798943112,5.0,-50.0,-0.02191035423238658,0.49951970569479165,-4.978174384228036,58.329479376759515,8.829000000000008,-8.47384604227841e-05,-9.175456980869967e-07,14.937942300562057,-28.64997875428493,0.02191035423238658,-0.49951970569479165,0.27458547347675133,0.0,0.0,14.959852654794442,-28.87491298650297
71.8000000000002,0.0,403.0,445.5531635913229,439.0634878911756,0.7268035938108867,PILOT_DESC_ACC,caténaire,,32.503639583206066,0.5,32.503639583206066,0.4697407007224973,-0.8828044370554201,0.04384371136959164,-0.9990384021514587,37.581084138312484,-435.07562084544145,5.0,-50.0,-0.02192185568479582,0.49951920107572934,-4.978163529748102,58.329479909016186,8.829000000000008,-8.538543289748901e-05,-8.89908093881786e-07,15.268282433846718,-28.694357244504502,0.02192185568479582,-0.49951920107572934,0.274630272231454,0.0,0.0,15.290204289531514,-28.919246173348775
71.90000000000019,0.0,403.0,445.620843950704,439.1665456322759,0.6768035938108895,PILOT_DESC_ACC,caténaire,,32.797110136493075,0.5,32.797110136493075,0.4735385140959324,-0.8807731124800623,0.04385899870001836,-0.9990377311358324,37.606993054240064,-435.1426617968683,5.0,-50.0,-0.02192949935000918,0.4995188655679162,-4.978152592407171,58.32948042514987,8.829000000000008,-8.209175718043582e-05,-7.092822258414344e-07,15.530694800675573,-28.886812775270407,0.02192949935000918,-0.4995188655679162,0.2746719890837634,0.0,0.0,15.552624300025581,-29.11165965175456
72.00000000000018,0.0,403.0,445.6835243100851,439.28523805789933,0.6268035938108923,PILOT_DESC_ACC,caténaire,,32.40807191484164,0.5,32.40807191484164,0.47467197858267934,-0.8801627762797087,0.04388224367101595,-0.9990367103817546,37.63290194280373,-435.2097027485316,5.0,-50.0,-0.021941121835507976,0.4995183551908773,-4.9781420769780755,58.32948083653353,8.829000000000008,-8.31988135834294e-05,-8.082756011162928e-07,15.383203617867643,-28.524378550439476,0.021941121835507976,-0.4995183551908773,0.27471062403367974,0.0,0.0,15.405144739703152,-28.74918628159667
72.10000000000018,0.0,403.0,445.74127840760246,440.11062708037366,0.58,PILOT_DESC_ACC,caténaire,,32.623752707916225,0.5,32.623752707916225,0.47274866392497844,-0.8811973109112101,0.0439066616811082,-0.999035637532526,37.65881080363445,-435.2767437004643,5.0,-50.0,-0.0219533308405541,0.499517818766263,-4.978131419752857,58.32948130538628,8.829000000000008,-8.475059341073177e-05,-8.758474621117784e-07,15.422835504886292,-28.747963158048087,0.0219533308405541,-0.499517818766263,0.2747462225319505,0.0,0.0,15.444788835726847,-28.972734754282403
72.20000000000017,0.0,403.0,445.7944963372202,439.89817988490887,0.5321792961773987,PILOT_DESC_ACC,caténaire,,32.67634855299601,0.5,32.67634855299601,0.4627669053457009,-0.8864800005170806,0.04393182408342816,-0.9990345313514957,37.68471963621498,-435.34378465268895,5.0,-50.0,-0.02196591204171408,0.49951726567574783,-4.978120563766123,58.32948181340902,8.829000000000008,-8.64758078371608e-05,-9.209152409539456e-07,15.121532697867437,-28.96692948215621,0.02196591204171408,-0.49951726567574783,0.2747790250248803,0.0,-1.1102230246251565e-16,15.143498609909152,-29.19166772280708
72.30000000000017,0.0,403.0,445.84355994317264,439.5606344454033,0.4906360595242727,PILOT_DESC_ACC,caténaire,,32.23502898328978,0.5,32.23502898328978,0.44972674236656757,-0.8931661979723343,0.043951883798697425,-0.9990336490381821,37.710628439970236,-435.41082560522057,5.0,-50.0,-0.021975941899348712,0.4995168245190911,-4.978109486803431,58.32948234754507,8.829000000000008,-8.542870278027692e-05,-8.279358496565692e-07,14.496954574746802,-28.791238278532933,0.021975941899348712,-0.4995168245190911,0.27480926687380075,0.0,-5.551115123125783e-17,14.51893051664615,-29.015945836178222
72.40000000000016,0.0,403.0,445.88883441703734,439.6038555626463,0.45274473864707515,PILOT_DESC_ACC,caténaire,,32.16334681774201,0.5,32.16334681774201,0.4579124243573682,-0.8889973068683378,0.04398908875751651,-0.9990320115343068,37.73653721524926,-435.47786655802815,5.0,-50.0,-0.021994544378758255,0.4995160057671534,-4.978098543979022,58.32948282777295,8.829000000000008,-9.308835778032432e-05,-1.1664599028904377e-06,14.727996116759087,-28.593128700844968,0.021994544378758255,-0.4995160057671534,0.27483717317567136,0.0,0.0,14.749990661137845,-28.817807533436447
72.50000000000016,0.0,403.0,445.93066350347084,439.93078692912025,0.41829086433502843,PILOT_DESC_ACC,caténaire,,32.4867698993496,0.5,32.4867698993496,0.46347004505202605,-0.8861125872819283,0.04401220892725959,-0.9990309932456267,37.76244595949883,-435.54490751122455,5.0,-50.0,-0.022006104463629796,0.49951549662281336,-4.978086620021157,58.32948350434528,8.829000000000008,-9.272448478725437e-05,-9.99031911419479e-07,15.056644708846365,-28.786935727945348,0.022006104463629796,-0.49951549662281336,0.2748629558079881,0.0,-5.551115123125783e-17,15.078650813309995,-29.01158826876017
72.60000000000015,0.0,403.0,445.9693671232297,439.9991720198144,0.38703619758838814,PILOT_DESC_ACC,caténaire,,32.896440147337785,0.5,32.896440147337785,0.46181916179603183,-0.8869741043559335,0.04403854211670979,-0.9990298327919115,37.788354672840235,-435.611948464754,5.0,-50.0,-0.022019271058354894,0.49951491639595574,-4.978074742686518,58.3294840838829,8.829000000000008,-9.401374487261194e-05,-9.99721152084021e-07,15.192206414916866,-29.178290536183503,0.022019271058354894,-0.49951491639595574,0.27488681196365994,0.0,1.1102230246251565e-16,15.21422568597522,-29.4029186406158
72.70000000000014,0.0,403.0,446.00889834687814,439.77519325533217,0.3953122364848023,PILOT_DESC_MINPAY_ACC,caténaire,,33.19371924733135,0.5,33.19371924733135,0.4543175387398008,-0.8908398138798073,0.04407228766477243,-0.9990283446729595,37.81426335484373,-435.67898941861665,5.0,-50.0,-0.022036143832386217,0.49951417233647977,-4.978062700222586,58.329484663717274,8.829000000000008,-9.884405497206927e-05,-1.163946251381276e-06,15.080488830067532,-29.570286676271238,0.022036143832386217,-0.49951417233647977,0.2749111782382134,0.0,0.0,15.102524973899918,-29.794889670369503
72.80000000000014,0.0,403.0,446.05173172655026,441.15994866115216,0.4283337967210177,PILOT_DESC_MINPAY_ACC,caténaire,,33.18281843018708,0.5,33.18281843018708,0.45512131045563614,-0.8904294428921049,0.04410318496764274,-0.9990269811550186,37.840172003899205,-435.7460303728673,5.0,-50.0,-0.02205159248382137,0.4995134905775093,-4.978050039044382,58.329485338904824,8.829000000000008,-0.00010163152820297228,-1.1705176774512438e-06,15.10220780855818,-29.546958528381357,0.02205159248382137,-0.4995134905775093,0.2749375798972772,0.0,0.0,15.124259401042002,-29.77153443906159
72.90000000000013,0.0,403.0,446.0993268657916,440.25485069539064,0.4759513924137445,PILOT_DESC_MINPAY_ACC,caténaire,,32.55304940297305,0.5,32.55304940297305,0.44210702387729883,-0.8969623065872709,0.044125584385087104,-0.9990259920555994,37.86608061907751,-435.81307132750817,5.0,-50.0,-0.022062792192543552,0.4995129960277997,-4.978037020832336,58.32948601785112,8.829000000000008,-9.98130248799356e-05,-9.861210941153331e-07,14.391931789679095,-29.19885827894009,0.022062792192543552,-0.4995129960277997,0.27496691661198347,0.0,5.551115123125783e-17,14.413994581871638,-29.423404358355906
73.00000000000013,0.0,403.0,446.1524415963691,440.33957428903176,0.5311473057749013,PILOT_DESC_MINPAY_ACC,caténaire,,32.32734299822914,0.5,32.32734299822914,0.4103147682718781,-0.9119439626084461,0.04415750840007902,-0.9990245815053287,37.8919892009848,-435.88011228247774,5.0,-50.0,-0.02207875420003951,0.49951229075266435,-4.978024235571643,58.32948658987127,8.829000000000008,-0.00010298977168243795,-1.119376072722389e-06,13.264386251163913,-29.48072527440749,0.02207875420003951,-0.49951229075266435,0.2749996554950393,0.0,0.0,13.286465005363953,-29.705237909665115
73.10000000000012,0.0,403.0,446.21138102074116,440.4360384254388,0.5893942437206482,PILOT_DESC_MINPAY_ACC,caténaire,,32.682761042253084,0.5,32.682761042253084,0.37934713428249695,-0.9252544253942573,0.044192200287628075,-0.9990230474987742,37.91789774856217,-435.94715323782043,5.0,-50.0,-0.022096100143814038,0.4995115237493871,-4.978011043409558,58.32948723914335,8.829000000000008,-0.00010714355337260173,-1.23710726995796e-06,12.39811174181834,-30.239869288447693,0.022096100143814038,-0.4995115237493871,0.2750359846056442,0.0,-5.551115123125783e-17,12.420207841962155,-30.464344827591436
73.20000000000012,0.0,403.0,446.27617330254714,440.64975607740297,0.647922818059711,PILOT_DESC_MINPAY_ACC,caténaire,,32.77718201601111,0.5,32.77718201601111,0.3785275652938214,-0.9255900184815801,0.044223695005189544,-0.9990216538194195,37.94380626042502,-436.01419419357546,5.0,-50.0,-0.022111847502594772,0.49951082690970977,-4.977997319203514,58.32948795666615,8.829000000000008,-0.0001091667061086099,-1.2164241454115654e-06,12.407066905713116,-30.33823250797384,0.022111847502594772,-0.49951082690970977,0.27507592130331554,0.0,0.0,12.42917875321571,-30.562667413580233
73.30000000000011,0.0,403.0,446.3466634591334,440.22574937747413,0.704901565863133,PILOT_DESC_MINPAY_ACC,caténaire,,32.54207112849375,0.5,32.54207112849375,0.40575365743381386,-0.9139824776652358,0.04424343427016093,-0.9990207798259163,37.96971473589897,-436.08123514973596,5.0,-50.0,-0.022121717135080467,0.49951038991295815,-4.9779833358653764,58.32948866222035,8.829000000000008,-0.00010505300045693389,-9.478667024609422e-07,13.204064380857659,-29.742882798379053,0.022121717135080467,-0.49951038991295815,0.2751193700597713,0.0,1.1102230246251565e-16,13.22618609799274,-29.967273818232243
73.4000000000001,0.0,403.0,446.4225758891907,441.32012673929984,0.7591243005725583,PILOT_DESC_MINPAY_ACC,caténaire,,32.6284780340163,0.5,32.6284780340163,0.4280446419945995,-0.9037575916470717,0.04427282244611304,-0.999019477884518,37.99562317635525,-436.14827610621245,5.0,-50.0,-0.02213641122305652,0.499509738942259,-4.977969879479074,58.329489212083764,8.829000000000008,-0.00010629070213052927,-1.048973985007251e-06,13.96644519889916,-29.48823472713195,0.02213641122305652,-0.499509738942259,0.2751661609997442,0.0,5.551115123125783e-17,13.988581610122218,-29.712578305074462
73.5000000000001,0.0,403.0,446.50357691521714,440.5658158587206,0.8100102602647183,PILOT_DESC_MINPAY_ACC,caténaire,,33.0563166032717,0.5,33.0563166032717,0.44339437626602,-0.8963266296923611,0.04429096845280076,-0.9990186735559616,38.0215315813813,-436.2153170630386,5.0,-50.0,-0.02214548422640038,0.4995093367779808,-4.977956264571435,58.329489820504335,8.829000000000008,-0.00010174879783519941,-8.427176894088007e-07,14.656984881959739,-29.629256851054166,0.02214548422640038,-0.4995093367779808,0.2752160884509363,0.0,5.551115123125783e-17,14.679130366186138,-29.85355009938121
73.6000000000001,0.0,403.0,446.5893165249717,440.5002729409789,0.8573960975458742,PILOT_DESC_MINPAY_ACC,caténaire,,33.08110415423243,0.5,33.08110415423243,0.44465665252082626,-0.8957011004620756,0.04432630662399472,-0.9990171062304568,38.04743995249108,-436.28235802014564,5.0,-50.0,-0.02216315331199736,0.4995085531152284,-4.977943231456484,58.329490309337764,8.829000000000008,-0.0001063847684816821,-1.1375470165830848e-06,14.709733034913791,-29.630781395446526,0.02216315331199736,-0.4995085531152284,0.27526893667263475,0.0,-5.551115123125783e-17,14.731896188225788,-29.855021011889118
73.70000000000009,0.0,403.0,446.67943282415297,441.2703254134261,0.9011629918127226,PILOT_DESC_MINPAY_ACC,caténaire,,33.213826182444706,0.5,33.213826182444706,0.43413207008240295,-0.9008492358469132,0.04434085987833911,-0.9990164603975499,38.07334828813927,-436.3493989776319,5.0,-50.0,-0.022170429939169557,0.49950823019877494,-4.977929604535943,58.329490969193664,8.829000000000008,-0.00010003447511230945,-8.00607566020517e-07,14.419187115941835,-29.92064993600751,0.022170429939169557,-0.49950823019877494,0.2753244826002569,0.0,-1.1102230246251565e-16,14.441357545881004,-30.144833683606027
73.80000000000008,0.0,403.0,446.7735705276107,440.50647920563074,0.9413770345770424,PILOT_DESC_MINPAY_ACC,caténaire,,32.6004737195989,0.5,32.6004737195989,0.4098826867963472,-0.9121382477807889,0.04437440354552722,-0.9990149710139377,38.099256590442636,-436.41643993538503,5.0,-50.0,-0.02218720177276361,0.49950748550696883,-4.977916791046895,58.32949143359532,8.829000000000008,-0.00010399281965867146,-1.0808977179976864e-06,13.362369759022904,-29.7361389754186,0.02218720177276361,-0.49950748550696883,0.2753825072429717,0.0,0.0,13.384556960795669,-29.960263953682595
73.90000000000008,0.0,403.0,446.87136679026867,440.32188318409015,0.9779626265798391,PILOT_DESC_MINPAY_ACC,caténaire,,32.77564144951457,0.5,32.77564144951457,0.38335631701794526,-0.9236005273939794,0.044381962287200746,-0.9990146352399135,38.12516485808173,-436.48348089349844,5.0,-50.0,-0.022190981143600373,0.49950731761995676,-4.97790347055034,58.32949206051284,8.829000000000008,-9.44516939407336e-05,-6.218672083946331e-07,12.564749193986616,-30.27159972844763,0.022190981143600373,-0.49950731761995676,0.27544278695015745,0.0,0.0,12.586940175130216,-30.49566425911743
74.00000000000007,0.0,403.0,446.9724885452418,440.48474750230156,1.0112175497314801,PILOT_DESC_MINPAY_ACC,caténaire,,32.686565690477046,0.5,32.686565690477046,0.38248962036456885,-0.923959788255619,0.044401494273390976,-0.9990137673257011,38.15107309423693,-436.55052185181916,5.0,-50.0,-0.022200747136695488,0.49950688366285056,-4.9778913721945806,58.32949242125253,8.829000000000008,-9.211933127595273e-05,-6.950846227482543e-07,12.502272101972107,-30.201072314176553,0.022200747136695488,-0.49950688366285056,0.27550511642588815,0.0,0.0,12.524472849108802,-30.425074081413516
74.10000000000007,0.0,403.0,447.0766235505979,440.9826255927014,1.0,PILOT_DESC_MINPAY_ACC,caténaire,,32.55696592711105,0.5,32.55696592711105,0.4095636258937327,-0.9122815554119125,0.0444231117656645,-0.9990128062948218,38.17698129968568,-436.61756281037157,5.0,-50.0,-0.02221155588283225,0.4995064031474109,-4.977879572606367,58.32949282442637,8.829000000000008,-9.112848920000971e-05,-7.724262260921932e-07,13.334149013206313,-29.701119515477508,0.02221155588283225,-0.4995064031474109,0.2755693032103321,0.0,0.0,13.356360569089144,-29.925056615414587
74.20000000000006,0.0,403.0,447.17983285353455,442.1970217369899,1.0320930293667903,PILOT_DESC_ACC,caténaire,,32.41912089098606,0.5,32.41912089098606,0.43474952792965255,-0.9005514132824091,0.04443376167086747,-0.9990123326685094,38.202889474758265,-436.6846037691815,5.0,-50.0,-0.022216880835433734,0.4995061663342547,-4.977867899949458,58.32949327250721,8.829000000000008,-8.478078489204677e-05,-5.611585436327005e-07,14.094197503250525,-29.195085135750766,0.022216880835433734,-0.4995061663342547,0.27563291940987567,0.0,0.0,14.116414384085958,-29.418958382675143
74.30000000000005,0.0,403.0,447.27966268485886,442.50747925327124,0.9982983132434254,PILOT_DESC_ACC,caténaire,,32.6525299164875,0.5,32.6525299164875,0.45498626974452405,-0.8904984527465296,0.04445105309126195,-0.9990115634361184,38.22879762157059,-436.7516447281784,5.0,-50.0,-0.022225526545630973,0.4995057817180592,-4.9778570403838165,58.32949359793458,8.829000000000008,-8.256692944730304e-05,-6.203473716936969e-07,14.856452784424125,-29.07702736889189,0.022225526545630973,-0.4995057817180592,0.27569445256908937,0.0,0.0,14.878678310969756,-29.300838698040863
74.40000000000005,0.0,403.0,447.3746685541277,441.8261845604389,0.9500586926884028,PILOT_DESC_ACC,caténaire,,32.569348866897705,0.5,32.569348866897705,0.4705333041156242,-0.8823822356088281,0.0444675379383057,-0.9990108298060163,38.25470574086061,-436.81868568738213,5.0,-50.0,-0.02223376896915285,0.49950541490300815,-4.977846464400865,58.32949395778405,8.829000000000008,-8.023337001805686e-05,-6.273129500300456e-07,15.32496333523584,-28.73861486549705,0.02223376896915285,-0.49950541490300815,0.27575301233226235,0.0,0.0,15.347197104204993,-28.962367268067794
74.50000000000004,0.0,403.0,447.46467442339656,441.645491261157,0.9000586926884057,PILOT_DESC_ACC,caténaire,,32.64840424660293,0.5,32.64840424660293,0.47892723723061376,-0.8778546015364113,0.04449530411872207,-0.9990095935031766,38.28061383340617,-436.885726646795,5.0,-50.0,-0.022247652059361037,0.4995047967515883,-4.977836187336323,58.329494321689005,8.829000000000008,-8.383939568457066e-05,-8.815594156885709e-07,15.63621004581378,-28.660551900701293,0.022247652059361037,-0.4995047967515883,0.2758084901930422,0.0,-1.1102230246251565e-16,15.658457697873141,-28.884248207259837
74.60000000000004,0.0,403.0,447.5496802926654,441.9632685930314,0.8500586926884085,PILOT_DESC_ACC,caténaire,,32.50733269274106,0.5,32.50733269274106,0.48553800561241406,-0.874215559862623,0.044501907266666585,-0.9990092993809562,38.306521898005265,-436.95276760650165,5.0,-50.0,-0.022250953633333292,0.4995046496904781,-4.977825448384814,58.32949483297596,8.829000000000008,-7.64020181467373e-05,-5.173335679842239e-07,15.78354548341272,-28.418416049625172,0.022250953633333292,-0.4995046496904781,0.27586088615142884,0.0,5.551115123125783e-17,15.805796437046054,-28.642059813164224
74.70000000000003,0.0,403.0,447.6296861619343,441.5246504613497,0.8000586926884113,PILOT_DESC_ACC,caténaire,,32.39894928392919,0.5,32.39894928392919,0.487757859182367,-0.8729789635528649,0.04452983561199164,-0.9990080548926363,38.33242993713702,-437.0198085663808,5.0,-50.0,-0.02226491780599582,0.49950402744631817,-4.9778156620965435,58.329495133081316,8.829000000000008,-8.057990253895753e-05,-8.394723707283447e-07,15.802842142487386,-28.28360116608634,0.02226491780599582,-0.49950402744631817,0.27591020020742235,0.0,-5.551115123125783e-17,15.825107060293382,-28.507194993325232
74.80000000000003,0.0,403.0,447.70469203120314,442.24814797112333,0.7500586926884142,PILOT_DESC_ACC,caténaire,,32.17053983757904,0.5,32.17053983757904,0.48149158799416303,-0.8764507120716253,0.04454097263781123,-0.9990075584080821,38.35833794940881,-437.08684952653977,5.0,-50.0,-0.022270486318905616,0.49950377920404104,-4.977805340675917,58.32949562003541,8.829000000000008,-7.582699482266975e-05,-6.007605577451613e-07,15.489844313025417,-28.19589254837474,0.022270486318905616,-0.49950377920404104,0.2759564323610227,0.0,5.551115123125783e-17,15.512114799344323,-28.419439895217756
74.90000000000002,0.0,403.0,447.77469790047195,441.53249774796694,0.700058692688417,PILOT_DESC_ACC,caténaire,,32.05569971374155,0.5,32.05569971374155,0.4623840463437743,-0.8866797582480151,0.04455779618400869,-0.9990068081846212,38.38424593640494,-437.153890486899,5.0,-50.0,-0.022278898092004343,0.4995034040923106,-4.977795628059496,58.32949596850977,8.829000000000008,-7.452615150072006e-05,-6.273979309412425e-07,14.822044142020783,-28.42314007265132,0.022278898092004343,-0.4995034040923106,0.2759995826122298,0.0,-5.551115123125783e-17,14.844323040112787,-28.646643894131405
75.00000000000001,0.0,403.0,447.83970376974077,442.28188275213734,0.6500586926884199,PILOT_DESC_ACC,caténaire,,32.59533091566545,0.5,32.59533091566545,0.4412361866181373,-0.8973910115544308,0.04459798673077042,-0.9990050147919989,38.41015389855901,-437.22093144746736,5.0,-50.0,-0.02229899336538521,0.49950250739599944,-4.9777860820767525,58.32949633241472,8.829000000000008,-8.507544213820495e-05,-1.1601892850876538e-06,14.3822395147845,-29.25075698236043,0.02229899336538521,-0.49950250739599944,0.27603965096104377,0.0,5.551115123125783e-17,14.404538508149885,-29.474219838795385
75.10000000000001,0.0,403.0,447.8997096390096,441.92788099596027,0.6000586926884227,PILOT_DESC_ACC,caténaire,,32.574240397012346,0.5,32.574240397012346,0.4456463621068236,-0.8952090928609662,0.04461385491059647,-0.999004306272008,38.4360618323546,-437.28797240842243,5.0,-50.0,-0.022306927455298234,0.499502153136004,-4.977775184858348,58.32949700532732,8.829000000000008,-8.21123136454105e-05,-8.415366821168391e-07,14.516591731321686,-29.16075619644446,0.022306927455298234,-0.499502153136004,0.2760766374074645,0.0,-5.551115123125783e-17,14.538898658776985,-29.384181712173
75.2,0.0,403.0,447.9549546806402,442.84269736201384,0.5524504163059123,PILOT_DESC_ACC,caténaire,,32.50299145365741,0.5,32.50299145365741,0.45425715946508266,-0.8908706040019024,0.044645872837321694,-0.9990028758910525,38.46196973877942,-437.355013369658,5.0,-50.0,-0.022322936418660847,0.49950143794552626,-4.9777646671930516,58.32949749346838,8.829000000000008,-8.76036117123391e-05,-1.068586101382607e-06,14.764716571856273,-28.95595962818845,0.022322936418660847,-0.49950143794552626,0.276110689372667,0.0,-5.551115123125783e-17,14.787039508274933,-29.179350376761306
75.3,0.0,403.0,448.0058430496098,441.8785168942335,0.5088836896957534,PILOT_DESC_ACC,caténaire,,32.51833854911669,0.5,32.51833854911669,0.4483182652823644,-0.8938740028741252,0.04466388489281101,-0.9990020707617587,38.48787761600304,-437.4220543312498,5.0,-50.0,-0.022331942446405503,0.49950103538087937,-4.977753446167825,58.32949811326411,8.829000000000008,-8.538861423090793e-05,-8.51355018482991e-07,14.578565128204634,-29.06729744571491,0.022331942446405503,-0.49950103538087937,0.2761420559698894,0.0,-1.1102230246251565e-16,14.600897070651039,-29.290656425125903
75.39999999999999,0.0,403.0,448.05276006373384,441.58489038595417,0.4691701412404806,PILOT_DESC_ACC,caténaire,,32.80848604936444,0.5,32.80848604936444,0.4277986639406678,-0.9038740526923978,0.04468756762934258,-0.9990010116608357,38.513785464763785,-437.4890952931254,5.0,-50.0,-0.02234378381467129,0.49950050583041783,-4.977742508870569,58.3294986071422,8.829000000000008,-8.629268524007472e-05,-8.870273902061854e-07,14.035426497834145,-29.654739248141034,0.02234378381467129,-0.49950050583041783,0.27617097470151125,0.0,5.551115123125783e-17,14.057770281648816,-29.87806877926994
75.49999999999999,0.0,403.0,448.0960676138815,441.64388014652815,0.4330755014764444,PILOT_DESC_ACC,caténaire,,32.813833473037995,0.5,32.813833473037995,0.3959624671713845,-0.9182666957869865,0.04471139844623514,-0.9989999453698594,38.539693284760304,-437.5561362552966,5.0,-50.0,-0.02235569922311757,0.4994999726849297,-4.977731455785066,58.329499121594424,8.829000000000008,-8.71550081837924e-05,-9.057206540319385e-07,12.993046459335085,-30.131850439391016,0.02235569922311757,-0.4994999726849297,0.2761976686299997,0.0,1.1102230246251565e-16,13.015402158558203,-30.355152743445945
75.59999999999998,0.0,403.0,448.13610197521956,441.6507840445999,0.40034361338080826,PILOT_DESC_ACC,caténaire,,32.33598349856616,0.5,32.33598349856616,0.38100812845045734,-0.9245716878937402,0.0447459649172174,-0.9989983977082382,38.56560107570515,-437.62317721776975,5.0,-50.0,-0.0223729824586087,0.4994991988541191,-4.97772029225775,58.3294996469272,8.829000000000008,-9.327471635867113e-05,-1.1542186939550447e-06,12.320272554393563,-29.896934842973444,0.0223729824586087,-0.4994991988541191,0.27622234502880316,0.0,-1.1102230246251565e-16,12.342645536852173,-30.12021169679876
75.69999999999997,0.0,403.0,448.1731731967675,442.57891569050344,0.37071221547913324,PILOT_DESC_ACC,caténaire,,32.72767551695829,0.5,32.72767551695829,0.38140380950351704,-0.9244085320334322,0.04477250018600739,-0.9989972088184701,38.59150883555843,-437.69021818062765,5.0,-50.0,-0.022386250093003695,0.49949860440923505,-4.977708344881373,58.32950031647673,8.829000000000008,-9.459497437713793e-05,-1.0791140425681078e-06,12.48246011836288,-30.253742481497916,0.022386250093003695,-0.49949860440923505,0.27624519500608435,0.0,1.1102230246251565e-16,12.504846368455883,-30.47699589090107
75.79999999999997,0.0,403.0,448.21121904117683,442.6167468588242,0.38045844409360785,PILOT_DESC_MINPAY_ACC,caténaire,,32.853109571205835,0.5,32.853109571205835,0.37964870333208395,-0.9251307270101168,0.044809165277928525,-0.9989955649086212,38.61741656388005,-437.75725914384526,5.0,-50.0,-0.022404582638964263,0.4994977824543106,-4.977696228412012,58.329500942405154,8.829000000000008,-0.00010081105097636822,-1.2751405407129823e-06,12.472640449135172,-30.39342114215268,0.022404582638964263,-0.4994977824543106,0.2762686457218715,0.0,0.0,12.495045031774136,-30.616650278885118
75.89999999999996,0.0,403.0,448.25269485027263,442.2042452428284,0.4147580909581951,PILOT_DESC_MINPAY_ACC,caténaire,,32.81525141005055,0.5,32.81525141005055,0.40198747398626594,-0.9156451664035261,0.04483388987800752,-0.9989944555994326,38.643324258597985,-437.8243001074879,5.0,-50.0,-0.02241694493900376,0.4994972277997163,-4.977683315753865,58.329501681985874,8.829000000000008,-0.00010026069286883654,-1.090214418297819e-06,13.191320022550473,-30.04712633792928,0.02241694493900376,-0.4994972277997163,0.2762942106009337,0.0,5.551115123125783e-17,13.213736967489476,-30.270329355128062
75.99999999999996,0.0,403.0,448.2990434817215,442.2666129070301,0.46348631448904903,PILOT_DESC_MINPAY_ACC,caténaire,,33.09252987508303,0.5,33.09252987508303,0.4248388020104049,-0.9052690165394837,0.04486971336812131,-0.9989928472327829,38.66923191989569,-437.8913410714939,5.0,-50.0,-0.022434856684060655,0.49949642361639146,-4.9776704736046105,58.32950231434373,8.829000000000008,-0.0001053302886715457,-1.2620398877061234e-06,14.05899074762381,-29.957641974819897,0.022434856684060655,-0.49949642361639146,0.2763227789925702,0.0,0.0,14.08142560430787,-30.18081561944372
76.09999999999995,0.0,403.0,448.35103609652487,443.2173039528382,0.5199261480336859,PILOT_DESC_MINPAY_ACC,caténaire,,33.12281062307975,0.5,33.12281062307975,0.4307530044854323,-0.9024698605088002,0.04489964300350643,-0.9989915024954705,38.6951395460833,-437.95838203592064,5.0,-50.0,-0.022449821501753214,0.49949575124773526,-4.977656982124847,58.329503046406984,8.829000000000008,-0.0001068036265996497,-1.2023452882203856e-06,14.267750192893596,-29.892338282670188,0.022449821501753214,-0.49949575124773526,0.2763548262253681,0.0,0.0,14.29020001439535,-30.115479207692555
76.19999999999995,0.0,403.0,448.4089901420078,442.41813984664856,0.5795404548290893,PILOT_DESC_MINPAY_ACC,caténaire,,32.90345235285957,0.5,32.90345235285957,0.42126057726781174,-0.9069396485103021,0.04492365952256545,-0.9989904227844733,38.721047136669696,-438.02542300074816,5.0,-50.0,-0.022461829761282723,0.4994952113922366,-4.9776433019449025,58.32950374385031,8.829000000000008,-0.00010513170618509093,-1.0447574609884214e-06,13.86092733226956,-29.84144551167793,0.022461829761282723,-0.4994952113922366,0.2763905479676617,0.0,5.551115123125783e-17,13.883389162030843,-30.064550175102504
76.29999999999994,0.0,403.0,448.47292021327416,442.2824599916609,0.6393007126638065,PILOT_DESC_MINPAY_ACC,caténaire,,32.68953947990066,0.5,32.68953947990066,0.39886893558832187,-0.9170079455613451,0.044958519318453204,-0.9989888545627986,38.74695469221219,-438.0924639659239,5.0,-50.0,-0.022479259659226602,0.4994944272813993,-4.9776298359350575,58.3295043497981,8.829000000000008,-0.00010909559428373683,-1.2229205097469276e-06,13.038841817220401,-29.976567439810186,0.022479259659226602,-0.4994944272813993,0.27642995321558794,0.0,0.0,13.061321076879628,-30.199631913875997
76.39999999999993,0.0,403.0,448.5426498340244,443.7062466539407,0.6972962075027792,PILOT_DESC_MINPAY_ACC,caténaire,,32.471575551884904,0.5,32.471575551884904,0.37852564704650743,-0.9255908029620987,0.04498300752342234,-0.9989877521942638,38.772862211389494,-438.1595049315073,5.0,-50.0,-0.02249150376171117,0.4994938760971319,-4.97761586222419,58.32950505911113,8.829000000000008,-0.00010736598590099788,-1.0647917463302292e-06,12.291324146396784,-30.055391688513602,0.02249150376171117,-0.4994938760971319,0.276472933192601,0.0,5.551115123125783e-17,12.313815650158496,-30.278412631418135
76.49999999999993,0.0,403.0,448.61788732571756,442.4219334036352,0.7523749169313706,PILOT_DESC_MINPAY_ACC,caténaire,,32.34199696827191,0.5,32.34199696827191,0.38902594695744963,-0.9212267975877927,0.04499773307368626,-0.9989870890147826,38.79876969477813,-438.2265458974456,5.0,-50.0,-0.02249886653684313,0.4994935445073913,-4.977602110069183,58.32950567673079,8.829000000000008,-0.00010097660602603753,-7.787618301335897e-07,12.581875997076944,-29.794314294675228,0.02249886653684313,-0.4994935445073913,0.2765193081137421,0.0,5.551115123125783e-17,12.604374863613787,-30.01728853106888
76.59999999999992,0.0,403.0,448.69827983430406,442.74515646670545,0.8039250858648148,PILOT_DESC_MINPAY_ACC,caténaire,,32.68364254001686,0.5,32.68364254001686,0.41716069519527804,-0.9088327427993516,0.04502591695952848,-0.9989858191195478,38.8246771445079,-438.2935868636435,5.0,-50.0,-0.02251295847976424,0.4994929095597739,-4.9775891763293965,58.32950612847151,8.829000000000008,-0.0001021348091603258,-9.619687233453078e-07,13.634331043507398,-29.70396449431709,0.02251295847976424,-0.4994929095597739,0.27656886048666324,0.0,-5.551115123125783e-17,13.656844001987162,-29.926888543390202
76.69999999999992,0.0,403.0,448.7834606875001,442.7936060876669,0.8518085319604392,PILOT_DESC_MINPAY_ACC,caténaire,,32.71611323512586,0.5,32.71611323512586,0.4390756604773042,-0.8984500900864885,0.04505262057773225,-0.9989846151863796,38.850584560192736,-438.36062783016206,5.0,-50.0,-0.022526310288866126,0.4994923075931898,-4.977576094254317,58.32950668644597,8.829000000000008,-0.00010240454318299896,-1.005960854172372e-06,14.36484902696316,-29.393794883378586,0.022526310288866126,-0.4994923075931898,0.2766213643017267,0.0,5.551115123125783e-17,14.387375337252026,-29.61666582667005
76.79999999999991,0.0,403.0,448.8730562324445,443.2339733128026,0.8959554494441262,PILOT_DESC_MINPAY_ACC,caténaire,,33.05223904913092,0.5,33.05223904913092,0.44860123632731463,-0.8937320240237588,0.04508425074707329,-0.9989831882141836,38.87649194174272,-438.42766879701594,5.0,-50.0,-0.022542125373536646,0.4994915941070918,-4.977562977646968,58.32950726994027,8.829000000000008,-0.0001051030205045933,-1.1359526439491674e-06,14.827275300826075,-29.539844503896894,0.022542125373536646,-0.4994915941070918,0.27667658924660304,0.0,-5.551115123125783e-17,14.849817426199612,-29.762659508757384
76.8999999999999,0.0,403.0,448.9667087377391,443.3458288058294,0.936525052945829,PILOT_DESC_MINPAY_ACC,caténaire,,33.31796204294788,0.5,33.31796204294788,0.44541083528048797,-0.8953263024253996,0.04510026970972395,-0.998982465147467,38.902399288258366,-438.49470976424846,5.0,-50.0,-0.022550134854861976,0.4994912325737335,-4.977549515420779,58.329507928807125,8.829000000000008,-9.965027564096118e-05,-8.38619151011244e-07,14.84018130339301,-29.83044776026234,0.022550134854861976,-0.4994912325737335,0.2767343148226418,0.0,5.551115123125783e-17,14.862731438247872,-30.053204678013437
76.9999999999999,0.0,403.0,449.0640791223508,443.30392732428317,0.9737038461166172,PILOT_DESC_MINPAY_ACC,caténaire,,33.42894139301265,0.5,33.42894139301265,0.4288525305077632,-0.9033745109737643,0.0451190648394176,-0.9989816164414721,38.92830660155725,-438.5617507317605,5.0,-50.0,-0.0225595324197088,0.49949080822073605,-4.977536751632073,58.329508415266694,8.829000000000008,-9.62840517813035e-05,-7.765125786818317e-07,14.336086108589186,-30.19885358328343,0.0225595324197088,-0.49949080822073605,0.2767943320269136,0.0,0.0,14.358645641008895,-30.42155005947725
77.0999999999999,0.0,403.0,449.16484558508716,443.5831987349001,1.0076646273638326,PILOT_DESC_MINPAY_ACC,caténaire,,33.18539244807348,0.5,33.18539244807348,0.40084041007309523,-0.9161478950761351,0.04513493594246377,-0.9989808994958159,38.95421388276146,-438.6287916995314,5.0,-50.0,-0.022567467971231884,0.49949044974790796,-4.977524419024618,58.32950886562262,8.829000000000008,-9.188699585038762e-05,-6.846294766660321e-07,13.302046317322372,-30.40272743857799,0.022567467971231884,-0.49949044974790796,0.2768564425074453,0.0,5.551115123125783e-17,13.324613785293604,-30.625361445818452
77.19999999999989,0.0,403.0,449.26502858316,443.0799413269813,1.0018299807286632,PILOT_DESC_ACC,caténaire,,33.10163106115378,0.5,33.10163106115378,0.38563174975020903,-0.9226527806193359,0.04514639058886913,-0.9989803818978615,38.98012113333666,-438.6958326675305,5.0,-50.0,-0.022573195294434564,0.49949019094893077,-4.977512649628926,58.32950926276276,8.829000000000008,-8.584492336005667e-05,-5.462883123641404e-07,12.765039905698602,-30.541311941608914,0.022573195294434564,-0.49949019094893077,0.2769181933517485,0.0,0.0,12.787613100993036,-30.763883939206096
77.29999999999988,0.0,403.0,449.3621385085527,443.0967950942542,0.9710992539266466,PILOT_DESC_ACC,caténaire,,32.93040111044172,0.5,32.93040111044172,0.37013473170321987,-0.9289780839110174,0.04517289769906963,-0.9989791836236976,39.00602835529689,-438.7628736357117,5.0,-50.0,-0.022586448849534816,0.4994895918118488,-4.977501654151361,58.329509579584645,8.829000000000008,-8.810300089567846e-05,-8.286035111382262e-07,12.18868517989276,-30.59162092599939,0.022586448849534816,-0.4994895918118488,0.2769780500140422,0.0,0.0,12.211271628742294,-30.814132467797197
77.39999999999988,0.0,403.0,449.45469910039503,443.1308513292261,0.9256059184235768,PILOT_DESC_ACC,caténaire,,33.03476777705151,0.5,33.03476777705151,0.3838161748145766,-0.9234095212584211,0.045191494300226634,-0.9989783425294628,39.031935547889454,-438.82991460416906,5.0,-50.0,-0.022595747150113317,0.4994891712647314,-4.97749036945713,58.329510060208285,8.829000000000008,-8.611660724344716e-05,-7.685269878265899e-07,12.679278204075745,-30.504619097890256,0.022595747150113317,-0.4994891712647314,0.27703510255594466,0.0,5.551115123125783e-17,12.701873951225858,-30.72707316659904
77.49999999999987,0.0,403.0,449.5422596922374,444.02046325222136,0.8756059184235796,PILOT_DESC_ACC,caténaire,,32.91723802596406,0.5,32.91723802596406,0.4149472780682841,-0.9098454574397359,0.045203988631949396,-0.9989777772361917,39.05784271177648,-438.89695557288263,5.0,-50.0,-0.022601994315974698,0.49948888861809587,-4.977479339203817,58.329510506014174,8.829000000000008,-8.13335197911158e-05,-6.053677381601119e-07,13.658918320399604,-29.94959948938594,0.022601994315974698,-0.49948888861809587,0.27708907319545395,0.0,0.0,13.681520314715579,-30.17199930480858
77.59999999999987,0.0,403.0,449.62482028407976,444.58746972800975,0.8256059184235824,PILOT_DESC_ACC,caténaire,,32.5233325500445,0.5,32.5233325500445,0.4367298172799213,-0.8995927226799061,0.04523200572269255,-0.9989765090623014,39.08374984855234,-438.963996541798,5.0,-50.0,-0.022616002861346275,0.4994882545311507,-4.9774689216050785,58.329510857159256,8.829000000000008,-8.492446642449636e-05,-8.883096001000013e-07,14.20390908191505,-29.257753279318546,0.022616002861346275,-0.4994882545311507,0.27713996193257007,0.0,-1.1102230246251565e-16,14.226525084776396,-29.480101571917128
77.69999999999986,0.0,403.0,449.70238087592213,443.9161940095222,0.7756059184235853,PILOT_DESC_ACC,caténaire,,32.17675247544488,0.5,32.17675247544488,0.450009115060724,-0.8930239618074445,0.04523712215165072,-0.9989762773857227,39.109656957020036,-439.03103751100946,5.0,-50.0,-0.02261856107582536,0.49948813869286135,-4.977458044069756,58.32951137240285,8.829000000000008,-7.660514558160969e-05,-4.889042983791114e-07,14.479831907002911,-28.73461097371928,0.02261856107582536,-0.49948813869286135,0.27718776876729295,0.0,5.551115123125783e-17,14.502450468078736,-28.95691134364485
77.79999999999986,0.0,403.0,449.7749414677645,443.6695274832738,0.7256059184235881,PILOT_DESC_ACC,caténaire,,32.5572591175355,0.5,32.5572591175355,0.44434007452324686,-0.8958581908832867,0.045261196629192486,-0.9989751869189213,39.13556403995268,-439.0980784803839,5.0,-50.0,-0.022630598314596243,0.49948759345946064,-4.977448232123005,58.32951165598959,8.829000000000008,-7.88304376015958e-05,-7.505509529437404e-07,14.466494942558382,-29.166687253153743,0.022630598314596243,-0.49948759345946064,0.2772324936996228,0.0,0.0,14.489125540872978,-29.38894235291358
77.89999999999985,0.0,403.0,449.8425020596069,443.47761799364446,0.675605918423591,PILOT_DESC_ACC,caténaire,,32.774417743981324,0.5,32.774417743981324,0.4273027877950795,-0.9041085817215504,0.04529363005640809,-0.998973716909666,39.16147109660852,-439.1651194500085,5.0,-50.0,-0.022646815028204044,0.499486858454833,-4.977438135163269,58.32951209131058,8.829000000000008,-8.495019147325422e-05,-1.0502345944018998e-06,14.004600070363741,-29.63163234326057,0.022646815028204044,-0.499486858454833,0.2772741367295594,0.0,5.551115123125783e-17,14.027246885391946,-29.853845064985844
77.99999999999984,0.0,403.0,449.9050626514492,444.0414053734169,0.6256059184235938,PILOT_DESC_ACC,caténaire,,32.78876553056741,0.5,32.78876553056741,0.41516658752078084,-0.9097454064771912,0.04530988795985036,-0.9989729796411242,39.18737812494763,-439.2321604199832,5.0,-50.0,-0.02265494397992518,0.4994864898205621,-4.977427254366137,58.329512700522585,8.829000000000008,-8.21983460621567e-05,-8.096568606674737e-07,13.612799894344677,-29.829428825491362,0.02265494397992518,-0.4994864898205621,0.27731269785710283,0.0,-5.551115123125783e-17,13.635454838324602,-30.051602617454822
78.09999999999984,0.0,403.0,449.96270991462023,443.6051017560227,0.5764726317099791,PILOT_DESC_ACC,caténaire,,32.50152148836412,0.5,32.50152148836412,0.4261347641494575,-0.9046596944615617,0.04533159177275046,-0.9989719949965308,39.21328512588729,-439.2992013902278,5.0,-50.0,-0.02266579588637523,0.4994859974982654,-4.977416726051746,58.32951317016678,8.829000000000008,-8.252193812108288e-05,-8.323349618422071e-07,13.850028193942569,-29.402816499199368,0.02266579588637523,-0.4994859974982654,0.2773482305047682,0.0,0.0,13.872693989828944,-29.624954266192866
78.19999999999983,0.0,403.0,450.0158323628331,445.656741771155,0.5312244821291024,PILOT_DESC_ACC,caténaire,,32.42905602126578,0.5,32.42905602126578,0.4386706325929552,-0.8986479155378355,0.045358080901916974,-0.9989707926145264,39.23919209931964,-439.3662423607498,5.0,-50.0,-0.022679040450958487,0.4994853963072632,-4.977406156300165,58.32951365296655,8.829000000000008,-8.519675112328429e-05,-9.507261964358804e-07,14.225674519241043,-29.142303596370187,0.022679040450958487,-0.4994853963072632,0.2773809741448238,0.0,0.0,14.248353559692001,-29.36440801853263
78.29999999999983,0.0,403.0,450.064810504176,443.76009807704736,0.4897814134292771,PILOT_DESC_ACC,caténaire,,33.05675233780628,0.5,33.05675233780628,0.43496671680163673,-0.900446531047127,0.04538738451956418,-0.9989694616586,39.265099044353065,-439.43328333158877,5.0,-50.0,-0.02269369225978209,0.4994847308293,-4.977395243956915,58.32951420441272,8.829000000000008,-8.893621669692209e-05,-1.0647579884448533e-06,14.378587032500427,-29.76583797026167,0.02269369225978209,-0.4994847308293,0.2774111633150274,0.0,-5.551115123125783e-17,14.401280724760209,-29.987911537775947
78.39999999999982,0.0,403.0,450.1100083879506,443.48694501966037,0.45197883774550884,PILOT_DESC_ACC,caténaire,,33.258004326683924,0.5,33.258004326683924,0.419062275114611,-0.9079574932648367,0.04542160403491931,-0.9989679063347806,39.291005959741085,-439.50032430278264,5.0,-50.0,-0.022710802017459654,0.4994839531673903,-4.9773838526625065,58.32951482203243,8.829000000000008,-9.465467996605526e-05,-1.2248001866055347e-06,13.937174958911742,-30.196854239447028,0.022710802017459654,-0.4994839531673903,0.2774390224082616,0.0,-5.551115123125783e-17,13.959885760929202,-30.418899170206156
78.49999999999982,0.0,403.0,450.1517687729438,443.73188324287065,0.41760384993236954,PILOT_DESC_ACC,caténaire,,33.03883157623941,0.5,33.03883157623941,0.3963732839156359,-0.9180894399773557,0.045446729234870836,-0.9989667636122096,39.31691284357755,-439.56736527438477,5.0,-50.0,-0.022723364617435418,0.4994833818061048,-4.9773717289406045,58.329515532433575,8.829000000000008,-9.509355804038222e-05,-1.085760324315288e-06,13.095710168609621,-30.332602379335817,0.022723364617435418,-0.4994833818061048,0.27746476269435166,0.0,0.0,13.118433533227057,-30.55462099844757
78.59999999999981,0.0,403.0,450.190410722155,446.0462115030372,0.3864194921121207,PILOT_DESC_ACC,caténaire,,32.899228149922436,0.5,32.899228149922436,0.39013108943206526,-0.9207593241768176,0.04546084744060497,-0.9989661212223275,39.34281969571616,-439.6344062463488,5.0,-50.0,-0.022730423720302484,0.49948306061116376,-4.977359549020073,58.32951616221972,8.829000000000008,-8.997274037536585e-05,-7.771691272751013e-07,12.835011719603308,-30.292271077261514,0.022730423720302484,-0.49948306061116376,0.27748858083750183,0.0,0.0,12.85774214332361,-30.514265557035177
78.6999999999998,0.0,403.0,450.2298882608145,445.4407296853277,0.3947753865954017,PILOT_DESC_MINPAY_ACC,caténaire,,32.74016768026808,0.5,32.74016768026808,0.4048780068979421,-0.9143707123100292,0.04549416017311509,-0.9989646046733301,39.368726517863855,-439.7014472185719,5.0,-50.0,-0.022747080086557545,0.4994823023366651,-4.9773480250048685,58.32951661297134,8.829000000000008,-9.510509142618417e-05,-1.0846920019957906e-06,13.255773835891361,-29.93665044295652,0.022747080086557545,-0.4994823023366651,0.2775129140216761,0.0,1.1102230246251565e-16,13.278520915977918,-30.15861983127151
78.7999999999998,0.0,403.0,450.27266261196894,444.25242814632793,0.4277435115445994,PILOT_DESC_MINPAY_ACC,caténaire,,32.80104180732695,0.5,32.80104180732695,0.4237930152916999,-0.9057590629907983,0.04552189838340289,-0.9989633410528993,39.39463330830986,-439.76848819115656,5.0,-50.0,-0.022760949191701445,0.49948167052644965,-4.977335843636269,58.32951724216401,8.829000000000008,-9.679282797048216e-05,-1.0873095490637752e-06,13.9008524122362,-29.709840892526465,0.022760949191701445,-0.49948167052644965,0.27753927929671396,0.0,-5.551115123125783e-17,13.9236133614279,-29.9317832837562
78.89999999999979,0.0,403.0,450.32018729462146,444.6684143904753,0.47524682652527506,PILOT_DESC_MINPAY_ACC,caténaire,,32.798294875049635,0.5,32.798294875049635,0.4303202925073474,-0.902676268579379,0.04555769354746092,-0.9989617092554827,39.42054006649158,-439.83552916410366,5.0,-50.0,-0.02277884677373046,0.49948085462774133,-4.977323446112015,58.3295178728404,8.829000000000008,-0.00010229288574592488,-1.2725318683237674e-06,14.113771844373591,-29.606242433575975,0.02277884677373046,-0.49948085462774133,0.27756857258335427,0.0,0.0,14.136550691147322,-29.82815471562036
78.99999999999979,0.0,403.0,450.3732354600118,444.9636747124031,0.5304816539035323,PILOT_DESC_MINPAY_ACC,caténaire,,33.22886816319093,0.5,33.22886816319093,0.42490957424206854,-0.9052358000639524,0.045584629500668716,-0.9989604804762232,39.44644679057568,-439.9025701374749,5.0,-50.0,-0.022792314750334358,0.4994802402381116,-4.977310344138601,58.32951861093752,8.829000000000008,-0.00010265888893545849,-1.1488243742974191e-06,14.119264223767285,-30.07996105692574,0.022792314750334358,-0.4994802402381116,0.2776012704369282,0.0,0.0,14.14205653851762,-30.30184002672692
79.09999999999978,0.0,403.0,450.4321414327425,444.11970678012614,0.5890597273069514,PILOT_DESC_MINPAY_ACC,caténaire,,33.21354459472178,0.5,33.21354459472178,0.409385892907904,-0.9123613268261638,0.045629983434124964,-0.9989584098508814,39.47235348044014,-439.96961111122914,5.0,-50.0,-0.022814991717062482,0.4994792049254407,-4.977297195304101,58.32951927732191,8.829000000000008,-0.00011218702116355672,-1.5177526577758726e-06,13.597156610546666,-30.302753615040324,0.022814991717062482,-0.4994792049254407,0.27763757892859436,0.0,5.551115123125783e-17,13.619971602263728,-30.52459524103717
79.19999999999978,0.0,403.0,450.49693966997665,444.34105959032274,0.6479823723410503,PILOT_DESC_MINPAY_ACC,caténaire,,33.000463185295146,0.5,33.000463185295146,0.4034368651879451,-0.9150074840171112,0.045646430416179315,-0.9989576584571846,39.49826013290893,-440.03665208548927,5.0,-50.0,-0.022823215208089657,0.4994788292285923,-4.977282826101267,58.329520157657534,8.829000000000008,-0.00010604130935654155,-1.0131138807878415e-06,13.313603417225663,-30.195670790576216,0.022823215208089657,-0.4994788292285923,0.27767751929707546,0.0,-5.551115123125783e-17,13.336426632433753,-30.417472100507734
79.29999999999977,0.0,403.0,450.5674687459228,444.4207671249438,0.7052907594611333,PILOT_DESC_MINPAY_ACC,caténaire,,32.79025958186483,0.5,32.79025958186483,0.38817992410277935,-0.9215836079941745,0.045672445052287604,-0.9989564694034199,39.52416675003062,-440.1036930600871,5.0,-50.0,-0.022836222526143802,0.49947823470170993,-4.977269244077011,58.3295207453063,8.829000000000008,-0.00010546660315480239,-1.0199919984188455e-06,12.728520475798723,-30.21896573252054,0.022836222526143802,-0.49947823470170993,0.27772099204266476,0.0,0.0,12.751356698324866,-30.440722975179586
79.39999999999976,0.0,403.0,450.6434487576239,444.3681373840074,0.7598001170114178,PILOT_DESC_MINPAY_ACC,caténaire,,33.28821299887885,0.5,33.28821299887885,0.38377300206464043,-0.9234274648754461,0.04570083173881301,-0.9989551711555332,39.55007333199678,-440.1707340350249,5.0,-50.0,-0.022850415869406504,0.4994775855777666,-4.977255735678422,58.329521336911625,8.829000000000008,-0.000106151547828226,-1.0775106176197369e-06,12.775117435946923,-30.739250139788567,0.022850415869406504,-0.4994775855777666,0.27776782463864375,0.0,-5.551115123125783e-17,12.79796785181633,-30.96095990072769
79.49999999999976,0.0,403.0,450.72455480329603,444.64703553763945,0.8110604567214401,PILOT_DESC_MINPAY_ACC,caténaire,,33.631004372364806,0.5,33.631004372364806,0.3848138407153362,-0.9229942079958637,0.04571786395922169,-0.9989543918092587,39.57597987857908,-440.2377750103219,5.0,-50.0,-0.022858931979610846,0.49947719590462936,-4.977242139570372,58.329521961949936,8.829000000000008,-0.00010107154998273415,-8.421454396057015e-07,12.941675959643966,-31.041222244776286,0.022858931979610846,-0.49947719590462936,0.27781781682189527,0.0,-5.551115123125783e-17,12.964534891623577,-31.26288162385902
79.59999999999975,0.0,403.0,450.81043872407366,444.81300015561595,0.8588392077762708,PILOT_DESC_MINPAY_ACC,caténaire,,33.16818097039747,0.5,33.16818097039747,0.4107562065372538,-0.9117452159409035,0.045756231836208666,-0.9989526351374979,39.60188639147087,-440.3048159858996,5.0,-50.0,-0.022878115918104333,0.49947631756874894,-4.9772291941351,58.32952245038785,8.829000000000008,-0.00010731005320430143,-1.2320434095158816e-06,13.624036193141595,-30.24093032122201,0.022878115918104333,-0.49947631756874894,0.27787075399409117,0.0,-5.551115123125783e-17,13.6469143090597,-30.46253588479667
79.69999999999975,0.0,403.0,450.9007239854422,445.03188507654056,0.9028526136853128,PILOT_DESC_MINPAY_ACC,caténaire,,32.96575605929396,0.5,32.96575605929396,0.43948616582781147,-0.8982493585001715,0.045759524239857435,-0.9989524843261275,39.62779286859264,-440.371856961888,5.0,-50.0,-0.022879762119928718,0.49947624216306374,-4.977215449681085,58.32952316504235,8.829000000000008,-9.521180101401683e-05,-5.927945920802813e-07,14.487993734114045,-29.611469232733942,0.022879762119928718,-0.49947624216306374,0.27792640406670716,0.0,-5.551115123125783e-17,14.510873496233975,-29.833019070830296
79.79999999999974,0.0,403.0,450.995035284204,445.4452086610594,0.9431129876179968,PILOT_DESC_MINPAY_ACC,caténaire,,32.706853523014345,0.5,32.706853523014345,0.4619989427165579,-0.8868804749958039,0.045788733734408,-0.9989511458840215,39.65369931397715,-440.438897938074,5.0,-50.0,-0.022894366867204,0.4994755729420107,-4.977203254807233,58.32952350886783,8.829000000000008,-9.762167443749803e-05,-9.181901674537585e-07,15.110531747217955,-29.007069788109145,0.022894366867204,-0.4994755729420107,0.2779845357101785,0.0,0.0,15.13342611408516,-29.228560825340978
79.89999999999974,0.0,403.0,451.09300765765016,445.0986013912008,0.9797237344614933,PILOT_DESC_MINPAY_ACC,caténaire,,32.599223897476726,0.5,32.599223897476726,0.4831869171799124,-0.8755172203138967,0.04579653522593747,-0.99895078825801,39.679605726821094,-440.505938914566,5.0,-50.0,-0.022898267612968735,0.499475394129005,-4.977190751286337,58.32952404142145,8.829000000000008,-8.901889930612583e-05,-5.644495502110658e-07,15.751518497479509,-28.541181891109176,0.022898267612968735,-0.499475394129005,0.27804492396861624,0.0,5.551115123125783e-17,15.774416765092477,-28.762612361269564
79.99999999999973,0.0,403.0,451.1942981446367,444.80988456865396,1.012904869865544,PILOT_DESC_MINPAY_ACC,caténaire,,32.900966370466236,0.5,32.900966370466236,0.4916012727800728,-0.8708204112220914,0.04582203396101179,-0.9989496189516647,39.70551210999207,-440.5729798912462,5.0,-50.0,-0.022911016980505895,0.49947480947583234,-4.977179349635433,58.32952436882718,8.829000000000008,-9.036661593864181e-05,-8.216969931140738e-07,16.174156943415575,-28.650833064333607,0.022911016980505895,-0.49947480947583234,0.2781073574474661,0.0,5.551115123125783e-17,16.19706796039608,-28.87220051636197
80.09999999999972,0.0,403.0,451.29860021499456,445.62394817786327,1.0430207035784465,PILOT_DESC_MINPAY_ACC,caténaire,,33.055020042688675,0.5,33.055020042688675,0.48626346458010916,-0.8738122470042113,0.04585025529813926,-0.9989483240333784,39.731418463040846,-440.6400208682003,5.0,-50.0,-0.02292512764906963,0.4994741620166892,-4.97716777538273,58.329524845494326,8.829000000000008,-9.29030317999846e-05,-9.924889923240698e-07,16.073448567722743,-28.88388133827103,0.02292512764906963,-0.4994741620166892,0.2781716472075158,0.0,-5.551115123125783e-17,16.096373695371813,-29.105183853080206
80.19999999999972,0.0,403.0,451.4019705207656,445.7338234591753,1.0337030577102215,PILOT_DESC_ACC,caténaire,,32.91233079667221,0.5,32.91233079667221,0.4684205451085165,-0.8835056269884423,0.04585470495655089,-0.9989481197906863,39.757324785121945,-440.7070618454852,5.0,-50.0,-0.022927352478275445,0.49947405989534316,-4.977155876276069,58.3295254211745,8.829000000000008,-8.322875434441102e-05,-5.189301646169042e-07,15.416811932569011,-29.078229456164898,0.022927352478275445,-0.49947405989534316,0.2782353626460636,0.0,-5.551115123125783e-17,15.439739285047287,-29.29946815341418
80.29999999999971,0.0,403.0,451.5019527056738,445.93901284453773,0.9998218490819332,PILOT_DESC_ACC,caténaire,,33.18790051937689,0.5,33.18790051937689,0.4386665287715601,-0.8986499187867931,0.04587289366730979,-0.9989472847085514,39.78323107946012,-440.7741028229431,5.0,-50.0,-0.022936446833654894,0.4994736423542757,-4.977145216270596,58.32952572217017,8.829000000000008,-8.166310425128387e-05,-6.354755655024746e-07,14.558421118050916,-29.82430410644221,0.022936446833654894,-0.4994736423542757,0.27829698971305217,0.0,0.0,14.58135756488457,-30.045480759083432
80.39999999999971,0.0,403.0,451.59710090889115,445.4323313546502,0.9514820321736535,PILOT_DESC_ACC,caténaire,,32.95165500206673,0.5,32.95165500206673,0.42107877888339457,-0.9070240691261006,0.045893475896130985,-0.9989463393346867,39.809137346577266,-440.8411438006128,5.0,-50.0,-0.022946737948065492,0.49947316966734334,-4.977134756807133,58.32952609072418,8.829000000000008,-8.149475519836358e-05,-7.396084811261971e-07,13.875242650457158,-29.88794420441399,0.022946737948065492,-0.49947316966734334,0.2783556372080925,0.0,0.0,13.898189388405225,-30.10906173687324
80.4999999999997,0.0,403.0,451.68724911210853,445.3472254966679,0.9014820321736563,PILOT_DESC_ACC,caténaire,,32.89200185754886,0.5,32.89200185754886,0.4032563935265298,-0.9150870347021515,0.045912416038555164,-0.9989454690089458,39.835043586529494,-440.90818477852906,5.0,-50.0,-0.022956208019277582,0.4994727345044729,-4.977124318917772,58.329526519714726,8.829000000000008,-8.052693705007385e-05,-7.457808095523433e-07,13.263910044943074,-30.099044445242047,0.022956208019277582,-0.4994727345044729,0.2784112028007396,0.0,0.0,13.286866252962351,-30.32010597694578
80.5999999999997,0.0,403.0,451.7723973153259,445.53054629377374,0.8514820321736591,PILOT_DESC_ACC,caténaire,,33.24207938547876,0.5,33.24207938547876,0.4096456505884071,-0.9122447264599564,0.04592510122032195,-0.9989448859060761,39.86094979963941,-440.9752257566939,5.0,-50.0,-0.022962550610160976,0.49947244295303805,-4.977114004995722,58.32952695226618,8.829000000000008,-7.655560588304411e-05,-6.047807943332373e-07,13.617473236775922,-30.324911615966226,0.022962550610160976,-0.49947244295303805,0.2784636864909936,0.0,0.0,13.640435787386084,-30.54592037242827
80.69999999999969,0.0,403.0,451.85254551854325,445.3452018420822,0.801482032173662,PILOT_DESC_ACC,caténaire,,32.82576905890944,0.5,32.82576905890944,0.4408380395778191,-0.8975866659332596,0.045941458521752666,-0.9989441337676968,39.88685598723079,-441.0422667350603,5.0,-50.0,-0.022970729260876333,0.4994720668838484,-4.9771041997357734,58.32952730311457,8.829000000000008,-7.492899664995889e-05,-6.300015940041703e-07,14.470847679563867,-29.463972606281676,0.022970729260876333,-0.4994720668838484,0.27851308827885446,0.0,0.0,14.493818408824744,-29.68493158488667
80.79999999999968,0.0,403.0,451.9276937217606,445.89233202825625,0.7514820321736648,PILOT_DESC_ACC,caténaire,,32.91284917518154,0.5,32.91284917518154,0.46837811744311136,-0.8835281201526338,0.04596141839538569,-0.9989432156129218,39.91276214984583,-441.1093077136367,5.0,-50.0,-0.022980709197692847,0.4994716078064609,-4.9770946028181555,58.32952766850334,8.829000000000008,-7.531201584853875e-05,-7.236902064278183e-07,15.415658336360591,-29.079427760615314,0.022980709197692847,-0.4994716078064609,0.278559408164322,0.0,-5.551115123125783e-17,15.438639045558284,-29.30033996025745
80.89999999999968,0.0,403.0,451.99784192497793,446.168482554498,0.7014820321736677,PILOT_DESC_ACC,caténaire,,33.24142275932865,0.5,33.24142275932865,0.49336696784749495,-0.869821266144355,0.04597768224999195,-0.9989424671796264,39.938668287356876,-441.1763486924544,5.0,-50.0,-0.022988841124995975,0.4994712335898132,-4.9770849568564985,58.329528088294865,8.829000000000008,-7.379798149464989e-05,-6.781153274459939e-07,16.400219953706685,-28.914096432959024,0.022988841124995975,-0.4994712335898132,0.27860264614739644,0.0,0.0,16.42320879483168,-29.134965020401438
80.99999999999967,0.0,403.0,452.0629901281953,445.6830095590957,0.6514820321736705,PILOT_DESC_ACC,caténaire,,32.78711455772539,0.5,32.78711455772539,0.5066851957932913,-0.8621311456871943,0.04600409553212683,-0.9989412511225426,39.96457440026859,-441.24338967149805,5.0,-50.0,-0.023002047766063415,0.4994706255612713,-4.977075504818351,58.32952848157743,8.829000000000008,-7.75525844138869e-05,-8.92861308443571e-07,16.61274555917816,-28.266792637429077,0.023002047766063415,-0.4994706255612713,0.2786428022280777,0.0,1.1102230246251565e-16,16.63574760694422,-28.487620460762273
81.09999999999967,0.0,403.0,452.12313833141263,446.2558216873431,0.6014820321736734,PILOT_DESC_ACC,caténaire,,32.66342839119312,0.5,32.66342839119312,0.5024646225455651,-0.8645977695380336,0.0460316005099198,-0.9989399840603514,39.99048048732944,-441.31043065083935,5.0,-50.0,-0.0230158002549599,0.4994699920301757,-4.9770655719029415,58.32952899949177,8.829000000000008,-8.137215790160468e-05,-1.0084780583952124e-06,16.412217217624946,-28.240727332490852,0.0230158002549599,-0.4994699920301757,0.2786798764063658,0.0,1.1102230246251565e-16,16.435233017879906,-28.461517448114662
81.19999999999966,0.0,403.0,452.178511774273,445.9529485493572,0.5537344286031887,PILOT_DESC_ACC,caténaire,,32.25272746145117,0.5,32.25272746145117,0.48227056119185224,-0.8760223203821327,0.04605074444838335,-0.9989391017152897,40.016386547266244,-441.3774716305168,5.0,-50.0,-0.023025372224191674,0.49946955085764483,-4.977055149787392,58.3295295844699,8.829000000000008,-8.052201158381678e-05,-8.646724580785303e-07,15.55454097280192,-28.25410914943299,0.023025372224191674,-0.49946955085764483,0.2787140075155797,0.0,5.551115123125783e-17,15.577566345026112,-28.474864692775053
81.29999999999966,0.0,403.0,452.22951591482257,445.812753471678,0.5100414054956877,PILOT_DESC_ACC,caténaire,,32.88936842504605,0.5,32.88936842504605,0.44722212303123765,-0.894422927183462,0.046077029628664175,-0.9989378896310818,40.04229258036237,-441.4445126104825,5.0,-50.0,-0.023038514814332087,0.4994689448155409,-4.977044836567683,58.329530085964514,8.829000000000008,-8.335138201509551e-05,-9.692199540722868e-07,14.708853172205648,-29.417005179945015,0.023038514814332087,-0.4994689448155409,0.278745445472144,0.0,-5.551115123125783e-17,14.73189168701998,-29.63772867928841
81.39999999999965,0.0,403.0,452.27653727069986,446.0322100654308,0.4702135587730914,PILOT_DESC_ACC,caténaire,,33.05454400696931,0.5,33.05454400696931,0.41801333193802437,-0.9084408920353988,0.04610135395840184,-0.9989367673497669,40.06819858567471,-441.51155359077126,5.0,-50.0,-0.02305067697920092,0.49946838367488344,-4.977034160977158,58.32953064819239,8.829000000000008,-8.483795635871871e-05,-9.681327384214455e-07,13.817240076045296,-30.028099443514545,0.02305067697920092,-0.49946838367488344,0.2787744285179857,0.0,-5.551115123125783e-17,13.840290753024497,-30.248793398671445
81.49999999999964,0.0,403.0,452.31993883155735,446.93517730967733,0.43401560857466304,PILOT_DESC_ACC,caténaire,,33.20860653955995,0.5,33.20860653955995,0.41381469459586046,-0.9103611363280699,0.046133447009962,-0.998935285725246,40.09410456270773,-441.5785945713827,5.0,-50.0,-0.023066723504981,0.499467642862623,-4.9770232949986655,58.32953120972788,8.829000000000008,-9.001850364676045e-05,-1.1474094989694095e-06,13.742209373122096,-30.231824785225573,0.023066723504981,-0.499467642862623,0.2788011803928405,0.0,5.551115123125783e-17,13.765276096627076,-30.452491247695356
81.59999999999964,0.0,403.0,452.3600578747266,446.49854597617707,0.40119043169241325,PILOT_DESC_ACC,caténaire,,33.13610350275574,0.5,33.13610350275574,0.4336811177888392,-0.9010664171266306,0.04616097321759156,-0.9989340141128467,40.12001050973458,-441.6456355523767,5.0,-50.0,-0.02308048660879578,0.49946700705642333,-4.97701176551106,58.32953187532103,8.829000000000008,-9.225211985608439e-05,-1.117622552726516e-06,14.37050240624178,-29.857830060765306,0.02308048660879578,-0.49946700705642333,0.2788259089878715,0.0,5.551115123125783e-17,14.393582892850576,-30.078471158833857
81.69999999999963,0.0,403.0,452.3972053604572,446.91307994490165,0.3714748573058235,PILOT_DESC_ACC,caténaire,,33.33522682572316,0.5,33.33522682572316,0.4508051507926902,-0.8926223815358764,0.04618557474468451,-0.9989328769669676,40.14591642601072,-441.7126765337432,5.0,-50.0,-0.023092787372342254,0.4994664384834838,-4.976999949959205,58.32953252360421,8.829000000000008,-9.273733154735453e-05,-1.037912319645784e-06,15.02769195587866,-29.75576955821564,0.023092787372342254,-0.4994664384834838,0.2788488059729062,0.0,-5.551115123125783e-17,15.050784743251002,-29.976387190726218
81.79999999999963,0.0,403.0,452.4353397031457,446.9820028899243,0.3813434268852552,PILOT_DESC_MINPAY_ACC,caténaire,,32.35766232529289,0.5,32.35766232529289,0.4639727337231519,-0.8858494806463824,0.04621506801425451,-0.9989315129118902,40.17182231137442,-441.7797175154557,5.0,-50.0,-0.023107534007127256,0.4994657564559451,-4.976988072274707,58.32953312559559,8.829000000000008,-9.560628183358233e-05,-1.1179484715739818e-06,15.013073045956784,-28.664018365791723,0.023107534007127256,-0.4994657564559451,0.27887231123730494,0.0,-5.551115123125783e-17,15.036180579963911,-28.884611811010362
81.89999999999962,0.0,403.0,452.4768957974784,446.55978518194934,0.4155609433267088,PILOT_DESC_MINPAY_ACC,caténaire,,32.86136513824929,0.5,32.86136513824929,0.47186625460549414,-0.8816701411324891,0.04625459143869147,-0.9989296835968183,40.19772816486936,-441.8467584975408,5.0,-50.0,-0.023127295719345735,0.49946484179840916,-4.976975827155103,58.3295337740766,8.829000000000008,-0.00010312287444858015,-1.3841249995039107e-06,15.506169289009248,-28.97288443924651,0.023127295719345735,-0.49946484179840916,0.2788979256026199,0.0,-5.551115123125783e-17,15.529296584728595,-29.1934513554423
81.99999999999962,0.0,403.0,452.52332011188844,446.9413617669052,0.4642431441005295,PILOT_DESC_MINPAY_ACC,caténaire,,33.24065911743573,0.5,33.24065911743573,0.4829140891028226,-0.8756677352432206,0.04628234314741064,-0.9989283981911744,40.223633983990005,-441.91379948008733,5.0,-50.0,-0.02314117157370532,0.4994641990955872,-4.976962619335189,58.32953457696257,8.829000000000008,-0.00010379090889411913,-1.2239418509807365e-06,16.05238261887391,-29.10777268735686,0.02314117157370532,-0.4994641990955872,0.2789265406437562,0.0,5.551115123125783e-17,16.075523790447615,-29.328310345808692
82.09999999999961,0.0,403.0,452.5753892799351,446.6571301082955,0.5206916804670241,PILOT_DESC_MINPAY_ACC,caténaire,,33.28138967810831,0.5,33.28138967810831,0.47839676887995786,-0.8781437988878679,0.04631543827728042,-0.9989268642784532,40.249539768513685,-441.98084046304183,5.0,-50.0,-0.02315771913864021,0.4994634321392266,-4.976949325975329,58.32953528686928,8.829000000000008,-0.00010704511396930627,-1.2809914977651715e-06,15.921709285841796,-29.225845964201508,0.02315771913864021,-0.4994634321392266,0.2789586350624789,0.0,0.0,15.944867004980436,-29.446350761278254
82.1999999999996,0.0,403.0,452.6334244832832,446.62322898169487,0.5803520334805873,PILOT_DESC_MINPAY_ACC,caténaire,,33.4507305899736,0.5,33.4507305899736,0.4569688802974314,-0.8894826824844383,0.046341094658351345,-0.9989256743851694,40.27544551735566,-442.04788144642333,5.0,-50.0,-0.023170547329175673,0.4994628371925847,-4.976935615838013,58.32953602991221,8.829000000000008,-0.0001061631671888108,-1.1328952140843285e-06,15.285942902831273,-29.753845576233978,0.023170547329175673,-0.4994628371925847,0.27899440682889626,0.0,5.551115123125783e-17,15.30911345016045,-29.974314006597666
82.2999999999996,0.0,403.0,452.6974541917495,446.63972946625034,0.6402970846633453,PILOT_DESC_MINPAY_ACC,caténaire,,33.29916218980957,0.5,33.29916218980957,0.42382792742785913,-0.9057427272311964,0.04636156265422412,-0.9989247246455852,40.30135123080991,-442.11492243018245,5.0,-50.0,-0.02318078132711206,0.4994623623227926,-4.976922018679269,58.32953668699878,8.829000000000008,-0.00010280000638118736,-9.506784337531826e-07,14.113114895991123,-30.16047397631206,0.02318078132711206,-0.4994623623227926,0.27903387349124753,0.0,0.0,14.136295677318234,-30.380902465143603
82.3999999999996,0.0,403.0,452.76731198529995,446.58810852838246,0.698577935504637,PILOT_DESC_MINPAY_ACC,caténaire,,33.4222052719176,0.5,33.4222052719176,0.40552447919682233,-0.9140841847292546,0.0464039999359309,-0.9989227541656793,40.32725690999749,-442.18196341425846,5.0,-50.0,-0.02320199996796545,0.49946137708283966,-4.976908852284183,58.329537238445056,8.829000000000008,-0.00011085225214824135,-1.3844721138411842e-06,13.553522386503673,-30.55070925783459,0.02320199996796545,-0.49946137708283966,0.27907693247147247,0.0,5.551115123125783e-17,13.576724386471637,-30.771093702445956
82.49999999999959,0.0,403.0,452.84272189422853,446.77710515358115,0.7540990892859738,PILOT_DESC_MINPAY_ACC,caténaire,,33.07408469599699,0.5,33.07408469599699,0.3970298420620588,-0.9178057008496823,0.04642359960497105,-0.9989218434891276,40.353162552234316,-442.249004398796,5.0,-50.0,-0.023211799802485524,0.4994609217445638,-4.976894654594849,58.32953804152887,8.829000000000008,-0.00010645439733458772,-1.036726573033775e-06,13.13139862319884,-30.355583484371266,0.023211799802485524,-0.4994609217445638,0.2791234136672317,0.0,-5.551115123125783e-17,13.154610423001326,-30.575920992448598
82.59999999999958,0.0,403.0,452.923333076702,446.80308949749354,0.8061118247351777,PILOT_DESC_MINPAY_ACC,caténaire,,32.96542141117425,0.5,32.96542141117425,0.3802189906737652,-0.9248964910361718,0.04643621080603583,-0.998921257320104,40.37906815898635,-442.31604538367907,5.0,-50.0,-0.023218105403017913,0.499460628660052,-4.976881020192991,58.32953864282788,8.829000000000008,-9.912559600877557e-05,-7.285120773303788e-07,12.534079256092001,-30.48960258872375,0.023218105403017913,-0.499460628660052,0.27917310082646796,0.0,0.0,12.557297361495019,-30.709890116557332
82.69999999999958,0.0,403.0,453.008765230409,446.89422619486805,0.8543215370693978,PILOT_DESC_MINPAY_ACC,caténaire,,32.914075560376645,0.5,32.914075560376645,0.3758333305602379,-0.9266872760753754,0.046466250977414504,-0.9989198604092843,40.40497373269652,-442.383086368805,5.0,-50.0,-0.023233125488707252,0.49945993020464213,-4.976868324460805,58.329539065389056,8.829000000000008,-0.0001014499495122223,-1.0044063074587939e-06,12.370206640167682,-30.501055025584517,0.023233125488707252,-0.49945993020464213,0.2792257595382606,0.0,5.551115123125783e-17,12.393439765656389,-30.7212891962509
82.79999999999957,0.0,403.0,453.0986326215201,447.1070027801348,0.8986739111112038,PILOT_DESC_MINPAY_ACC,caténaire,,32.94773483643818,0.5,32.94773483643818,0.3636339564087593,-0.9315419184054535,0.04649231866392087,-0.9989186474910018,40.43087927259003,-442.4501273542657,5.0,-50.0,-0.023246159331960434,0.4994593237455009,-4.976855331046494,58.32953964799329,8.829000000000008,-0.00010149037845419429,-1.0282612166179206e-06,11.98091517328072,-30.692196116649814,0.023246159331960434,-0.4994593237455009,0.2792811520438073,0.0,0.0,12.004161332612682,-30.912374288351508
82.89999999999957,0.0,403.0,453.19256021650693,446.82108352837946,0.9392759498682516,PILOT_DESC_MINPAY_ACC,caténaire,,32.533920480989764,0.5,32.533920480989764,0.3654975897800118,-0.9308122860518131,0.04650523316371553,-0.9989180463323247,40.45678477865342,-442.5171683400692,5.0,-50.0,-0.023252616581857764,0.49945902316616236,-4.976842332472833,58.32954024444551,8.829000000000008,-9.494905469065174e-05,-7.323883366439077e-07,11.89106952189632,-30.282972897137984,0.023252616581857764,-0.49945902316616236,0.27933904717976227,0.0,-5.551115123125783e-17,11.914322138478177,-30.503092873124388
82.99999999999956,0.0,403.0,453.2901775498152,447.2245329493303,0.9761733330828322,PILOT_DESC_MINPAY_ACC,caténaire,,32.74467049048199,0.5,32.74467049048199,0.36243465107129297,-0.9320091864905785,0.04653241619095076,-0.9989167804394079,40.482690253067126,-442.5842093261168,5.0,-50.0,-0.02326620809547538,0.49945839021970395,-4.9768301717075225,58.32954066928171,8.829000000000008,-9.637980299803672e-05,-9.40498594559358e-07,11.867803223662303,-30.51833370573617,0.02326620809547538,-0.49945839021970395,0.2793992165983898,0.0,5.551115123125783e-17,11.891069431757778,-30.738392879357484
83.09999999999955,0.0,403.0,453.3911468846027,447.9892990292003,1.0096933478748602,PILOT_DESC_MINPAY_ACC,caténaire,,33.193589408210926,0.5,33.193589408210926,0.3753271904879896,-0.9268923886193006,0.04654359113395576,-0.9989162598157842,40.50859569535423,-442.65125031247794,5.0,-50.0,-0.02327179556697788,0.4994581299078921,-4.976817827711753,58.32954121479316,8.829000000000008,-8.962327873085485e-05,-6.552989546548815e-07,12.458456654795697,-30.76688537342494,0.02327179556697788,-0.4994581299078921,0.27946145212529355,0.0,-5.551115123125783e-17,12.481728450362674,-30.98688205120754
83.19999999999955,0.0,403.0,453.49149890027843,447.70247175931695,1.0035201567575922,PILOT_DESC_ACC,caténaire,,32.90055928538451,0.5,32.90055928538451,0.3854323195745924,-0.9227361090947667,0.046567224716668784,-0.9989151583503912,40.53450110776691,-442.7182912990575,5.0,-50.0,-0.023283612358334392,0.4994575791751956,-4.97680634908114,58.32954159492017,8.829000000000008,-8.996143947381796e-05,-8.259046424541339e-07,12.680938880667146,-30.3585340620374,0.023283612358334392,-0.4994575791751956,0.2795233071487476,0.0,0.0,12.70422249302548,-30.57846833406385
83.29999999999954,0.0,403.0,453.5887514444435,448.4062007626821,0.9725254416509855,PILOT_DESC_ACC,caténaire,,33.33679863620117,0.5,33.33679863620117,0.40672082337684823,-0.9135525008622429,0.04657560893470018,-0.9989147674613496,40.56040649019244,-442.7853322859124,5.0,-50.0,-0.02328780446735009,0.4994573837306748,-4.97679482715605,58.32954207396133,8.829000000000008,-8.263162340060859e-05,-5.423080082778142e-07,13.558770190063932,-30.454915764842593,0.02328780446735009,-0.4994573837306748,0.27958325171846854,0.0,0.0,13.582057994531281,-30.6747898968548
83.39999999999954,0.0,403.0,453.6814337452319,447.65699088649217,0.9268230078842938,PILOT_DESC_ACC,caténaire,,33.60522757058757,0.5,33.60522757058757,0.41836684828549453,-0.908278140359913,0.04658989740233134,-0.9989141011418551,40.5863118450741,-442.852373272948,5.0,-50.0,-0.02329494870116567,0.49945705057092754,-4.976784244015679,58.32954238850827,8.829000000000008,-7.91927168446449e-05,-5.609208102441698e-07,14.059313144623529,-30.522893604184958,0.02329494870116567,-0.49945705057092754,0.2796403792793894,0.0,5.551115123125783e-17,14.082608093324694,-30.742710275476497
83.49999999999953,0.0,403.0,453.7691160460203,448.07347039611443,0.8768230078842967,PILOT_DESC_ACC,caténaire,,33.67652686801384,0.5,33.67652686801384,0.41594683642653835,-0.9093889317925278,0.04661730131220145,-0.9989128226318689,40.612217173558186,-442.9194142601706,5.0,-50.0,-0.023308650656100726,0.49945641131593443,-4.976774101328601,58.329542713836865,8.829000000000008,-8.275198470197864e-05,-8.748472097863669e-07,14.007644812583676,-30.625060794985465,0.023308650656100726,-0.49945641131593443,0.27969442493791713,0.0,5.551115123125783e-17,14.030953463239777,-30.84482278136348
83.59999999999953,0.0,403.0,453.8517983468087,447.7846336934084,0.8268230078842995,PILOT_DESC_ACC,caténaire,,33.806677307037305,0.5,33.806677307037305,0.40473646155520726,-0.9144333746576457,0.04663445691222147,-0.9989120218660411,40.63812247445828,-442.9864552476848,5.0,-50.0,-0.023317228456110735,0.49945601093302056,-4.976763502796122,58.32954322126638,8.829000000000008,-8.073125223262423e-05,-7.678006070932497e-07,13.682794950189002,-30.913954015836172,0.023317228456110735,-0.49945601093302056,0.2797453886940517,0.0,-5.551115123125783e-17,13.706112178645114,-31.13366463807514
83.69999999999952,0.0,403.0,453.92948064759713,448.3685259475793,0.7768230078843024,PILOT_DESC_ACC,caténaire,,33.30801036724376,0.5,33.30801036724376,0.3980349916776488,-0.9173702335481428,0.04665177027878268,-0.9989112134368378,40.66402774844795,-443.05349623545493,5.0,-50.0,-0.02332588513939134,0.4994556067184189,-4.976753163079951,58.32954366667673,8.829000000000008,-7.904821934179296e-05,-7.266048598353336e-07,13.25775362932491,-30.55577724962237,0.02332588513939134,-0.4994556067184189,0.279793270547793,0.0,-5.551115123125783e-17,13.2810795144643,-30.775439585793
83.79999999999951,0.0,403.0,454.00216294838555,447.88828817561415,0.7268230078843052,PILOT_DESC_ACC,caténaire,,32.948854430426366,0.5,32.948854430426366,0.42182715082768174,-0.9066762679284157,0.04667016380798606,-0.998910354241128,40.68993299608822,-443.1205372234673,5.0,-50.0,-0.02333508190399303,0.499455177120564,-4.976743038931855,58.32954408814986,8.829000000000008,-7.812083584823881e-05,-7.347295820636646e-07,13.898721387422793,-29.87394436749562,0.02333508190399303,-0.499455177120564,0.2798380704991413,0.0,0.0,13.922056469326785,-30.093561474117042
83.89999999999951,0.0,403.0,454.06984524917397,448.14695772848194,0.676823007884308,PILOT_DESC_ACC,caténaire,,33.16816064163459,0.5,33.16816064163459,0.4452682353918264,-0.8953972294747451,0.04668810709491199,-0.9989095157499973,40.7158382176882,-443.18757821172454,5.0,-50.0,-0.023344053547455994,0.49945475787499866,-4.976733033566694,58.32954451427196,8.829000000000008,-7.708711414977643e-05,-7.278530489429613e-07,14.768728360093265,-29.6986791452929,0.023344053547455994,-0.49945475787499866,0.2798797885480963,0.0,5.551115123125783e-17,14.792072413640721,-29.918254114619803
83.9999999999995,0.0,403.0,454.1325275499624,448.8636452303979,0.6268230078843109,PILOT_DESC_ACC,caténaire,,33.09251718438884,0.5,33.09251718438884,0.46084232772258,-0.887482027411955,0.046716940949986505,-0.998908167665214,40.74174341359248,-443.2546192002244,5.0,-50.0,-0.023358470474993252,0.499454083832607,-4.9767231606072535,58.3295449364375,8.829000000000008,-8.163108224668036e-05,-9.797298972102908e-07,15.25043264945323,-29.36901424296637,0.023358470474993252,-0.499454083832607,0.27991842469465816,0.0,0.0,15.273791119928225,-29.58854990210432
84.0999999999995,0.0,403.0,454.19028380369764,448.22549354883125,0.5775625373526633,PILOT_DESC_ACC,caténaire,,33.08515777133705,0.5,33.08515777133705,0.46901755284251806,-0.8831888445432357,0.046742248945988635,-0.9989069837394626,40.767648582286405,-443.3216601890508,5.0,-50.0,-0.023371124472994317,0.4994534918697313,-4.976712705690595,58.32954550469922,8.829000000000008,-8.383016358948225e-05,-1.0034310591322537e-06,15.517519733321123,-29.220442263597825,0.023371124472994317,-0.4994534918697313,0.2799540245219796,0.0,0.0,15.540890857794118,-29.439941730945574
84.19999999999949,0.0,403.0,454.24350396017735,448.1699276613171,0.5322015647971454,PILOT_DESC_ACC,caténaire,,33.399043466886816,0.5,33.399043466886816,0.46902978579446475,-0.8831823481238734,0.04675875545695969,-0.9989062112070963,40.793553723036936,-443.3887011782117,5.0,-50.0,-0.023379377728479846,0.49945310560354816,-4.9767019691331535,58.329546086709996,8.829000000000008,-8.134686163341343e-05,-8.076864617123647e-07,15.66514620301394,-29.49744563417641,0.023379377728479846,-0.49945310560354816,0.2799868283875036,0.0,-5.551115123125783e-17,15.68852558074242,-29.716911911392458
84.29999999999949,0.0,403.0,454.29256977069167,447.99057160129,0.4906581051432548,PILOT_DESC_ACC,caténaire,,33.087726266214965,0.5,33.087726266214965,0.4558620945353879,-0.8900504203503357,0.04679317316045626,-0.9989045995216839,40.81945883667185,-443.4557421676418,5.0,-50.0,-0.02339658658022813,0.49945229976084193,-4.976691550638914,58.32954655516736,8.829000000000008,-8.813721914169292e-05,-1.1450718062633314e-06,15.083440199130324,-29.449744671681472,0.02339658658022813,-0.49945229976084193,0.28001707159527295,0.0,0.0,15.106836785710552,-29.66917989984704
84.39999999999948,0.0,403.0,454.3378463689324,448.02132337078626,0.45276598240700605,PILOT_DESC_ACC,caténaire,,33.776204221845866,0.5,33.776204221845866,0.43625008830353845,-0.8998254611062941,0.046819552119428606,-0.9989033634638218,40.84536392092769,-443.5227831574536,5.0,-50.0,-0.023409776059714303,0.4994516817319109,-4.976680262481256,58.3295472193758,8.829000000000008,-9.003854097056063e-05,-1.0988922980459392e-06,14.734872074338607,-30.392688538342814,0.023409776059714303,-0.4994516817319109,0.2800449792065675,0.0,-5.551115123125783e-17,14.758281850398323,-30.612095240868157
84.49999999999947,0.0,403.0,454.3796774654935,448.4413090749063,0.41831096561095915,PILOT_DESC_ACC,caténaire,,33.65235058145695,0.5,33.65235058145695,0.4334192620954833,-0.9011924007916439,0.04686047491634295,-0.9989014445332506,40.87126897517068,-443.5898241476317,5.0,-50.0,-0.023430237458171476,0.4994507222666253,-4.976668730824712,58.329547856778504,8.829000000000008,-9.89682828835825e-05,-1.420954880870795e-06,14.585576956793581,-30.327242612785263,0.023430237458171476,-0.4994507222666253,0.2800707630778877,0.0,0.0,14.609007194251753,-30.546622571974
84.59999999999947,0.0,403.0,454.4183829630996,448.26226292820036,0.3870549760611208,PILOT_DESC_ACC,caténaire,,33.632740126057065,0.5,33.632740126057065,0.44447024125224993,-0.8957936172139019,0.046868943667116955,-0.9989010472111484,40.89717399642424,-443.6568651382835,5.0,-50.0,-0.023434471833558478,0.4994505236055742,-4.976656055511219,58.32954868103003,8.829000000000008,-9.05273447777688e-05,-7.953644001190696e-07,14.94875211780281,-30.1279939343358,0.023434471833558478,-0.4994505236055742,0.2800946203910279,0.0,0.0,14.972186589636369,-30.347349837550347
84.69999999999946,0.0,403.0,454.457941213056,448.48002183231426,0.3955824995641333,PILOT_DESC_MINPAY_ACC,caténaire,,33.3826334289191,0.5,33.3826334289191,0.44716363312055063,-0.8944521704453681,0.046906969432863224,-0.9988992622975674,40.92307898750202,-443.7239061292004,5.0,-50.0,-0.023453484716431612,0.4994496311487837,-4.976644461279546,58.329549142365586,8.829000000000008,-9.794599597778841e-05,-1.2264856366073218e-06,14.927499647207009,-29.859168925678787,0.023453484716431612,-0.4994496311487837,0.28011900332406997,0.0,0.0,14.950953131923441,-30.0784995535035
84.79999999999946,0.0,403.0,454.50082551681595,448.4206627431695,0.4288430375994087,PILOT_DESC_MINPAY_ACC,caténaire,,32.92135809638211,0.5,32.92135809638211,0.44232417729569257,-0.8968552403703111,0.04692889631539216,-0.9988982323993867,40.94898394593114,-443.7909471205261,5.0,-50.0,-0.02346444815769608,0.49944911619969334,-4.976631916925366,58.32954985375608,8.829000000000008,-9.636508306254399e-05,-1.0300442383481823e-06,14.561912635439104,-29.525692528847863,0.02346444815769608,-0.49944911619969334,0.28014543637174744,0.0,-5.551115123125783e-17,14.5853770835968,-29.744996208675808
84.89999999999945,0.0,403.0,454.54848046030844,448.27878035534115,0.47654943492508495,PILOT_DESC_MINPAY_ACC,caténaire,,32.8166385356995,0.5,32.8166385356995,0.430572176927486,-0.9025561480904806,0.04695178059157082,-0.9988971570183194,40.974888872238566,-443.85798811219513,5.0,-50.0,-0.02347589029578541,0.4994485785091597,-4.976619575061936,58.32955045119749,8.829000000000008,-9.546535772120279e-05,-9.702933567723449e-07,14.129931493758559,-29.618858870058567,0.02347589029578541,-0.4994485785091597,0.28017480994862665,0.0,0.0,14.153407384054344,-29.8381326386191
84.99999999999945,0.0,403.0,454.6016698977649,448.52537717270445,0.5318943745644859,PILOT_DESC_MINPAY_ACC,caténaire,,33.12647161381245,0.5,33.12647161381245,0.42641012971338466,-0.9045299338760516,0.04699091401704363,-0.9988953168374766,41.0007937667242,-443.9250291041876,5.0,-50.0,-0.023495457008521816,0.4994476584187383,-4.976607348441333,58.32955101401896,8.829000000000008,-0.00010280544985530327,-1.327562308972574e-06,14.12546305779252,-29.963885178388676,0.023495457008521816,-0.4994476584187383,0.28020759487954433,0.0,0.0,14.148958514801043,-30.18312524192787
85.09999999999944,0.0,403.0,454.6607183433874,449.5664120869618,0.5904844562248373,PILOT_DESC_MINPAY_ACC,caténaire,,33.43484205158632,0.5,33.43484205158632,0.42103705027335675,-0.9070434401378529,0.04702916587639571,-0.9988935166257567,41.026698626941354,-443.9920700966226,5.0,-50.0,-0.023514582938197855,0.4994467583128783,-4.976594181766319,58.32955178406556,8.829000000000008,-0.00010876470451659515,-1.4576215718875574e-06,14.077307273755492,-30.326854154936605,0.023514582938197855,-0.4994467583128783,0.28024399118871973,0.0,0.0,14.10082185669369,-30.546056922060764
85.19999999999943,0.0,403.0,454.7256637478389,449.0938180659524,0.6494540445150917,PILOT_DESC_MINPAY_ACC,caténaire,,33.8346493774443,0.5,33.8346493774443,0.439451510348149,-0.8982663135466735,0.047044486519063136,-0.9988927951928364,41.052603450903604,-444.05911108954353,5.0,-50.0,-0.023522243259531568,0.4994463975964182,-4.976580251885058,58.32955262958365,8.829000000000008,-0.00010249514458937625,-9.728199401592974e-07,14.868687771017957,-30.392525766421144,0.023522243259531568,-0.4994463975964182,0.28028402226820065,0.0,-5.551115123125783e-17,14.892210014277488,-30.61168814174936
85.29999999999943,0.0,403.0,454.79636513132317,448.66835169519754,0.7070138348425378,PILOT_DESC_MINPAY_ACC,caténaire,,33.80836723826285,0.5,33.80836723826285,0.4602632906624837,-0.8877824639338975,0.047081600161416624,-0.9988910465742701,41.078508240700806,-444.1261520827887,5.0,-50.0,-0.023540800080708312,0.49944552328713504,-4.97656712498717,58.329553193789934,8.829000000000008,-0.00010792506787815626,-1.2829229376620788e-06,15.560750357008567,-30.014475568367054,0.023540800080708312,-0.49944552328713504,0.28032760122079275,0.0,5.551115123125783e-17,15.584291157089275,-30.233593490433396
85.39999999999942,0.0,403.0,454.87256023455325,448.9856312658834,0.761951032300658,PILOT_DESC_MINPAY_ACC,caténaire,,33.206908323752124,0.5,33.206908323752124,0.4667764857957527,-0.8843753232130394,0.04710180630728036,-0.9988900939756041,41.10441299452299,-444.19319307646145,5.0,-50.0,-0.02355090315364018,0.49944504698780207,-4.976553302680144,58.329553937921034,8.829000000000008,-0.00010420583378412118,-1.0150911720074873e-06,15.500203971502746,-29.367370281724053,0.02355090315364018,-0.49944504698780207,0.2803745663949913,0.0,-5.551115123125783e-17,15.523754874656387,-29.586440762316865
85.49999999999942,0.0,403.0,454.95390100462436,449.0813846484493,0.81340770071085,PILOT_DESC_MINPAY_ACC,caténaire,,33.36455030683359,0.5,33.36455030683359,0.45914355224396136,-0.8883620874580347,0.047122072573765814,-0.9988891381311306,41.13031771360989,-444.2602340704726,5.0,-50.0,-0.023561036286882907,0.4994445690655653,-4.976539956723999,58.329554526756944,8.829000000000008,-0.00010099301088217771,-9.041774973184147e-07,15.319118146901927,-29.639801557677302,0.023561036286882907,-0.4994445690655653,0.28042470325778024,0.0,-1.1102230246251565e-16,15.34267918318881,-29.85882142348509
85.59999999999941,0.0,403.0,455.0400185532551,449.38145666399555,0.861175486307174,PILOT_DESC_MINPAY_ACC,caténaire,,33.46080787823753,0.5,33.46080787823753,0.4386674519104964,-0.8986494681656204,0.047142450043064284,-0.9988881766263614,41.15622239903246,-444.32727506478517,5.0,-50.0,-0.023571225021532142,0.4994440883131807,-4.976527022262103,58.32955505119973,8.829000000000008,-9.824728363572177e-05,-8.604870913586637e-07,14.678167330813121,-30.06953720417016,0.023571225021532142,-0.4994440883131807,0.2804777844336241,0.0,-5.551115123125783e-17,14.701738555834654,-30.288503508049715
85.6999999999994,0.0,403.0,455.1305400909826,449.3825441744058,0.9052153772748809,PILOT_DESC_MINPAY_ACC,caténaire,,33.79382047901737,0.5,33.79382047901737,0.41181137339156465,-0.911269111045334,0.04716876113119217,-0.9988869345293032,41.18212705170593,-444.39431605938455,5.0,-50.0,-0.023584380565596086,0.4994434672646516,-4.976514439469667,58.329555550320514,8.829000000000008,-9.882003526318073e-05,-9.824148392567622e-07,13.916679623612126,-30.795264746739765,0.023584380565596086,-0.4994434672646516,0.2805335801423753,0.0,0.0,13.940264004177722,-31.01417463386204
85.7999999999994,0.0,403.0,455.22510865692436,449.80691731062046,0.9456856594178055,PILOT_DESC_MINPAY_ACC,caténaire,,33.9345815276149,0.5,33.9345815276149,0.40253241639860615,-0.9154057317650459,0.047190848507621064,-0.9988858912894558,41.20803167143939,-444.4613570543114,5.0,-50.0,-0.023595424253810532,0.4994429456447279,-4.976501783337278,58.329556120164916,8.829000000000008,-9.720759108855503e-05,-9.341903606241431e-07,13.659769101786331,-31.06391043542693,0.023595424253810532,-0.4994429456447279,0.2805918703603142,0.0,0.0,13.683364526040142,-31.282761510711342
85.8999999999994,0.0,403.0,455.323382203472,449.78923761862285,0.982735465476822,PILOT_DESC_MINPAY_ACC,caténaire,,33.61745470494065,0.5,33.61745470494065,0.416066295836114,-0.9093342825766636,0.04720986532724205,-0.9988849926872382,41.23393625877032,-444.52839804954965,5.0,-50.0,-0.023604932663621025,0.4994424963436191,-4.976489333730981,58.3295566620166,8.829000000000008,-9.426639460130559e-05,-8.416397889732252e-07,13.987089854522997,-30.56950405617069,0.023604932663621025,-0.4994424963436191,0.2806524442559723,0.0,5.551115123125783e-17,14.010694787186619,-30.788294108258338
85.99999999999939,0.0,403.0,455.42502460316086,449.80613049466814,1.0164239968885629,PILOT_DESC_MINPAY_ACC,caténaire,,33.71397510953869,0.5,33.71397510953869,0.45278843093828924,-0.8916179881588538,0.047222631143073325,-0.9988843892603013,41.259840814679116,-444.5954390450684,5.0,-50.0,-0.023611315571536663,0.49944219463015066,-4.976477260825889,58.32955715015792,8.829000000000008,-8.857639742565482e-05,-6.552119415914603e-07,15.26529789054056,-30.059986660004558,0.023611315571536663,-0.49944219463015066,0.2807150946469421,0.0,0.0,15.288909206112097,-30.278713759987767
86.09999999999938,0.0,403.0,455.5297259514471,450.3982260330421,1.0,PILOT_DESC_MINPAY_ACC,caténaire,,33.77206058352589,0.5,33.77206058352589,0.48917911446415296,-0.8721833488275657,0.047236361276393184,-0.9988837400685657,41.285745341062444,-444.6624800408056,5.0,-50.0,-0.023618180638196592,0.49944187003428286,-4.97646591666469,58.32955753018608,8.829000000000008,-8.409730288683193e-05,-5.997796463930172e-07,16.52058668987892,-29.455428896547044,0.023618180638196592,-0.49944187003428286,0.2807796305141125,0.0,0.0,16.544204870517117,-29.674091136067215
86.19999999999938,0.0,403.0,455.6335133969011,450.7037025894196,1.037874454539963,PILOT_DESC_ACC,caténaire,,33.83776413799213,0.5,33.83776413799213,0.5215146317144849,-0.8532423389094714,0.047254387302920864,-0.9988828874701107,41.31164983941334,-444.72952103674265,5.0,-50.0,-0.023627193651460432,0.49944144373505533,-4.976455146163635,58.329557878067135,8.829000000000008,-8.233981509508936e-05,-6.781978143521883e-07,17.64688910246657,-28.87181301656744,0.023627193651460432,-0.49944144373505533,0.2808436030694176,0.0,-1.1102230246251565e-16,17.67051629611803,-29.090410857233078
86.29999999999937,0.0,403.0,455.73391146020714,449.89436865030456,1.003980633060661,PILOT_DESC_ACC,caténaire,,33.46860424588671,0.5,33.46860424588671,0.5424419863877846,-0.8400932635152327,0.04726964339073594,-0.998882165630017,41.337554310317635,-444.7965620329058,5.0,-50.0,-0.02363482169536797,0.4994410828150085,-4.976444600758309,58.3295582714487,8.829000000000008,-7.942245367686951e-05,-6.457362999867655e-07,18.15477616876543,-28.11674896622674,0.02363482169536797,-0.4994410828150085,0.28090548647573216,0.0,-5.551115123125783e-17,18.178410990460797,-28.335284562566017
86.39999999999937,0.0,403.0,455.8294622708608,449.69337316067464,0.9555081065368811,PILOT_DESC_ACC,caténaire,,33.01520473413716,0.5,33.01520473413716,0.5409897090859664,-0.8410292115396952,0.04728621696307093,-0.9988813811886381,41.363458754747775,-444.8636030292842,5.0,-50.0,-0.023643108481535464,0.49944069059431906,-4.9764344289932865,58.32955864603658,8.829000000000008,-7.753747482208695e-05,-6.633691072011061e-07,17.860886004534482,-27.766751606372985,0.023643108481535464,-0.49944069059431906,0.28096438213013675,0.0,0.0,17.88452911301602,-27.985227914837168
86.49999999999936,0.0,403.0,455.92001308151447,450.0864040376449,0.905508106536884,PILOT_DESC_ACC,caténaire,,33.496235978204766,0.5,33.496235978204766,0.5196888516620614,-0.8543556036324499,0.04729993013959331,-0.9988807319238817,41.38936317333209,-444.93064402588374,5.0,-50.0,-0.023649965069796657,0.49944036596194086,-4.976424498653182,58.32955903081262,8.829000000000008,-7.446372297792436e-05,-6.032254518117952e-07,17.40762041051466,-28.617696908574118,0.023649965069796657,-0.49944036596194086,0.28102019588214816,0.0,0.0,17.431270375584457,-28.83611707865391
86.59999999999935,0.0,403.0,456.00556389216814,450.0242219094139,0.8555081065368868,PILOT_DESC_ACC,caténaire,,33.46295302608952,0.5,33.46295302608952,0.48626610818538174,-0.8738107758721234,0.047318053960741215,-0.9988798735430443,41.41526756709517,-444.9976850226843,5.0,-50.0,-0.023659026980370607,0.49943993677152215,-4.976414961981427,58.32955938067196,8.829000000000008,-7.398896179733327e-05,-6.825565250778709e-07,16.271899936386795,-29.240288946699707,0.023659026980370607,-0.49943993677152215,0.2810729277317664,0.0,0.0,16.295558963367167,-29.458655955739463
86.69999999999935,0.0,403.0,456.0861147028218,449.62460114362335,0.8055081065368896,PILOT_DESC_ACC,caténaire,,33.51191658793106,0.5,33.51191658793106,0.45660695036719895,-0.8896685297774483,0.04733509189944222,-0.998879066291246,41.44117193619526,-445.06472601971245,5.0,-50.0,-0.02366754594972111,0.499439533145623,-4.976405486121412,58.3295597766253,8.829000000000008,-7.303207113373844e-05,-6.902290792254462e-07,15.30177403417515,-29.81449756080911,0.02366754594972111,-0.499439533145623,0.2811225776789915,0.0,0.0,15.32544158012487,-30.03281451627574
86.79999999999934,0.0,403.0,456.1616655134755,450.2533346593102,0.7555081065368925,PILOT_DESC_ACC,caténaire,,33.595801457283144,0.5,33.595801457283144,0.4432223192313256,-0.896411722220992,0.047358000808573386,-0.9988779804157338,41.467076280951325,-445.1317670169706,5.0,-50.0,-0.023679000404286693,0.4994389902078669,-4.976396132820086,58.32956017693086,8.829000000000008,-7.51332243726921e-05,-8.328612821628667e-07,14.890409038332184,-30.115670243717695,0.023679000404286693,-0.4994389902078669,0.28116914572382345,0.0,0.0,14.91408803873647,-30.33394008820174
86.89999999999934,0.0,403.0,456.2322163241292,451.2012523945821,0.7055081065368953,PILOT_DESC_ACC,caténaire,,33.507916334445596,0.5,33.507916334445596,0.4485290844581966,-0.8937682363986158,0.047382729910101375,-0.998876807672631,41.49298060066298,-445.1988080145064,5.0,-50.0,-0.023691364955050687,0.4994384038363155,-4.976386510431776,58.329560660027575,8.829000000000008,-7.787538682624273e-05,-9.361361179571759e-07,15.029275035590734,-29.94831128762981,0.023691364955050687,-0.4994384038363155,0.28121263186626216,0.0,0.0,15.052966400545785,-30.166537059599865
86.99999999999933,0.0,403.0,456.2977671347829,450.696895304648,0.6555081065368982,PILOT_DESC_ACC,caténaire,,33.394887783675756,0.5,33.394887783675756,0.46399496916058697,-0.8858378342527858,0.047389923879909285,-0.9988764663934457,41.518884894416175,-445.2658490123543,5.0,-50.0,-0.023694961939954642,0.49943823319672287,-4.976376536860887,58.329561203066255,8.829000000000008,-7.149880084167393e-05,-5.637370321665003e-07,15.495059927307896,-29.582455069406148,0.023694961939954642,-0.49943823319672287,0.2812530361063078,0.0,5.551115123125783e-17,15.51875488924785,-29.800640266496565
87.09999999999933,0.0,403.0,456.35831794543657,450.11306954672483,0.605508106536901,PILOT_DESC_ACC,caténaire,,33.79593233127141,0.5,33.79593233127141,0.4639014765254101,-0.8858867986811544,0.047421834527145885,-0.9988749519384696,41.544789164336436,-445.3328900103901,5.0,-50.0,-0.023710917263572943,0.4994374759692348,-4.976367379955045,58.32956153007644,8.829000000000008,-7.829721861796202e-05,-9.939543303971732e-07,15.677982909029652,-29.939370301394952,0.023710917263572943,-0.4994374759692348,0.2812903584439602,0.0,0.0,15.701693826293225,-30.157517418920225
87.19999999999932,0.0,403.0,456.41405536740126,450.17174693996634,0.5573742196468915,PILOT_DESC_ACC,caténaire,,33.4901093624242,0.5,33.4901093624242,0.45056767150755433,-0.8927422771395229,0.04744514136659081,-0.9988738451679994,41.570693408157624,-445.39993100875716,5.0,-50.0,-0.023722570683295405,0.4994369225839997,-4.976357352379582,58.32956210654812,8.829000000000008,-7.99230628771852e-05,-9.708678874176258e-07,15.089560593960817,-29.898036493862236,0.023722570683295405,-0.4994369225839997,0.2813247139027886,0.0,5.551115123125783e-17,15.113283164644113,-30.116148702543448
87.29999999999932,0.0,403.0,456.46538823183295,450.25345299772613,0.5133286443167787,PILOT_DESC_ACC,caténaire,,32.896332912130745,0.5,32.896332912130745,0.42262995439066386,-0.9063023345726001,0.04746726019041293,-0.9988727943086726,41.59659762533779,-445.46697200744785,5.0,-50.0,-0.023733630095206466,0.4994363971543363,-4.97634711659274,58.32956266966637,8.829000000000008,-8.074668794666451e-05,-9.331793009437206e-07,13.902975678273911,-29.814023317141555,0.023733630095206466,-0.4994363971543363,0.28135635447833673,0.0,-1.1102230246251565e-16,13.926709308369118,-30.032103359817555
87.39999999999931,0.0,403.0,456.5127062390859,450.3397825930159,0.47318007252930433,PILOT_DESC_ACC,caténaire,,33.01629197749127,0.5,33.01629197749127,0.40179231636787316,-0.9157308198961848,0.04749383091562538,-0.9988715312916661,41.6225018156024,-445.5340130064496,5.0,-50.0,-0.02374691545781269,0.49943576564583303,-4.976336775332613,58.32956321092462,8.829000000000008,-8.369079042580552e-05,-1.0234295544364613e-06,13.265692431514244,-30.23403612247991,0.02374691545781269,-0.49943576564583303,0.2813855203742953,0.0,0.0,13.289439346972056,-30.452086367751445
