t,x_bat,L0,L,L_seg,dL/dt,Explain,mode_câble,Scénario,Tbat,Trov,Tmax,U_bat_x,U_bat_y,U_rov_x,U_rov_y,x_rov,y_rov,Fx_rov,Fy_rov,Tr_cable_rov_x,Tr_cable_rov_y,Trainee_rov_x,Trainee_rov_y,Poids_app_rov,Sigma_f_rov_x,Sigma_f_rov_y,Tr_bat_cable_x,Tr_bat_cable_y,Tr_rov_cable_x,Tr_rov_cable_y,Poids_app_cable_y,Trainee_cable_x,Trainee_cable_y,Sigma_f_cable_x,Sigma_f_cable_y
0.1,0.0,453.0,453.0,452.963973274675,0.0,HISTORY_LT2,caténaire,,0.007603658940774023,0.28514153148691157,0.28514153148691157,0.0017305634420111205,-0.9999985025739653,0.04207423923763377,-0.9991144871297656,29.999998000938575,-450.0014211039268,0.0,0.0,-0.0119971130123656,0.28488903499094154,1.1860738763725837e-07,0.104409991595311,8.829000000000008,-0.011996994404977963,-8.439700973413755,1.3158614188424523e-05,-0.007603647554857166,0.0119971130123656,-0.28488903499094154,0.2792203568213458,0.0,0.0,0.012010271626554025,-0.01327232572445286
0.2,0.0,453.0,453.0,452.80010479585553,0.0,PILOT_ASC_HOLD_ACC,caténaire,,0.007603658940774023,0.28514153148691157,0.28514153148691157,0.14750678066647596,-0.9890610444544927,0.042092954452223975,-0.9991136988278577,29.99999200153171,-450.0056498937558,0.0,0.0,-0.012002449497315958,0.2848888102133283,2.669232184644034e-07,0.23208120583377434,8.829000000000008,-0.012002182574097494,-8.312029983952906,0.0011215912516394427,-0.007520482853637697,0.012002449497315958,-0.2848888102133283,0.2792203568213458,0.0,0.0,0.013124040748955401,-0.013188936245620175
0.30000000000000004,0.0,453.0,453.0,453.5847829795453,0.0,PILOT_ASC_HOLD_ACC,caténaire,,0.007603658940774023,0.28514153148691157,0.28514153148691157,-0.06261828519273395,-0.9980375495739233,0.042103504339954335,-0.9991132543021815,29.99998200146223,-450.01258608822525,0.0,0.0,-0.012005457708460407,0.28488868346059615,7.416103053157541e-07,0.624381880874483,8.829000000000008,-0.012004716098155092,-7.919729435664928,-0.0004761280840616691,-0.0075887371370459596,0.012005457708460407,-0.28488868346059615,0.2792203568213458,0.0,0.0,0.011529329624398739,-0.013257063776296263
0.4,0.0,453.0,453.0,453.2081291123905,0.0,PILOT_ASC_HOLD_ACC,caténaire,,0.007603658940774023,0.28514153148691157,0.28514153148691157,0.14951364158609154,-0.9887596629007809,0.04198326275153565,-0.9991183141393892,29.999967998516343,-450.02207285669266,0.0,0.0,-0.011971171837790283,0.28489012623032667,1.4541477715888968e-06,1.1680041143345243,8.829000000000008,-0.011969717690018694,-7.3761057594351565,0.0011368507376137678,-0.007518191251092232,0.011971171837790283,-0.28489012623032667,0.2792203568213458,0.0,0.0,0.013108022575404051,-0.01318796066007305
0.5,0.0,453.0,453.0,452.72748097705534,0.0,PILOT_ASC_HOLD_ACC,caténaire,,0.007603658940774023,0.28514153148691157,0.28514153148691157,0.20820467223636452,-0.9780852797476035,0.04198668785212556,-0.9991181702097146,29.99995000101347,-450.03391022858546,0.0,0.0,-0.011972148476217987,0.2848900851899988,2.4021173732393673e-06,1.8185211390552747,8.829000000000008,-0.011969746358844747,-6.725588775754734,0.001583117317560958,-0.007437026882192327,0.011972148476217987,-0.2848900851899988,0.2792203568213458,0.0,0.0,0.013555265793778946,-0.013106755250845314
0.6,0.0,453.0,453.0,452.85533104747554,0.0,PILOT_ASC_HOLD_ACC,caténaire,,0.007603658940774023,0.28514153148691157,0.28514153148691157,0.2120362842917375,-0.9772617940673592,0.04203220620099397,-0.9991162563194922,29.999928013894767,-450.0478704271202,0.0,0.0,-0.011985127647925082,0.2848895394604097,3.5851420119450044e-06,2.5292453435301216,8.829000000000008,-0.011981542505913137,-6.014865117009476,0.0016122515888233723,-0.007430765377937138,0.011985127647925082,-0.2848895394604097,0.2792203568213458,0.0,0.0,0.013597379236748454,-0.013099948017000984
0.7,0.0,453.0,453.0,453.40632310270405,0.0,PILOT_ASC_HOLD_ACC,caténaire,,0.007603658940774023,0.28514153148691157,0.28514153148691157,0.20054785566857453,-0.9796839069754778,0.04208456966394043,-0.999114052046212,29.99990203344126,-450.0637129098126,0.0,0.0,-0.012000058645943595,0.28488891093055074,5.0056810804614705e-06,3.257273698490716,8.829000000000008,-0.011995052964863133,-5.286837390578741,0.001524897495807415,-0.007449182298406518,0.012000058645943595,-0.28488891093055074,0.2792203568213458,0.0,0.0,0.01352495614175101,-0.013117736407611436
0.7999999999999999,0.0,453.0,453.0,452.6477685439792,0.0,PILOT_ASC_HOLD_ACC,caténaire,,0.007603658940774023,0.28514153148691157,0.28514153148691157,0.20688923467651962,-0.9783643720899509,0.04216055843718212,-0.9991108483608138,29.99987205451555,-450.08119742911475,0.0,0.0,-0.01202172620112154,0.2848879974267899,6.665026077506073e-06,3.967483812829507,8.829000000000008,-0.012015061175044034,-4.576628189743711,0.0015731151789980134,-0.007439149005176518,0.01202172620112154,-0.2848879974267899,0.2792203568213458,0.0,0.0,0.013594841380119554,-0.013106789610620562
0.8999999999999999,0.0,453.0,453.0,452.7376603494591,0.0,PILOT_ASC_HOLD_ACC,caténaire,,0.007603658940774023,0.28514153148691157,0.28514153148691157,0.18043336618759298,-0.983587210351077,0.04228645959584934,-0.9991055276270113,29.999838070465525,-450.1000941630017,0.0,0.0,-0.012057625850319888,0.28488648026460484,8.564854505076037e-06,4.6342692665883405,8.829000000000008,-0.012049060995814813,-3.909844253147062,0.0013719537780262447,-0.007478861686016946,0.012057625850319888,-0.28488648026460484,0.2792203568213458,0.0,0.0,0.013429579628346133,-0.013144985129275977
0.9999999999999999,0.0,453.0,453.0,453.26219589426825,0.0,PILOT_ASC_HOLD_ACC,caténaire,,0.007603658940774023,0.28514153148691157,0.28514153148691157,0.17628718271808141,-0.9843387776621023,0.042373013576715975,-0.9991018605329626,29.99980007221716,-450.1201906608493,0.0,0.0,-0.01208230598498049,0.2848854346237917,1.0707716774074557e-05,5.241414811629959,8.829000000000008,-0.012071598268206415,-3.302699753746257,0.0013404276130182036,-0.007484576347521018,0.01208230598498049,-0.2848854346237917,0.2792203568213458,0.0,0.0,0.013422733597998693,-0.013149654149966883
1.0999999999999999,0.0,453.0,453.0,452.5489824684114,0.0,PILOT_ASC_HOLD_ACC,caténaire,,0.007603658940774023,0.28514153148691157,0.28514153148691157,0.17405965733993178,-0.9847351094008507,0.04246689192966325,-0.9990978746298254,29.999758051559375,-450.1412958602169,0.0,0.0,-0.012109074602313344,0.2848842980772668,1.3094695807068965e-05,5.780783276833734,8.829000000000008,-0.012095979906506276,-2.763332425089007,0.001323490269760835,-0.007487589918889865,0.012109074602313344,-0.2848842980772668,0.2792203568213458,0.0,0.0,0.01343256487207418,-0.013151531174810827
1.2,0.0,453.0,453.0,453.41779202617136,0.0,PILOT_ASC_HOLD_ACC,caténaire,,0.007603658940774023,0.28514153148691157,0.28514153148691157,0.1771362437084487,-0.9841863396556878,0.04252827672871967,-0.9990952635652346,29.999712001197636,-450.1632417143536,0.0,0.0,-0.012126577957926309,0.28488355355431055,1.5726635213621444e-05,6.250471027943345,8.829000000000008,-0.012110851322712687,-2.2936454185023525,0.0013468835832088721,-0.00748341726091063,0.012126577957926309,-0.28488355355431055,0.2792203568213458,0.0,0.0,0.013473461541135181,-0.013146613993875345
1.3,0.0,453.0,453.0,453.1910846952031,0.0,PILOT_ASC_HOLD_ACC,caténaire,,0.007603658940774023,0.28514153148691157,0.28514153148691157,0.1942296545261082,-0.980956085307935,0.0425883383185576,-0.9990927051276393,29.999661914990753,-450.1858830608995,0.0,0.0,-0.012143704011636235,0.28488282403749643,1.8603986137593877e-05,6.6529195817493445,8.829000000000008,-0.012125100025498641,-1.8911975942131667,0.0014768560492008922,-0.007458855508558365,0.012143704011636235,-0.28488282403749643,0.2792203568213458,0.0,0.0,0.013620560060837127,-0.01312132272470895
1.4000000000000001,0.0,453.0,453.0,452.837099593784,0.0,PILOT_ASC_HOLD_ACC,caténaire,,0.007603658940774023,0.28514153148691157,0.28514153148691157,0.20170135198145772,-0.9794470708562317,0.04267342595530325,-0.9990890744659544,29.999607787337318,-450.2090963251037,0.0,0.0,-0.01216796603068849,0.28488178878506326,2.1727418057015665e-05,6.993268431195536,8.829000000000008,-0.012146238612631475,-1.5508497800194085,0.0015336682883600192,-0.007447381477330915,0.01216796603068849,-0.28488178878506326,0.2792203568213458,0.0,0.0,0.01370163431904851,-0.013108813441048361
1.5000000000000002,0.0,453.0,453.0,452.68610325215116,0.0,PILOT_ASC_HOLD_ACC,caténaire,,0.007603658940774023,0.28514153148691157,0.28514153148691157,0.19903854482046923,-0.9799916620439942,0.04278620343050774,-0.9990842510999776,29.999549611699358,-450.23277754772874,0.0,0.0,-0.012200123572685528,0.2848804134431017,2.509874638307462e-05,7.278066358508997,8.829000000000008,-0.012175024826302453,-1.2660532280479098,0.001513421210882812,-0.007451522362984812,0.012200123572685528,-0.2848804134431017,0.2792203568213458,0.0,0.0,0.01371354478356834,-0.01311157898474069
1.6000000000000003,0.0,453.0,453.0,452.6333076466363,0.0,PILOT_ASC_HOLD_ACC,caténaire,,0.007603658940774023,0.28514153148691157,0.28514153148691157,0.2047980913618509,-0.9788042407828763,0.04294468686197286,-0.9990774513871921,29.999487377923533,-450.2568401052905,0.0,0.0,-0.01224531378104879,0.2848784745625844,2.872248580122149e-05,7.514348646489813,8.829000000000008,-0.012216591295247568,-1.0297728789476102,0.0015572148384369927,-0.007442493616696247,0.01224531378104879,-0.2848784745625844,0.2792203568213458,0.0,0.0,0.013802528619485784,-0.013100611357934833
1.7000000000000004,0.0,453.0,453.0,452.90642555215516,0.0,PILOT_ASC_HOLD_ACC,caténaire,,0.007603658940774023,0.28514153148691157,0.28514153148691157,0.2039840334624584,-0.9789742152336733,0.043057008744756195,-0.9990726169793435,29.999421073843262,-450.28121237566944,0.0,0.0,-0.012277341414725125,0.28487709607212663,3.26024495449315e-05,7.709030158114306,8.829000000000008,-0.012244738965180193,-0.8350927458135748,0.0015510250198119693,-0.007443786044448753,0.012277341414725125,-0.28487709607212663,0.2792203568213458,0.0,0.0,0.013828366434537094,-0.013100525295229537
1.8000000000000005,0.0,453.0,453.0,452.96846378276604,0.0,PILOT_ASC_HOLD_ACC,caténaire,,0.007603658940774023,0.28514153148691157,0.28514153148691157,0.19878175818012905,-0.9800437809683896,0.04313836030158568,-0.9990691076549661,29.999350690241574,-450.3058355086865,0.0,0.0,-0.01230053812222833,0.2848760954179992,3.673776188305593e-05,7.868544263552483,8.829000000000008,-0.012263800360345275,-0.6755796410295254,0.001511468692849118,-0.007451918657510274,0.01230053812222833,-0.2848760954179992,0.2792203568213458,0.0,0.0,0.013812006815077448,-0.01310765725416363
1.9000000000000006,0.0,453.0,453.0,453.0115934019296,0.0,PILOT_ASC_HOLD_ACC,caténaire,,0.007603658940774023,0.28514153148691157,0.28514153148691157,0.18754386813769403,-0.9822562280402967,0.043243145432406385,-0.9990645776790966,29.999276219932145,-450.3306613913442,0.0,0.0,-0.012330416714907602,0.28487480373374213,4.112785293088049e-05,7.998658708642772,8.829000000000008,-0.012289288861976722,-0.5454664876234929,0.0014260196097525216,-0.007468741350469569,0.012330416714907602,-0.28487480373374213,0.2792203568213458,0.0,0.0,0.013756436324660124,-0.013123188262865848
2.0000000000000004,0.0,453.0,453.0,452.83134265724306,0.0,PILOT_ASC_HOLD_ACC,caténaire,,0.007603658940774023,0.28514153148691157,0.28514153148691157,0.1869289610815459,-0.98237343383714,0.04333120653706763,-0.9990607621861854,29.99919765568192,-450.35565084795473,0.0,0.0,-0.012355526593155138,0.28487371577825005,4.577408392035612e-05,8.104409837235904,8.829000000000008,-0.012309752509234781,-0.43971644698585344,0.001421344066217296,-0.007469632543374648,0.012355526593155138,-0.28487371577825005,0.2792203568213458,0.0,0.0,0.013776870659372433,-0.013122991500278847
2.1000000000000005,0.0,453.0,453.0,453.4080598869542,0.0,PILOT_ASC_HOLD_ACC,caténaire,,0.007603658940774023,0.28514153148691157,0.28514153148691157,0.18277951241302498,-0.983153929881815,0.043489374560221915,-0.9990538895877243,29.999114989511742,-450.38077208380173,0.0,0.0,-0.012400626865509608,0.2848717561149996,5.067868725280744e-05,8.19011069345435,8.829000000000008,-0.012349948178256801,-0.3540175504306582,0.001389793073749614,-0.00747556716910298,0.012400626865509608,-0.2848717561149996,0.2792203568213458,0.0,0.0,0.013790419939259222,-0.01312696646275674
2.2000000000000006,0.0,453.0,453.0,453.13449794995046,0.0,PILOT_ASC_HOLD_ACC,caténaire,,0.007603658940774023,0.28514153148691157,0.28514153148691157,0.18439461034277121,-0.9828522918915832,0.0436396092413617,-0.9990473384706358,29.99902820775353,-450.4059993622031,0.0,0.0,-0.012443465012572253,0.28486988811944,5.585044151052301e-05,8.259401339354435,8.829000000000008,-0.01238761457106173,-0.28472877252613316,0.0014020737275633544,-0.007473273616701677,0.012443465012572253,-0.28486988811944,0.2792203568213458,0.0,0.0,0.013845538740135607,-0.013122804914795838
2.3000000000000007,0.0,453.0,453.0,453.37823625833903,0.0,PILOT_ASC_HOLD_ACC,caténaire,,0.007603658940774023,0.28514153148691157,0.28514153148691157,0.19017358637938253,-0.9817504810508643,0.04374209411982486,-0.999042856539204,29.998937298270167,-450.4313118937821,0.0,0.0,-0.01247268770777149,0.28486861013464754,6.12897853682575e-05,8.315319380586562,8.829000000000008,-0.012411397922403233,-0.22881200927879775,0.0014460150903726529,-0.007464895822851602,0.01247268770777149,-0.28486861013464754,0.2792203568213458,0.0,0.0,0.013918702798144143,-0.013113149136153301
2.400000000000001,0.0,453.0,453.0,453.3528340237583,0.0,PILOT_ASC_HOLD_ACC,caténaire,,0.007603658940774023,0.28514153148691157,0.28514153148691157,0.1922373530096178,-0.9813484600832955,0.043819397462550744,-0.9990394688930058,29.998842253126575,-450.45669291368,0.0,0.0,-0.012494730101305406,0.2848676441760224,6.699302424016759e-05,8.360377907989909,8.829000000000008,-0.012427737077065239,-0.18375444783407602,0.0014617072679623125,-0.007461838992527169,0.012494730101305406,-0.2848676441760224,0.2792203568213458,0.0,0.0,0.01395643736926772,-0.013109126347203737
2.500000000000001,0.0,453.0,453.0,453.14855725501644,0.0,PILOT_ASC_HOLD_ACC,caténaire,,0.007603658940774023,0.28514153148691157,0.28514153148691157,0.19671699675085005,-0.980460311888924,0.043959531614819955,-0.9990333125477877,29.998743066324955,-450.4821289208378,0.0,0.0,-0.01253468816809707,0.2848658887463186,7.295876830135989e-05,8.396642191584272,8.829000000000008,-0.01246172939979571,-0.14749191966941666,0.0014957689511468154,-0.0074550858165683045,0.01253468816809707,-0.2848658887463186,0.2792203568213458,0.0,0.0,0.014030457119243885,-0.013100617741541032
2.600000000000001,0.0,453.0,453.0,453.07260745975725,0.0,PILOT_ASC_HOLD_ACC,caténaire,,0.007603658940774023,0.28514153148691157,0.28514153148691157,0.17909996327110358,-0.9838308813796655,0.04414634510693976,-0.9990250748673424,29.99863972718757,-450.50760905465705,0.0,0.0,-0.012587956453342528,0.2848635398415005,7.919529577297324e-05,8.425800633986878,8.829000000000008,-0.012508761157569555,-0.11833582617162897,0.001361815037018626,-0.007480714477412081,0.012587956453342528,-0.2848635398415005,0.2792203568213458,0.0,0.0,0.013949771490361154,-0.013123897497566706
2.700000000000001,0.0,453.0,453.0,453.35907303088595,0.0,PILOT_ASC_HOLD_ACC,caténaire,,0.007603658940774023,0.28514153148691157,0.28514153148691157,0.15994108628138087,-0.9871265617534217,0.04430315899605028,-0.9990181330201021,29.99853222069997,-450.5331245862209,0.0,0.0,-0.01263267060584192,0.28486156043254707,8.571149439850126e-05,8.449227631078294,8.829000000000008,-0.012546959111443419,-0.09491080848916589,0.001216137470700531,-0.007505773706951926,0.01263267060584192,-0.28486156043254707,0.2792203568213458,0.0,0.0,0.013848808076542452,-0.013146977318153175
2.800000000000001,0.0,453.0,453.0,453.16711527842597,0.0,PILOT_ASC_HOLD_ACC,caténaire,,0.007603658940774023,0.28514153148691157,0.28514153148691157,0.15682145270452016,-0.9876269700507596,0.044387024627423874,-0.9990144103288623,29.998420534752736,-450.5586685045425,0.0,0.0,-0.012656584180410903,0.28486049893866566,9.250533600603346e-05,8.468038103078314,8.829000000000008,-0.01256407884440487,-0.0761013979830274,0.0011924168409618954,-0.0075095786409760164,0.012656584180410903,-0.28486049893866566,0.2792203568213458,0.0,0.0,0.013849001021372799,-0.013149720758295846
2.9000000000000012,0.0,453.0,453.0,452.5811503142476,0.0,PILOT_ASC_HOLD_ACC,caténaire,,0.007603658940774023,0.28514153148691157,0.28514153148691157,0.17005944719805216,-0.9854338051937801,0.04448443137901911,-0.9990100777093719,29.998304662325694,-450.5842351815123,0.0,0.0,-0.012684358890737935,0.28485926352890883,9.957032588891368e-05,8.483134217277081,8.829000000000008,-0.012584788564849021,-0.06100651919401834,0.0012930740361505571,-0.007492902563402653,0.012684358890737935,-0.28485926352890883,0.2792203568213458,0.0,0.0,0.013977432926888491,-0.013131809270965633
3.0000000000000013,0.0,453.0,453.0,453.05125454889634,0.0,PILOT_ASC_HOLD_ACC,caténaire,,0.007603658940774023,0.28514153148691157,0.28514153148691157,0.17295955957814163,-0.9849289267508268,0.0446949843995616,-0.9990006798643947,29.99818459488613,-450.6098201013875,0.0,0.0,-0.012744396301474616,0.28485658381299933,0.00010691046536235548,8.495244686514974,8.829000000000008,-0.01263748583611226,-0.048898729672034236,0.0013151255015786739,-0.007489063639915887,0.012744396301474616,-0.28485658381299933,0.2792203568213458,0.0,0.0,0.014059521803053289,-0.013125290631569364
3.1000000000000014,0.0,453.0,453.0,452.7673799055485,0.0,PILOT_ASC_HOLD_ACC,caténaire,,0.007603658940774023,0.28514153148691157,0.28514153148691157,0.19668237797510799,-0.9804672570739201,0.04488234695964069,-0.9989922797156113,29.998060317071854,-450.63541964246303,0.0,0.0,-0.012797821148798875,0.2848541885817106,0.00011453993549904338,8.504957139523748,8.829000000000008,-0.012683281213299832,-0.03918867189454822,0.0014955057217831257,-0.007455138625386295,0.012797821148798875,-0.2848541885817106,0.2792203568213458,0.0,0.0,0.014293326870582001,-0.01308897038575102
3.2000000000000015,0.0,453.0,453.0,453.0607216576303,0.0,PILOT_ASC_HOLD_ACC,caténaire,,0.007603658940774023,0.28514153148691157,0.28514153148691157,0.17993225835588317,-0.9836790037420498,0.044979194973060445,-0.9989879238607318,29.997931814492226,-450.66103090064007,0.0,0.0,-0.01282543653966685,0.2848529465465793,0.0001224597625929681,8.512744486341719,8.829000000000008,-0.012702976777073882,-0.03140256711171041,0.0013681435249813724,-0.00747955965165492,0.01282543653966685,-0.2848529465465793,0.2792203568213458,0.0,0.0,0.014193580064648223,-0.013112149376888371
3.3000000000000016,0.0,453.0,453.0,452.83099689020975,0.0,PILOT_ASC_HOLD_ACC,caténaire,,0.007603658940774023,0.28514153148691157,0.28514153148691157,0.16489705144945774,-0.986310783892823,0.04509179838429831,-0.9989828475596915,29.997799079010825,-450.68665154756604,0.0,0.0,-0.012857544448797865,0.2848514990823263,0.0001306603386965833,8.518986949693423,8.829000000000008,-0.012726884110101281,-0.025161551224258005,0.0012538209395609435,-0.007499570810328499,0.012857544448797865,-0.2848514990823263,0.2792203568213458,0.0,0.0,0.01411136538835881,-0.013130713071308975
3.4000000000000017,0.0,453.0,453.0,453.6060800231795,0.0,PILOT_ASC_HOLD_ACC,caténaire,,0.007603658940774023,0.28514153148691157,0.28514153148691157,0.158140126522581,-0.987416680223411,0.045313860607000114,-0.9989727994479576,29.997662101477385,-450.71227971708646,0.0,0.0,-0.012920863611064445,0.284848633948358,0.00013914525605341393,8.523990280968425,8.829000000000008,-0.012781718355011032,-0.020161085083223895,0.0012024435869285581,-0.007507979668850143,0.012920863611064445,-0.284848633948358,0.2792203568213458,0.0,0.0,0.014123307197993004,-0.013136256795862333
3.5000000000000018,0.0,453.0,453.0,453.28288378038735,0.0,PILOT_ASC_HOLD_ACC,caténaire,,0.007603658940774023,0.28514153148691157,0.28514153148691157,0.1747191153136862,-0.9846183172905137,0.045505688790762305,-0.998964079578279,29.997520865358787,-450.73791391397725,0.0,0.0,-0.01297556179316475,0.2848461475513635,0.0001479317071136335,8.528000187961252,8.829000000000008,-0.012827630086051115,-0.016153664487392305,0.0013285045632790377,-0.007486701871515889,0.01297556179316475,-0.2848461475513635,0.2792203568213458,0.0,0.0,0.014304066356443787,-0.013112492601533576
3.600000000000002,0.0,453.0,453.0,453.4309888932275,0.0,PILOT_ASC_HOLD_ACC,caténaire,,0.007603658940774023,0.28514153148691157,0.28514153148691157,0.17260949808933726,-0.9849903355715461,0.04559786933657287,-0.9989598762272511,29.99737535630277,-450.7635529400213,0.0,0.0,-0.013001846295170474,0.284844949001414,0.0001570181180032812,8.531213621911267,8.829000000000008,-0.012844828177167193,-0.012941429087327094,0.0013124637534095058,-0.007489530571644592,0.013001846295170474,-0.284844949001414,0.2792203568213458,0.0,0.0,0.01431431004857998,-0.013114122751712753
3.700000000000002,0.0,453.0,453.0,452.8740005525741,0.0,PILOT_ASC_HOLD_ACC,caténaire,,0.007603658940774023,0.28514153148691157,0.28514153148691157,0.16801680223259705,-0.9857841316269665,0.04575205620215101,-0.9989528263903532,29.997225567072892,-450.78919583489863,0.0,0.0,-0.01304581137415659,0.28484293880012423,0.00016639140807799433,8.533788472683366,8.829000000000008,-0.012879419966078595,-0.010368588516517008,0.0012775424604961473,-0.0074955663261185405,0.01304581137415659,-0.28484293880012423,0.2792203568213458,0.0,0.0,0.014323353834652738,-0.013118148304896937
3.800000000000002,0.0,453.0,453.0,453.4367098046737,0.0,PILOT_ASC_HOLD_ACC,caténaire,,0.007603658940774023,0.28514153148691157,0.28514153148691157,0.1481011462669523,-0.9889722192632181,0.0460116693149967,-0.9989409022994541,29.997071485477374,-450.8148418294545,0.0,0.0,-0.013119837854747494,0.28483953874658363,0.00017606427998204008,8.53585170306963,8.829000000000008,-0.012943773574765454,-0.008308758183794396,0.0011261106049515932,-0.007519807457177896,0.013119837854747494,-0.28483953874658363,0.2792203568213458,0.0,0.0,0.014245948459699087,-0.0131389893824157
3.900000000000002,0.0,453.0,453.0,453.41360522457524,0.0,PILOT_ASC_HOLD_ACC,caténaire,,0.007603658940774023,0.28514153148691157,0.28514153148691157,0.1554476781233727,-0.987844127059554,0.0461489081025987,-0.998934571571601,29.99691309325913,-450.84049030775503,0.0,0.0,-0.013158970332823736,0.2848377335931482,0.00018605331103552667,8.537505131061497,8.829000000000008,-0.012972917021788209,-0.006657135345362164,0.0011819711275853455,-0.007511229828807488,0.013158970332823736,-0.2848377335931482,0.2792203568213458,0.0,0.0,0.014340941460409082,-0.013128606600609827
4.000000000000002,0.0,453.0,453.0,453.21526030705286,0.0,PILOT_ASC_HOLD_ACC,caténaire,,0.007603658940774023,0.28514153148691157,0.28514153148691157,0.1869367285154589,-0.9823719557947171,0.04625712475543471,-0.9989295662905169,29.996750379144043,-450.86614077610324,0.0,0.0,-0.013189827394945784,0.28483630637963436,0.00019634515017457298,8.538830020685916,8.829000000000008,-0.012993482244771211,-0.005333672934456857,0.0014214031271356153,-0.007469621304844165,0.013189827394945784,-0.28483630637963436,0.2792203568213458,0.0,0.0,0.014611230522081398,-0.013085570863132723
4.100000000000001,0.0,453.0,453.0,453.2613224139391,0.0,PILOT_ASC_HOLD_ACC,caténaire,,0.007603658940774023,0.28514153148691157,0.28514153148691157,0.13829782258192097,-0.9903906866833411,0.04653433201825214,-0.9989166911928217,29.996583333935465,-450.89179283895953,0.0,0.0,-0.01326887069840484,0.2848326351545595,0.00020693681827191362,8.539891650950041,8.829000000000008,-0.013061933880132926,-0.0042757138954065965,0.001051569475164603,-0.007530592999659111,0.01326887069840484,-0.2848326351545595,0.2792203568213458,0.0,0.0,0.014320440173569442,-0.013142871332872785
4.200000000000001,0.0,453.0,453.0,453.1818192106699,0.0,PILOT_ASC_HOLD_ACC,caténaire,,0.007603658940774023,0.28514153148691157,0.28514153148691157,0.19915311483376402,-0.9799683856390519,0.04672000715378365,-0.998908024260267,29.996411938610617,-450.91744617990446,0.0,0.0,-0.013321814390909336,0.28483016385213755,0.0002178550663290862,8.540742655441102,8.829000000000008,-0.01310395932458025,-0.003427180706768951,0.0015142923621887456,-0.0074513453771402624,0.013321814390909336,-0.28483016385213755,0.2792203568213458,0.0,0.0,0.014836106753098082,-0.013061152407931986
4.300000000000001,0.0,453.0,453.0,453.45485577121866,0.0,PILOT_ASC_HOLD_ACC,caténaire,,0.007603658940774023,0.28514153148691157,0.28514153148691157,0.12035293378020095,-0.9927311677037739,0.046826952769966554,-0.9989030165608068,29.996236178303604,-450.9431005453056,0.0,0.0,-0.01335230902769354,0.28482873594904423,0.00022909273982467783,8.541424811536059,8.829000000000008,-0.013123216287868862,-0.0027464525149039076,0.0009151226609862089,-0.007548389219095836,0.01335230902769354,-0.28482873594904423,0.2792203568213458,0.0,0.0,0.01426743168867975,-0.013156768346794245
4.4,0.0,453.0,453.0,453.7808827341195,0.0,PILOT_ASC_HOLD_ACC,caténaire,,0.007603658940774023,0.28514153148691157,0.28514153148691157,0.21177678696291455,-0.9773180610751365,0.047107244864333805,-0.998889837510269,29.99605604402631,-450.96875573178227,0.0,0.0,-0.01343223194474509,0.2848249780543904,0.00024063702186068165,8.541971561944875,8.829000000000008,-0.013191594922884409,-0.002203460000743007,0.0016102784596389607,-0.0074311932130738945,0.01343223194474509,-0.2848249780543904,0.2792203568213458,0.0,0.0,0.01504251040438405,-0.013035814446118454
4.5,0.0,453.0,453.0,453.34097245606387,0.0,PILOT_ASC_HOLD_ACC,caténaire,,0.007603658940774023,0.28514153148691157,0.28514153148691157,0.143665786084094,-0.9896262637525539,0.047319081927116056,-0.9988798248466003,29.99587151633094,-450.99441157688426,0.0,0.0,-0.013492635489252511,0.2848221230281376,0.00025251828818161976,8.542410150134033,8.829000000000008,-0.013240117201070892,-0.0017677268378371025,0.0010923856388416495,-0.007524780588406898,0.013492635489252511,-0.2848221230281376,0.2792203568213458,0.0,0.0,0.01458502112809416,-0.013126546795198646
4.6,0.0,453.0,453.0,453.1451148193616,0.0,PILOT_ASC_HOLD_ACC,caténaire,,0.007603658940774023,0.28514153148691157,0.28514153148691157,0.15115267101656849,-0.9885104299118734,0.047429132813721936,-0.9988746054237931,29.995682578713964,-451.0200679503624,0.0,0.0,-0.013524015567600804,0.2848206347539249,0.0002647320897722941,8.542762011629048,8.829000000000008,-0.01325928347782851,-0.0014173536170343226,0.0011493133583970055,-0.00751629616844779,0.013524015567600804,-0.2848206347539249,0.2792203568213458,0.0,0.0,0.014673328925997809,-0.013116574101026846
4.699999999999999,0.0,453.0,453.0,453.1626262898716,0.0,PILOT_ASC_HOLD_ACC,caténaire,,0.007603658940774023,0.28514153148691157,0.28514153148691157,0.1931280460634461,-0.9811735615189167,0.047744149007076034,-0.9988595978592738,29.995489220843638,-451.04572474765394,0.0,0.0,-0.01361383976741697,0.284816355473994,0.00027726396478382285,8.543044246943241,8.829000000000008,-0.013336575802633147,-0.0011393975827722613,0.0014684797941645394,-0.007460509123494402,0.01361383976741697,-0.284816355473994,0.2792203568213458,0.0,0.0,0.015082319561581509,-0.013056507776142534
4.799999999999999,0.0,453.0,453.0,453.08034694888875,0.0,PILOT_ASC_HOLD_ACC,caténaire,,0.007603658940774023,0.28514153148691157,0.28514153148691157,0.1405901313070186,-0.9900678840256739,0.04792245791466815,-0.9988510589809757,29.99529142202311,-451.0713818854601,0.0,0.0,-0.013664683042405543,0.2848139206851589,0.00029014635314586365,8.543271013399819,8.829000000000008,-0.01337453668925968,-0.0009150659150307661,0.001068999408897206,-0.007528138518345034,0.013664683042405543,-0.2848139206851589,0.2792203568213458,0.0,0.0,0.014733682451302748,-0.013121702382158096
4.899999999999999,0.0,453.0,453.0,453.02053373995255,0.0,PILOT_ASC_HOLD_ACC,caténaire,,0.007603658940774023,0.28514153148691157,0.28514153148691157,0.16875570487541605,-0.9856579082379452,0.048106296621162864,-0.9988422218876197,29.99508916746718,-451.09703929680495,0.0,0.0,-0.013717103092722019,0.2848114008628254,0.00030336561040495845,8.543453179303674,8.829000000000008,-0.01341373748231706,-0.000735419833508999,0.0012831608241825796,-0.007494606566518074,0.013717103092722019,-0.2848114008628254,0.2792203568213458,0.0,0.0,0.015000263916904599,-0.013085650607997656
4.999999999999998,0.0,453.0,453.0,453.1620430742387,0.0,PILOT_ASC_HOLD_ACC,caténaire,,0.007603658940774023,0.28514153148691157,0.28514153148691157,0.1716914694021065,-0.9851507698492377,0.048444087457238584,-0.99882589593504,29.99488244319599,-451.1226969280404,0.0,0.0,-0.013813421289042893,0.28480674565570385,0.0003169221986045712,8.543599619090852,8.829000000000008,-0.013496499090438322,-0.0005936352534519074,0.0013054833763739566,-0.007490750459174568,0.013813421289042893,-0.28480674565570385,0.2792203568213458,0.0,0.0,0.015118904665416849,-0.013077139293532603
5.099999999999998,0.0,453.0,453.0,453.36466962554323,0.0,PILOT_ASC_HOLD_ACC,caténaire,,0.007603658940774023,0.28514153148691157,0.28514153148691157,0.1469400760810427,-0.9891453958045285,0.04855278681731076,-0.9988206179751562,29.994671226917646,-451.148354736551,0.0,0.0,-0.013844415991045522,0.28480524069013946,0.000330844937219579,8.543717679359483,8.829000000000008,-0.013513571053825944,-0.00047707995038415163,0.0011172822232516355,-0.007521124232534563,0.013844415991045522,-0.28480524069013946,0.2792203568213458,0.0,0.0,0.014961698214297157,-0.01310600810132817
5.1999999999999975,0.0,453.0,453.0,453.0001871851416,0.0,PILOT_ASC_HOLD_ACC,caténaire,,0.007603658940774023,0.28514153148691157,0.28514153148691157,0.19421690760411148,-0.9809586091169678,0.04888613964834858,-0.9988043578951197,29.99445550626103,-451.174012687786,0.0,0.0,-0.013939468727813143,0.2848006042660158,0.00034510653893930375,8.543812730329156,8.829000000000008,-0.013594362188873839,-0.0003866654048358953,0.0014767591259534846,-0.007458874698741482,0.013939468727813143,-0.2848006042660158,0.2792203568213458,0.0,0.0,0.015416227853766628,-0.013039122143411408
5.299999999999997,0.0,453.0,453.0,452.8866631701305,0.0,PILOT_ASC_HOLD_ACC,caténaire,,0.007603658940774023,0.28514153148691157,0.28514153148691157,0.1332899714151665,-0.9910770825320017,0.0490974388204764,-0.9987939935248257,29.99423525961432,-451.1996707544979,0.0,0.0,-0.013999718897355587,0.2847976489535972,0.0003597396692265406,8.543889635585725,8.829000000000008,-0.013639979228129047,-0.0003127154606854532,0.0010134914828664446,-0.007535812119590689,0.013999718897355587,-0.2847976489535972,0.2792203568213458,0.0,0.0,0.015013210380222032,-0.01311310425184209
5.399999999999997,0.0,453.0,453.0,452.9172358268245,0.0,PILOT_ASC_HOLD_ACC,caténaire,,0.007603658940774023,0.28514153148691157,0.28514153148691157,0.19379728573479188,-0.9810415954697472,0.049339991514617355,-0.9987820409064921,29.994010469389742,-451.2253289146762,0.0,0.0,-0.014068880744029214,0.2847942407657003,0.0003747352638096532,8.543951882513767,8.829000000000008,-0.01369414548021956,-0.00025387672054044685,0.0014735684643750883,-0.007459505698664756,0.014068880744029214,-0.2847942407657003,0.2792203568213458,0.0,0.0,0.015542449208404302,-0.013033389643019255
5.4999999999999964,0.0,453.0,453.0,453.0080874463974,0.0,PILOT_ASC_HOLD_ACC,caténaire,,0.007603658940774023,0.28514153148691157,0.28514153148691157,0.14014176639683185,-0.9901314485012461,0.04964988109190448,-0.9987666841197497,29.993781118048442,-451.2509871507253,0.0,0.0,-0.014157243132688695,0.28478986190800987,0.00039009671199960737,8.544002411258399,8.829000000000008,-0.013767146420689087,-0.00020772683359915334,0.001065590195039135,-0.007528621840938035,0.014157243132688695,-0.28478986190800987,0.2792203568213458,0.0,0.0,0.015222833327727829,-0.013098126927602094
5.599999999999996,0.0,453.0,453.0,453.0860433899055,0.0,PILOT_ASC_HOLD_ACC,caténaire,,0.007603658940774023,0.28514153148691157,0.28514153148691157,0.1923208812746443,-0.9813320939548162,0.049834357309999675,-0.9987574965082863,29.993547183280416,-451.2766454487518,0.0,0.0,-0.014209844964039275,0.2847872421384065,0.0004058441277281152,8.544043687377528,8.829000000000008,-0.01380400083631116,-0.00016907048407333036,0.0014623423884014886,-0.007461714550068032,0.014209844964039275,-0.2847872421384065,0.2792203568213458,0.0,0.0,0.015672187352440765,-0.013028599867128732
5.699999999999996,0.0,453.0,453.0,453.2181856905806,0.0,PILOT_ASC_HOLD_ACC,caténaire,,0.007603658940774023,0.28514153148691157,0.28514153148691157,0.13683964877030869,-0.9905932114265767,0.05020429837539057,-0.9987389691128683,29.99330864899668,-451.3023037973817,0.0,0.0,-0.014315330525984733,0.2847819592085025,0.00042196005109782197,8.544077388552331,8.829000000000008,-0.013893370474886911,-0.00014065223917469893,0.0010404820188247346,-0.007532132928733742,0.014315330525984733,-0.2847819592085025,0.2792203568213458,0.0,0.0,0.015355812544809467,-0.01309373531589042
5.799999999999995,0.0,453.0,453.0,453.2152444908671,0.0,PILOT_ASC_HOLD_ACC,caténaire,,0.007603658940774023,0.28514153148691157,0.28514153148691157,0.1857640403323036,-0.9825943829065065,0.050367142681462695,-0.9987307699966519,29.993065490484835,-451.3279621878896,0.0,0.0,-0.014361764200812062,0.28477962129994777,0.00043847887492744154,8.544105278878863,8.829000000000008,-0.01392328532588462,-0.0001150998211976173,0.0014124864061470265,-0.007471312564741392,0.014361764200812062,-0.28477962129994777,0.2792203568213458,0.0,0.0,0.015774250606959087,-0.013030577043343317
5.899999999999995,0.0,453.0,453.0,453.2995340732836,0.0,PILOT_ASC_HOLD_ACC,caténaire,,0.007603658940774023,0.28514153148691157,0.28514153148691157,0.1561379462975672,-0.9877352589261852,0.050769899971979886,-0.99871037706476,29.99281769091582,-451.35362061295444,0.0,0.0,-0.014476607031447654,0.28477380642811656,0.0004553767094068899,8.544128293400325,8.829000000000008,-0.014021230322040765,-9.790017156596775e-05,0.001187219691359591,-0.007510402032651833,0.014476607031447654,-0.28477380642811656,0.2792203568213458,0.0,0.0,0.015663826722807247,-0.013063851639422586
5.999999999999995,0.0,453.0,453.0,453.1970457469466,0.0,PILOT_ASC_HOLD_ACC,caténaire,,0.007603658940774023,0.28514153148691157,0.28514153148691157,0.16464569664756393,-0.9863527738975739,0.05096072058369479,-0.9987006583344133,29.9925652245911,-451.3792790671191,0.0,0.0,-0.01453101791291131,0.28477103521446145,0.0004726902417951414,8.544147673623716,8.829000000000008,-0.014058327671116169,-8.129116183042129e-05,0.0012519097233742171,-0.007499890088003547,0.01453101791291131,-0.28477103521446145,0.2792203568213458,0.0,0.0,0.015782927636285526,-0.013050568481119185
6.099999999999994,0.0,453.0,453.0,453.0150555028816,0.0,PILOT_ASC_HOLD_ACC,caténaire,,0.007603658940774023,0.28514153148691157,0.28514153148691157,0.1830687357717578,-0.9831001159510308,0.05136664207215175,-0.9986798626598175,29.992308073509474,-451.4049375456834,0.0,0.0,-0.014646762987793374,0.28476510550395884,0.0004903954498457594,8.544163923567853,8.829000000000008,-0.014156367537947615,-7.0970928195635e-05,0.0013919922295271235,-0.007475157986327034,0.014646762987793374,-0.28476510550395884,0.2792203568213458,0.0,0.0,0.016038755217320497,-0.01301990666894004
6.199999999999994,0.0,453.0,453.0,452.9374008174328,0.0,PILOT_ASC_HOLD_ACC,caténaire,,0.007603658940774023,0.28514153148691157,0.28514153148691157,0.18483413784146807,-0.9827697296357887,0.051594562488499265,-0.9986681136001191,29.992046210569523,-451.4305960453062,0.0,0.0,-0.01471175256436784,0.28476175535908294,0.0005085314301542354,8.544177948315228,8.829000000000008,-0.014203221134213606,-6.029632569592991e-05,0.0014054157447585369,-0.0074726458414672335,0.01471175256436784,-0.28476175535908294,0.2792203568213458,0.0,0.0,0.01611716830912638,-0.013014044379204337
6.299999999999994,0.0,453.0,453.0,452.94171089607283,0.0,PILOT_ASC_HOLD_ACC,caténaire,,0.007603658940774023,0.28514153148691157,0.28514153148691157,0.17565519899114093,-0.9844517515182667,0.05197285045138649,-0.9986484981293258,29.99177961553065,-451.45625456301843,0.0,0.0,-0.014819618173448568,0.2847561621737001,0.000527076735799229,8.54418999578775,8.829000000000008,-0.01429254143764934,-5.384203855740566e-05,0.001335622224302429,-0.007485435362192515,0.014819618173448568,-0.2847561621737001,0.2792203568213458,0.0,0.0,0.016155240397750997,-0.0130212407145468
6.399999999999993,0.0,453.0,453.0,452.89997238764613,0.0,PILOT_ASC_HOLD_ACC,caténaire,,0.007603658940774023,0.28514153148691157,0.28514153148691157,0.17729384958286185,-0.9841579603397461,0.05226229925897444,-0.9986333922296837,29.991508262259007,-451.48191309671745,0.0,0.0,-0.014902152049731254,0.2847518548543417,0.0005460593469995134,8.544200642850972,8.829000000000008,-0.01435609270273174,-4.750229469330236e-05,0.0013480819645249724,-0.007483201474271237,0.014902152049731254,-0.2847518548543417,0.2792203568213458,0.0,0.0,0.016250234014256227,-0.01301469950726708
6.499999999999993,0.0,453.0,453.0,452.90851350620306,0.0,PILOT_ASC_HOLD_ACC,caténaire,,0.007603658940774023,0.28514153148691157,0.28514153148691157,0.18641954917619735,-0.982470229414074,0.05257622704825475,-0.9986169137108436,29.991232128682917,-451.50757164456263,0.0,0.0,-0.014991665900342944,0.28474715614424295,0.0005654681596775154,8.544210064100302,8.829000000000008,-0.014426197740665428,-4.2779755462518665e-05,0.0014174706718286557,-0.007470368543928629,0.014991665900342944,-0.28474715614424295,0.2792203568213458,0.0,0.0,0.0164091365721716,-0.012997167866825754
6.5999999999999925,0.0,453.0,453.0,452.8992595571176,0.0,PILOT_ASC_HOLD_ACC,caténaire,,0.007603658940774023,0.28514153148691157,0.28514153148691157,0.1943181482958094,-0.9809385593618428,0.05298187843539647,-0.9985954739319907,29.990951189666124,-451.53323020522004,0.0,0.0,-0.015107333958122323,0.2847410427728661,0.000585320638258601,8.544218596956291,8.829000000000008,-0.014522013319863723,-4.03602708498596e-05,0.0014775289256440836,-0.007458722247241666,0.015107333958122323,-0.2847410427728661,0.2792203568213458,0.0,0.0,0.016584862883766406,-0.012979408198761921
6.699999999999992,0.0,453.0,453.0,452.91975034305295,0.0,PILOT_ASC_HOLD_ACC,caténaire,,0.007603658940774023,0.28514153148691157,0.28514153148691157,0.20408783566978625,-0.9789525807369946,0.053223326918174656,-0.9985826342730786,29.99066541826278,-451.55888877774333,0.0,0.0,-0.015176180948276887,0.2847373816528601,0.0006056298274942372,8.544226499567026,8.829000000000008,-0.014570551120782649,-3.611878012144132e-05,0.0015518142963937898,-0.007443621543114653,0.015176180948276887,-0.2847373816528601,0.2792203568213458,0.0,0.0,0.016727995244670675,-0.012960646374628959
6.799999999999992,0.0,453.0,453.0,452.92330846997214,0.0,PILOT_ASC_HOLD_ACC,caténaire,,0.007603658940774023,0.28514153148691157,0.28514153148691157,0.21389605213764695,-0.9768564269532801,0.053691540314275005,-0.9985575689456669,29.990374790873,-451.5845473612141,0.0,0.0,-0.015309688033103628,0.2847302344870148,0.0006263870981865346,8.544233790519604,8.829000000000008,-0.014683300934917093,-3.5974993389586984e-05,0.0016263926292326859,-0.007427683104655875,0.015309688033103628,-0.2847302344870148,0.2792203568213458,0.0,0.0,0.016936080662336313,-0.012937560770324819
6.8999999999999915,0.0,453.0,453.0,452.93456340342794,0.0,PILOT_ASC_HOLD_ACC,caténaire,,0.007603658940774023,0.28514153148691157,0.28514153148691157,0.2338328886893267,-0.9722768022364849,0.053919202918425585,-0.9985453017047558,29.990079278665537,-451.6102059551765,0.0,0.0,-0.015374604096713424,0.28472673658715425,0.000647620478651963,8.544240777896778,8.829000000000008,-0.01472698361806146,-3.2485516074487464e-05,0.0017779855347296158,-0.007392861200232625,0.015374604096713424,-0.28472673658715425,0.2792203568213458,0.0,0.0,0.01715258963144304,-0.012899240966041059
6.999999999999991,0.0,453.0,453.0,452.9123619517695,0.0,PILOT_ASC_HOLD_ACC,caténaire,,0.007603658940774023,0.28514153148691157,0.28514153148691157,0.2542768077587633,-0.9671314828067655,0.05433987342831704,-0.9985224975711837,29.98977885918363,-451.63586455897297,0.0,0.0,-0.015494554730155253,0.28472023418158326,0.0006693078316471848,8.544247327304351,8.829000000000008,-0.014825246898508069,-3.243851407397358e-05,0.0019334341227463983,-0.007353737946147701,0.015494554730155253,-0.28472023418158326,0.2792203568213458,0.0,0.0,0.01742798885290165,-0.012853615306385124
7.099999999999991,0.0,453.0,453.0,453.6430320039336,0.0,PILOT_ASC_HOLD_ACC,caténaire,,0.007603658940774023,0.28514153148691157,0.28514153148691157,0.28829017110627947,-0.9575430941965548,0.054579745717100774,-0.9985094147565443,29.989473505466712,-451.66152317230376,0.0,0.0,-0.015562952281940318,0.28471650372778085,0.0006914744583025957,8.544253677130056,8.829000000000008,-0.014871477823637722,-2.9819142170595114e-05,0.002192060137069535,-0.007280831109364057,0.015562952281940318,-0.28471650372778085,0.2792203568213458,0.0,0.0,0.01775501241900985,-0.012776978015799079
7.19999999999999,0.0,453.0,453.0,454.3072186181184,0.0,PILOT_ASC_HOLD_ACC,caténaire,,0.007603658940774023,0.28514153148691157,0.28514153148691157,0.3534863302664533,-0.9354396903674527,0.05484240958721511,-0.998495022576812,29.98916319915376,-451.6871817945379,0.0,0.0,-0.015637848660130998,0.2847123999196105,0.0007140866982684718,8.544259606702632,8.829000000000008,-0.014923761961862526,-2.7993377765156424e-05,0.0026877894955719167,-0.007112764365217366,0.015637848660130998,-0.2847123999196105,0.2792203568213458,0.0,0.0,0.018325638155702914,-0.012604807463482026
7.29999999999999,0.0,453.0,453.0,453.51295985816387,0.0,PILOT_ASC_HOLD_ACC,caténaire,,0.007603658940774023,0.28514153148691157,0.28514153148691157,0.49054201143955894,-0.8714175434387536,0.05483507525077602,-0.9984954253887404,29.988847925554737,-451.71284042497706,0.0,0.0,-0.015635757336206316,0.2847125147780207,0.0007371314316672124,8.544265071236266,8.829000000000008,-0.014898625904539104,-2.241398572166986e-05,0.0037299141511076754,-0.006625961795315414,0.015635757336206316,-0.2847125147780207,0.2792203568213458,0.0,0.0,0.019365671487313992,-0.012118119751990286
7.39999999999999,0.0,453.0,453.0,453.0498669128654,0.0,PILOT_ASC_HOLD_ACC,caténaire,,0.007603658940774023,0.28514153148691157,0.28514153148691157,0.5245833539970769,-0.8513590926919014,0.05491404846953881,-0.9984910852284488,29.988527687746423,-451.73849906221693,0.0,0.0,-0.015658275880750788,0.2847112772180682,0.0007605275147268441,8.54426960046506,8.829000000000008,-0.014897748366023943,-1.912231687839494e-05,0.003988752909801098,-0.006473444176956036,0.015658275880750788,-0.2847112772180682,0.2792203568213458,0.0,0.0,0.019647028790551885,-0.011964364573678443
7.499999999999989,0.0,453.0,453.0,453.00784866899306,0.0,PILOT_ASC_HOLD_ACC,caténaire,,0.007603658940774023,0.28514153148691157,0.28514153148691157,0.45112741412191404,-0.8924595543931808,0.053583231984410055,-0.9985633866961601,29.98820250702,-451.7641577041878,0.0,0.0,-0.015278804830053148,0.28473189336930016,0.0007841864158768101,8.544272751304405,8.829000000000008,-0.014494618414176338,4.644673698095403e-06,0.003430218995816357,-0.00678595807004091,0.015278804830053148,-0.28473189336930016,0.2792203568213458,0.0,0.0,0.018709023825869503,-0.01229749461799523
7.599999999999989,0.0,453.0,453.0,452.7839783950477,0.0,PILOT_ASC_HOLD_ACC,caténaire,,0.007603658940774023,0.28514153148691157,0.28514153148691157,0.07000034691338242,-0.9975469670306285,0.06601724049673174,-0.9978184824692299,29.98787208896931,-451.789816366968,0.0,0.0,-0.01882425705977785,0.28451949023722223,0.0008096498702396967,8.544286610211655,8.829000000000008,-0.018014607189538154,-0.00019389955112991686,0.0005322587636652235,-0.007585006914704448,0.01882425705977785,-0.28451949023722223,0.2792203568213458,0.0,0.0,0.019356515823443072,-0.012884140330580829
7.699999999999989,0.0,453.0,453.0,452.80953594068575,0.0,PILOT_ASC_HOLD_ACC,caténaire,,0.007603658940774023,0.28514153148691157,0.28514153148691157,0.06616050990613548,-0.9978089932091011,0.06613286815070157,-0.9978108256328759,29.987535743004983,-451.8154750838101,0.0,0.0,-0.018857227306113045,0.2845173069551779,0.0008389617548504811,8.544322615272211,8.829000000000008,-0.018018265551262565,-0.0001600777726178393,0.0005030619526739553,-0.007586999272399108,0.018857227306113045,-0.2845173069551779,0.2792203568213458,0.0,0.0,0.019360289258787,-0.012883949406231165
7.799999999999988,0.0,453.0,453.0,452.8351157128597,0.0,PILOT_ASC_HOLD_ACC,caténaire,,0.007603658940774023,0.28514153148691157,0.28514153148691157,0.06613015992415185,-0.9978110051249215,0.06612904289513952,-0.9978110791556549,29.98719339830664,-451.841133848367,0.0,0.0,-0.01885613656688375,0.2845173792450514,0.0008691544026560558,8.544354393260315,8.829000000000008,-0.017986982164227696,-0.0001282274946419193,0.0005028311817620931,-0.007587014570320824,0.01885613656688375,-0.2845173792450514,0.2792203568213458,0.0,0.0,0.019358967748645844,-0.012884036994026404
7.899999999999988,0.0,453.0,453.0,452.86069513176943,0.0,PILOT_ASC_HOLD_ACC,caténaire,,0.007603658940774023,0.28514153148691157,0.28514153148691157,0.0661254882345091,-0.9978113147312712,0.06612440323492566,-0.99781138663418,29.98684506493212,-451.86679265114265,0.0,0.0,-0.018854813607064792,0.28451746691994895,0.0008998288127981627,8.544379846910815,8.829000000000008,-0.01795498479426663,-0.0001026861692441372,0.0005027956598273726,-0.007587016924461913,0.018854813607064792,-0.28451746691994895,0.2792203568213458,0.0,0.0,0.019357609266892166,-0.012884127023065017
7.999999999999988,0.0,453.0,453.0,452.8862741946003,0.0,PILOT_ASC_HOLD_ACC,caténaire,,0.007603658940774023,0.28514153148691157,0.28514153148691157,0.0661209772098352,-0.9978116136690414,0.06611974641795672,-0.9978116952279249,29.986490753641718,-451.8924514845012,0.0,0.0,-0.018853485755142414,0.284517554912842,0.0009309786135907441,8.544400215128311,8.829000000000008,-0.01792250714155167,-8.222995885454054e-05,0.0005027613595342789,-0.0075870191974827614,0.018853485755142414,-0.284517554912842,0.2792203568213458,0.0,0.0,0.019356247114676692,-0.012884217288978927
8.099999999999987,0.0,453.0,453.0,452.91185289608626,0.0,PILOT_ASC_HOLD_ACC,caténaire,,0.007603658940774023,0.28514153148691157,0.28514153148691157,0.06611645480092809,-0.9978119133406639,0.06611507794661091,-0.9978120045720603,29.986130475358404,-451.91811034232666,0.0,0.0,-0.018852154580073166,0.2845176431197025,0.0009626000736246035,8.544416510136223,8.829000000000008,-0.017889554506448562,-6.584674408216529e-05,0.0005027269726793585,-0.007587021476083574,0.018852154580073166,-0.2845176431197025,0.2792203568213458,0.0,0.0,0.019354881552752525,-0.012884307774440273
8.199999999999987,0.0,453.0,453.0,452.93743123215324,0.0,PILOT_ASC_HOLD_ACC,caténaire,,0.007603658940774023,0.28514153148691157,0.28514153148691157,0.06611191986624979,-0.9978122138216181,0.06611039799270771,-0.9978123146550386,29.98576424116293,-451.9437692197206,0.0,0.0,-0.018850820130849922,0.2845177315372378,0.0009946894356961532,8.544429542761678,8.829000000000008,-0.01785613069515377,-5.272570109227104e-05,0.000502692490582746,-0.007587023760838267,0.018850820130849922,-0.2845177315372378,0.2792203568213458,0.0,0.0,0.01935351262143267,-0.01288439847673023
8.299999999999986,0.0,453.0,453.0,452.9630091997093,0.0,PILOT_ASC_HOLD_ACC,caténaire,,0.007603658940774023,0.28514153148691157,0.28514153148691157,0.06610737241848785,-0.9978125151108916,0.0661057066815573,-0.9978126254683952,29.985392062292554,-451.96942811275966,0.0,0.0,-0.01884948244320381,0.28451782016303434,0.0010272428992815599,8.54443996244851,8.829000000000008,-0.01782223954392225,-4.221738846332812e-05,0.0005026579133409132,-0.007587026051739146,0.01884948244320381,-0.28451782016303434,0.2792203568213458,0.0,0.0,0.019352140356544725,-0.012884489393427678
8.399999999999986,0.0,453.0,453.0,452.9885867964537,0.0,PILOT_ASC_HOLD_ACC,caténaire,,0.007603658940774023,0.28514153148691157,0.28514153148691157,0.06610281247962028,-0.9978128172068569,0.06610100412816589,-0.9978129370043506,29.985013950139766,-451.99508701830155,0.0,0.0,-0.018848141549927883,0.2845179089948737,0.00106025662143724,8.544448289358954,8.829000000000008,-0.017787884928490642,-3.380164618072001e-05,0.0005026232411209735,-0.007587028348773834,0.018848141549927883,-0.2845179089948737,0.2792203568213458,0.0,0.0,0.019350764791048858,-0.012884580522301736
8.499999999999986,0.0,453.0,453.0,453.00000020358954,0.0,PILOT_ASC_HOLD_ACC,straight,,0.007603658940774023,0.28514153148691157,0.28514153148691157,0.06618888359902857,-0.9978071114638911,0.06661364802308448,-0.9977788441819442,29.98481766637516,-452.00653834819053,0.0,0.0,-0.018994317615232386,0.2845081877152801,0.0002857185772928652,1.7018435059056303,8.829000000000008,-0.018708599037939522,-6.842648306379097,0.0005032776965576047,-0.007586984964250318,0.018994317615232386,-0.2845081877152801,0.2792203568213458,0.0,0.0,0.01949759531178999,-0.012874815858184563
8.599999999999985,0.0,453.0,453.0,453.0000000000008,0.0,PILOT_ASC_HOLD_ACC,straight,,0.007603658940774023,0.28514153148691157,0.28514153148691157,0.06619089307216058,-0.9978069781647702,0.06619205402310194,-0.9978069011508202,29.98474110754554,-452.0065434268773,0.0,0.0,-0.01887410365641167,0.2845161879223542,4.346706257977399e-05,3.347423198061363e-07,8.829000000000008,-0.018830636593831898,-8.544483477335334,0.0005032929759059511,-0.0075869839506892646,0.01887410365641167,-0.2845161879223542,0.2792203568213458,0.0,0.0,0.019377396632317623,-0.012882815051697638
8.699999999999985,0.0,453.0,453.0,453.00000000000074,0.0,PILOT_ASC_HOLD_ACC,straight,,0.007603658940774023,0.28514153148691157,0.28514153148691157,0.06619089307292937,-0.997806978164719,0.06619205387072692,-0.9978069011609284,29.984741107545535,-452.0065434268772,0.0,0.0,-0.01887410361296323,0.28451618792523653,9.360307956990505e-26,-4.193417964731745e-23,8.829000000000008,-0.01887410361296323,-8.544483812074771,0.0005032929759117968,-0.007586983950688876,0.01887410361296323,-0.28451618792523653,0.2792203568213458,0.0,0.0,0.019377396588875027,-0.012882815054579555
8.799999999999985,0.0,453.0,453.0,453.0000000000008,0.0,PILOT_ASC_HOLD_ACC,straight,,0.007603658940774023,0.28514153148691157,0.28514153148691157,0.06619072404030313,-0.9978069893777156,0.06619188498829932,-0.9978069123641587,29.984664535439435,-452.00654850643167,0.0,0.0,-0.01887405545756918,0.2845161911197428,4.3482139599345296e-05,3.3485671381759523e-07,8.829000000000008,-0.018830573317969834,-8.54448347402355,0.000503291690645357,-0.007586984035948678,0.01887405545756918,-0.2845161911197428,0.2792203568213458,0.0,0.0,0.019377347148214537,-0.012882818334345625
8.899999999999984,0.0,453.0,453.0,453.0000000000008,0.0,PILOT_ASC_HOLD_ACC,straight,,0.007603658940774023,0.28514153148691157,0.28514153148691157,0.06619055498482755,-0.9978070005921991,0.06619171592990677,-0.9978069235790332,29.98458795263431,-452.0065535866828,0.0,0.0,-0.018874007252000218,0.28451619431756925,4.349429151869072e-05,3.349485729015788e-07,8.829000000000008,-0.01883051296048153,-8.544483470733866,0.0005032904052051786,-0.007586984121219786,0.018874007252000218,-0.28451619431756925,0.2792203568213458,0.0,0.0,0.019377297657205396,-0.012882821617443196
8.999999999999984,0.0,453.0,453.0,453.00000000000085,0.0,PILOT_ASC_HOLD_ACC,straight,,0.007603658940774023,0.28514153148691157,0.28514153148691157,0.06619038590573288,-0.9978070118082204,0.06619154684789387,-0.9978069347954458,29.98451135912964,-452.00655866763066,0.0,0.0,-0.018873959039696114,0.28451619751583435,4.350644572509954e-05,3.350404520799613e-07,8.829000000000008,-0.018830452593971016,-8.54448346744372,0.0005032891195854087,-0.0075869842065025865,0.018873959039696114,-0.28451619751583435,0.2792203568213458,0.0,0.0,0.01937724815928152,-0.01288282490099113
9.099999999999984,0.0,453.0,453.0,453.00000000000074,0.0,PILOT_ASC_HOLD_ACC,straight,,0.007603658940774023,0.28514153148691157,0.28514153148691157,0.06619021680301794,-0.99780702302578,0.06619137774226266,-0.9978069460133965,29.98443475492489,-452.00656374927524,0.0,0.0,-0.018873910820657445,0.284516200714538,4.351860223900155e-05,3.3513234385822695e-07,8.829000000000008,-0.018830392218418444,-8.544483464153126,0.0005032878337860383,-0.007586984291797083,0.018873910820657445,-0.284516200714538,0.2792203568213458,0.0,0.0,0.019377198654443484,-0.012882828184989259
9.199999999999983,0.0,453.0,453.0,453.00000000000085,0.0,PILOT_ASC_HOLD_ACC,straight,,0.007603658940774023,0.28514153148691157,0.28514153148691157,0.06619004767668153,-0.9978070342448776,0.06619120861300835,-0.9978069572328853,29.984358140019527,-452.0065688316167,0.0,0.0,-0.018873862594882853,0.28451620391368015,4.353076105661504e-05,3.352242632336312e-07,8.829000000000008,-0.01883033183382624,-8.544483460862065,0.0005032865478070584,-0.007586984377103275,0.018873862594882853,-0.28451620391368015,0.2792203568213458,0.0,0.0,0.01937714914268991,-0.012882831469437583
9.299999999999983,0.0,453.0,453.0,453.00000000000074,0.0,PILOT_ASC_HOLD_ACC,straight,,0.007603658940774023,0.28514153148691157,0.28514153148691157,0.06618987852672248,-0.9978070454655137,0.06619103946012775,-0.9978069684539128,29.984281514413006,-452.00657391465495,0.0,0.0,-0.018873814362371424,0.28451620711326114,4.354292219030682e-05,3.353161952130308e-07,8.829000000000008,-0.018830271440181116,-8.544483457570552,0.0005032852616484599,-0.007586984462421165,0.018873814362371424,-0.28451620711326114,0.2792203568213458,0.0,0.0,0.019377099624019883,-0.012882834754336492
9.399999999999983,0.0,453.0,453.0,453.0000000000007,0.0,PILOT_ASC_HOLD_ACC,straight,,0.007603658940774023,0.28514153148691157,0.28514153148691157,0.06618970935313957,-0.997807056687688,0.06619087028362892,-0.9978069796764782,29.98420487810479,-452.00657899839,0.0,0.0,-0.018873766123125458,0.28451621031328067,4.355508563225921e-05,3.3540813229574183e-07,8.829000000000008,-0.0188302110374932,-8.544483454278595,0.0005032839753102337,-0.007586984547750752,0.018873766123125458,-0.28451621031328067,0.2792203568213458,0.0,0.0,0.01937705009843569,-0.012882838039685596
9.499999999999982,0.0,453.0,453.0,453.00000000000085,0.0,PILOT_ASC_HOLD_ACC,straight,,0.007603658940774023,0.28514153148691157,0.28514153148691157,0.06618954015593163,-0.9978070679114006,0.06619070108350182,-0.9978069909005822,29.98412823109435,-452.0065840828221,0.0,0.0,-0.018873717877142086,0.28451621351373885,4.356725137868883e-05,3.355001119872408e-07,8.829000000000008,-0.018830150625763396,-8.544483450986156,0.0005032826887923708,-0.007586984633092034,0.018873717877142086,-0.28451621351373885,0.2792203568213458,0.0,0.0,0.019377000565934457,-0.012882841325485062
9.599999999999982,0.0,453.0,453.0,453.0000000000008,0.0,PILOT_ASC_HOLD_ACC,straight,,0.007603658940774023,0.28514153148691157,0.28514153148691157,0.06618937093509751,-0.9978070791366517,0.0661905318597442,-0.9978070021262249,29.984051573381127,-452.006589167951,0.0,0.0,-0.018873669624420674,0.2845162167146358,4.357941945408579e-05,3.35592081780683e-07,8.829000000000008,-0.01883009020496659,-8.54448344769329,0.0005032814020948625,-0.007586984718445015,0.018873669624420674,-0.2845162167146358,0.2792203568213458,0.0,0.0,0.019376951026515536,-0.012882844611734945
9.699999999999982,0.0,453.0,453.0,453.0000000000007,0.0,PILOT_ASC_HOLD_ACC,straight,,0.007603658940774023,0.28514153148691157,0.28514153148691157,0.06618937093586709,-0.9978070791366005,0.06619053170721007,-0.9978070021363434,29.984051573381123,-452.00658916795095,0.0,0.0,-0.018873669580926858,0.28451621671752103,9.360307956990505e-26,-4.193417964731745e-23,8.829000000000008,-0.018873669580926858,-8.544483783282487,0.000503281402100714,-0.007586984718444626,0.018873669580926858,-0.28451621671752103,0.2792203568213458,0.0,0.0,0.019376950983027573,-0.012882844614619804
9.799999999999981,0.0,453.0,453.0,453.00000000000074,0.0,PILOT_ASC_HOLD_ACC,straight,,0.007603658940774023,0.28514153148691157,0.28514153148691157,0.06618920169063595,-0.9978070903634412,0.06619036261236338,-0.9978070133534057,29.983974904964587,-452.0065942537768,0.0,0.0,-0.01887362136496331,0.2845162199159713,4.359158983447431e-05,3.35684079185658e-07,8.829000000000008,-0.018830029775128834,-8.544483444399956,0.0005032801152176991,-0.007586984803809693,0.01887362136496331,-0.2845162199159713,0.2792203568213458,0.0,0.0,0.019376901480181008,-0.01288284789843519
9.89999999999998,0.0,453.0,453.0,453.0000000000008,0.0,PILOT_ASC_HOLD_ACC,straight,,0.007603658940774023,0.28514153148691157,0.28514153148691157,0.06618903242254573,-0.9978071015917692,0.0661901933413547,-0.9978070245821253,29.983898225844186,-452.0065993402997,0.0,0.0,-0.018873573098768658,0.28451622311774566,4.360376254031077e-05,3.357760967035385e-07,8.829000000000008,-0.018829969336228346,-8.544483441106165,0.0005032788281608715,-0.00758698488918607,0.018873573098768658,-0.28451622311774566,0.2792203568213458,0.0,0.0,0.01937685192692953,-0.012882851185585908
9.99999999999998,0.0,453.0,453.0,453.00000000000074,0.0,PILOT_ASC_HOLD_ACC,straight,,0.007603658940774023,0.28514153148691157,0.28514153148691157,0.06618903242331554,-0.9978071015917183,0.06619019318877996,-0.9978070245922463,29.983898225844182,-452.00659934029966,0.0,0.0,-0.01887357305526326,0.2845162231206316,9.360307956990505e-26,-4.193417964731745e-23,8.829000000000008,-0.01887357305526326,-8.544483776879376,0.000503278828166725,-0.007586984889185682,0.01887357305526326,-0.2845162231206316,0.2792203568213458,0.0,0.0,0.019376851883429986,-0.012882851188471434
10.09999999999998,0.0,453.0,453.0,453.0000000000008,0.0,PILOT_ASC_HOLD_ACC,straight,,0.007603658940774023,0.28514153148691157,0.28514153148691157,0.06618886313082568,-0.9978071128216358,0.06619002404671188,-0.9978070358123837,29.983821536019374,-452.00660442751956,0.0,0.0,-0.01887352482583493,0.2845162263199587,4.361593756377529e-05,3.3586812683158405e-07,8.829000000000008,-0.018829908888271154,-8.544483437811921,0.0005032775409243708,-0.007586984974574145,0.01887352482583493,-0.2845162263199587,0.2792203568213458,0.0,0.0,0.019376802366759302,-0.012882854473187044
10.19999999999998,0.0,453.0,453.0,453.00000000000074,0.0,PILOT_ASC_HOLD_ACC,straight,Fy:(t>10:-25),0.007603658940774023,0.28514153148691157,0.28514153148691157,0.06618883780357146,-0.9978071145017019,0.06618999856566775,-0.9978070375026811,29.983810062323386,-452.0066051886261,0.0,-25.0,-0.018873517560130983,0.28451622680193267,9.762845084148553e-07,7.517937085346859e-09,8.829000000000008,-0.018872541275622566,-33.54448376568014,0.0005032773483445678,-0.007586984987348795,0.018873517560130983,-0.28451622680193267,0.2792203568213458,0.0,0.0,0.01937679490847555,-0.01288285496793562
10.29999999999998,0.0,453.0,453.005,453.0000000003455,0.04999999999999982,PILOT_DESC_ADD_SLACK_ACC,caténaire,,0.007603658940774023,0.28514153148691157,0.28514153148691157,0.06617346586140642,-0.9978081340698167,0.06618263294245995,-0.9978075260774513,29.984141009454316,-452.0066051886261,0.0,-25.0,-0.018871417315049155,0.2845163661148909,-0.0008122448417397938,-0.0,8.829000000000008,-0.019683662156788947,-33.544483633885115,0.0005031604653390875,-0.007586992739797007,0.018871417315049155,-0.2845163661148909,0.279223438723739,0.0,0.0,0.019374577780388244,-0.012879920130948908
10.399999999999979,0.0,453.0,453.015,453.0000219177885,0.09999999999999964,PILOT_DESC_ADD_SLACK_ACC,straight,,0.007603658940774023,0.28514153148691157,0.28514153148691157,0.06615093278297297,-0.9978096281816199,0.06628712234338723,-0.9978005900035501,29.983049803615625,-452.0216885830523,0.0,-25.0,-0.018901211582853707,0.28451438835215626,0.008830455032624328,2.9526090430886427,8.829000000000008,-0.01007075655022938,-30.591876568559208,0.0005029891314957939,-0.007587004100513578,0.018901211582853707,-0.28451438835215626,0.2792296025285253,0.0,5.551115123125783e-17,0.0194042007143495,-0.012871789924144506
10.499999999999979,0.0,453.0,453.03,453.0150000687652,0.14999999999999947,PILOT_DESC_ADD_SLACK_ACC,caténaire,,0.007603658940774023,0.28514153148691157,0.28514153148691157,0.06617471724396477,-0.9978080510788042,0.06594059752219311,-0.9978235503326307,29.984042586960665,-452.0216885830523,0.0,-25.0,-0.01880240296464019,0.2845209352955537,-0.007309348799727543,-0.0,8.829000000000008,-0.02611175176436773,-33.544479064704454,0.0005031699804252656,-0.007586992108761652,0.01880240296464019,-0.2845209352955537,0.2792388482357048,0.0,-5.551115123125783e-17,0.019305572945065456,-0.012869079168610631
10.599999999999978,0.0,453.0,453.04999999999995,453.01506573282603,0.1999999999999993,PILOT_DESC_ADD_SLACK_ACC,caténaire,,0.007603658940774023,0.28514153148691157,0.28514153148691157,0.066130681436558,-0.9978109705614268,0.06632061006141227,-0.9977983647416357,29.983649985257046,-452.0557166073709,0.0,-25.0,-0.01891076032205737,0.284513753837566,0.0011430733004343186,15.027309765709433,8.829000000000008,-0.01776768702162305,-18.51717648045301,0.000502835147164563,-0.007587014307511798,0.01891076032205737,-0.284513753837566,0.27925117584527753,0.0,-5.551115123125783e-17,0.01941359546922193,-0.012849592299800316
10.699999999999978,0.0,453.0,453.07499999999993,453.04899374042407,0.2499999999999991,PILOT_DESC_ADD_SLACK_ACC,straight,,0.007603658940774023,0.28514153148691157,0.28514153148691157,0.0660793507587078,-0.9978143712150611,0.06546416115098208,-0.9978549211206998,29.98231977706945,-452.0818688310619,0.0,-25.0,-0.01866655116809701,0.2845298804101077,0.01312226954653512,8.876157798095868,8.829000000000008,-0.005544281621561889,-24.66831232149403,0.0005024448461969913,-0.007587040164922209,0.01866655116809701,-0.2845298804101077,0.27926658535724336,0.0,5.551115123125783e-17,0.019168996014294,-0.012850335217786502
10.799999999999978,0.0,453.0,453.1049999999999,453.0750029614374,0.29999999999999893,PILOT_DESC_ADD_SLACK_ACC,straight,,0.007603658940774023,0.28514153148691157,0.28514153148691157,0.06603060588345738,-0.9978175981043147,0.06457299518480733,-0.9979129863334092,29.980971425219533,-452.1120241460075,0.0,-25.0,-0.01841244273969293,0.28454643721378575,0.013482678906059713,11.801453706662093,8.829000000000008,-0.0049297638336332165,-21.74299985612413,0.0005020742067904765,-0.007587064701087534,0.01841244273969293,-0.28454643721378575,0.2792850767716023,0.0,0.0,0.018914516946483405,-0.012848425143271003
10.899999999999977,0.0,453.0,453.13999999999993,453.10500531028976,0.34999999999999876,PILOT_DESC_ADD_SLACK_ACC,straight,,0.007603658940774023,0.28514153148691157,0.28514153148691157,0.06598069972632878,-0.9978208993920823,0.06402178732069787,-0.9979485010501611,29.979772877285804,-452.14718048244674,0.0,-25.0,-0.018255270485153127,0.28455656393451073,0.010653211180293595,16.04039259794738,8.829000000000008,-0.007602059304859531,-17.504050838118115,0.0005016947373926259,-0.007587089802953783,0.018255270485153127,-0.28455656393451073,0.2793066500883546,0.0,5.551115123125783e-17,0.018756965222545753,-0.01283700364910989
10.999999999999977,0.0,453.0,453.17999999999995,453.1400076875279,0.3999999999999986,PILOT_DESC_ADD_SLACK_ACC,straight,,0.007603658940774023,0.28514153148691157,0.28514153148691157,0.06593720728144864,-0.9978237743689631,0.06357783093115049,-0.9979768832062644,29.97879353504112,-452.18733323500265,0.0,-25.0,-0.01812868008032419,0.28456465686596893,0.007112768898153734,20.92369663377982,8.829000000000008,-0.011015911182170456,-12.620738709354221,0.0005013640356752569,-0.007587111663297448,0.01812868008032419,-0.28456465686596893,0.27933130530749994,0.0,1.1102230246251565e-16,0.018630044115999448,-0.012820463221766332
11.099999999999977,0.0,453.0,453.22499999999997,453.1800305102525,0.4499999999999984,PILOT_DESC_ADD_SLACK_ACC,straight,,0.007603658940774023,0.28514153148691157,0.28514153148691157,0.06603369362886188,-0.9978173937678825,0.060988142172130826,-0.9981384906486634,29.978077278947044,-452.2324794921938,0.0,-25.0,-0.01739025226150288,0.28461073785959423,0.0038045770277077904,26.45155893897476,8.829000000000008,-0.01358567523379509,-7.0928303231656535,0.0005020976849534284,-0.007587063147382994,0.01739025226150288,-0.28461073785959423,0.2793590424290385,0.0,5.551115123125783e-17,0.017892349946456308,-0.012838758577938703
11.199999999999976,0.0,453.0,453.275,453.2250047380212,0.4999999999999982,PILOT_DESC_ADD_SLACK_ACC,caténaire,,0.007603658940774023,0.28514153148691157,0.28514153148691157,0.06610999283893146,-0.9978123414985587,0.06410894931560603,-0.9979429054899129,29.981384474851833,-452.2324794921938,0.0,-25.0,-0.018280123989868693,0.284554968407892,-0.08111283188566565,-0.0,8.829000000000008,-0.09939295587553434,-33.54444503159212,0.0005026778381242478,-0.007587024731650178,0.018280123989868693,-0.284554968407892,0.27938986145297023,0.0,-5.551115123125783e-17,0.01878280182799294,-0.012752131686572021
11.299999999999976,0.0,453.0,453.33,453.2252189776802,0.549999999999998,PILOT_DESC_ADD_SLACK_ACC,caténaire,,0.007603658940774023,0.28514153148691157,0.28514153148691157,0.06601891755850961,-0.9978183715107688,0.06573923064164086,-0.9978368371405444,29.98095774489925,-452.28261528410417,0.0,-25.0,-0.01874498490392878,0.2845247239163108,0.0013504421232310524,32.62147004834234,8.829000000000008,-0.017394542780697728,-0.9230052277413563,0.0005019853327539848,-0.0075870705818064325,0.01874498490392878,-0.2845247239163108,0.2794237623792951,0.0,5.551115123125783e-17,0.019246970236682762,-0.012688032118822024
11.399999999999975,0.0,453.0,453.3895,453.2752643855985,0.5949999999999982,PILOT_DESC_ADD_SLACK_ACC,caténaire,,0.007603658940774023,0.28514153148691157,0.28514153148691157,0.0660084727774877,-0.9978190625166387,0.059675320214796,-0.9982178400315541,29.98052521676574,-452.33305874442374,0.0,-25.0,-0.017015912198018783,0.28463336366415426,0.0013873896278252032,33.02307501799901,8.829000000000008,-0.01562852257019358,-0.5212916183368392,0.0005019059142013831,-0.007587075835979394,0.017015912198018783,-0.28463336366415426,0.2794604370177739,0.0,0.0,0.017517818112220165,-0.012760002482359756
11.499999999999975,0.0,453.0,453.45305,453.3255579086095,0.6354999999999984,PILOT_DESC_ADD_SLACK_ACC,caténaire,,0.007603658940774023,0.28514153148691157,0.28514153148691157,0.06594102067326824,-0.9978235223688442,0.060452474242000724,-0.9981710766987892,29.98008747912471,-452.3836759686161,0.0,-25.0,-0.01723751108753716,0.28462002949583226,0.0014210112214655915,33.25097772975341,8.829000000000008,-0.015816499866071566,-0.2934022407507655,0.0005013930314060607,-0.0075871097471744905,0.01723751108753716,-0.28462002949583226,0.2794996079971911,0.0,5.551115123125783e-17,0.01773890411894322,-0.012707531245815584
11.599999999999975,0.0,453.0,453.52024500000005,453.3760286668571,0.6719499999999986,PILOT_DESC_ADD_SLACK_ACC,caténaire,,0.007603658940774023,0.28514153148691157,0.28514153148691157,0.06589097775617216,-0.9978268281873042,0.06098905508621343,-0.998138434867474,29.979644469317055,-452.4343909935554,0.0,-25.0,-0.01739051257122251,0.28461072195406045,0.0014554470266493018,33.37959450709168,8.829000000000008,-0.015935065544573208,-0.1647947709542663,0.0005010125221320607,-0.00758713488349058,0.01739051257122251,-0.28461072195406045,0.27954102568345296,0.0,1.1102230246251565e-16,0.017891525093354572,-0.012656831154097936
11.699999999999974,0.0,453.0,453.59072050000003,453.42659915236084,0.7047549999999987,PILOT_DESC_ADD_SLACK_ACC,caténaire,,0.007603658940774023,0.28514153148691157,0.28514153148691157,0.06585327105445352,-0.9978293174142704,0.06135877696479516,-0.9981157750929421,29.979196147820886,-452.485160950085,0.0,-25.0,-0.017495935633905522,0.2846042607112473,0.0014905578876828886,33.45194337156226,8.829000000000008,-0.016005377746222633,-0.09245236772650145,0.0005007258132324106,-0.007587153810723457,0.017495935633905522,-0.2846042607112473,0.2795844654058749,0.0,1.1102230246251565e-16,0.01799666144713793,-0.012606949116095723
11.799999999999974,0.0,453.0,453.66414845,453.47722562892443,0.7342794999999989,PILOT_DESC_ADD_SLACK_ACC,caténaire,,0.007603658940774023,0.28514153148691157,0.28514153148691157,0.06582427956361135,-0.9978312303290228,0.0616125650388471,-0.9981001411829044,29.9787424911988,-452.53596172407055,0.0,-25.0,-0.017568301154013807,0.284599802834196,0.001526244916927588,33.492566477867385,8.829000000000008,-0.016042056237086218,-0.05183371929842906,0.0005005053718238622,-0.0075871683558748175,0.017568301154013807,-0.284599802834196,0.2796297249608411,0.0,-5.551115123125783e-17,0.01806880652583767,-0.012557246229229768
11.899999999999974,0.0,453.0,453.740233605,453.52788347688954,0.7608515499999989,PILOT_DESC_ADD_SLACK_ACC,caténaire,,0.007603658940774023,0.28514153148691157,0.28514153148691157,0.06580142997140694,-0.9978327373932558,0.06178568585158663,-0.998089439391004,29.978283487224637,-452.5867797759625,0.0,-25.0,-0.017617665087690616,0.2845967513088639,0.001562437351782711,33.515352738452364,8.829000000000008,-0.016055227735907906,-0.02905051023878258,0.0005003316313178041,-0.007587179815077247,0.017617665087690616,-0.2845967513088639,0.27967662236509694,0.0,0.0,0.01811799671900842,-0.012507308758844204
11.999999999999973,0.0,453.0,453.81871024450004,453.5785588509666,0.784766394999999,PILOT_DESC_ADD_SLACK_ACC,caténaire,,0.007603658940774023,0.28514153148691157,0.28514153148691157,0.0657828998765425,-0.9978339591754897,0.06190261193966449,-0.9980821943282262,29.977819131507896,-452.6376075113579,0.0,-25.0,-0.01765100557151591,0.2845946854405677,0.0015990841340618332,33.52812681942638,8.829000000000008,-0.016051921437454077,-0.016278495133057902,0.0005001907347963147,-0.007587189105092654,0.01765100557151591,-0.2845946854405677,0.2797249938337136,0.0,5.551115123125783e-17,0.018151196306312223,-0.012456880711946727
12.099999999999973,0.0,453.0,453.89933922005,453.6292439656631,0.8062897554999992,PILOT_DESC_ADD_SLACK_ACC,caténaire,,0.007603658940774023,0.28514153148691157,0.28514153148691157,0.06576740221965996,-0.997834980748459,0.061980354254136935,-0.9980773695894181,29.977349425150674,-452.6884406729183,0.0,-25.0,-0.01767317313412592,0.2845933097071549,0.0016361480439037192,33.53528585806578,8.829000000000008,-0.0160370250902222,-0.009120832227075937,0.0005000728958989988,-0.007587196872785095,0.01767317313412592,-0.2845933097071549,0.27977469196025484,0.0,-5.551115123125783e-17,0.018173246030024917,-0.012405814619685207
12.199999999999973,0.0,453.0,453.98190529804504,453.6799344408716,0.8256607799499992,PILOT_DESC_ADD_SLACK_ACC,caténaire,,0.007603658940774023,0.28514153148691157,0.28514153148691157,0.06575403000593293,-0.9978358620223964,0.06203075353745708,-0.9980742385291663,29.976874373118424,-452.7392768747562,0.0,-25.0,-0.01768754406295767,0.28459241691183956,0.0016736015976874957,33.539297397706285,8.829000000000008,-0.016013942465270173,-0.005110185381880683,0.0004999712181465353,-0.007587203573691549,0.01768754406295767,-0.28459241691183956,0.2798255840789284,0.0,5.551115123125783e-17,0.018187515281104204,-0.012354036406602653
12.299999999999972,0.0,453.0,454.0662147682405,453.73062781010924,0.8430947019549992,PILOT_DESC_ADD_SLACK_ACC,caténaire,,0.007603658940774023,0.28514153148691157,0.28514153148691157,0.06574214518149218,-0.9978366451213021,0.06206206100433923,-0.9980722922633879,29.97639398310535,-452.79011477998915,0.0,-25.0,-0.01769647112201142,0.28459186195063485,0.0017114241715268446,33.5415450728226,8.829000000000008,-0.015985046950484576,-0.002863065226769379,0.0004998808499949169,-0.007587209528108545,0.01769647112201142,-0.28459186195063485,0.27987755079052085,0.0,-5.551115123125783e-17,0.018196351972006336,-0.0123015206882226
12.399999999999972,0.0,453.0,454.15209329141646,453.7813226827454,0.8587852317594993,PILOT_DESC_ADD_SLACK_ACC,caténaire,,0.007603658940774023,0.28514153148691157,0.28514153148691157,0.0657312995092037,-0.9978373596257215,0.0620800317512071,-0.99807117464526,29.975908264743293,-452.8409536395772,0.0,-25.0,-0.017701595328295287,0.2845915432712902,0.0017495999788086597,33.54280440260872,8.829000000000008,-0.015951995349486627,-0.0016040541199942027,0.0004997983832018518,-0.007587214960956461,0.017701595328295287,-0.2845915432712902,0.27993048463574044,0.0,-5.551115123125783e-17,0.01820139371149714,-0.012248273596506265
12.499999999999972,0.0,453.0,454.2393839622748,453.8320182735251,0.8729067085835494,PILOT_DESC_ADD_SLACK_ACC,caténaire,,0.007603658940774023,0.28514153148691157,0.28514153148691157,0.06572117845052423,-0.9978380262863679,0.062088682827084206,-0.998070636510662,29.97541722904945,-452.89179303385,0.0,-25.0,-0.017704062109319896,0.2845913898267668,0.0017881166462738744,33.543509962068775,8.829000000000008,-0.015915945463046022,-0.0008986481044672701,0.0004997214261235337,-0.007587220030016646,0.017704062109319896,-0.2845913898267668,0.27998428890122445,0.0,-5.551115123125783e-17,0.01820378353544343,-0.012194320955559057
12.599999999999971,0.0,453.0,454.32794556604733,453.8827141382477,0.8856160377251944,PILOT_DESC_ADD_SLACK_ACC,caténaire,,0.007603658940774023,0.28514153148691157,0.28514153148691157,0.06571156148649791,-0.9978386596474434,0.06209081979413146,-0.9980705035704104,29.974920888040458,-452.9426327276721,0.0,-25.0,-0.017704671447376488,0.28459135191997986,0.0018269642096999158,33.54390524476448,8.829000000000008,-0.01587770723767657,-0.000503403315548212,0.0004996483020090318,-0.00758722484587825,0.017704671447376488,-0.28459135191997986,0.28003887654494636,0.0,-5.551115123125783e-17,0.01820431974938552,-0.01213970022091182
12.69999999999997,0.0,453.0,454.4176510094426,453.9339097886364,0.8970544339526749,PILOT_DESC_ADD_SLACK_ACC,caténaire,,0.007603658940774023,0.28514153148691157,0.28514153148691157,0.06595350091481124,-0.9978226975355292,0.04476149980374288,-0.9989977017667857,29.974419254462386,-452.9934725892953,0.0,-25.0,-0.012763362605690337,0.28485573463368624,0.001866134405148728,33.54412667462532,8.829000000000008,-0.01089722820054161,-1.759074100249336e-05,0.0005014879269062522,-0.00758710347542328,0.012763362605690337,-0.28485573463368624,0.2800941692290824,0.0,-5.551115123125783e-17,0.013264850532596588,-0.01234866888002717
12.79999999999997,0.0,453.0,454.5083859084983,453.98438343220334,0.9073489905574075,PILOT_DESC_ADD_SLACK_ACC,caténaire,,0.007603658940774023,0.28514153148691157,0.28514153148691157,0.06586882615491552,-0.9978282907098663,0.049956456568841,-0.9987513967184656,29.973913988474912,-453.0443124567821,0.0,-25.0,-0.014244660533698706,0.28478550283499526,0.0018932582134171916,33.54413441218843,8.829000000000008,-0.012351402320281514,-8.008497658806846e-05,0.0005008440889111131,-0.007587146004013336,0.014244660533698706,-0.28478550283499526,0.28015009644959127,0.0,0.0,0.01474550462260982,-0.01222255238941733
12.89999999999997,0.0,453.0,454.6000473176485,454.0354221066588,0.9166140915016667,PILOT_DESC_ADD_SLACK_ACC,caténaire,,0.007603658940774023,0.28514153148691157,0.28514153148691157,0.06594099532950934,-0.9978235240436827,0.04239123955711476,-0.9991010873824587,29.97340460535333,-453.0951523509639,0.0,-25.0,-0.01208750296894425,0.28488521416647294,0.0019242381563197213,33.54416963887852,8.829000000000008,-0.010163264812624528,5.4853044986202804e-05,0.0005013928387007618,-0.007587109759909391,0.01208750296894425,-0.28488521416647294,0.2802065947528355,0.0,-5.551115123125783e-17,0.012588895807645011,-0.012265729173546902
12.99999999999997,0.0,453.0,454.69254258588364,454.0858381901681,0.9249526823515001,PILOT_DESC_ADD_SLACK_ACC,caténaire,,0.007603658940774023,0.28514153148691157,0.28514153148691157,0.06585498195556735,-0.997829204499263,0.04829098600119638,-0.9988333097524493,29.972891834476812,-453.1459922268613,0.0,-25.0,-0.013769765705394142,0.2848088596429541,0.0019499183349113987,33.54414551090076,8.829000000000008,-0.011819847370482743,-4.56294562951598e-05,0.0005007388223409616,-0.007587152952156252,0.013769765705394142,-0.2848088596429541,0.2802636070305417,0.0,5.551115123125783e-17,0.014270504527735104,-0.012132405564568571
13.09999999999997,0.0,453.0,454.7857883272953,454.13638535261583,0.9324574141163501,PILOT_DESC_ADD_SLACK_ACC,caténaire,,0.007603658940774023,0.28514153148691157,0.28514153148691157,0.06579231542999911,-0.997833338403944,0.0524159769541391,-0.9986253378319334,29.972375123651172,-453.1968321179686,0.0,-25.0,-0.014945971943085884,0.28474955821103193,0.0019799984135013397,33.544165581780746,8.829000000000008,-0.012965973529584545,-8.486000822927053e-05,0.0005002623274535374,-0.00758718438495754,0.014945971943085884,-0.28474955821103193,0.28032108188526367,0.0,-5.551115123125783e-17,0.015446234270539422,-0.01201566071072585
13.199999999999969,0.0,453.0,454.87970949456576,454.1869999780466,0.9392116727047151,PILOT_DESC_ADD_SLACK_ACC,caténaire,,0.007603658940774023,0.28514153148691157,0.28514153148691157,0.06574596289528493,-0.9978363935851267,0.055299207266295176,-0.998469828124876,29.971854090834356,-453.2476720373625,0.0,-25.0,-0.015768100649923556,0.2847052159350005,0.0020132600550196804,33.5442029088598,8.829000000000008,-0.013754840594903875,-9.187520520725911e-05,0.0004999098785885305,-0.007587207615513255,0.015768100649923556,-0.2847052159350005,0.2803789730592997,0.0,0.0,0.016268010528512088,-0.011913450491214006
13.299999999999969,0.0,453.0,454.9742385451092,454.2376498838497,0.9452905054342435,PILOT_DESC_ADD_SLACK_ACC,caténaire,,0.007603658940774023,0.28514153148691157,0.28514153148691157,0.06571100912575042,-0.9978386960223959,0.05731345700902356,-0.9983562328375952,29.971328473070674,-453.2985119873815,0.0,-25.0,-0.016342446906362242,0.2846728252008156,0.0020488482324189632,33.5442433217487,8.829000000000008,-0.014293598673943279,-8.385305049074532e-05,0.0004996441020462956,-0.007587225122460984,0.016342446906362242,-0.2846728252008156,0.2804372389207185,0.0,1.1102230246251565e-16,0.016842091008408538,-0.011822811402557976
13.399999999999968,0.0,453.0,455.0693146905983,454.28831858975605,0.9507614548908192,PILOT_DESC_ADD_SLACK_ACC,caténaire,,0.007603658940774023,0.28514153148691157,0.28514153148691157,0.06568401891327602,-0.9978404730513792,0.05871952551122894,-0.9982745200212896,29.9707980907741,-453.3493519653515,0.0,-25.0,-0.016743375432456596,0.2846495254832321,0.002086160701932229,33.544280205932736,8.829000000000008,-0.014657214730524367,-7.02685840394679e-05,0.0004994388776759012,-0.007587238634383301,0.016743375432456596,-0.2846495254832321,0.28049584200078176,0.0,-5.551115123125783e-17,0.017242814310132498,-0.011740922116833696
13.499999999999968,0.0,453.0,455.16488322153845,454.3389975216699,0.9556853094017372,PILOT_DESC_ADD_SLACK_ACC,caténaire,,0.007603658940774023,0.28514153148691157,0.28514153148691157,0.06566259142959328,-0.9978418833095503,0.059699906224749966,-0.9982163699302653,29.970262822739283,-453.4001919667444,0.0,-25.0,-0.01702292269055021,0.2846329444772213,0.0021247720212202,33.544311114855425,8.829000000000008,-0.01489815066933001,-5.5940667358811424e-05,0.0004992759503980187,-0.007587249357505451,0.01702292269055021,-0.2846329444772213,0.2805547485776251,0.0,0.0,0.017522198640948228,-0.01166544525710167
13.599999999999968,0.0,453.0,455.2608948993846,454.3896821285899,0.9601167784615635,PILOT_DESC_ADD_SLACK_ACC,caténaire,,0.007603658940774023,0.28514153148691157,0.28514153148691157,0.06564504876881332,-0.9978430375425487,0.060382316268891525,-0.9981753232183231,29.969722588654243,-453.45103198678413,0.0,-25.0,-0.017217506135638785,0.2846212403549156,0.0021643808589966902,33.54433572131148,8.829000000000008,-0.015053125276642095,-4.3038333615186275e-05,0.0004991425619885341,-0.007587258133899509,0.017217506135638785,-0.2846212403549156,0.2806139283015704,0.0,0.0,0.01771664869762732,-0.01159457018724469
13.699999999999967,0.0,453.0,455.35730540944616,454.4403699354542,0.9641051006154071,PILOT_DESC_ADD_SLACK_ACC,caténaire,,0.007603658940774023,0.28514153148691157,0.28514153148691157,0.06563021827071577,-0.9978440130850805,0.060856146625275956,-0.9981465470650704,29.969177336860778,-453.50187202117,0.0,-25.0,-0.017352614849123232,0.2846130350785068,0.002204773227540634,33.544354652534274,8.829000000000008,-0.015147841621582598,-3.231238722634089e-05,0.0004990297959390787,-0.0075872655515922035,0.017352614849123232,-0.2846130350785068,0.2806733538579075,0.0,5.551115123125783e-17,0.017851644645062312,-0.011526946772191515
13.799999999999967,0.0,453.0,455.45407486850155,454.4910595578018,0.9676945905538664,PILOT_DESC_ADD_SLACK_ACC,caténaire,,0.007603658940774023,0.28514153148691157,0.28514153148691157,0.06561728038773124,-0.9978448639515654,0.06118396759984335,-0.9981265060646077,29.96862703578677,-453.5527120663267,0.0,-25.0,-0.01744609022386491,0.2846073205569424,0.0022457967135478657,33.54436886573201,8.829000000000008,-0.015200293510317044,-2.3813711052866893e-05,0.0004989314206894485,-0.007587272021290758,0.01744609022386491,-0.2846073205569424,0.28073300066339724,0.0,0.0,0.01794502164455436,-0.011461591914835922
13.899999999999967,0.0,453.0,455.5511673816514,454.6591539674683,0.9709251314984798,PILOT_DESC_ADD_SLACK_ACC,caténaire,,0.007603658940774023,0.28514153148691157,0.28514153148691157,0.0807486639450979,-0.9967344948736759,0.05920521243909617,-0.998245832858841,29.968071667948262,-453.6035521194213,0.0,-25.0,-0.01688186494689183,0.2846413455817975,0.0022873423617430734,33.544379340618086,8.829000000000008,-0.014594522585148755,2.068619987483089e-05,0.0006139853005617007,-0.007578829153524105,0.01688186494689183,-0.2846413455817975,0.2807928465931243,0.0,0.0,0.01749585024745353,-0.011427328142197268
13.999999999999966,0.0,453.0,455.64855064348626,455.3407011659889,0.9738326183486319,PILOT_DESC_ADD_SLACK_ACC,caténaire,,0.007603658940774023,0.28514153148691157,0.28514153148691157,0.09313283580975006,-0.9956536922514948,0.05550413168702387,-0.9984584575062048,29.96751143526889,-453.6543921656205,0.0,-25.0,-0.0158265331130892,0.28470197369937866,0.0023275906177558734,33.54437024143037,8.829000000000008,-0.013498942495333328,7.221512974098232e-05,0.0007081503196844451,-0.007570611099002746,0.0158265331130892,-0.28470197369937866,0.28085287173466505,0.0,5.551115123125783e-17,0.016534683432773648,-0.011419713063716308
14.099999999999966,0.0,453.0,455.74619557913763,455.3791112115735,0.9764493565137687,PILOT_DESC_ADD_SLACK_ACC,caténaire,,0.007603658940774023,0.28514153148691157,0.28514153148691157,0.10344317057300408,-0.9946353655796702,0.052718394946268975,-0.9986094185587722,29.966946702942018,-453.705232187748,0.0,-25.0,-0.015032203872510995,0.28474501896510257,0.002365130009120284,33.54433847630739,8.829000000000008,-0.01266707386339071,8.349527248441291e-05,0.0007865465887894348,-0.007562868090299899,0.015032203872510995,-0.28474501896510257,0.28091305816683815,0.0,-5.551115123125783e-17,0.01581875046130043,-0.011394828888564357
14.199999999999966,0.0,453.0,455.8440760212239,455.4606300328525,0.9788044208623918,PILOT_DESC_ADD_SLACK_ACC,caténaire,,0.007603658940774023,0.28514153148691157,0.28514153148691157,0.11225796360747267,-0.9936790979016835,0.050663146690873045,-0.9987157981965535,29.966377748257194,-453.7560721820437,0.0,-25.0,-0.014446167237381596,0.2847753522179386,0.0024006291579620432,33.544301749388836,8.829000000000008,-0.012045538079419552,7.71016067702135e-05,0.0008535712686570444,-0.007555596957020402,0.014446167237381596,-0.2847753522179386,0.28097338976058017,0.0,-5.551115123125783e-17,0.01529973850603864,-0.011357559414378882
14.299999999999965,0.0,453.0,455.9421684191015,456.21357097403165,0.9809239787761527,PILOT_DESC_ADD_SLACK_ACC,caténaire,,0.007603658940774023,0.28514153148691157,0.28514153148691157,0.12020973528386547,-0.9927485177742563,0.049170269141705386,-0.9987904107632054,29.96580477839301,-453.8069121506389,0.0,-25.0,-0.014020485846689502,0.2847966273594619,0.0024346317543876652,33.54426783494159,8.829000000000008,-0.011585854092301838,6.446230104728556e-05,0.0009140338284592423,-0.007548521143114383,0.014020485846689502,-0.2847966273594619,0.28103385199973435,0.0,0.0,0.014934519675148744,-0.011311296502841905
14.399999999999965,0.0,453.0,456.04045157719133,455.7968143812998,0.9828315808985374,PILOT_DESC_ADD_SLACK_ACC,caténaire,,0.007603658940774023,0.28514153148691157,0.28514153148691157,0.12785350381023505,-0.9917930638814966,0.0480200722216618,-0.998846370901865,29.965227946577464,-453.85775209774664,0.0,-25.0,-0.013692516935396744,0.28481258391910147,0.002467562340454751,33.54423948007711,8.829000000000008,-0.011224954594941994,5.206399620050206e-05,0.0009721544373559794,-0.007541256197580204,0.013692516935396744,-0.28481258391910147,0.28109443181975946,0.0,1.1102230246251565e-16,0.014664671372752723,-0.011259408296922124
14.499999999999964,0.0,453.0,456.1389064194722,455.7846828191468,0.9845484228086836,PILOT_DESC_ADD_SLACK_ACC,caténaire,,0.007603658940774023,0.28514153148691157,0.28514153148691157,0.1346072548879068,-0.9908990296349786,0.047147920062695324,-0.9988879184541984,29.964647373110385,-453.9085920274997,0.0,-25.0,-0.013443830133099428,0.28482443085180337,0.002499678123817681,33.5442165787983,8.829000000000008,-0.010944152009281748,4.100965009712354e-05,0.0010235076571214804,-0.0075344582660883085,0.013443830133099428,-0.28482443085180337,0.28115511746256844,0.0,0.0,0.014467337790220908,-0.011203771655323214
14.599999999999964,0.0,453.0,456.237515777525,455.8255473995473,0.9860935805278153,PILOT_DESC_ADD_SLACK_ACC,caténaire,,0.007603658940774023,0.28514153148691157,0.28514153148691157,0.13939187853307522,-0.9902372969137349,0.046444994086864214,-0.9989208489786722,29.964063151592637,-453.9594319435829,0.0,-25.0,-0.013243396743829013,0.2848338207119845,0.0025311904218277043,33.54419854001586,8.829000000000008,-0.01071220632200131,3.236072784318367e-05,0.001059888303479304,-0.007529426676166021,0.013243396743829013,-0.2848338207119845,0.28121589834588284,0.0,-5.551115123125783e-17,0.014303285047308318,-0.011147349042267718
14.699999999999964,0.0,453.0,456.33626419977253,455.87011864200105,0.9874842224750338,PILOT_DESC_ADD_SLACK_ACC,caténaire,,0.007603658940774023,0.28514153148691157,0.28514153148691157,0.14298091180379224,-0.9897254462020042,0.04587206378369267,-0.9989473228174872,29.963475359339448,-454.0102718488792,0.0,-25.0,-0.01308003051974742,0.28484136950292854,0.002562226019250764,33.54418430562621,8.829000000000008,-0.010517804500496657,2.567512913032033e-05,0.001087178088396927,-0.007525534737925429,0.01308003051974742,-0.28484136950292854,0.2812767649456521,0.0,0.0,0.014167208608144346,-0.011090139295201862
14.799999999999963,0.0,453.0,456.4351377797953,456.25517893794614,0.9887358002275304,PILOT_DESC_ADD_SLACK_ACC,caténaire,,0.007603658940774023,0.28514153148691157,0.28514153148691157,0.14591369379796967,-0.9892973233372423,0.045386624427384434,-0.9989694961924951,29.962884061151424,-454.0611117456171,0.0,-25.0,-0.012941611598245669,0.2848476920530365,0.0025928823857386514,33.54417301195492,8.829000000000008,-0.010348729212507016,2.0704007944516434e-05,0.0011094779624282953,-0.0075222794376770315,0.012941611598245669,-0.2848476920530365,0.28133770869023084,0.0,-5.551115123125783e-17,0.014051089560673965,-0.01103226280048275
14.899999999999963,0.0,453.0,456.53412400181577,456.94098800677244,0.9898622202047773,PILOT_DESC_ADD_SLACK_ACC,caténaire,,0.007603658940774023,0.28514153148691157,0.28514153148691157,0.14908277838197542,-0.9888247191438485,0.0449499591192231,-0.9989892397694683,29.962289313386997,-454.1119516354537,0.0,-25.0,-0.012817100183529342,0.2848533217668117,0.0026232238828115644,33.54416390499409,8.829000000000008,-0.010193876300717778,1.7226760895994175e-05,0.0011335746007595396,-0.007518685916576486,0.012817100183529342,-0.2848533217668117,0.281398721865138,0.0,-5.551115123125783e-17,0.013950674784288882,-0.0109732858182503
14.999999999999963,0.0,453.0,456.6332116016342,456.24874638980384,0.9908759981842996,PILOT_DESC_ADD_SLACK_ACC,caténaire,,0.007603658940774023,0.28514153148691157,0.28514153148691157,0.15345148831479,-0.9881561823588293,0.044575681167993014,-0.9990060103164591,29.9616911676638,-454.162791519548,0.0,-25.0,-0.01271037799531381,0.2848581037462645,0.00265328391860815,33.54415632750015,8.829000000000008,-0.010057094076705662,1.4431246405877118e-05,0.0011667927810998335,-0.007513602590873838,0.01271037799531381,-0.2848581037462645,0.2814597975273408,0.0,5.551115123125783e-17,0.013877170776413645,-0.010911908809797533
15.099999999999962,0.0,453.0,456.7323904414708,456.5832149934611,0.9917883983658696,PILOT_DESC_ADD_SLACK_ACC,caténaire,,0.007603658940774023,0.28514153148691157,0.28514153148691157,0.15831517889613783,-0.9873886287227961,0.04423122908965924,-0.9990213202796117,29.961089669575912,-454.2136313988319,0.0,-25.0,-0.01261216040217387,0.28486246925260483,0.002683108427226363,33.54414997965534,8.829000000000008,-0.009929051974947506,1.2448907931172926e-05,0.0012037746254738573,-0.007507766374806691,0.01261216040217387,-0.28486246925260483,0.2815209294281097,0.0,5.551115123125783e-17,0.013815935027647728,-0.0108493061993018
15.199999999999962,0.0,453.0,456.8316513973237,456.69058310180503,0.9926095585292827,PILOT_DESC_ADD_SLACK_ACC,caténaire,,0.007603658940774023,0.28514153148691157,0.28514153148691157,0.16346734178267977,-0.9865487459677319,0.04390290202673472,-0.9990358027586554,29.960484861804034,-454.2644712739662,0.0,-25.0,-0.012518540720622971,0.2848665988088591,0.002712716741899523,33.54414450380892,8.829000000000008,-0.009805823978723448,1.1102617776259649e-05,0.001242949914870436,-0.0075013801927869455,0.012518540720622971,-0.2848665988088591,0.281582111943588,0.0,5.551115123125783e-17,0.013761490635493407,-0.010785867058058007
15.299999999999962,0.0,453.0,456.9309862575913,456.8344197208491,0.9933486026763544,PILOT_DESC_ADD_SLACK_ACC,caténaire,,0.007603658940774023,0.28514153148691157,0.28514153148691157,0.16744697176457496,-0.9858810839279114,0.0436198485555226,-0.9990482014457527,29.95987678542416,-454.3153111453996,0.0,-25.0,-0.012437830420348862,0.2848701341894865,0.002742117049958435,33.54413962017131,8.829000000000008,-0.009695713370390427,9.754360789315797e-06,0.0012732096639632457,-0.0074963035183484485,0.012437830420348862,-0.2848701341894865,0.28164334001230484,0.0,0.0,0.013711040084312108,-0.010723097695530093
15.399999999999961,0.0,453.0,457.0303876318322,456.40030042738243,0.994013742408719,PILOT_DESC_ADD_SLACK_ACC,caténaire,,0.007603658940774023,0.28514153148691157,0.28514153148691157,0.16949194367740905,-0.9855315728217204,0.04332114853893385,-0.999061198370384,29.959265477139834,-454.3661510135816,0.0,-25.0,-0.01235265864016358,0.28487384015248046,0.002771343021899136,33.54413532956749,8.829000000000008,-0.009581315618264445,9.169719959345457e-06,0.0012887589329318985,-0.007493645955100959,0.01235265864016358,-0.28487384015248046,0.28170460907893635,0.0,-5.551115123125783e-17,0.01364141757309548,-0.010662877028645101
15.499999999999961,0.0,453.0,457.129848868649,457.12173595961553,0.994612368167847,PILOT_DESC_ADD_SLACK_ACC,caténaire,,0.007603658940774023,0.28514153148691157,0.28514153148691157,0.16966327279708565,-0.9855020922675821,0.043086066956297006,-0.9990713642349267,29.958650975083632,-454.416990878707,0.0,-25.0,-0.012285627117666143,0.28487673886266507,0.0028003763547957373,33.54413129610011,8.829000000000008,-0.009485250762870406,8.03496276802207e-06,0.0012900616611245424,-0.007493421795021907,0.012285627117666143,-0.28487673886266507,0.28176591504369103,0.0,0.0,0.013575688778790685,-0.010604245613995922
15.59999999999996,0.0,453.0,457.2293639817841,456.95107545756906,0.9951511313510624,PILOT_DESC_ADD_SLACK_ACC,caténaire,,0.007603658940774023,0.28514153148691157,0.28514153148691157,0.16803790287906578,-0.98578053500564,0.04286555327995556,-0.9990808497524128,29.958033311277177,-454.46783074115405,0.0,-25.0,-0.012222749510280333,0.284879443577648,0.0028292676130001163,33.54412776175314,8.829000000000008,-0.009393481897280218,7.205330781800967e-06,0.0012777029026153255,-0.007495538978636635,0.012222749510280333,-0.284879443577648,0.28182725421675664,0.0,-5.551115123125783e-17,0.013500452412895658,-0.01054772833952805
15.69999999999996,0.0,453.0,457.3289275836057,456.4802650161879,0.9956360182159562,PILOT_DESC_ADD_SLACK_ACC,caténaire,,0.007603658940774023,0.28514153148691157,0.28514153148691157,0.16707798618760922,-0.9859436832453937,0.04258366595555509,-0.9990929042855754,29.95741251631009,-454.51867060119935,0.0,-25.0,-0.012142371726894037,0.28488288082569535,0.002858025476849737,33.544124592407655,8.829000000000008,-0.0092843462500443,7.47323334593375e-06,0.0012704040234819336,-0.0074967795022085094,0.012142371726894037,-0.28488288082569535,0.28188862327730196,0.0,5.551115123125783e-17,0.013412775750375971,-0.010491037050601837
15.79999999999996,0.0,453.0,457.42853482524515,457.22632777613194,0.9960724163943605,PILOT_DESC_ADD_SLACK_ACC,caténaire,,0.007603658940774023,0.28514153148691157,0.28514153148691157,0.16778089966794227,-0.9858243097563661,0.04235132632248533,-0.9991027800775686,29.95678862656092,-454.56951045875354,0.0,-25.0,-0.012076122048095418,0.2848856968241489,0.002886592116201277,33.54412130514575,8.829000000000008,-0.009189529931894142,7.00196989100732e-06,0.0012757487378512586,-0.007495871826911373,0.012076122048095418,-0.2848856968241489,0.28195001923657914,0.0,5.551115123125783e-17,0.013351870785946678,-0.010431549414481045
15.89999999999996,0.0,453.0,457.52818134272064,457.65687705831743,0.9964651747549245,PILOT_DESC_ADD_SLACK_ACC,caténaire,,0.007603658940774023,0.28514153148691157,0.28514153148691157,0.17144570400413722,-0.9851935701061624,0.0421429386856,-0.9991115917248392,29.9561616736351,-454.62035031397374,0.0,-25.0,-0.012016702078170996,0.28488820939074655,0.00291500690634816,33.544118225213126,8.829000000000008,-0.009101695171822837,6.434603861293908e-06,0.0013036146601083547,-0.007491075897730801,0.012016702078170996,-0.28488820939074655,0.28201143940471496,0.0,-1.1102230246251565e-16,0.013320316738279351,-0.010367845883762494
15.99999999999996,0.0,453.0,457.62786320844856,457.39190444767434,0.996818657279432,PILOT_DESC_ADD_SLACK_ACC,caténaire,,0.007603658940774023,0.28514153148691157,0.28514153148691157,0.1785181951764569,-0.9839366107585085,0.041925328532570444,-0.9991207468706853,29.955531686810897,-454.6711901670491,0.0,-25.0,-0.011954652385869046,0.2848908199030541,0.002943287284546777,33.54411539484068,8.829000000000008,-0.00901136510132227,6.214743727639416e-06,0.0013573914708443085,-0.007481518407548822,0.011954652385869046,-0.2848908199030541,0.2820728813608235,0.0,5.551115123125783e-17,0.013312043856713356,-0.010299456949779406
16.09999999999996,0.0,453.0,457.72757688760373,457.8298848309778,0.9971367915514888,PILOT_DESC_ADD_SLACK_ACC,caténaire,,0.007603658940774023,0.28514153148691157,0.28514153148691157,0.18641990803151745,-0.9824701613227349,0.041710350027463795,-0.9991297446781308,29.954898696198324,-454.7220300180528,0.0,-25.0,-0.01189335308568617,0.2848933855516491,0.0029714214893290835,33.54411266115692,8.829000000000008,-0.008921931596357086,6.046708563189895e-06,0.0014174734004421187,-0.00747036802618531,0.01189335308568617,-0.2848933855516491,0.28213434292610756,0.0,0.0,0.01331082648612829,-0.010229410651726889
16.19999999999996,0.0,453.0,457.8273191988434,456.7542722124058,0.99742311239634,PILOT_DESC_ADD_SLACK_ACC,caténaire,,0.007603658940774023,0.28514153148691157,0.28514153148691157,0.19350134626981128,-0.9811000096788149,0.041515179788218254,-0.9991378732923458,29.95426273160855,-454.772869867041,0.0,-25.0,-0.01183770194476703,0.2848957033571553,0.002999408315239811,33.544110001432465,8.829000000000008,-0.008838293629527219,5.704789614924266e-06,0.0014713182416162607,-0.007459949860387801,0.01183770194476703,-0.2848957033571553,0.2821958221396495,0.0,0.0,0.01330902018638329,-0.010159831077893589
16.29999999999996,0.0,453.0,457.92708727895905,457.58831349208504,0.997680801156706,PILOT_DESC_ADD_SLACK_ACC,caténaire,,0.007603658940774023,0.28514153148691157,0.28514153148691157,0.1968209730414755,-0.9804394446221587,0.04128188747831894,-0.9991475395386946,29.953623820920903,-454.8237097141276,0.0,-25.0,-0.011771180618238222,0.2848984596054429,0.0030272621241238147,33.54410749210541,8.829000000000008,-0.008743918494114407,5.951710846829883e-06,0.0014965595513986582,-0.0074549271489887945,0.011771180618238222,-0.2848984596054429,0.2822573172366236,0.0,-1.1102230246251565e-16,0.013267740169636881,-0.010096069517808226
16.399999999999963,0.0,453.0,458.02687855106313,458.1289426923171,0.9979127210410353,PILOT_DESC_ADD_SLACK_ACC,caténaire,,0.007603658940774023,0.28514153148691157,0.28514153148691157,0.1969082396431177,-0.9804219220114616,0.04108609848449873,-0.9991556097582208,29.952981995593756,-454.8745495592303,0.0,-25.0,-0.011715353044692043,0.28490076076019805,0.003054945190207036,33.544104874163196,8.829000000000008,-0.008660407854485007,5.634923383013302e-06,0.001497223096874466,-0.007454793913033302,0.011715353044692043,-0.28490076076019805,0.2823188266286867,0.0,-1.1102230246251565e-16,0.013212576141566509,-0.010036728044544752
16.499999999999964,0.0,453.0,458.1266906959568,457.72781018010824,0.9981214489369318,PILOT_DESC_ADD_SLACK_ACC,caténaire,,0.007603658940774023,0.28514153148691157,0.28514153148691157,0.1931105244944866,-0.9811770101920776,0.0409120207018058,-0.9991627527896019,29.95233728346399,-454.92538940245464,0.0,-25.0,-0.011665716239137137,0.2849027975351055,0.0030824880636643186,33.54410239551564,8.829000000000008,-0.008583228175472819,5.193050732543725e-06,0.001468346566130064,-0.0074605353460289155,0.011665716239137137,-0.2849027975351055,0.2823803488863298,0.0,-5.551115123125783e-17,0.0131340628052672,-0.009982983994804684
16.599999999999966,0.0,453.0,458.22652162636115,458.4259625370163,0.9983093040432386,PILOT_DESC_ADD_SLACK_ACC,caténaire,,0.007603658940774023,0.28514153148691157,0.28514153148691157,0.18615834829905734,-0.982519755200152,0.04074441434779744,-0.9991696015689503,29.951689710258165,-454.976229243948,0.0,-25.0,-0.011617924706668257,0.28490475040653773,0.0031099074379873607,33.54410011129541,8.829000000000008,-0.008508017268680897,4.861701938807528e-06,0.0014154845894438519,-0.00747074512111474,0.011617924706668257,-0.28490475040653773,0.28244188272299486,0.0,5.551115123125783e-17,0.013033409296112108,-0.009933612804657543
16.699999999999967,0.0,453.0,458.32636946372503,457.1583983543003,0.9984783736389147,PILOT_DESC_ADD_SLACK_ACC,caténaire,,0.007603658940774023,0.28514153148691157,0.28514153148691157,0.17926724765839697,-0.983800413659693,0.04055438865295418,-0.9991773323894938,29.951039301046585,-455.02706908382083,0.0,-25.0,-0.011563740489018783,0.28490695478454714,0.003137206368844336,33.54409797282068,8.829000000000008,-0.008426534120174446,4.927605218085773e-06,0.0013630870104457211,-0.007480482811260706,0.011563740489018783,-0.28490695478454714,0.28250342698077985,0.0,5.551115123125783e-17,0.012926827499464505,-0.009884010615027916
16.79999999999997,0.0,453.0,458.42623251735256,457.5944060876698,0.9986305362750232,PILOT_DESC_ADD_SLACK_ACC,caténaire,,63.5607966677248,13.911751095842433,63.5607966677248,0.17580018233977265,-0.9844258712007231,0.04037580980089794,-0.999184564523953,29.9503860829903,-455.0779089220511,0.0,-25.0,-0.5616982162431675,13.900406960464947,0.0031643614362916656,33.544095805316964,8.829000000000008,-0.5585338548068759,13.615502765781905,11.173999643847234,-62.570892633837005,0.5616982162431675,-13.900406960464947,0.2825649806175726,0.0,0.0,11.7356978600904,-76.18873461368437
16.89999999999997,0.0,453.0,458.5261092656173,458.72174772395135,0.9987674826475209,PILOT_DESC_ADD_SLACK_ACC,caténaire,,0.018358145186049057,0.2851417164464429,0.2851417164464429,0.17606992182910947,-0.9843776626006357,0.04023578135280751,-0.9991902130720303,29.94973008211441,-455.12874875867396,0.0,-25.0,-0.011472899757503315,0.28491081241184574,0.0031913802982224786,33.54409368416981,8.829000000000008,-0.008281519459280837,4.496581645696551e-06,0.0032323171878350996,-0.018071348047926084,0.011472899757503315,-0.28491081241184574,0.28262654269547255,0.0,5.551115123125783e-17,0.014705216945338415,-0.020355617764299228
16.99999999999997,0.0,453.0,458.6259983390556,458.85507846837316,0.9988907343827689,PILOT_DESC_ADD_SLACK_ACC,caténaire,,55.24286760563957,13.91175104658233,55.24286760563957,0.18105534829607944,-0.9834729080424054,0.040069395371128885,-0.9991968992919225,29.948888561640178,-455.1750500688882,0.0,-25.0,-0.5574354529902235,13.900578509466222,0.005251690150619226,27.822383409002885,8.829000000000008,-0.5521837628396042,7.893961918469103,10.002016635213277,-54.329863652719936,0.5574354529902235,-13.900578509466222,0.28268811237036884,0.0,5.551115123125783e-17,10.5594520882035,-67.9477540498158
17.099999999999973,0.0,453.0,458.7258985051501,457.86439966444226,0.9990016609444919,PILOT_DESC_ADD_SLACK_ACC,caténaire,,3.4332236637456006,0.2851419971953071,3.4332236637456006,0.18901024302094466,-0.9819751157912117,0.03989477293071876,-0.9992038866481687,29.94804498324394,-455.22325861372644,0.0,-25.0,-0.011375675231118421,0.28491499184417207,0.005277407370618742,30.161699936975555,8.829000000000008,-0.006098267860499679,-3.3823850711802805,0.6489144390298139,-3.371340204743714,0.011375675231118421,-0.28491499184417207,0.28274968888256174,0.0,-5.551115123125783e-17,0.6602901142609323,-3.3735055077053246
17.199999999999974,0.0,453.0,458.8258086546351,458.7336779638515,0.9991014948500427,PILOT_DESC_ADD_SLACK_ACC,caténaire,,49.256633979402054,13.911751062944827,49.256633979402054,0.1983408267356439,-0.9801331115975122,0.039754124129191146,-0.999209492356193,29.9470181619338,-455.2680560333471,0.0,-25.0,-0.5530494786107155,13.90075371739083,0.007819148613897728,26.044364666972022,8.829000000000008,-0.5452303299968178,6.116118384362842,9.769601505689613,-48.27805792905108,0.5530494786107155,-13.90075371739083,0.2828112715483217,0.0,5.551115123125783e-17,10.322650984300328,-61.89600037489359
17.299999999999976,0.0,453.0,458.9257277891716,457.6871003337395,0.9991913453650385,PILOT_DESC_ADD_SLACK_ACC,caténaire,,7.793727733606538,0.2851423045794057,7.793727733606538,0.20398754571591154,-0.9789734833961535,0.03963767770892649,-0.9992141184480149,29.945990168483082,-455.3153533592153,0.0,-25.0,-0.011302378770099037,0.28491821650254623,0.007837010285500687,29.032266630937933,8.829000000000008,-0.003465368484598349,-4.511815152559528,1.5898233923564313,-7.629852788010001,0.011302378770099037,-0.28491821650254623,0.28287285975229204,0.0,-5.551115123125783e-17,1.6011257711265303,-7.631898144760255
17.399999999999977,0.0,453.0,459.02565501025447,457.36891707662465,0.9992722108285347,PILOT_DESC_ADD_SLACK_ACC,caténaire,,44.01236552189102,13.91175110021023,44.01236552189102,0.2052915681970523,-0.9787008593166735,0.039479345347874964,-0.9992203867470394,29.944780977534126,-455.35961599018174,0.0,-25.0,-0.5492268260788792,13.900905314680617,0.01084325064168288,25.426244529927835,8.829000000000008,-0.5383835754371963,5.498149844608449,9.035367538050883,-43.07493995683427,0.5492268260788792,-13.900905314680617,0.2829344529406517,0.0,-5.551115123125783e-17,9.584594364129762,-56.692910818574234
17.49999999999998,0.0,453.0,459.12558950922903,458.4692149316843,0.9993449897456812,PILOT_DESC_ADD_SLACK_ACC,caténaire,,12.470593480386047,0.28514262089281495,12.470593480386047,0.20529231996783978,-0.9787007016254878,0.039293667852682956,-0.9992277056140323,29.943571648591547,-455.4065845663036,0.0,-25.0,-0.011204299436005765,0.2849224068474993,0.010845725659923257,28.630079820744225,8.829000000000008,-0.0003585737760825082,-4.913997772408283,2.5601170669642688,-12.204978588940058,0.011204299436005765,-0.2849224068474993,0.28299605061496175,0.0,0.0,2.5713213664002748,-12.206904945172596
17.59999999999998,0.0,453.0,459.22553055830616,457.5840536975199,0.9994104907711131,PILOT_DESC_ADD_SLACK_ACC,caténaire,,39.0264882227087,13.91175114477125,39.0264882227087,0.2077809854048757,-0.9781753738998846,0.039160422372160796,-0.9992329364665848,29.942183720315192,-455.4506524467742,0.0,-25.0,-0.5447900507656336,13.901079947782149,0.014285773780660935,25.20299164126936,8.829000000000008,-0.5305042769849726,5.2750715890515,8.10896217980619,-38.17474970924753,0.5447900507656336,-13.901079947782149,0.2830576523266271,0.0,5.551115123125783e-17,8.653752230571824,-51.79277200470305
17.69999999999998,0.0,453.0,459.32547750247556,459.14527884949155,0.9994694416940018,PILOT_DESC_ADD_SLACK_ACC,caténaire,,17.261296088857986,0.28514294043350397,17.261296088857986,0.2111303745484811,-0.9774579095505945,0.038997016603115706,-0.9992393270363494,29.940796831861608,-455.4975006887316,0.0,-25.0,-0.011119723982346588,0.28492603990794035,0.014264376265200851,28.483566397421026,8.829000000000008,0.003144652282854264,-5.060507562671042,3.6443839084328187,-16.87219039114898,0.011119723982346588,-0.28492603990794035,0.28311925767191226,0.0,0.0,3.655503632415165,-16.873997173385007
17.799999999999983,0.0,453.0,459.425429752228,457.8276458083027,0.9995224975246015,PILOT_DESC_ADD_SLACK_ACC,caténaire,,34.13279514816233,13.91175119194786,34.13279514816233,0.21194356884845872,-0.9772819059124028,0.03887548805356274,-0.9992440624935418,29.93923385926999,-455.54149701893925,0.0,-25.0,-0.5408261172667062,13.901234777441351,0.01811642271705134,25.121217037078434,8.829000000000008,-0.5227096945496548,5.193451814519776,7.23422641847488,-33.3573630965137,0.5408261172667062,-13.901234777441351,0.2831808662874553,0.0,-5.551115123125783e-17,7.775052535741587,-46.9754170076676
17.899999999999984,0.0,453.0,459.5253867770052,457.7284706940073,0.9995702477721414,PILOT_DESC_ADD_SLACK_ACC,caténaire,,22.09480390142192,0.2851432611988436,22.09480390142192,0.21097280103953675,-0.97749193204933,0.03871491090820349,-0.9992502968092478,29.937673230462284,-455.58830096767116,0.0,-25.0,-0.011039295953387826,0.2849294883861013,0.018062129834674184,28.42973160811301,8.829000000000008,0.007022833881286357,-5.114338903500897,4.661402667502267,-21.597492553851986,0.011039295953387826,-0.2849294883861013,0.2832424778462303,0.0,-5.551115123125783e-17,4.672441963455655,-21.599179564391857
17.999999999999986,0.0,453.0,459.62534809930474,457.66412211656103,0.9996132229949273,PILOT_DESC_ADD_SLACK_ACC,caténaire,,29.27152633092061,13.911751240054901,29.27152633092061,0.21275700897102848,-0.9771051402657248,0.038580917726334756,-0.9992554792381144,29.935939091628534,-455.6322708986978,0.0,-25.0,-0.5367281300217936,13.901393652422493,0.022301673260857434,25.091079041991385,8.829000000000008,-0.5144264567609362,5.163472694413869,6.227722390183373,-28.601358841366043,0.5367281300217936,-13.901393652422493,0.2833040920539142,0.0,5.551115123125783e-17,6.764450520205166,-42.21944840173462
18.099999999999987,0.0,453.0,459.7253132893743,458.0112381169325,0.9996519006954345,PILOT_DESC_ADD_SLACK_ACC,caténaire,,26.945390952929927,0.2851435824613713,26.945390952929927,0.21492180671014852,-0.9766312594835603,0.038433979185583,-0.9992611416661623,29.9342087196563,-455.6790584930551,0.0,-25.0,-0.010959202513222913,0.2849329017491294,0.022204891995533403,28.409867076955084,8.829000000000008,0.01124568948231049,-5.1342000212957934,5.79115210611499,-26.315711103636886,0.010959202513222913,-0.2849329017491294,0.2833657086456161,0.0,-5.551115123125783e-17,5.802111308628213,-26.3172782967404
18.19999999999999,0.0,453.0,459.82525608389096,457.8391514311917,0.9994279451666751,PILOT_DESC_ADD_SLACK_ACC,caténaire,,24.420837139194745,13.911751288474408,24.420837139194745,0.21312419625297374,-0.9770251158345542,0.038308357013628044,-0.9992659654881259,29.93230752132887,-455.72301864091116,0.0,-25.0,-0.5329363350436775,13.901539582908057,0.026805540474960577,25.079914912666432,8.829000000000008,-0.506130794568717,5.1524544955744815,5.204671287115651,-23.859771234698528,0.5329363350436775,-13.901539582908057,0.2834273114331363,0.0,-5.551115123125783e-17,5.737607622159328,-37.47788350617345
18.29999999999999,0.0,453.0,459.92510527240916,457.97346142291946,0.9984918851820274,PILOT_DESC_ADD_SLACK_ACC,caténaire,,31.803626167375533,0.28514390390481736,31.803626167375533,0.20966392908439185,-0.9777735099913963,0.038186641710891665,-0.9992706242028954,29.93041161705421,-455.7698001723706,0.0,-25.0,-0.010888688094458183,0.28493592684261726,0.02665646358643047,28.402504656879834,8.829000000000008,0.015767775491972287,-5.1415594162775555,6.668073221383133,-31.096743188128997,0.010888688094458183,-0.28493592684261726,0.2834888565237464,0.0,5.551115123125783e-17,6.678961909477591,-31.098190258447868
18.39999999999999,0.0,453.0,460.0248006270769,457.93804319136876,0.9969535466774617,PILOT_DESC_ADD_SLACK_ACC,caténaire,,19.572695156971786,13.911751336750841,19.572695156971786,0.21078073533893504,-0.977533365982961,0.038056161383361264,-0.9992756019140884,29.928347517246742,-455.8137566674798,0.0,-25.0,-0.5294278539965818,13.90167369071082,0.03159592744069563,25.075747193567498,8.829000000000008,-0.49783192655588615,5.148420884278309,4.1255470777513255,-19.13296257815303,0.5294278539965818,-13.90167369071082,0.28355030679417415,0.0,0.0,4.654974931747907,-32.75108596206967
18.499999999999993,0.0,453.0,460.12428441570165,459.02366663651867,0.9948378862475847,PILOT_DESC_ADD_SLACK_ACC,caténaire,,36.666012463428814,0.28514422500756,36.666012463428814,0.2151104498150927,-0.9765897267431951,0.0379349038284834,-0.9992802124887312,29.926290332254275,-455.8605359344091,0.0,-25.0,-0.01081691875290922,0.28493898175548915,0.031384586851386224,28.399754991792218,8.829000000000008,0.020567668098477005,-5.144306026452302,7.8872424339339675,-35.80765109242253,0.01081691875290922,-0.28493898175548915,0.28361162665942297,0.0,0.0,7.898059352686877,-35.8089784475186
18.599999999999994,0.0,453.0,460.22350869781224,458.3087591240257,0.9922428211059409,PILOT_DESC_ADD_SLACK_ACC,caténaire,,14.724120149165373,13.911751384339182,14.724120149165373,0.21808788388046227,-0.9759291341611551,0.03782272120361563,-0.9992844648851265,29.92406769514108,-455.9044910370638,0.0,-25.0,-0.5261802940638747,13.901797037714296,0.03663589830525669,25.07415851892799,8.829000000000008,-0.48954439575861797,5.146955556642283,3.2111522053331525,-14.36969782845978,0.5261802940638747,-13.901797037714296,0.28367278656992245,0.0,0.0,3.737332499397027,-27.98782207960415
18.699999999999996,0.0,453.0,460.3224269397403,458.78536835108423,0.9891824192807136,PILOT_DESC_ADD_SLACK_ACC,caténaire,,41.531241594909346,0.28514454531931044,41.531241594909346,0.21284828494353614,-0.9770852611704853,0.037694699592069725,-0.9992893022656971,29.921853675017143,-455.9512694401474,0.0,-25.0,-0.010748437976128719,0.2849418937370032,0.03635237996980081,28.398706117824087,8.829000000000008,0.025603941993672094,-5.145351988438918,8.839853545052105,-40.57956404049652,0.010748437976128719,-0.2849418937370032,0.28373375784322774,0.0,0.0,8.850601983028234,-40.5807721763903
18.799999999999997,0.0,453.0,460.42100140454687,459.9231091401574,0.9857446480659142,PILOT_DESC_ADD_SLACK_ACC,caténaire,,9.874016542280906,13.91175143083849,14.047173060227935,0.20118225101471393,-0.9795538279628399,0.03760191608272127,-0.999292797886039,29.919476972590118,-455.99522398641375,0.0,-25.0,-0.5231085098660665,13.901913010817701,0.04189086618785844,25.073523740190126,8.829000000000008,-0.4812176436782081,5.146436751007819,1.986476874532595,-9.672130701359665,0.5231085098660665,-13.901913010817701,0.2837945172190264,0.0,0.0,2.5095853843986613,-23.29024919495834
18.9,0.0,453.0,460.5191948526825,458.7783153305647,0.9819344813564042,PILOT_DESC_ADD_SLACK_ACC,caténaire,,46.39881170285864,0.28514486449545906,46.39881170285864,0.19163883291117836,-0.9814655152986484,0.03750678719819672,-0.9992963729114946,29.9171106597914,-456.04200204380317,0.0,-25.0,-0.010694867753289823,0.28494422884465187,0.041525419314333345,28.398286384289573,8.829000000000008,0.030830551561043522,-5.1457693868657834,8.891814123201353,-45.53883363719111,0.010694867753289823,-0.28494422884465187,0.283855041743587,0.0,0.0,8.902508990954644,-45.53992282429218
19.0,0.0,453.0,460.6169780106599,460.381596639657,0.9778315797740453,PILOT_DESC_ADD_SLACK_ACC,caténaire,,5.021996583653156,13.911751475943356,14.007679872250732,0.19386278119255151,-0.9810286550699163,0.03741250746830821,-0.9992999070774167,29.9145842604323,-456.0859563514826,0.0,-25.0,-0.5204735059909785,13.90201195719431,0.04733405663990389,25.073251540912253,8.829000000000008,-0.47313944935107466,5.146263498106556,0.9735782248464929,-4.92672255422697,0.5204735059909785,-13.90201195719431,0.28391531337330345,0.0,5.551115123125783e-17,1.4940517308374714,-18.54481919804798
19.1,0.0,453.0,460.7143213433122,458.54449640777347,0.9734333265224412,PILOT_DESC_ADD_SLACK_ACC,caténaire,,51.268514450809654,0.2851451822685451,51.268514450809654,0.2085607658508454,-0.9780094104596891,0.03729315539636939,-0.9993043683285799,29.912070083097287,-456.1327342602362,0.0,-25.0,-0.010633963592866927,0.2849468262488063,0.04687718617472545,28.39810591523568,8.829000000000008,0.036243222581858525,-5.145947258515523,10.692600637895996,-50.1410895931804,0.010633963592866927,-0.2849468262488063,0.2839753139032755,0.0,0.0,10.703234601488862,-50.14206110552593
19.200000000000003,0.0,453.0,460.81120258837757,460.8459285686212,0.9688124506540269,PILOT_DESC_ADD_SLACK_ACC,caténaire,,0.1679061976406544,13.911751519417686,13.99012586800114,0.2307932486096262,-0.9730028141769247,0.03719497711665309,-0.9993080274256239,29.909398593787788,-456.17668844234436,0.0,-25.0,-0.5174472794173046,13.902124968904713,0.05292691764977022,25.07310827962556,8.829000000000008,-0.4645203617675344,5.146233248530265,0.03875161681517658,-0.16337320282210363,0.5174472794173046,-13.902124968904713,0.2840350296114796,0.0,-5.551115123125783e-17,0.5561988962324812,-13.781463142115339
19.300000000000004,0.0,453.0,460.9075985886058,460.86578088029466,0.9639600022824573,PILOT_DESC_ADD_SLACK_ACC,caténaire,,56.140257156583836,0.28514549843146675,56.140257156583836,0.25113569710486233,-0.9679518901472607,0.03710548947336925,-0.9993113542089581,29.90674121146133,-456.2234662724028,0.0,-25.0,-0.010580463290427418,0.28494913418413736,0.0523694250276395,28.39801036621106,8.829000000000008,0.04178896173721208,-5.146040499604808,14.098822616664918,-54.341068028068605,0.010580463290427418,-0.28494913418413736,0.2840944462242387,0.0,5.551115123125783e-17,14.109403079955346,-54.341922716028506
19.400000000000006,0.0,453.0,461.00349288144525,458.78144153280874,0.9589429283945881,PILOT_DESC_ADD_SLACK_ACC,caténaire,,0.0,13.911751561080692,13.97965868456055,0.25682301318445633,-0.9664584522362337,0.03702648373048242,-0.9993142846485065,29.90392921816003,-456.2674203752557,0.0,-25.0,-0.5151032428388675,13.902212059469095,0.05864058371774734,25.073017859400167,8.829000000000008,-0.4564626591211202,5.146229918869253,0.0,-0.0,0.5151032428388675,-13.902212059469095,0.2841535535943574,0.0,0.0,0.5151032428388675,-13.618058505874737
19.500000000000007,0.0,453.0,461.0988675811444,458.767573180777,0.9537469969917503,PILOT_DESC_ADD_SLACK_ACC,caténaire,,56.3256958582675,0.28514581282548157,56.3256958582675,0.24928749936946645,-0.9684295238467888,0.03694466641639645,-0.9993173127807711,29.901133252408247,-456.3141981554989,0.0,-25.0,-0.010534616934869638,0.28495114742344896,0.057974019981835385,28.397949882302534,8.829000000000008,0.04743940304696575,-5.146098970274025,14.04129187075262,-54.54746682036104,0.010534616934869638,-0.28495114742344896,0.28421234069740753,0.0,0.0,14.051826487687489,-54.54820562708708
19.60000000000001,0.0,453.0,461.19371101447877,459.14249623116046,0.9484343333434476,PILOT_DESC_ADD_SLACK_ACC,caténaire,,0.0,13.911751600795593,13.972468892455959,0.2340822884364366,-0.9722167876766791,0.03683461813504737,-0.9993213751876047,29.89818528965623,-456.35815220105263,0.0,-25.0,-0.5124340578049397,13.902310740975413,0.06444863221608477,25.07295248836223,8.829000000000008,-0.4479854255888549,5.1462632293376345,0.0,-0.0,0.5124340578049397,-13.902310740975413,0.2842708003382415,0.0,0.0,0.5124340578049397,-13.618039940637171
19.70000000000001,0.0,453.0,461.288009644612,459.67771353594253,0.9429863013318219,PILOT_DESC_ADD_SLACK_ACC,caténaire,,56.3430687620131,0.2851461253313019,56.3430687620131,0.2173739561026285,-0.9760883992796413,0.03675812548248887,-0.9993241917471095,29.895255308702573,-456.4049299450083,0.0,-25.0,-0.010481437055773493,0.2849534212265233,0.06366479069124384,28.397905823303265,8.829000000000008,0.053183353635470346,-5.1461407554702205,12.247515755761214,-54.995815798416125,0.010481437055773493,-0.2849534212265233,0.2843289241730176,0.0,0.0,12.257997192816987,-54.99644029546963
19.80000000000001,0.0,453.0,461.3817557452747,461.60990514167503,0.9374610066270045,PILOT_DESC_ADD_SLACK_ACC,caténaire,,0.0,13.911751638461114,13.967206877433828,0.2123509942030809,-0.9771934584620197,0.03668196315119686,-0.9993269903186714,29.892176092708805,-456.4488839370481,0.0,-25.0,-0.5103103609706331,13.902388894924192,0.07031533154663747,25.072891435898327,8.829000000000008,-0.4399950294239956,5.146280330822513,0.0,-0.0,0.5103103609706331,-13.902388894924192,0.2843867074394142,0.0,5.551115123125783e-17,0.5103103609706331,-13.618002187484777
19.900000000000013,0.0,453.0,461.4749393595175,459.1991452834173,0.931836142428203,PILOT_DESC_ADD_SLACK_ACC,caténaire,,56.360253069044866,0.28514643586219,56.360253069044866,0.22115224587368518,-0.9752392958371935,0.03658327726108674,-0.9993306078695069,29.889116828585667,-456.49566164720284,0.0,-25.0,-0.010431591123157185,0.2849555610819857,0.06940706316748063,28.39786478349258,8.829000000000008,0.05897547204432345,-5.146179655425442,12.46419654422853,-54.96473351626134,0.010431591123157185,-0.2849555610819857,0.284444144000162,0.0,5.551115123125783e-17,12.474628135351688,-54.965244933343165
20.000000000000014,0.0,453.0,461.5675560059865,459.20717141537085,0.9261664646896803,PILOT_DESC_ADD_SLACK_ACC,caténaire,,0.0,13.911751674005833,13.963116547600679,0.23962235263363016,-0.9708661741549781,0.03651813052559238,-0.9993329906207019,29.885911054327792,-456.53961558935595,0.0,-25.0,-0.5080311634709733,13.902472405156805,0.07621414740163908,25.072834521707282,8.829000000000008,-0.43181701606933426,5.146306926864078,0.0,-0.0,0.5080311634709733,-13.902472405156805,0.28450123109304204,0.0,0.0,0.5080311634709733,-13.617971174063763
20.100000000000016,0.0,453.0,461.65959866682846,459.1663798803816,0.9204266084196865,PILOT_DESC_ADD_SLACK_ACC,caténaire,,56.377241641157454,0.28514674435795584,56.377241641157454,0.25684272006861225,-0.9664532151882762,0.03635421044302347,-0.999338967209357,29.882727213780797,-456.58639326792166,0.0,-25.0,-0.010366284751532142,0.2849582530097901,0.07517481010238213,28.397826429304356,8.829000000000008,0.06480852535084998,-5.146215317685861,14.480084093080315,-54.48596644754299,0.010366284751532142,-0.2849582530097901,0.2845579643923866,0.0,-5.551115123125783e-17,14.490450377831847,-54.4863667361604
20.200000000000017,0.0,453.0,461.75106552074806,459.29945613670606,0.9146685391957804,PILOT_DESC_ADD_SLACK_ACC,caténaire,,0.0,13.911751707381926,13.959818328231163,0.2614802027928177,-0.9652088393438112,0.03614555366967237,-0.9993465359673355,29.87939984792117,-456.63034715249427,0.0,-25.0,-0.5028479679783296,13.902660878009792,0.08210523218916256,25.072768829961824,8.829000000000008,-0.4207427357891671,5.146429707971606,0.0,-0.0,0.5028479679783296,-13.902660878009792,0.2846143427755847,0.0,0.0,0.5028479679783296,-13.618046535234207
20.30000000000002,0.0,453.0,461.8419519552897,459.7181941982853,0.9088643454162726,PILOT_DESC_ADD_SLACK_ACC,caténaire,,56.394016130244786,0.2851470507803491,56.394016130244786,0.25193319676904063,-0.9677446276604855,0.0359094112575387,-0.9993550491107437,29.876096414876624,-456.6771247939865,0.0,-25.0,-0.010239462715345827,0.2849631449363795,0.08092835982861842,28.39778141610235,8.829000000000008,0.07068889711327259,-5.146255438961276,14.20752476233741,-54.575006142243154,0.010239462715345827,-0.2849631449363795,0.2846703633996089,0.0,5.551115123125783e-17,14.217764225052756,-54.575298923779926
20.40000000000002,0.0,453.0,461.9322583222218,459.5801419546206,0.9030636693209396,PILOT_DESC_ADD_SLACK_ACC,caténaire,,0.0,13.911751738560236,13.957077266593446,0.23083387468225872,-0.9729931769026827,0.03565833003958431,-0.9993640395265322,29.872653437014232,-456.7210785819031,0.0,-25.0,-0.4960698349223417,13.902904414337815,0.08790998009577373,25.072658558461296,8.829000000000008,-0.40815985482656797,5.146562972799103,0.0,-0.0,0.4960698349223417,-13.902904414337815,0.2847260264812822,0.0,0.0,0.4960698349223417,-13.618178387856533
20.50000000000002,0.0,453.0,462.02198197024114,459.4802591810122,0.8972364801933935,PILOT_DESC_ADD_SLACK_ACC,caténaire,,56.41053907089359,0.28514735510948697,56.41053907089359,0.21403431631993072,-0.9768261418683776,0.0353956652679041,-0.9993733771119994,29.869236373189324,-456.7678561617307,0.0,-25.0,-0.010092980333483584,0.2849686752503225,0.08659162756083089,28.397706545440414,8.829000000000008,0.0764986472273473,-5.146324779309271,12.07379116327745,-55.10328924133636,0.010092980333483584,-0.2849686752503225,0.2847813303863932,0.0,0.0,12.083884143610934,-55.103476586200294
20.600000000000023,0.0,453.0,462.11112501893325,459.42326147836735,0.8914304869208869,PILOT_DESC_ADD_SLACK_ACC,caténaire,,0.0,13.911751767529353,13.95474435501718,0.21822550045136582,-0.9758983712214867,0.035134565946025445,-0.9993825905406719,29.86568403467099,-456.8118098279377,0.0,-25.0,-0.4887833599009961,13.903162520392256,0.09358331196451004,25.07251970441965,8.829000000000008,-0.39520004793648605,5.146682224811897,0.0,-0.0,0.4887833599009961,-13.903162520392256,0.28483627642141296,0.0,0.0,0.4887833599009961,-13.618326243970843
20.700000000000024,0.0,453.0,462.1996864085771,459.37113641967863,0.8856138964389334,PILOT_DESC_ADD_SLACK_ACC,caténaire,,56.42682466761491,0.2851476573398397,56.42682466761491,0.2428237842858802,-0.9700704148591917,0.034877658208567905,-0.9993915893972124,29.862159551080463,-456.8585873304757,0.0,-25.0,-0.009945282531672768,0.2849741704817541,0.09212143764455206,28.39761270366671,8.829000000000008,0.08217615511287929,-5.146413125851545,13.701775101026106,-54.737993214500065,0.009945282531672768,-0.2849741704817541,0.28489086393315016,0.0,0.0,13.711720383557779,-54.73807652104867
20.800000000000026,0.0,453.0,462.2876696895483,460.3070910471413,0.8798328097115967,PILOT_DESC_ADD_SLACK_ACC,caténaire,,0.0,13.911751794291314,13.952699863880373,0.2787840014480009,-0.9603538309064222,0.03461530096288073,-0.9994007108959095,29.858504038194738,-456.90254086620905,0.0,-25.0,-0.4815594752802898,13.903414633022184,0.0990983353783218,25.07237085234178,8.829000000000008,-0.382461139901968,5.1467854853639565,0.0,-0.0,0.4815594752802898,-13.903414633022184,0.284945095109987,0.0,-5.551115123125783e-17,0.4815594752802898,-13.618469537912198
20.900000000000027,0.0,453.0,462.37507508644876,459.6220822294139,0.87405396900451,PILOT_DESC_ADD_SLACK_ACC,caténaire,,56.44289076852959,0.2851479574774345,56.44289076852959,0.3075292815057413,-0.9515386177221408,0.03436427165655094,-0.9994093739972199,29.854878267930147,-456.9493182860678,0.0,-25.0,-0.009798901873065195,0.28497954167910866,0.09749229344597699,28.397512318159812,8.829000000000008,0.08769339157291178,-5.146508140161085,17.357841644152945,-53.70759026212842,0.009798901873065195,-0.28497954167910866,0.28499897009036373,0.0,0.0,17.36764054602601,-53.70757083371716
21.00000000000003,0.0,453.0,462.46190730033584,459.7468289101789,0.8683221388705388,PILOT_DESC_ADD_SLACK_ACC,caténaire,,0.0,13.911751818858617,13.951023253977908,0.3222804898012359,-0.9466442235039918,0.03411527241444201,-0.9994179046765614,29.851125639357413,-456.9932716901032,0.0,-25.0,-0.47460320306247084,13.903653853184021,0.10443375245552373,25.072220603900025,8.829000000000008,-0.3701694506069471,5.146874457084039,0.0,-0.0,0.47460320306247084,-13.903653853184021,0.2850524917719203,0.0,5.551115123125783e-17,0.47460320306247084,-13.618601361412102
21.10000000000003,0.0,453.0,462.5481675848677,459.92698433463505,0.8626028453185225,PILOT_DESC_ADD_SLACK_ACC,caténaire,,56.45874642285257,0.2851482555377185,56.45874642285257,0.32052175566576574,-0.9472411541655773,0.03386325415783813,-0.9994264755437697,29.84740457940208,-457.04004902661256,0.0,-25.0,-0.009656047849937935,0.2849847160395162,0.10268406580974801,28.397411119193855,8.829000000000008,0.09302801795981007,-5.146604164766636,18.096256526140976,-53.480048124324526,0.009656047849937935,-0.2849847160395162,0.28510566092738726,0.0,0.0,18.105912573990913,-53.47992717943666
21.20000000000003,0.0,453.0,462.6338615591691,459.6514306073388,0.8569397430137957,PILOT_DESC_ADD_SLACK_ACC,caténaire,,0.0,13.911751841252256,13.949449287192063,0.30662127698204006,-0.9518315988145714,0.03362687784472175,-0.9994344566235528,29.84356071507281,-457.08400230171924,0.0,-25.0,-0.4678087797718725,13.903884142143658,0.10957357275324069,25.072073515200113,8.829000000000008,-0.3582352070186318,5.146957657343762,0.0,-0.0,0.4678087797718725,-13.903884142143658,0.2851584810202832,0.0,0.0,0.4678087797718725,-13.618725661123374
21.300000000000033,0.0,453.0,462.71899129406916,460.62196316369085,0.8512973490009665,PILOT_DESC_ADD_SLACK_ACC,caténaire,,56.47439747339515,0.28514855154372576,56.47439747339515,0.305642840727943,-0.9521462355708568,0.033385327456147716,-0.9994425545826262,29.839750179052608,-457.1307795566569,0.0,-25.0,-0.0095197777669335,0.2849895967903969,0.10768169018958376,28.39731207875997,8.829000000000008,0.09816191242265027,-5.146698324449641,17.26099527216746,-53.771884960425496,0.0095197777669335,-0.2849895967903969,0.2852109533270269,0.0,0.0,17.270515049934392,-53.77166360388887
21.400000000000034,0.0,453.0,462.80356313377183,460.08700346164846,0.8457183970265701,PILOT_DESC_ADD_SLACK_ACC,caténaire,,41.13661065022179,3.6917993790328065,41.13661065022179,0.32286796218275093,-0.9464440178879878,0.033234148414820544,-0.9994475931128864,29.835820720798896,-457.1747327086353,0.0,-25.0,-0.12269380848051861,3.689760003629987,0.11450780231538649,25.071933044389308,8.829000000000008,-0.008186006165132126,-5.0673069519807115,13.281693651742358,-38.9334990660897,0.12269380848051861,-3.689760003629987,0.2852630817580618,0.0,0.0,13.404387460222877,-42.33799598796163
21.500000000000036,0.0,453.0,462.8875797905841,459.59795615801653,0.840166568122347,PILOT_DESC_ADD_SLACK_ACC,caténaire,,34.690767810128904,5.395124866272619,34.690767810128904,0.35607405263387476,-0.9344577406393982,0.03311694165877075,-0.999451483652493,29.831926272922864,-457.2215098859211,0.0,-25.0,-0.17867003543813367,5.392165552086627,0.11247642710571201,28.39721779779686,8.829000000000008,-0.06619360833242166,-0.03961665011652116,12.352482283133368,-32.41705650889902,0.17867003543813367,-5.392165552086627,0.285314867985201,0.0,0.0,12.531152318571502,-37.52390719300045
21.600000000000037,0.0,453.0,462.9710481738564,462.89431022206674,0.8346838327233139,PILOT_DESC_ADD_SLACK_ACC,caténaire,,31.730370161677545,6.246787656115125,31.730370161677545,0.37853771783097445,-0.9255858664539545,0.033067342675118495,-0.9994531258885563,29.82802856348765,-457.2688677324854,0.0,-25.0,-0.20656466804345913,6.243371449666309,0.11266490164754299,29.106612361808676,8.829000000000008,-0.09389976639591614,1.5209838114749772,12.011141906933466,-29.369182159001014,0.20656466804345913,-6.243371449666309,0.28536631626723324,0.0,5.551115123125783e-17,12.217706574976924,-35.32718729240009
21.70000000000004,0.0,453.0,463.0539759961202,460.0437531679153,0.8292782226379929,PILOT_DESC_ADD_SLACK_ACC,caténaire,,30.151532488709737,6.672619086847403,30.151532488709737,0.3824238597940907,-0.9239870082745697,0.03300621937349102,-0.9994551463085619,29.824108941538743,-457.3160023167917,0.0,-25.0,-0.2202379293762287,6.668983485706374,0.1139352430249345,28.83282077165431,8.829000000000008,-0.10630268635129421,1.6728042573606743,11.530665433039303,-27.8596242991364,0.2202379293762287,-6.668983485706374,0.2854174313580123,0.0,-5.551115123125783e-17,11.750903362415531,-34.24319035348476
21.80000000000004,0.0,453.0,463.1363706195724,460.16841212962123,0.8239462345219541,PILOT_DESC_ADD_SLACK_ACC,caténaire,,29.17795524179229,6.885534835369297,29.17795524179229,0.37066720819787063,-0.928765751288664,0.032969780692436244,-0.9994563490023427,29.82015857038959,-457.3627211661505,0.0,-25.0,-0.22701457347225582,6.8817915074866445,0.11572988531424064,28.3264431908496,8.829000000000008,-0.11128468815801518,1.3792346983362336,10.815311210397574,-27.09948552121023,0.22701457347225582,-6.8817915074866445,0.2854682177954527,0.0,0.0,11.04232578386983,-33.69580881090142
