t,x_bat,L0,L,L_seg,dL/dt,Explain,mode_câble,Scénario,Tbat,Trov,Tmax,U_bat_x,U_bat_y,U_rov_x,U_rov_y,x_rov,y_rov,Fx_rov,Fy_rov,Tr_cable_rov_x,Tr_cable_rov_y,Trainee_rov_x,Trainee_rov_y,Poids_app_rov,Sigma_f_rov_x,Sigma_f_rov_y,Tr_bat_cable_x,Tr_bat_cable_y,Tr_rov_cable_x,Tr_rov_cable_y,Poids_app_cable_y,Trainee_cable_x,Trainee_cable_y,Sigma_f_cable_x,Sigma_f_cable_y
0.1,0.0,403.0,403.0,403.72011703035207,0.0,HISTORY_LT2,caténaire,,0.008337781180859672,0.25502702417647527,0.25502702417647527,0.1913667256291083,-0.9815186072214799,0.04856807368434339,-0.9988198747615067,29.999997935783654,-399.99848933928683,0.0,0.0,-0.012386171301701875,0.2547260603487468,1.2642200205513732e-07,-0.11795392397499423,8.829000000000008,-0.01238604487969982,-8.692227863626256,0.0015955738835931154,-0.00818368737195485,0.012386171301701875,-0.2547260603487468,0.24840133288962993,0.0,0.0,0.01398174518529499,-0.014508414831071709
0.2,0.0,403.0,403.0,402.701939233407,0.0,PILOT_ASC_HOLD_ACC,caténaire,,0.008337781180859672,0.25502702417647527,0.25502702417647527,0.20073918932686444,-0.9796447202268755,0.048541915201982935,-0.9988211463863405,29.999991743154812,-399.99399633762545,0.0,0.0,-0.012379500181788515,0.254726384647444,2.8439360301889345e-07,-0.2619877156735638,8.829000000000008,-0.012379215788185495,-8.836261331026128,0.0016737194350305569,-0.008168063312236181,0.012379500181788515,-0.254726384647444,0.24840133288962993,0.0,0.0,0.014053219616819072,-0.014493115070050272
0.30000000000000004,0.0,403.0,403.0,403.37873327401593,0.0,PILOT_ASC_HOLD_ACC,caténaire,,0.008337781180859672,0.25502702417647527,0.25502702417647527,0.1232324863232006,-0.9923778284074076,0.048542395420039346,-0.9988211230480084,29.999981423359145,-399.98663400162894,0.0,0.0,-0.012379622650370396,0.2547263786955386,7.897905222106308e-07,-0.7034593994212895,8.829000000000008,-0.012378832859848185,-9.277733020725758,0.0010274855053361287,-0.008274229181997671,0.012379622650370396,-0.2547263786955386,0.24840133288962993,0.0,0.0,0.013407108155706525,-0.014599274987906335
0.4,0.0,403.0,403.0,402.05773168772515,0.0,PILOT_ASC_HOLD_ACC,caténaire,,0.008337781180859672,0.25502702417647527,0.25502702417647527,0.21932466778139798,-0.9756519308147652,0.048319093793612024,-0.9988319504175686,29.99996698021466,-399.97657837764064,0.0,0.0,-0.01232267470108887,0.2547291399673772,1.5470103984568042e-06,-1.3122779167014857,8.829000000000008,-0.012321127690690412,-9.886548776734116,0.0018286810875260396,-0.008134772307816751,0.01232267470108887,-0.2547291399673772,0.24840133288962993,0.0,0.0,0.014151355788614909,-0.014462579385564028
0.5,0.0,403.0,403.0,402.99167248174047,0.0,PILOT_ASC_HOLD_ACC,caténaire,,0.008337781180859672,0.25502702417647527,0.25502702417647527,0.2274551766168328,-0.9737885512934548,0.04826277893833987,-0.9988346730911722,29.999948427492313,-399.96405268617553,0.0,0.0,-0.012308312891131884,0.25472983432272417,2.552613203562842e-06,-2.0361566619986244,8.829000000000008,-0.012305760277928322,-10.610426827675909,0.0018964714910849412,-0.008119235857111171,0.012308312891131884,-0.25472983432272417,0.24840133288962993,0.0,0.0,0.014204784382216826,-0.014447737290205404
0.6,0.0,403.0,403.0,403.0639595775692,0.0,PILOT_ASC_HOLD_ACC,caténaire,,0.008337781180859672,0.25502702417647527,0.25502702417647527,0.20081569260919188,-0.9796290408118221,0.048226984528107815,-0.9988364020015118,29.99992577265465,-399.949309406162,0.0,0.0,-0.01229918434920825,0.25473027524158315,3.8062002217909504e-06,-2.820953957524639,8.829000000000008,-0.01229537814898646,-11.395223682283063,0.0016743573026582208,-0.008167932580704421,0.01229918434920825,-0.25473027524158315,0.24840133288962993,0.0,0.0,0.013973541651866471,-0.014496874932657638
0.7,0.0,403.0,403.0,402.63541409431696,0.0,PILOT_ASC_HOLD_ACC,caténaire,,0.008337781180859672,0.25502702417647527,0.25502702417647527,0.19771238234819946,-0.9802600746058155,0.04815463197404397,-0.9988398927853475,29.999899020479827,-399.9326129936631,0.0,0.0,-0.01228073249265378,0.2547311654857968,5.307474408779596e-06,-3.617879530148129,8.829000000000008,-0.012275425018245,-12.19214836466234,0.0016484825807657495,-0.008173194002396467,0.01228073249265378,-0.2547311654857968,0.24840133288962993,0.0,0.0,0.01392921507341953,-0.014503026598563312
0.7999999999999999,0.0,403.0,403.0,402.76074409288674,0.0,PILOT_ASC_HOLD_ACC,caténaire,,0.008337781180859672,0.25502702417647527,0.25502702417647527,0.20660386726246413,-0.978424673662819,0.0480450960407293,-0.9988451675542297,29.99986817770729,-399.9142252021066,0.0,0.0,-0.012252797869540148,0.25473251069440805,7.054667396491467e-06,-4.388002978908642,8.829000000000008,-0.012245743202143656,-12.962270468214243,0.0017226178363538031,-0.008157890830954619,0.012252797869540148,-0.25473251069440805,0.24840133288962993,0.0,0.0,0.01397541570589395,-0.014489068635732766
0.8999999999999999,0.0,403.0,403.0,402.87614702294684,0.0,PILOT_ASC_HOLD_ACC,caténaire,,0.008337781180859672,0.25502702417647527,0.25502702417647527,0.2168171308251818,-0.976212237057463,0.04795758170929174,-0.9988493732072902,29.99983325324069,-399.8943940266191,0.0,0.0,-0.012230479350020834,0.2547335832495928,9.045431412100737e-06,-5.103929714325072,8.829000000000008,-0.012221433918608733,-13.678196131075488,0.0018077737930821903,-0.008139444018662635,0.012230479350020834,-0.2547335832495928,0.24840133288962993,0.0,0.0,0.014038253143103025,-0.014471694378625471
0.9999999999999999,0.0,403.0,403.0,403.3031231994061,0.0,PILOT_ASC_HOLD_ACC,caténaire,,0.008337781180859672,0.25502702417647527,0.25502702417647527,0.20706481990441677,-0.9783272256039649,0.04783252218024875,-0.9988553698218156,29.999794256488602,-399.8733464425734,0.0,0.0,-0.012198585790484088,0.2547351125483503,1.127785733052138e-05,-5.749264306636434,8.829000000000008,-0.012187307933153566,-14.323529194088092,0.0017264611586171434,-0.008157078330363393,0.012198585790484088,-0.2547351125483503,0.24840133288962993,0.0,0.0,0.013925046949101232,-0.014490857989083755
1.0999999999999999,0.0,403.0,403.0,403.2608793642496,0.0,PILOT_ASC_HOLD_ACC,caténaire,,0.008337781180859672,0.25502702417647527,0.25502702417647527,0.21902100172803374,-0.9757201447146864,0.04780696812778048,-0.9988565932096705,29.999753226737685,-399.85176018439097,0.0,0.0,-0.012192068816527455,0.25473542454531434,1.2484394454084999e-05,-6.047313786206466,8.829000000000008,-0.01217958442207337,-14.62157836166116,0.0018261491864210333,-0.008135341060387788,0.012192068816527455,-0.25473542454531434,0.24840133288962993,0.0,0.0,0.01401821800294849,-0.014469432716072178
1.2,0.0,403.0,402.99890252448006,402.88375270619275,-0.010974755199639318,PILOT_ASC_REMOVE_SLACK_ACC,caténaire,,0.741662218819141,0.49497297582352495,0.741662218819141,0.21005055826236088,-0.9776905251528575,0.04782030375883702,-0.9988559548545589,29.999708137125292,-399.82916178566245,0.0,0.0,-0.023669758056296456,0.4944067043934095,1.5077270448385107e-05,-6.62770399845861,8.829000000000008,-0.02365468078584807,-14.962297294065209,0.1557865631050618,-0.7251161242033194,0.023669758056296456,-0.4944067043934095,0.24840065642714365,0.0,-5.551115123125783e-17,0.17945632116135826,-0.9711221721695853
1.3,0.0,403.0,402.9967098034282,402.9609787685889,-0.021927210518821228,PILOT_ASC_REMOVE_SLACK_ACC,caténaire,,0.4449973312914844,0.4969837854941149,0.5388091506692101,0.20571651633816967,-0.9786116261856322,0.04778744514113134,-0.9988575274216456,29.99965898738207,-399.8057447098462,0.0,0.0,-0.0237495853853318,0.4964159951473011,1.7914810871830542e-05,-7.116608809528333,8.829000000000008,-0.023731670574459972,-15.449192814381039,0.09154330077306655,-0.4354795620234261,0.0237495853853318,-0.4964159951473011,0.24839930487669223,0.0,-8.326672684688674e-17,0.11529288615839835,-0.6834962522940351
1.4000000000000001,0.0,403.0,402.9934252003415,402.6110634040724,-0.03284603086670968,PILOT_ASC_REMOVE_SLACK_ACC,caténaire,,0.3050026687085155,0.4981902712964691,0.5306151810778572,0.20497476916825613,-0.9787672573213818,0.047741357731767624,-0.9988597312745806,29.999601959112475,-399.78159203447217,0.0,0.0,-0.023784279960451096,0.4976222005108015,2.4118489720422544e-05,-7.570738722381226,8.829000000000008,-0.02376016147073067,-15.902116521870433,0.06251785161423007,-0.2985266255275358,0.023784279960451096,-0.4976222005108015,0.24839728031146951,0.0,-5.551115123125783e-17,0.08630213157468117,-0.5477515457268678
1.5000000000000002,0.0,403.0,402.98905349569475,402.92810532975125,-0.04371704646779885,PILOT_ASC_REMOVE_SLACK_ACC,caténaire,,0.4449973312914846,0.4989141627778816,0.5276781604827734,0.2082329946478018,-0.9780792503371126,0.04768840762792627,-0.9988622606635574,29.99953702998881,-399.75685446630877,0.0,0.0,-0.023792421965897176,0.4983465285093809,3.126430679535761e-05,-7.941851782176768,8.829000000000008,-0.02376115765910182,-16.272505253667394,0.0926631269051058,-0.435242656191591,0.023792421965897176,-0.4983465285093809,0.24839458567806685,0.0,0.0,0.11645554887100297,-0.685194599022905
1.6000000000000003,0.0,403.0,402.98360147484254,402.5901501077836,-0.05452020852225317,PILOT_ASC_REMOVE_SLACK_ACC,caténaire,,0.3050026687085153,0.49934849766672895,0.526194103309781,0.21589692599018168,-0.976416159917476,0.04763170229760627,-0.9988649663173857,29.99946419198634,-399.7316553075859,0.0,0.0,-0.023784818983618575,0.4987817203025144,3.934465806233404e-05,-8.240998857199143,8.829000000000008,-0.02374547432555624,-16.571217136896635,0.06584913859297023,-0.2978095345449506,0.023784818983618575,-0.4987817203025144,0.24839122515884446,0.0,2.7755575615628914e-17,0.0896339575765888,-0.5482000296886205
1.7000000000000004,0.0,403.0,402.977078310416,402.05110742465865,-0.06523164426511532,PILOT_ASC_REMOVE_SLACK_ACC,caténaire,,0.44499733129148483,0.4996090986000373,0.5253216025959812,0.22577490122245086,-0.974179497822651,0.047858155876617736,-0.998854141962724,29.999383445721797,-399.7060940325227,0.0,0.0,-0.023910370118177066,0.49903661749891026,4.835201770761798e-05,-8.479549843938734,8.829000000000008,-0.023862018100469447,-16.809513226439833,0.10046922851658924,-0.43350727672995854,0.023910370118177066,-0.49903661749891026,0.24838720440763304,0.0,2.7755575615628914e-17,0.1243795986347663,-0.6841566898212358
1.8000000000000005,0.0,403.0,402.96949577566454,402.5942293465441,-0.07582534751450981,PILOT_ASC_REMOVE_SLACK_ACC,caténaire,,0.30500266870851506,0.49976545916002235,0.5247417788023614,0.23638695425584738,-0.9716589977238124,0.04786174769002389,-0.9988539698614889,29.999294749608513,-399.68025001530236,0.0,0.0,-0.023919648310505928,0.49919271288163813,5.834167579496157e-05,-8.668177848122202,8.829000000000008,-0.023861306634710967,-16.99798513524057,0.07209865189591112,-0.2963585873804037,0.023919648310505928,-0.49919271288163813,0.24838253068123367,0.0,5.551115123125783e-17,0.09601830020641705,-0.5471687695808081
1.9000000000000006,0.0,403.0,402.9608683231415,402.7848088840996,-0.08627452523031344,PILOT_ASC_REMOVE_SLACK_ACC,caténaire,,0.44499733129148505,0.4998592754960135,0.5243332692098823,0.24639847102843923,-0.9691686094147125,0.04760979791336748,-0.9988660106053505,29.999198102220916,-399.65418604518754,0.0,0.0,-0.023798199091487483,0.49929244037878384,6.927076119741458e-05,-8.816351724061292,8.829000000000008,-0.02372892833029007,-17.146059283682515,0.10964666204195775,-0.4312774447610267,0.023798199091487483,-0.49929244037878384,0.24837721288791811,0.0,-2.7755575615628914e-17,0.13344486113344523,-0.6821926722518924
2.0000000000000004,0.0,403.0,402.9512130593614,402.8239282243978,-0.09655263780051011,PILOT_ASC_REMOVE_SLACK_ACC,caténaire,,0.3050026687085151,0.49991556529760806,0.524047250144025,0.2519619236476544,-0.9677371487298468,0.04745082277175197,-0.9988735752928313,29.9990935466794,-399.62795145940396,0.0,0.0,-0.023721404889777,0.4993524480533586,8.107068311577163e-05,-8.93215380926375,8.829000000000008,-0.02364033420666123,-17.261801361210402,0.07684905912546572,-0.2951624129709725,0.023721404889777,-0.4993524480533586,0.24837126157180797,0.0,0.0,0.10057046401524272,-0.5461435994525231
2.1000000000000005,0.0,403.0,402.9405496415821,402.18526503285625,-0.1066341777930474,PILOT_ASC_REMOVE_SLACK_ACC,caténaire,,0.444997331291485,0.4999493391785649,0.5238324070769573,0.24995487461977828,-0.9682574867532969,0.047887573793243994,-0.9988527320261963,29.998981111916816,-399.6015848261496,0.0,0.0,-0.023941360872797097,0.499375763313201,9.374992641075593e-05,-9.022297153543311,8.829000000000008,-0.023847610946386343,-17.351921390230117,0.11122925214909907,-0.43087199760821754,0.023941360872797097,-0.499375763313201,0.24836468884925333,0.0,-5.551115123125783e-17,0.13517061302189617,-0.6818830720721654
2.2000000000000006,0.0,403.0,402.92890011837403,403.0563495958139,-0.11649523208060372,PILOT_ASC_REMOVE_SLACK_ACC,caténaire,,0.3050026687085149,0.4999696035071389,0.5236666359541382,0.23835237836753356,-0.9711787393299649,0.04790808793571051,-0.9988517483142051,29.9988607284897,-399.575116177937,0.0,0.0,-0.02395258773000233,0.49939551256706566,0.00010747392919252699,-9.092248431180298,8.829000000000008,-0.023845113800809805,-17.42185291861324,0.07269811149511943,-0.2962121072886104,0.02395258773000233,-0.49939551256706566,0.24835750831056247,0.0,0.0,0.09665069922512176,-0.5472501115451136
2.3000000000000007,0.0,403.0,402.91628873150415,401.857353691717,-0.12611386869891195,PILOT_ASC_REMOVE_SLACK_ACC,caténaire,,0.4449973312914852,0.49998176210428336,0.5235394021528305,0.22915552586208815,-0.9733898216885513,0.04753993242298399,-0.9988693382145727,29.998732397014923,-399.54856882077763,0.0,0.0,-0.023769099183162088,0.4994164518324614,0.0001221338623744716,-9.146403470118061,8.829000000000008,-0.023646965320787618,-17.475987018285608,0.10197359745932615,-0.43315587295769997,0.023769099183162088,-0.4994164518324614,0.24834973489788734,0.0,2.7755575615628914e-17,0.12574269664248824,-0.684222589892274
2.400000000000001,0.0,403.0,402.9027416930809,402.5602169821568,-0.13547038423284682,PILOT_ASC_REMOVE_SLACK_ACC,caténaire,,0.30500266870851467,0.49998905726257015,0.5234518313580047,0.21945107026154637,-0.9756235071794148,0.047327740101750504,-0.9988794146526704,29.998596183411046,-399.52196079667266,0.0,0.0,-0.02366335215584217,0.49942877685117654,0.00013759754585502098,-9.188254595192111,8.829000000000008,-0.02352575460998715,-17.517825818340942,0.0669331620807114,-0.29756777334448226,0.02366335215584217,-0.49942877685117654,0.24834138476786,0.0,5.551115123125783e-17,0.09059651423655357,-0.5486551654277989
2.500000000000001,0.0,403.0,402.88828694884296,402.6315530442363,-0.14454744237924771,PILOT_ASC_REMOVE_SLACK_ACC,caténaire,,0.44499733129148544,0.4999934343575422,0.5233845383184904,0.2113441719322829,-0.9774117049586921,0.04718803167853847,-0.9988860243622919,29.998452128004054,-399.49530605026945,0.0,0.0,-0.023593706019524943,0.4994364538526539,0.0001538965374625153,-9.220551114524687,8.829000000000008,-0.023439809482062427,-17.55011466067204,0.09404759249387475,-0.43494560027967877,0.023593706019524943,-0.4994364538526539,0.24833247514568804,0.0,8.326672684688674e-17,0.11764129851339969,-0.6860495789866445
2.600000000000001,0.0,403.0,402.87295393594746,402.42898724608773,-0.15333012895506642,PILOT_ASC_REMOVE_SLACK_ACC,caténaire,,0.30500266870851445,0.4999960606145254,0.5233329601618452,0.20790225079762406,-0.9781496072244172,0.047083892769472974,-0.9988909385121445,29.998300259396082,-399.4686153435439,0.0,0.0,-0.023541760903133223,0.49944153423961835,0.00017104317343182216,-9.245447067466987,8.829000000000008,-0.0233707177297014,-17.575005533227376,0.06341074132378222,-0.2983382405996325,0.023541760903133223,-0.49944153423961835,0.2483230241758606,0.0,0.0,0.08695250222691545,-0.5494567506633902
2.700000000000001,0.0,403.0,402.85677334158663,402.7142864771753,-0.1618059436083324,PILOT_ASC_REMOVE_SLACK_ACC,caténaire,,0.44499733129148566,0.4999976363687152,0.5232935276856304,0.20925257789725152,-0.9778616255091283,0.04700451127873598,-0.9988946770903563,29.998140600590084,-399.4418969728705,0.0,0.0,-0.023502144538034602,0.49944497752646916,0.00018904076901187476,-9.264622139439114,8.829000000000008,-0.023313103769022726,-17.594177161912654,0.09311683873014065,-0.43514581372391625,0.023502144538034602,-0.49944497752646916,0.2483130507733639,0.0,5.551115123125783e-17,0.11661898326817526,-0.6862777404770215
2.800000000000001,0.0,403.0,402.8397768671376,402.8002185430046,-0.16996474449057086,PILOT_ASC_REMOVE_SLACK_ACC,caténaire,,0.3050026687085142,0.49999858182122925,0.5232634582427355,0.21560228106895896,-0.9764812626967614,0.04693570988960302,-0.9988979122698972,29.997973170774188,-399.41515732844243,0.0,0.0,-0.023467788381574154,0.4994475395191353,0.00020789082394921681,-9.279381404958418,8.829000000000008,-0.023259897557624937,-17.60893386543929,0.06575927110567566,-0.29782939106637196,0.023467788381574154,-0.4994475395191353,0.2483025744783079,0.0,0.0,0.08922705948724981,-0.5489743561071994
2.9000000000000012,0.0,403.0,402.82199700126233,403.20196322979035,-0.17779865875250958,PILOT_ASC_REMOVE_SLACK_ACC,caténaire,,0.4449973312914859,0.4999991490927377,0.5232405809953927,0.2263191853085325,-0.9740531948314127,0.046879089814062934,-0.9989005710971461,29.997797987673895,-399.388401328951,0.0,0.0,-0.023439505017273495,0.4994494355768228,0.00022759050374655893,-9.290736177035235,8.829000000000008,-0.023211914513526936,-17.620286741458422,0.10071143348236022,-0.43345107223592444,0.023439505017273495,-0.4994494355768228,0.24829161531606964,0.0,5.551115123125783e-17,0.12415093849963371,-0.6846088924966776
3.0000000000000013,0.0,403.0,402.8034668043674,403.04943887926777,-0.1853019689493267,PILOT_ASC_REMOVE_SLACK_ACC,caténaire,,0.305002668708514,0.49999948945564265,0.5232232088627412,0.24006934847396888,-0.9707557406079472,0.0468330672484659,-0.9989027299052199,29.997615067277632,-399.3616327585622,0.0,0.0,-0.02341650971387473,0.49945085496845765,0.00024813840607229223,-9.299468448615105,8.829000000000008,-0.023168371307802436,-17.629017593646655,0.07322179195967474,-0.2960830915495339,0.02341650971387473,-0.49945085496845765,0.24828019366443843,0.0,-5.551115123125783e-17,0.09663830167354946,-0.5472537528535533
3.1000000000000014,0.0,403.0,402.7842197060458,402.4046071120224,-0.19247098321636721,PILOT_ASC_REMOVE_SLACK_ACC,caténaire,,0.4449973312914861,0.4999996936733856,0.5232100365539233,0.2532443707842347,-0.9674023406350105,0.04679042881183755,-0.998904728075508,29.997424424096245,-399.33485452748465,0.0,0.0,-0.023395200072765132,0.49945205804665055,0.0002695332044714783,-9.306181954857422,8.829000000000008,-0.023125666868293655,-17.63572989681078,0.11269306916357602,-0.43049145986771686,0.023395200072765132,-0.49945205804665055,0.24826833012876262,0.0,0.0,0.13608826923634115,-0.6816751877856048
3.2000000000000015,0.0,403.0,402.7642893165161,402.63336979831433,-0.1993038952968356,PILOT_ASC_REMOVE_SLACK_ACC,caténaire,,0.3050026687085138,0.49999981620403144,0.5232000559646249,0.2617742389931612,-0.9651291352972158,0.046745088173933066,-0.9989068508783044,29.99722607236242,-399.30806887310735,0.0,0.0,-0.023372535495407777,0.49945324184410006,0.00029177073087016014,-9.311342277297408,8.829000000000008,-0.023080764764537617,-17.640889035453316,0.07984184149205446,-0.2943669619139911,0.023372535495407777,-0.49945324184410006,0.24825604542572494,0.0,-5.551115123125783e-17,0.10321437698746225,-0.5455641583323663
3.3000000000000016,0.0,403.0,402.74370925260644,401.8621766069002,-0.20580063909662621,PILOT_ASC_REMOVE_SLACK_ACC,caténaire,,0.44499733129148633,0.4999998897224188,0.523192484804707,0.26588260003613784,-0.9640054164775338,0.04670547671036104,-0.9989087037588861,29.99702002704225,-399.281277515116,0.0,0.0,-0.023352733204613518,0.49945424172220737,0.00031484386211464327,-9.31530812826724,8.829000000000008,-0.023037889342498875,-17.644853886545043,0.11831704745292299,-0.4289798376830404,0.023352733204613518,-0.49945424172220737,0.2482433602760819,0.0,0.0,0.1416697806575365,-0.6801907191291658
3.4000000000000017,0.0,403.0,402.7225129784728,402.6599968060822,-0.21196274133643492,PILOT_ASC_REMOVE_SLACK_ACC,caténaire,,0.30500266870851356,0.4999999338334514,0.5231867210680835,0.2652189193780977,-0.9641882206311763,0.046671773630302615,-0.9989102790272016,29.996806302426776,-399.25448177511134,0.0,0.0,-0.02333588372704113,0.49945507341915535,0.00033874961470009086,-9.318355614161344,8.829000000000008,-0.022997134112341038,-17.6479005407422,0.08089247820230791,-0.2940799804298218,0.02333588372704113,-0.49945507341915535,0.2482302953064862,0.0,0.0,0.10422836192934903,-0.5453047585424909
3.5000000000000018,0.0,403.0,402.7007336609721,402.858991061272,-0.21779317500693887,PILOT_ASC_REMOVE_SLACK_ACC,caténaire,,0.44499733129148655,0.499999960300071,0.5231822984292492,0.25940473966628763,-0.9657686995542284,0.04665417350784919,-0.998911101196848,29.99658491210062,-399.22768266863494,0.0,0.0,-0.02332708490175722,0.4994555109417242,0.0003634854250418635,-9.320697176762238,8.829000000000008,-0.022963599476715356,-17.650241665820523,0.11543441687586083,-0.42976449394648114,0.02332708490175722,-0.4994555109417242,0.24821687096034076,0.0,-2.7755575615628914e-17,0.13876150177761803,-0.6810031339278646
3.600000000000002,0.0,403.0,402.67840403940716,402.7721950753286,-0.2232962156494028,PILOT_ASC_REMOVE_SLACK_ACC,caténaire,,0.30500266870851334,0.49999997618004255,0.5231788706057557,0.24890374951728936,-0.9685282254411766,0.046628379406372655,-0.9989123055773893,29.996355867241714,-399.20088097605594,0.0,0.0,-0.023314188592500316,0.49945612899464603,0.00038905483545049335,-9.322496150337246,8.829000000000008,-0.022925133757049822,-17.652040021342607,0.0759163078543286,-0.29540369347907947,0.023314188592500316,-0.49945612899464603,0.24820310741751284,0.0,-5.551115123125783e-17,0.09923049644682891,-0.5466567150562127
3.700000000000002,0.0,403.0,402.6555563092114,402.78046905026804,-0.22847730195729135,PILOT_ASC_REMOVE_SLACK_ACC,caténaire,,0.4449973312914868,0.4999999857080256,0.5231761684981778,0.23671369433587217,-0.9715794496148337,0.0466025117514354,-0.9989135127219261,29.996119180671805,-399.1740772968227,0.0,0.0,-0.023301255209675794,0.4994567420845167,0.00041544826809687045,-9.323878246849508,8.829000000000008,-0.022885806941578924,-17.653421504765,0.10533696225961184,-0.4323502622162525,0.023301255209675794,-0.4994567420845167,0.24818902452263908,0.0,5.551115123125783e-17,0.12863821746928764,-0.6836179797781301
3.800000000000002,0.0,403.0,402.6322220190344,401.4224004998017,-0.23334290177054776,PILOT_ASC_REMOVE_SLACK_ACC,caténaire,,0.3050026687085131,0.4999999914248153,0.5231739833163921,0.22466616451923882,-0.9744357929182479,0.04658653323887577,-0.9989142580425925,29.99587486549973,-399.14727209142757,0.0,0.0,-0.02329326621994976,0.499457120455422,0.0004426603229192353,-9.324940052781855,8.829000000000008,-0.022850605897030526,-17.65448293232644,0.0685237797468737,-0.29720551732516165,0.02329326621994976,-0.499457120455422,0.24817464172169115,0.0,-2.7755575615628914e-17,0.09181704596682345,-0.5484879960588925
3.900000000000002,0.0,403.0,402.60843198061184,402.3325130586152,-0.23790038422521392,PILOT_ASC_REMOVE_SLACK_ACC,caténaire,,0.444997331291487,0.49999999485488933,0.5231721581582888,0.21645771043928413,-0.9762919950462481,0.04657795450848184,-0.9989146580933758,29.99562293345911,-399.1204657136784,0.0,0.0,-0.023288977014592187,0.4994573239071614,0.00047069168892011553,-9.3257557428573,8.829000000000008,-0.022818285325672073,-17.655298418950146,0.09632310348294688,-0.43444733235682204,0.023288977014592187,-0.4994573239071614,0.24815997800642156,0.0,0.0,0.11961208049753908,-0.6857446782575619
4.000000000000002,0.0,403.0,402.5842161907553,402.2865338475016,-0.24215789856546147,PILOT_ASC_REMOVE_SLACK_ACC,caténaire,,0.3050026687085135,0.49999999691293373,0.5231705816756406,0.21395320578846266,-0.9768439106289397,0.046561087456576014,-0.9989154444370462,29.995363395323434,-399.09365843540337,0.0,0.0,-0.023280543584550846,0.4994577191348049,0.0004995420853421809,-9.32638232699591,8.829000000000008,-0.022781001499208666,-17.655924607861113,0.0652562987442229,-0.2979399996534873,0.023280543584550846,-0.4994577191348049,0.24814505186627928,0.0,0.0,0.08853684232877373,-0.5492526669220128
4.100000000000001,0.0,403.0,402.55960376476264,401.65060714652435,-0.24612425992625006,PILOT_ASC_REMOVE_SLACK_ACC,caténaire,,0.444997331291486,0.4999999981477602,0.5231691635382715,0.21601885780839136,-0.976389191394066,0.046550265761463594,-0.9989159487952614,29.995096263520622,-399.06685046533164,0.0,0.0,-0.023275132794509542,0.4994579725473988,0.0005292013109431623,-9.326863692061615,8.829000000000008,-0.02274593148356638,-17.656405719514225,0.09612781523336913,-0.43449058447221134,0.023275132794509542,-0.4994579725473988,0.2481298812473656,0.0,5.551115123125783e-17,0.11940294802787868,-0.6858186757722446
4.200000000000001,0.0,403.0,402.53462288053845,402.579087745347,-0.24980884224176175,PILOT_ASC_REMOVE_SLACK_ACC,caténaire,,0.3050026687085145,0.4999999988886562,0.5231678386082691,0.2228698878466217,-0.9748482000246164,0.04654169407364523,-0.9989163482057721,29.99482154974067,-399.0400419638335,0.0,0.0,-0.023270846985098792,0.4994581729927466,0.0005596681731999126,-9.327233476917236,8.829000000000008,-0.02271117881189888,-17.656775303924498,0.06797591056798694,-0.29733130259319973,0.023270846985098792,-0.4994581729927466,0.24811448351799073,0.0,5.551115123125783e-17,0.09124675755308573,-0.5486749920679557
4.300000000000001,0.0,403.0,402.50930073270575,402.20587791779155,-0.2532214783269155,PILOT_ASC_REMOVE_SLACK_ACC,caténaire,,0.444997331291485,0.4999999993331937,0.5231665552318318,0.23415889552768457,-0.9721983396639056,0.046544425807749645,-0.9989162209245713,29.99453926556779,-399.0132330541036,0.0,0.0,-0.023272212872838708,0.49945810979620203,0.0005909391711786306,-9.327517543702692,8.829000000000008,-0.02268127370166008,-17.657059433906497,0.10420008360798128,-0.43262566663645063,0.023272212872838708,-0.49945810979620203,0.24809887544038955,0.0,5.551115123125783e-17,0.12747229648081998,-0.683984900992263
4.4,0.0,403.0,402.4836634959978,402.4626842331142,-0.2563723670795224,PILOT_ASC_REMOVE_SLACK_ACC,caténaire,,0.3050026687085155,0.49999999959991637,0.5231652869874267,0.2456302027004829,-0.969363607487572,0.04653258218239052,-0.9989167727070355,29.994249420970352,-398.9864238308518,0.0,0.0,-0.023266291072578337,0.4994583859538675,0.0006230173491707605,-9.327735709815157,8.829000000000008,-0.022643273723407575,-17.657277323861297,0.0749178673390609,-0.2956584872326234,0.023266291072578337,-0.4994583859538675,0.2480830731481567,0.0,-5.551115123125783e-17,0.09818415841163924,-0.5470338000383341
4.5,0.0,403.0,402.45773629722913,402.7291661159191,-0.25927198768666576,PILOT_ASC_REMOVE_SLACK_ACC,caténaire,,0.444997331291484,0.4999999997599499,0.5231640058036634,0.2552659689600492,-0.966870873018154,0.046526370987394663,-0.9989170620240418,29.99395202861501,-398.959614366708,0.0,0.0,-0.023263185482528672,0.4994585307722308,0.0006558874517285145,-9.327903337688415,8.829000000000008,-0.02260729803080016,-17.657444806916192,0.11359267495675669,-0.43025495819654586,0.023263185482528672,-0.4994585307722308,0.24806709212897,0.0,5.551115123125783e-17,0.13685586043928535,-0.6816463968398065
4.6,0.0,403.0,402.43154319516356,401.5466494942023,-0.26193102065555585,PILOT_ASC_REMOVE_SLACK_ACC,caténaire,,0.3050026687085165,0.49999999985597,0.5231626927859166,0.26069981991159324,-0.9654199106596377,0.04652592713918207,-0.9989170826969773,29.99364710049366,-398.93280471749995,0.0,0.0,-0.023262963562889906,0.49945854120461464,0.0006895482765466704,-9.328032118186592,8.829000000000008,-0.022573415286343237,-17.657573576981985,0.07951414080486559,-0.2944556491755271,0.023262963562889906,-0.49945854120461464,0.2480509472121819,0.0,0.0,0.1027771043677555,-0.5458632431679598
4.699999999999999,0.0,403.0,402.40510716761696,401.4093871621809,-0.26436027546590624,PILOT_ASC_REMOVE_SLACK_ACC,caténaire,,0.444997331291483,0.4999999999135821,0.5231608493786505,0.25496440232358913,-0.9669504400680394,0.04799599261865727,-0.9988475282507085,29.99333464790055,-398.9059949261509,0.0,0.0,-0.023997996305180926,0.499423764039036,0.0007239990357346135,-9.32813103024858,8.829000000000008,-0.023273997269446314,-17.65770726620955,0.11345847860832516,-0.43029036532140263,0.023997996305180926,-0.499423764039036,0.24803465256086954,0.0,5.551115123125783e-17,0.13745647491350607,-0.6816794767995691
4.799999999999999,0.0,403.0,402.378450105157,402.14591687691484,-0.2665706245994641,PILOT_ASC_REMOVE_SLACK_ACC,caténaire,,0.3050026687085175,0.49999999994814937,0.5231590872406148,0.24974200170881933,-0.9683124147621325,0.048292411147025344,-0.9988332408493454,29.99301443730835,-398.879185037224,0.0,0.0,-0.02414620557100868,0.4994166203728826,0.0007603982500160653,-9.328198932404856,8.829000000000008,-0.023385807320992612,-17.657782312031983,0.07617197700979703,-0.2953378706460393,0.02414620557100868,-0.4994166203728826,0.2480182216679515,0.0,0.0,0.1003181825808057,-0.5467362693509704
4.899999999999999,0.0,403.0,402.3515928107545,401.2866397018129,-0.26857294402508797,PILOT_ASC_REMOVE_SLACK_ACC,caténaire,,0.444997331291482,0.49999999996888966,0.5231576199217641,0.24344078613008036,-0.9699157611093701,0.0474469340252616,-0.9988737600175521,29.992686431447044,-398.85237507573436,0.0,0.0,-0.02372346701115471,0.49943687997770075,0.0007978714588977723,-9.328249427201289,8.829000000000008,-0.022925595552256938,-17.657812547223596,0.10833050015538619,-0.4316099252712163,0.02372346701115471,-0.49943687997770075,0.24800166735597287,0.0,5.551115123125783e-17,0.1320539671665409,-0.6830451378929441
4.999999999999998,0.0,403.0,402.3245550048545,401.2023007995421,-0.27037805899943307,PILOT_ASC_REMOVE_SLACK_ACC,caténaire,,0.3050026687085185,0.49999999998133393,0.5231562371396045,0.23453170649610663,-0.9721084706183896,0.04707291051359853,-0.9988914561131147,29.992350783720553,-398.8255650517605,0.0,0.0,-0.0235364552559206,0.499445728037912,0.0008354820829495667,-9.328292908730095,8.829000000000008,-0.022700973172971033,-17.65784718069219,0.07153279637807551,-0.29649567781276526,0.0235364552559206,-0.499445728037912,0.24798500178023103,0.0,0.0,0.09506925163399611,-0.5479564040704463
5.099999999999998,0.0,403.0,402.29735533532323,402.01964461652733,-0.2719966953127545,PILOT_ASC_REMOVE_SLACK_ACC,caténaire,,0.444997331291481,0.4999999999888004,0.5231548341681299,0.22478445604839106,-0.9744085120312882,0.046866092647252805,-0.9989011809783684,29.992007569003007,-398.7987549768469,0.0,0.0,-0.02343304632310152,0.49945059047799695,0.0008735776747945189,-9.32832835678448,8.829000000000008,-0.022559468648307,-17.65787776630649,0.10002848305734123,-0.4336091874416262,0.02343304632310152,-0.49945059047799695,0.24796823643490662,0.0,-5.551115123125783e-17,0.12346152938044275,-0.6850915414847165
5.1999999999999975,0.0,403.0,402.270011391715,401.1801822844566,-0.2734394360821314,PILOT_ASC_REMOVE_SLACK_ACC,caténaire,Fy:(t>5:-2),0.3050026687085195,0.4999999999932804,0.5231527784799744,0.2165585036311523,-0.9762696423145792,0.048621684100376,-0.9988172664883417,29.991656834462578,-398.77194486118873,0.0,-2.0,-0.02431084204986128,0.49940863323745915,0.0009122771475774779,-9.328356710229087,8.829000000000008,-0.023398564902283803,-19.657948076991637,0.06605092153902506,-0.29776484628505845,0.02431084204986128,-0.49940863323745915,0.2479513821618576,0.0,-5.551115123125783e-17,0.09036176358888634,-0.5492220973606601
5.299999999999997,0.0,403.0,402.24453760143757,401.8774496673402,-0.25473790277457065,PILOT_DESC_ADD_SLACK_ACC,caténaire,,0.44499733129148,0.4999999999959682,0.5233775248456173,0.2148450962441259,-0.9766481375704621,0.04764815507832592,-0.9988641816171165,29.991298300400516,-398.74580139488955,0.0,-2.0,-0.023824077538970853,0.49943209080453105,0.0009533021318550618,-8.870214213506106,8.829000000000008,-0.022870775407115792,-19.199782122701585,0.0956054944696972,-0.4346058148296499,0.023824077538970853,-0.49943209080453105,0.24793568061481377,0.0,-2.7755575615628914e-17,0.11942957200866805,-0.6861022250193672
5.399999999999997,0.0,403.0,402.2227469491578,401.0983736000233,-0.21790652279776607,PILOT_DESC_ADD_SLACK_ACC,caténaire,,0.3050026687085205,0.49999999999758094,0.5237004439046336,0.2177140303242156,-0.9760126028899352,0.0471983469929089,-0.9988855370066868,29.99093214274665,-398.7201718559646,0.0,-2.0,-0.023599173496340276,0.49944276850092706,0.0009942737062192362,-8.524901239718611,8.829000000000008,-0.02260489979012104,-18.85445847121769,0.06640336026417351,-0.29768644857457965,0.023599173496340276,-0.49944276850092706,0.2479222492821318,0.0,0.0,0.09000253376051379,-0.5492069677933749
5.4999999999999964,0.0,403.0,402.2051353681083,401.8168866644779,-0.17611581049495711,PILOT_DESC_ADD_SLACK_ACC,caténaire,,0.444997331291479,0.4999999999985486,0.5240485165678075,0.2257173071544625,-0.9741928439744043,0.04694192916403404,-0.9988976200223719,29.990558450126187,-398.6949411365301,0.0,-2.0,-0.02347096458194889,0.4994488100097362,0.0010356160307529408,-8.261654678932256,8.829000000000008,-0.022435348551195947,-18.59120586892253,0.10044359931003488,-0.43351321573186613,0.02347096458194889,-0.4994488100097362,0.24791139384737504,0.0,5.551115123125783e-17,0.12391456389198377,-0.6850506318942271
5.599999999999996,0.0,403.0,402.19128495116644,401.0153733120912,-0.13850416941864774,PILOT_DESC_ADD_SLACK_ACC,caténaire,,0.3050026687085215,0.49999999999912925,0.5243714887482058,0.2376843024333281,-0.9713424588561864,0.04677835859858904,-0.9989052933921322,29.99017727905621,-398.6700214857185,0.0,-2.0,-0.023389179299253788,0.4994526466951963,0.0010774809081092482,-8.059195197492267,8.829000000000008,-0.022311698391144538,-18.388742550797076,0.0724943465522884,-0.2962620421810341,0.023389179299253788,-0.4994526466951963,0.24790285672075107,0.0,0.0,0.09588352585154218,-0.5478118321554792
5.699999999999996,0.0,403.0,402.1808195819218,401.02978061168665,-0.10465369244623404,PILOT_DESC_ADD_SLACK_ACC,caténaire,,0.444997331291478,0.49999999999947764,0.5246808027295564,0.25076771682741567,-0.9680472882029912,0.04666038867128519,-0.9989108108980724,29.98978867075343,-398.6453454157572,0.0,-2.0,-0.023330194335618223,0.4994554054485144,0.0011199377187188948,-7.902413588114706,8.829000000000008,-0.022210256616899328,-18.2319581826662,0.11159096476225704,-0.43077845981428337,0.023330194335618223,-0.4994554054485144,0.247896406071447,0.0,-5.551115123125783e-17,0.13492115909787525,-0.6823374591913507
5.799999999999995,0.0,403.0,402.1734007556051,402.1399335142112,-0.07418826316736238,PILOT_DESC_ADD_SLACK_ACC,caténaire,,0.3050026687085225,0.4999999999996866,0.5249420527192956,0.26258983764578836,-0.9649075485066735,0.04657275840198305,-0.9989149003668084,29.989392659031783,-398.62086066519015,0.0,-2.0,-0.02328637920097693,0.4994574501830911,0.0011630163037898997,-7.780350068083444,8.829000000000008,-0.02212336289718703,-18.10989261790036,0.08009060125770309,-0.29429937735153355,0.02328637920097693,-0.4994574501830911,0.24789183325173106,0.0,-5.551115123125783e-17,0.10337698045868002,-0.5458649942828937
5.899999999999995,0.0,403.0,402.1687238179238,402.0189655733067,-0.04676937681270664,PILOT_DESC_ADD_SLACK_ACC,caténaire,,0.444997331291477,0.49999999999981204,0.5251586601938207,0.26972330411857576,-0.9629378688240267,0.04649656606265614,-0.9989184497967695,29.988989272855836,-398.5965265454957,0.0,-2.0,-0.02324828303131933,0.499459224898197,0.0012067345379034454,-7.68491467056634,8.829000000000008,-0.022041548493415886,-18.01445544566815,0.12002615051988566,-0.4285047818261942,0.02324828303131933,-0.499459224898197,0.2478889504786445,0.0,5.551115123125783e-17,0.143274433551205,-0.6800750562457467
5.999999999999995,0.0,403.0,402.16651458001485,402.27205897167636,-0.022092379089867272,PILOT_DESC_ADD_SLACK_ACC,caténaire,,0.3050026687085235,0.4999999999998873,0.525353647493033,0.2715719922643855,-0.9624181279555952,0.04642892735794596,-0.9989215958744664,29.988578539497055,-398.5723112442831,0.0,-2.0,-0.023214463678967748,0.4994607979371206,0.0012510932311834062,-7.610050188715826,8.829000000000008,-0.02196337044778434,-17.939589390778714,0.08283018238712808,-0.29354009743991777,0.023214463678967748,-0.4994607979371206,0.24788758874752476,0.0,0.0,0.10604464606609583,-0.5451133066295137
6.099999999999994,0.0,403.0,402.16652627190126,401.0480430405131,0.00011691886432008136,PILOT_DESC_ADD_SLACK_ACC,caténaire,,0.444997331291476,0.4999999999999324,0.5255127257120943,0.25923844861320744,-0.9658133498562843,0.048766923485458774,-0.9988101857579165,29.988160485014795,-398.5481898062008,0.0,-2.0,-0.02438346174272609,0.4994050928788907,0.001296090983822807,-7.551168514014889,8.829000000000008,-0.023087370758903283,-17.880763421136006,0.11536041780101974,-0.4297843632117272,0.02438346174272609,-0.4994050928788907,0.24788759595417525,0.0,5.551115123125783e-17,0.13974387954374584,-0.6813018601364427
6.199999999999994,0.0,403.0,402.16853680060393,401.32844596742797,0.020105287026707087,PILOT_DESC_ADD_SLACK_ACC,caténaire,,0.3050026687085245,0.4999999999999595,0.5256423686304484,0.25372325279368463,-0.9672768533319672,0.04877124733795192,-0.9988099746363671,29.98773473474228,-398.5241426225922,0.0,-2.0,-0.024385623668973982,0.4994049873181431,0.0013442485923639634,-7.504749638715152,8.829000000000008,-0.02304137507661002,-17.834344651397018,0.0773862692154814,-0.29502202164623403,0.024385623668973982,-0.4994049873181431,0.24788883520481939,0.0,2.7755575615628914e-17,0.10177189288445539,-0.5465381737595577
6.299999999999994,0.0,403.0,402.1723462824416,401.8050739944582,0.03809481837646317,PILOT_DESC_ADD_SLACK_ACC,caténaire,,0.444997331291475,0.4999999999999757,0.5257484201330466,0.24505846857286662,-0.9695083016564229,0.04750651963525362,-0.9988709278941624,29.987301304011407,-398.50015422053406,0.0,-2.0,-0.023753259817625653,0.4994354639470569,0.001393186063813553,-7.4681048774042775,8.829000000000008,-0.0223600737538121,-17.79766941345723,0.10905036452530144,-0.4314286069020385,0.023753259817625653,-0.4994354639470569,0.24789118329505783,0.0,-5.551115123125783e-17,0.13280362434292708,-0.6829728875540375
6.399999999999993,0.0,403.0,402.17777482210107,400.85384700157346,0.05428539659484314,PILOT_DESC_ADD_SLACK_ACC,caténaire,,0.3050026687085255,0.49999999999998546,0.5258353206829721,0.23148862375633258,-0.9728376108433509,0.04689637900113123,-0.9988997595537714,29.986860419922614,-398.47621237494707,0.0,-2.0,-0.02344818950056493,0.49944987977687116,0.001441513030629675,-7.439144948103855,8.829000000000008,-0.022006676469935257,-17.76869506832699,0.07060464802134521,-0.296718067527248,0.02344818950056493,-0.49944987977687116,0.2478945293409314,0.0,0.0,0.09405283752191014,-0.5482734179631878
6.499999999999993,0.0,403.0,402.18466051380057,402.2818918760126,0.06885691699497815,PILOT_DESC_ADD_SLACK_ACC,caténaire,,0.444997331291474,0.49999999999999123,0.5259068430709576,0.21831151468349258,-0.9758791331699839,0.04650766983766849,-0.9989179328885184,29.986412200274998,-398.4523074277162,0.0,-2.0,-0.023253834918833836,0.4994589664442504,0.001489880722207498,-7.416232704377912,8.829000000000008,-0.02176395419662634,-17.745773737933668,0.09714804142435364,-0.4342636099236798,0.023253834918833836,-0.4994589664442504,0.24789877354687687,0.0,-8.326672684688674e-17,0.12040187634318747,-0.6858238028210535
6.5999999999999925,0.0,403.0,402.1918576363301,402.34663370375836,0.07197122529548033,PILOT_DESC_ACC,caténaire,,0.3050026687085265,0.4999999999999948,0.52596610073128,0.20615180650845302,-0.9785200216006321,0.04624847988991485,-0.9989299665681635,29.985956725975985,-398.428431738398,0.0,-2.0,-0.023124239944957183,0.4994649832840765,0.0015384999036475561,-7.398089957579922,8.829000000000008,-0.02158574004130963,-17.727624974295853,0.06287685114416196,-0.2984512179729178,0.023124239944957183,-0.4994649832840765,0.2479032097127064,0.0,-5.551115123125783e-17,0.08600109108911914,-0.550012991544288
6.699999999999992,0.0,403.0,402.1993350466067,402.1478393360549,0.0747741027659323,PILOT_DESC_ACC,caténaire,,0.444997331291473,0.499999999999997,0.5260175685544601,0.20079436615684568,-0.9796334123128256,0.04604779731802094,-0.9989392375726155,29.98549405643029,-398.4045792574045,0.0,-2.0,-0.02302389865901033,0.49946961878630475,0.0015874920127313952,-7.383714345379373,8.829000000000008,-0.021436406646278935,-17.713244726593075,0.0893529570781592,-0.43593425412316666,0.02302389865901033,-0.49946961878630475,0.24790781864243167,0.0,0.0,0.11237685573716953,-0.6874960542670396
6.799999999999992,0.0,403.0,402.2070647158556,401.8323716606985,0.07729669248933907,PILOT_DESC_ACC,caténaire,,0.3050026687085275,0.49999999999999833,0.5260631374993188,0.20221461019733084,-0.9793412333924991,0.04588696602274392,-0.9989466383892723,29.985024241415715,-398.38074519131993,0.0,-2.0,-0.022943483011371883,0.4994733191946345,0.0016369051129801176,-7.3723178000847005,8.829000000000008,-0.021306577898391764,-17.701844480890074,0.06167599576204052,-0.29870168976101313,0.022943483011371883,-0.4994733191946345,0.24791258305966296,0.0,-5.551115123125783e-17,0.0846194787734124,-0.5502624258959847
6.8999999999999915,0.0,403.0,402.2150214181797,402.002229283553,0.07956702324040517,PILOT_DESC_ACC,caténaire,,0.444997331291472,0.499999999999999,0.5261017800812506,0.21028739611646713,-0.9776396120424724,0.04575244157692005,-0.998952808740108,29.984547324208506,-398.3569257400623,0.0,-2.0,-0.02287622078845998,0.499476404370053,0.0016867693670959457,-7.363279299104862,8.829000000000008,-0.021189451421364035,-17.692802894734818,0.09357733007606053,-0.4350470183237303,0.02287622078845998,-0.499476404370053,0.24791748741564984,0.0,0.0,0.11645355086452051,-0.6866059352781335
6.999999999999991,0.0,403.0,402.22318245027134,401.131175035939,0.08161032091636465,PILOT_DESC_ACC,caténaire,,0.3050026687085285,0.49999999999999944,0.5261349212550492,0.2246426162075344,-0.9744412219233312,0.04562791692448911,-0.998958504241859,29.984063343850824,-398.3331178897696,0.0,-2.0,-0.02281395846224453,0.4994792521209289,0.0017371014927898643,-7.356108660100386,8.829000000000008,-0.021076856969454664,-17.685629407979466,0.06851659744896373,-0.2972071731862155,0.02281395846224453,-0.4994792521209289,0.24792251771651666,0.0,-2.7755575615628914e-17,0.09133055591120826,-0.5487639075906278
7.099999999999991,0.0,403.0,402.2315273791538,401.0511486436245,0.08344928882472818,PILOT_DESC_ACC,caténaire,,0.444997331291471,0.49999999999999967,0.5261637000267416,0.24320278581798838,-0.9699754661693097,0.04550902458827836,-0.9989639276175208,29.98357233787415,-398.30931924927955,0.0,-2.0,-0.022754512294139165,0.4994819638087601,0.0017879002214622724,-7.350418502904017,8.829000000000008,-0.020966612072676895,-17.679936539095266,0.10822459065165604,-0.43163649386354336,0.022754512294139165,-0.4994819638087601,0.24792766136777533,0.0,0.0,0.1309791029457952,-0.6831907963045282
7.19999999999999,0.0,403.0,402.24003781514807,402.16038096035413,0.08510435994225536,PILOT_DESC_ACC,caténaire,,0.3050026687085295,0.4999999999999999,0.5261890149251232,0.26352153899314995,-0.9646535121413707,0.0454164543191337,-0.9989681404714955,29.983074343026786,-398.2855279209692,0.0,-2.0,-0.022708227159566847,0.49948407023574765,0.0018391596051011466,-7.345902335379295,8.829000000000008,-0.0208690675544657,-17.675418265143556,0.08037477265508955,-0.29422189558217393,0.022708227159566847,-0.49948407023574765,0.24793290703438695,0.0,-8.326672684688674e-17,0.10308299981465639,-0.5457730587835347
7.29999999999999,0.0,403.0,402.2486972075429,400.8606469749308,0.08659392394802982,PILOT_DESC_ACC,caténaire,,0.44499733129147,0.4999999999999999,0.5262115954850823,0.27622682997975495,-0.9610924713050953,0.04531375200167676,-0.9989728043743386,29.98256939182357,-398.2617423987472,0.0,-2.0,-0.022656876000838377,0.49948640218716917,0.0018908999219323787,-7.342317352369636,8.829000000000008,-0.020765976078906,-17.671830950182475,0.12292020217209357,-0.42768358485509117,0.022656876000838377,-0.49948640218716917,0.24793824451481591,0.0,8.326672684688674e-17,0.14557707817293195,-0.6792317425274442
7.39999999999999,0.0,403.0,402.2574906606982,401.1048268363019,0.08793453155322684,PILOT_DESC_ACC,caténaire,,0.3050026687085305,0.4999999999999999,0.5262320155339817,0.2816891550487814,-0.9595057164644218,0.045210451891599286,-0.9989774847511615,29.98205751862833,-398.2379614868419,0.0,-2.0,-0.02260522594579964,0.49948874237558066,0.0019430970699269522,-7.33947132462456,8.829000000000008,-0.02066212887587269,-17.668982582248987,0.08591594403612934,-0.2926518041627392,0.02260522594579964,-0.49948874237558066,0.2479436646276806,0.0,-5.551115123125783e-17,0.10852116998192898,-0.5441968819106393
7.499999999999989,0.0,403.0,402.266404768538,400.84213545369244,0.08914107839790415,PILOT_DESC_ACC,caténaire,,0.444997331291469,0.4999999999999999,0.5262507259709008,0.2804222359216427,-0.9598767470882429,0.045114642161583056,-0.9989818161821725,29.981538758056796,-398.2141842357974,0.0,-2.0,-0.022557321080791524,0.49949090809108615,0.001995738526770217,-7.33721180536524,8.829000000000008,-0.020561582554021306,-17.66672089727416,0.12478714661991773,-0.42714259082300443,0.022557321080791524,-0.49949090809108615,0.24794915910973753,0.0,5.551115123125783e-17,0.14734446770070925,-0.6786843398043529
7.599999999999989,0.0,403.0,402.2754274655938,402.1247572806305,0.09022697055811374,PILOT_DESC_ACC,caténaire,,0.3050026687085315,0.4999999999999999,0.5262680814353959,0.272227209040115,-0.9622330001918608,0.04503285153103307,-0.9989855065430049,29.981013143624413,-398.1904098917187,0.0,-2.0,-0.022516425765516532,0.49949275327150233,0.0020488222618271555,-7.335417845260569,8.829000000000008,-0.020467603503689376,-17.664925091989076,0.08303002525231035,-0.2934836329779344,0.022516425765516532,-0.49949275327150233,0.24795472052406733,0.0,2.7755575615628914e-17,0.10554645101782688,-0.5450216657253695
7.699999999999989,0.0,403.0,402.28454789294403,402.03503069168517,0.09120427350230237,PILOT_DESC_ACC,caténaire,,0.444997331291468,0.4999999999999999,0.5262843719331791,0.25874451417070726,-0.9659457937102706,0.044945361961849624,-0.9989894466099822,29.980480706657527,-398.16663785600394,0.0,-2.0,-0.02247268098092481,0.499494723304991,0.0021023553414057494,-7.333993453285623,8.829000000000008,-0.020370325639519057,-17.66349872998064,0.11514061829227216,-0.42984330037328927,0.02247268098092481,-0.499494723304991,0.24796034217744284,0.0,0.0,0.137613299273197,-0.6813776815008374
7.799999999999988,0.0,403.0,402.2937562775592,400.5467800069062,0.09208384615207213,PILOT_DESC_ACC,caténaire,,0.3050026687085325,0.4999999999999999,0.526299825849428,0.24475265634642432,-0.969585549196856,0.0448520633074774,-0.9989936398281333,29.979941479582095,-398.1428676531992,0.0,-2.0,-0.022426031653738698,0.4994968199140665,0.0021563194611269364,-7.332862542027884,8.829000000000008,-0.020269712192611762,-17.662365722113826,0.07465021335916176,-0.2957261800462692,0.022426031653738698,-0.4994968199140665,0.24796601804595939,0.0,-2.7755575615628914e-17,0.09707624501290046,-0.5472569819143763
7.899999999999988,0.0,403.0,402.3030438237129,401.0470405492075,0.09287546153686492,PILOT_DESC_ACC,caténaire,,0.444997331291467,0.4999999999999999,0.5263146231826772,0.23611711276767428,-0.9717246055638692,0.044751616687720874,-0.9989981445447409,29.979395495935933,-398.1190989056351,0.0,-2.0,-0.022375808343860434,0.49949907227237034,0.0022106958201594156,-7.33196471600576,8.829000000000008,-0.02016511252370102,-17.661465643733397,0.10507148505386142,-0.4324148562261752,0.022375808343860434,-0.49949907227237034,0.24797174270810296,0.0,0.0,0.12744729339772184,-0.6839421857904426
7.999999999999988,0.0,403.0,402.31240261525124,402.1083585785485,0.09358791538317843,PILOT_DESC_ACC,caténaire,,0.3050026687085335,0.4999999999999999,0.5263288949825693,0.23297516192591383,-0.972482685668796,0.044670968950357604,-0.9990017540189988,29.978842790585595,-398.0953313132856,0.0,-2.0,-0.0223354844751788,0.4995008770094993,0.00226546344302426,-7.331252033373668,8.829000000000008,-0.020070021032154536,-17.660751156364178,0.07105804613020644,-0.2966098144018247,0.0223354844751788,-0.4995008770094993,0.2479775112845108,0.0,0.0,0.09339353060538524,-0.5481331801268132
8.099999999999987,0.0,403.0,402.3218255276357,400.5933326587448,0.09422912384486058,PILOT_DESC_ACC,caténaire,,0.444997331291466,0.4999999999999999,0.5263412915394128,0.2014818561427792,-0.9794922468530624,0.04824869305197049,-0.99883535360878,29.978283395228246,-398.0715646379883,0.0,-2.0,-0.02412434652598524,0.49941767680438987,0.0023206381977521093,-7.3306863041552806,8.829000000000008,-0.02180370832823313,-17.6602686273509,0.08965888828718781,-0.4358714358702946,0.02412434652598524,-0.49941767680438987,0.24798331938375648,0.0,0.0,0.11378323481317304,-0.687305793290928
8.199999999999987,0.0,403.0,402.3313061487818,401.17723671957714,0.09480621146037452,PILOT_DESC_ACC,caténaire,,0.3050026687085345,0.4999999999999999,0.526353934591085,0.20121943118724692,-0.9795461911072293,0.048255859128844565,-0.9988350074260198,29.977716731968123,-398.0477987189,0.0,-2.0,-0.024127929564422276,0.4994175037130098,0.0023813313687706785,-7.330219815396736,8.829000000000008,-0.021746598195651598,-17.659802311683734,0.06137246350812362,-0.29876420241098506,0.024127929564422276,-0.4994175037130098,0.24798916305355617,0.0,5.551115123125783e-17,0.0855003930725459,-0.5501925430704386
8.299999999999986,0.0,403.0,402.3408387078132,402.2682868782878,0.09532559031433707,PILOT_DESC_ACC,caténaire,,0.444997331291465,0.4999999999999999,0.5263672414185463,0.20948710069189677,-0.9778114105714371,0.04649266705282678,-0.9989186312759987,29.977142819841934,-398.02403340058237,0.0,-2.0,-0.023246333526413386,0.4994593156379992,0.0024426459535992102,-7.329849223810474,8.829000000000008,-0.020803687572814176,-17.659389908172482,0.09322120074788048,-0.43512346821063247,0.023246333526413386,-0.4994593156379992,0.2479950387368546,0.0,-8.326672684688674e-17,0.11646753427429388,-0.6865877451117772
8.399999999999986,0.0,403.0,402.3504180109415,400.7071512687636,0.09579303128290337,PILOT_DESC_ACC,caténaire,,0.3050026687085355,0.4999999999999999,0.5263806911420454,0.22610247565161234,-0.9741035214514996,0.04560541985539712,-0.9989595315526114,29.97656197315322,-398.0002685455674,0.0,-2.0,-0.022802709927698558,0.4994797657763056,0.002502031406851608,-7.329563437130352,8.829000000000008,-0.02030067852084695,-17.659083671354054,0.06896185847534843,-0.29710417364108954,0.022802709927698558,-0.4994797657763056,0.24800094323230185,0.0,8.326672684688674e-17,0.09176456840304699,-0.5485829961850932
8.499999999999986,0.0,403.0,402.36003938375694,400.5250203556167,0.09621372815461303,PILOT_DESC_ACC,caténaire,,0.444997331291464,0.4999999999999999,0.5263940546140575,0.2474545316853036,-0.9688995070431232,0.04505686368168226,-0.9989844238200967,29.975974359571666,-397.9765040517762,0.0,-2.0,-0.022528431840841127,0.4994922119100482,0.0025606685726242647,-7.329340621336903,8.829000000000008,-0.01996776326821686,-17.658848409426863,0.11011660621593912,-0.4311576949238049,0.022528431840841127,-0.4994922119100482,0.24800687365868296,0.0,-5.551115123125783e-17,0.13264503805678024,-0.6826430331751703
8.599999999999985,0.0,403.0,402.36969861929083,402.53516788330217,0.09659235533915173,PILOT_DESC_ACC,caténaire,,0.3050026687085365,0.4999999999999999,0.5264072553723138,0.26721248330486935,-0.9636376335355759,0.04468806286148659,-0.9990009895078622,29.975380090069024,-397.9527398407882,0.0,-2.0,-0.022344031430743292,0.499500494753931,0.0026190066889687676,-7.3291661805552195,8.829000000000008,-0.019725024741774524,-17.658665685801296,0.0815005205202204,-0.29391204989632935,0.022344031430743292,-0.499500494753931,0.2480128274229045,0.0,-2.7755575615628914e-17,0.10384455195096369,-0.5453997172273558
8.699999999999985,0.0,403.0,402.37939193127136,402.2705373287505,0.09693311980523656,PILOT_DESC_ACC,caténaire,,0.444997331291463,0.4999999999999999,0.5264202880899955,0.278663943762689,-0.960388674676365,0.044421179335203405,-0.9990128922223525,29.974779245558132,-397.92897585169544,0.0,-2.0,-0.0222105896676017,0.4995064461111761,0.002677280760409649,-7.329029310892696,8.829000000000008,-0.01953330890719205,-17.658522864781528,0.12400471130155093,-0.4273703972335275,0.0222105896676017,-0.4995064461111761,0.24801880219118264,0.0,2.7755575615628914e-17,0.14621530096915264,-0.678858041153521
8.799999999999985,0.0,403.0,402.38911591205385,400.5944938813184,0.0972398078247129,PILOT_DESC_ACC,caténaire,,0.3050026687085375,0.4999999999999999,0.5264331680530894,0.28081425976187174,-0.9597621327779046,0.044231381616658,-0.9990213135265341,29.974171889944273,-397.90521203689093,0.0,-2.0,-0.022115690808328998,0.49951065676326695,0.00273562032194217,-7.328921807150746,8.829000000000008,-0.019380070486386826,-17.658411150387487,0.08564909863878335,-0.29273001182265856,0.022115690808328998,-0.49951065676326695,0.2480247958631116,0.0,5.551115123125783e-17,0.10776478944711235,-0.5442158727228139
8.899999999999984,0.0,403.0,402.39886749475806,402.31694668607156,0.09751582704224161,PILOT_DESC_ACC,caténaire,,0.444997331291462,0.4999999999999999,0.5264459598822062,0.2747567802941073,-0.9615137605268143,0.04400236760844447,-0.9990314267553605,29.97355807430692,-397.8814483591366,0.0,-2.0,-0.02200118380422223,0.49951571337768014,0.002794123625477519,-7.328837272992001,8.829000000000008,-0.01920706017874471,-17.65832155961433,0.1222660339851123,-0.42787105743445025,0.02200118380422223,-0.49951571337768014,0.24803080654832627,0.0,-5.551115123125783e-17,0.14426721778933452,-0.6793559642638041
8.999999999999984,0.0,403.0,402.4086439191919,400.30198000348463,0.09776424433801745,PILOT_DESC_ACC,caténaire,,0.3050026687085385,0.4999999999999999,0.5264586946518881,0.2614449859553265,-0.9652183790825885,0.043764671629201744,-0.9990418677498897,29.97293785631617,-397.85768478856875,0.0,-2.0,-0.02188233581460087,0.49952093387494473,0.002852715360437617,-7.328771159428639,8.829000000000008,-0.019029620454163253,-17.6582502255537,0.07974141843684095,-0.29439418150671925,0.02188233581460087,-0.49952093387494473,0.24803683254549813,0.0,5.551115123125783e-17,0.10162375425144182,-0.5458782828361657
9.099999999999984,0.0,403.0,402.4184427011823,400.7920049352544,0.0979878199042157,PILOT_DESC_ACC,caténaire,,0.444997331291461,0.4999999999999999,0.5264714009418339,0.24871099519810477,-0.9685777412616752,0.04349243258868427,-0.999053756465346,29.972311295118605,-397.8339213014094,0.0,-2.0,-0.021746216294342133,0.4995268782326729,0.0029113653767444793,-7.328719712547174,8.829000000000008,-0.018834850917597654,-17.65819283431451,0.110675729126,-0.43101451000975666,0.021746216294342133,-0.4995268782326729,0.24804287232343142,0.0,-5.551115123125783e-17,0.13242194542034214,-0.6824985159189982
9.199999999999983,0.0,403.0,402.42826160497367,400.48592524632693,0.09818903791379413,PILOT_DESC_ACC,caténaire,,0.3050026687085395,0.4999999999999999,0.5264840817215082,0.24147379544775377,-0.9704073403020282,0.043228332297802465,-0.9990652187353691,29.9716784556374,-397.81015787852823,0.0,-2.0,-0.02161416614890123,0.49953260936768445,0.0029700027593429607,-7.32868006551789,8.829000000000008,-0.01864416338955827,-17.658147456150214,0.07365015203474487,-0.29597682852647444,0.02161416614890123,-0.49953260936768445,0.24804892450404997,0.0,5.551115123125783e-17,0.0952643181836461,-0.5474605133901089
9.299999999999983,0.0,403.0,402.43809861838594,400.2325254782859,0.09837013412241472,PILOT_DESC_ACC,caténaire,,0.44499733129146,0.4999999999999999,0.5264948411812473,0.22221573822527085,-0.9749975208609495,0.04745401278261676,-0.9988734237483883,29.971039401435064,-397.7863945047991,0.0,-2.0,-0.023727006391308373,0.49943671187419403,0.003028622268436282,-7.3286497483977575,8.829000000000008,-0.02069838412287209,-17.65821303652357,0.0988854104812072,-0.4338712947989121,0.023727006391308373,-0.49943671187419403,0.2480549878470854,0.0,0.0,0.12261241687251558,-0.6852530188260206
9.399999999999983,0.0,403.0,402.44795193045695,400.09240521498964,0.09853312071017324,PILOT_DESC_ACC,caténaire,,0.3050026687085405,0.4999999999999999,0.5265070936715148,0.22072965968024089,-0.9753350282530845,0.04525025777888553,-0.9989756824722734,29.970393447771354,-397.7626312020821,0.0,-2.0,-0.02262512888944276,0.4994878412361366,0.0030943715020595457,-7.328605948016327,8.829000000000008,-0.019530757387383215,-17.658118106780197,0.0673231352656014,-0.2974797865021105,0.02262512888944276,-0.4994878412361366,0.24806106123629584,0.0,5.551115123125783e-17,0.08994826415504416,-0.5489065665019512
9.499999999999982,0.0,403.0,402.4578199113209,400.2515856688648,0.09867980863915592,PILOT_DESC_ACC,caténaire,,0.444997331291459,0.4999999999999999,0.5265199557769633,0.22239944813224422,-0.9749556325651301,0.043966716582008354,-0.9990329963684871,29.969740983855182,-397.7388679387341,0.0,-2.0,-0.021983358291004174,0.49951649818424343,0.0031570591446966833,-7.328581665253089,8.829000000000008,-0.01882629914630749,-17.658065167068855,0.09896716089954194,-0.4338526546190592,0.021983358291004174,-0.49951649818424343,0.24806714366706387,0.0,-2.7755575615628914e-17,0.12095051919054611,-0.6853020091362387
9.599999999999982,0.0,403.0,402.4677010940984,400.19062013078286,0.09881182777524032,PILOT_DESC_ACC,caténaire,,0.3050026687085415,0.4999999999999999,0.5265313122183843,0.22829938264776553,-0.9735909777122265,0.04710704299417735,-0.9988898470303644,29.969082244505962,-397.71510469710836,0.0,-2.0,-0.02355352149708867,0.4994449235151821,0.0032180807240400357,-7.328568266951559,8.829000000000008,-0.020335440773048635,-17.658123343436387,0.06963192097208097,-0.2969478464327872,0.02355352149708867,-0.4994449235151821,0.24807323423523378,0.0,-8.326672684688674e-17,0.09318544246916964,-0.5483195357127357
9.699999999999982,0.0,403.0,402.47759415859815,402.11577495758263,0.09893064499771628,PILOT_DESC_ACC,caténaire,,0.444997331291458,0.4999999999999999,0.5265431114590484,0.24025960953457817,-0.9707086689765843,0.04699044541379988,-0.9988953388818134,29.968416726676484,-397.69134149659715,0.0,-2.0,-0.023495222706899934,0.49944766944090657,0.0032846500857200618,-7.328542907601016,8.829000000000008,-0.02021057262117987,-17.65809523816012,0.10691488506001504,-0.4319627671560633,0.023495222706899934,-0.49944766944090657,0.24807933212706532,0.0,2.7755575615628914e-17,0.13041010776691497,-0.6833311044699045
9.799999999999981,0.0,403.0,402.48749791664795,400.58473631651424,0.09903758049794466,PILOT_DESC_ACC,caténaire,,0.3050026687085425,0.4999999999999999,0.526556092565148,0.2767048021343913,-0.9609549690155972,0.04453541962955038,-0.999007805974718,29.967744471989466,-397.66757832783196,0.0,-2.0,-0.022267709814775185,0.4995039029873589,0.0033514859170375192,-7.328523326740262,8.829000000000008,-0.018916223897737665,-17.65801942375291,0.08439570309545855,-0.2930938300584919,0.022267709814775185,-0.4995039029873589,0.24808543661019233,0.0,5.551115123125783e-17,0.10666341291023373,-0.5445122964356583
9.89999999999998,0.0,403.0,402.49741129889276,400.19924425546174,0.0991338224481502,PILOT_DESC_ACC,caténaire,,0.444997331291457,0.4999999999999999,0.5265694467986539,0.30746095113410327,-0.9515606988141706,0.04311099811147833,-0.9990702887394021,29.96706591189448,-397.64381516554135,0.0,-2.0,-0.021555499055739162,0.4995351443697009,0.0034146512393962284,-7.328519333241085,8.829000000000008,-0.018140847816342932,-17.657984188871392,0.13681930273100903,-0.4234419715341398,0.021555499055739162,-0.4995351443697009,0.24809154702548525,0.0,0.0,0.1583748017867482,-0.6748855688783555
9.99999999999998,0.0,403.0,402.5073333429131,400.18451521453824,0.09922044020333518,PILOT_DESC_ACC,caténaire,,0.3050026687085435,0.4999999999999999,0.5265828107904136,0.3316722635759484,-0.9433946732807043,0.04214400636791265,-0.9991115466889876,29.966381304850223,-397.6200519979804,0.0,-2.0,-0.02107200318395632,0.4995557733444937,0.0034757813462165713,-7.3285225839764,8.829000000000008,-0.01759622183773975,-17.657966810631915,0.10116092552726771,-0.28773789299603925,0.02107200318395632,-0.4995557733444937,0.24809766277972758,0.0,-2.7755575615628914e-17,0.12223292871122404,-0.5391960035608054
10.09999999999998,0.0,403.0,402.5172631825314,400.39622934292265,0.09929839618300165,PILOT_DESC_ACC,caténaire,,0.444997331291456,0.4999999999999999,0.5265938712506151,0.2711978301806628,-0.9625236292711469,0.046499041951573984,-0.9989183345487187,29.96569083239869,-397.5962888193563,0.0,-2.0,-0.02324952097578699,0.49945916727435924,0.003535594362128102,-7.328529407693498,8.829000000000008,-0.019713926613658887,-17.658070240419146,0.12068231068242843,-0.42832044633062716,0.02324952097578699,-0.49945916727435924,0.24810378333902425,0.0,5.551115123125783e-17,0.14393183165821544,-0.679675830265962
10.19999999999998,0.0,403.0,402.52720003818786,400.3980041577463,0.09936855656470149,PILOT_DESC_ACC,caténaire,,0.3050026687085445,0.4999999999999999,0.5266065349085796,0.27877157591704316,-0.9603574378640112,0.043842774386291056,-0.9990384432713854,29.96499378863828,-397.57252566414564,0.0,-2.0,-0.021921387193145524,0.49951922163569257,0.0036032119490928684,-7.3285149663452644,8.829000000000008,-0.018318175244052656,-17.65799574470958,0.08502607461478477,-0.2929115814626236,0.021921387193145524,-0.49951922163569257,0.24810990822286988,0.0,5.551115123125783e-17,0.1069474618079303,-0.5443208948754463
10.29999999999998,0.0,403.0,402.5371432082787,400.19657495267245,0.09943170090823134,PILOT_DESC_ACC,caténaire,,0.444997331291455,0.4999999999999999,0.5266197575569198,0.2710495367757117,-0.9625653996553544,0.042268331638861706,-0.999106294715666,29.96429063881946,-397.5487625075166,0.0,-2.0,-0.02113416581943085,0.4995531473578329,0.0036666162557321166,-7.328515841217914,8.829000000000008,-0.017467549563698732,-17.65796269386009,0.1206163205129768,-0.4283390340401255,0.02113416581943085,-0.4995531473578329,0.24811603699880963,0.0,-5.551115123125783e-17,0.14175048633240764,-0.6797761443991488
10.399999999999979,0.0,403.0,402.54709206136044,400.7969420887746,0.0994885308174082,PILOT_DESC_ACC,caténaire,,0.3050026687085455,0.4999999999999999,0.5266330716109928,0.26522694158787236,-0.9641860139288182,0.04121439893440016,-0.9991503256870189,29.963581666484117,-397.5249993384522,0.0,-2.0,-0.020607199467200077,0.49957516284350933,0.0037275913832348047,-7.328523511300522,8.829000000000008,-0.016879608083965273,-17.65794834845702,0.08089492499770658,-0.29407930737974436,0.020607199467200077,-0.49957516284350933,0.24812216927763397,0.0,-5.551115123125783e-17,0.10150212446490665,-0.5455323009456199
10.499999999999979,0.0,403.0,402.557046029134,400.93725959249025,0.09953967773566738,PILOT_DESC_ACC,caténaire,,0.444997331291454,0.4999999999999999,0.5266462929982765,0.27614183822790705,-0.9611168946491953,0.04047432462501207,-0.9991805787975209,29.962867067612745,-397.5012361521706,0.0,-2.0,-0.02023716231250603,0.4995902893987603,0.003786991872304856,-7.328534130812008,8.829000000000008,-0.016450170440201174,-17.657943841413257,0.12288238106933506,-0.42769445317802146,0.02023716231250603,-0.4995902893987603,0.2481283047090546,0.0,5.551115123125783e-17,0.1431195433818411,-0.6791564378677273
10.599999999999978,0.0,403.0,402.56700460013025,400.579656163903,0.09958570996210064,PILOT_DESC_ACC,caténaire,,0.3050026687085465,0.4999999999999999,0.5266593754425257,0.31005331944164927,-0.9507191694202946,0.03991280992916803,-0.9992031663298301,29.962146985351225,-397.4774729471694,0.0,-2.0,-0.01995640496458401,0.49960158316491493,0.003845332924242589,-7.328545676990554,8.829000000000008,-0.016111072040341422,-17.65794409382565,0.09456708987164648,-0.28997188386556255,0.01995640496458401,-0.49960158316491493,0.24813444297781176,0.0,5.551115123125783e-17,0.11452349483623049,-0.5414390240526656
10.699999999999978,0.0,403.0,402.57696731402683,400.253928249293,0.09962713896589058,PILOT_DESC_ACC,caténaire,,0.444997331291453,0.4999999999999999,0.5266695850351077,0.22812315490669255,-0.9736322848978546,0.045837400475879336,-0.9989489139678835,29.96142153273236,-397.4537097235329,0.0,-2.0,-0.022918700237939665,0.49947445698394166,0.0039029036204604366,-7.3285571712529745,8.829000000000008,-0.01901579661747923,-17.658082714269042,0.10151419513926492,-0.433263768438745,0.022918700237939665,-0.49947445698394166,0.24814058380017182,0.0,8.326672684688674e-17,0.12443289537720459,-0.6845976416225147
10.799999999999978,0.0,403.0,402.58693375653377,401.05164982033125,0.09966442506930152,PILOT_DESC_ACC,caténaire,,0.40994517719754203,0.4999999999999999,0.526672356373051,0.23174789279039584,-0.9727758807593921,0.04572829849570414,-0.9989539142106043,29.96068974151462,-397.4299465274678,0.0,-2.0,-0.022864149247852066,0.49947695710530204,0.0039714043532395665,-7.328540165243939,8.829000000000008,-0.018892744894612498,-17.658063208138643,0.0950039309751158,-0.398784780811404,0.022864149247852066,-0.49947695710530204,0.24814672692077452,0.0,-2.7755575615628914e-17,0.11786808022296785,-0.6501150109959315
10.899999999999977,0.0,403.0,402.59690355479,399.9832448397982,0.09969798256237138,PILOT_DESC_ACC,caténaire,,0.3922327339789176,0.4999999999999999,0.5266763915399612,0.2727604284716435,-0.9620819864543589,0.04277185170644313,-0.99908486561533,29.95995165271525,-397.40618335247206,0.0,-2.0,-0.021385925853221563,0.4995424328076649,0.0040400519617998345,-7.328527169724305,8.829000000000008,-0.01734587389142173,-17.657984736916646,0.10698556858069373,-0.3773600478588612,0.021385925853221563,-0.4995424328076649,0.24815287210979559,0.0,0.0,0.1283714944339153,-0.6287496085567306
10.999999999999977,0.0,403.0,402.60687637322064,400.10861037360354,0.09972818430613424,PILOT_DESC_ACC,caténaire,,0.38319010307234475,0.4999999999999999,0.5266814355191135,0.3039165501560536,-0.9526986567331995,0.04111844733578991,-0.999154279022361,29.959207781957918,-397.3824201723886,0.0,-2.0,-0.020559223667894953,0.4995771395111804,0.004103596906008404,-7.328530307810828,8.829000000000008,-0.016455626761886548,-17.657953168299656,0.11645781417968962,-0.3650646964704791,0.020559223667894953,-0.4995771395111804,0.24815901916039323,0.0,0.0,0.13701703784758457,-0.6164828168212662
11.099999999999977,0.0,403.0,402.6168519098082,400.4762237426114,0.09975536587552082,PILOT_DESC_ACC,caténaire,,0.3784823370999484,0.4999999999999999,0.5266873099424577,0.32628530843570186,-0.9452713353841949,0.040126973181762414,-0.9991945886679281,29.958458425991665,-397.3586569766946,0.0,-2.0,-0.020063486590881204,0.49959729433396394,0.004164338844600787,-7.328539936366519,8.829000000000008,-0.015899147746280415,-17.657942642032562,0.12349322609812194,-0.3577685042097992,0.020063486590881204,-0.49959729433396394,0.2481651678864097,0.0,5.551115123125783e-17,0.14355671268900314,-0.6092006306573534
11.199999999999976,0.0,403.0,402.62682989273696,400.94500188682264,0.09977982928796875,PILOT_DESC_ACC,caténaire,,0.37594196408803016,0.4999999999999999,0.5266938888385121,0.33877019783485457,-0.9408691476815114,0.03951114440328506,-0.9992191298548795,29.957703770309497,-397.3348937618813,0.0,-2.0,-0.019755572201642528,0.49960956492743963,0.004223450553036485,-7.328551729097937,8.829000000000008,-0.015532121648606043,-17.657942164170507,0.12735793354852576,-0.3537121953292183,0.019755572201642528,-0.49960956492743963,0.24817131812030313,0.0,0.0,0.1471135057501683,-0.6051504421363548
11.299999999999976,0.0,403.0,402.6368100773729,400.6263063168228,0.09980184635917187,PILOT_DESC_ACC,caténaire,,0.3744852495920244,0.4999999999999999,0.5267010767543591,0.36047058669729226,-0.9327705806499849,0.0391202725737486,-0.9992345091487562,29.956943937253445,-397.3111305277894,0.0,-2.0,-0.019560136286874297,0.499617254574378,0.004281599961073182,-7.328563620114646,8.829000000000008,-0.015278536325801116,-17.657946365540276,0.13499091762991897,-0.3493088237068071,0.019560136286874297,-0.499617254574378,0.24817746971128588,0.0,2.7755575615628914e-17,0.15455105391679327,-0.6007486085698993
11.399999999999975,0.0,403.0,402.64679224354524,400.6359971820033,0.09982166172325468,PILOT_DESC_ACC,caténaire,,0.3735703277752857,0.4999999999999999,0.5267087957109533,0.3721314361059546,-0.9281800440979756,0.03888994653784533,-0.9992434998829282,29.956179011351953,-397.2873672758193,0.0,-2.0,-0.019444973268922663,0.49962174994146397,0.004339187883485706,-7.328574647344053,8.829000000000008,-0.015105785385436957,-17.657952897402595,0.13901726256158925,-0.3467405233081599,0.019444973268922663,-0.49962174994146397,0.24818362252364898,0.0,2.7755575615628914e-17,0.15846223583051192,-0.5981786507259749
11.499999999999975,0.0,403.0,402.6567761931003,400.59837913147044,0.09983949555092922,PILOT_DESC_ACC,caténaire,,0.3729262669640237,0.4999999999999999,0.5267169845617293,0.39244082983175016,-0.9197772529699608,0.038732749016441574,-0.9992496055308849,29.955409050188663,-397.2636040081483,0.0,-2.0,-0.019366374508220784,0.49962480276544236,0.00439650287109523,-7.328584331640776,8.829000000000008,-0.014969871637125553,-17.65795952887534,0.14635149367341826,-0.343009097388512,0.019366374508220784,-0.49962480276544236,0.2481897764352544,0.0,-2.7755575615628914e-17,0.16571786818163906,-0.5944441237186999
11.599999999999975,0.0,403.0,402.6667617476999,400.15879410448974,0.09985554599583629,PILOT_DESC_ACC,caténaire,,0.37241760243835403,0.4999999999999999,0.5267250328084039,0.31482341937844105,-0.9491502592376331,0.04392723894808003,-0.9990347329689785,29.954634099068162,-397.239840726987,0.0,-2.0,-0.021963619474040012,0.49951736648448913,0.004453673157656715,-7.328592652491466,8.829000000000008,-0.017509946316383296,-17.658075286006984,0.11724578303636346,-0.3534802638990215,0.021963619474040012,-0.49951736648448913,0.24819593133617793,0.0,2.7755575615628914e-17,0.13920940251040348,-0.6048016990473327
11.699999999999974,0.0,403.0,402.67674874683956,400.23477066012924,0.09986999139625266,PILOT_DESC_ACC,caténaire,,0.37197660284187806,0.4999999999999999,0.5267337363958469,0.352785673617238,-0.935704156499495,0.041643966301643354,-0.9991325137691534,29.95385331129889,-397.216077470921,0.0,-2.0,-0.020821983150821673,0.49956625688457656,0.004521012673429646,-7.328577173696956,8.829000000000008,-0.016300970477392027,-17.658010916812387,0.13122801640342377,-0.3480600533997072,0.020821983150821673,-0.49956625688457656,0.24820208712748776,0.0,-5.551115123125783e-17,0.15204999955424545,-0.5994242231567961
11.799999999999974,0.0,403.0,402.6867370460652,399.90194207102627,0.09988299225662739,PILOT_DESC_ACC,caténaire,,0.3715694032312698,0.4999999999999999,0.5267429345552805,0.3823855076702773,-0.9240028806901763,0.040381442279746445,-0.9991843369065626,29.95306708987279,-397.19231421849395,0.0,-2.0,-0.02019072113987322,0.4995921684532812,0.004584156874451754,-7.32857492919913,8.829000000000008,-0.015606564265421466,-17.657982760745856,0.1420827548893311,-0.343331198962023,0.02019072113987322,-0.4995921684532812,0.24820824372014522,0.0,0.0,0.1622734760292043,-0.5947151236951591
11.899999999999974,0.0,403.0,402.6967265153683,399.6157736148996,0.09989469303096465,PILOT_DESC_ACC,caténaire,,0.37117907197101024,0.4999999999999999,0.5267519535871737,0.3117134663130022,-0.9501761494160611,0.04491186164872592,-0.998990953253955,29.9522756662586,-397.1685509603205,0.0,-2.0,-0.022455930824362955,0.4994954766269774,0.004645021515899145,-7.328578473582407,8.829000000000008,-0.01781090930846381,-17.658082996955436,0.1157015151469269,-0.35268550134924154,0.022455930824362955,-0.4994954766269774,0.24821440103401554,0.0,-5.551115123125783e-17,0.13815744597128987,-0.6039665769422033
11.999999999999973,0.0,403.0,402.7067170377411,399.9284300699933,0.09990522372786818,PILOT_DESC_ACC,caténaire,,0.370797143995601,0.4999999999999999,0.5267615808020472,0.3295371389918148,-0.9441426131814459,0.04220767523339275,-0.9991088590095639,29.951478305674645,-397.14478772981266,0.0,-2.0,-0.02110383761669637,0.49955442950478185,0.004714973408678387,-7.328561409452694,8.829000000000008,-0.016388864208017984,-17.65800697994792,0.12219142997864633,-0.3500853844922236,0.02110383761669637,-0.49955442950478185,0.24822055899697748,0.0,5.551115123125783e-17,0.1432952675953427,-0.6014192550000279
12.099999999999973,0.0,403.0,402.7167085078766,400.1653681696345,0.09991470135508136,PILOT_DESC_ACC,caténaire,,0.3704193872868079,0.4999999999999999,0.5267711183148543,0.27049380141560414,-0.9627217164870313,0.045520807208176764,-0.9989633907762168,29.950675482135953,-397.1210245016315,0.0,-2.0,-0.02276040360408838,0.49948169538810827,0.004779802103801167,-7.32855997437382,8.829000000000008,-0.017980601500287213,-17.65807827898572,0.10019614818524758,-0.35661078834883014,0.02276040360408838,-0.49948169538810827,0.24822671754412187,0.0,5.551115123125783e-17,0.12295655178933595,-0.6078657661928164
12.199999999999973,0.0,403.0,402.72670083099854,399.2710673723599,0.09992323121957322,PILOT_DESC_ACC,caténaire,,0.37004368646534175,0.4999999999999999,0.5267809196328221,0.23930510509396902,-0.9709444199726185,0.04557868141675637,-0.9989607518818293,29.949866665063425,-397.09726129954333,0.0,-2.0,-0.02278934070837818,0.49948037594091454,0.004851436381323504,-7.328543880260152,8.829000000000008,-0.017937904327054676,-17.658063504319244,0.08855334327894833,-0.35929185251962076,0.02278934070837818,-0.49948037594091454,0.24823287661703045,0.0,-2.7755575615628914e-17,0.11134268398732651,-0.6105393518435048
12.299999999999972,0.0,403.0,402.7366939218083,400.01418083530234,0.0999309080976159,PILOT_DESC_ACC,caténaire,,0.3696689842660369,0.4999999999999999,0.5267912855439638,0.2439220062643056,-0.9697948519455009,0.04259134343533946,-0.9990925770239577,29.949051868689455,-397.07349811862326,0.0,-2.0,-0.021295671717669728,0.49954628851197874,0.004923431459747378,-7.328530823836516,8.829000000000008,-0.01637224025792235,-17.657984535324545,0.09017040029585974,-0.3585030778651249,0.021295671717669728,-0.49954628851197874,0.24823903616312676,0.0,0.0,0.11146607201352947,-0.6098103302139768
12.399999999999972,0.0,403.0,402.7466877035371,400.9474826003276,0.09993781728785431,PILOT_DESC_ACC,caténaire,,0.36929475249747007,0.4999999999999999,0.5268020243348812,0.2634589374389843,-0.9646706112883926,0.040937249646674896,-0.999161719438533,29.948231614902067,-397.0497349325483,0.0,-2.0,-0.020468624823337445,0.4995808597192664,0.004989605500777727,-7.328534003365763,8.829000000000008,-0.015479019322559719,-17.657953143646505,0.09729400309477616,-0.3562477946373301,0.020468624823337445,-0.4995808597192664,0.24824519613509216,0.0,5.551115123125783e-17,0.11776262791811361,-0.6075834582215043
12.499999999999972,0.0,403.0,402.75668210709296,400.40646899115256,0.09994403555906888,PILOT_DESC_ACC,caténaire,,0.36892072755193356,0.4999999999999999,0.5268130210991168,0.30607102929509994,-0.952008679070857,0.03994488943341227,-0.9992018844098286,29.94740620144157,-397.02597173085456,0.0,-2.0,-0.01997244471670613,0.4996009422049142,0.005052575535785238,-7.328543636972649,8.829000000000008,-0.014919869180920892,-17.65794269476774,0.11291594681011743,-0.3512157345185758,0.01997244471670613,-0.4996009422049142,0.24825135649033958,0.0,5.551115123125783e-17,0.13288839152682358,-0.6025653202331502
12.599999999999971,0.0,403.0,402.76667707029327,400.6959440005239,0.09994963200316198,PILOT_DESC_ACC,caténaire,,0.3685467780657621,0.4999999999999999,0.5268242052435633,0.348287840701965,-0.9373876359431901,0.03934488727623237,-0.9992256901447342,29.946575814691347,-397.00220851005906,0.0,-2.0,-0.019672443638116183,0.499612845072367,0.005113644621085233,-7.328555418908283,8.829000000000008,-0.01455879901703095,-17.657942573835925,0.1283603615301906,-0.34547119302554424,0.019672443638116183,-0.499612845072367,0.2482575171905409,0.0,-5.551115123125783e-17,0.14803280516830677,-0.5968265209073704
12.69999999999997,0.0,403.0,402.77667253717357,400.3437744498562,0.09995466880284579,PILOT_DESC_ACC,caténaire,,0.36817283875162626,0.4999999999999999,0.5268348512456158,0.26596157667507897,-0.9639836304276677,0.04527811818961735,-0.9989744200995374,29.94574057500812,-396.97844527012154,0.0,-2.0,-0.02263905909480867,0.4994872100497686,0.005173589435683898,-7.328567225676536,8.829000000000008,-0.017465469659124773,-17.658080015626773,0.09791982868332214,-0.35491258972465295,0.02263905909480867,-0.4994872100497686,0.2482636782012008,0.0,-2.7755575615628914e-17,0.12055888777813081,-0.6061361215732207
12.79999999999997,0.0,403.0,402.7866684573658,399.8957805129698,0.0999592019225612,PILOT_DESC_ACC,caténaire,,0.3677988773177984,0.4999999999999999,0.5268456424226042,0.27132987443227297,-0.962486415094035,0.045364982893963436,-0.9989704792069835,29.94489951350167,-396.95468205685586,0.0,-2.0,-0.022682491446981715,0.4994852396034916,0.0052459631377877606,-7.328550774529706,8.829000000000008,-0.017436528309193955,-17.658065534926223,0.09979482319896922,-0.3540014229052186,0.022682491446981715,-0.4994852396034916,0.24826983949127324,0.0,0.0,0.12247731464595094,-0.605216823017437
12.89999999999997,0.0,403.0,402.79666478553884,399.94176440652,0.09996328173030508,PILOT_DESC_ACC,caténaire,,0.36742487773836563,0.4999999999999999,0.5268568924760982,0.29002855664850896,-0.9570179916429902,0.0424431555499974,-0.9990988832677968,29.94405263981912,-396.93091886543516,0.0,-2.0,-0.021221577774998696,0.4995494416338983,0.005318718373612645,-7.328537300595049,8.829000000000008,-0.01590285940138605,-17.657987858961157,0.10656370696721305,-0.3516322185728419,0.021221577774998696,-0.4995494416338983,0.2482760010328171,0.0,-5.551115123125783e-17,0.12778528474221174,-0.602905659173923
12.99999999999997,0.0,403.0,402.80666148089455,399.63978533001034,0.09996695355727457,PILOT_DESC_ACC,caténaire,,0.367050832221101,0.4999999999999999,0.526869182385341,0.28697972585091314,-0.9579366560219599,0.04082025007489059,-0.9991665062359844,29.943200465183434,-396.90715566996744,0.0,-2.0,-0.02041012503744529,0.49958325311799207,0.005385511137578162,-7.328539796789159,8.829000000000008,-0.015024613899867128,-17.657956543671176,0.10533614720416108,-0.35161144680795897,0.02041012503744529,-0.49958325311799207,0.24828216280068527,0.0,-5.551115123125783e-17,0.12574627224160637,-0.6029125371252657
13.09999999999997,0.0,403.0,402.8166585067147,399.7351582169077,0.09997025820154712,PILOT_DESC_ACC,caténaire,,0.3666767371587818,0.4999999999999999,0.5268819342438034,0.29163655027598323,-0.9565292063199764,0.039836496514392236,-0.9992062117228149,29.942343282343117,-396.8833924600143,0.0,-2.0,-0.019918248257196115,0.4996031058614073,0.0054489981195787185,-7.32854873135561,8.829000000000008,-0.014469250137617396,-17.65794562549421,0.10693633869144055,-0.35073700837048816,0.019918248257196115,-0.4996031058614073,0.24828832477224524,0.0,-2.7755575615628914e-17,0.12685458694863666,-0.6020517894596502
13.199999999999969,0.0,403.0,402.82665582995287,399.36181891783303,0.09997323238139241,PILOT_DESC_ACC,caténaire,,0.36630259100867885,0.4999999999999999,0.5268941177110886,0.2423593298932835,-0.9701865569124726,0.04547353824801062,-0.9989655436095916,29.94148127641942,-396.8596292319363,0.0,-2.0,-0.022736769124005306,0.49948277180479567,0.005510490039813623,-7.328559910738238,8.829000000000008,-0.017226279084191685,-17.65807713893345,0.08877685049503689,-0.3553818495588278,0.022736769124005306,-0.49948277180479567,0.24829448692712783,0.0,-8.326672684688674e-17,0.1115136196190422,-0.6065701344364958
13.299999999999969,0.0,403.0,402.8366534208672,400.0335174350765,0.09997590914325317,PILOT_DESC_ACC,caténaire,,0.3659283932328995,0.4999999999999999,0.5269067436924258,0.2193877236954837,-0.9756377538265493,0.042505160414281234,-0.9990962472845928,29.940613528402697,-396.8358660295713,0.0,-2.0,-0.021252580207140614,0.4995481236422963,0.005584148777834078,-7.32854405100668,8.829000000000008,-0.015668431429306535,-17.65799592736439,0.08028019722691167,-0.35701355563510434,0.021252580207140614,-0.4995481236422963,0.24830064924700077,0.0,8.326672684688674e-17,0.10153277743405228,-0.6082610300303998
13.399999999999968,0.0,403.0,402.8466512526901,399.98744603273997,0.09997831822892786,PILOT_DESC_ACC,caténaire,,0.3655541435791081,0.4999999999999999,0.5269196271506774,0.21024689568125943,-0.9776483226888867,0.04085825686480016,-0.9991649527710477,29.939740557575494,-396.8121028258488,0.0,-2.0,-0.020429128432400075,0.4995824763855237,0.005651570931131687,-7.328544888330853,8.829000000000008,-0.014777557501268388,-17.657962411945338,0.07685662389092887,-0.35738339532208746,0.020429128432400075,-0.4995824763855237,0.24830681171536506,0.0,-5.551115123125783e-17,0.09728575232332895,-0.6086590599922461
13.499999999999968,0.0,403.0,402.8566493013307,399.80939207486574,0.09998048640603507,PILOT_DESC_ACC,caténaire,,0.36517984213001914,0.4999999999999999,0.5269326646058549,0.22916409283916972,-0.9733878048101898,0.03985778679797207,-0.9992053626915577,29.93886266089579,-396.7883396095969,0.0,-2.0,-0.01992889339898603,0.49960268134577873,0.005715530335022972,-7.328552616419405,8.829000000000008,-0.01421336306396306,-17.657949935073635,0.08368610724487704,-0.355461604891871,0.01992889339898603,-0.49960268134577873,0.2483129743173716,0.0,5.551115123125783e-17,0.10361500064386307,-0.6067513119202781
13.599999999999968,0.0,403.0,402.86664754510724,399.72731832210786,0.09998243776543157,PILOT_DESC_ACC,caténaire,,0.36480548911639293,0.4999999999999999,0.5269457947167341,0.27505849836159874,-0.9614274920549455,0.039256295104973984,-0.9992291745613872,29.9379800264284,-396.7645763766567,0.0,-2.0,-0.01962814755248699,0.49961458728069347,0.00577738736004973,-7.3285629097450435,8.829000000000008,-0.013850760192437259,-17.657948322464357,0.10034285003042359,-0.3507340264890514,0.01962814755248699,-0.49961458728069347,0.24831913703965608,0.0,-5.551115123125783e-17,0.11997099758291058,-0.6020294767300889
13.699999999999967,0.0,403.0,402.8766459645061,399.91527459522104,0.09998419398888841,PILOT_DESC_ACC,caténaire,,0.3644310848231695,0.4999999999999999,0.52695898404968,0.31387861859322547,-0.9494631181831176,0.03886575961053322,-0.9992444409301942,29.937092775040945,-396.74081312649065,0.0,-2.0,-0.019432879805266607,0.49962222046509697,0.005837986621976392,-7.328573534614341,8.829000000000008,-0.013594893183290215,-17.65795131414925,0.11438712547672701,-0.3460138741590627,0.019432879805266607,-0.49962222046509697,0.24832529987019072,0.0,2.7755575615628914e-17,0.13382000528199361,-0.597310794753969
13.799999999999967,0.0,403.0,402.8866445419651,399.9849475001181,0.09998577458999958,PILOT_DESC_ACC,caténaire,,0.36405662954248263,0.4999999999999999,0.5269722114180343,0.34457924984063326,-0.9387572319717523,0.03861250477986309,-0.9992542591726218,29.936200992022428,-396.717049860096,0.0,-2.0,-0.01930625238993154,0.4996271295863108,0.005897773876885586,-7.328583544416495,8.829000000000008,-0.013408478513045954,-17.657956414830192,0.125446360307258,-0.34176079383026664,0.01930625238993154,-0.4996271295863108,0.24833146279815058,0.0,5.551115123125783e-17,0.14475261269718953,-0.5930564606184268
13.899999999999967,0.0,403.0,402.8966432616782,399.62799666730444,0.09998719713099961,PILOT_DESC_ACC,caténaire,,0.3636821235530072,0.4999999999999999,0.5269849116394287,0.3090272628721647,-0.9510531797968702,0.04363720818844548,-0.9990474433486722,29.935304739511075,-396.69328657917293,0.0,-2.0,-0.021818604094222736,0.499523721674336,0.005957039671416525,-7.328592505515733,8.829000000000008,-0.015861564422806212,-17.658068783841404,0.11238769119712225,-0.34588104004036574,0.021818604094222736,-0.499523721674336,0.24833762581379307,0.0,-2.7755575615628914e-17,0.13420629529134498,-0.5970671359009088
13.999999999999966,0.0,403.0,402.90664210942,399.4319942287837,0.09998847741789965,PILOT_DESC_ACC,caténaire,,0.363307567111285,0.4999999999999999,0.5269979080954845,0.31283507608113326,-0.9498074621592061,0.041357712488067,-0.9991444037864369,29.93440319981158,-396.66952332117785,0.0,-2.0,-0.020678856244033497,0.4995722018932183,0.00602753072153712,-7.328578363561079,8.829000000000008,-0.014651325522496378,-17.65800616166787,0.11365535039811027,-0.34507223830120504,0.020678856244033497,-0.4995722018932183,0.24834378890834993,0.0,0.0,0.13433420664214377,-0.5963006512860733
14.099999999999966,0.0,403.0,402.91664107238756,399.42833186137057,0.09998962967610969,PILOT_DESC_ACC,caténaire,,0.36293296028397337,0.4999999999999999,0.5270105436806392,0.2761583460379823,-0.9611121515793909,0.044979722408812234,-0.9989879001129225,29.933496776336913,-396.64576006523663,0.0,-2.0,-0.022489861204406113,0.49949395005646113,0.006093011670415084,-7.3285770967381305,8.829000000000008,-0.01639684953399103,-17.658083146681676,0.10022696603469079,-0.3488192783376073,0.022489861204406113,-0.49949395005646113,0.24834995207392974,0.0,5.551115123125783e-17,0.12271682723909691,-0.5999632763201386
14.199999999999966,0.0,403.0,402.9266401390584,400.1603783378675,0.09999066670849872,PILOT_DESC_ACC,caténaire,,0.3625583032227355,0.4999999999999999,0.527023551670563,0.26858501776362786,-0.9632559827132722,0.04213364400578962,-0.9991119837349531,29.932584887245735,-396.62199683701095,0.0,-2.0,-0.021066822002894805,0.49955599186747646,0.006166713355542259,-7.328560001826526,8.829000000000008,-0.014900108647352545,-17.658004009959058,0.0973777283114292,-0.34923645466167264,0.021066822002894805,-0.49955599186747646,0.24835611530343019,0.0,2.7755575615628914e-17,0.118444550314324,-0.6004363312257189
14.299999999999965,0.0,403.0,402.93663929906216,399.6604692868985,0.09999160003764886,PILOT_DESC_ACC,caténaire,,0.3621835959602104,0.4999999999999999,0.5270367639770589,0.27379913051746574,-0.9617868974611163,0.040588733060433264,-0.9991759378350485,29.93166803145167,-396.59823361012195,0.0,-2.0,-0.02029436653021663,0.49958796891752416,0.00623407164134898,-7.328559177368849,8.829000000000008,-0.014060294888867649,-17.657971208451333,0.09916555366159471,-0.34834343706988125,0.02029436653021663,-0.49958796891752416,0.24836227859045928,0.0,0.0,0.11945992019181134,-0.5995691273969461
14.399999999999965,0.0,403.0,402.94663854306555,399.2756665300443,0.09999244003388397,PILOT_DESC_ACC,caténaire,,0.36180883862716384,0.4999999999999999,0.527049453446159,0.25548701900976617,-0.966812486016551,0.04541450537035458,-0.9989682290753626,29.930746488892648,-396.5744703736358,0.0,-2.0,-0.022707252685177287,0.4994841145376812,0.006297968942886337,-7.3285650968813325,8.829000000000008,-0.01640928374229095,-17.65808098234366,0.09243746163223963,-0.3498013027358894,0.022707252685177287,-0.4994841145376812,0.24836844192926405,0.0,5.551115123125783e-17,0.11514471431741692,-0.6009169753443067
14.499999999999964,0.0,403.0,402.9566378626686,399.09972235275677,0.09999319603049557,PILOT_DESC_ACC,caténaire,,0.3614340313917834,0.4999999999999999,0.5270622023752249,0.25978455658607574,-0.9656666009339746,0.04544159092072271,-0.9989669973600698,29.929819476572376,-396.5507071641437,0.0,-2.0,-0.02272079546036135,0.4994834986800348,0.006372953259795436,-7.328548446976652,8.829000000000008,-0.016347842200565916,-17.658064948296627,0.09389497958023223,-0.3490247725559669,0.02272079546036135,-0.4994834986800348,0.24837460531466696,0.0,0.0,0.11661577504059358,-0.6001336659213348
14.599999999999964,0.0,403.0,402.9666372503113,398.99843155126604,0.09999387642744602,PILOT_DESC_ACC,caténaire,,0.36105917425414835,0.4999999999999999,0.5270750055918882,0.2647955675511675,-0.9643045719093397,0.045488565645062706,-0.9989648594397876,29.92888701497137,-396.5269439763011,0.0,-2.0,-0.02274428282253135,0.4994824297198937,0.006448098070605172,-7.328535093653518,8.829000000000008,-0.01629618475192618,-17.65805266393363,0.0956068689661831,-0.34817101246308624,0.02274428282253135,-0.4994824297198937,0.2483807687420082,0.0,5.551115123125783e-17,0.11835115178871446,-0.5992726734409717
14.699999999999964,0.0,403.0,402.9766366991898,399.3579349249189,0.09999448878470142,PILOT_DESC_ACC,caténaire,,0.3606842672295573,0.4999999999999999,0.5270881878869897,0.29546901930575364,-0.9553523217276945,0.042402796000315435,-0.9991005969827842,29.927949121308778,-396.5031808060131,0.0,-2.0,-0.021201398000157714,0.499550298491392,0.006523443777593416,-7.328524265985117,8.829000000000008,-0.014677954222564297,-17.65797396749373,0.10657102671733168,-0.34458055210840977,0.021201398000157714,-0.499550298491392,0.24838693220709404,0.0,-2.7755575615628914e-17,0.1277724247174894,-0.5957439183927077
14.799999999999963,0.0,403.0,402.9866362031804,399.6122495675689,0.09999503990623128,PILOT_DESC_ACC,caténaire,,0.3603093103423394,0.4999999999999999,0.5271015717783014,0.30098953234463,-0.9536274437215829,0.040714687579337966,-0.9991708133323937,29.92700633499478,-396.4794176270476,0.0,-2.0,-0.02035734378966898,0.4995854066661967,0.006591682187134454,-7.3285296182689885,8.829000000000008,-0.013765661602534524,-17.6579442116028,0.10844933081935688,-0.3436008465708516,0.02035734378966898,-0.4995854066661967,0.24839309570614987,0.0,0.0,0.12880667460902587,-0.5947931575308985
14.899999999999963,0.0,403.0,402.996635756772,399.7651555762576,0.09999553591560816,PILOT_DESC_ACC,caténaire,,0.35993430371366864,0.4999999999999999,0.5271150556992579,0.2872613969031198,-0.9578522275639747,0.03970650883554256,-0.9992113856217276,29.926058960126912,-396.455654429486,0.0,-2.0,-0.019853254417771277,0.4996056928108637,0.006656001944206598,-7.328541088291745,8.829000000000008,-0.013197252473564678,-17.65793539548089,0.10339523087814023,-0.34476387458882574,0.019853254417771277,-0.4996056928108637,0.24839925923577877,0.0,5.551115123125783e-17,0.12324848529591151,-0.5959703081639105
14.999999999999963,0.0,403.0,403.0066353550044,400.5142851611404,0.09999598232404734,PILOT_DESC_ACC,caténaire,,0.359559247501796,0.4999999999999999,0.5271285829286193,0.28148554061585124,-0.9595654695872513,0.03910283955923174,-0.9992351915031841,29.92510718617489,-396.43189121038955,0.0,-2.0,-0.019551419779615865,0.4996175957515919,0.00671795903101397,-7.328554370937538,8.829000000000008,-0.012833460748601895,-17.657936775185952,0.10121072916647171,-0.3450206381734996,0.019551419779615865,-0.4996175957515919,0.24840542279292344,0.0,0.0,0.12076214894608758,-0.5962328111321681
15.099999999999962,0.0,403.0,403.01663499341356,399.80338218537355,0.0999963840916426,PILOT_DESC_ACC,caténaire,,0.35918414187123715,0.4999999999999999,0.5271421234071181,0.29321761011337966,-0.9560457275253093,0.0387245627666361,-0.9992499228113719,29.924151134402617,-396.4081279702182,0.0,-2.0,-0.019362281383318046,0.49962496140568585,0.00677848349524516,-7.328567369917262,8.829000000000008,-0.012583797888072887,-17.657942408511584,0.10531911567010926,-0.3433964642308408,0.019362281383318046,-0.49962496140568585,0.24841158637483224,0.0,-5.551115123125783e-17,0.12468139705342732,-0.5946098392616945
15.199999999999962,0.0,403.0,403.0266346679818,399.66508548638905,0.09999674568247835,PILOT_DESC_ACC,caténaire,Fy:(t>15:-25),0.35880898697722585,0.4999999999999999,0.5271556609847683,0.3276312057718025,-0.9448056906076058,0.038478630078705195,-0.9992594232866988,29.923190888031048,-396.38436471084964,0.0,-25.0,-0.019239315039352594,0.4996297116433493,0.006838094065936679,-7.3285792107042855,8.829000000000008,-0.012401220973415915,-40.65794949906095,0.11755702104510748,-0.3390047727372333,0.019239315039352594,-0.4996297116433493,0.24841774997902882,0.0,5.551115123125783e-17,0.13679633608446007,-0.5902167344015539
15.299999999999962,0.0,403.0,403.03663437509323,399.6376282234294,0.09999707111423052,PILOT_DESC_ACC,caténaire,,0.35843378295985195,0.4999999999999999,0.5279279428299435,0.36323263673197825,-0.9316984767684955,0.03833772856556649,-0.9992648390534079,29.922226507919156,-396.36826810131413,0.0,-25.0,-0.019168864282783242,0.49963241952670384,0.006897095065577328,-3.362610682554604,8.829000000000008,-0.012271769217205915,-36.691978263027906,0.13019484807832465,-0.3339522096060636,0.019168864282783242,-0.49963241952670384,0.2484239136032844,0.0,0.0,0.1493637123611079,-0.585160715529483
15.399999999999961,0.0,403.0,403.0473206114935,400.4762792722776,0.10686236400280746,PILOT_DESC_MINPAY_ACC,caténaire,,0.35810118865912544,0.49999999999999994,0.5364235176340885,0.4743079984644836,-0.880358973710506,0.03845395160831272,-0.9992603732790095,29.921258037217523,-396.35851615119964,0.0,-25.0,-0.019226975804156356,0.4996301866395047,0.006955729667412837,-1.2342146917791503,8.829000000000008,-0.012271246136743519,-34.56358450513965,0.16985025804066223,-0.31525759493246,0.019226975804156356,-0.4996301866395047,0.24843050039079154,0.0,-2.7755575615628914e-17,0.1890772338448186,-0.5664572811811731
15.499999999999961,0.0,403.0,403.05879377425373,400.690797984578,0.11473162760252673,PILOT_DESC_MINPAY_ACC,caténaire,,0.4915505943295623,0.49999999999999994,0.5501880133380511,0.530505161224374,-0.8476817055441864,0.038428420044679334,-0.9992613554685629,29.920285476100513,-396.35439939592015,0.0,-25.0,-0.019214210022339664,0.4996306777342814,0.007014609936783169,-0.21994691357630108,8.829000000000008,-0.012199600085556494,-33.54931623584203,0.2607701272947413,-0.41667844616254185,0.019214210022339664,-0.4996306777342814,0.24843757222434518,0.0,2.7755575615628914e-17,0.27998433731708094,-0.6678715516724781
15.59999999999996,0.0,403.0,403.07109350573796,400.80639874881143,0.12299731484227405,PILOT_DESC_MINPAY_ACC,caténaire,,0.5582752971647809,0.49999999999999994,0.598200924717536,0.3031159461988634,-0.9529536836383854,0.03844921572267424,-0.9992605555160834,29.91930884845014,-396.3555797460526,0.0,-25.0,-0.019224607861337117,0.49963027775804164,0.007073392424394725,0.01808129267637444,8.829000000000008,-0.012151215436942392,-33.31128842956559,0.16922214493955418,-0.5320105009174921,0.019224607861337117,-0.49963027775804164,0.24844515353872448,0.0,-5.551115123125783e-17,0.1884467528008913,-0.7831956251368093
15.69999999999996,0.0,403.0,403.08425308819926,400.91659525367527,0.13159582461311672,PILOT_DESC_MINPAY_ACC,caténaire,,0.6280597093103782,0.49999999999999994,0.6680631862085957,0.77105528746388,-0.6367682024677372,0.0384383571299778,-0.9992609732703206,29.91832817039462,-396.361977858995,0.0,-25.0,-0.019219178564988896,0.49963048663516024,0.007132185590650709,0.531265451216895,8.829000000000008,-0.012086992974338188,-32.79810406214796,0.48426875970679456,-0.39992845213997913,0.019219178564988896,-0.49963048663516024,0.24845326484846061,0.0,2.7755575615628914e-17,0.5034879382717835,-0.6511056739266787
15.79999999999996,0.0,403.0,403.0984237737124,400.5086577414098,0.14170685513111406,PILOT_DESC_MINPAY_ACC,caténaire,,0.7049616960245593,0.49999999999999994,0.7049616960245593,0.8111559252749604,-0.5848299452758239,0.038255976125913776,-0.9992679722129862,29.917343463341442,-396.3734226732914,0.0,-25.0,-0.019127988062956885,0.49963398610649307,0.007190909423965218,1.6999074225929087,8.829000000000008,-0.011937078638991667,-31.629458591300605,0.5718338568222068,-0.412282710107595,0.019127988062956885,-0.49963398610649307,0.24846199938237978,0.0,0.0,0.5909618448851637,-0.6634546968317083
15.89999999999996,0.0,403.0,403.1138214806687,400.3890799467774,0.15397706956345192,PILOT_DESC_MINPAY_ACC,caténaire,,0.7930819080276289,0.49999999999999994,0.7930819080276289,0.8072235795052667,-0.5902457900660576,0.03815266415172668,-0.9992719220603196,29.916354777262054,-396.3895246404515,0.0,-25.0,-0.019076332075863338,0.4996359610301597,0.007249141213082693,3.36484948991343,8.829000000000008,-0.011827190862780645,-29.964514549056418,0.6401944166389293,-0.46811325739086423,0.019076332075863338,-0.4996359610301597,0.2484714902283634,0.0,5.551115123125783e-17,0.6592707487147926,-0.7192777281926606
15.99999999999996,0.0,403.0,403.13068473664754,401.30786870315,0.168632559788063,PILOT_DESC_MINPAY_ACC,caténaire,,0.8922171465310822,0.49999999999999994,0.8922171465310822,0.7732873981121867,-0.634055675726418,0.03811639231637635,-0.999273306276508,29.91536214878571,-396.409728779128,0.0,-25.0,-0.01905819615818817,0.49963665313825395,0.007307068541821847,5.2977132967326614,8.829000000000008,-0.011751127616366323,-28.03165005012909,0.6899402757921002,-0.5657153457384618,0.01905819615818817,-0.49963665313825395,0.24848188441015492,0.0,-2.7755575615628914e-17,0.7089984719502883,-0.8168701144665608
16.09999999999996,0.0,403.0,403.1492425552159,401.047041459877,0.18557818568379938,PILOT_DESC_MINPAY_ACC,caténaire,,1.003744289847467,0.49999999999999994,1.003744289847467,0.7234364966847878,-0.6903909293034208,0.038086263934173054,-0.9992744550420252,29.914365603266827,-396.43339080115453,0.0,-25.0,-0.019043131967086523,0.49963722752101253,0.007364851634477874,7.2662691146989875,8.829000000000008,-0.011678280332608648,-26.06309365778001,0.7261452526146118,-0.692975953050795,0.019043131967086523,-0.49963722752101253,0.24849332308724653,0.0,0.0,0.7451883845816983,-0.9441198574845608
16.19999999999996,0.0,403.0,403.16969181209106,400.14381672782156,0.20449256875154304,PILOT_DESC_MINPAY_ACC,caténaire,,1.1292123260784024,0.5,1.1292123260784024,0.6733806332975253,-0.7392959642117788,0.03805019768798262,-0.9992758290161456,29.913365164987834,-396.459854521067,0.0,-25.0,-0.01902509884399131,0.4996379145080728,0.007422501978551921,9.088862904478935,8.829000000000008,-0.01160259686543939,-24.240499181013,0.7603897112620462,-0.834822115407958,0.01902509884399131,-0.4996379145080728,0.24850592760998694,0.0,2.7755575615628914e-17,0.7794148101060375,-1.085954102306044
16.29999999999996,0.0,403.0,403.19218360032545,399.35659437450454,0.2249178823439992,PILOT_DESC_MINPAY_ACC,caténaire,,1.2703638668382047,0.5,1.2703638668382047,0.6275298749986604,-0.7785924838990969,0.03801671942832253,-0.9992771032320856,29.91236085917655,-396.4885124073731,0.0,-25.0,-0.019008359714161264,0.4996385516160428,0.007480001285655672,10.658499780103089,8.829000000000008,-0.011528358428505591,-22.670861668280878,0.7971912785597934,-0.9890957585372193,0.019008359714161264,-0.4996385516160428,0.24851979110918418,0.0,2.7755575615628914e-17,0.8161996382739547,-1.240214519044078
16.399999999999963,0.0,403.0,403.2168174630061,399.7471920038132,0.2463386268068686,PILOT_DESC_MINPAY_ACC,caténaire,,1.4291593501929825,0.5,1.4291593501929825,0.5866724937871927,-0.8098242926916409,0.038001617944220814,-0.9992776776420164,29.911352710579127,-396.5188412475687,0.0,-25.0,-0.019000808972110407,0.4996388388210082,0.00753735241673321,11.93766467086939,8.829000000000008,-0.011463456555377196,-21.39169649030961,0.8384484799970008,-1.1573679599136772,0.019000808972110407,-0.4996388388210082,0.2485349749412539,0.0,2.7755575615628914e-17,0.8574492889691112,-1.4084718237934315
16.499999999999964,0.0,403.0,403.24364182872034,399.51358774132547,0.2682436571421627,PILOT_DESC_MINPAY_ACC,caténaire,,1.6078042689671077,0.5,1.6078042689671077,0.5505957883237019,-0.8347719915523049,0.03799467780571126,-0.9992779415450139,29.91034074082952,-396.550414653261,0.0,-25.0,-0.01899733890285563,0.49963897077250696,0.007594597852896805,12.937507952313663,8.829000000000008,-0.011402741049958824,-20.39185307691384,0.8852502589421579,-1.34214997163197,0.01899733890285563,-0.49963897077250696,0.24855150895663194,0.0,2.7755575615628914e-17,0.9042475978450135,-1.593237433447845
16.599999999999966,0.0,403.0,403.27265871578817,399.8304489171995,0.2901688706782773,PILOT_DESC_MINPAY_ACC,caténaire,,1.8087798025879989,0.5,1.8087798025879989,0.5238380758627841,-0.8518178621491663,0.0379789614827256,-0.9992785389893518,29.909324970166224,-396.5828993433123,0.0,-25.0,-0.0189894807413628,0.4996392694946759,0.007651754939668471,13.695100528563287,8.829000000000008,-0.011337725801694329,-19.634260201942045,0.9475077314471637,-1.5407509445391003,0.0189894807413628,-0.4996392694946759,0.24856939439937123,0.0,2.7755575615628914e-17,0.9664972121885265,-1.7918208196344052
16.699999999999967,0.0,403.0,403.3038308735116,399.82503210085105,0.3117215772340778,PILOT_DESC_MINPAY_ACC,caténaire,,2.0348772779115016,0.5,2.0348772779115016,0.5040233788471209,-0.8636900101167846,0.03799356247610341,-0.9992779839516002,29.908305420260998,-396.61604278676424,0.0,-25.0,-0.018996781238051704,0.4996389919758001,0.007708798580579281,14.25617523750476,8.829000000000008,-0.011287982657472422,-19.073185770519448,1.0256257211521869,-1.7575031767458,0.018996781238051704,-0.4996389919758001,0.2485886083088689,0.0,-2.7755575615628914e-17,1.0446225023902385,-2.0085535604127314
16.79999999999997,0.0,403.0,403.33708987485727,400.24379981871823,0.33259001345682526,PILOT_DESC_MINPAY_ACC,caténaire,,2.289236937650443,0.5,2.289236937650443,0.49781685650997126,-0.8672821786330736,0.037981326107592465,-0.9992784491157151,29.907282107694886,-396.64965795880636,0.0,-25.0,-0.018990663053796233,0.49963922455785753,0.007765802396646137,14.664877733064245,8.829000000000008,-0.011224860657150094,-18.664483042377906,1.1396207361076565,-1.9854143986927817,0.018990663053796233,-0.49963922455785753,0.24860910850803725,0.0,0.0,1.1586113991614526,-2.236444514742602
16.89999999999997,0.0,403.0,403.3723441097281,401.02357163572213,0.35254234870802964,PILOT_DESC_MINPAY_ACC,caténaire,,2.5753915548567523,0.5,2.5753915548567523,0.49579337543420426,-0.8684405154502859,0.03797263147166798,-0.9992787795500899,29.906255053508556,-396.6836086251959,0.0,-25.0,-0.01898631573583399,0.49963938977504496,0.00782269567710517,14.95906247737262,8.829000000000008,-0.011163620058728821,-18.37029813285234,1.2768620720471728,-2.236574369386111,0.01898631573583399,-0.49963938977504496,0.24863083853020077,0.0,8.326672684688674e-17,1.295848387783007,-2.487582920630955
16.99999999999997,0.0,403.0,403.4094860356165,399.88012509060457,0.371419258884326,PILOT_DESC_MINPAY_ACC,caténaire,,2.897315499213851,0.5,2.897315499213851,0.4749220409610979,-0.8800278717230182,0.03798376534942252,-0.9992783564001975,29.905224278115536,-396.7177967242964,0.0,-25.0,-0.01899188267471126,0.49963917820009873,0.007879484506892383,15.169025386733823,8.829000000000008,-0.011112398167818878,-18.160335435066088,1.3759989901948644,-2.5497183924832796,0.01899188267471126,-0.49963917820009873,0.2486537320882573,0.0,5.551115123125783e-17,1.3949908728695757,-2.8007038385951213
17.099999999999973,0.0,403.0,403.44839836541485,400.112355853503,0.38912329798310724,PILOT_DESC_MINPAY_ACC,caténaire,,3.2594799366155875,0.5,3.2594799366155875,0.45791711850683203,-0.8889948889495374,0.0379743497257595,-0.9992787142548899,29.904189798589794,-396.752152268542,0.0,-25.0,-0.01898717486287975,0.49963935712744495,0.007936216746160702,15.31797779005988,8.829000000000008,-0.011050958116719047,-18.011382852812684,1.4925716604058414,-2.8976610042848194,0.01898717486287975,-0.49963935712744495,0.24867771688872314,0.0,5.551115123125783e-17,1.5115588352687213,-3.1486226445235412
17.199999999999974,0.0,403.0,403.48895909789786,399.9464496180495,0.40560732483032286,PILOT_DESC_MINPAY_ACC,caténaire,,3.618841046381408,0.5,3.618841046381408,0.4412304573630807,-0.8973938285363715,0.03796350159039061,-0.9992791264441564,29.903151635411348,-396.7866256070718,0.0,-25.0,-0.018981750795195304,0.4996395632220782,0.00799283713416404,15.423198858577228,8.829000000000008,-0.010988913661031264,-17.906161578200702,1.596742890019158,-3.2475256214767803,0.018981750795195304,-0.4996395632220782,0.24870271773242478,0.0,2.7755575615628914e-17,1.6157246408143533,-3.4984624669664335
17.299999999999976,0.0,403.0,403.5310454367287,400.27483405274825,0.42086338830834913,PILOT_DESC_MINPAY_ACC,caténaire,,4.0711961771790905,0.5,4.0711961771790905,0.4068367647599632,-0.9135008740223768,0.03794764756983613,-0.9992797286265321,29.90210980926168,-396.8211816661277,0.0,-25.0,-0.018973823784918065,0.49963986431326607,0.008049339200975692,15.497305160376971,8.829000000000008,-0.010924484583942374,-17.83205497530977,1.6563122814266713,-3.719041266169658,0.018973823784918065,-0.49963986431326607,0.2487286589300973,0.0,2.7755575615628914e-17,1.6752861052115893,-3.9699524715528267
17.399999999999977,0.0,403.0,403.57453671935866,400.4962328456316,0.43491282630001277,PILOT_DESC_MINPAY_ACC,caténaire,,4.580095699326484,0.5,4.580095699326484,0.3763328385295725,-0.9264845355667166,0.03793674844445992,-0.9992801424612927,29.901064341617154,-396.8557957435087,0.0,-25.0,-0.01896837422222996,0.49964007123064635,0.008105707250103792,15.54938763240847,8.829000000000008,-0.010862666972126168,-17.779972296360892,1.7236404152646232,-4.243387836841613,0.01896837422222996,-0.49964007123064635,0.24875546610770125,0.0,-2.7755575615628914e-17,1.7426087894868532,-4.494272441964559
17.49999999999998,0.0,403.0,403.61931650848703,400.92594578114984,0.447797891283926,PILOT_DESC_MINPAY_ACC,caténaire,,5.1526076617423024,0.5,5.1526076617423024,0.3596246735543171,-0.9330970443479878,0.037946654510833455,-0.9992797663374534,29.900015253083634,-396.8904504783218,0.0,-25.0,-0.018973327255416728,0.4996398831687267,0.008161951346627953,15.585937470374294,8.829000000000008,-0.010811375908788775,-17.743422646456988,1.8530048483075487,-4.807882979856539,0.018973327255416728,-0.4996398831687267,0.24878306749555726,0.0,2.7755575615628914e-17,1.8719781755629654,-5.058739795529709
17.59999999999998,0.0,403.0,403.66527858076574,400.50866236075296,0.4596207227871679,PILOT_DESC_MINPAY_ACC,caténaire,,5.796683619460099,0.5,5.796683619460099,0.368499303500088,-0.9296280241687802,0.03794215522990372,-0.9992799371830249,29.898962560758147,-396.92513368735035,0.0,-25.0,-0.01897107761495186,0.49963996859151244,0.008218122955947631,15.611560501006783,8.829000000000008,-0.010752954659004228,-17.717799530401713,2.136073876381416,-5.388759539890225,0.01897107761495186,-0.49963996859151244,0.24881139761966747,0.0,5.551115123125783e-17,2.155044953996368,-5.63958811086207
17.69999999999998,0.0,403.0,403.71234071396606,399.9134183573058,0.470621332003032,PILOT_DESC_MINPAY_ACC,caténaire,,6.286927552248312,0.5,6.286927552248312,0.3959636202576299,-0.9182661985679705,0.03792815588373788,-0.9992804686329353,29.897906284114438,-396.95983682955574,0.0,-25.0,-0.01896407794186894,0.49964023431646765,0.008274182101102558,15.629510248318569,8.829000000000008,-0.010689895840766381,-17.69984951736497,2.4893945938856814,-5.773073064075294,0.01896407794186894,-0.49964023431646765,0.24884040579985506,0.0,0.0,2.5083586718275503,-6.023872892591906
17.799999999999983,0.0,403.0,403.7604334028114,400.9780135872937,0.48092688845318776,PILOT_DESC_MINPAY_ACC,caténaire,,6.586078476056631,0.5,6.586078476056631,0.4166244040878627,-0.9090787127187794,0.03791934922040434,-0.9992808028550839,29.896846444172116,-396.99455392160024,0.0,-25.0,-0.01895967461020217,0.49964040142754196,0.008330101375971335,15.6420781577828,8.829000000000008,-0.010629573234230834,-17.687281440789665,2.743921020362993,-5.987263742878422,0.01895967461020217,-0.49964040142754196,0.24887004919442432,0.0,-8.326672684688674e-17,2.762880694973195,-6.23803409511154
17.899999999999984,0.0,403.0,403.809491327131,400.63118397432453,0.49057924319657287,PILOT_DESC_MINPAY_ACC,caténaire,,6.661656298203305,0.5,6.661656298203305,0.44387445251185126,-0.8960889857638604,0.037922243664880076,-0.9992806930164423,29.895783061038717,-397.029280774125,0.0,-25.0,-0.018961121832440038,0.49964034650822114,0.008385891833156118,15.650874727316815,8.829000000000008,-0.01057522999928392,-17.67848492617497,2.956939042187118,-5.969436835764433,0.018961121832440038,-0.49964034650822114,0.24890028754129728,0.0,-5.551115123125783e-17,2.975900164019558,-6.220176894731357
17.999999999999986,0.0,403.0,403.85944693050595,400.3590720628091,0.4995560337496704,PILOT_DESC_MINPAY_ACC,caténaire,,6.75916793731113,0.5,6.75916793731113,0.44929841083496974,-0.8933817426056851,0.0379141490910239,-0.9992810001689733,29.89471615282865,-397.0640144549585,0.0,-25.0,-0.01895707454551195,0.4996405000844866,0.008441581842500104,15.657030166295701,8.829000000000008,-0.010515492703011844,-17.67232933361982,3.036883412800571,-6.038517230399491,0.01895707454551195,-0.4996405000844866,0.24893107920001598,0.0,5.551115123125783e-17,3.055840487346083,-6.289226651283962
18.099999999999987,0.0,403.0,403.910233844715,400.6122683945851,0.5078691420905358,PILOT_DESC_MINPAY_ACC,caténaire,,6.751056932487312,0.5,6.751056932487312,0.43385802536793705,-0.9009812505395628,0.03788770098867808,-0.9992820032972637,29.89364573945435,-397.09875291223653,0.0,-25.0,-0.01894385049433904,0.49964100164863184,0.008497140016591642,15.661336653632821,8.829000000000008,-0.010446710477747399,-17.668022344718555,2.929000229875468,-6.082575717496203,0.01894385049433904,-0.49964100164863184,0.24896238326250453,0.0,0.0,2.947944080369807,-6.33325433588233
18.19999999999999,0.0,403.0,403.9617852111345,400.47537052188756,0.515513664195325,PILOT_DESC_MINPAY_ACC,caténaire,,6.737560571759967,0.5,6.737560571759967,0.4129951856574925,-0.9107332082579034,0.037892454267173574,-0.9992818230657506,29.892571843843225,-397.13349471029613,0.0,-25.0,-0.018946227133586787,0.4996409115328753,0.008552515227124616,15.664349085668068,8.829000000000008,-0.010393711906462171,-17.665010002799065,2.7825800792126087,-6.136120155350908,0.018946227133586787,-0.4996409115328753,0.24899415851841242,0.0,5.551115123125783e-17,2.8015263063461955,-6.386766908365371
18.29999999999999,0.0,403.0,404.0140356634916,400.7428021463559,0.5225045235710258,PILOT_DESC_MINPAY_ACC,caténaire,,6.832269968199154,0.5,6.832269968199154,0.41975355182991214,-0.9076381193659582,0.03787866063098026,-0.9992823460207846,29.891494483661464,-397.1682388450233,0.0,-25.0,-0.01893933031549013,0.4996411730103923,0.008607787992576565,15.666456265480502,8.829000000000008,-0.010331542322913567,-17.662902561509114,2.8678695862124357,-6.201228664936795,0.01893933031549013,-0.4996411730103923,0.24902636467724515,0.0,0.0,2.886808916527926,-6.451843473269942
18.39999999999999,0.0,403.0,404.0669259528593,400.17185063832085,0.5289028936774349,PILOT_DESC_MINPAY_ACC,caténaire,,6.876684614351277,0.5,6.876684614351277,0.4432064930528626,-0.8964195471517691,0.03787083284101321,-0.9992826427092226,29.89041367963226,-397.2029846139377,0.0,-25.0,-0.018935416420506605,0.4996413213546113,0.00866290658421629,15.66793004080203,8.829000000000008,-0.010272509836290316,-17.661428637843365,3.0477912717572067,-6.16439450790231,0.018935416420506605,-0.4996413213546113,0.24905896521912074,0.0,5.551115123125783e-17,3.066726688177713,-6.414976864037801
18.499999999999993,0.0,403.0,404.1204009318985,400.5362097131072,0.5347497903913675,PILOT_DESC_MINPAY_ACC,caténaire,,6.865897149768216,0.5,6.865897149768216,0.453695187874644,-0.8911569314657163,0.037850957804372455,-0.99928339573581,29.889329451433113,-397.23773152573136,0.0,-25.0,-0.018925478902186228,0.499641697867905,0.008717884642517531,15.668960776211348,8.829000000000008,-0.010207594259668697,-17.660397525920754,3.1150244972920738,-6.118591835746651,0.018925478902186228,-0.499641697867905,0.24909192615229586,0.0,-5.551115123125783e-17,3.13394997619426,-6.36914160746226
18.599999999999994,0.0,403.0,404.17440802097616,400.3214401048709,0.5400708907767428,PILOT_DESC_MINPAY_ACC,caténaire,,6.909961133951769,0.5,6.909961133951769,0.4515950197916995,-0.8922230315898231,0.03786039419093671,-0.9992830382587842,29.888241820702547,-397.27247923670035,0.0,-25.0,-0.018930197095468355,0.4996415191293921,0.008772687534634328,15.66968155340736,8.829000000000008,-0.010157509560834027,-17.659676927463256,3.1205040350468236,-6.165226471102299,0.018930197095468355,-0.4996415191293921,0.2491252150677112,0.0,2.7755575615628914e-17,3.139434232142292,-6.41574277516398
18.699999999999996,0.0,403.0,404.22889947081626,401.04908571177555,0.5449144984012129,PILOT_DESC_MINPAY_ACC,caténaire,,6.8672416498543285,0.5,6.8672416498543285,0.45405204550106865,-0.8909751623790058,0.03783519258770545,-0.9992839927677474,29.88715080413546,-397.3072275066451,0.0,-25.0,-0.018917596293852725,0.4996419963838737,0.008827391981879911,15.670185704198914,8.829000000000008,-0.010090204311972814,-17.659172299417218,3.1180851180664915,-6.1185417440748315,0.018917596293852725,-0.4996419963838737,0.24915880253364506,0.0,2.7755575615628914e-17,3.137002714360344,-6.36902493792506
18.799999999999997,0.0,403.0,404.2838293970962,400.9350705636191,0.5492992627997332,PILOT_DESC_MINPAY_ACC,caténaire,,6.807383797708438,0.5,6.807383797708438,0.4341428303221761,-0.9008440502550097,0.037835410838833156,-0.9992839845042332,29.886056424166934,-397.3419761673564,0.0,-25.0,-0.018917705419416578,0.4996419922521166,0.008881902295002317,15.670538148685559,8.829000000000008,-0.010035803124414261,-17.658819859062334,2.9553768690264652,-6.132391191967999,0.018917705419416578,-0.4996419922521166,0.2491926602678969,0.0,-2.7755575615628914e-17,2.974294574445882,-6.382840523952218
18.9,0.0,403.0,404.33915394781377,401.13856867146876,0.5532455071756976,PILOT_DESC_MINPAY_ACC,caténaire,,6.81056856769619,0.5,6.81056856769619,0.40705855934532403,-0.9134020633125969,0.03782704301490009,-0.999284301296057,29.8849586989307,-397.376725101354,0.0,-25.0,-0.018913521507450046,0.4996421506480285,0.008936285148688328,15.670784636501057,8.829000000000008,-0.009977236358761719,-17.65857321285092,2.772300229488958,-6.220787382065617,0.018913521507450046,-0.4996421506480285,0.24922676124094842,0.0,-2.7755575615628914e-17,2.791213750996408,-6.471202771472697
19.0,0.0,403.0,404.3948337546961,400.73026318549506,0.5567980688232982,PILOT_DESC_MINPAY_ACC,caténaire,,6.781076105978239,0.5,6.781076105978239,0.3990740859096836,-0.9169186844837172,0.03781658234933229,-0.999284697220675,29.88385764794901,-397.41147422642257,0.0,-25.0,-0.018908291174666143,0.4996423486103375,0.008990515167878636,15.670956972159306,8.829000000000008,-0.009917776006787508,-17.658400679230365,2.7061517484772626,-6.217695382477534,0.018908291174666143,-0.4996423486103375,0.24926108118696486,0.0,-2.7755575615628914e-17,2.725060039651929,-6.468076649900907
19.1,0.0,403.0,404.4508324725381,401.066677336612,0.5599871784195866,PILOT_DESC_MINPAY_ACC,caténaire,,6.781573233848619,0.5,6.781573233848619,0.41009976010354526,-0.912040671660543,0.037821958323996645,-0.9992844937596789,29.88275329104199,-397.4462234850509,0.0,-25.0,-0.018910979161998322,0.49964224687983944,0.009044584584678723,15.671077436380509,8.829000000000008,-0.009866394577319599,-17.65828031673966,2.7811215563259424,-6.185070607114456,0.018910979161998322,-0.49964224687983944,0.24929559770347115,0.0,0.0,2.8000325354879405,-6.435417256290825
19.200000000000003,0.0,403.0,404.50711764903764,400.8047242090163,0.5628517649956942,PILOT_DESC_MINPAY_ACC,caténaire,,6.828583372029304,0.5,6.828583372029304,0.43712953234702573,-0.8993985612341564,0.037798622754522525,-0.9992853767157114,29.881645645336775,-397.48097283711814,0.0,-25.0,-0.018899311377261262,0.4996426883578557,0.009098534725410444,15.67116171389883,8.829000000000008,-0.009800776651850819,-17.658195597743322,2.9849754560078456,-6.14161806007064,0.018899311377261262,-0.4996426883578557,0.24933029078750196,0.0,5.551115123125783e-17,3.0038747673851067,-6.391930457640994
19.300000000000004,0.0,403.0,404.5636616522219,401.23680681340034,0.565440031842746,PILOT_DESC_MINPAY_ACC,caténaire,,6.872869030900339,0.5,6.872869030900339,0.4527529831677721,-0.8916359886370014,0.03777920628405993,-0.999286110967498,29.88053473270601,-397.5157222543846,0.0,-25.0,-0.018889603142029966,0.499643055483749,0.009152284891591716,15.671220520672993,8.829000000000008,-0.00973731825043825,-17.658136423843267,3.1117119566615234,-6.128097373139454,0.018889603142029966,-0.499643055483749,0.24936514340724858,0.0,0.0,3.1306015598035533,-6.378375285215954
19.400000000000006,0.0,403.0,404.620440633357,400.6171206868112,0.5677898113508162,PILOT_DESC_MINPAY_ACC,caténaire,,6.854240016185894,0.5,6.854240016185894,0.45400315875063063,-0.8910000739867812,0.037763425725445256,-0.9992867074456052,29.879420574302493,-397.55047171712573,0.0,-25.0,-0.018881712862722628,0.4996433537228026,0.009205843799317806,15.671261536801746,8.829000000000008,-0.009675869063404821,-17.65809510947546,3.1118466181833697,-6.107128361544788,0.018881712862722628,-0.4996433537228026,0.249400140862817,0.0,-2.7755575615628914e-17,3.1307283310460923,-6.357371574404774
19.500000000000007,0.0,403.0,404.67743195463134,401.8922628683736,0.5699132127432565,PILOT_DESC_MINPAY_ACC,caténaire,,6.849286288204587,0.5,6.849286288204587,0.4395688932976398,-0.8982088777367369,0.037766568669890824,-0.9992865886675867,29.87830319060929,-397.58522121157,0.0,-25.0,-0.018883284334945412,0.49964329433379334,0.009259219493060666,15.671290131709313,8.829000000000008,-0.009624064841884746,-17.6580665739569,3.0107331935847896,-6.152089750225862,0.018883284334945412,-0.49964329433379334,0.24943526920070208,0.0,-5.551115123125783e-17,3.029616477919735,-6.402297775358954
19.60000000000001,0.0,403.0,404.73461483014387,400.5273149380812,0.571828755125432,PILOT_DESC_MINPAY_ACC,caténaire,,6.8249726355838005,0.5,6.8249726355838005,0.43257534959361743,-0.9015977855584826,0.037770446202527,-0.999286442114403,29.877182598894475,-397.6199707282056,0.0,-25.0,-0.0188852231012635,0.4996432210572015,0.009312462468387041,15.67131014736031,8.829000000000008,-0.00957276063287646,-17.658046631582497,2.952314923804535,-6.153380214739595,0.0188852231012635,-0.4996432210572015,0.2494705156088802,0.0,-2.7755575615628914e-17,2.9712001469057983,-6.403552920187916
19.70000000000001,0.0,403.0,404.7919696832332,401.12921535893634,0.5735485308935644,PILOT_DESC_MINPAY_ACC,caténaire,,6.777541666845759,0.5,6.777541666845759,0.42307157375742516,-0.9060962661209987,0.037746108392405366,-0.9992873617239582,29.876058816259448,-397.65472026038503,0.0,-25.0,-0.018873054196202683,0.4996436808619791,0.009365573038401414,15.671324167254923,8.829000000000008,-0.009507481157801268,-17.658032151883106,2.8673852191989577,-6.141105197808432,0.018873054196202683,-0.4996436808619791,0.24950586802067942,0.0,5.551115123125783e-17,2.8862582733951605,-6.391243010649732
19.80000000000001,0.0,403.0,404.8494775926813,401.26231135957573,0.5750790944807602,PILOT_DESC_MINPAY_ACC,caténaire,,6.686593822527789,0.5,6.686593822527789,0.40620595617905303,-0.9137815500242173,0.03773802912924842,-0.9992876668694755,29.874931864464035,-397.6894698032818,0.0,-25.0,-0.01886901456462421,0.4996438334347377,0.009418470909558184,15.671333833833637,8.829000000000008,-0.009450543655066024,-17.658022332731633,2.71613423726085,-6.1100860675318,0.01886901456462421,-0.4996438334347377,0.24954131477343028,0.0,0.0,2.735003251825474,-6.360188586193107
19.900000000000013,0.0,403.0,404.9071193122365,401.3540371929957,0.5764171955518083,PILOT_DESC_MINPAY_ACC,caténaire,,6.666750405198884,0.5,6.666750405198884,0.4119626590604415,-0.9112007284566066,0.03774495897335831,-0.9992874051403328,29.873801762487403,-397.72421935362274,0.0,-25.0,-0.018872479486679156,0.4996437025701664,0.00947119962177959,15.671340548211301,8.829000000000008,-0.009401279864899567,-17.65801574921854,2.746452224218008,-6.0747478256556,0.018872479486679156,-0.4996437025701664,0.249576844004119,0.0,0.0,2.765324703704687,-6.324814684221647
20.000000000000014,0.0,403.0,404.9648781013435,401.52191158366685,0.5775878910702753,PILOT_DESC_MINPAY_ACC,caténaire,,6.763293947430512,0.5,6.763293947430512,0.4295502240227766,-0.9030429696542588,0.03772272061553361,-0.9992882448770036,29.872668526750815,-397.7589689092135,0.0,-25.0,-0.018861360307766806,0.4996441224385018,0.009523799508400215,15.671345283294245,8.829000000000008,-0.00933756079936659,-17.65801059426726,2.9051744302506655,-6.107545050932324,0.018861360307766806,-0.4996441224385018,0.2496124453941941,0.0,2.7755575615628914e-17,2.9240357905584324,-6.357576727976632
20.100000000000016,0.0,403.0,405.0227427918349,401.3492114345979,0.5786469049138095,PILOT_DESC_MINPAY_ACC,caténaire,,6.824082444063514,0.5,6.824082444063514,0.42974740115984317,-0.9029491520547328,0.03770569758528792,-0.9992888873441989,29.87153217849396,-397.7937184683356,0.0,-25.0,-0.01885284879264396,0.4996444436720994,0.0095761870680909,15.671348468471713,8.829000000000008,-0.009276661724553058,-17.658007087856195,2.9326316956368057,-6.161799456418739,0.01885284879264396,-0.4996444436720994,0.24964811205981527,0.0,-2.7755575615628914e-17,2.9514845444294497,-6.411795788031022
20.200000000000017,0.0,403.0,405.08070498853976,401.12765119521055,0.5796219670486135,PILOT_DESC_MINPAY_ACC,caténaire,,6.8415683765489055,0.5,6.8415683765489055,0.4104998117876194,-0.9118606826277406,0.037690061969752366,-0.9992894771930286,29.870392738016534,-397.8284680298204,0.0,-25.0,-0.018845030984876183,0.4996447385965143,0.009628375245461817,15.671350599477385,8.829000000000008,-0.009216655739414365,-17.658004661926107,2.8084625309054547,-6.238557210084248,0.018845030984876183,-0.4996447385965143,0.2496838388263629,0.0,5.551115123125783e-17,2.827307561890331,-6.488518109854399
20.30000000000002,0.0,403.0,405.13875699606626,401.21527296859887,0.5805200752651346,PILOT_DESC_MINPAY_ACC,caténaire,,6.792932888030984,0.5,6.792932888030984,0.39554132553010724,-0.9184481802463793,0.03767727474912408,-0.9992899594049163,29.869250225320524,-397.86321759285914,0.0,-25.0,-0.01883863737456204,0.49964497970245814,0.009680366292191694,15.671352001109481,8.829000000000008,-0.009158271082370346,-17.65800301918807,2.686885678768835,-6.238956849547839,0.01883863737456204,-0.49964497970245814,0.24971962095054773,0.0,-5.551115123125783e-17,2.7057243161433973,-6.488882208299749
20.40000000000002,0.0,403.0,405.19688980712556,400.94903285231476,0.5813281105932104,PILOT_DESC_MINPAY_ACC,caténaire,,6.763706351577197,0.5,6.763706351577197,0.3789223300621666,-0.9254284779388726,0.03766393140793938,-0.9992904624136558,29.868104659867488,-397.89796715690426,0.0,-25.0,-0.01883196570396969,0.4996452312068279,0.009732166656527267,15.671352908801907,8.829000000000008,-0.009099799047442424,-17.658001859991273,2.5629193705959072,-6.2593264741655705,0.01883196570396969,-0.4996452312068279,0.24975545288045278,0.0,-2.7755575615628914e-17,2.581751336299877,-6.509216252491946
20.50000000000002,0.0,403.0,405.2550944404506,401.0502407519673,0.5820463332502417,PILOT_DESC_MINPAY_ACC,caténaire,,6.709181986030742,0.5,6.709181986030742,0.38252280893387747,-0.9239460485576722,0.03767026571289156,-0.9992902236493262,29.8669560611481,-397.93271672156936,0.0,-25.0,-0.01883513285644578,0.4996451118246631,0.009783773198782852,15.671353468008952,8.829000000000008,-0.009051359657662928,-17.658001420166393,2.56641513894505,-6.198922185047419,0.01883513285644578,-0.4996451118246631,0.24979132908020044,0.0,2.7755575615628914e-17,2.5852502718014954,-6.448775967791882
20.600000000000023,0.0,403.0,405.3133614417055,401.1961521848248,0.582670012549577,PILOT_DESC_MINPAY_ACC,caténaire,,6.8298289152446605,0.5,6.8298289152446605,0.4082120156833168,-0.912887150885455,0.037645958882042314,-0.9992911396484269,29.865804445308832,-397.96746628670786,0.0,-25.0,-0.018822979441021157,0.49964556982421343,0.00983524040995684,15.671353894989455,8.829000000000008,-0.008987739031064318,-17.65800053518634,2.7880182282642236,-6.234863059472796,0.018822979441021157,-0.49964556982421343,0.2498272437223225,0.0,0.0,2.806841207705245,-6.484681385574688
20.700000000000024,0.0,403.0,405.37168659732447,401.85888886938585,0.5832515561892718,PILOT_DESC_MINPAY_ACC,caténaire,,6.700979799015018,0.5,6.700979799015018,0.4247950652039398,-0.9052895407428391,0.03764126527457737,-0.9992913164580832,29.864649833556552,-398.0022158520248,0.0,-25.0,-0.018820632637288684,0.4996456582290416,0.009886479461707003,15.671354055927473,8.829000000000008,-0.008934153175581681,-17.658000285843492,2.846543150652868,-6.066326924777347,0.018820632637288684,-0.4996456582290416,0.24986319420965938,0.0,-8.326672684688674e-17,2.8653637832901566,-6.316109388796729
20.800000000000026,0.0,403.0,405.43006163699306,401.21319503577723,0.5837503966857407,PILOT_DESC_MINPAY_ACC,caténaire,,6.686314909499926,0.5,6.686314909499926,0.4386577478212356,-0.8986542050624374,0.037630336836813515,-0.9992917280501965,29.86349224375321,-398.036965417437,0.0,-25.0,-0.018815168418406757,0.49964586402509825,0.00993754495716356,15.671354141856787,8.829000000000008,-0.008877623461243198,-17.65799999411812,2.9330038394247864,-6.00868500979378,0.018815168418406757,-0.49964586402509825,0.2498991754445506,0.0,-5.551115123125783e-17,2.951819007843193,-6.258431698374327
20.900000000000027,0.0,403.0,405.4884794083216,401.088245380371,0.5841777132852163,PILOT_DESC_MINPAY_ACC,caténaire,,6.676144233249524,0.5,6.676144233249524,0.4383793866156962,-0.8987900274204458,0.03761765072614048,-0.9992922056905307,29.86233169474205,-398.0717149828472,0.0,-25.0,-0.01880882536307024,0.49964610284526534,0.009988417638179587,15.67135414006232,8.829000000000008,-0.008820407724890652,-17.657999757092423,2.926684013929844,-6.000451858465191,0.01880882536307024,-0.49964610284526534,0.24993518301840287,0.0,2.7755575615628914e-17,2.945492839292914,-6.2501627782920535
21.00000000000003,0.0,403.0,405.5469338126526,400.920702019366,0.5845440433098763,PILOT_DESC_MINPAY_ACC,caténaire,,6.6748065017473,0.5,6.6748065017473,0.4346558511947437,-0.9005966305856207,0.037616406420929095,-0.9992922525307476,29.861168205594982,-398.10646454817646,0.0,-25.0,-0.018808203210464548,0.4996461262653738,0.010039091077474336,15.671354067053164,8.829000000000008,-0.008769112132990212,-17.65799980668147,2.901243701577182,-6.011308245284612,0.018808203210464548,-0.4996461262653738,0.24997121317212262,0.0,-5.551115123125783e-17,2.9200519047876465,-6.260983158377862
21.10000000000003,0.0,403.0,405.6054198631706,401.230807947039,0.5848605051799431,PILOT_DESC_MINPAY_ACC,caténaire,,6.656786319179855,0.5,6.656786319179855,0.4553717099229765,-0.8903014128944337,0.037610529991919925,-0.9992924737201452,29.860001793410536,-398.14121411344126,0.0,-25.0,-0.018805264995959962,0.4996462368600726,0.01008959691992462,15.671354008912447,8.829000000000008,-0.008715668076035342,-17.65799975422749,3.0313121687568074,-5.926546265302162,0.018805264995959962,-0.4996462368600726,0.2500072628319344,0.0,-5.551115123125783e-17,3.0501174337527672,-6.1761852393303
21.20000000000003,0.0,403.0,405.6639329226926,401.45694498217495,0.5851305952201291,PILOT_DESC_MINPAY_ACC,caténaire,,6.70188481661913,0.5,6.70188481661913,0.46471741020286345,-0.8854590496766882,0.03759371631247751,-0.9992931063976259,29.858832476003396,-398.17596367862416,0.0,-25.0,-0.018796858156238754,0.49964655319881296,0.01013992052111257,15.671353935031693,8.829000000000008,-0.008656937635126184,-17.657999511769503,3.1144825554571347,-5.934244560766201,0.018796858156238754,-0.49964655319881296,0.2500433291395689,0.0,0.0,3.1332794136133733,-6.183847784825446
21.300000000000033,0.0,403.0,405.72247060702165,402.8101178746993,0.585376843290285,PILOT_DESC_MINPAY_ACC,caténaire,,6.7297732415120075,0.5,6.7297732415120075,0.4844537296467431,-0.8748168858860467,0.037575591198376,-0.9992937881054262,29.85766027295038,-398.2107132436443,0.0,-25.0,-0.018787795599188,0.4996468940527131,0.010190028941469923,15.671353788244328,8.829000000000008,-0.008597766657718078,-17.657999317702966,3.260263746527344,-5.88731926985878,0.018787795599188,-0.4996468940527131,0.2500794106254538,0.0,-5.551115123125783e-17,3.279051542126532,-6.136886753286039
21.400000000000034,0.0,403.0,405.7810112146734,401.40141043577427,0.5854060765175532,PILOT_DESC_MINPAY_SLACK_CAP_ACC,caténaire,,6.725321165876637,0.5,6.725321165876637,0.4882018316622293,-0.8727307554805458,0.03757926699453394,-0.9992936498808314,29.856485203975144,-398.245462808437,0.0,-25.0,-0.01878963349726697,0.4996468249404157,0.010239917108106874,15.671353583111165,8.829000000000008,-0.008549716389160097,-17.65799959194843,3.2833141116977336,-5.8693946219448225,0.01878963349726697,-0.4996468249404157,0.25011549391321775,0.0,-5.551115123125783e-17,3.3021037451950006,-6.11892595297202
21.500000000000036,0.0,403.0,405.8394542068216,401.4897517740947,0.5844299214817075,PILOT_DESC_MINPAY_SLACK_CAP_ACC,caténaire,,6.712450306384102,0.5,6.712450306384102,0.46883345206343874,-0.8832865866898916,0.037556971336317385,-0.9992944880784858,29.855307285094444,-398.2802123730937,0.0,-25.0,-0.018778485668158693,0.4996472440392429,0.010289647268597843,15.671353460420923,8.829000000000008,-0.00848883839956085,-17.65799929553984,3.1470212489463454,-5.92901731945153,0.018778485668158693,-0.4996472440392429,0.25015151703269084,0.0,0.0,3.165799734614504,-6.1785130464580815
21.600000000000037,0.0,403.0,405.89770896542956,401.71744062791856,0.5825475860795164,PILOT_DESC_MINPAY_SLACK_CAP_ACC,caténaire,,6.7831841381234526,0.5,6.7831841381234526,0.4293601970094545,-0.9031333352412602,0.03754861551479566,-0.9992948020844108,29.854126536600944,-398.3149619375156,0.0,-25.0,-0.01877430775739783,0.4996474010422054,0.010339142508353391,15.671353248622598,8.829000000000008,-0.008435165249044438,-17.657999350335203,2.9124292778960923,-6.126119714219047,0.01877430775739783,-0.4996474010422054,0.25018742412868433,0.0,-5.551115123125783e-17,2.93120358565349,-6.375579691132567
21.70000000000004,0.0,403.0,405.95569677046376,402.15565058569337,0.5798780503422623,PILOT_DESC_MINPAY_SLACK_CAP_ACC,caténaire,,6.79373467277297,0.5,6.79373467277297,0.39724813379858825,-0.9177112400932763,0.03752952569790271,-0.9992955192038493,29.852942976385695,-398.3497115017209,0.0,-25.0,-0.018764762848951354,0.49964775960192465,0.010388442431627575,15.671353053282097,8.829000000000008,-0.00837632041732378,-17.657999187115987,2.698798420281825,-6.234686671415171,0.018764762848951354,-0.49964775960192465,0.2502231666797063,0.0,0.0,2.7175631831307765,-6.48411126433739
21.80000000000004,0.0,403.0,406.013347568907,401.6812664289256,0.576507984432367,PILOT_DESC_MINPAY_SLACK_CAP_ACC,caténaire,,6.8267250088303015,0.5,6.8267250088303015,0.3795987238568132,-0.9251512356616506,0.03752393638675426,-0.9992957291002713,29.85175662406364,-398.3844610656552,0.0,-25.0,-0.01876196819337713,0.49964786455013566,0.010437514466443592,15.671352808875756,8.829000000000008,-0.008324453726933538,-17.657999326574117,2.5914161014733743,-6.315753077441646,0.01876196819337713,-0.49964786455013566,0.25025870150644436,0.0,0.0,2.6101780696667514,-6.565142240485337
21.90000000000004,0.0,403.0,406.0706001386554,401.6941637807416,0.572525697483716,PILOT_DESC_MINPAY_SLACK_CAP_ACC,caténaire,,6.7793142305319245,0.5,6.7793142305319245,0.3852007101169945,-0.9228328195970076,0.037505298650638064,-0.9992964287803328,29.850567496923677,-398.41921062936507,0.0,-25.0,-0.018752649325319032,0.4996482143901664,0.010486397200648458,15.671352606408664,8.829000000000008,-0.008266252124670574,-17.657999179201177,2.6113966557071437,-6.2561736662958936,0.018752649325319032,-0.4996482143901664,0.2502939908727889,0.0,5.551115123125783e-17,2.6301493050324627,-6.505527889813271
22.000000000000043,0.0,403.0,406.1273991331422,402.49813905108846,0.5679899448681872,PILOT_DESC_MINPAY_SLACK_CAP_ACC,caténaire,,6.6806523572867835,0.5,6.6806523572867835,0.40976985638478275,-0.9121889413922942,0.03750950627358159,-0.9992962708521994,29.849375614366338,-398.45396019280133,0.0,-25.0,-0.018754753136790796,0.4996481354260997,0.010535051170116331,15.671352359643887,8.829000000000008,-0.008219701966674466,-17.65799950493002,2.7375299570020655,-6.094017201603366,0.018754753136790796,-0.4996481354260997,0.2503290006641967,0.0,-5.551115123125783e-17,2.756284710138856,-6.343336336365269
22.100000000000044,0.0,403.0,406.1836940051878,402.10255208317545,0.5629487204562424,PILOT_DESC_MINPAY_SLACK_CAP_ACC,caténaire,,6.7414958607657045,0.5,6.7414958607657045,0.42932488333677576,-0.9031501229296622,0.037520781425793064,-0.9992958475652733,29.848180991908343,-398.4887097560726,0.0,-25.0,-0.018760390712896532,0.49964792378263667,0.010583542811943897,15.671352210805706,8.829000000000008,-0.008176847900952635,-17.657999865411664,2.8942919239385927,-6.088582815380355,0.018760390712896532,-0.49964792378263667,0.25036369972437283,0.0,0.0,2.9130523146514893,-6.337867039438619
22.200000000000045,0.0,403.0,406.2394438934908,401.7102711981854,0.5574988830293196,PILOT_DESC_MINPAY_SLACK_CAP_ACC,caténaire,,6.727617558004835,0.5,6.727617558004835,0.4330373552938319,-0.9013759753399929,0.03748483551944,-0.9992971965867214,29.84698364383438,-398.523459319299,0.0,-25.0,-0.01874241775972,0.4996485982933607,0.010631892114194835,15.671352170353307,8.829000000000008,-0.008110525645525165,-17.65799923135334,2.9133097147467613,-6.064112838061069,0.01874241775972,-0.4996485982933607,0.2503980628672088,0.0,5.551115123125783e-17,2.9320521325064814,-6.3133633734872205
22.300000000000047,0.0,403.0,406.2946140692926,402.9006028608638,0.5517017580180923,PILOT_DESC_MINPAY_SLACK_CAP_ACC,caténaire,,6.756257265528717,0.5,6.756257265528717,0.4283521729996283,-0.9036118723691586,0.037473401837438094,-0.9992976254123344,29.845783592251873,-398.5582088822691,0.0,-25.0,-0.018736700918719047,0.4996488127061672,0.010679958105840654,15.671351939226025,8.829000000000008,-0.008056742812878393,-17.657999248067817,2.8940574810337525,-6.105034277912136,0.018736700918719047,-0.4996488127061672,0.25043206868657586,0.0,5.551115123125783e-17,2.9127941819524716,-6.354251021931727
22.40000000000005,0.0,403.0,406.3491766754804,401.70708588370763,0.545626061878061,PILOT_DESC_MINPAY_SLACK_CAP_ACC,caténaire,,6.69517420414611,0.5,6.69517420414611,0.44223303683479137,-0.896900184597973,0.03745563860655241,-0.9992982913707876,29.844580855088427,-398.59295844498865,0.0,-25.0,-0.018727819303276206,0.4996491456853938,0.010727812691021394,15.67135171317452,8.829000000000008,-0.008000006612254812,-17.657999141140095,2.960827220437492,-6.004902979614234,0.018727819303276206,-0.4996491456853938,0.2504657000118935,0.0,-1.1102230246251565e-16,2.979555039740768,-6.254086425287735
22.50000000000005,0.0,403.0,406.40310758307464,401.63019318497055,0.5393090759424902,PILOT_DESC_MINPAY_SLACK_CAP_ACC,caténaire,,6.699522738748494,0.5,6.699522738748494,0.4410420362545319,-0.8974864468371967,0.03745256950776028,-0.9992984064018446,29.843375451256108,-398.6277080074219,0.0,-25.0,-0.01872628475388014,0.4996492032009223,0.010775436126760959,15.671351454976435,8.829000000000008,-0.007950848627119183,-17.657999341822652,2.9547711506311742,-6.012730858304391,0.01872628475388014,-0.4996492032009223,0.2504989419705295,0.0,-5.551115123125783e-17,2.9734974353850543,-6.261881119534784
22.60000000000005,0.0,403.0,406.45638832634023,401.7965252534707,0.5328074326556198,PILOT_DESC_MINPAY_SLACK_CAP_ACC,caténaire,,6.711238625916407,0.5,6.711238625916407,0.43982529138262016,-0.8980833552962626,0.037436701367818556,-0.9992990009955461,29.842167397140916,-398.66245756963576,0.0,-25.0,-0.018718350683909278,0.49964950049777307,0.01082287143065024,15.671351257072422,8.829000000000008,-0.007895479253259037,-17.657999242429813,2.9517724841819795,-6.027251703356886,0.018718350683909278,-0.49964950049777307,0.2505317831805656,0.0,-5.551115123125783e-17,2.9704908348658887,-6.276369420674094
22.700000000000053,0.0,403.0,406.50900563288747,401.9004572345393,0.5261730654723561,PILOT_DESC_MINPAY_SLACK_CAP_ACC,caténaire,,6.776656435852257,0.5,6.776656435852257,0.4115108262190928,-0.9114048715606473,0.0374259011197829,-0.9992994055463919,29.840956711199304,-398.6972071315971,0.0,-25.0,-0.01871295055989145,0.4996497027731959,0.01087007949138251,15.671351029328997,8.829000000000008,-0.007842871068508941,-17.657999267897814,2.788667488920495,-6.176277688528561,0.01871295055989145,-0.4996497027731959,0.25056421546115965,0.0,0.0,2.8073804394803865,-6.425363175840597
22.800000000000054,0.0,403.0,406.5609520957179,401.62426580821796,0.5194646283040911,PILOT_DESC_MINPAY_SLACK_CAP_ACC,caténaire,,6.775299712139787,0.5,6.775299712139787,0.38896585240424514,-0.9212521726777304,0.037417598540218,-0.9992997164612243,29.839743410967337,-398.73195669331443,0.0,-25.0,-0.018708799270109,0.49964985823061214,0.010917074710644181,15.671350809224874,8.829000000000008,-0.007791724559464818,-17.65799933254452,2.635360227826689,-6.24175958035158,0.018708799270109,-0.49964985823061214,0.2505962342467824,0.0,5.551115123125783e-17,2.654069027096798,-6.490813204335409
22.900000000000055,0.0,403.0,406.6122234528583,402.099175909788,0.5127135714040442,PILOT_DESC_MINPAY_SLACK_CAP_ACC,caténaire,,6.754138122574077,0.5,6.754138122574077,0.375352348445654,-0.9268822009923012,0.03741579038142813,-0.9992997841639581,29.83852751349385,-398.76670625480926,0.0,-25.0,-0.018707895190714065,0.4996498920819791,0.010963863835274375,15.67135060855226,8.829000000000008,-0.00774403135543969,-17.65799949936577,2.5351816060345005,-6.26029040885747,0.018707895190714065,-0.4996498920819791,0.25062783691043683,0.0,5.551115123125783e-17,2.5538895012252145,-6.509312464029012
23.000000000000057,0.0,403.0,406.66281797444907,401.64198370024803,0.5059452159074365,PILOT_DESC_MINPAY_SLACK_CAP_ACC,caténaire,,6.704282335451395,0.5,6.704282335451395,0.3778224899318894,-0.9258780514202004,0.03741407933432912,-0.99929984822753,29.83730903467658,-398.8014558161372,0.0,-25.0,-0.01870703966716456,0.499649924113765,0.011010465698286068,15.671350458022166,8.829000000000008,-0.007696573968878493,-17.657999617864075,2.5330286451866284,-6.207347864918607,0.01870703966716456,-0.499649924113765,0.25065902238587123,0.0,0.0,2.551735684853793,-6.456338766646501
23.10000000000006,0.0,403.0,406.7127358058937,402.3631368980129,0.49917831444635224,PILOT_DESC_MINPAY_SLACK_CAP_ACC,caténaire,,6.748802231358947,0.5,6.748802231358947,0.4018651231746029,-0.9156988712321652,0.03740339781401919,-0.9993002480896152,29.83608799033465,-398.83620537733776,0.0,-25.0,-0.018701698907009595,0.4996501240448076,0.011056879897230263,15.671350343125045,8.829000000000008,-0.0076448190097793325,-17.657999532830154,2.712108239986098,-6.1798705854245055,0.018701698907009595,-0.4996501240448076,0.2506897907627095,0.0,5.551115123125783e-17,2.7308099388931075,-6.428830918706604
23.20000000000006,0.0,403.0,406.7619813721136,401.8283881749347,0.4924556621988338,PILOT_DESC_MINPAY_SLACK_CAP_ACC,caténaire,,6.743910846342281,0.5,6.743910846342281,0.41477877254973533,-0.9099222878038186,0.037413169119983075,-0.999299882305807,29.83486439771972,-398.8709549383826,0.0,-25.0,-0.018706584559991538,0.4996499411529035,0.011103078628315772,15.671350202695235,8.829000000000008,-0.007603505931675766,-17.657999856151868,2.797231063030698,-6.1364347860487545,0.018706584559991538,-0.4996499411529035,0.2507201447683867,0.0,-5.551115123125783e-17,2.8159376475906894,-6.385364582433271
23.30000000000006,0.0,403.0,406.81056134943015,402.04666630257293,0.4857997731655544,PILOT_DESC_MINPAY_SLACK_CAP_ACC,caténaire,,6.7394212700921985,0.5,6.7394212700921985,0.42454157959712047,-0.9054084421923522,0.03739254684107416,-0.9993006541780798,29.833638270602812,-398.9057044993795,0.0,-25.0,-0.01869627342053708,0.4996503270890399,0.011149123233756573,15.67135015942296,8.829000000000008,-0.007547150186780507,-17.657999513488008,2.861164551575374,-6.101928913432181,0.01869627342053708,-0.4996503270890399,0.25075008851805713,0.0,-5.551115123125783e-17,2.879860824995911,-6.350829152003164
23.400000000000063,0.0,403.0,406.8584844867212,402.2970689499247,0.4792313729101034,PILOT_DESC_MINPAY_SLACK_CAP_ACC,caténaire,,6.739584690640872,0.5,6.739584690640872,0.41506696978219226,-0.9097908609102581,0.03737487261763019,-0.9993013153683008,29.832409627769174,-398.9404540602142,0.0,-25.0,-0.018687436308815093,0.4996506576841504,0.011194920785014101,15.671350013148317,8.829000000000008,-0.007492515523800992,-17.65799932916754,2.7973789951347605,-6.131612557875754,0.018687436308815093,-0.4996506576841504,0.2507796274043582,0.0,0.0,2.8160664314435757,-6.380483588155546
23.500000000000064,0.0,403.0,406.90576150701617,403.05260049251694,0.47277020294998223,PILOT_DESC_MINPAY_SLACK_CAP_ACC,caténaire,,6.778805370299998,0.5,6.778805370299998,0.39241356948420636,-0.9197888836492122,0.03737399043875735,-0.9993013483622866,29.83117848743036,-398.9752036208253,0.0,-25.0,-0.018686995219378676,0.4996506741811433,0.011240479655054479,15.671349811450296,8.829000000000008,-0.0074465155643241975,-17.65799951436857,2.6600952121981294,-6.23506982402352,0.018686995219378676,-0.4996506741811433,0.25080876803675606,0.0,0.0,2.678782207417508,-6.483911730167907
23.600000000000065,0.0,403.0,406.9524057259742,402.420330298858,0.4664421895802742,PILOT_DESC_MINPAY_SLACK_CAP_ACC,caténaire,,6.722618928568355,0.5,6.722618928568355,0.3846755421747698,-0.92305185512654,0.03736991586660954,-0.9993015007434557,29.829944864919693,-399.0099531812745,0.0,-25.0,-0.01868495793330477,0.49965075037172785,0.011285850483298318,15.671349665432007,8.829000000000008,-0.007399107450006451,-17.657999584196272,2.586027081181402,-6.205325873323813,0.01868495793330477,-0.49965075037172785,0.25083751862276293,0.0,5.551115123125783e-17,2.6047120391147067,-6.454139105072778
23.700000000000067,0.0,403.0,406.9984303497412,403.04777728793835,0.46024623767015443,PILOT_DESC_MINPAY_SLACK_CAP_ACC,caténaire,,6.721085868784394,0.5,6.721085868784394,0.39850025428622526,-0.9171682219384916,0.03735823680455607,-0.9993019374257487,29.828708776039875,-399.0447027415851,0.0,-25.0,-0.018679118402278035,0.49965096871287434,0.011331022970687834,15.67134954043461,8.829000000000008,-0.007348095431590202,-17.65799949085252,2.6783544277901363,-6.164366375768904,0.018679118402278035,-0.49965096871287434,0.25086588730238935,0.0,0.0,2.697033546192414,-6.4131514571793895
23.800000000000068,0.0,403.0,407.04385010516785,402.94035797268737,0.454197554266094,PILOT_DESC_MINPAY_SLACK_CAP_ACC,caténaire,,6.761275033386916,0.5,6.761275033386916,0.4283183123212676,-0.903627923058081,0.037347743193863164,-0.9993023296672159,29.827470237794913,-399.079452301726,0.0,-25.0,-0.018673871596931582,0.49965116483360794,0.01137597331507989,15.671349387340996,8.829000000000008,-0.007297898281851692,-17.657999447825404,2.895977911440206,-6.109676915643877,0.018673871596931582,-0.49965116483360794,0.2508938831529787,0.0,5.551115123125783e-17,2.914651783037138,-6.358434197324506
23.90000000000007,0.0,403.0,407.0886818729298,402.53401191999876,0.4483176776192205,PILOT_DESC_MINPAY_SLACK_CAP_ACC,caténaire,,6.736353564426212,0.5,6.736353564426212,0.44514807085575164,-0.8954569755233375,0.03734075068853335,-0.9993025909793373,29.826229266917192,-399.11420186168283,0.0,-25.0,-0.018670375344266674,0.49965129548966863,0.011420704662703458,15.671349221327226,8.829000000000008,-0.007249670681563215,-17.65799948318311,2.9986747938065945,-6.0321147888569495,0.018670375344266674,-0.49965129548966863,0.25092151657944983,0.0,0.0,3.017345169150861,-6.2808445677671685
24.00000000000007,0.0,403.0,407.13294267752957,402.18989011061467,0.4426080459977898,PILOT_DESC_MINPAY_SLACK_CAP_ACC,caténaire,,6.648230031001119,0.5,6.648230031001119,0.4428859972398428,-0.896577934955389,0.037344502827652774,-0.9993024507668113,29.824985879482576,-399.1489514214674,0.0,-25.0,-0.018672251413826387,0.4996512253834057,0.01146522730996085,15.671349065977715,8.829000000000008,-0.007207024103865537,-17.657999708638886,2.9444079871598015,-5.960656352303385,0.018672251413826387,-0.4996512253834057,0.2509487980753738,0.0,-5.551115123125783e-17,2.9630802385736277,-6.209358779611416
24.100000000000072,0.0,403.0,407.17664847983235,402.600831014309,0.43705802302776103,PILOT_DESC_MINPAY_SLACK_CAP_ACC,caténaire,,6.61779390861219,0.5,6.61779390861219,0.4188283326689908,-0.9080654314275558,0.03732946172152517,-0.9993030127481759,29.823740089706593,-399.18370098115486,0.0,-25.0,-0.018664730860762584,0.49965150637408795,0.011509573902626337,15.671348978356491,8.829000000000008,-0.007155156958136247,-17.657999515269427,2.771719588691047,-6.009389880722579,0.018664730860762584,-0.49965150637408795,0.25097573747871627,0.0,-5.551115123125783e-17,2.7903843195518094,-6.258065649617951
24.200000000000074,0.0,403.0,407.2198160148938,402.5832854674178,0.43167535061483225,PILOT_DESC_MINPAY_SLACK_CAP_ACC,caténaire,,6.643446188369224,0.5,6.643446188369224,0.3997774388084319,-0.9166122404920035,0.037316508803775995,-0.9993034965268047,29.82249191487829,-399.21845054068075,0.0,-25.0,-0.018658254401887998,0.49965174826340236,0.011553686021272847,15.671348832645826,8.829000000000008,-0.007104568380615151,-17.65799941909078,2.6558999020478877,-6.089464095309175,0.018658254401887998,-0.49965174826340236,0.2510023451046389,0.0,-5.551115123125783e-17,2.6745581564497756,-6.338113498467939
24.300000000000075,0.0,403.0,407.26246382977786,402.5077302366343,0.4264781488405723,PILOT_DESC_MINPAY_SLACK_CAP_ACC,caténaire,,6.559554016436149,0.5,6.559554016436149,0.38128456096261343,-0.9244577240585677,0.037320568115702925,-0.9993033449336198,29.821241371860527,-399.253200100013,0.0,-25.0,-0.018660284057851462,0.4996516724668099,0.01159756973610097,15.671348657967352,8.829000000000008,-0.007062714321750492,-17.657999669565847,2.5010566732674047,-6.064030376873799,0.018660284057851462,-0.4996516724668099,0.25102863238518985,0.0,-5.551115123125783e-17,2.5197169573252562,-6.312653416955419
24.400000000000077,0.0,403.0,407.3046093787317,402.0798585852258,0.42145548953811307,PILOT_DESC_MINPAY_SLACK_CAP_ACC,caténaire,,6.620847226493654,0.5,6.620847226493654,0.3649762668019769,-0.931016822979742,0.037313657618850866,-0.9993036029931561,29.819988474604656,-399.28794965923504,0.0,-25.0,-0.018656828809425433,0.49965180149657806,0.011641277374422299,15.67134855860519,8.829000000000008,-0.007015551435003134,-17.65799963989824,2.416452103791877,-6.164120150244358,0.018656828809425433,-0.49965180149657806,0.25105461007882635,0.0,-5.551115123125783e-17,2.4351089326013025,-6.412717341662109
24.500000000000078,0.0,403.0,407.3462725273991,402.0863433959877,0.41663148667419453,PILOT_DESC_MINPAY_SLACK_CAP_ACC,caténaire,,6.686128003367579,0.5,6.686128003367579,0.3584863981277113,-0.933534949724658,0.037306206321430654,-0.9993038811942555,29.81873323883164,-399.3226992183371,0.0,-25.0,-0.018653103160715327,0.49965194059712775,0.011684774528886542,15.671348450373237,8.829000000000008,-0.006968328631828785,-17.65799960902964,2.3968859453480698,-6.241734169476381,0.018653103160715327,-0.49965194059712775,0.25108029043034336,0.0,0.0,2.415539048508785,-6.490305819643164
24.60000000000008,0.0,403.0,407.38747468341876,402.4235925235803,0.4120215601964319,PILOT_DESC_MINPAY_SLACK_CAP_ACC,caténaire,,6.606255842665224,0.5,6.606255842665224,0.35741869047616937,-0.9339442594171775,0.03729878714442627,-0.9993041581408307,29.817475680282413,-399.35744877730883,0.0,-25.0,-0.018649393572213135,0.49965207907041537,0.011728059191109301,15.671348332810062,8.829000000000008,-0.006921334381103834,-17.65799958811953,2.361199312235947,-6.169874720498375,0.018649393572213135,-0.49965207907041537,0.2511056866349915,0.0,5.551115123125783e-17,2.37984870580816,-6.418421112933799
24.70000000000008,0.0,403.0,407.4282351270261,402.36531066476186,0.40760443607320745,PILOT_DESC_MINPAY_SLACK_CAP_ACC,caténaire,,6.588592632862913,0.5,6.588592632862913,0.33226929204014166,-0.9431845617731152,0.03728597019289327,-0.9993046364481526,29.816215814621728,-399.3921983361433,0.0,-25.0,-0.018642985096446636,0.4996523182240763,0.011771131157738224,15.67134820899189,8.829000000000008,-0.006871853938708412,-17.65799947278404,2.189187009662253,-6.214258855128382,0.018642985096446636,-0.4996523182240763,0.2511308105767316,0.0,0.0,2.2078299947586997,-6.462780362775727
24.800000000000082,0.0,403.0,407.4685730203104,402.92420154686135,0.4033789328427644,PILOT_DESC_MINPAY_SLACK_CAP_ACC,caténaire,,6.59775400501405,0.5,6.59775400501405,0.31528306427289077,-0.9489976761734964,0.037279431471509895,-0.9993048803989507,29.81495365834306,-399.42694789480197,0.0,-25.0,-0.018639715735754948,0.49965244019947536,0.011813973306709106,15.671348050463614,8.829000000000008,-0.0068257424290458415,-17.657999509336918,2.080160100019567,-6.261253218722712,0.018639715735754948,-0.49965244019947536,0.25115567406670125,0.0,0.0,2.098799815755322,-6.509749984855486
24.900000000000084,0.0,403.0,407.50850790853315,402.9398642835624,0.3993488822278332,PILOT_DESC_MINPAY_SLACK_CAP_ACC,caténaire,,6.625435333320842,0.5,6.625435333320842,0.3114337531836002,-0.9502678661187993,0.037272765737599814,-0.9993051290443127,29.81368922681692,-399.4616974532971,0.0,-25.0,-0.018636382868799907,0.49965256452215634,0.011856605017179141,15.671347902958491,8.829000000000008,-0.006779777851620766,-17.657999532519362,2.063384192331347,-6.295938296302892,0.018636382868799907,-0.49965256452215634,0.2511802891522182,0.0,5.551115123125783e-17,2.082020575200147,-6.54441057167283
25.000000000000085,0.0,403.0,407.5480598213952,402.29088059167225,0.3955191286204644,PILOT_DESC_MINPAY_SLACK_CAP_ACC,caténaire,,6.696759216148244,0.5,6.696759216148244,0.3272880696147075,-0.9449246104784649,0.03727223996010478,-0.9993051486549823,29.812422535364828,-399.49644701163646,0.0,-25.0,-0.01863611998005239,0.49965257432749116,0.011899025653286065,15.671347762426148,8.829000000000008,-0.006737094326766325,-17.65799966324637,2.191769396527661,-6.32793259378695,0.01863611998005239,-0.49965257432749116,0.251204668179199,0.0,5.551115123125783e-17,2.210405516507713,-6.576380499935243
25.100000000000087,0.0,403.0,407.58724979424676,402.67003774902895,0.3918997285152042,PILOT_DESC_MINPAY_SLACK_CAP_ACC,caténaire,,6.702999876255055,0.5,6.702999876255055,0.36395668295182027,-0.931415875393322,0.037266484537950464,-0.9993053633050224,29.811153598214627,-399.53119656986354,0.0,-25.0,-0.018633242268975232,0.4996526816525112,0.011941254258436434,15.671347661166982,8.829000000000008,-0.006691988010538798,-17.657999657180515,2.4396016007882517,-6.243280497503432,0.018633242268975232,-0.4996526816525112,0.2512288241134229,0.0,0.0,2.458234843057227,-6.49170435504252
25.200000000000088,0.0,403.0,407.6260979529909,402.7692989740457,0.38848158744142597,PILOT_DESC_MINPAY_SLACK_CAP_ACC,caténaire,,6.674719827914963,0.5,6.674719827914963,0.3893192142570044,-0.9211028983834046,0.03725913603506677,-0.9993056373211953,29.809882430401757,-399.56594612797636,0.0,-25.0,-0.018629568017533384,0.49965281866059763,0.011983274184468304,15.67134755811335,8.829000000000008,-0.00664629383306508,-17.65799962322606,2.5985966787895007,-6.148103779389652,0.018629568017533384,-0.49965281866059763,0.2512527693601037,0.0,0.0,2.617226246807034,-6.396503828690146
25.30000000000009,0.0,403.0,407.66462294010506,403.0783647397039,0.3852498711413314,PILOT_DESC_MINPAY_SLACK_CAP_ACC,caténaire,,6.717084183578005,0.5,6.717084183578005,0.4004260763691413,-0.9163290660912239,0.03726342946068145,-0.9993054772314763,29.808609047157606,-399.60069568596356,0.0,-25.0,-0.018631714730340726,0.49965273861573817,0.012025080238159352,15.671347444805626,8.829000000000008,-0.006606634492181374,-17.657999816578645,2.6896956642713574,-6.155059476794165,0.018631714730340726,-0.49965273861573817,0.2512765154101005,0.0,-5.551115123125783e-17,2.708327379001698,-6.403435699999803
25.40000000000009,0.0,403.0,407.702843673087,403.31195808753057,0.38220732981931654,PILOT_DESC_MINPAY_SLACK_CAP_ACC,caténaire,,6.728010446258793,0.5,6.728010446258793,0.39453627840463773,-0.9188803649129836,0.037248939052192474,-0.9993060174638627,29.80733346170196,-399.63544524388965,0.0,-25.0,-0.018624469526096237,0.49965300873193136,0.01206670897656539,15.67134738968988,8.829000000000008,-0.006557760549530847,-17.657999601578197,2.65444420253447,-6.1822366939966455,0.018624469526096237,-0.49965300873193136,0.2513000739237896,0.0,-5.551115123125783e-17,2.673068672060566,-6.430589628804787
25.500000000000092,0.0,403.0,407.7407783816408,402.5230384368108,0.37934708553787,PILOT_DESC_MINPAY_SLACK_CAP_ACC,caténaire,,6.677794021160291,0.5,6.677794021160291,0.39112699926892625,-0.9203367157963901,0.03725703154831101,-0.9993057157848183,29.80605569032613,-399.6701948016829,0.0,-25.0,-0.018628515774155505,0.49965285789240915,0.01210810089279187,15.671347269870806,8.829000000000008,-0.006520414881363635,-17.657999872236793,2.611865537232401,-6.145819018199432,0.018628515774155505,-0.49965285789240915,0.25132345613760493,0.0,0.0,2.6304940530065566,-6.394148419954235
25.600000000000094,0.0,403.0,407.7784434214376,402.709613552546,0.3766503979682415,PILOT_DESC_MINPAY_SLACK_CAP_ACC,caténaire,,6.648034651860388,0.5,6.648034651860388,0.36265526600717435,-0.9319233648950248,0.03724723693524598,-0.9993060809084922,29.804775745478672,-399.70494435943357,0.0,-25.0,-0.01862361846762299,0.4996530404542461,0.01214932735374279,15.67134723146923,8.829000000000008,-0.0064742911138802005,-17.657999728076533,2.410944775095342,-6.1954588227004574,0.01862361846762299,-0.4996530404542461,0.25134667213286266,0.0,0.0,2.429568393562965,-6.443765191021841
25.700000000000095,0.0,403.0,407.8158541851586,402.99782317968914,0.37410763721038653,PILOT_DESC_MINPAY_SLACK_CAP_ACC,caténaire,,6.565902885412179,0.5,6.565902885412179,0.34309655666777295,-0.9393001398928447,0.037241807869808435,-0.9993062832518309,29.80349364253418,-399.7396939170936,0.0,-25.0,-0.018620903934904218,0.49965314162591545,0.012190331513429931,15.671347149692844,8.829000000000008,-0.006430572421474287,-17.65799970868125,2.2527386713999134,-6.167353498790492,0.018620903934904218,-0.49965314162591545,0.25136973139731106,0.0,0.0,2.2713595753348175,-6.415636909019097
25.800000000000097,0.0,403.0,407.8530242519721,402.7514193918073,0.3717006681346942,PILOT_DESC_MINPAY_SLACK_CAP_ACC,caténaire,,6.573954726543068,0.5,6.573954726543068,0.33886283924351346,-0.9408357859795857,0.03722674863176611,-0.9993068443607837,29.802209396065543,-399.7744434746565,0.0,-25.0,-0.018613374315883054,0.4996534221803918,0.01223112716618071,15.671347062122893,8.829000000000008,-0.006382247149702345,-17.657999515696723,2.227668963694699,-6.18501186214136,0.018613374315883054,-0.4996534221803918,0.2513926423008845,0.0,-5.551115123125783e-17,2.246282338010582,-6.433272642020867
25.900000000000098,0.0,403.0,407.88996769659667,402.7308592982037,0.3694344462458714,PILOT_DESC_MINPAY_SLACK_CAP_ACC,caténaire,,6.595502317661551,0.5,6.595502317661551,0.3552672157334537,-0.9347647861494354,0.03722124721310738,-0.9993070492876054,29.80092302218119,-399.809193032058,0.0,-25.0,-0.01861062360655369,0.4996535246438027,0.012271683624850366,15.67134691651478,8.829000000000008,-0.006338939981703323,-17.657999558841425,2.34316574475916,-6.1652433135170055,0.01861062360655369,-0.4996535246438027,0.2514154135189645,0.0,0.0,2.361776368365714,-6.4134814246418435
26.0000000000001,0.0,403.0,407.9266989946275,402.9731463574416,0.36731298030827525,PILOT_DESC_MINPAY_SLACK_CAP_ACC,caténaire,,6.498240827353923,0.5,6.498240827353923,0.3942885572535928,-0.9189866884884026,0.037219887975739656,-0.9993070999142724,29.799634535316844,-399.8439425893124,0.0,-25.0,-0.018609943987869828,0.4996535499571362,0.012312031331390484,15.671346783878093,8.829000000000008,-0.006297912656479344,-17.657999666164777,2.5621820005037717,-5.97179681893012,0.018609943987869828,-0.4996535499571362,0.25143805397402563,0.0,0.0,2.5807919444916414,-6.22001231491323
26.1000000000001,0.0,403.0,407.9632303435818,403.1900365442381,0.3653134895429925,PILOT_DESC_MINPAY_SLACK_CAP_ACC,caténaire,,6.647431695887553,0.5,6.647431695887553,0.42310373299743137,-0.9060812497362685,0.037234647995021464,-0.9993065500579322,29.79834394914828,-399.87869214645553,0.0,-25.0,-0.018617323997510732,0.4996532750289661,0.012352183475375918,15.67134668349053,8.829000000000008,-0.0062651405221348135,-17.658000041480513,2.8125531653754696,-6.023113218546277,0.018617323997510732,-0.4996532750289661,0.25146057118437926,0.0,-5.551115123125783e-17,2.8311704893729805,-6.271305922390863
26.200000000000102,0.0,403.0,407.99957717869376,403.2441668050424,0.36346835111938147,PILOT_DESC_MINPAY_SLACK_CAP_ACC,caténaire,,6.707712388429281,0.5,6.707712388429281,0.436059856907274,-0.8999176635637329,0.03720682725668013,-0.9993075862843689,29.79705127459954,-399.91344170361253,0.0,-25.0,-0.018603413628340067,0.49965379314218444,0.012392191538124861,15.671346696000521,8.829000000000008,-0.006211222090215206,-17.6579995108573,2.9249641042736214,-6.036388860452785,0.018603413628340067,-0.49965379314218444,0.25148297466400243,0.0,0.0,2.9435675179019616,-6.284559678930967
26.300000000000104,0.0,403.0,408.03575495813374,402.98514073465077,0.36177779440001545,PILOT_DESC_MINPAY_SLACK_CAP_ACC,caténaire,,6.728380074023359,0.5,6.728380074023359,0.4338392645606011,-0.9009902843679929,0.03719207183959093,-0.9993081355579362,29.795756529643437,-399.94819126060645,0.0,-25.0,-0.018596035919795466,0.4996540677789681,0.012431919142019495,15.671346548905568,8.829000000000008,-0.006164116777775971,-17.65799938331547,2.919035462998497,-6.062205076230243,0.018596035919795466,-0.4996540677789681,0.2515052739410095,0.0,5.551115123125783e-17,2.9376314989182926,-6.310353870068202
26.400000000000105,0.0,403.0,408.0717780873207,403.0680336144803,0.36023129186964736,PILOT_DESC_MINPAY_SLACK_CAP_ACC,caténaire,,6.725929286987167,0.5,6.725929286987167,0.4217975304373774,-0.9066900480963326,0.037193185203719996,-0.9993080941203278,29.794459729981742,-399.9829408173948,0.0,-25.0,-0.018596592601859998,0.4996540470601639,0.012471408312836484,15.671346363511576,8.829000000000008,-0.006125184289023514,-17.657999589428268,2.836980363147618,-6.0983331487109265,0.018596592601859998,-0.4996540470601639,0.2515274778946197,0.0,0.0,2.855576955749478,-6.346459717876471
26.500000000000107,0.0,403.0,408.10765958177774,404.46743976719216,0.35881494457028573,PILOT_DESC_MINPAY_SLACK_CAP_ACC,caténaire,,6.562180794377839,0.5,6.562180794377839,0.4292180547487861,-0.9032008976289095,0.03718938622745221,-0.9993082355069558,29.793160888591952,-400.0176903740463,0.0,-25.0,-0.018594693113726104,0.4996541177534779,0.012510710096448554,15.671346240052307,8.829000000000008,-0.00608398301727755,-17.657999642194223,2.8166064754727,-5.926967583885254,0.018594693113726104,-0.4996541177534779,0.25154959454734727,0.0,5.551115123125783e-17,2.8352011685864262,-6.175072107091385
26.600000000000108,0.0,403.0,408.1434081967589,403.13752659892236,0.3574861498116447,PILOT_DESC_MINPAY_SLACK_CAP_ACC,caténaire,,6.578533416958101,0.5,6.578533416958101,0.4526603849142062,-0.8916830019291174,0.037208235970752256,-0.9993075338332762,29.79186001920782,-400.05243993057854,0.0,-25.0,-0.018604117985376128,0.4996537669166381,0.01254980872229439,15.67134613248688,8.829000000000008,-0.006054309263081738,-17.65800010059649,2.977841468691222,-5.865966425524214,0.018604117985376128,-0.4996537669166381,0.2515716292957599,0.0,-5.551115123125783e-17,2.996445586676598,-6.114048563145093
26.70000000000011,0.0,403.0,408.179033392519,403.2174637937205,0.35625195760092737,PILOT_DESC_MINPAY_SLACK_CAP_ACC,caténaire,,6.645935977676147,0.5,6.645935977676147,0.4586668334988426,-0.8886083140777746,0.037188442162938484,-0.9993082706399931,29.790557131720604,-400.0871894871443,0.0,-25.0,-0.018594221081469242,0.49965413531999653,0.012588777205033538,15.671346162736452,8.829000000000008,-0.0060054438764357045,-17.65799970194356,3.0482704105167526,-5.905633964591628,0.018594221081469242,-0.49965413531999653,0.25159358797097386,0.0,5.551115123125783e-17,3.066864631598222,-6.1536945119406505
26.80000000000011,0.0,403.0,408.2145459106778,403.37577043415536,0.355125181588303,PILOT_DESC_MINPAY_SLACK_CAP_ACC,caténaire,,6.688798771099129,0.5,6.688798771099129,0.45084041094297755,-0.8926045730673619,0.03716824760034182,-0.9993090219598338,29.789252242418762,-400.1219390436107,0.0,-25.0,-0.01858412380017091,0.4996545109799169,0.0126274908438999,15.671346073115686,8.829000000000008,-0.00595663295627101,-17.657999415904406,3.0155807866772144,-5.970452371410432,0.01858412380017091,-0.4996545109799169,0.25161547719391414,0.0,-5.551115123125783e-17,3.034164910477385,-6.218491405196435
26.900000000000112,0.0,403.0,408.24995661187097,403.63839230401805,0.35410701193117583,PILOT_DESC_MINPAY_SLACK_CAP_ACC,caténaire,,6.722695012774341,0.5,6.722695012774341,0.4538756085852182,-0.891065054825627,0.037177332878042396,-0.9993086840011324,29.7879453675726,-400.15668859988244,0.0,-25.0,-0.018588666439021198,0.4996543420005662,0.012665948539932017,15.671345897514358,8.829000000000008,-0.005922717899089181,-17.657999760485083,3.051267290255765,-5.990358600133737,0.018588666439021198,-0.4996543420005662,0.25163730365886433,0.0,5.551115123125783e-17,3.069855956694786,-6.238375638475439
27.000000000000114,0.0,403.0,408.2852760293495,403.4935362802953,0.3531941747852902,PILOT_DESC_MINPAY_SLACK_CAP_ACC,caténaire,,6.72579720018967,0.5,6.72579720018967,0.4515588617522237,-0.8922413319125246,0.03715439766774799,-0.9993095369973944,29.78663651848714,-400.1914381560743,0.0,-25.0,-0.018577198833873994,0.4996547684986972,0.012704245245852355,15.67134582547936,8.829000000000008,-0.0058729535880216385,-17.65799940602195,3.0370933280939405,-6.0010342520707605,0.018577198833873994,-0.4996547684986972,0.2516590738583149,0.0,0.0,3.0556705269278144,-6.2490299467111425
27.100000000000115,0.0,403.0,408.32051366156327,403.1218911307453,0.3523763221374476,PILOT_DESC_MINPAY_SLACK_CAP_ACC,caténaire,,6.710994308480138,0.5,6.710994308480138,0.4161233601420629,-0.9093081706132851,0.037152845570283505,-0.9993095947032784,29.78532571175048,-400.22618771206817,0.0,-25.0,-0.018576422785141752,0.4996547973516392,0.01274227725523797,15.671345646904346,8.829000000000008,-0.005834145529903783,-17.657999555744023,2.7926015015390147,-6.102361957640242,0.018576422785141752,-0.4996547973516392,0.25168079364692475,0.0,5.551115123125783e-17,2.8111779243241566,-6.350335961344957
27.200000000000117,0.0,403.0,408.3556777990676,403.77132405403074,0.3516413750435076,PILOT_DESC_MINPAY_SLACK_CAP_ACC,caténaire,,6.735791733138406,0.5,6.735791733138406,0.3854424824705653,-0.9227318639273969,0.03715209172362485,-0.9993096227298922,29.784012960298647,-400.26093726791396,0.0,-25.0,-0.018576045861812426,0.4996548113649461,0.012780114231761178,15.671345513344797,8.829000000000008,-0.005795931630051248,-17.657999675290267,2.5962602870255784,-6.215329660945552,0.018576045861812426,-0.4996548113649461,0.25170246813483044,0.0,0.0,2.614836332887391,-6.463282004175668
27.300000000000118,0.0,403.0,408.39077656129024,403.88481707290407,0.3509876222260573,PILOT_DESC_MINPAY_SLACK_CAP_ACC,caténaire,,6.755295739620874,0.5,6.755295739620874,0.3651942330979589,-0.9309313466158468,0.03714024497946869,-0.9993100630949662,29.782698276869603,-400.2956868236515,0.0,-25.0,-0.018570122489734345,0.4996550315474831,0.012817758917955535,15.671345415725842,8.829000000000008,-0.00575236357177881,-17.657999552726682,2.4669950469807542,-6.288716559673553,0.018570122489734345,-0.4996550315474831,0.2517241023266887,0.0,5.551115123125783e-17,2.4855651694704886,-6.5366474888943475
27.40000000000012,0.0,403.0,408.4258176730699,403.17454607744634,0.3504111177968999,PILOT_DESC_MINPAY_SLACK_CAP_ACC,caténaire,,6.800627426999853,0.5,6.800627426999853,0.36270028086846673,-0.9319058462408825,0.03713237563508302,-0.9993103555351037,29.781381675986033,-400.33043637924,0.0,-25.0,-0.01856618781754151,0.49965517776755186,0.012855175367146986,15.671345281243427,8.829000000000008,-0.005711012450394525,-17.657999540989028,2.4665894778546447,-6.337544457327253,0.01856618781754151,-0.49965517776755186,0.2517457009839393,0.0,0.0,2.485155665672186,-6.585453934110865
27.50000000000012,0.0,403.0,408.4608089314633,403.5674923096393,0.3499125839339959,PILOT_DESC_MINPAY_SLACK_CAP_ACC,caténaire,,6.790336475393627,0.5,6.790336475393627,0.38369194413386326,-0.9234611480765048,0.03712643214332649,-0.9993105763656797,29.780063171431646,-400.3651859346754,0.0,-25.0,-0.018563216071663245,0.49965528818283983,0.012892376791710956,15.671345143223348,8.829000000000008,-0.005670839279952289,-17.65799956859382,2.6053974035668652,-6.270611917392766,0.018563216071663245,-0.49965528818283983,0.25176726891253587,0.0,5.551115123125783e-17,2.6239606196385283,-6.51849993666307
27.600000000000122,0.0,403.0,408.49575690556895,403.84056613359354,0.34947974105622254,PILOT_DESC_MINPAY_SLACK_CAP_ACC,caténaire,,6.732583979098243,0.5,6.732583979098243,0.4035293893059608,-0.9149666835280715,0.037118711050645944,-0.9993108631901981,29.7787427765975,-400.39993548996705,0.0,-25.0,-0.018559355525322972,0.49965543159509906,0.012929369713772083,15.671345013509088,8.829000000000008,-0.0056299858115508895,-17.65799955489582,2.7167955015366094,-6.160090034929747,0.018559355525322972,-0.49965543159509906,0.25178881016154236,0.0,0.0,2.7353548570619326,-6.407956656363304
27.700000000000124,0.0,403.0,408.5306663073663,404.10035123911746,0.3490940179732522,PILOT_DESC_MINPAY_SLACK_CAP_ACC,caténaire,,6.754072227727737,0.5,6.754072227727737,0.39443295921262145,-0.9189247198148359,0.03712016427011168,-0.9993108092103076,29.777420505101418,-400.4346850451103,0.0,-25.0,-0.01856008213505584,0.4996554046051538,0.01296614855975692,15.671344879693189,8.829000000000008,-0.00559393357529892,-17.657999715701663,2.6640286955184336,-6.206483929473875,0.01856008213505584,-0.4996554046051538,0.251810327635331,0.0,0.0,2.6825887776534896,-6.454329006443698
27.800000000000125,0.0,403.0,408.5655421120051,403.9293561578962,0.34875804638852703,PILOT_DESC_MINPAY_SLACK_CAP_ACC,caténaire,,6.756364642956702,0.5,6.756364642956702,0.37009349043504414,-0.9289945146972644,0.03711412247689182,-0.999311033619048,29.77609636896081,-400.4694346001588,0.0,-25.0,-0.01855706123844591,0.499655516809524,0.01300274362387076,15.671344794225334,8.829000000000008,-0.005554317614575149,-17.65799968896515,2.5004865733637667,-6.276625692601317,0.01855706123844591,-0.499655516809524,0.25183182440048707,0.0,0.0,2.5190436346022125,-6.524449385010354
27.900000000000126,0.0,403.0,408.60038896638724,403.9167431353959,0.3484685438211429,PILOT_DESC_MINPAY_SLACK_CAP_ACC,caténaire,,6.690548905069561,0.5,6.690548905069561,0.35864361405731005,-0.9334745621043519,0.03711441749764645,-0.9993110226620192,29.774770381381,-400.50418415510364,0.0,-25.0,-0.018557208748823224,0.4996555113310096,0.013039130546410649,15.671344700708016,8.829000000000008,-0.0055180782024125755,-17.657999787960982,2.399522639341326,-6.24545720939756,0.018557208748823224,-0.4996555113310096,0.25185330332127004,0.0,0.0,2.418079848090149,-6.493259417407299
28.000000000000128,0.0,403.0,408.63520986996,403.44155767908563,0.3482090357280354,PILOT_DESC_MINPAY_SLACK_CAP_ACC,caténaire,,6.718182461745108,0.5,6.718182461745108,0.3715416614314433,-0.9284162826129035,0.03713210324877315,-0.9993103656563971,29.773442554441786,-400.5389337099778,0.0,-25.0,-0.018566051624386574,0.49965518282819854,0.013075330405802615,15.671344636978835,8.829000000000008,-0.005490721218583959,-17.658000180192975,2.496084673636361,-6.237269987048598,0.018566051624386574,-0.49965518282819854,0.2518747662464807,0.0,0.0,2.5146507252607475,-6.485050403630316
28.10000000000013,0.0,403.0,408.670008535027,403.88832115855655,0.3479866506699809,PILOT_DESC_MINPAY_SLACK_CAP_ACC,caténaire,,6.6894088739284205,0.5,6.6894088739284205,0.4026957643580787,-0.9153338851851069,0.03711799281051903,-0.9993108898684724,29.772112897262165,-400.573683264912,0.0,-25.0,-0.018558996405259515,0.4996554449342362,0.013111400604797062,15.671344691120442,8.829000000000008,-0.005447595800462453,-17.657999863945328,2.69379661959032,-6.123042614164633,0.018558996405259515,-0.4996554449342362,0.25189621546431057,0.0,5.551115123125783e-17,2.7123556159955795,-6.370801843634558
28.20000000000013,0.0,403.0,408.70478793182167,404.0987154873992,0.3477939679462339,PILOT_DESC_MINPAY_SLACK_CAP_ACC,caténaire,,6.588241989847815,0.5,6.588241989847815,0.41877509398092666,-0.9080899848920624,0.03711203753407635,-0.9993111110510426,29.77078142421728,-400.60843281980084,0.0,-25.0,-0.018556018767038177,0.4996555555255213,0.013147236600006188,15.671344650206613,8.829000000000008,-0.005408782167031988,-17.657999794267873,2.758991658467606,-5.982716569026153,0.018556018767038177,-0.4996555555255213,0.25191765280555345,0.0,0.0,2.7775476772346446,-6.230454471746121
28.300000000000132,0.0,403.0,408.73954907994255,403.9564031790039,0.3476114812087409,PILOT_DESC_MINPAY_SLACK_CAP_ACC,caténaire,,6.631136361288522,0.5,6.631136361288522,0.4138673741540576,-0.9103371884147243,0.03710395740682603,-0.9993114110950361,29.769448148245004,-400.6431823746211,0.0,-25.0,-0.018551978703413016,0.49965570554751804,0.01318286565211203,15.671344588374442,8.829000000000008,-0.005369113051300986,-17.657999706078048,2.744410993503973,-6.036570031130039,0.018551978703413016,-0.49965570554751804,0.25193907889867007,0.0,5.551115123125783e-17,2.762962972207386,-6.284286657778887
28.400000000000134,0.0,403.0,408.7742945628945,403.61432735531395,0.3474548295195477,PILOT_DESC_MINPAY_SLACK_CAP_ACC,caténaire,,6.682120218768979,0.5,6.682120218768979,0.3947345607430199,-0.9187952038158531,0.037095457463446946,-0.999311726657692,29.76811308256838,-400.6779319293434,0.0,-25.0,-0.018547728731723473,0.499655863328846,0.013218281076434772,15.671344499984171,8.829000000000008,-0.005329447655288701,-17.65799963668699,2.6376637893878248,-6.139500008325877,0.018547728731723473,-0.499655863328846,0.2519604953360824,0.0,-5.551115123125783e-17,2.656211518119548,-6.38719537631864
28.500000000000135,0.0,403.0,408.8090280426956,404.55157994434165,0.3473347980111014,PILOT_DESC_MINPAY_SLACK_CAP_ACC,caténaire,,6.678526882783485,0.5,6.678526882783485,0.390427162894175,-0.9206338199710052,0.03707383706199036,-0.9993125289945588,29.766776240409204,-400.7126814839446,0.0,-25.0,-0.01853691853099518,0.4996562644972794,0.01325348184461693,15.671344390778094,8.829000000000008,-0.005283436686378252,-17.657999344724633,2.6074783031576345,-6.14847771587601,0.01853691853099518,-0.4996562644972794,0.25198190437498685,0.0,-5.551115123125783e-17,2.62601522168863,-6.396152075998302
28.600000000000136,0.0,403.0,408.84375269274614,403.7648388764865,0.34724650050520384,PILOT_DESC_MINPAY_SLACK_CAP_ACC,caténaire,,6.654647124296024,0.5,6.654647124296024,0.4041592130372598,-0.9146886522293269,0.037087765672731914,-0.9993120121550648,29.765437637104466,-400.74743103832736,0.0,-25.0,-0.018543882836365957,0.4996560060775324,0.013288424916094109,15.671344193745725,8.829000000000008,-0.005255457920271848,-17.65799980017675,2.6895369447961452,-6.086930209184096,0.018543882836365957,-0.4996560060775324,0.2520033079714054,0.0,-5.551115123125783e-17,2.7080808276325112,-6.3345829072902236
28.700000000000138,0.0,403.0,408.8784708894384,403.5945232198251,0.3471819669229533,PILOT_DESC_MINPAY_SLACK_CAP_ACC,caténaire,,6.632764023636956,0.5,6.632764023636956,0.4220754447173922,-0.9065607089250095,0.03707643796506937,-0.9993124324993772,29.76409728198042,-400.7821805926435,0.0,-25.0,-0.018538218982534684,0.4996562162496886,0.013323228583063798,15.671344133656747,8.829000000000008,-0.005214990399470886,-17.657999650093572,2.799526824982088,-6.013003255400617,0.018538218982534684,-0.4996562162496886,0.2520247075900998,0.0,0.0,2.818065043964623,-6.260634764060206
28.80000000000014,0.0,403.0,408.91318447512344,404.1924088178723,0.3471358568501661,PILOT_DESC_MINPAY_SLACK_CAP_ACC,caténaire,,6.71208167020691,0.5,6.71208167020691,0.4146761875133412,-0.909969043159931,0.03706423749816329,-0.9993128850858873,29.76275518852624,-400.816930146843,0.0,-25.0,-0.018532118749081644,0.49965644254294367,0.013357809251617775,15.67134402844977,8.829000000000008,-0.005174309497463869,-17.657999529007295,2.783340437279581,-6.1077865350494935,0.018532118749081644,-0.49965644254294367,0.25204610436665953,0.0,5.551115123125783e-17,2.8018725560286626,-6.355396873225778
28.90000000000014,0.0,403.0,408.94789687484155,403.82950750924016,0.3471239971810462,PILOT_DESC_MINPAY_SLACK_CAP_ACC,caténaire,,6.738109943810645,0.5,6.738109943810645,0.3824538858698518,-0.9239745803771066,0.037072573069821965,-0.9993125758870357,29.761411370302227,-400.8516797008855,0.0,-25.0,-0.018536286534910983,0.49965628794351785,0.013392164460679272,15.671343886840766,8.829000000000008,-0.00514412207423171,-17.65799982521572,2.57701633142867,-6.22584230786725,0.018536286534910983,-0.49965628794351785,0.2520675004122123,0.0,0.0,2.595552617963581,-6.473431095398555
29.000000000000142,0.0,403.0,408.9826113606401,403.77776645947415,0.34714485798552663,PILOT_DESC_MINPAY_SLACK_CAP_ACC,caténaire,,6.633305574606578,0.5,6.633305574606578,0.3593514070019118,-0.9332023179813401,0.03706388329184917,-0.9993128982232382,29.760065837370856,-400.8864292548697,0.0,-25.0,-0.018531941645924584,0.4996564491116191,0.0134263629754933,15.671343834288548,8.829000000000008,-0.005105578670431285,-17.65799971659984,2.383687691308499,-6.1902161381014045,0.018531941645924584,-0.4996564491116191,0.2520888977435844,0.0,-5.551115123125783e-17,2.4022196329544236,-6.437783689469439
29.100000000000144,0.0,403.0,409.01732844282583,403.9729333555247,0.3471708218576839,PILOT_DESC_MINPAY_SLACK_CAP_ACC,caténaire,,6.683295359924043,0.5,6.683295359924043,0.34820030580716455,-0.9374201550189738,0.037069521246669325,-0.9993126890991341,29.75871860257993,-400.92117880875946,0.0,-25.0,-0.018534760623334662,0.49965634454956703,0.013460348371254875,15.671343749077046,8.829000000000008,-0.005074412252079788,-17.657999906373394,2.3271254881251555,-6.265055772337584,0.018534760623334662,-0.49965634454956703,0.25211029667531876,0.0,5.551115123125783e-17,2.3456602487484903,-6.512601820211833
29.200000000000145,0.0,403.0,409.05204989324045,404.06724480048575,0.3472145041460733,PILOT_DESC_MINPAY_SLACK_CAP_ACC,caténaire,,6.718004961458559,0.5,6.718004961458559,0.3581083029297319,-0.9336800540724791,0.037072802666108864,-0.9993125673694291,29.757369676318252,-400.955928362618,0.0,-25.0,-0.018536401333054432,0.49965628368471454,0.013494168872825917,15.671343720929565,8.829000000000008,-0.005042232460228516,-17.65799999538573,2.4057733558214434,-6.27246723567381,0.018536401333054432,-0.49965628368471454,0.25213169829954424,0.0,-5.551115123125783e-17,2.424309757154498,-6.519991821058981
29.300000000000146,0.0,403.0,409.0867779167962,403.7836352612488,0.34728023555766535,PILOT_DESC_MINPAY_SLACK_CAP_ACC,caténaire,,6.698599667999732,0.5,6.698599667999732,0.3895414457745918,-0.9210089369945553,0.037039416638765456,-0.999313805375999,29.75601906931242,-400.990677916475,0.0,-25.0,-0.018519708319382728,0.4996569026879995,0.013527816931658658,15.671343719545265,8.829000000000008,-0.00499189138772407,-17.657999377766743,2.609382199337816,-6.169470159576514,0.018519708319382728,-0.4996569026879995,0.2521531039753256,0.0,5.551115123125783e-17,2.6279019076571988,-6.416973958289188
29.400000000000148,0.0,403.0,409.1215138525,403.89695945458044,0.34735935703766113,PILOT_DESC_MINPAY_SLACK_CAP_ACC,caténaire,,6.768936372448532,0.5,6.768936372448532,0.41320375307831325,-0.9106385992488986,0.03705011983895118,-0.9993134086060886,29.754666798342793,-401.0254274701246,0.0,-25.0,-0.01852505991947559,0.4996567043030443,0.013561170325576114,15.671343532459366,8.829000000000008,-0.004963889593899476,-17.657999763237598,2.7969499134440365,-6.164054736611452,0.01852505991947559,-0.4996567043030443,0.2521745145280005,0.0,5.551115123125783e-17,2.815474973363512,-6.411536926386495
29.50000000000015,0.0,403.0,409.1562601942895,404.76064154000215,0.3474634178947543,PILOT_DESC_MINPAY_SLACK_CAP_ACC,caténaire,,6.776471599755804,0.5,6.776471599755804,0.42186223395390776,-0.9066599448323601,0.03702895058438271,-0.9993141932438563,29.7533128727433,-401.0601770236953,0.0,-25.0,-0.018514475292191353,0.49965709662192814,0.013594377346767302,15.671343461295972,8.829000000000008,-0.0049200979454240516,-17.657999442082108,2.8587374473981946,-6.143955366792652,0.018514475292191353,-0.49965709662192814,0.2521959314947835,0.0,0.0,2.877251922690386,-6.391416531919797
29.60000000000015,0.0,403.0,409.19101884040646,404.5789770084826,0.34758646117011377,PILOT_DESC_MINPAY_SLACK_CAP_ACC,caténaire,,6.739806009689184,0.5,6.739806009689184,0.4209120093235624,-0.9071014719463316,0.03702579677446337,-0.9993143101012895,29.751957307111162,-401.09492657708,0.0,-25.0,-0.018512898387231684,0.49965715505064473,0.013627331485391128,15.671343293539039,8.829000000000008,-0.004885566901840556,-17.657999551410324,2.8368652899892957,-6.113687952021791,0.018512898387231684,-0.49965715505064473,0.2522173560457137,0.0,5.551115123125783e-17,2.8553781883765272,-6.3611277510267215
29.700000000000152,0.0,403.0,409.22579036995256,405.1911552004255,0.3477152954610845,PILOT_DESC_MINPAY_SLACK_CAP_ACC,caténaire,,6.70446971917514,0.5,6.70446971917514,0.43842136343516425,-0.8987695522677944,0.037024253936184505,-0.9993143672641102,29.75060011295672,-401.1296761303152,0.0,-25.0,-0.018512126968092252,0.4996571836320551,0.013660093814637965,15.671343158697738,8.829000000000008,-0.004852033153454288,-17.657999657670214,2.939382755390538,-6.025773247696026,0.018512126968092252,-0.4996571836320551,0.25223878853773823,0.0,0.0,2.95789488235863,-6.273191642790343
29.800000000000153,0.0,403.0,409.2605745203766,404.4379100877894,0.3478415042404439,PILOT_DESC_MINPAY_SLACK_CAP_ACC,caténaire,,6.769177256140036,0.5,6.769177256140036,0.44717093989024204,-0.8944485175333889,0.037025892998983616,-0.9993143065360507,29.749241301457896,-401.16442568343626,0.0,-25.0,-0.018512946499491808,0.49965715326802534,0.013692670200142363,15.671343055746663,8.829000000000008,-0.004820276299349445,-17.65799979098532,3.0269793559117897,-6.054680561675189,0.018512946499491808,-0.49965715326802534,0.2522602288090255,0.0,0.0,3.0454923024112817,-6.302077486134189
29.900000000000155,0.0,403.0,409.295372450388,404.9570816600346,0.3479793001139268,PILOT_DESC_MINPAY_SLACK_CAP_ACC,caténaire,,6.792017507621314,0.5,6.792017507621314,0.4452463661562995,-0.8954081043996701,0.037005058248915874,-0.9993150782731112,29.747880883200306,-401.1991752364877,0.0,-25.0,-0.018502529124457937,0.4996575391365556,0.01372507178869955,15.671342992940355,8.829000000000008,-0.004777457335758387,-17.657999467923098,3.024121114138356,-6.081627521548573,0.018502529124457937,-0.4996575391365556,0.2522816775737814,0.0,5.551115123125783e-17,3.042623643262814,-6.329003383111348
30.000000000000156,0.0,403.0,409.33018533879795,404.8642077772792,0.3481288840991952,PILOT_DESC_MINPAY_SLACK_CAP_ACC,caténaire,,6.708766683469564,0.5,6.708766683469564,0.461063003207017,-0.8873674025305001,0.03701779363648356,-0.9993146065950835,29.746518872456935,-401.23392478936177,0.0,-25.0,-0.01850889681824178,0.49965730329754177,0.013757223333668805,15.671342832976531,8.829000000000008,-0.004751673484572975,-17.657999863725934,3.0931641148956563,-5.953140866093545,0.01850889681824178,-0.49965730329754177,0.2523031355586021,0.0,0.0,3.111673011713898,-6.2004950338324845
30.100000000000158,0.0,403.0,409.36501223946226,404.2086345820614,0.34826900664293925,PILOT_DESC_MINPAY_SLACK_CAP_ACC,caténaire,,6.677382445618544,0.5,6.677382445618544,0.4620420959080277,-0.8868579940491695,0.03701383471211144,-0.99931475323839,29.745155277822402,-401.2686743421904,0.0,-25.0,-0.01850691735605572,0.499657376619195,0.013789238667461495,15.671342792011437,8.829000000000008,-0.004717678688594226,-17.657999831369377,3.0852317803530642,-5.9218900012204,0.01850691735605572,-0.499657376619195,0.25232460218030295,0.0,1.1102230246251565e-16,3.10373869770912,-6.169222775659293
30.20000000000016,0.0,403.0,409.3998518961984,404.87736630723464,0.3483965673616905,PILOT_DESC_MINPAY_SLACK_CAP_ACC,caténaire,,6.7453727454676855,0.5,6.7453727454676855,0.4711823077040973,-0.8820358455905527,0.03700025877980235,-0.9993152559879328,29.743790110628307,-401.30342389496286,0.0,-25.0,-0.018500129389901174,0.4996576279939664,0.013821061765447732,15.671342741304958,8.829000000000008,-0.004679067624453442,-17.657999630701084,3.1783002965337865,-5.949660553372058,0.018500129389901174,-0.4996576279939664,0.25234607666459746,0.0,0.0,3.1968004259236875,-6.196972104701427
30.30000000000016,0.0,403.0,409.4347048312582,404.770754241558,0.34852935059823104,PILOT_DESC_MINPAY_SLACK_CAP_ACC,caténaire,,6.720802642046139,0.5,6.720802642046139,0.4610492407655311,-0.8873745531564039,0.036983484494006895,-0.9993158769251501,29.742423383745006,-401.3381734476122,0.0,-25.0,-0.018491742247003447,0.49965793846257506,0.013852660642156631,15.67134263025315,8.829000000000008,-0.0046390816048468165,-17.65799943128428,3.0986209554503477,-5.963869241338071,0.018491742247003447,-0.49965793846257506,0.25236755933339144,0.0,-5.551115123125783e-17,3.117112697697351,-6.211159620467255
30.400000000000162,0.0,403.0,409.46957083796644,405.3608760558536,0.3486600670823733,PILOT_DESC_MINPAY_SLACK_CAP_ACC,caténaire,,6.705136443907275,0.5,6.705136443907275,0.4288501684482675,-0.9033756322936171,0.03697851309918864,-0.9993160608981392,29.74105511050117,-401.3729230000719,0.0,-25.0,-0.01848925654959432,0.4996580304490696,0.013884025103250106,15.671342459266182,8.829000000000008,-0.004605231446344215,-17.657999510284757,2.875498893438252,-6.05725687462971,0.01848925654959432,-0.4996580304490696,0.2523890500592943,0.0,0.0,2.8939881499878464,-6.3045258550194845
30.500000000000163,0.0,403.0,409.5044494147066,404.3633803230383,0.34878576740118616,PILOT_DESC_MINPAY_SLACK_CAP_ACC,caténaire,,6.691759940749107,0.5,6.691759940749107,0.3976999659418188,-0.917515524168325,0.036976831170690144,-0.9993161231345037,29.73968530218018,-401.4076725523684,0.0,-25.0,-0.018488415585345072,0.49965806156725184,0.01391519578560295,15.671342312017435,8.829000000000008,-0.004573219799742121,-17.65799962641532,2.6613127005267474,-6.139793629645017,0.018488415585345072,-0.49965806156725184,0.2524105485331195,0.0,-5.551115123125783e-17,2.6798011161120923,-6.387041142679149
30.600000000000165,0.0,403.0,409.53933991910145,405.0855233457679,0.34890504394870103,PILOT_DESC_MINPAY_SLACK_CAP_ACC,caténaire,,6.710470358263131,0.5,6.710470358263131,0.3658536326965085,-0.9306724017841982,0.03697803557592293,-0.9993160785682105,29.738313969452594,-401.4424221045404,0.0,-25.0,-0.018489017787961463,0.49965803928410524,0.01394618438334648,15.67134219973514,8.829000000000008,-0.0045428334046149835,-17.65799976098076,2.4550499576728075,-6.245249565426417,0.018489017787961463,-0.49965803928410524,0.25243205435891813,0.0,-5.551115123125783e-17,2.473538975460769,-6.492475550351604
30.700000000000166,0.0,403.0,409.5742422557886,405.2071125562223,0.34902336687124774,PILOT_DESC_MINPAY_SLACK_CAP_ACC,caténaire,,6.664907422606814,0.5,6.664907422606814,0.3497747348024836,-0.9368338352631445,0.03697597529037408,-0.9993161548035365,29.736941122447206,-401.4771716566327,0.0,-25.0,-0.01848798764518704,0.49965807740176826,0.013977001203912164,15.671342127853965,8.829000000000008,-0.004510986441274876,-17.657999794744274,2.331216226225403,-6.243910782394541,0.01848798764518704,-0.49965807740176826,0.25245356747791087,0.0,0.0,2.3497042138705897,-6.491115292318398
30.800000000000168,0.0,403.0,409.60915539979055,405.6390035054167,0.34913144001968055,PILOT_DESC_MINPAY_SLACK_CAP_ACC,caténaire,,6.687201074405405,0.5,6.687201074405405,0.35930333095837397,-0.9332208293658136,0.036965243197933685,-0.99931655184697,29.73556677177967,-401.5119212086566,0.0,-25.0,-0.018482621598966843,0.499658275923485,0.014007635640558673,15.671342066124335,8.829000000000008,-0.00447498595840817,-17.65799965795219,2.4027336208222794,-6.240635332792572,0.018482621598966843,-0.499658275923485,0.2524750872583214,0.0,-5.551115123125783e-17,2.421216242421246,-6.487818521457736
30.90000000000017,0.0,403.0,409.64407909282414,404.6161170879045,0.34923693033595543,PILOT_DESC_MINPAY_SLACK_CAP_ACC,caténaire,,6.680758289602503,0.5,6.680758289602503,0.3898609257481028,-0.9208737473589049,0.03695891823253347,-0.9993167857907126,29.734190929450147,-401.5466707605665,0.0,-25.0,-0.018479459116266736,0.4996583928953563,0.014038058730083224,15.671341963327075,8.829000000000008,-0.004441400386183512,-17.657999643777575,2.604566611483744,-6.152134921345325,0.018479459116266736,-0.4996583928953563,0.25249661354094916,0.0,0.0,2.6230460706000107,-6.399296700699732
31.00000000000017,0.0,403.0,409.6790129901795,405.8355496990907,0.34933897355332444,PILOT_DESC_MINPAY_SLACK_CAP_ACC,caténaire,,6.693182684955855,0.5,6.693182684955855,0.41340519383632773,-0.910547168305491,0.036956831444565776,-0.9993168629666858,29.73281360665383,-401.58142031235764,0.0,-25.0,-0.018478415722282888,0.4996584314833429,0.014068286120219018,15.671341856223096,8.829000000000008,-0.00441012960206387,-17.65799971229357,2.7669964852561275,-6.094458540737897,0.018478415722282888,-0.4996584314833429,0.2525181461133216,0.0,0.0,2.7854749009784103,-6.3415988261079175
31.100000000000172,0.0,403.0,409.7139570616361,404.648331966138,0.34944071456611986,PILOT_DESC_MINPAY_SLACK_CAP_ACC,caténaire,,6.733821467834128,0.5,6.733821467834128,0.4340692847225541,-0.9008794903095808,0.0369652914249777,-0.999316550063025,29.731434813814314,-401.6161698640529,0.0,-25.0,-0.01848264571248885,0.4996582750315125,0.014098332852962931,15.67134176972984,8.829000000000008,-0.0043843128595259205,-17.657999955238655,2.9229450679921394,-6.066361651778123,0.01848264571248885,-0.4996582750315125,0.25253968495681145,0.0,-5.551115123125783e-17,2.9414277137046283,-6.313480241852823
31.200000000000173,0.0,403.0,409.74891201773033,404.860094067729,0.3495495609421779,PILOT_DESC_MINPAY_SLACK_CAP_ACC,caténaire,,6.728910831302743,0.5,6.728910831302743,0.43291219763321254,-0.9014360926545942,0.036953825481856946,-0.999316974128958,29.730054559537177,-401.6509194157332,0.0,-25.0,-0.018476912740928473,0.499658487064479,0.014128235464625138,15.67134175624571,8.829000000000008,-0.004348677276303335,-17.65799975668982,2.9130275756571975,-6.065683087590722,0.018476912740928473,-0.499658487064479,0.25256123050937945,0.0,0.0,2.931504488398126,-6.312780344145821
31.300000000000175,0.0,403.0,409.7838781030391,404.5609426820648,0.34966085308762035,PILOT_DESC_MINPAY_SLACK_CAP_ACC,caténaire,,6.764699331809071,0.5,6.764699331809071,0.4073502045903142,-0.9132720354966691,0.0369442158214883,-0.9993173294391202,29.728672855700946,-401.6856689673324,0.0,-25.0,-0.01847210791074415,0.4996586647195601,0.014157926321656368,15.671341683082774,8.829000000000008,-0.004314181589087784,-17.657999652197674,2.755601656804387,-6.178010728284228,0.01847210791074415,-0.4996586647195601,0.25258278292177805,0.0,-5.551115123125783e-17,2.774073764715131,-6.42508661008201
31.400000000000176,0.0,403.0,409.81885604640024,404.91618222246825,0.34977943361152936,PILOT_DESC_MINPAY_SLACK_CAP_ACC,caténaire,,6.6998142752080545,0.5,6.6998142752080545,0.3810200484684729,-0.9245667756658156,0.03693041448816235,-0.999317839571441,29.727289713804186,-401.7204185188157,0.0,-25.0,-0.018465207244081176,0.4996589197857205,0.014187412452739955,15.671341578542318,8.829000000000008,-0.004277794791341221,-17.65799950167197,2.5527635598695397,-6.194425681988914,0.018465207244081176,-0.4996589197857205,0.25260434264324866,0.0,-5.551115123125783e-17,2.5712287671136207,-6.441480259131386
31.500000000000178,0.0,403.0,409.85384486265997,404.79150480144983,0.3498881625970525,PILOT_DESC_MINPAY_SLACK_CAP_ACC,caténaire,,6.693722455746207,0.5,6.693722455746207,0.36193758057519726,-0.9322023319898812,0.036935516895521325,-0.9993176509957487,29.72590514597583,-401.75516807013287,0.0,-25.0,-0.018467758447760663,0.4996588254978743,0.014216680176909725,15.671341428730052,8.829000000000008,-0.004251078270850937,-17.65799974577208,2.42270971067465,-6.239903682939649,0.018467758447760663,-0.4996588254978743,0.2526259090665616,0.0,0.0,2.441177469122411,-6.486936599370962
31.60000000000018,0.0,403.0,409.88884366125365,404.8213197997558,0.34998798593662955,PILOT_DESC_MINPAY_SLACK_CAP_ACC,caténaire,,6.775217048081976,0.5,6.775217048081976,0.359109571667075,-0.9332954063623637,0.036938180199107475,-0.9993175525545311,29.724519161121382,-401.7899176213653,0.0,-25.0,-0.018469090099553737,0.49965877627726557,0.014245794988280835,15.671341352285808,8.829000000000008,-0.0042232951112729025,-17.657999871436935,2.433045292088183,-6.323278948082883,0.018469090099553737,-0.49965877627726557,0.25264748164279044,0.0,5.551115123125783e-17,2.4515143821877365,-6.570290242717358
31.70000000000018,0.0,403.0,409.92385335084896,404.83290976556145,0.35009689595305005,PILOT_DESC_MINPAY_SLACK_CAP_ACC,caténaire,,6.759422071945423,0.5,6.759422071945423,0.37862062219338954,-0.9255519566452716,0.03691741768829402,-0.9993183197916606,29.723131768501897,-401.8246671725549,0.0,-25.0,-0.01845870884414701,0.4996591598958303,0.014274749008934362,15.671341313627885,8.829000000000008,-0.004183959835212648,-17.657999526476292,2.5592565905477063,-6.256196324480322,0.01845870884414701,-0.4996591598958303,0.2526690609320201,0.0,-5.551115123125783e-17,2.577715299391853,-6.503186423444132
31.800000000000182,0.0,403.0,409.9588740159163,404.5302948920463,0.3502066506732281,PILOT_DESC_MINPAY_SLACK_CAP_ACC,caténaire,,6.7362176635219875,0.5,6.7362176635219875,0.41254602817269026,-0.9109367566625786,0.03690385694358215,-0.9993188206687033,29.721742981229134,-401.8594167235866,0.0,-25.0,-0.018451928471791074,0.49965941033435163,0.014303462339936719,15.671341171249837,8.829000000000008,-0.0041484661318543555,-17.65799941841582,2.7789998419927158,-6.136268270581892,0.018451928471791074,-0.49965941033435163,0.2526906469863163,0.0,5.551115123125783e-17,2.797451770464507,-6.383237033929928
31.900000000000183,0.0,403.0,409.9939050587821,405.09320317669216,0.3503104286580246,PILOT_DESC_MINPAY_SLACK_CAP_ACC,caténaire,,6.576212379549856,0.5,6.576212379549856,0.4349962892340552,-0.9004322452870078,0.03690971396813569,-0.9993186043573844,29.72035281113433,-401.8941662744245,0.0,-25.0,-0.018454856984067847,0.4996593021786922,0.01433196057070006,15.671340996417593,8.829000000000008,-0.004122896413367787,-17.65799970140372,2.8606279823192438,-5.921433678402294,0.018454856984067847,-0.4996593021786922,0.252712239437285,0.0,0.0,2.8790828393033117,-6.168380741143701
32.000000000000185,0.0,403.0,410.0289427657931,405.34469116468665,0.35037707010989294,PILOT_DESC_MINPAY_SLACK_CAP_ACC,caténaire,,6.573443799919112,0.5,6.573443799919112,0.43266278172141115,-0.9015558315007953,0.036913964506596696,-0.999318447355199,29.71896126674072,-401.92891582516285,0.0,-25.0,-0.018456982253298348,0.4996592236775995,0.014360311248240684,15.671340906643032,8.829000000000008,-0.004096671005057664,-17.657999869679376,2.8440844799623664,-5.926326590859823,0.018456982253298348,-0.4996592236775995,0.25273383599590266,0.0,-5.551115123125783e-17,2.8625414622156646,-6.173251978541519
32.100000000000186,0.0,403.0,410.0639846681397,405.1844066510638,0.3504190234659421,PILOT_DESC_MINPAY_SLACK_CAP_ACC,caténaire,,6.622149848950591,0.5,6.622149848950591,0.4065281110657617,-0.9136382735597846,0.03690371737080432,-0.9993188258229783,29.717568356790107,-401.9636653758578,0.0,-25.0,-0.01845185868540216,0.49965941291148913,0.014388509335923613,15.671340867472404,8.829000000000008,-0.004063349349478548,-17.657999719616114,2.692090069288303,-6.050249555249406,0.01845185868540216,-0.49965941291148913,0.25275543514044335,0.0,5.551115123125783e-17,2.710541927973705,-6.297153533020452
32.20000000000019,0.0,403.0,410.09903017063226,405.81588547183105,0.35045502492536695,PILOT_DESC_MINPAY_SLACK_CAP_ACC,caténaire,,6.627818935446571,0.5,6.627818935446571,0.381886560745082,-0.9242092050625187,0.036893650722649905,-0.9993191975221708,29.71617409238971,-401.99841492645925,0.0,-25.0,-0.018446825361324953,0.4996595987610854,0.014416505386259826,15.671340783183782,8.829000000000008,-0.004030319975065127,-17.65799961805514,2.531074978498822,-6.125491269627385,0.018446825361324953,-0.4996595987610854,0.2527770365040437,0.0,0.0,2.549521803860147,-6.372373831884427
32.30000000000019,0.0,403.0,410.13407902644985,405.36683483396575,0.35048855817601404,PILOT_DESC_MINPAY_SLACK_CAP_ACC,caténaire,,6.592170396755182,0.5,6.592170396755182,0.36651581443564074,-0.930411821597608,0.03689465867825327,-0.9993191603091655,29.714778484549324,-402.0331644769334,0.0,-25.0,-0.018447329339126635,0.4996595801545827,0.014444300746603241,15.671340668337969,8.829000000000008,-0.004003028592523394,-17.657999751507457,2.4161347018652464,-6.133433267126815,0.018447329339126635,-0.4996595801545827,0.25279863993456814,0.0,0.0,2.434582031204373,-6.38029420734683
32.40000000000019,0.0,403.0,410.16913039854865,405.0354866713414,0.35051372098812306,PILOT_DESC_MINPAY_SLACK_CAP_ACC,caténaire,,6.59775646792855,0.5,6.59775646792855,0.3663243661939008,-0.930487215781408,0.03689654858584395,-0.9993190905323747,29.713381542366072,-402.0679140273247,0.0,-25.0,-0.018448274292921975,0.49965954526618733,0.014471934388195534,15.67134059363692,8.829000000000008,-0.003976339904726442,-17.6579998610969,2.4169189564156355,-6.139128046246613,0.018448274292921975,-0.49965954526618733,0.2528202449160792,0.0,0.0,2.4353672307085574,-6.385967346596721
32.50000000000019,0.0,403.0,410.2041839141423,405.57141411629993,0.35053515593627954,PILOT_DESC_MINPAY_SLACK_CAP_ACC,caténaire,,6.640343185118256,0.5,6.640343185118256,0.3850546908208261,-0.9228937561154469,0.0368877986243012,-0.9993194135573735,29.711983274736188,-402.1026635776697,0.0,-25.0,-0.0184438993121506,0.49965970677868676,0.01449940993722868,15.671340551851502,8.829000000000008,-0.003944489374921921,-17.657999741369817,2.55689529208989,-6.128331264009398,0.0184438993121506,-0.49965970677868676,0.2528418512187986,0.0,-5.551115123125783e-17,2.5753391914020405,-6.3751491195692855
32.60000000000019,0.0,403.0,410.2392402311085,405.80285561479246,0.35056316966229306,PILOT_DESC_MINPAY_SLACK_CAP_ACC,caténaire,,6.718656232120403,0.5,6.718656232120403,0.4057570047626053,-0.9139809916437425,0.03687864162429434,-0.9993197515269809,29.71058369227651,-402.13741312792854,0.0,-25.0,-0.01843932081214717,0.49965987576349047,0.01452669115158873,15.671340474125499,8.829000000000008,-0.00391262966055844,-17.65799965011102,2.7261418287747863,-6.140724085546816,0.01843932081214717,-0.49965987576349047,0.2528634592482294,0.0,0.0,2.7445811495869337,-6.3875205020620776
32.700000000000195,0.0,403.0,410.2743013351331,406.09612337038436,0.3506110402458253,PILOT_DESC_MINPAY_SLACK_CAP_ACC,caténaire,,6.786749055877408,0.5,6.786749055877408,0.3979770046932198,-0.9173953911675232,0.036880609299725683,-0.999319678910448,29.709182805606947,-402.1721626780707,0.0,-25.0,-0.018440304649862842,0.499659839455224,0.014553777346509745,15.67134036891853,8.829000000000008,-0.003886527303353097,-17.657999791626253,2.700970060862628,-6.226132304872474,0.018440304649862842,-0.499659839455224,0.25288507022830947,0.0,5.551115123125783e-17,2.719410365512491,-6.472907074099388
32.800000000000196,0.0,403.0,410.3093697757857,405.73577552941435,0.35068440652590327,PILOT_DESC_MINPAY_SLACK_CAP_ACC,caténaire,,6.776608935406296,0.5,6.776608935406296,0.36833272599951866,-0.9296940372820316,0.03686360483585901,-0.9993203063275087,29.70778062342828,-402.20691222814344,0.0,-25.0,-0.018431802417929504,0.49966015316375434,0.014580707817833336,15.671340306266039,8.829000000000008,-0.0038510946000961683,-17.657999540570213,2.4960468422108972,-6.300172920239369,0.018431802417929504,-0.49966015316375434,0.2529066857305439,0.0,-5.551115123125783e-17,2.5144786446288268,-6.546926387672579
32.9000000000002,0.0,403.0,410.3444468235394,405.27978486201783,0.3507704775370635,PILOT_DESC_MINPAY_SLACK_CAP_ACC,caténaire,,6.772750491313808,0.5,6.772750491313808,0.3467477384123439,-0.9379584244015962,0.03686994634883111,-0.9993200723773312,29.706377157551415,-402.241661778063,0.0,-25.0,-0.018434973174415555,0.4996600361886656,0.014607417323177404,15.671340168143441,8.829000000000008,-0.003827555851238151,-17.6579997956679,2.3484359156941537,-6.352558379697835,0.018434973174415555,-0.4996600361886656,0.25292830653802745,0.0,0.0,2.366870888868569,-6.599290109348473
33.0000000000002,0.0,403.0,410.3795330136885,405.9112841413042,0.3508619014909044,PILOT_DESC_MINPAY_SLACK_CAP_ACC,caténaire,,6.738111852309545,0.5,6.738111852309545,0.3482489521892898,-0.9374020841128218,0.0368701633222786,-0.9993200643720653,29.7049724158226,-402.2764113279145,0.0,-25.0,-0.0184350816611393,0.49966003218603267,0.014633987791806158,15.671340106721441,8.829000000000008,-0.0038010938693331404,-17.657999861092534,2.3465403923010335,-6.3163200933402734,0.0184350816611393,-0.49966003218603267,0.252949932980705,0.0,5.551115123125783e-17,2.364975473962173,-6.563030192545601
33.1000000000002,0.0,403.0,410.4146277824974,405.1979789419553,0.3509476880893077,PILOT_DESC_MINPAY_SLACK_CAP_ACC,caténaire,,6.752281948789821,0.5,6.752281948789821,0.3745871037783605,-0.9271917286532164,0.03685228883499882,-0.9993207236956622,29.703566407062493,-402.31116087771966,0.0,-25.0,-0.01842614441749941,0.4996603618478311,0.01466039845801084,15.671340064936023,8.829000000000008,-0.0037657459594885694,-17.657999573216152,2.529317739092083,-6.260659972452343,0.01842614441749941,-0.4996603618478311,0.252971564711101,0.0,-5.551115123125783e-17,2.5477438835095825,-6.507348769589074
33.2000000000002,0.0,403.0,410.4497308428906,405.1751074464133,0.3510306039317904,PILOT_DESC_MINPAY_SLACK_CAP_ACC,caténaire,,6.725308224624876,0.5,6.725308224624876,0.40356075397490604,-0.9149528500699943,0.036850162299189373,-0.9993208021143778,29.702159143053734,-402.34591042738253,0.0,-25.0,-0.018425081149594687,0.4996604010571889,0.01468658700041006,15.671339936606085,8.829000000000008,-0.0037384941491846266,-17.657999662336735,2.7140704578432517,-6.153339927719704,0.018425081149594687,-0.4996604010571889,0.2529932015522676,0.0,-5.551115123125783e-17,2.7324955389928465,-6.400007127224625
33.3000000000002,0.0,403.0,410.484841270286,405.2088736969723,0.3511042739539554,PILOT_DESC_MINPAY_SLACK_CAP_ACC,caténaire,,6.691912904380468,0.5,6.691912904380468,0.4014143409955227,-0.9158965699483377,0.03686080483073587,-0.9993204096120675,29.700750632880258,-402.38065997693286,0.0,-25.0,-0.018430402415367936,0.49966020480603374,0.01471260913956102,15.671339835090592,8.829000000000008,-0.003717793275806916,-17.657999960103382,2.6862298085113196,-6.129100075515089,0.018430402415367936,-0.49966020480603374,0.2530148429343107,0.0,-5.551115123125783e-17,2.7046602109266877,-6.375745437386811
33.400000000000205,0.0,403.0,410.51995763290006,405.68938473181316,0.351163626140848,PILOT_DESC_MINPAY_SLACK_CAP_ACC,caténaire,,6.703410210735767,0.5,6.703410210735767,0.3723086625873295,-0.9281089697672542,0.03686445276255153,-0.9993202750482538,29.699340883442357,-402.4154095264699,0.0,-25.0,-0.018432226381275764,0.4996601375241269,0.014738510030339057,15.671339823093305,8.829000000000008,-0.0036937163509367064,-17.658000039382575,2.495737690333282,-6.221495144613265,0.018432226381275764,-0.4996601375241269,0.2530364879747066,0.0,5.551115123125783e-17,2.514169916714558,-6.468118794162685
33.500000000000206,0.0,403.0,410.55507910350724,406.01002959258466,0.35121470607197725,PILOT_DESC_MINPAY_SLACK_CAP_ACC,caténaire,,6.766835324228957,0.5,6.766835324228957,0.35390710719134794,-0.935280577944101,0.036844300580129344,-0.9993210182492714,29.697929902765672,-402.45015907602004,0.0,-25.0,-0.018422150290064672,0.4996605091246357,0.014764265741352705,15.67133983493678,8.829000000000008,-0.0036578845487119666,-17.657999655938593,2.394831114438097,-6.328889652897417,0.018422150290064672,-0.4996605091246357,0.25305813616356987,0.0,-5.551115123125783e-17,2.4132532647281617,-6.575492025858483
33.60000000000021,0.0,403.0,410.59020627970466,405.6812517584519,0.3512717619742561,PILOT_DESC_MINPAY_SLACK_CAP_ACC,caténaire,,6.7710815555153046,0.5,6.7710815555153046,0.34534471389892557,-0.9384759072997394,0.03682519643305095,-0.9993217224235982,29.69651770279414,-402.4849086254555,0.0,-25.0,-0.018412598216525473,0.4996608612117991,0.014789793761173915,15.671339731473012,8.829000000000008,-0.003622804455351559,-17.6579994073152,2.3383572225757248,-6.3544969062127565,0.018412598216525473,-0.4996608612117991,0.25307978786924745,0.0,0.0,2.35676982079225,-6.601077979555308
33.70000000000021,0.0,403.0,410.62533946363214,406.6352964268267,0.35133183927461825,PILOT_DESC_MINPAY_SLACK_CAP_ACC,caténaire,,6.702606799941205,0.5,6.702606799941205,0.34550497973287997,-0.9384169163968552,0.03681888944024352,-0.9993219548175588,29.69510429522112,-402.5196581746934,0.0,-25.0,-0.01840944472012176,0.4996609774087794,0.014815098694724272,15.671339553308197,8.829000000000008,-0.0035943460253974897,-17.65799946928303,2.3157840265711496,-6.289839605021419,0.01840944472012176,-0.4996609774087794,0.2531014432779727,0.0,0.0,2.3341934712912713,-6.536399139152226
33.80000000000021,0.0,403.0,410.6604773205877,405.8750812196935,0.35137856955524127,PILOT_DESC_MINPAY_SLACK_CAP_ACC,caténaire,,6.719871180335691,0.5,6.719871180335691,0.33887553777746304,-0.9408312122246132,0.03681755118186161,-0.9993220041232811,29.69368968953276,-402.5544077237544,0.0,-25.0,-0.018408775590930807,0.49966100206164055,0.014840226224263715,15.671339393754556,8.829000000000008,-0.0035685493666670915,-17.65799960418381,2.2771999600315325,-6.32226454858847,0.018408775590930807,-0.49966100206164055,0.25312310156706114,0.0,0.0,2.2956087356224635,-6.56880244908305
33.90000000000021,0.0,403.0,410.69561921215495,406.1566375628091,0.351418915672683,PILOT_DESC_MINPAY_SLACK_CAP_ACC,caténaire,,6.670430949863276,0.5,6.670430949863276,0.3567279809852566,-0.9342082998893676,0.03681126710517689,-0.9993222356247815,29.692273894327943,-402.5891572726835,0.0,-25.0,-0.018405633552588445,0.49966111781239075,0.01486519447566981,15.67133927475584,8.829000000000008,-0.003540439076918634,-17.657999607431776,2.379529365046294,-6.23157195720119,0.018405633552588445,-0.49966111781239075,0.2531447623430054,0.0,-5.551115123125783e-17,2.3979349985988825,-6.478088312670575
34.00000000000021,0.0,403.0,410.73076363997393,405.61382406936536,0.3514442781899162,PILOT_DESC_MINPAY_SLACK_CAP_ACC,caténaire,,6.607495089413339,0.5,6.607495089413339,0.3929205292099271,-0.9195724320168536,0.036799322902738386,-0.999322675532733,29.690856918976767,-402.62390682148174,0.0,-25.0,-0.018399661451369193,0.4996613377663665,0.014889986785563686,15.671339156731268,8.829000000000008,-0.003509674665805507,-17.657999505502374,2.596220467284284,-6.076070328911242,0.018399661451369193,-0.4996613377663665,0.25316642468224587,0.0,-5.551115123125783e-17,2.614620128735653,-6.322565241995362
34.100000000000215,0.0,403.0,410.76590834409143,406.1881460855352,0.35144704117521897,PILOT_DESC_MINPAY_SLACK_CAP_ACC,caténaire,,6.613917184289459,0.5,6.613917184289459,0.417652320657605,-0.908606922188752,0.03681412347541064,-0.9993221304027733,29.689438773734036,-402.6586563701151,0.0,-25.0,-0.01840706173770532,0.49966106520138664,0.014914584053024784,15.671339008046964,8.829000000000008,-0.0034924776846805353,-17.657999926751657,2.7623178606557053,-6.009450936428543,0.01840706173770532,-0.49966106520138664,0.25318808719179126,0.0,0.0,2.7807249223934107,-6.255923914438139
34.200000000000216,0.0,403.0,410.80105202564886,405.7445005353025,0.35143681557455136,PILOT_DESC_MINPAY_SLACK_CAP_ACC,caténaire,,6.706192822826067,0.5,6.706192822826067,0.4192972428043383,-0.9078490084681922,0.036800336935076436,-0.9993226381912225,29.688019464332076,-402.6934059187241,0.0,-25.0,-0.018400168467538218,0.49966131909561123,0.014939080947703666,15.67133898605194,8.829000000000008,-0.003461087519834552,-17.657999694852457,2.8118881603252124,-6.088210504799152,0.018400168467538218,-0.49966131909561123,0.2532097490710506,0.0,-5.551115123125783e-17,2.8302883287927507,-6.334662074823712
34.30000000000022,0.0,403.0,410.83619572722745,406.4085753731838,0.3514370157861127,PILOT_DESC_MINPAY_SLACK_CAP_ACC,caténaire,,6.678566280401946,0.5,6.678566280401946,0.39828468345452656,-0.9172618551567091,0.03678456427170478,-0.9993232188993414,29.686599001234278,-402.7281554672314,0.0,-25.0,-0.01839228213585239,0.4996616094496707,0.014963377496915594,15.671338894277834,8.829000000000008,-0.0034289046389367975,-17.657999496272502,2.659970656919964,-6.125994096148531,0.01839228213585239,-0.4996616094496707,0.25323141096265056,0.0,5.551115123125783e-17,2.6783629390558166,-6.372424294635552
34.40000000000022,0.0,403.0,410.8713395692544,406.1779163383651,0.35143842026965144,PILOT_DESC_MINPAY_SLACK_CAP_ACC,caténaire,,6.727784469826411,0.5,6.727784469826411,0.37465858290279547,-0.9271628477550581,0.03678266981048813,-0.9993232886316682,29.685177395168267,-402.7629050155707,0.0,-25.0,-0.018391334905244066,0.4996616443158341,0.0149874675920999,15.671338742824927,8.829000000000008,-0.0034038673131441665,-17.657999612859246,2.5206221955405983,-6.237751808126509,0.018391334905244066,-0.4996616443158341,0.2532530729408202,0.0,0.0,2.5390135304458425,-6.484160379501523
34.50000000000022,0.0,403.0,410.9064846013403,406.4402298406113,0.3514503208587342,PILOT_DESC_MINPAY_SLACK_CAP_ACC,caténaire,,6.7529030339993605,0.5,6.7529030339993605,0.36675714596422077,-0.9303167180504601,0.0367797654701171,-0.9993233955291766,29.683754654479817,-402.797654563781,0.0,-25.0,-0.01838988273505855,0.4996616977645883,0.015011400949708955,15.671338626441008,8.829000000000008,-0.0033784817853495935,-17.65799967579441,2.4766754437227325,-6.28233858790328,0.01838988273505855,-0.4996616977645883,0.2532747356525189,0.0,5.551115123125783e-17,2.495065326457791,-6.528725550015349
34.60000000000022,0.0,403.0,410.94163194739593,406.50251229924726,0.35147346055612627,PILOT_DESC_MINPAY_SLACK_CAP_ACC,caténaire,,6.6999546986967475,0.5,6.6999546986967475,0.37911923076157855,-0.9253478312865648,0.036776218198650124,-0.9993235260790198,29.68233078763077,-402.83240411188325,0.0,-25.0,-0.018388109099325062,0.4996617630395099,0.015035174697048376,15.671338528975888,8.829000000000008,-0.003352934402276686,-17.65799970798461,2.540081671507335,-6.199788550157265,0.018388109099325062,-0.4996617630395099,0.25329639979050345,0.0,0.0,2.55846978060666,-6.446153913406271
34.70000000000022,0.0,403.0,410.9767811996355,406.02343223384935,0.3514925223956629,PILOT_DESC_MINPAY_SLACK_CAP_ACC,caténaire,,6.733286736546869,0.5,6.733286736546869,0.3969883402934381,-0.9178236528173924,0.0367743208413223,-0.9993235959020779,29.680905803136927,-402.8671536598881,0.0,-25.0,-0.01838716042066115,0.49966179795103893,0.015058787269888012,15.67133844114961,8.829000000000008,-0.0033283731507731396,-17.657999760899358,2.673036326261562,-6.179969828004347,0.01838716042066115,-0.49966179795103893,0.25331806510342253,0.0,5.551115123125783e-17,2.6914234866822233,-6.4263135608519635
34.800000000000225,0.0,403.0,411.0119326965781,406.01895302681686,0.3515149694259562,PILOT_DESC_MINPAY_SLACK_CAP_ACC,caténaire,,6.808790194019974,0.5,6.808790194019974,0.3910064543288255,-0.9203879359667857,0.036770987424089865,-0.9993237185636381,29.679479709185365,-402.9019032078133,0.0,-25.0,-0.018385493712044933,0.49966185928181905,0.015082245197574092,15.67133836926844,8.829000000000008,-0.003303248514470841,-17.65799977144975,2.6622809120326263,-6.266728353104934,0.018385493712044933,-0.49966185928181905,0.2533397317999327,0.0,5.551115123125783e-17,2.680666405744671,-6.51305048058682
34.900000000000226,0.0,403.0,411.04708806390954,405.9874565731962,0.35155367331424503,PILOT_DESC_MINPAY_SLACK_CAP_ACC,caténaire,,6.833041402585254,0.5,6.833041402585254,0.3735361099437742,-0.9276156394585382,0.036754256268457054,-0.9993243340608456,29.678052514150966,-402.9366527556623,0.0,-25.0,-0.018377128134228527,0.4996621670304228,0.0151055441006347,15.671338300566038,8.829000000000008,-0.0032715840335938266,-17.657999532403547,2.552387704606446,-6.338436070105787,0.018377128134228527,-0.4996621670304228,0.253361400882075,0.0,0.0,2.5707648327406747,-6.584736836254135
35.00000000000023,0.0,403.0,411.0822486696071,406.38587684276,0.3516060569759081,PILOT_DESC_MINPAY_SLACK_CAP_ACC,caténaire,,6.833817996083397,0.5,6.833817996083397,0.3715996290420667,-0.9283930825333623,0.03675069902630646,-0.9993244648866942,29.676624228588555,-402.97140230335543,0.0,-25.0,-0.01837534951315323,0.4996622324433471,0.01512863738803774,15.67133815998247,8.829000000000008,-0.0032467121251154914,-17.65799960757419,2.53944423228559,-6.344469354855829,0.01837534951315323,-0.4996622324433471,0.2533830731930439,0.0,1.1102230246251565e-16,2.5578195817987432,-6.590748514106132
35.10000000000023,0.0,403.0,411.11741520482565,411.0821655678931,0.351665352185405,PILOT_DESC_MINPAY_SLACK_CAP_ACC,caténaire,,6.821708053002174,0.5,6.821708053002174,0.3946245073127283,-0.9188424773747601,0.03675931346159727,-0.9993241480489862,29.675194860788768,-403.0061518509178,0.0,-25.0,-0.018379656730798635,0.4996620740244931,0.015151572549214778,15.67133804200917,8.829000000000008,-0.0032280841815838564,-17.657999883966344,2.692013179447254,-6.268075127347869,0.018379656730798635,-0.4996620740244931,0.25340474915885386,0.0,0.0,2.7103928361780527,-6.514332452213508
35.20000000000023,0.0,403.0,411.1525876499614,406.4215460684358,0.35172445135742786,PILOT_DESC_MINPAY_SLACK_CAP_ACC,caténaire,,6.746528216163159,0.5,6.746528216163159,0.4101060408304072,-0.9120378475010829,0.03678293572065326,-0.9993232788441238,29.67376441696092,-403.0409013984414,0.0,-25.0,-0.01839146786032663,0.4996616394220619,0.015174393342932609,15.671338007093993,8.829000000000008,-0.003217074517394022,-17.658000353483953,2.766791976081303,-6.153089072374768,0.01839146786032663,-0.4996616394220619,0.25342642876742133,0.0,0.0,2.7851834439416296,-6.399324283029408
35.30000000000023,0.0,403.0,411.18776428785657,406.4404500171368,0.3517663789518385,PILOT_DESC_MINPAY_SLACK_CAP_ACC,caténaire,,6.746656951370577,0.5,6.746656951370577,0.40933507037285566,-0.9123841297188643,0.03675540881464923,-0.9993242916705607,29.6723329007749,-403.0756509460829,0.0,-25.0,-0.018377704407324617,0.49966214583528035,0.015197153389655644,15.671338113377635,8.829000000000008,-0.0031805510176689724,-17.657999740787094,2.761643297970791,-6.155542731087969,0.018377704407324617,-0.49966214583528035,0.25344811096032394,0.0,-5.551115123125783e-17,2.7800210023781156,-6.401756765962926
35.40000000000023,0.0,403.0,411.2229438672164,407.12274594466305,0.3517957935982231,PILOT_DESC_MINPAY_SLACK_CAP_ACC,caténaire,,6.726735422063861,0.5,6.726735422063861,0.3963200447507525,-0.9181124234693492,0.03673459493947205,-0.9993250569932852,29.67090032440521,-403.11040049363794,0.0,-25.0,-0.018367297469736026,0.4996625284966426,0.015219671807856874,15.671338035446553,8.829000000000008,-0.0031476256618791516,-17.657999436056812,2.665940083498821,-6.175899360388167,0.018367297469736026,-0.4996625284966426,0.25346979496628785,0.0,0.0,2.684307380968557,-6.422092093918522
35.500000000000234,0.0,403.0,411.25812507263936,406.5292634083746,0.3518120542296967,PILOT_DESC_MINPAY_SLACK_CAP_ACC,caténaire,,6.757076155470931,0.5,6.757076155470931,0.39859602855425397,-0.9171266030493154,0.036734671942905306,-0.999325054162682,29.669466698826962,-403.145150041005,0.0,-25.0,-0.018367335971452653,0.499662527081341,0.015241973526456606,15.671337865895183,8.829000000000008,-0.0031253624449960465,-17.657999607023484,2.6933437202093597,-6.197094301012583,0.018367335971452653,-0.499662527081341,0.2534914799745254,0.0,5.551115123125783e-17,2.711711056180812,-6.443265348119398
35.600000000000236,0.0,403.0,411.29330758002726,406.0737869828201,0.35182507387904693,PILOT_DESC_MINPAY_SLACK_CAP_ACC,caténaire,,6.690200670913656,0.5,6.690200670913656,0.4193711246125845,-0.9078148819231684,0.036733209816238274,-0.9993251079086307,29.668032031461234,-403.17989958824114,0.0,-25.0,-0.018366604908119137,0.49966255395431536,0.015264133659325604,15.67133774776807,8.829000000000008,-0.0031024712487935334,-17.65799969827762,2.8056769792449274,-6.073463732107783,0.018366604908119137,-0.49966255395431536,0.2535131657852688,0.0,5.551115123125783e-17,2.8240435841530465,-6.319613120276829
35.70000000000024,0.0,403.0,411.32848978323466,406.0498667575942,0.3518220320740488,PILOT_DESC_MINPAY_SLACK_CAP_ACC,caténaire,,6.7347264235320505,0.5,6.7347264235320505,0.4335152402440816,-0.9011462347899571,0.036725265228107276,-0.9993253999043179,29.66659632993842,-403.21464913537665,0.0,-25.0,-0.018362632614053638,0.49966269995215895,0.015286147405078937,15.671337657019379,8.829000000000008,-0.0030764852089747007,-17.65799964302847,2.9196065434756613,-6.068973358906342,0.018362632614053638,-0.49966269995215895,0.2535348514085211,0.0,0.0,2.937969176089715,-6.31510120744998
35.80000000000024,0.0,403.0,411.36367151681077,406.0472902589094,0.35181733576131324,PILOT_DESC_MINPAY_SLACK_CAP_ACC,caténaire,,6.6967390082597404,0.5,6.6967390082597404,0.42463587257045754,-0.9053642226895905,0.0367082094701737,-0.9993260265586471,29.665159602920543,-403.2493986823932,0.0,-25.0,-0.01835410473508685,0.49966301327932355,0.015307992429263131,15.671337549710334,8.829000000000008,-0.003046112305823717,-17.65799943701035,2.8436756121489952,-6.062987906768139,0.01835410473508685,-0.49966301327932355,0.25355653674230194,0.0,0.0,2.862029716884082,-6.309094383305161
35.90000000000024,0.0,403.0,411.3988519031766,407.1865033015896,0.35180386365843797,PILOT_DESC_MINPAY_SLACK_CAP_ACC,caténaire,,6.711152166689184,0.5,6.711152166689184,0.3903151991197349,-0.920681294116548,0.03671934682062064,-0.9993256173885803,29.663721860531894,-403.28414822922207,0.0,-25.0,-0.01835967341031032,0.49966280869429014,0.015329637154099195,15.67133738046659,8.829000000000008,-0.003030036256211125,-17.65799981083913,2.619464694264129,-6.178832261840473,0.01835967341031032,-0.49966280869429014,0.2535782212456887,0.0,-5.551115123125783e-17,2.6378243676744395,-6.424916849289074
36.00000000000024,0.0,403.0,411.4340306791976,406.56639412868975,0.3517877602096,PILOT_DESC_MINPAY_SLACK_CAP_ACC,caténaire,,6.749396819380717,0.5,6.749396819380717,0.3639645562126674,-0.931412798828165,0.03671267761008282,-0.999325862420611,29.66228310813116,-403.31889777598786,0.0,-25.0,-0.01835633880504141,0.4996629312103055,0.015351182818101298,15.671337323556394,8.829000000000008,-0.00300515598694011,-17.657999745233308,2.4565412180690913,-6.286474581941309,0.01835633880504141,-0.4996629312103055,0.25359990475649025,0.0,5.551115123125783e-17,2.474897556874133,-6.532537608395123
36.10000000000024,0.0,403.0,411.4692084490304,406.41430237625434,0.35177769832817946,PILOT_DESC_MINPAY_SLACK_CAP_ACC,caténaire,,6.771254358092487,0.5,6.771254358092487,0.348783384560846,-0.9372033667535989,0.0366934847428582,-0.9993265673329342,29.660843354011764,-403.35364732266873,0.0,-25.0,-0.0183467423714291,0.4996632836664671,0.015372566510735448,15.671337246958345,8.829000000000008,-0.002974175860693651,-17.657999469375195,2.3617010127378766,-6.346042381549259,0.0183467423714291,-0.4996632836664671,0.2536215876470971,0.0,-5.551115123125783e-17,2.3800477551093056,-6.592084077568629
36.200000000000244,0.0,403.0,411.5043860216647,407.182585842624,0.35177572634250437,PILOT_DESC_MINPAY_SLACK_CAP_ACC,caténaire,,6.789272941725321,0.5,6.789272941725321,0.34870112901478495,-0.9372339743222151,0.03668581646893426,-0.9993268488687811,29.659402608500415,-403.38839686917277,0.0,-25.0,-0.01834290823446713,0.49966342443439055,0.015393744412754486,15.671337087455989,8.829000000000008,-0.0029491638217126453,-17.657999488109628,2.3674271399691498,-6.3631372619315,0.01834290823446713,-0.49966342443439055,0.25364327041615464,0.0,0.0,2.385770048203617,-6.609157415949736
36.300000000000246,0.0,403.0,411.53956423303106,406.5620457284438,0.35178211366367107,PILOT_DESC_MINPAY_SLACK_CAP_ACC,caténaire,,6.799500701492201,0.5,6.799500701492201,0.370542900646682,-0.9288153523603834,0.036684808164640745,-0.9993268858836549,29.657960879934457,-403.42314641550615,0.0,-25.0,-0.018342404082320372,0.49966344294182746,0.01541475860857208,15.671336933542108,8.829000000000008,-0.002927645473748292,-17.657999623516073,2.5195067128800694,-6.3154806399311525,0.018342404082320372,-0.49966344294182746,0.25366495357891405,0.0,0.0,2.53784911696239,-6.5614791292940655
36.40000000000025,0.0,403.0,411.57474375413045,406.1544728879854,0.3517952109937578,PILOT_DESC_MINPAY_SLACK_CAP_ACC,caténaire,,6.777893357417442,0.5,6.777893357417442,0.39842005187343843,-0.9172030649017514,0.03667814227359784,-0.9993271305630391,29.656518175486674,-403.45789596171403,0.0,-25.0,-0.01833907113679892,0.49966356528151956,0.015435633653003043,15.671336820336965,8.829000000000008,-0.0029034374837958784,-17.657999614381524,2.700448623054891,-6.216704561000499,0.01833907113679892,-0.49966356528151956,0.2536866375489675,0.0,-1.1102230246251565e-16,2.7187876941916898,-6.462681488733051
36.50000000000025,0.0,403.0,411.60992450109427,406.5947032278384,0.351807469638276,PILOT_DESC_MINPAY_SLACK_CAP_ACC,caténaire,,6.65870512946389,0.5,6.65870512946389,0.40278066303550175,-0.9152965298113402,0.03666817586825995,-0.9993274963086398,29.6550745032264,-403.4926455077934,0.0,-25.0,-0.018334087934129974,0.4996637481543199,0.015456350037189532,15.671336704414484,8.829000000000008,-0.002877737896940442,-17.657999547431203,2.681997667003362,-6.094689698035269,0.018334087934129974,-0.4996637481543199,0.2537083222746197,0.0,1.1102230246251565e-16,2.700331754937492,-6.340645123914969
36.60000000000025,0.0,403.0,411.64510399347455,406.9340923418974,0.351794923802752,PILOT_DESC_MINPAY_SLACK_CAP_ACC,caténaire,,6.587153215900892,0.5,6.587153215900892,0.38007097066935497,-0.9249573272613469,0.03668705621490103,-0.9993268033562817,29.653629871720156,-403.5273950537219,0.0,-25.0,-0.018343528107450515,0.49966340167814083,0.01547689676034486,15.671336568342724,8.829000000000008,-0.0028666313471056547,-17.658000029979142,2.503585716715215,-6.092835632840675,0.018343528107450515,-0.49966340167814083,0.2537300062269712,0.0,5.551115123125783e-17,2.5219292448226653,-6.3387690282918445
36.70000000000025,0.0,403.0,411.68027926288505,406.3611340170549,0.35175269410498694,PILOT_DESC_MINPAY_SLACK_CAP_ACC,caténaire,,6.671397598366791,0.5,6.671397598366791,0.36733435108968965,-0.9300889605352364,0.036698188721555745,-0.999326394600161,29.65218428467013,-403.56214459966037,0.0,-25.0,-0.018349094360777873,0.4996631973000805,0.015497377752785656,15.67133657736632,8.829000000000008,-0.0028517166079922163,-17.658000225333605,2.450633507657379,-6.204993257582241,0.018349094360777873,-0.4996631973000805,0.25375168757636657,0.0,5.551115123125783e-17,2.468982602018157,-6.450904767305954
36.80000000000025,0.0,403.0,411.71545020569346,406.41607683024745,0.35170942808387645,PILOT_DESC_MINPAY_SLACK_CAP_ACC,caténaire,,6.744565621881744,0.5,6.744565621881744,0.3574223519171789,-0.9339428581824439,0.03666994347728914,-0.9993274314484579,29.650737747047902,-403.59689414567396,0.0,-25.0,-0.01833497173864457,0.49966371572422896,0.015517765622157363,15.671336645094579,8.829000000000008,-0.002817206116487208,-17.6579996391812,2.4106585072327236,-6.299038894099288,0.01833497173864457,-0.49966371572422896,0.2537733662589288,0.0,5.551115123125783e-17,2.428993478971368,-6.544929243564589
36.900000000000254,0.0,403.0,411.750618313665,406.58009814110505,0.3516810797153668,PILOT_DESC_MINPAY_SLACK_CAP_ACC,caténaire,,6.769399042010544,0.5,6.769399042010544,0.3562438625523224,-0.9343930170938789,0.03666994560463038,-0.9993274313703959,29.649290270356968,-403.63164369156726,0.0,-25.0,-0.01833497280231519,0.49966371568519796,0.015537919924242203,15.671336536606317,8.829000000000008,-0.002797052878072989,-17.657999747708494,2.411556861883827,-6.325279194776646,0.01833497280231519,-0.49966371568519796,0.25379504319415297,0.0,-5.551115123125783e-17,2.429891834686142,-6.57114786726769
37.000000000000256,0.0,403.0,411.785785085946,407.0343828845962,0.35166772281006026,PILOT_DESC_MINPAY_SLACK_CAP_ACC,caténaire,,6.731541261272524,0.5,6.731541261272524,0.3491473549641987,-0.937067833468583,0.036651935892295984,-0.9993280920675387,29.647841861315076,-403.6663932373765,0.0,-25.0,-0.018325967946147992,0.49966404603376935,0.01555794298953288,15.671336460777328,8.829000000000008,-0.0027680249566151127,-17.65799949318891,2.3502998262056676,-6.307910785605016,0.018325967946147992,-0.49966404603376935,0.25381671930608357,0.0,0.0,2.3686257941518156,-6.553758112332702
37.10000000000026,0.0,403.0,411.8209507437505,406.7812711231934,0.3516565780451515,PILOT_DESC_MINPAY_SLACK_CAP_ACC,caténaire,,6.752750493139769,0.5,6.752750493139769,0.36835063890891157,-0.9296869402198767,0.036641103947219096,-0.999328489287446,29.6463925295982,-403.7011427830168,0.0,-25.0,-0.018320551973609548,0.499664244643723,0.015577770947848363,15.671336308401566,8.829000000000008,-0.0027427810257611845,-17.65799944695472,2.4873799585405014,-6.277943944035376,0.018320551973609548,-0.499664244643723,0.2538383947310726,0.0,-5.551115123125783e-17,2.505700510514111,-6.523769793948026
37.20000000000026,0.0,403.0,411.85611586075277,406.44448907286204,0.3516511700227842,PILOT_DESC_MINPAY_SLACK_CAP_ACC,caténaire,,6.7367181125364155,0.5,6.7367181125364155,0.4043098860462078,-0.9146220618623314,0.03663931133186824,-0.9993285550133781,29.644942283620978,-403.73589232847274,0.0,-25.0,-0.01831965566593412,0.49966427750668907,0.015597430533208551,15.671336142131512,8.829000000000008,-0.00272222513272557,-17.657999580361807,2.7237217324050222,-6.16155101027337,0.01831965566593412,-0.49966427750668907,0.2538600698227217,0.0,5.551115123125783e-17,2.742041388070956,-6.407355217957337
37.30000000000026,0.0,403.0,411.8912804808954,406.5908785716096,0.3516462014259559,PILOT_DESC_MINPAY_SLACK_CAP_ACC,caténaire,,6.723842059355344,0.5,6.723842059355344,0.42755735951958573,-0.903988221339548,0.03663384564934728,-0.9993287553918079,29.64349113023538,-403.7706418737888,0.0,-25.0,-0.01831692282467364,0.49966437769590394,0.015616955037533171,15.67133601595495,8.829000000000008,-0.00269996778714047,-17.657999606349154,2.8748281567247047,-6.078274023804681,0.01831692282467364,-0.49966437769590394,0.2538817446081162,0.0,-5.551115123125783e-17,2.8931450795493783,-6.324056656892469
37.40000000000026,0.0,403.0,411.9264443757349,407.192486342625,0.35163894839530857,PILOT_DESC_MINPAY_SLACK_CAP_ACC,caténaire,,6.6900329346117875,0.5,6.6900329346117875,0.42999408491472485,-0.9028317046594833,0.036625452835457414,-0.999329063024086,29.64203907686052,-403.80539141897367,0.0,-25.0,-0.018312726417728707,0.499664531512043,0.015636331969501146,15.671335897622763,8.829000000000008,-0.0026763944482275613,-17.6579995708652,2.876674589767767,-6.039973838583645,0.018312726417728707,-0.499664531512043,0.25390341894644797,0.0,5.551115123125783e-17,2.8949873161854955,-6.285734951149241
37.50000000000026,0.0,403.0,411.9616067413792,406.9978818176657,0.3516236564436444,PILOT_DESC_MINPAY_SLACK_CAP_ACC,caténaire,,6.6932507847836185,0.5,6.6932507847836185,0.4078255158769353,-0.9130598822638697,0.036624865874734146,-0.999329084536049,29.640586131354176,-403.84014096401546,0.0,-25.0,-0.018312432937367073,0.4996645422680245,0.015655551578906416,15.671335768575055,8.829000000000008,-0.002656881358460657,-17.657999689156927,2.729678454198081,-6.111338773517084,0.018312432937367073,-0.4996645422680245,0.25392509234221383,0.0,-5.551115123125783e-17,2.7479908871354484,-6.357078223442895
37.600000000000264,0.0,403.0,411.9967671691248,407.4313970356645,0.351604277455397,PILOT_DESC_MINPAY_SLACK_CAP_ACC,caténaire,,6.65716330951955,0.5,6.65716330951955,0.3848534550182183,-0.922977691041631,0.03662107044085696,-0.9993292236294133,29.639132300220716,-403.8748905089536,0.0,-25.0,-0.01831053522042848,0.49966461181470667,0.015674642737612775,15.671335675109036,8.829000000000008,-0.002635892482815705,-17.657999713076265,2.5620323002891157,-6.144413220307417,0.01831053522042848,-0.49966461181470667,0.2539467645434966,0.0,0.0,2.580342835509544,-6.3901310675786265
37.700000000000266,0.0,403.0,412.0319247410236,406.7976081490007,0.35157571898807666,PILOT_DESC_MINPAY_SLACK_CAP_ACC,caténaire,,6.781114471357801,0.5,6.781114471357801,0.3758137344033636,-0.9266952233791853,0.0366205919687111,-0.9993292411632221,29.637677590456427,-403.9096400537962,0.0,-25.0,-0.01831029598435555,0.49966462058161104,0.01569359457552327,15.671335588872148,8.829000000000008,-0.0026167014088322796,-17.65799979054625,2.548435952897666,-6.284026389794744,0.01831029598435555,-0.49966462058161104,0.2539684349844912,0.0,-5.551115123125783e-17,2.566746248882022,-6.5297225753918635
37.80000000000027,0.0,403.0,412.0670814041878,406.99806845387457,0.35156663164157365,PILOT_DESC_MINPAY_SLACK_CAP_ACC,caténaire,,6.844639346791817,0.5,6.844639346791817,0.3867352318152475,-0.922190793964463,0.036603747620093254,-0.9993298582851232,29.636222008458333,-403.94438959856893,0.0,-25.0,-0.018301873810046627,0.4996649291425616,0.015712419756750903,15.671335525912044,8.829000000000008,-0.0025894540532957235,-17.6579995449454,2.6470631844732977,-6.31206339361835,0.018301873810046627,-0.4996649291425616,0.2539901048653595,0.0,5.551115123125783e-17,2.6653650582833444,-6.557738217895551
37.90000000000027,0.0,403.0,412.10223965751175,407.8038889166015,0.35158253323977523,PILOT_DESC_MINPAY_SLACK_CAP_ACC,caténaire,,6.825953344429515,0.5,6.825953344429515,0.4160899937479094,-0.9093234392133882,0.03659050913631923,-0.9993303431003909,29.63476556330889,-403.97913914318997,0.0,-25.0,-0.018295254568159613,0.49966517155019546,0.015731060022273747,15.67133538907123,8.829000000000008,-0.0025641945458858666,-17.65799943937858,2.840210884407198,-6.206999371066776,0.018295254568159613,-0.49966517155019546,0.2540117757263713,0.0,-5.551115123125783e-17,2.8585061389753577,-6.4526527668906
38.00000000000027,0.0,403.0,412.13740064391817,407.4911588683233,0.35160986406434513,PILOT_DESC_MINPAY_SLACK_CAP_ACC,caténaire,,6.853950208096323,0.5,6.853950208096323,0.4360628957512361,-0.8999161910695054,0.03659683073515347,-0.999330111614847,29.63330826342793,-404.01388868762416,0.0,-25.0,-0.018298415367576735,0.4996650558074235,0.015749529345578408,15.671335220545282,8.829000000000008,-0.002548886021998327,-17.6579997236473,2.9887533750772697,-6.167980765050086,0.018298415367576735,-0.4996650558074235,0.25403344827200175,0.0,5.551115123125783e-17,3.0070517904448466,-6.413612372585509
38.10000000000027,0.0,403.0,412.17256553029677,407.41701291104323,0.3516488637861838,PILOT_DESC_MINPAY_SLACK_CAP_ACC,caténaire,,6.832478172861203,0.5,6.832478172861203,0.4441392542323233,-0.8959577684522612,0.036580639966260875,-0.9993307044115373,29.631850113918297,-404.0486382319662,0.0,-25.0,-0.018290319983130437,0.49966535220576863,0.01576789914398703,15.671335137435895,8.829000000000008,-0.0025224208391434084,-17.657999510358344,3.0345717602532014,-6.121611896755506,0.018290319983130437,-0.49966535220576863,0.2540551232214989,0.0,0.0,3.052862080236332,-6.367222125739776
38.20000000000027,0.0,403.0,412.20773448088886,407.63797410859974,0.3516895059207698,PILOT_DESC_MINPAY_SLACK_CAP_ACC,caténaire,,6.769554409131016,0.5,6.769554409131016,0.45616811533264817,-0.8898936175486708,0.03656992923380121,-0.999331096421919,29.63039112360172,-404.08338777614506,0.0,-25.0,-0.018284964616900604,0.4996655482109595,0.015786088748537767,15.671334990238455,8.829000000000008,-0.0024988758683628376,-17.657999461550595,3.088054876455114,-6.024183262334154,0.018284964616900604,-0.4996655482109595,0.25407680067609795,0.0,0.0,3.1063398410720144,-6.2697720098690155
38.300000000000274,0.0,403.0,412.2429062013224,408.42579956496996,0.35171720433561093,PILOT_DESC_MINPAY_SLACK_CAP_ACC,caténaire,,6.743892032376609,0.5,6.743892032376609,0.44437587692791025,-0.895840432222475,0.036585374972728596,-0.9993305310747315,29.628931300326517,-404.1181373201444,0.0,-25.0,-0.018292687486364298,0.49966526553736573,0.015804118905583715,15.671334828326394,8.829000000000008,-0.0024885685807805834,-17.657999906136247,2.996822935794502,-6.0414511531459665,0.018292687486364298,-0.49966526553736573,0.2540984798379731,0.0,-5.551115123125783e-17,3.0151156232808667,-6.287017938845359
38.400000000000276,0.0,403.0,412.2780792513226,407.33239599342926,0.35173050000185296,PILOT_DESC_MINPAY_SLACK_CAP_ACC,caténaire,,6.7672150932315995,0.5,6.7672150932315995,0.4068107308852378,-0.9135124680247219,0.03659089734958857,-0.9993303288858755,29.627470647528455,-404.1528868641125,0.0,-25.0,-0.018295448674794285,0.49966516444293774,0.015822084919553406,15.671334800127651,8.829000000000008,-0.0024733637552408795,-17.658000035429417,2.7529757181351595,-6.181935361472147,0.018295448674794285,-0.49966516444293774,0.2541201598193673,0.0,-5.551115123125783e-17,2.771271166809954,-6.427480366095717
38.50000000000028,0.0,403.0,412.31325310919254,407.3796770693484,0.35173857869934144,PILOT_DESC_MINPAY_SLACK_CAP_ACC,caténaire,,6.826606075721469,0.5,6.826606075721469,0.37568797090880396,-0.9267462158079879,0.03657687270832955,-0.9993308423054292,29.626009170275807,-404.1876364080924,0.0,-25.0,-0.018288436354164776,0.4996654211527146,0.01583995127619631,15.671334810791905,8.829000000000008,-0.0024484850779684653,-17.65799976805539,2.5646737847815118,-6.32653134748669,0.018288436354164776,-0.4996654211527146,0.25414184029871656,0.0,-5.551115123125783e-17,2.5829622211356766,-6.572054928340688
38.60000000000028,0.0,403.0,412.34842855834904,408.04953988683167,0.3517544915648833,PILOT_DESC_MINPAY_SLACK_CAP_ACC,caténaire,,6.842912397546551,0.5,6.842912397546551,0.3521744660907885,-0.9359343702598317,0.03656278840174362,-0.9993313577108892,29.62454687686147,-404.22238595199497,0.0,-25.0,-0.01828139420087181,0.4996656788554446,0.015857647851638994,15.671334741064102,8.829000000000008,-0.002423746349232817,-17.65799958008046,2.409899020111994,-6.404516905540927,0.01828139420087181,-0.4996656788554446,0.25416352175890383,0.0,-5.551115123125783e-17,2.428180414312866,-6.650019062637468
38.70000000000028,0.0,403.0,412.38360632805035,407.5294744767454,0.351777697013152,PILOT_DESC_MINPAY_SLACK_CAP_ACC,caténaire,,6.793511818928943,0.5,6.793511818928943,0.3407671835565085,-0.940147715314442,0.03655878561175616,-0.9993315041539487,29.62308377553168,-404.25713549575755,0.0,-25.0,-0.01827939280587808,0.49966575207697433,0.01587517535714776,15.671334614785001,8.829000000000008,-0.0024042174487303204,-17.657999633138033,2.315005888994269,-6.386904615527705,0.01827939280587808,-0.49966575207697433,0.2541852046494296,0.0,-5.551115123125783e-17,2.3332852818001473,-6.6323851629552495
38.80000000000028,0.0,403.0,412.41878579251687,407.4683901932757,0.3517946446654135,PILOT_DESC_MINPAY_SLACK_CAP_ACC,caténaire,,6.7832154048854765,0.5,6.7832154048854765,0.3516815178897541,-0.936119709211786,0.03655712956948865,-0.9993315647359687,29.621619872796074,-404.29188503939787,0.0,-25.0,-0.018278564784744326,0.49966578236798437,0.015892571202409476,15.671334504502282,8.829000000000008,-0.00238599358233485,-17.65799971312974,2.385531489763287,-6.349901632342299,0.018278564784744326,-0.49966578236798437,0.2542068885845755,0.0,5.551115123125783e-17,2.4038100545480314,-6.595360526125708
38.90000000000028,0.0,403.0,412.45396626085034,407.1637959436189,0.3518046833349007,PILOT_DESC_MINPAY_SLACK_CAP_ACC,caténaire,,6.785799005661954,0.5,6.785799005661954,0.3831137015638224,-0.9237011917682398,0.03654814638686322,-0.9993318933145707,29.620155174729273,-404.3266345829426,0.0,-25.0,-0.01827407319343161,0.49966594665728536,0.015909844605823665,15.671334418265397,8.829000000000008,-0.0023642285876079444,-17.657999635077324,2.599732575127257,-6.268050628629684,0.01827407319343161,-0.49966594665728536,0.25422857313848557,0.0,-1.1102230246251565e-16,2.6180066483206885,-6.513488002148484
39.000000000000284,0.0,403.0,412.4891472762554,407.67658541472525,0.3518101540504464,PILOT_DESC_MINPAY_SLACK_CAP_ACC,caténaire,,6.806998167877048,0.5,6.806998167877048,0.4016412545132445,-0.9157970859710283,0.036534313233198334,-0.9993323991328303,29.618689688586276,-404.36138412636564,0.0,-25.0,-0.018267156616599167,0.49966619956641517,0.01592696969551473,15.671334308546651,8.829000000000008,-0.002340186921084439,-17.65799949188694,2.7339712836154946,-6.233829086351929,0.018267156616599167,-0.49966619956641517,0.2542502580295997,0.0,0.0,2.7522384402320936,-6.479245027888745
39.100000000000286,0.0,403.0,412.5243289103188,408.37172232844836,0.3518163406339008,PILOT_DESC_MINPAY_SLACK_CAP_ACC,caténaire,,6.747548459537301,0.5,6.747548459537301,0.4036117017719669,-0.9149303766914382,0.03653237291418986,-0.9993324700665231,29.617223422380974,-404.3961336696193,0.0,-25.0,-0.01826618645709493,0.4996662350332616,0.015943929712955714,15.671334155760736,8.829000000000008,-0.0023222567441392172,-17.657999609206012,2.723389516542664,-6.173537053828196,0.01826618645709493,-0.4996662350332616,0.2542719433020429,0.0,-5.551115123125783e-17,2.7416557029997586,-6.418931345559415
39.20000000000029,0.0,403.0,412.5595099763813,407.3274502628454,0.35181066062526617,PILOT_DESC_MINPAY_SLACK_CAP_ACC,caténaire,,6.757749514651043,0.5,6.757749514651043,0.3842019904152654,-0.9232490620417376,0.0365322769402696,-0.9993324735750158,29.61575638209009,-404.43088321274274,0.0,-25.0,-0.0182661384701348,0.4996662367875079,0.015960768706997686,15.671334038300156,8.829000000000008,-0.002305369763137114,-17.657999724912344,2.596340814256725,-6.239085900914583,0.0182661384701348,-0.4996662367875079,0.25429362822438134,0.0,5.551115123125783e-17,2.6146069527268594,-6.48445850947771
39.30000000000029,0.0,403.0,412.5946899063807,407.8073198512212,0.3517992999938113,PILOT_DESC_MINPAY_SLACK_CAP_ACC,caténaire,,6.791516593737398,0.5,6.791516593737398,0.3659692290780272,-0.930626951773929,0.036526681378778424,-0.9993326781144772,29.61428857334262,-404.4656327557745,0.0,-25.0,-0.018263340689389212,0.4996663390572386,0.015977494042026148,15.671333955600934,8.829000000000008,-0.0022858466473630636,-17.657999705341837,2.4854860920807047,-6.320368385551891,0.018263340689389212,-0.4996663390572386,0.25431531244647276,0.0,-5.551115123125783e-17,2.503749432770094,-6.565719412162657
39.40000000000029,0.0,403.0,412.62986900609616,407.7856288203268,0.35179099715425877,PILOT_DESC_MINPAY_SLACK_CAP_ACC,caténaire,,6.787963132108279,0.5,6.787963132108279,0.3659102376045378,-0.9306501480235152,0.036524161373588,-0.9993327702201886,29.612820002646266,-404.500382298708,0.0,-25.0,-0.018262080686794,0.4996663851100943,0.015994086385631146,15.671333867005611,8.829000000000008,-0.002267994301162854,-17.657999747884304,2.483785202520583,-6.317218893674734,0.018262080686794,-0.4996663851100943,0.2543369961567933,0.0,0.0,2.5020472832073772,-6.562548282628035
39.50000000000029,0.0,403.0,412.6650473879822,407.4620835778764,0.3517838188604607,PILOT_DESC_MINPAY_SLACK_CAP_ACC,caténaire,,6.85921673685196,0.5,6.85921673685196,0.38817376981132595,-0.9215862002170301,0.036529418320255275,-0.9993325780725772,29.61135067595181,-404.5351318415575,0.0,-25.0,-0.018264709160127637,0.4996662890362886,0.016010557654236646,15.67133379117663,8.829000000000008,-0.0022541515058909917,-17.657999919787088,2.662568018696767,-6.321359488980454,0.018264709160127637,-0.4996662890362886,0.2543586794246578,0.0,5.551115123125783e-17,2.680832727856895,-6.5666670985920845
39.60000000000029,0.0,403.0,412.7002265126615,407.78628523991836,0.35179124679308865,PILOT_DESC_MINPAY_SLACK_CAP_ACC,caténaire,,6.818278636002574,0.5,6.818278636002574,0.4161248635363179,-0.9093074826189878,0.03650649138443458,-0.9993334158762022,29.60988059787352,-404.5698813843802,0.0,-25.0,-0.01825324569221729,0.4996667079381011,0.01602693678932601,15.671333767079522,8.829000000000008,-0.0022263089028912823,-17.657999524982383,2.8372552669591626,-6.199911782298326,0.01825324569221729,-0.4996667079381011,0.2543803631503655,0.0,5.551115123125783e-17,2.85550851265138,-6.445198127086062
39.700000000000294,0.0,403.0,412.7354064321955,407.5940253513299,0.35179919533975146,PILOT_DESC_MINPAY_SLACK_CAP_ACC,caténaire,,6.716494269041607,0.5,6.716494269041607,0.4210733630484858,-0.9070265833651394,0.03650198208266636,-0.9993335805946064,29.608409777692263,-404.6046309270446,0.0,-25.0,-0.01825099104133318,0.4996667902973032,0.016043121833485843,15.671333624240074,8.829000000000008,-0.0022078692078473378,-17.65799958546263,2.8281368297612306,-6.092038849040348,0.01825099104133318,-0.4996667902973032,0.2544020473660062,0.0,5.551115123125783e-17,2.8463878208025637,-6.337303591971645
39.800000000000296,0.0,403.0,412.7705851107569,407.54484137091276,0.3517867856140411,PILOT_DESC_MINPAY_SLACK_CAP_ACC,caténaire,,6.794129965527969,0.5,6.794129965527969,0.39862466643717764,-0.9171141560939121,0.03649419714264503,-0.9993338649194842,29.606938221554604,-404.63938046957077,0.0,-25.0,-0.018247098571322513,0.4996669324597421,0.016059180889946702,15.671333499601634,8.829000000000008,-0.002187917681375811,-17.65799956793863,2.7083077912394202,-6.230992769727544,0.018247098571322513,-0.4996669324597421,0.25442373081673564,0.0,0.0,2.7265548898107426,-6.476235971370549
39.9000000000003,0.0,403.0,412.8057627980117,407.42736565892136,0.35177687254822554,PILOT_DESC_MINPAY_SLACK_CAP_ACC,caténaire,,6.732792068802444,0.5,6.732792068802444,0.38009208644270187,-0.9249486503712699,0.03648785061621553,-0.9993340966650786,29.60546593611105,-404.67413001195297,0.0,-25.0,-0.018243925308107766,0.4996670483325393,0.016075102752879267,15.67133336973361,8.829000000000008,-0.0021688225552284994,-17.657999581933858,2.559080985015996,-6.2274869372692105,0.018243925308107766,-0.4996670483325393,0.25444541365644296,0.0,-5.551115123125783e-17,2.577324910324104,-6.472708571945307
40.0000000000003,0.0,403.0,412.840938440669,407.8477787155239,0.3517564265726976,PILOT_DESC_MINPAY_SLACK_CAP_ACC,caténaire,,6.666053024975758,0.5,6.666053024975758,0.3575539264138787,-0.9338924936554628,0.03650517394285868,-0.9993334640025828,29.603992927726644,-404.7088795541958,0.0,-25.0,-0.01825258697142934,0.4996667320012914,0.016090893443111078,15.67133324401849,8.829000000000008,-0.0021616935283182634,-17.658000023980225,2.3834734327631955,-6.225376882334151,0.01825258697142934,-0.4996667320012914,0.25446709523590033,0.0,0.0,2.4017260197346246,-6.470576519099542
40.1000000000003,0.0,403.0,412.8761100956616,408.3776027033432,0.35171654992618223,PILOT_DESC_MINPAY_SLACK_CAP_ACC,caténaire,Fx:(t>40:5),6.676498795685904,0.5,6.676498795685904,0.357991404184677,-0.9337248816058632,0.036490592130910576,-0.9993339965626784,29.602519198777728,-404.7436290964466,5.0,-25.0,-0.018245296065455288,0.4996669982813392,0.016106639942301975,15.67133325124762,8.829000000000008,4.997861343876846,-17.65799975047105,2.390129178904902,-6.23401304754351,0.018245296065455288,-0.4996669982813392,0.25448877435743905,0.0,5.551115123125783e-17,2.408374474970357,-6.47919127146741
40.2000000000003,0.0,403.0,412.91127684788097,407.67981734879004,0.3516675221935711,PILOT_DESC_MINPAY_SLACK_CAP_ACC,caténaire,,6.759298819375457,0.5,6.759298819375457,0.3798971841025617,-0.9250287182087615,0.03650650348951178,-0.9993334154339933,29.602711423610106,-404.7783786386143,5.0,-25.0,-0.01825325174475589,0.49966670771699667,-0.00027402406393321955,15.671333176238967,8.829000000000008,4.981472724191311,-17.658000116044043,2.5678385879885055,-6.252545522876874,0.01825325174475589,-0.49966670771699667,0.254510450457004,0.0,5.551115123125783e-17,2.5860918397332613,-6.497701780136866
40.3000000000003,0.0,403.0,412.94644280746405,407.57976151250296,0.3516595958307572,PILOT_DESC_MINPAY_SLACK_CAP_ACC,caténaire,,6.772929317378266,0.5,6.772929317378266,0.3963622421304288,-0.9180942070470434,0.036520251204353156,-0.9993329131235351,29.604564139350547,-404.8131281808206,5.0,-25.0,-0.018260125602176578,0.49966645656176756,-0.025455832439923963,15.671333211102867,8.829000000000008,4.9562840419578995,-17.658000332335373,2.684533450026964,-6.218187171024072,0.018260125602176578,-0.49966645656176756,0.25453212606800346,0.0,5.551115123125783e-17,2.7027935756291406,-6.463321501517836
40.400000000000304,0.0,403.0,412.98161390285077,407.78676896016344,0.351710953867252,PILOT_DESC_MINPAY_SLACK_CAP_ACC,caténaire,,6.68193381631859,0.5,6.68193381631859,0.39160093690230946,-0.9201351564945409,0.03654721105543589,-0.9993319275216165,29.608068949771642,-404.84787772313774,5.0,-25.0,-0.018273605527717944,0.49966596376080824,-0.09109589018724547,15.671333311028954,8.829000000000008,4.890630504285037,-17.658000725210247,2.616651542789584,-6.148282217764471,0.018273605527717944,-0.49966596376080824,0.25455380484461204,0.0,5.551115123125783e-17,2.634925148317302,-6.393394376680668
40.500000000000306,0.0,403.0,413.01679508972217,408.11845946858773,0.35181186871386333,PILOT_DESC_MINPAY_SLACK_CAP_ACC,caténaire,,6.651788819947624,0.5,6.651788819947624,0.3683292851229061,-0.9296954005053746,0.03659255588465158,-0.9993302681565432,29.613203970360832,-404.8826272656966,5.0,-25.0,-0.01829627794232579,0.4996651340782716,-0.19554832472361708,15.671333529082137,8.829000000000008,4.786155397334057,-17.6580013368396,2.4500486208398473,-6.18413747103838,0.01829627794232579,-0.4996651340782716,0.25457548984141476,0.0,-5.551115123125783e-17,2.4683448987821732,-6.4292271152752365
40.60000000000031,0.0,403.0,413.0519918528973,408.2499887033796,0.35196763175139656,PILOT_DESC_MINPAY_SLACK_CAP_ACC,caténaire,,6.67640744090616,0.5,6.67640744090616,0.35555848440488663,-0.9346540344789083,0.03664686412377769,-0.9993282780697709,29.619934376082465,-404.9173768087011,5.0,-25.0,-0.018323432061888845,0.49966413903488544,-0.3359326464945131,15.671333930991123,8.829000000000008,4.645743921443598,-17.658001929974,2.373853310958102,-6.2401311504679455,0.018323432061888845,-0.49966413903488544,0.25459718443914703,0.0,5.551115123125783e-17,2.392176743019991,-6.4851981050636835
40.70000000000031,0.0,403.0,413.0872109860507,408.2430821583161,0.3521913315343172,PILOT_DESC_MINPAY_SLACK_CAP_ACC,caténaire,,6.80735366907626,0.5,6.80735366907626,0.36039550067142084,-0.932799594283679,0.03669564675025793,-0.9993264879455465,29.628213363111247,-404.9521263523489,5.0,-25.0,-0.018347823375128965,0.49966324397277323,-0.5083047000677268,15.671334511269981,8.829000000000008,4.473347476557144,-17.658002244757252,2.4533396338141724,-6.349896740659849,0.018347823375128965,-0.49966324397277323,0.25461889282529726,0.0,0.0,2.4716874571893013,-6.594941091807326
40.80000000000031,0.0,403.0,413.1224620272211,408.22674746478924,0.35251041170369096,PILOT_DESC_MINPAY_SLACK_CAP_ACC,caténaire,,6.882764466031078,0.5,6.882764466031078,0.3822652796660231,-0.924052626186332,0.03674624036599236,-0.9993246288463848,29.637983465965547,-404.98687589674495,5.0,-25.0,-0.01837312018299618,0.4996623144231924,-0.7078936109552648,15.671335186142816,8.829000000000008,4.273733268861739,-17.658002499433998,2.631041883482736,-6.360036580257984,0.01837312018299618,-0.4996623144231924,0.2546406208789262,0.0,-5.551115123125783e-17,2.649415003665732,-6.60505827380225
40.90000000000031,0.0,403.0,413.1577548480023,408.26728917312,0.3529282078117864,PILOT_DESC_MINPAY_SLACK_CAP_ACC,caténaire,,6.920671710955585,0.5,6.920671710955585,0.3963747303700838,-0.918088815487937,0.03680045317031876,-0.9993226339108201,29.649178146576133,-405.02162544197415,5.0,-25.0,-0.01840022658515938,0.49966131695541005,-0.9293796013840084,15.67133593761371,8.829000000000008,4.052220172030832,-17.65800274543089,2.7431793834098865,-6.353791293492087,0.01840022658515938,-0.49966131695541005,0.25466237468469166,0.0,-5.551115123125783e-17,2.761579609995046,-6.598790235762805
41.00000000000031,0.0,403.0,413.1930984436471,408.4509732840354,0.35343595644814,PILOT_DESC_MINPAY_SLACK_CAP_ACC,caténaire,,6.956772532192482,0.5,6.956772532192482,0.42316219670635136,-0.9060539472231525,0.03685492395316008,-0.999320626516038,29.661723567244064,-405.0563749881185,5.0,-25.0,-0.01842746197658004,0.499660313258019,-1.1671862913171527,15.671336763016603,8.829000000000008,3.8143862467062672,-17.658002923725387,2.943843146708977,-6.303211212726604,0.01842746197658004,-0.499660313258019,0.25468415978709186,0.0,-5.551115123125783e-17,2.9622706086855572,-6.5481873661975305
41.100000000000314,0.0,403.0,413.228500872844,408.33463973834273,0.3540242919688018,PILOT_DESC_MINPAY_SLACK_CAP_ACC,caténaire,,6.9340389778224925,0.5,6.9340389778224925,0.4344736458583556,-0.9006845458064373,0.036910337231702534,-0.9993185813370238,29.67554044999423,-405.0911245352374,5.0,-25.0,-0.018455168615851267,0.4996592906685119,-1.4157607420785634,15.671337642048409,8.829000000000008,3.5657840893055854,-17.658003067283087,3.0126571952184835,-6.245381747344185,0.018455168615851267,-0.4996592906685119,0.25470598115334503,0.0,-5.551115123125783e-17,3.031112363834335,-6.490335056859352
41.200000000000315,0.0,403.0,413.2639680950282,408.5591283623898,0.35467222184182645,PILOT_DESC_MINPAY_SLACK_CAP_ACC,caténaire,,6.989331525636533,0.5,6.989331525636533,0.42404257177413684,-0.9056422568118031,0.036964821629085876,-0.9993165674409334,29.690545927440834,-405.12587408337873,5.0,-25.0,-0.018482410814542938,0.4996582837204667,-1.6698188448182605,15.671338564249956,8.829000000000008,3.3116987443671966,-17.658003152029586,2.963774115112967,-6.329833976483353,0.018482410814542938,-0.4996582837204667,0.25472784245673075,0.0,5.551115123125783e-17,2.98225652592751,-6.5747644177470885
41.30000000000032,0.0,403.0,413.29950599221837,408.07371721735353,0.35537897190158224,PILOT_DESC_MINPAY_SLACK_CAP_ACC,caténaire,,7.002652549051478,0.5,7.002652549051478,0.39208237978836136,-0.9199301100950523,0.03702041112503339,-0.999314509631544,29.706655304468892,-405.1606236325708,5.0,-25.0,-0.018510205562516695,0.499657254815772,-1.9245412013695364,15.671339511932944,8.829000000000008,3.056948593067947,-17.658003233251293,2.7456166762631384,-6.441950930406326,0.018510205562516695,-0.499657254815772,0.2547497473228105,0.0,0.0,2.7641268818256552,-6.6868584378992875
41.40000000000032,0.0,403.0,413.33511925268147,408.25098786472324,0.35613260463081603,PILOT_DESC_MINPAY_SLACK_CAP_ACC,caténaire,,7.029636759877107,0.5,7.029636759877107,0.36970086847072925,-0.9291508315940897,0.037078139857133596,-0.9993123693544153,29.723783664361306,-405.19537318284057,5.0,-25.0,-0.018539069928566798,0.4996561846772076,-2.175711364671653,15.671340484020694,8.829000000000008,2.80574956539978,-17.658003331302105,2.5988628151603295,-6.531592841244197,0.018539069928566798,-0.4996561846772076,0.25477169864134047,0.0,0.0,2.6174018850888965,-6.776477327280064
41.50000000000032,0.0,403.0,413.3708117930025,408.90666984973376,0.35692540320998456,PILOT_DESC_MINPAY_SLACK_CAP_ACC,caténaire,,7.033887292659751,0.5,7.033887292659751,0.3578985355577875,-0.9337604822681196,0.03712767197145208,-0.9993105303027584,29.741847274108853,-405.2301227342208,5.0,-25.0,-0.01856383598572604,0.4996552651513792,-2.4197962825799513,15.671341485588986,8.829000000000008,2.561639881434323,-17.658003249259643,2.5174179613214553,-6.567965990613566,0.01856383598572604,-0.4996552651513792,0.25479369882642716,0.0,5.551115123125783e-17,2.535981797307181,-6.812827556938518
41.60000000000032,0.0,403.0,413.40658631604725,409.17934072045506,0.3577452304479414,PILOT_DESC_MINPAY_SLACK_CAP_ACC,caténaire,,6.985416149640119,0.5,6.985416149640119,0.3654935229946895,-0.9308138829266195,0.03718195264826211,-0.9993085121208877,29.760764763816876,-405.2648722866841,5.0,-25.0,-0.018590976324131054,0.49965425606044384,-2.6539744273830816,15.67134246249622,8.829000000000008,2.3274345962927874,-17.658003281443342,2.553124358115966,-6.502122330104835,0.018590976324131054,-0.49965425606044384,0.2548157495440645,0.0,5.551115123125783e-17,2.571715334440097,-6.746960836621214
41.70000000000032,0.0,403.0,413.44244346731097,408.72397850489693,0.35857151263731096,PILOT_DESC_MINPAY_SLACK_CAP_ACC,caténaire,,6.925113379355589,0.5,6.925113379355589,0.39317088078494533,-0.9194654199603107,0.03722676500515421,-0.9993068437508327,29.780458065056997,-405.29962184024123,5.0,-25.0,-0.018613382502577106,0.49965342187541634,-2.876118459452394,15.671343449042332,8.829000000000008,2.105268158045029,-17.65800312908226,2.7227529268968462,-6.3674022816219535,0.018613382502577106,-0.49965342187541634,0.2548378511921229,0.0,-5.551115123125783e-17,2.741366309399423,-6.612217852305247
41.800000000000324,0.0,403.0,413.47838217821146,408.7791477409526,0.35938710900521337,PILOT_DESC_MINPAY_SLACK_CAP_ACC,caténaire,,7.047267749555705,0.5,7.047267749555705,0.41148386608931387,-0.9114170439201756,0.03727532915539447,-0.999305033428911,29.800853122349803,-405.33437139484136,5.0,-25.0,-0.018637664577697236,0.4996525167144555,-3.0847472124200843,15.671344389803957,8.829000000000008,1.8966151230022184,-17.658003093481593,2.89983697895372,-6.42299994001405,0.018637664577697236,-0.4996525167144555,0.25486000311194923,0.0,5.551115123125783e-17,2.9184746435314173,-6.667792453616556
41.900000000000325,0.0,403.0,413.5144038062206,409.0268972504921,0.36021628009168927,PILOT_DESC_MINPAY_SLACK_CAP_ACC,caténaire,,7.142681382858937,0.5,7.142681382858937,0.43194326107478503,-0.9019007812459641,0.03732432463699421,-0.9993032046333047,29.82188038468361,-405.3691209504727,5.0,-25.0,-0.018662162318497107,0.49965160231665234,-3.2789529654648497,15.671345319901352,8.829000000000008,1.702384872216653,-17.658003077782002,3.0852330893302446,-6.441989919391478,0.018662162318497107,-0.49965160231665234,0.2548822061402627,0.0,-5.551115123125783e-17,3.103895251648742,-6.686759315567868
42.00000000000033,0.0,403.0,413.5505105051563,408.28833635392704,0.3610669893566,PILOT_DESC_MINPAY_SLACK_CAP_ACC,caténaire,,7.1077578594813975,0.5,7.1077578594813975,0.42437391292024396,-0.9054870413389478,0.03736353233367955,-0.9993017394418715,29.84347510864149,-405.4038705071299,5.0,-25.0,-0.018681766166839774,0.49965086972093575,-3.4583188744906823,15.671346245230621,8.829000000000008,1.522999359342478,-17.65800288504845,3.0163470149177383,-6.435982634735463,0.018681766166839774,-0.49965086972093575,0.2549044616046346,0.0,0.0,3.035028781084578,-6.680729042851765
42.10000000000033,0.0,403.0,413.5867021035054,408.6210093045332,0.36191598349066756,PILOT_DESC_MINPAY_SLACK_CAP_ACC,caténaire,,7.103927145704842,0.5,7.103927145704842,0.38902784781494476,-0.9212259948701363,0.03741412509897979,-0.999299846514087,29.86557749905248,-405.4386200647488,5.0,-25.0,-0.018707062549489895,0.4996499232570435,-3.622832148501552,15.671347112624298,8.829000000000008,1.3584607889489577,-17.658002964118666,2.763625488527718,-6.544322352286911,0.018707062549489895,-0.4996499232570435,0.2549267693993475,0.0,0.0,2.782332551077208,-6.789045506144607
42.20000000000033,0.0,403.0,413.6229774298228,408.8521322209254,0.3627532631743154,PILOT_DESC_MINPAY_SLACK_CAP_ACC,caténaire,,7.09611862300567,0.5,7.09611862300567,0.3607972423827116,-0.9326442783232153,0.03745531647818875,-0.9992983034447316,29.888132709726456,-405.4733696233558,5.0,-25.0,-0.018727658239094374,0.4996491517223658,-3.7727975117073185,15.671348003807491,8.829000000000008,1.208474830053587,-17.65800284447015,2.5602600308010506,-6.618154432049051,0.018727658239094374,-0.4996491517223658,0.25494912880234566,0.0,0.0,2.578987689040145,-6.862854454969072
