t,x_bat,L0,L,L_seg,dL/dt,Explain,mode_câble,Scénario,Tbat,Trov,Tmax,U_bat_x,U_bat_y,U_rov_x,U_rov_y,x_rov,y_rov,Fx_rov,Fy_rov,Tr_cable_rov_x,Tr_cable_rov_y,Trainee_rov_x,Trainee_rov_y,Poids_app_rov,Sigma_f_rov_x,Sigma_f_rov_y,Tr_bat_cable_x,Tr_bat_cable_y,Tr_rov_cable_x,Tr_rov_cable_y,Poids_app_cable_y,Trainee_cable_x,Trainee_cable_y,Sigma_f_cable_x,Sigma_f_cable_y
0.1,0.0,453.0,453.0,452.9964136024607,0.0,HISTORY_LT2,caténaire,,1.6670055834491881,0.03867936533063543,1.6670055834491881,0.01701939729385399,-0.9998551595685017,0.6329028927006054,-0.7742311853776015,29.999995918184833,-450.0014634195504,0.0,0.0,-0.02448028220558267,0.02994677086959117,4.94147271079354e-07,0.11070699208308983,8.829000000000008,-0.02447978805831159,-8.688346237047327,0.028371430315794602,-1.6667641336411712,0.02448028220558267,-0.02994677086959117,-1.6404195963254067,0.0,-2.220446049250313e-16,0.05285171252137727,-3.337130500836169
0.2,0.0,453.0,453.0,452.99649108612334,0.0,PILOT_ASC_HOLD_ACC,caténaire,,1.6670055834491881,0.03867936533063543,1.6670055834491881,0.017022938812767344,-0.9998550992789789,0.6319740255384011,-0.7749895683457863,29.999983677077243,-450.00581707948953,0.0,0.0,-0.02444435421327214,0.02997610464147812,1.1112484067860714e-06,0.24598961744366765,8.829000000000008,-0.024443242964865355,-8.553034277914861,0.028377334047597055,-1.6667640331382,0.02444435421327214,-0.02997610464147812,-1.6404195963254067,0.0,-2.220446049250313e-16,0.05282168826086919,-3.337159734105085
0.30000000000000004,0.0,453.0,453.0,452.9965459578224,0.0,PILOT_ASC_HOLD_ACC,caténaire,,1.6670055834491881,0.03867936533063543,1.6670055834491881,0.017029562576170446,-0.9998549864847724,0.630436868181734,-0.7762405266650326,29.999963289146184,-450.0129547668044,0.0,0.0,-0.02438489794230294,0.03002449091532165,3.0825919069269713e-06,0.6611847178979783,8.829000000000008,-0.024381815350396012,-8.137790791186708,0.028388375898173474,-1.6667638451096283,0.02438489794230294,-0.03002449091532165,-1.6404195963254067,0.0,-2.220446049250313e-16,0.05277327384047641,-3.3372079323503563
0.4,0.0,453.0,453.0,452.99757588266766,0.0,PILOT_ASC_HOLD_ACC,caténaire,,1.6670055834491881,0.03867936533063543,1.6670055834491881,0.017019660000716107,-0.9998551550967071,0.6282069941674177,-0.7780462534317212,29.99993477490287,-450.0227106793621,0.0,0.0,-0.024298647830661907,0.030094335280617703,6.029668324651765e-06,1.235217875577392,8.829000000000008,-0.024292618162337257,-7.563687789141998,0.028371868249600564,-1.6667641261866646,0.024298647830661907,-0.030094335280617703,-1.6404195963254067,0.0,-2.220446049250313e-16,0.05267051608026247,-3.3372780577926893
0.5,0.0,453.0,453.0,452.9980444857631,0.0,PILOT_ASC_HOLD_ACC,caténaire,,1.6670055834491881,0.03867936533063543,1.6670055834491881,0.017008479363847775,-0.9998553453523813,0.6255340568601715,-0.7801968621495831,29.99989816382839,-450.03487396537355,0.0,0.0,-0.02419526031204905,0.03017751946089913,9.940189663109104e-06,1.9200370441695536,8.829000000000008,-0.02418532012238594,-6.878785436369555,0.028353230065514535,-1.666764443343936,0.02419526031204905,-0.03017751946089913,-1.6404195963254067,0.0,-2.220446049250313e-16,0.05254849037756358,-3.337361559130242
0.6,0.0,453.0,453.0,452.9983401765932,0.0,PILOT_ASC_HOLD_ACC,caténaire,,1.6670055834491881,0.03867936533063543,1.6670055834491881,0.017004079123391372,-0.9998554201949228,0.6224219492966816,-0.7826818747318217,29.999853492423846,-450.04920525300184,0.0,0.0,-0.02407488596665259,0.030273638170418768,1.479888299206518e-05,2.6654969783920466,8.829000000000008,-0.024060087083660524,-6.133229383437542,0.028345894840105194,-1.6667645681068703,0.02407488596665259,-0.030273638170418768,-1.6404195963254067,0.0,-2.220446049250313e-16,0.052420780806757786,-3.337457802602696
0.7,0.0,453.0,453.0,452.99861227321855,0.0,PILOT_ASC_HOLD_ACC,caténaire,,1.6670055834491881,0.03867936533063543,1.6670055834491881,0.017005209612536657,-0.9998554009685768,0.6188768058430338,-0.7854880643202184,29.999800802684824,-450.0654527352064,0.0,0.0,-0.023937762067859438,0.030382179802695388,2.0588362963999358e-05,3.4259412389227095,8.829000000000008,-0.023917173704895437,-5.372676581274603,0.028347779371822413,-1.6667645360564445,0.023937762067859438,-0.030382179802695388,-1.6404195963254067,0.0,-2.220446049250313e-16,0.05228554143968185,-3.3375663121845465
0.7999999999999999,0.0,453.0,453.0,452.9988371340621,0.0,PILOT_ASC_HOLD_ACC,caténaire,,1.6670055834491881,0.03867936533063543,1.6670055834491881,0.017013238728210454,-0.9998552643797887,0.614942356899829,-0.7885720624587732,29.999740142584724,-450.08336599165807,0.0,0.0,-0.023785580079810485,0.03050146689337555,2.7288267670833527e-05,4.1644423724923785,8.829000000000008,-0.02375829181213965,-4.634056160614254,0.02836116395248079,-1.666764308362172,0.023785580079810485,-0.03050146689337555,-1.6404195963254067,0.0,-2.220446049250313e-16,0.052146744032291276,-3.337685371580954
0.8999999999999999,0.0,453.0,453.0,452.9990600226638,0.0,PILOT_ASC_HOLD_ACC,caténaire,,1.6670055834491881,0.03867936533063543,1.6670055834491881,0.017028845037843687,-0.9998549987056508,0.610667848666089,-0.7918868470971914,29.999671565270603,-450.10270656313594,0.0,0.0,-0.023620244814228846,0.030629680659397304,3.4876320857047755e-05,4.8545208966653695,8.829000000000008,-0.023585368493371797,-3.9438494226752407,0.028387179757776427,-1.6667638654819006,0.023620244814228846,-0.030629680659397304,-1.6404195963254067,0.0,-2.220446049250313e-16,0.05200742457200527,-3.337813142466705
0.9999999999999999,0.0,453.0,453.0,452.9992593580691,0.0,PILOT_ASC_HOLD_ACC,caténaire,,1.6670055834491881,0.03867936533063543,1.6670055834491881,0.0170522926683323,-0.999854599086664,0.6060922180675741,-0.7953943821764952,29.99959512845477,-450.1232550582894,0.0,0.0,-0.023443262326690854,0.030765349890139713,4.332862381599249e-05,5.479839195551814,8.829000000000008,-0.02339993370287486,-3.318395454558054,0.0284262670887196,-1.6667631993148184,0.023443262326690854,-0.030765349890139713,-1.6404195963254067,0.0,-2.220446049250313e-16,0.051869529415410454,-3.3379481455303646
1.0999999999999999,0.0,453.0,453.0,452.999453715199,0.0,PILOT_ASC_HOLD_ACC,caténaire,,1.6670055834491881,0.03867936533063543,1.6670055834491881,0.01708337860275146,-0.9998540684397472,0.6012665592721723,-0.7990485121073708,29.999510893963766,-450.1448151213676,0.0,0.0,-0.023256608907182515,0.030906689316701663,5.261985330623981e-05,6.0326457601595065,8.829000000000008,-0.023203989053876276,-2.7654475505238,0.028478087514963075,-1.6667623147234454,0.023256608907182515,-0.030906689316701663,-1.6404195963254067,0.0,-2.220446049250313e-16,0.05173469642214559,-3.3380886003655537
1.2,0.0,453.0,453.0,452.9996160664442,0.0,PILOT_ASC_HOLD_ACC,caténaire,,1.6670055834491881,0.03867936533063543,1.6670055834491881,0.017121804100850287,-0.9998534111680233,0.5962181954453033,-0.8028224357975718,29.999418927181267,-450.167214880535,0.0,0.0,-0.023061341398401082,0.03105266228984489,6.272370544085662e-05,6.511701257210636,8.829000000000008,-0.022998617692960226,-2.2862460804995264,0.028542143034840636,-1.6667612190478116,0.023061341398401082,-0.03105266228984489,-1.6404195963254067,0.0,-2.220446049250313e-16,0.05160348443324172,-3.3382334776630636
1.3,0.0,453.0,453.0,452.9997587595368,0.0,PILOT_ASC_HOLD_ACC,caténaire,,1.6670055834491881,0.03867936533063543,1.6670055834491881,0.017167013736160284,-0.9998526359616113,0.5909785568750009,-0.8066872661161457,29.99931929661812,-450.1903065755563,0.0,0.0,-0.022858675503939867,0.031202151473677924,7.36130634246968e-05,6.920211946079175,8.829000000000008,-0.02278506244051517,-1.877585902447155,0.0286175077493281,-1.6667599267743947,0.022858675503939867,-0.031202151473677924,-1.6404195963254067,0.0,-2.220446049250313e-16,0.05147618325326797,-3.33838167457348
1.4000000000000001,0.0,453.0,453.0,452.9999136646466,0.0,PILOT_ASC_HOLD_ACC,caténaire,,1.6670055834491881,0.03867936533063543,1.6670055834491881,0.017218331513915688,-0.9998517535414322,0.5855790720214644,-0.8106152912513312,29.99921207349466,-450.2139650075286,0.0,0.0,-0.022649826856692697,0.03135408499290968,8.526025548048614e-05,7.264064373173599,8.829000000000008,-0.02256456660121221,-1.5335815418334988,0.028703054771376565,-1.666758455775029,0.022649826856692697,-0.03135408499290968,-1.6404195963254067,0.0,-2.220446049250313e-16,0.051352881628069266,-3.3385321370933454
1.5000000000000002,0.0,453.0,453.0,453.00003208451676,0.0,PILOT_ASC_HOLD_ACC,caténaire,,1.6670055834491881,0.03867936533063543,1.6670055834491881,0.017275327657341938,-0.999850770392428,0.580031492170227,-0.8145940511020073,29.999097331390313,-450.23808533113436,0.0,0.0,-0.022435249988925814,0.03150798089873685,9.763720578318363e-05,7.5504707607652,8.829000000000008,-0.02233761278314263,-1.247021258336071,0.028798067660703194,-1.6667568168601496,0.022435249988925814,-0.03150798089873685,-1.6404195963254067,0.0,-2.220446049250313e-16,0.051233317649629004,-3.338684394084293
1.6000000000000003,0.0,453.0,453.0,453.00016367721565,0.0,PILOT_ASC_HOLD_ACC,caténaire,,1.6670055834491881,0.03867936533063543,1.6670055834491881,0.017337296514948253,-0.9998496977793975,0.5743599030350811,-0.818602896272382,29.998975146020037,-450.2625805722675,0.0,0.0,-0.02221587652076224,0.03166304048563572,0.00011071542708668645,7.787018525777895,8.829000000000008,-0.022105161093675555,-1.0103184337364777,0.028901370092332887,-1.666755028808239,0.02221587652076224,-0.03166304048563572,-1.6404195963254067,0.0,-2.220446049250313e-16,0.05111724661309513,-3.3388376656192813
1.7000000000000004,0.0,453.0,453.0,453.0002786772919,0.0,PILOT_ASC_HOLD_ACC,caténaire,,1.6670055834491881,0.03867936533063543,1.6670055834491881,0.017403852925388534,-0.9998485414818343,0.5685756459630108,-0.8226309833806075,29.99884559493006,-450.28737912927363,0.0,0.0,-0.021992145128305322,0.0318188443384784,0.00012446632412312715,7.9810602791745655,8.829000000000008,-0.021867678804182195,-0.8161208764869645,0.029012320000151172,-1.666753101253745,0.021992145128305322,-0.0318188443384784,-1.6404195963254067,0.0,-2.220446049250313e-16,0.051004465128456494,-3.33899154191763
1.8000000000000005,0.0,453.0,453.0,453.00037090565365,0.0,PILOT_ASC_HOLD_ACC,caténaire,,1.6670055834491881,0.03867936533063543,1.6670055834491881,0.01747460401837643,-0.999847307449693,0.5626910568067957,-0.8266672695768543,29.998708757371148,-450.3124224157719,0.0,0.0,-0.021764532954511383,0.031974965326842034,0.00013886102199576109,8.139362925871103,8.829000000000008,-0.021625671932515623,-0.6576621088020627,0.02913026246719713,-1.6667510441152753,0.021764532954511383,-0.031974965326842034,-1.6404195963254067,0.0,-2.220446049250313e-16,0.05089479542170851,-3.3391456057675244
1.9000000000000006,0.0,453.0,453.0,453.000468390907,0.0,PILOT_ASC_HOLD_ACC,caténaire,,1.6670055834491881,0.03867936533063543,1.6670055834491881,0.017549105769401448,-0.9998460025857454,0.5567212456409084,-0.8306993768217449,29.998564714064454,-450.3376627300891,0.0,0.0,-0.021533624447471124,0.032130924676019454,0.0001538706846918339,8.267939452543825,8.829000000000008,-0.02137975376277929,-0.5289296227801632,0.029254457302132574,-1.666748868899789,0.021533624447471124,-0.032130924676019454,-1.6404195963254067,0.0,-2.220446049250313e-16,0.0507880817496037,-3.339299389901215
2.0000000000000004,0.0,453.0,453.0,453.00057365038674,0.0,PILOT_ASC_HOLD_ACC,caténaire,,1.6670055834491881,0.03867936533063543,1.6670055834491881,0.01762706281859482,-0.9998446312584718,0.5506755625927349,-0.8347193688678699,29.99841354705557,-450.36306138599895,0.0,0.0,-0.02129978126417759,0.032286415416997775,0.00016946646128737498,8.372000368458874,8.829000000000008,-0.021130314802890213,-0.42471321612413604,0.02938441213840715,-1.6667465828895671,0.02129978126417759,-0.032286415416997775,-1.6404195963254067,0.0,-2.220446049250313e-16,0.05068419340258474,-3.3394525946319717
2.1000000000000005,0.0,453.0,453.0,453.00066736257367,0.0,PILOT_ASC_HOLD_ACC,caténaire,,1.6670055834491881,0.03867936533063543,1.6670055834491881,0.01770831624179679,-0.9998431954741106,0.5445566325855078,-0.8387240749538147,29.998255339571923,-450.38858710797695,0.0,0.0,-0.021063104934995466,0.03244131490673785,0.00018561957205236366,8.455977897860462,8.829000000000008,-0.0208774853629431,-0.34058078723280794,0.029519862048559192,-1.6667441894290205,0.021063104934995466,-0.03244131490673785,-1.6404195963254067,0.0,-2.220446049250313e-16,0.05058296698355466,-3.3396051006611653
2.2000000000000006,0.0,453.0,453.0,453.0007526500828,0.0,PILOT_ASC_HOLD_ACC,caténaire,,1.6670055834491881,0.03867936533063543,1.6670055834491881,0.017792684509909514,-0.9998416976591499,0.5383712418630018,-0.8427077820543069,29.998090175939094,-450.4142146756333,0.0,0.0,-0.020823857947526933,0.032595402169048035,0.00020230125391845224,8.523589922808872,8.829000000000008,-0.020621556693608482,-0.27281467502208656,0.02966050442256904,-1.666741692563118,0.020823857947526933,-0.032595402169048035,-1.6404195963254067,0.0,-2.220446049250313e-16,0.05048436237009597,-3.3397566910575724
2.3000000000000007,0.0,453.0,453.0,453.0008273220321,0.0,PILOT_ASC_HOLD_ACC,caténaire,,1.6670055834491881,0.03867936533063543,1.6670055834491881,0.017880050292751762,-0.9998401391230143,0.5321225762034818,-0.8466673277590022,29.99791814154532,-450.43992379263653,0.0,0.0,-0.02058216352565336,0.0327485548839033,0.00021948269486733333,8.577921970798796,8.829000000000008,-0.020362680830786028,-0.21832947431730787,0.02980614367036948,-1.6667390944746778,0.02058216352565336,-0.0327485548839033,-1.6404195963254067,0.0,-2.220446049250313e-16,0.050388307196022844,-3.339907245683988
2.400000000000001,0.0,453.0,453.0,453.00090103092487,0.0,PILOT_ASC_HOLD_ACC,caténaire,,1.6670055834491881,0.03867936533063543,1.6670055834491881,0.0179702945674619,-0.999838521218881,0.5258172858845571,-0.8505975440036244,29.99773932271896,-450.46569815190634,0.0,0.0,-0.020338278897891957,0.032900573153857436,0.00023713529645123774,8.621513757888792,8.829000000000008,-0.02010114360144072,-0.1745856689573575,0.029956581380185605,-1.666736397419454,0.020338278897891957,-0.032900573153857436,-1.6404195963254067,0.0,-2.220446049250313e-16,0.05029486027807756,-3.340056566898718
2.500000000000001,0.0,453.0,453.0,453.0009865003187,0.0,PILOT_ASC_HOLD_ACC,caténaire,,1.6670055834491881,0.03867936533063543,1.6670055834491881,0.018063316258448717,-0.9998368449930956,0.5194611983695409,-0.8544940394107383,29.997553806665973,-450.4915246685885,0.0,0.0,-0.020092429466825153,0.03305128712321834,0.00025523058307243794,8.656442333942675,8.829000000000008,-0.019837198883752717,-0.1395063789341151,0.03011164905844251,-1.6667336031417108,0.020092429466825153,-0.03305128712321834,-1.6404195963254067,0.0,-2.220446049250313e-16,0.05020407852526766,-3.340204486590336
2.600000000000001,0.0,453.0,453.0,453.0010631978297,0.0,PILOT_ASC_HOLD_ACC,caténaire,,1.6670055834491881,0.03867936533063543,1.6670055834491881,0.018159173577759147,-0.9998351086129017,0.5130522416757052,-0.8583573832102417,29.99736168144449,-450.51739285430426,0.0,0.0,-0.019844535089476062,0.033200718809437174,0.0002737401390082501,8.684397832210786,8.829000000000008,-0.01957079495046781,-0.11140144897978388,0.030271443744947467,-1.6667307085862326,0.019844535089476062,-0.033200718809437174,-1.6404195963254067,0.0,-2.220446049250313e-16,0.05011597883442353,-3.3403510237210767
2.700000000000001,0.0,453.0,453.0,453.00112489486617,0.0,PILOT_ASC_HOLD_ACC,caténaire,,1.6670055834491881,0.03867936533063543,1.6670055834491881,0.018257899778842165,-0.999833310655164,0.5065915040580908,-0.8621862026361599,29.997163035895966,-450.5432943089854,0.0,0.0,-0.019594637858858975,0.033348815114797294,0.00029263576008690473,8.706750132002089,8.829000000000008,-0.01930200209877207,-0.08890105288312178,0.030436020873385587,-1.6667277113806451,0.019594637858858975,-0.033348815114797294,-1.6404195963254067,0.0,-2.220446049250313e-16,0.05003065873224456,-3.3404961228208494
2.800000000000001,0.0,453.0,453.0,453.0012071546532,0.0,PILOT_ASC_HOLD_ACC,caténaire,,1.6670055834491881,0.03867936533063543,1.6670055834491881,0.018359376713484993,-0.9998314524392061,0.500088397313831,-0.8659743615558626,29.996957959618868,-450.56922230961385,0.0,0.0,-0.01934310181731363,0.033495338697582984,0.0003118893682401032,8.724606068874426,8.829000000000008,-0.019031212449073527,-0.07089859242799967,0.03060518349002649,-1.666724613724268,0.01934310181731363,-0.033495338697582984,-1.6404195963254067,0.0,-2.220446049250313e-16,0.04994828530734012,-3.3406395487472578
2.9000000000000012,0.0,453.0,453.0,453.0012876161789,0.0,PILOT_ASC_HOLD_ACC,caténaire,,1.6670055834491881,0.03867936533063543,1.6670055834491881,0.018463742993244697,-0.999829530567426,0.49354094128593773,-0.8697225645426192,29.99674654293121,-450.5951714783447,0.0,0.0,-0.019089850373624477,0.03364031681024112,0.00033147306932565393,8.738857745813378,8.829000000000008,-0.018758377304298822,-0.05650193737638887,0.030779162661109735,-1.6667214099532799,0.019089850373624477,-0.03364031681024112,-1.6404195963254067,0.0,-2.220446049250313e-16,0.04986901303473421,-3.340781323088928
3.0000000000000013,0.0,453.0,453.0,453.00136001280094,0.0,PILOT_ASC_HOLD_ACC,caténaire,,1.6670055834491881,0.03867936533063543,1.6670055834491881,0.018571090887840994,-0.9998275424208095,0.48694721653485024,-0.8734313987423179,29.99652887683465,-450.621137515275,0.0,0.0,-0.01883480928508751,0.03378377216320202,0.0003513591754526594,8.750222788628541,8.829000000000008,-0.018483450109634852,-0.04499343920826426,0.030958112200773276,-1.6667180957017695,0.01883480928508751,-0.03378377216320202,-1.6404195963254067,0.0,-2.220446049250313e-16,0.049792921485860786,-3.3409214641903784
3.1000000000000014,0.0,453.0,453.0,453.00142590918074,0.0,PILOT_ASC_HOLD_ACC,caténaire,,1.6670055834491881,0.03867936533063543,1.6670055834491881,0.018681497889366804,-0.9998254855906652,0.4803103243248755,-0.8770986217905787,29.996305052974865,-450.647116983645,0.0,0.0,-0.018578098506637847,0.03392561802323463,0.0003715202434671456,8.759277577150113,8.829000000000008,-0.0182065782631707,-0.03579680482665992,0.031142161288768688,-1.6667146669544346,0.018578098506637847,-0.03392561802323463,-1.6404195963254067,0.0,-2.220446049250313e-16,0.049720259795406535,-3.3410598813030763
3.2000000000000015,0.0,453.0,453.0,453.0014971471525,0.0,PILOT_ASC_HOLD_ACC,caténaire,,1.6670055834491881,0.03867936533063543,1.6670055834491881,0.018795006962389664,-0.9998233582554888,0.47363330265609094,-0.8807221438201063,29.99607516365808,-450.6731071373994,0.0,0.0,-0.01831983554619036,0.03406577355559833,0.0003919289105583698,8.766484460301369,8.829000000000008,-0.01792790663563199,-0.028449766143040733,0.031331381547269936,-1.6667111206748177,0.01831983554619036,-0.03406577355559833,-1.6404195963254067,0.0,-2.220446049250313e-16,0.04965121709346029,-3.3411964905558227
3.3000000000000016,0.0,453.0,453.0,453.00155124373276,0.0,PILOT_ASC_HOLD_ACC,caténaire,,1.6670055834491881,0.03867936533063543,1.6670055834491881,0.018911834158690286,-0.9998211552716586,0.4669123637220313,-0.8843035930061042,29.995839301806587,-450.6991057829572,0.0,0.0,-0.018059873893794976,0.03420430173707665,0.0004125581091325987,8.772213970338154,8.829000000000008,-0.017647315784662377,-0.022581727924777084,0.031526133135801784,-1.6667074482884725,0.018059873893794976,-0.03420430173707665,-1.6404195963254067,0.0,-2.220446049250313e-16,0.04958600702959676,-3.341331346350956
3.4000000000000017,0.0,453.0,453.0,453.00160322777094,0.0,PILOT_ASC_HOLD_ACC,caténaire,,1.6670055834491881,0.03867936533063543,1.6670055834491881,0.019032036023327085,-0.9998188743991617,0.4601513830021803,-0.8878404725631631,29.995597560945463,-450.72511116846505,0.0,0.0,-0.017798363450538476,0.034341105993594585,0.0004333809834379694,8.776762818701044,8.829000000000008,-0.017364982467100505,-0.017896075305369408,0.03172651031529233,-1.6667036460612852,0.017798363450538476,-0.034341105993594585,-1.6404195963254067,0.0,-2.220446049250313e-16,0.04952487376583081,-3.3414643483802866
3.5000000000000018,0.0,453.0,453.0,453.0016674292776,0.0,PILOT_ASC_HOLD_ACC,caténaire,,1.6670055834491881,0.03867936533063543,1.6670055834491881,0.019155678563560166,-0.9998165131556739,0.45335508374903344,-0.8913299995169617,29.99535003514813,-450.7511218951612,0.0,0.0,-0.017535486908829685,0.034476078681471664,0.0004543710548732903,8.780368468526818,8.829000000000008,-0.017081115853956393,-0.014155452791717593,0.03193262312021272,-1.666699709855207,0.017535486908829685,-0.034476078681471664,-1.6404195963254067,0.0,-2.220446049250313e-16,0.0494681100290424,-3.341595384862085
3.600000000000002,0.0,453.0,453.0,453.0017277730159,0.0,PILOT_ASC_HOLD_ACC,caténaire,,1.6670055834491881,0.03867936533063543,1.6670055834491881,0.019282990873664082,-0.9998140658457282,0.44652040716322045,-0.8947734495316632,29.995096819040178,-450.77713684643254,0.0,0.0,-0.017271125956250286,0.03460926914258808,0.0004755020345782525,8.783220856286743,8.829000000000008,-0.016795623921672033,-0.011169874570676086,0.03214485345199776,-1.666695630175863,0.017271125956250286,-0.03460926914258808,-1.6404195963254067,0.0,-2.220446049250313e-16,0.049415979408248045,-3.3417244956438577
3.700000000000002,0.0,453.0,453.0,453.00178246263823,0.0,PILOT_ASC_HOLD_ACC,caténaire,,1.6670055834491881,0.03867936533063543,1.6670055834491881,0.019414148813603132,-0.9998115276520088,0.43964756438517094,-0.8981703731086808,29.994838007786896,-450.80315513109,0.0,0.0,-0.01700528875957809,0.03474065999062379,0.0004967478919450718,8.7854718497276,8.829000000000008,-0.016508540867633016,-0.008787490281784827,0.03236349447018985,-1.666691398992761,0.01700528875957809,-0.03474065999062379,-1.6404195963254067,0.0,-2.220446049250313e-16,0.04936878322976794,-3.3418516553087914
3.800000000000002,0.0,453.0,453.0,453.0018467975816,0.0,PILOT_ASC_HOLD_ACC,caténaire,,1.6670055834491881,0.03867936533063543,1.6670055834491881,0.019549249384826883,-0.9998088951637157,0.4327410063663476,-0.9015182867857093,29.994573697060478,-450.82917603802923,0.0,0.0,-0.01673814747879079,0.03487015516683301,0.0005180829473003411,8.787242846052003,8.829000000000008,-0.016220064531490448,-0.006886998781171272,0.032588707876747024,-1.6666870106200782,0.01673814747879079,-0.03487015516683301,-1.6404195963254067,0.0,-2.220446049250313e-16,0.04932685535553781,-3.341976762112318
3.900000000000002,0.0,453.0,453.0,453.00189373938827,0.0,PILOT_ASC_HOLD_ACC,caténaire,,1.6670055834491881,0.03867936533063543,1.6670055834491881,0.019688634649739266,-0.9998061600458505,0.42579488172684987,-0.9048197161286982,29.99430398302744,-450.8551989999865,0.0,0.0,-0.01646947578622753,0.03499785235850376,0.0005394818117255991,8.788630857303051,8.829000000000008,-0.01592999397450193,-0.005371290338452184,0.03282106389160651,-1.6666824511633254,0.01646947578622753,-0.03499785235850376,-1.6404195963254067,0.0,-2.220446049250313e-16,0.04929053967783403,-3.342099899847236
4.000000000000002,0.0,453.0,453.0,453.0019533775548,0.0,PILOT_ASC_HOLD_ACC,caténaire,,1.6670055834491881,0.03867936533063543,1.6670055834491881,0.019832347036245306,-0.9998033196639398,0.41881744507683966,-0.9080704530482799,29.994028962339627,-450.88122356457706,0.0,0.0,-0.01619959296497042,0.03512358879941005,0.0005609193846239756,8.789713392498209,8.829000000000008,-0.015638673580346443,-0.00416301870238911,0.03306063324232288,-1.666677716230821,0.01619959296497042,-0.03512358879941005,-1.6404195963254067,0.0,-2.220446049250313e-16,0.0492602262072933,-3.3422209013556383
4.100000000000001,0.0,453.0,453.0,453.00199893222367,0.0,PILOT_ASC_HOLD_ACC,caténaire,,1.6670055834491881,0.03867936533063543,1.6670055834491881,0.01998076753500508,-0.999800364537197,0.4118026049035399,-0.9112730735595446,29.993748732091692,-450.90724937117324,0.0,0.0,-0.01592826339917134,0.03524746412818064,0.0005823710036149404,8.7905523793659,8.829000000000008,-0.0153458923955564,-0.0032001565059260884,0.03330805104245374,-1.6666727900180411,0.01592826339917134,-0.03524746412818064,-1.6404195963254067,0.0,-2.220446049250313e-16,0.04923631444162508,-3.342339850471628
4.200000000000001,0.0,453.0,453.0,453.00205273842676,0.0,PILOT_ASC_HOLD_ACC,caténaire,,1.6670055834491881,0.03867936533063543,1.6670055834491881,0.02013400963908396,-0.9997972902823118,0.4047566006388984,-0.9144244606522964,29.993463389825706,-450.9332761324138,0.0,0.0,-0.015655728426098057,0.03536935778083944,0.0006038122681498925,8.791197278153932,8.829000000000008,-0.015051916157948163,-0.002433364065236532,0.033563506485572735,-1.6666676652179826,0.015655728426098057,-0.03536935778083944,-1.6404195963254067,0.0,-2.220446049250313e-16,0.049219234911670795,-3.3424566193242287
4.300000000000001,0.0,453.0,453.0,453.0020986298682,0.0,PILOT_ASC_HOLD_ACC,caténaire,,1.6670055834491881,0.03867936533063543,1.6670055834491881,0.02029243645216514,-0.9997940873113997,0.3976762421179816,-0.9175258069694393,29.993173033500273,-450.9593036194522,0.0,0.0,-0.015381864652195638,0.035489315888057024,0.0006252191970510754,8.791687598143254,8.829000000000008,-0.014756645455144563,-0.001823085968696958,0.03382760486754712,-1.6666623258475886,0.015381864652195638,-0.035489315888057024,-1.6404195963254067,0.0,-2.220446049250313e-16,0.04920946951974276,-3.342571238061052
4.4,0.0,453.0,453.0,453.00213997109825,0.0,PILOT_ASC_HOLD_ACC,caténaire,,1.6670055834491881,0.03867936533063543,1.6670055834491881,0.020456316190703185,-0.9997907476706843,0.3905630720564491,-0.920576171072133,29.99287776148452,-450.9853316501643,0.0,0.0,-0.015106731748726683,0.03560730203557657,0.0006465681373292327,8.792054891328425,8.829000000000008,-0.01446016361139745,-0.0013378066360072438,0.034100793306704236,-1.666656758647869,0.015106731748726683,-0.03560730203557657,-1.6404195963254067,0.0,-2.220446049250313e-16,0.04920752505543092,-3.3426836570088527
4.5,0.0,453.0,453.0,453.00218444443306,0.0,PILOT_ASC_HOLD_ACC,caténaire,,1.6670055834491881,0.03867936533063543,1.6670055834491881,0.02062590917251976,-0.9997872633069532,0.3834195265775678,-0.923574288641165,29.992577672567624,-451.0113600797269,0.0,0.0,-0.014830423943393024,0.03572326732033335,0.000667835703261984,8.792324350228068,8.829000000000008,-0.01416258824013104,-0.0009523824516062263,0.034383505754306265,-1.6666509501940747,0.014830423943393024,-0.03572326732033335,-1.6404195963254067,0.0,-2.220446049250313e-16,0.04921392969769929,-3.3427938138398146
4.6,0.0,453.0,453.0,453.00222835631945,0.0,PILOT_ASC_HOLD_ACC,caténaire,,1.6670055834491881,0.03867936533063543,1.6670055834491881,0.02080157531367014,-0.9997836238229098,0.3762455181121459,-0.926519999838386,29.99227286589616,-451.0373887931221,0.0,0.0,-0.0145529378490739,0.03583720555988921,0.000688999105272486,8.79251610685546,8.829000000000008,-0.013863938743801414,-0.0006466875846573572,0.03467634219242692,-1.6666448831538534,0.0145529378490739,-0.03583720555988921,-1.6404195963254067,0.0,-2.220446049250313e-16,0.04922928004150082,-3.3429016850391493
4.699999999999999,0.0,453.0,453.0,453.0022666216189,0.0,PILOT_ASC_HOLD_ACC,caténaire,,1.6670055834491881,0.03867936533063543,1.6670055834491881,0.020983715554205706,-0.9997798176006256,0.3690403690174965,-0.9294133666111275,29.99196344097302,-451.06341769912746,0.0,0.0,-0.01427424725498026,0.0359491191503276,0.000710035895182106,8.792646235017386,8.829000000000008,-0.013564211359798153,-0.00040464583229393725,0.034979970990370486,-1.666638538160054,0.01427424725498026,-0.0359491191503276,-1.6404195963254067,0.0,-2.220446049250313e-16,0.04925421824535074,-3.343007253635788
4.799999999999999,0.0,453.0,453.0,453.0023040367255,0.0,PILOT_ASC_HOLD_ACC,caténaire,,1.6670055834491881,0.03867936533063543,1.6670055834491881,0.021172694569083775,-0.9997758333770047,0.361805904772541,-0.9322534458352637,29.991649497644225,-451.0894467255235,0.0,0.0,-0.013994422769478205,0.03605897161220591,0.0007309240279606401,8.792727571896226,8.829000000000008,-0.013263498741517565,-0.00021345649157566982,0.035295000063326955,-1.6666318964370321,0.013994422769478205,-0.03605897161220591,-1.6404195963254067,0.0,-2.220446049250313e-16,0.04928942283280516,-3.3431104643746448
4.899999999999999,0.0,453.0,453.0,453.00234140335124,0.0,PILOT_ASC_HOLD_ACC,caténaire,,1.6670055834491881,0.03867936533063543,1.6670055834491881,0.02136893706641129,-0.9997716581943359,0.3545433205366926,-0.9350395894628293,29.991331136077825,-451.1154758152686,0.0,0.0,-0.013713510620575312,0.03616673787944014,0.0007516419089001384,8.792770371190452,8.829000000000008,-0.012961868711675173,-6.289093011524471e-05,0.035622137402081935,-1.6666249363842112,0.013713510620575312,-0.03616673787944014,-1.6404195963254067,0.0,-2.220446049250313e-16,0.04933564802265725,-3.343211270589058
4.999999999999998,0.0,453.0,453.0,453.0023833997266,0.0,PILOT_ASC_HOLD_ACC,caténaire,,1.6670055834491881,0.03867936533063543,1.6670055834491881,0.021572876572668338,-0.9997672784185229,0.3472542346479849,-0.9377710256342123,29.99100845674865,-451.1415049234442,0.0,0.0,-0.013431573404559607,0.036272388096990384,0.0007721683773279286,8.792782823014239,8.829000000000008,-0.012659405027231677,5.521111122064326e-05,0.0359621056976983,-1.6666176352734767,0.013431573404559607,-0.036272388096990384,-1.6404195963254067,0.0,-2.220446049250313e-16,0.049393679102257906,-3.343309619695874
5.099999999999998,0.0,453.0,453.0,453.00241869914083,0.0,PILOT_ASC_HOLD_ACC,caténaire,,1.6670055834491881,0.03867936533063543,1.6670055834491881,0.021785119682340186,-0.9997626761189008,0.3399364955309005,-0.9404483925267618,29.990681560421265,-451.1675340148154,0.0,0.0,-0.013148527899855617,0.03637594694915145,0.0007924827248809864,8.792771469776516,8.829000000000008,-0.012356045174974632,0.00014741672566032094,0.03631591614656989,-1.6666099632143099,0.013148527899855617,-0.03637594694915145,-1.6404195963254067,0.0,-2.220446049250313e-16,0.04946444404642551,-3.3434055064888684
5.1999999999999975,0.0,453.0,453.0,453.00244222777656,0.0,PILOT_ASC_HOLD_ACC,caténaire,,1.6670055834491881,0.03867936533063543,1.6670055834491881,0.02200628325245371,-0.9997578324261394,0.33258928653129133,-0.9430717716508148,29.990350548149173,-451.193563061878,0.0,0.0,-0.012864342518799202,0.036477417588691455,0.0008125646256265292,8.792741534463774,8.829000000000008,-0.012051777893172673,0.0002189520524584765,0.03668459705280469,-1.666601888751432,0.012864342518799202,-0.036477417588691455,-1.6404195963254067,0.0,-2.220446049250313e-16,0.04954893957160389,-3.34349890266553
5.299999999999997,0.0,453.0,453.0,453.0024871625156,0.0,PILOT_ASC_HOLD_ACC,caténaire,,1.6670055834491881,0.03867936533063543,1.6670055834491881,0.02223669168285075,-0.9997527342013133,0.32522217002899817,-0.9456376367941525,29.990015521268145,-451.2195920433026,0.0,0.0,-0.012579387128173653,0.03657666362395976,0.0008323941696637056,8.792697188792129,8.829000000000008,-0.011746992958509948,0.0002738524160807998,0.037068689192750325,-1.6665933899821814,0.012579387128173653,-0.03657666362395976,-1.6404195963254067,0.0,-2.220446049250313e-16,0.04964807632092398,-3.3435896499315483
5.399999999999997,0.0,453.0,453.0,453.0025124305407,0.0,PILOT_ASC_HOLD_ACC,caténaire,,1.6670055834491881,0.03867936533063543,1.6670055834491881,0.022477402447271082,-0.9997473512739223,0.3178247355635373,-0.9481494805482771,29.989676581322954,-451.2456209427117,0.0,0.0,-0.012293259057974657,0.036673820146179016,0.0008519522042850545,8.792641778529152,8.829000000000008,-0.011441306853689603,0.00031559867532315877,0.03746995538103534,-1.6665844166121653,0.012293259057974657,-0.036673820146179016,-1.6404195963254067,0.0,-2.220446049250313e-16,0.049763214439009995,-3.343677833083751
5.4999999999999964,0.0,453.0,453.0,453.00253528011416,0.0,PILOT_ASC_HOLD_ACC,caténaire,,1.6670055834491881,0.03867936533063543,1.6670055834491881,0.022729019456162524,-0.9997416624681407,0.3104021772894791,-0.9506053273225176,29.989333830119495,-451.2716497476645,0.0,0.0,-0.01200615921480443,0.03676881074075593,0.00087121972149366,8.792577963422069,8.829000000000008,-0.01113493949331077,0.00034677416281780893,0.037889402339748156,-1.6665749333411641,0.01200615921480443,-0.03676881074075593,-1.6404195963254067,0.0,-2.220446049250313e-16,0.04989556155455259,-3.3437633404073273
5.599999999999996,0.0,453.0,453.0,453.0025633504359,0.0,PILOT_ASC_HOLD_ACC,caténaire,,1.6670055834491881,0.03867936533063543,1.6670055834491881,0.02299230357344617,-0.9997356420456291,0.3029570177589094,-0.9530042210770253,29.988987369684963,-451.2976784488759,0.0,0.0,-0.011718185169376661,0.03686159842867592,0.0008901783192732334,8.792507875454021,8.829000000000008,-0.010828006850103428,0.00036947388268870895,0.03832829843329349,-1.6665648972632228,0.011718185169376661,-0.03686159842867592,-1.6404195963254067,0.0,-2.220446049250313e-16,0.05004648360267015,-3.343846092017306
5.699999999999996,0.0,453.0,453.0,453.00259458150435,0.0,PILOT_ASC_HOLD_ACC,caténaire,,1.6670055834491881,0.03867936533063543,1.6670055834491881,0.023268200203129145,-0.9997292587792492,0.2954892700665761,-0.9553460583869712,29.988637302245063,-451.3237070395858,0.0,0.0,-0.011429337428187893,0.03695217920953223,0.0009088101277376822,8.792433220728391,8.829000000000008,-0.01052052730045021,0.00038539993791530947,0.03878821965542982,-1.6665542563225269,0.011429337428187893,-0.03695217920953223,-1.6404195963254067,0.0,-2.220446049250313e-16,0.05021755708361771,-3.3439260318574657
5.799999999999995,0.0,453.0,453.0,453.0026169400563,0.0,PILOT_ASC_HOLD_ACC,caténaire,,1.6670055834491881,0.03867936533063543,1.6670055834491881,0.023557883518731598,-0.9997224745518719,0.2879959675606173,-0.9576316215898595,29.988283730218516,-451.3497355150519,0.0,0.0,-0.011139501243026947,0.037040583343643,0.0009270977277284777,8.79235536238419,8.829000000000008,-0.010212403515298469,0.0003959457278259748,0.03927112335997118,-1.6665429469776094,0.011139501243026947,-0.037040583343643,-1.6404195963254067,0.0,-2.220446049250313e-16,0.05041062460299813,-3.344003126646659
5.899999999999995,0.0,453.0,453.0,453.0026368745775,0.0,PILOT_ASC_HOLD_ACC,caténaire,,1.6670055834491881,0.03867936533063543,1.6670055834491881,0.023862450686334982,-0.9997152511826767,0.2804792784299456,-0.9598600806218671,29.987926756207365,-451.37576387214506,0.0,0.0,-0.010848760478064878,0.037126778724666375,0.0009450241774290367,8.792275390378386,8.829000000000008,-0.009903736300635842,0.0004021691030438035,0.03977883852890133,-1.6665309055808297,0.010848760478064878,-0.037126778724666375,-1.6404195963254067,0.0,-2.220446049250313e-16,0.05062759900696621,-3.344077280630903
5.999999999999995,0.0,453.0,453.0,453.00265879499415,0.0,PILOT_ASC_HOLD_ACC,caténaire,,1.6670055834491881,0.03867936533063543,1.6670055834491881,0.024183158591745902,-0.9997075446551987,0.2729405417364329,-0.9620309042211806,29.987566483003793,-451.4017921090226,0.0,0.0,-0.010557166927365035,0.037210744803732584,0.0009625729294702926,8.792194173871598,8.829000000000008,-0.009594593997894743,0.00040491867532388426,0.04031346039787762,-1.666518058756495,0.010557166927365035,-0.037210744803732584,-1.6404195963254067,0.0,-2.220446049250313e-16,0.050870627325242654,-3.3441483998856345
6.099999999999994,0.0,453.0,453.0,453.0026864988646,0.0,PILOT_ASC_HOLD_ACC,caténaire,,1.6670055834491881,0.03867936533063543,1.6670055834491881,0.02452142620921621,-0.9996993046194771,0.2653809926361004,-0.9641436245432928,29.987203013560322,-451.42782022487705,0.0,0.0,-0.010264768365978397,0.037292463484913024,0.0009797280294754106,8.792112412192504,8.829000000000008,-0.009285040336502987,0.00040487567740932207,0.04087735440490068,-1.666504322570939,0.010264768365978397,-0.037292463484913024,-1.6404195963254067,0.0,-2.220446049250313e-16,0.05114212277087908,-3.3442163823812585
6.199999999999994,0.0,453.0,453.0,453.002704907485,0.0,PILOT_ASC_HOLD_ACC,caténaire,,1.6670055834491881,0.03867936533063543,1.6670055834491881,0.024879132579741805,-0.9996904664755384,0.2577963070996378,-0.9661992879555382,29.986836450977794,-451.4538482197307,0.0,0.0,-0.009971397543195575,0.037371975241032085,0.0009964740291602883,8.792030665947326,8.829000000000008,-0.008974923514035288,0.0004026411883497616,0.04147365292180219,-1.666489589335646,0.009971397543195575,-0.037371975241032085,-1.6404195963254067,0.0,-2.220446049250313e-16,0.05144505046499777,-3.344281160902085
6.299999999999994,0.0,453.0,453.0,453.0027278929155,0.0,PILOT_ASC_HOLD_ACC,caténaire,,1.6670055834491881,0.03867936533063543,1.6670055834491881,0.02525799656602191,-0.9996809659133611,0.25019010522284346,-0.9681967316865837,29.986466898515218,-451.479876094266,0.0,0.0,-0.009677194482024481,0.03744923509683258,0.0010127958715729062,8.791949381177977,8.829000000000008,-0.008664398610451575,0.00039861627480242134,0.04210522130229895,-1.6664737518454504,0.009677194482024481,-0.03744923509683258,-1.6404195963254067,0.0,-2.220446049250313e-16,0.05178241578432343,-3.3443425832676894
6.399999999999993,0.0,453.0,453.0,453.00274460299573,0.0,PILOT_ASC_HOLD_ACC,caténaire,,1.6670055834491881,0.03867936533063543,1.6670055834491881,0.025660368810312525,-0.999670718523114,0.24255887119611502,-0.9701366883094704,29.986094459584574,-451.50590384969496,0.0,0.0,-0.009382023193181077,0.037524271387774796,0.0010286789743482077,8.791868915554966,8.829000000000008,-0.008353344218832869,0.00039318694273227095,0.04277597808015638,-1.6664566693886926,0.009382023193181077,-0.037524271387774796,-1.6404195963254067,0.0,-2.220446049250313e-16,0.05215800127333746,-3.3444005371018743
6.499999999999993,0.0,453.0,453.0,453.0027558679838,0.0,PILOT_ASC_HOLD_ACC,caténaire,,1.6670055834491881,0.03867936533063543,1.6670055834491881,0.026088778599275293,-0.9996596298896929,0.23490197010404784,-0.9720190658836056,29.98571923776846,-451.53193148764905,0.0,0.0,-0.009085859118540467,0.03759708055765497,0.0010441091061106284,8.791789552473075,8.829000000000008,-0.008041750012429839,0.0003866330307218391,0.043490139590361604,-1.666438184574867,0.009085859118540467,-0.03759708055765497,-1.6404195963254067,0.0,-2.220446049250313e-16,0.052575998708902075,-3.344454861457929
6.5999999999999925,0.0,453.0,453.0,453.0027751366162,0.0,PILOT_ASC_HOLD_ACC,caténaire,,1.6670055834491881,0.03867936533063543,1.6670055834491881,0.026545923257381678,-0.9996475948845238,0.22722217729998334,-0.9738429453166743,29.9853413368129,-451.5579590100983,0.0,0.0,-0.008788809607008473,0.037667627056565664,0.0010590725244891137,8.791711520638081,8.829000000000008,-0.007729737082519359,0.00037914769463931464,0.044252202287868914,-1.6664181221540533,0.008788809607008473,-0.037667627056565664,-1.6404195963254067,0.0,-2.220446049250313e-16,0.053041011894877386,-3.3445053455360254
6.699999999999992,0.0,453.0,453.0,453.0027903590254,0.0,PILOT_ASC_HOLD_ACC,caténaire,,1.6670055834491881,0.03867936533063543,1.6670055834491881,0.02703544355790366,-0.9996344755917671,0.21951433864981462,-0.9756092738013177,29.984960860620326,-451.583986419286,0.0,0.0,-0.008490675299949004,0.03773594752131709,0.0010735559791908522,8.791635004705379,8.829000000000008,-0.0074171193207581525,0.00037095222668881433,0.04506823536205078,-1.666396252219777,0.008490675299949004,-0.03773594752131709,-1.6404195963254067,0.0,-2.220446049250313e-16,0.05355891066199979,-3.3445517960665008
6.799999999999992,0.0,453.0,453.0,453.0028028510099,0.0,PILOT_ASC_HOLD_ACC,caténaire,,1.6670055834491881,0.03867936533063543,1.6670055834491881,0.02756136343772514,-0.9996201134658373,0.21177671054458083,-0.9773180776343579,29.98457791328421,-451.61001371766895,0.0,0.0,-0.008191388755674074,0.037802042969053644,0.0010875464791664264,8.791560148737231,8.829000000000008,-0.007103842276507648,0.00036219170627660446,0.04594494673816012,-1.6663723104756618,0.008191388755674074,-0.037802042969053644,-1.6404195963254067,0.0,-2.220446049250313e-16,0.05413633549383419,-3.344593949770122
6.8999999999999915,0.0,453.0,453.0,453.0028172863289,0.0,PILOT_ASC_HOLD_ACC,caténaire,,1.6670055834491881,0.03867936533063543,1.6670055834491881,0.028128397739216493,-0.9996043183383236,0.2040077286618377,-0.9789692776825216,29.984192599114653,-451.63604090787226,0.0,0.0,-0.007890889467184364,0.03786591033895054,0.001101031340675604,8.791487066572115,8.829000000000008,-0.00678985812650876,0.0003529769110581782,0.046890196084753415,-1.6663459799099052,0.007890889467184364,-0.03786591033895054,-1.6404195963254067,0.0,-2.220446049250313e-16,0.05478108555193778,-3.3446314865742623
6.999999999999991,0.0,453.0,453.0,453.0028284899921,0.0,PILOT_ASC_HOLD_ACC,caténaire,,1.6670055834491881,0.03867936533063543,1.6670055834491881,0.02874244560800223,-0.9995868505640073,0.19620203248878365,-0.9805634923080047,29.983805022662768,-451.6620679926549,0.0,0.0,-0.007588970093246865,0.037927573548865036,0.0011139981929110154,8.791415848545668,8.829000000000008,-0.006474971900335849,0.0003434220945255362,0.04791381731052431,-1.6663168610325894,0.007588970093246865,-0.037927573548865036,-1.6404195963254067,0.0,-2.220446049250313e-16,0.055502787403771174,-3.344664030906861
7.099999999999991,0.0,453.0,453.0,453.0028362396525,0.0,PILOT_ASC_HOLD_ACC,caténaire,,1.6670055834491881,0.03867936533063543,1.6670055834491881,0.029410564092835583,-0.9995674157953236,0.18835448471036473,-0.9821011088933221,29.98341528877401,-451.6880949748777,0.0,0.0,-0.007285431925775783,0.037987047582506976,0.0011264348099978528,8.791346563449714,8.829000000000008,-0.00615899711577793,0.0003336110322127439,0.04902757455514713,-1.6662844631646807,0.007285431925775783,-0.037987047582506976,-1.6404195963254067,0.0,-2.220446049250313e-16,0.05631300648092291,-3.3446911070725944
7.19999999999999,0.0,453.0,453.0,453.0028482644486,0.0,PILOT_ASC_HOLD_ACC,caténaire,,1.6670055834491881,0.03867936533063543,1.6670055834491881,0.030141218147823386,-0.9995456502674428,0.1804607389083303,-0.9835821885905922,29.983023502647193,-451.71412185747886,0.0,0.0,-0.006980106848071724,0.038044334805201474,0.00113832907374998,8.791279263563275,8.829000000000008,-0.005841777774321743,0.00032359836846929113,0.05024557894438158,-1.6662481799081768,0.006980106848071724,-0.038044334805201474,-1.6404195963254067,0.0,-2.220446049250313e-16,0.0572256857924533,-3.3447121110387847
7.29999999999999,0.0,453.0,453.0,453.0028568049723,0.0,PILOT_ASC_HOLD_ACC,caténaire,,1.6670055834491881,0.03867936533063543,1.6670055834491881,0.03094548302637617,-0.9995210738550059,0.17250964320137765,-0.9850078289041836,29.982629769909337,-451.74014864345367,0.0,0.0,-0.006672563512443655,0.038099477667720955,0.0011496688770576775,8.791213987379402,8.829000000000008,-0.005522894635385977,0.000313465047115713,0.051586292987501156,-1.6662072108914232,0.006672563512443655,-0.038099477667720955,-1.6404195963254067,0.0,-2.220446049250313e-16,0.05825885649994481,-3.344726284884551
7.39999999999999,0.0,453.0,453.0,453.0028654018422,0.0,PILOT_ASC_HOLD_ACC,caténaire,,1.6670055834491881,0.03867936533063543,1.6670055834491881,0.03183711789219232,-0.9994930704733869,0.16449043687448459,-0.9863786778802758,29.982234196739952,-451.76617533583317,0.0,0.0,-0.006362385701264015,0.03815250123608035,0.001160441829413312,8.79115075906788,8.829000000000008,-0.005201943871850702,0.00030326030395322334,0.053072653287214645,-1.666160529097909,0.006362385701264015,-0.03815250123608035,-1.6404195963254067,0.0,-2.220446049250313e-16,0.05943503898847866,-3.344732626659396
7.499999999999989,0.0,453.0,453.0,452.7859589900025,0.0,PILOT_ASC_HOLD_ACC,caténaire,,1.6670055834491881,0.03867936533063543,1.6670055834491881,0.06580921239358165,-0.9978322241560134,0.0670555919038763,-0.9977492408388097,29.981837284139008,-451.79220189078086,0.0,0.0,-0.002593667736712031,0.038592307394768474,0.001168313768439333,8.791057917413754,8.829000000000008,-0.0014253539682726978,0.0006502248085151763,0.10970432450249411,-1.6633918890135961,0.002593667736712031,-0.038592307394768474,-1.6404195963254067,0.0,-2.220446049250313e-16,0.11229799223920614,-3.342403792733771
7.599999999999989,0.0,453.0,453.0,452.8118793997362,0.0,PILOT_ASC_HOLD_ACC,caténaire,,1.6670055834491881,0.03867936533063543,1.6670055834491881,0.06613273465237855,-0.9978108344808639,0.06621169008569266,-0.9978055983486945,29.981439825442393,-451.8182282564206,0.0,0.0,-0.0025610261499833184,0.038594487267482436,0.0011715308494552245,8.790930031778071,8.829000000000008,-0.0013894953005280939,0.0005245190455465121,0.11024363791427866,-1.6633562323056938,0.0025610261499833184,-0.038594487267482436,-1.6404195963254067,0.0,-2.220446049250313e-16,0.11280466406426198,-3.3423703158985827
7.699999999999989,0.0,453.0,453.0,452.83782215410434,0.0,PILOT_ASC_HOLD_ACC,caténaire,,1.6670055834491881,0.03867936533063543,1.6670055834491881,0.06613028793823451,-0.9978109966407497,0.06620701813370597,-0.99780590835585,29.98104190253558,-451.84425446559715,0.0,0.0,-0.0025608454418456178,0.03859449925836246,0.0011742690165120824,8.790824334919213,8.829000000000008,-0.0013865764253335354,0.00041883417756771735,0.11023955922813944,-1.6633565026271289,0.0025608454418456178,-0.03859449925836246,-1.6404195963254067,0.0,-2.220446049250313e-16,0.11280040466998506,-3.3423705982108984
7.799999999999988,0.0,453.0,453.0,452.86376476375017,0.0,PILOT_ASC_HOLD_ACC,caténaire,,1.6670055834491881,0.03867936533063543,1.6670055834491881,0.06612564065979831,-0.9978113046299542,0.06620234571534422,-0.9978062183719774,29.98064351639311,-451.870280549854,0.0,0.0,-0.002560664715668826,0.03859451124958951,0.0011770046212945223,8.790739947316382,8.829000000000008,-0.0013836600943743038,0.0003344585659643684,0.11023181218903845,-1.6633570160468523,0.002560664715668826,-0.03859451124958951,-1.6404195963254067,0.0,-2.220446049250313e-16,0.11279247690470727,-3.3423711236218487
7.899999999999988,0.0,453.0,453.0,452.8897072532061,0.0,PILOT_ASC_HOLD_ACC,caténaire,,1.6670055834491881,0.03867936533063543,1.6670055834491881,0.06612097796909562,-0.9978116136187283,0.06619767282914427,-0.9978065283971667,29.980244667986668,-451.89630653437456,0.0,0.0,-0.0025604839713963498,0.038594523241167064,0.0011797376605917043,8.79067257230017,8.829000000000008,-0.0013807463108046454,0.0002670955413304199,0.11022403945760316,-1.663357531132864,0.0025604839713963498,-0.038594523241167064,-1.6404195963254067,0.0,-2.220446049250313e-16,0.11278452342899951,-3.3423716506994383
7.999999999999988,0.0,453.0,453.0,452.9156496426065,0.0,PILOT_ASC_HOLD_ACC,caténaire,,1.6670055834491881,0.03867936533063543,1.6670055834491881,0.06611631464346614,-0.9978119226276896,0.06619299947438759,-0.997806838431459,29.979845358287083,-451.92233243926455,0.0,0.0,-0.0025603032090003963,0.03859453523309672,0.0011824681195300704,8.79061877949975,8.829000000000008,-0.001377835089470326,0.00021331473283936475,0.11021626566774137,-1.663358046252528,0.0025603032090003963,-0.03859453523309672,-1.6404195963254067,0.0,-2.220446049250313e-16,0.11277656887674177,-3.342372177811032
8.099999999999987,0.0,453.0,453.0,452.9415919480335,0.0,PILOT_ASC_HOLD_ACC,caténaire,,1.6670055834491881,0.03867936533063543,1.6670055834491881,0.06611165080681036,-0.9978122316486195,0.06618832565094071,-0.9978071484748569,29.979445588264294,-451.9483582805759,0.0,0.0,-0.0025601224284758036,0.03859454722537858,0.001185195983428044,8.790575830386175,8.829000000000008,-0.0013749264450477596,0.00017037761154448106,0.11020849102599589,-1.6633585613921436,0.0025601224284758036,-0.03859454722537858,-1.6404195963254067,0.0,-2.220446049250313e-16,0.1127686134544717,-3.342372704942929
8.199999999999987,0.0,453.0,453.0,452.9675341823444,0.0,PILOT_ASC_HOLD_ACC,caténaire,,1.6670055834491881,0.03867936533063543,1.6670055834491881,0.06610698647983689,-0.9978125406801392,0.0661836513591449,-0.997807458527331,29.979045358887365,-451.974384071124,0.0,0.0,-0.0025599416298357717,0.0385945592180115,0.0011879212376279147,8.790541538469249,8.829000000000008,-0.001372020392207857,0.0001360976872533115,0.11020071556688808,-1.6633590765494124,0.0025599416298357717,-0.0385945592180115,-1.6404195963254067,0.0,-2.220446049250313e-16,0.11276065719672386,-3.3423732320928305
8.299999999999986,0.0,453.0,453.0,452.9934763558174,0.0,PILOT_ASC_HOLD_ACC,caténaire,,1.6670055834491881,0.03867936533063543,1.6670055834491881,0.06610232167913957,-0.9978128497211426,0.06617897659970974,-0.9978077685888274,29.978644671124464,-452.0004098211403,0.0,0.0,-0.0025597608131077464,0.03859457121099339,0.0011906438676432673,8.79051415822808,8.829000000000008,-0.0013691169454644791,0.00010872943906470312,0.11019293931807998,-1.6633595917224904,0.0025597608131077464,-0.03859457121099339,-1.6404195963254067,0.0,-2.220446049250313e-16,0.11275270013118772,-3.3423737592588907
8.399999999999986,0.0,453.0,453.0,452.9999999999999,0.0,PILOT_ASC_HOLD_ACC,straight,,1.6670055834491881,0.03867936533063543,1.6670055834491881,0.06617742634759978,-0.99780787140712,0.06617742634760009,-0.9978078714071201,29.9783741354627,-452.0069657474254,0.0,0.0,-0.002559700850340042,0.0385945751879397,0.0005427736604195717,0.5577966391960486,8.829000000000008,-0.0020169271899204704,-8.23260878561602,0.11031813921974624,-1.6633512928452185,0.002559700850340042,-0.0385945751879397,-1.6404195963254067,0.0,-2.220446049250313e-16,0.11287784007008629,-3.342365464358565
8.499999999999986,0.0,453.0,453.0,453.0,0.0,PILOT_ASC_HOLD_ACC,straight,,1.6670055834491881,0.03867936533063543,1.6670055834491881,0.0661772592525496,-0.9978078824893202,0.06617725925255026,-0.9978078824893202,29.978298441404963,-452.006970767662,0.0,0.0,-0.002559694387209565,0.03859457561659216,4.2490642234917924e-05,3.2708161881553897e-07,8.829000000000008,-0.002517203744974647,-8.790405097301797,0.11031786067136462,-1.6633513113193081,0.002559694387209565,-0.03859457561659216,-1.6404195963254067,0.0,-2.220446049250313e-16,0.11287755505857419,-3.3423654832613074
8.599999999999985,0.0,453.0,453.0,453.00000000000006,0.0,PILOT_ASC_HOLD_ACC,straight,,1.6670055834491881,0.03867936533063543,1.6670055834491881,0.06617709215569977,-0.9978078935716113,0.06617709215570099,-0.9978078935716111,29.978222746531994,-452.00697578793995,0.0,0.0,-0.0025596879240094867,0.038594576045248144,4.249155749450893e-05,3.2708701113123014e-07,8.829000000000008,-0.002517196366514978,-8.79040509686775,0.11031758211998298,-1.6633513297935492,0.0025596879240094867,-0.038594576045248144,-1.6404195963254067,0.0,-2.220446049250313e-16,0.11287727004399246,-3.3423655021642045
8.699999999999985,0.0,453.0,453.0,453.0,0.0,PILOT_ASC_HOLD_ACC,straight,,1.6670055834491881,0.03867936533063543,1.6670055834491881,0.06617709215569977,-0.9978078935716113,0.06617709215570099,-0.9978078935716111,29.97822274653199,-452.0069757879399,0.0,0.0,-0.0025596879240094867,0.038594576045248144,9.360307956990505e-26,-4.193417964731745e-23,8.829000000000008,-0.0025596879240094867,-8.790405423954759,0.11031758211998298,-1.6633513297935492,0.0025596879240094867,-0.038594576045248144,-1.6404195963254067,0.0,-2.220446049250313e-16,0.11287727004399246,-3.3423655021642045
8.799999999999985,0.0,453.0,453.0,453.00000000000017,0.0,PILOT_ASC_HOLD_ACC,straight,,1.6670055834491881,0.03867936533063543,1.6670055834491881,0.0661769250570696,-0.9978079046539925,0.06617692505706954,-0.9978079046539925,29.978147050852527,-452.0069808082586,0.0,0.0,-0.0025596814607404747,0.03859457647390762,4.2492462955751486e-05,3.2709232201307036e-07,8.829000000000008,-0.0025171889977847234,-8.790405096433778,0.1103173035656335,-1.6633513482679407,0.0025596814607404747,-0.03859457647390762,-1.6404195963254067,0.0,-2.220446049250313e-16,0.11287698502637397,-3.342365521067255
8.899999999999984,0.0,453.0,453.0,452.99999999999983,0.0,PILOT_ASC_HOLD_ACC,straight,,1.6670055834491881,0.03867936533063543,1.6670055834491881,0.06617675795667839,-0.9978079157364624,0.066176757956679,-0.9978079157364623,29.978071354375306,-452.0069858286174,0.0,0.0,-0.002559674997403422,0.03859457690257052,4.249335861833209e-05,3.2709754405189823e-07,8.829000000000008,-0.0025171816387850898,-8.790405095999892,0.11031702500834836,-1.66335136674248,0.002559674997403422,-0.03859457690257052,-1.6404195963254067,0.0,-2.220446049250313e-16,0.11287670000575178,-3.3423655399704577
8.999999999999984,0.0,453.0,453.0,452.99999999999983,0.0,PILOT_ASC_HOLD_ACC,straight,,1.6670055834491881,0.03867936533063543,1.6670055834491881,0.06617659085454541,-0.9978079268190195,0.06617659085454455,-0.9978079268190198,29.977995657109076,-452.0069908490159,0.0,0.0,-0.002559668533998916,0.03859457733123681,4.24942444659855e-05,3.271027142817611e-07,8.829000000000008,-0.0025171742895329307,-8.790405095566056,0.11031674644815968,-1.6633513852171644,0.002559668533998916,-0.03859457733123681,-1.6404195963254067,0.0,-2.220446049250313e-16,0.1128764149821586,-3.3423655588738077
9.099999999999984,0.0,453.0,453.0,452.9999999999999,0.0,PILOT_ASC_HOLD_ACC,straight,,1.6670055834491881,0.03867936533063543,1.6670055834491881,0.06617642375069002,-0.997807937901663,0.0661764237506913,-0.9978079379016631,29.977919959062586,-452.00699586945336,0.0,0.0,-0.002559662070527928,0.03859457775990642,4.249512050239335e-05,3.2710779566496403e-07,8.829000000000008,-0.0025171669500255347,-8.790405095132305,0.11031646788509973,-1.663351403691993,0.002559662070527928,-0.03859457775990642,-1.6404195963254067,0.0,-2.220446049250313e-16,0.11287612995562765,-3.342365577777306
9.199999999999983,0.0,453.0,453.0,452.9999999999999,0.0,PILOT_ASC_HOLD_ACC,straight,,1.6670055834491881,0.03867936533063543,1.6670055834491881,0.06617625664513153,-0.9978079489843913,0.06617625664513285,-0.9978079489843912,29.97784426024459,-452.0070008899293,0.0,0.0,-0.002559655606990984,0.0385945781885793,4.249598671528537e-05,3.2711281042148444e-07,8.829000000000008,-0.0025171596202756986,-8.790405094698619,0.1103161893192007,-1.663351422166963,0.002559655606990984,-0.0385945781885793,-1.6404195963254067,0.0,-2.220446049250313e-16,0.11287584492619168,-3.342365596680949
9.299999999999983,0.0,453.0,453.0,452.9999999999998,0.0,PILOT_ASC_HOLD_ACC,straight,,1.6670055834491881,0.03867936533063543,1.6670055834491881,0.06617625664513153,-0.9978079489843913,0.06617625664513285,-0.9978079489843912,29.977844260244588,-452.00700088992926,0.0,0.0,-0.002559655606990984,0.0385945781885793,9.360307956990505e-26,-4.193417964731745e-23,8.829000000000008,-0.002559655606990984,-8.790405421811428,0.1103161893192007,-1.663351422166963,0.002559655606990984,-0.0385945781885793,-1.6404195963254067,0.0,-2.220446049250313e-16,0.11287584492619168,-3.342365596680949
9.399999999999983,0.0,453.0,453.0,452.99999999999994,0.0,PILOT_ASC_HOLD_ACC,straight,,1.6670055834491881,0.03867936533063543,1.6670055834491881,0.06617608953788927,-0.9978079600672031,0.06617608953788837,-0.9978079600672032,29.97776856066384,-452.007005910443,0.0,0.0,-0.0025596491433888253,0.03859457861725544,4.2496843112338734e-05,3.2711773632757255e-07,8.829000000000008,-0.0025171523002764868,-8.790405094265015,0.11031591075049481,-1.6633514406420722,0.0025596491433888253,-0.03859457861725544,-1.6404195963254067,0.0,-2.220446049250313e-16,0.11287555989388363,-3.3423656155847343
9.499999999999982,0.0,453.0,453.0,453.00000000000006,0.0,PILOT_ASC_HOLD_ACC,straight,,1.6670055834491881,0.03867936533063543,1.6670055834491881,0.06617592242898258,-0.9978079711500972,0.06617592242898257,-0.9978079711500972,29.977692860329103,-452.007010930994,0.0,0.0,-0.0025596426797224077,0.038594579045934746,4.249768967730069e-05,3.271225881961412e-07,8.829000000000008,-0.002517144990045107,-8.790405093831485,0.11031563217901433,-1.6633514591173186,0.0025596426797224077,-0.038594579045934746,-1.6404195963254067,0.0,-2.220446049250313e-16,0.11287527485873673,-3.34236563448866
9.599999999999982,0.0,453.0,453.0,452.99999999999983,0.0,PILOT_ASC_HOLD_ACC,straight,,1.6670055834491881,0.03867936533063543,1.6670055834491881,0.06617575531843081,-0.9978079822330724,0.06617575531843232,-0.9978079822330721,29.977617159249153,-452.00701595158176,0.0,0.0,-0.0025596362159923843,0.03859457947461718,4.249852639791025e-05,3.271273808405716e-07,8.829000000000008,-0.002517137689594474,-8.79040509339801,0.11031535360479147,-1.6633514775927,0.0025596362159923843,-0.03859457947461718,-1.6404195963254067,0.0,-2.220446049250313e-16,0.11287498982078385,-3.342365653392724
9.699999999999982,0.0,453.0,453.0,452.9999999999997,0.0,PILOT_ASC_HOLD_ACC,straight,,1.6670055834491881,0.03867936533063543,1.6670055834491881,0.06617558820625331,-0.9978079933161271,0.0661755882062528,-0.9978079933161271,29.977541457432746,-452.00702097220557,0.0,0.0,-0.0025596297521993413,0.038594579903302714,4.2499353293821546e-05,3.2713207722172105e-07,8.829000000000008,-0.00251713039890552,-8.790405092964628,0.11031507502785852,-1.663351496068214,0.0025596297521993413,-0.038594579903302714,-1.6404195963254067,0.0,-2.220446049250313e-16,0.11287470478005786,-3.342365672296924
9.799999999999981,0.0,453.0,453.0,453.0000000000001,0.0,PILOT_ASC_HOLD_ACC,straight,,1.6670055834491881,0.03867936533063543,1.6670055834491881,0.06617542109246946,-0.9978080043992603,0.06617542109246959,-0.9978080043992603,29.977465754888666,-452.0070259928649,0.0,0.0,-0.0025596232883442686,0.03859458033199127,4.2500170336824184e-05,3.271367069679963e-07,8.829000000000008,-0.0025171231180074445,-8.790405092531309,0.11031479644824776,-1.663351514543859,0.0025596232883442686,-0.03859458033199127,-1.6404195963254067,0.0,-2.220446049250313e-16,0.11287441973659203,-3.342365691201257
9.89999999999998,0.0,453.0,453.0,452.99999999999994,0.0,PILOT_ASC_HOLD_ACC,straight,,1.6670055834491881,0.03867936533063543,1.6670055834491881,0.06617525397709866,-0.9978080154824708,0.0661752539770984,-0.9978080154824708,29.97739005162569,-452.0070310135592,0.0,0.0,-0.0025596168244277745,0.03859458076068282,4.25009775306229e-05,3.2714126267031014e-07,8.829000000000008,-0.0025171158468971517,-8.790405092098062,0.11031451786599156,-1.6633515330196327,0.0025596168244277745,-0.03859458076068282,-1.6404195963254067,0.0,-2.220446049250313e-16,0.11287413469041933,-3.3423657101057227
9.99999999999998,0.0,453.0,453.0,453.00000000000006,0.0,PILOT_ASC_HOLD_ACC,straight,,1.6670055834491881,0.03867936533063543,1.6670055834491881,0.06617508686016028,-0.997808026565757,0.06617508686016015,-0.997808026565757,29.977314347652605,-452.00703603428786,0.0,0.0,-0.0025596103604506666,0.038594581189377294,4.250177486695861e-05,3.271457443271152e-07,8.829000000000008,-0.002517108585583708,-8.790405091664885,0.1103142392811222,-1.6633515514955326,0.0025596103604506666,-0.038594581189377294,-1.6404195963254067,0.0,-2.220446049250313e-16,0.11287384964157288,-3.342365729010317
10.09999999999998,0.0,453.0,453.0,452.99999999999994,0.0,PILOT_ASC_HOLD_ACC,straight,,1.6670055834491881,0.03867936533063543,1.6670055834491881,0.06617491974167372,-0.9978080376491179,0.06617491974167403,-0.9978080376491176,29.977238642978193,-452.0070410550503,0.0,0.0,-0.002559603896413688,0.03859458161807465,4.250256234954289e-05,3.271501445291168e-07,8.829000000000008,-0.002517101334064145,-8.790405091231788,0.110313960693672,-1.663351569971557,0.002559603896413688,-0.03859458161807465,-1.6404195963254067,0.0,-2.220446049250313e-16,0.11287356459008568,-3.3423657479150384
10.19999999999998,0.0,453.0,453.0,453.0,0.0,PILOT_ASC_HOLD_ACC,straight,Fy:(t>10:-25),1.6670055834491881,0.03867936533063543,1.6670055834491881,0.06617489363913204,-0.9978080393802455,0.06617489363913182,-0.9978080393802455,29.977226818526812,-452.0070418392512,0.0,-25.0,-0.002559602886783922,0.03859458168503358,1.0368876957715995e-06,7.98109415790092e-09,8.829000000000008,-0.0025585659990881504,-33.79040541033388,0.11031391718058928,-1.6633515728573567,0.002559602886783922,-0.03859458168503358,-1.6404195963254067,0.0,-2.220446049250313e-16,0.1128735200673732,-3.3423657508677973
10.29999999999998,0.0,453.0,453.005,453.0000000040369,0.04999999999999982,PILOT_DESC_ADD_SLACK_ACC,straight,,1.6670055834491881,0.03867936533063543,1.6670055834491881,0.06611553447119863,-0.9978119743226115,0.06617562088563995,-0.9978079911487981,29.975436688911653,-452.01217154000295,0.0,-25.0,-0.002559631016217296,0.03859457981947181,0.023765046913744287,0.3415008831771586,8.829000000000008,0.021205415897526992,-33.44890453700338,0.11021496511621537,-1.6633581324282514,0.002559631016217296,-0.03859457981947181,-1.6404377025019665,0.0,-4.440892098500626e-16,0.11277459613243267,-3.34239041474969
10.399999999999979,0.0,453.0,453.015,453.00500000283944,0.09999999999999964,PILOT_DESC_ADD_SLACK_ACC,straight,,1.6670055834491881,0.03867936533063543,1.6670055834491881,0.06612207106119758,-0.9978115411832927,0.06617021156259013,-0.9978083498857694,29.973427583753036,-452.0223267316356,0.0,-25.0,-0.0025594217870348606,0.03859459369519017,0.02993471024063922,1.3383941080657529,8.829000000000008,0.02737528845360436,-32.452011298239064,0.11022586164824034,-1.6633574103825886,0.0025594217870348606,-0.03859459369519017,-1.640473914855086,0.0,-4.440892098500626e-16,0.1127852834352752,-3.342425918932865
10.499999999999979,0.0,453.0,453.03,453.01500000483924,0.14999999999999947,PILOT_DESC_ADD_SLACK_ACC,straight,,1.6670055834491881,0.03867936533063543,1.6670055834491881,0.06610282395115362,-0.9978128164468938,0.06616431593601382,-0.9978087408400065,29.971343282791025,-452.0374978713879,0.0,-25.0,-0.0025591937479406625,0.038594608817051936,0.03221740666977507,2.98706166141494,8.829000000000008,0.02965821292183441,-30.803343729768017,0.11019377660833181,-1.6633595362541318,0.0025591937479406625,-0.038594608817051936,-1.6405282333847655,0.0,-4.440892098500626e-16,0.11275297035627248,-3.3424823784559496
10.599999999999978,0.0,453.0,453.04999999999995,453.0300000151697,0.1999999999999993,PILOT_DESC_ADD_SLACK_ACC,straight,,1.6670055834491881,0.03867936533063543,1.6670055834491881,0.06604672289705892,-0.997816531429781,0.06615752440851866,-0.9978091911603822,29.96931531846805,-452.0576762309675,0.0,-25.0,-0.002558931055967524,0.03859462623515827,0.03049933301370528,5.284202882896865,8.829000000000008,0.027940401957737757,-28.506202490867985,0.11010025583791855,-1.6633657291513473,0.002558931055967524,-0.03859462623515827,-1.6406006580910053,0.0,4.440892098500626e-16,0.11265918689388607,-3.34256101347751
10.699999999999978,0.0,453.0,453.07499999999993,453.05000000112443,0.2499999999999991,PILOT_DESC_ADD_SLACK_ACC,caténaire,,1.6670055834491881,0.03867936533063543,1.6670055834491881,0.06612121009640225,-0.9978115982365546,0.06615012762050096,-0.9978096815604625,29.970969071658562,-452.0576762309675,0.0,-25.0,-0.002558644952901514,0.03859464520352213,-0.02028201554583423,-0.0,8.829000000000008,-0.022840660498735742,-33.79040535479648,0.11022442641511938,-1.6633575054906946,0.002558644952901514,-0.03859464520352213,-1.6406911889738043,0.0,4.440892098500626e-16,0.1127830713680209,-3.3426433396680206
10.799999999999978,0.0,453.0,453.1049999999999,453.05010970098965,0.29999999999999893,PILOT_DESC_ADD_SLACK_ACC,caténaire,,1.6670055834491881,0.03867936533063543,1.6670055834491881,0.06604943480475177,-0.9978163519215211,0.06665742556865405,-0.9977759205435653,29.970565942945374,-452.10499242253996,0.0,-25.0,-0.002578266915569609,0.03859333934881563,0.0012051946236855224,29.055431720318328,8.829000000000008,-0.0013730722918840865,-4.734974940332865,0.11010477660318434,-1.6633654299100757,0.002578266915569609,-0.03859333934881563,-1.6407998260331635,0.0,4.440892098500626e-16,0.11268304351875394,-3.342758595292054
10.899999999999977,0.0,453.0,453.13999999999993,453.0972953151507,0.34999999999999876,PILOT_DESC_ADD_SLACK_ACC,straight,,1.6670055834491881,0.03867936533063543,1.6670055834491881,0.06599125371271687,-0.9978202014558655,0.0661459828930708,-0.9978099563279119,29.969761822233966,-452.1478441575482,0.0,-25.0,-0.002558484637475047,0.03859465583135269,0.0047952606389043495,23.831127545564634,8.829000000000008,0.0022367760014293026,-9.95927779860402,0.11000778839791099,-1.6633718471053214,0.002558484637475047,-0.03859465583135269,-1.640926569269083,0.0,2.220446049250313e-16,0.11256627303538604,-3.342893072205757
10.999999999999977,0.0,453.0,453.17999999999995,453.1400000447444,0.3999999999999986,PILOT_DESC_ADD_SLACK_ACC,straight,,1.6670055834491881,0.03867936533063543,1.6670055834491881,0.06594479176994225,-0.9978232731493182,0.06613797462645972,-0.997810487172945,29.96871763890059,-452.1880011268319,0.0,-25.0,-0.002558174882805132,0.03859467636410165,0.008085804470739297,20.928091558686194,8.829000000000008,0.005527629587934165,-12.862313764949711,0.10993033607988781,-1.6633769676354577,0.002558174882805132,-0.03859467636410165,-1.6410714186815623,0.0,4.440892098500626e-16,0.11248851096269294,-3.343043062681121
11.099999999999977,0.0,453.0,453.22499999999997,453.0004920529315,0.4499999999999984,PILOT_DESC_ADD_SLACK_ACC,straight,,1.6670055834491881,0.03867936533063543,1.6670055834491881,0.06616806056842232,-0.9978084925278066,0.06618328659941634,-0.9978074827214414,29.967968861443413,-452.2331494564717,0.0,-25.0,-0.002559927521160973,0.03859456015382433,0.0041579115176575985,26.45398752371008,8.829000000000008,0.0015979839964966255,-7.336417916136103,0.11030252641356407,-1.6633523282568712,0.002559927521160973,-0.03859456015382433,-1.641234374270601,0.0,4.440892098500626e-16,0.11286245393472505,-3.3431812626812962
11.199999999999976,0.0,453.0,453.275,453.2250000057171,0.4999999999999982,PILOT_DESC_ADD_SLACK_ACC,straight,,1.6670055834491881,0.03867936533063543,1.6670055834491881,0.06606474546593329,-0.9978153383299543,0.06612161478612905,-0.9978115714192108,29.967530508073015,-452.28328815052157,0.0,-25.0,-0.002557542094564231,0.03859471830205908,0.0014250116711524389,32.62524678321463,8.829000000000008,-0.001132530423411792,-1.165158498483322,0.11013029956086022,-1.6633637402472745,0.002557542094564231,-0.03859471830205908,-1.6414154360362,0.0,-2.220446049250313e-16,0.11268784165542445,-3.3433738945855342
11.299999999999976,0.0,453.0,453.33,453.2750000209848,0.549999999999998,PILOT_DESC_ADD_SLACK_ACC,caténaire,,1.6670055834491881,0.03867936533063543,1.6670055834491881,0.06598505006838448,-0.9978206117170925,0.06611335394202834,-0.9978121188032023,29.96712512694753,-452.33409971059893,0.0,-25.0,-0.0025572225703573205,0.038594739474524464,0.0012186998827702258,33.50679036541714,8.829000000000008,-0.0013385226875870947,-0.28361489510834303,0.10999744688817116,-1.6633725310130776,0.0025572225703573205,-0.038594739474524464,-1.6416146039783586,0.0,0.0,0.11255466945852848,-3.3435818744659604
11.399999999999975,0.0,453.0,453.3895,453.32567364433555,0.5949999999999982,PILOT_DESC_ADD_SLACK_ACC,caténaire,,1.6670055834491881,0.03867936533063543,1.6670055834491881,0.06592650344773261,-0.9978244816314921,0.0661050694275555,-0.9978126676866647,29.966719299647814,-452.38500580897465,0.0,-25.0,-0.002556902130595438,0.03859476070498843,0.0012213840319941563,33.63158959515935,8.829000000000008,-0.0013355180986012816,-0.15881564413567162,0.10989984934465241,-1.663378982181989,0.002556902130595438,-0.03859476070498843,-1.6418300674794213,0.0,-2.220446049250313e-16,0.11245675147524785,-3.343803810366399
11.499999999999975,0.0,453.0,453.45305,453.3764415993138,0.6354999999999984,PILOT_DESC_ADD_SLACK_ACC,caténaire,,1.6670055834491881,0.03867936533063543,1.6670055834491881,0.06588289277840452,-0.9978273620417258,0.06609677202822511,-0.9978132173545552,29.9663130271754,-452.4359648458984,0.0,-25.0,-0.002556581192455444,0.03859478196579358,0.001224065098777615,33.70157465878687,8.829000000000008,-0.001332516093677829,-0.08883055924734862,0.10982715011538453,-1.6633837838419314,0.002556581192455444,-0.03859478196579358,-1.6420601969834974,0.0,2.220446049250313e-16,0.11238373130783998,-3.3440387627912225
11.599999999999975,0.0,453.0,453.52024500000005,453.0005715641888,0.6719499999999986,PILOT_DESC_ADD_SLACK_ACC,caténaire,,1.6670055834491881,0.03867936533063543,1.6670055834491881,0.06612307105038279,-0.9978114749164122,0.06618961931522405,-0.997807062660365,29.965906310530954,-452.48695349300857,0.0,-25.0,-0.002560172466589234,0.038594543906128494,0.0012267430684897108,33.740751216666375,8.829000000000008,-0.0013334293980995233,-0.04965423942750391,0.11022752863579548,-1.6633572999153288,0.002560172466589234,-0.038594543906128494,-1.642303525890286,0.0,-4.440892098500626e-16,0.11278770110238472,-3.344255369711744
11.699999999999974,0.0,453.0,453.59072050000003,453.4781126263408,0.7047549999999987,PILOT_DESC_ADD_SLACK_ACC,caténaire,,1.6670055834491881,0.03867936533063543,1.6670055834491881,0.06601506189215596,-0.997818626606747,0.06608016015948394,-0.9978143176128998,29.9654991507142,-452.53795869144545,0.0,-25.0,-0.0025559386559155794,0.038594824523088045,0.0012294179270603447,33.76265981272876,8.829000000000008,-0.0013265207288552347,-0.027745362748163416,0.11004747676596771,-1.663369221823048,0.0025559386559155794,-0.038594824523088045,-1.642558734259515,0.0,4.440892098500626e-16,0.11260341542188329,-3.3445227806056503
11.799999999999974,0.0,453.0,453.66414845,453.5289794688804,0.7342794999999989,PILOT_DESC_ADD_SLACK_ACC,caténaire,,1.6670055834491881,0.03867936533063543,1.6670055834491881,0.06593710928647335,-0.9978237808445656,0.06607185099266874,-0.9978148678519491,29.965091548723873,-452.5889731383366,0.0,-25.0,-0.0025556172626167413,0.03859484580598525,0.001232089660767979,33.77490486750755,8.829000000000008,-0.0013235276018487624,-0.015500286686467746,0.10991752933705039,-1.6633778139662698,0.0025556172626167413,-0.03859484580598525,-1.642824634144941,0.0,4.440892098500626e-16,0.11247314659966713,-3.3447972939171957
11.899999999999974,0.0,453.0,453.740233605,453.57985554499857,0.7608515499999989,PILOT_DESC_ADD_SLACK_ACC,caténaire,,1.6670055834491881,0.03867936533063543,1.6670055834491881,0.06588010948293423,-0.9978275458086515,0.0660635413702575,-0.9978154180516655,29.964683505557677,-452.63999275198995,0.0,-25.0,-0.0025552958516957373,0.03859486708736109,0.0012347582561550042,33.7817466838841,8.829000000000008,-0.0013205375955407331,-0.008658449028544624,0.10982251034629516,-1.6633840901824226,0.0025552958516957373,-0.03859486708736109,-1.6431001563949443,0.0,0.0,0.1123778061979909,-3.345079113664728
11.999999999999973,0.0,453.0,453.81871024450004,453.63073677721843,0.784766394999999,PILOT_DESC_ADD_SLACK_ACC,caténaire,,1.6670055834491881,0.03867936533063543,1.6670055834491881,0.06583776347210256,-0.9978303407398432,0.06605523188815053,-0.9978159681725899,29.96427502221228,-452.691015251793,0.0,-25.0,-0.0025549744462016136,0.0385948883656893,0.001237423699942537,33.78556881925127,8.829000000000008,-0.0013175507462590767,-0.004836292383053831,0.10975191930980198,-1.6633887493483246,0.0025549744462016136,-0.0385948883656893,-1.643384338773067,0.0,-4.440892098500626e-16,0.1123068937560036,-3.3453679764870814
12.099999999999973,0.0,453.0,453.89933922005,453.6816208254816,0.8062897554999992,PILOT_DESC_ADD_SLACK_ACC,caténaire,,1.6670055834491881,0.03867936533063543,1.6670055834491881,0.06598654831497074,-0.9978205126381577,0.06604692288005837,-0.9978165181926363,29.9638660996833,-452.7420393636935,0.0,-25.0,-0.0025546530590420816,0.03859490964011561,0.0012400859789877515,33.78770381817961,8.829000000000008,-0.0013145670800543301,-0.002701272180281933,0.10999994447359583,-1.6633723658479402,0.0025546530590420816,-0.03859490964011561,-1.643676315266497,0.0,4.440892098500626e-16,0.11255459753263791,-3.3456435907545523
12.199999999999973,0.0,453.0,453.98190529804504,453.73250654952847,0.8256607799499992,PILOT_DESC_ADD_SLACK_ACC,caténaire,,1.6670055834491881,0.03867936533063543,1.6670055834491881,0.06590716417530819,-0.9978257591936425,0.06603861453319138,-0.997817068099427,29.963456738965295,-452.79306437601804,0.0,-25.0,-0.0025543316974583194,0.03859493091016127,0.001242745080262502,33.788896333938865,8.829000000000008,-0.0013115866171958175,-0.0015087351509777136,0.10986761066954105,-1.663381111885227,0.0025543316974583194,-0.03859493091016127,-1.6439753064637044,0.0,0.0,0.11242194236699937,-3.3459513492590927
12.299999999999972,0.0,453.0,454.0662147682405,453.78339317786816,0.8430947019549992,PILOT_DESC_ADD_SLACK_ACC,caténaire,,1.6670055834491881,0.03867936533063543,1.6670055834491881,0.06584918039713647,-0.9978295873750314,0.06603030695292642,-0.9978176178860054,29.96304694105175,-452.8440898912543,0.0,-25.0,-0.0025540103655262375,0.03859495217555719,0.0012454009908749919,33.78956239616284,8.829000000000008,-0.0013086093746512456,-0.000842651661606908,0.10977095138757932,-1.6633874934849768,0.0025540103655262375,-0.03859495217555719,-1.6442806108943098,0.0,-4.440892098500626e-16,0.11232496175310556,-3.3462630565548444
12.399999999999972,0.0,453.0,454.15209329141646,453.8342803089713,0.8587852317594993,PILOT_DESC_ADD_SLACK_ACC,caténaire,,1.6670055834491881,0.03867936533063543,1.6670055834491881,0.0658061557758258,-0.9978324257419217,0.06602200019893793,-0.9978181675484423,29.962636706935083,-452.89511568737447,0.0,-25.0,-0.0025536890655540054,0.03859497343615139,0.001248053698026728,33.789934404894474,8.829000000000008,-0.0013056353675272774,-0.0004706216693790566,0.10969922910362864,-1.6633922250584308,0.0025536890655540054,-0.03859497343615139,-1.6445915972349752,0.0,-2.220446049250313e-16,0.11225291816918265,-3.346578795729558
12.499999999999972,0.0,453.0,454.2393839622748,453.88516771991533,0.8729067085835494,PILOT_DESC_ADD_SLACK_ACC,caténaire,,1.6670055834491881,0.03867936533063543,1.6670055834491881,0.06577358769415985,-0.9978345730439684,0.06601369430537234,-0.9978187170844997,29.962226037606627,-452.9461416403685,0.0,-25.0,-0.002553367798862384,0.038594994691857315,0.0012507031890341186,33.79014217302983,8.829000000000008,-0.0013026646098282656,-0.0002628322783237991,0.10964493792964929,-1.663395804622932,0.002553367798862384,-0.038594994691857315,-1.6449076972946934,0.0,4.440892098500626e-16,0.11219830572851167,-3.3468984966094824
12.599999999999971,0.0,453.0,454.32794556604733,453.9360552870061,0.8856160377251944,PILOT_DESC_ADD_SLACK_ACC,caténaire,,1.6670055834491881,0.03867936533063543,1.6670055834491881,0.06574832874220152,-0.9978362377001586,0.06600538929212538,-0.9978192664928829,29.961814934056633,-452.99716768097335,0.0,-25.0,-0.0025530465662209293,0.03859501594262489,0.0012533494513068803,33.79025820743227,8.829000000000008,-0.001299697114914049,-0.00014677662511530798,0.10960283111570267,-1.6633985796140958,0.0025530465662209293,-0.03859501594262489,-1.6452283997015598,0.0,2.220446049250313e-16,0.1121558776819236,-3.3472219952582805
12.69999999999997,0.0,453.0,454.4176510094426,453.98694294166506,0.8970544339526749,PILOT_DESC_ADD_SLACK_ACC,caténaire,,1.6670055834491881,0.03867936533063543,1.6670055834491881,0.06572817886468622,-0.9978375651894109,0.06599708517112599,-0.9978198157728252,29.961403397274267,-453.0481937705037,0.0,-25.0,-0.0025527253680910442,0.03859503718842445,0.0012559924723479947,33.790323005994516,8.829000000000008,-0.0012967328957430495,-8.195681706979485e-05,0.10956924115737886,-1.6634007925460912,0.0025527253680910442,-0.03859503718842445,-1.6455532442208591,0.0,-4.440892098500626e-16,0.11212196652546991,-3.3475490739553755
12.79999999999997,0.0,453.0,454.5083859084983,454.0378306459278,0.9073489905574075,PILOT_DESC_ADD_SLACK_ACC,caténaire,,1.6670055834491881,0.03867936533063543,1.6670055834491881,0.06571160023639869,-0.9978386570956107,0.06598878194985865,-0.9978203649238544,29.960991428247603,-453.099219887353,0.0,-25.0,-0.0025524042047622235,0.03859505842923772,0.001258632239753663,33.790359188124185,8.829000000000008,-0.0012937719650085605,-4.575344658519498e-05,0.1095416044914576,-1.663402612759823,0.0025524042047622235,-0.03859505842923772,-1.6458818166413487,0.0,4.440892098500626e-16,0.11209400869621983,-3.3478794878304092
12.89999999999997,0.0,453.0,454.6000473176485,454.0887183788111,0.9166140915016667,PILOT_DESC_ADD_SLACK_ACC,caténaire,,1.6670055834491881,0.03867936533063543,1.6670055834491881,0.06569751794228332,-0.9978395843702651,0.06598047963332432,-0.9978209139456621,29.960579027963615,-453.15024601945345,0.0,-25.0,-0.0025520830764279015,0.0385950796650528,0.0012612687412349903,33.79037938726197,8.829000000000008,-0.0012908143351929111,-2.553307298569507e-05,0.10951812922853951,-1.663404158531849,0.0025520830764279015,-0.0385950796650528,-1.6462137441729086,0.0,0.0,0.11207021230496741,-3.3482129823698106
12.99999999999997,0.0,453.0,454.69254258588364,454.13960612874547,0.9249526823515001,PILOT_DESC_ADD_SLACK_ACC,caténaire,,1.6670055834491881,0.03867936533063543,1.6670055834491881,0.0656851806443059,-0.9978403965783931,0.06597217822513095,-0.9978214628380327,29.960166197408185,-453.20127216006495,0.0,-25.0,-0.0025517619832276317,0.03859510089586133,0.0012639019645527933,33.79039065959121,8.829000000000008,-0.0012878600186748384,-1.4239512935887433e-05,0.10949756288392647,-1.6634055124873335,0.0025517619832276317,-0.03859510089586133,-1.6465486913044323,0.0,-4.440892098500626e-16,0.1120493248671541,-3.348549304687628
13.09999999999997,0.0,453.0,454.7857883272953,454.19049388939806,0.9324574141163501,PILOT_DESC_ADD_SLACK_ACC,caténaire,,1.6670055834491881,0.03867936533063543,1.6670055834491881,0.06567406318376114,-0.9978411283490651,0.06596387772811409,-0.9978220116008018,29.95975293756608,-453.2522983054229,0.0,-25.0,-0.0025514409252710905,0.03859512212165695,0.0012665318976697584,33.79039694599647,8.829000000000008,-0.0012849090276013321,-7.931881881972913e-06,0.10947903001512457,-1.6634067323531296,0.0025514409252710905,-0.03859512212165695,-1.6468863560759237,0.0,-4.440892098500626e-16,0.11203047094039566,-3.3488882105507107
13.199999999999969,0.0,453.0,454.87970949456576,454.24138165730534,0.9392116727047151,PILOT_DESC_ADD_SLACK_ACC,caténaire,,1.6670055834491881,0.03867936533063543,1.6670055834491881,0.06566379849879396,-0.9978418038781046,0.06595557814467103,-0.9978225602338334,29.959339249420967,-453.30332445342486,0.0,-25.0,-0.0025511199026510044,0.03859514334243442,0.0012691585285111735,33.79040044774601,8.829000000000008,-0.001281961374139831,-4.408911564723894e-06,0.10946191872797195,-1.6634078584638101,0.0025511199026510044,-0.03859514334243442,-1.6472264667233858,0.0,-6.661338147750939e-16,0.11201303863062295,-3.3492294685296313
13.299999999999969,0.0,453.0,454.9742385451092,454.2922693254337,0.9452905054342435,PILOT_DESC_ADD_SLACK_ACC,caténaire,,1.6670055834491881,0.03867936533063543,1.6670055834491881,0.06594169353672254,-0.9978234779025341,0.0659472794769576,-0.9978231087370086,29.958925133955397,-453.35435060289643,0.0,-25.0,-0.002550798915450759,0.038595164558189114,0.0012717818452042358,33.79040239417468,8.829000000000008,-0.0012790170702465231,-2.4412671422169296e-06,0.10992517130781171,-1.663377308960212,0.002550798915450759,-0.038595164558189114,-1.647568778659221,0.0,4.440892098500626e-16,0.11247597022326247,-3.3495412521776218
13.399999999999968,0.0,453.0,455.0693146905983,454.34315711300997,0.9507614548908192,PILOT_DESC_ADD_SLACK_ACC,caténaire,,1.6670055834491881,0.03867936533063543,1.6670055834491881,0.06584587812187542,-0.9978298052946499,0.06593898172698784,-0.9978236571102171,29.9585105921508,-453.40537675318177,0.0,-25.0,-0.0025504779637482563,0.03859518576891679,0.00127440183592566,33.790403471960445,8.829000000000008,-0.0012760761278225964,-1.3422706430787912e-06,0.10976544647628107,-1.6633878567581977,0.0025504779637482563,-0.03859518576891679,-1.6479130717545927,0.0,4.440892098500626e-16,0.11231592444002933,-3.3498961142817065
13.499999999999968,0.0,453.0,455.16488322153845,454.39404488350584,0.9556853094017372,PILOT_DESC_ADD_SLACK_ACC,caténaire,,1.6670055834491881,0.03867936533063543,1.6670055834491881,0.06593054944770334,-0.9978242143030626,0.06593068489669947,-0.9978242053533538,29.958095624987497,-453.4564029039145,0.0,-25.0,-0.0025501570476184465,0.03859520697461336,0.0012770184889451348,33.79040406453183,8.829000000000008,-0.0012731385586733117,-7.284935676921123e-07,0.10990659404919426,-1.6633785365440046,0.0025501570476184465,-0.03859520697461336,-1.6482591478935473,0.0,6.661338147750939e-16,0.1124567510968127,-3.3502328914121646
13.599999999999968,0.0,453.0,455.2608948993846,454.4449326782179,0.9601167784615635,PILOT_DESC_ADD_SLACK_ACC,caténaire,,1.6670055834491881,0.03867936533063543,1.6670055834491881,0.06583310209218415,-0.9978306482910414,0.06592238898798482,-0.9978247534663174,29.957680233444673,-453.5074290548901,0.0,-25.0,-0.0025498361671345226,0.03859522817527492,0.001279631792625273,33.79040438615106,8.829000000000008,-0.0012702043745092496,-3.8567367255382123e-07,0.10974414876345141,-1.6633892620378892,0.0025498361671345226,-0.03859522817527492,-1.648606828771726,0.0,0.0,0.11229398493058594,-3.3505913189848897
13.699999999999967,0.0,453.0,455.35730540944616,454.495820485228,0.9641051006154071,PILOT_DESC_ADD_SLACK_ACC,caténaire,,1.6670055834491881,0.03867936533063543,1.6670055834491881,0.06576249572316573,-0.9978353041240127,0.06591409400270642,-0.9978253014490074,29.95726441850039,-453.5584552059943,0.0,-25.0,-0.0025495153223685277,0.03859524937089758,0.0012822417354653819,33.79040455644664,8.829000000000008,-0.0012672735869031458,-1.9418246921532045e-07,0.10962644755207063,-1.6633970233374478,0.0025495153223685277,-0.03859524937089758,-1.6489559539152063,0.0,-4.440892098500626e-16,0.11217596287443915,-3.350948226623552
13.799999999999967,0.0,453.0,455.45407486850155,454.54670829597575,0.9676945905538664,PILOT_DESC_ADD_SLACK_ACC,caténaire,,1.6670055834491881,0.03867936533063543,1.6670055834491881,0.06571065084488716,-0.9978387196163222,0.06590579994271874,-0.9978258493013249,29.95684818113158,-453.60948135716313,0.0,-25.0,-0.0025491945133921897,0.03859527056147752,0.0012848483059919684,33.79040464212142,8.829000000000008,-0.0012643462074002213,-8.731710465781362e-08,0.109540021850507,-1.663402716982198,0.0025491945133921897,-0.03859527056147752,-1.6493063788974587,0.0,2.220446049250313e-16,0.1120892163638992,-3.351304366441134
13.899999999999967,0.0,453.0,455.5511673816514,454.5975961075442,0.9709251314984798,PILOT_DESC_ADD_SLACK_ACC,caténaire,,1.6670055834491881,0.03867936533063543,1.6670055834491881,0.06567192003211714,-0.9978412694007475,0.06589750680985677,-0.997826397023172,29.956431522314034,-453.6605075083611,0.0,-25.0,-0.002548873740276486,0.03859529174701094,0.0012874514928900857,33.79040468066755,8.829000000000008,-0.0012614222473864003,-2.7585450368405873e-08,0.10947545736936785,-1.6634069674870715,0.002548873740276486,-0.03859529174701094,-1.6496579737346053,0.0,0.0,0.11202433110964434,-3.3516602329686878
13.999999999999966,0.0,453.0,455.64855064348626,454.6484839193941,0.9738326183486319,PILOT_DESC_ADD_SLACK_ACC,caténaire,,1.6670055834491881,0.03867936533063543,1.6670055834491881,0.06564235585376012,-0.9978432146975638,0.06588921460595219,-0.997826944614451,29.956014443022404,-453.71153365956826,0.0,-25.0,-0.0025485530030922646,0.038595312927494074,0.0012900512849157017,33.79040469286379,8.829000000000008,-0.001258501718176563,5.791271462385339e-09,0.10942617371897662,-1.6634102103077257,0.0025485530030922646,-0.038595312927494074,-1.6500106214411572,0.0,4.440892098500626e-16,0.11197472672206887,-3.3520161446763765
14.099999999999966,0.0,453.0,455.74619557913763,454.7840653089244,0.9764493565137687,PILOT_DESC_ADD_SLACK_ACC,caténaire,,1.6670055834491881,0.03867936533063543,1.6670055834491881,0.052246869987895586,-0.9986341995828443,0.15670718093577923,-0.9876451080439577,29.9555969442302,-453.7625598107735,0.0,-25.0,-0.0060613343013489925,0.03820148595104714,0.0012926476708955352,33.79040469030408,8.829000000000008,-0.004768686630453457,-0.00039382374487928473,0.08709582398756575,-1.6647287865279123,0.0060613343013489925,-0.03820148595104714,-1.6503642167301737,0.0,-2.220446049250313e-16,0.09315715828891474,-3.3532944892091336
14.199999999999966,0.0,453.0,455.8440760212239,455.00208404476825,0.9788044208623918,PILOT_DESC_ADD_SLACK_ACC,caténaire,,1.6670055834491881,0.03867936533063543,1.6670055834491881,0.042783957853598065,-0.9990843472652254,0.22287901907330995,-0.9748461123977051,29.95517785587579,-453.8135860932533,0.0,-25.0,-0.008620819003270217,0.037706428922580526,0.0013025095219325476,33.790578555159776,8.829000000000008,-0.00731830948133767,-0.0007150159176489979,0.07132109662400271,-1.6654791852278183,0.008620819003270217,-0.037706428922580526,-1.6507186648434085,0.0,-4.440892098500626e-16,0.07994191562727293,-3.353904278993808
14.299999999999965,0.0,453.0,455.9421684191015,455.23186740222764,0.9809239787761527,PILOT_DESC_ADD_SLACK_ACC,caténaire,,1.6670055834491881,0.03867936533063543,1.6670055834491881,0.03607807381095614,-0.9993489743778652,0.27203827509980066,-0.9622864318282396,29.954756328084883,-453.8646126140718,0.0,-25.0,-0.010522267826501093,0.03722062844939809,0.0013177169917976234,33.79089422071636,8.829000000000008,-0.00920455083470347,-0.0008851508342502257,0.06014235048295581,-1.6659203201021209,0.010522267826501093,-0.03722062844939809,-1.6510738804984393,0.0,4.440892098500626e-16,0.0706646183094569,-3.354214829049958
14.399999999999965,0.0,453.0,456.04045157719133,455.4467550243417,0.9828315808985374,PILOT_DESC_ADD_SLACK_ACC,caténaire,,1.6670055834491881,0.03867936533063543,1.6670055834491881,0.031304237125264686,-0.9995099022711107,0.309556509951663,-0.9508810478427605,29.954331732110365,-453.91563942994054,0.0,-25.0,-0.011973449338896856,0.03677947543548756,0.0013369693955366353,33.79128499949817,8.829000000000008,-0.01063647994336022,-0.0009355250663531933,0.052184338073433596,-1.666188587798694,0.011973449338896856,-0.03677947543548756,-1.6514297869410868,0.0,4.440892098500626e-16,0.06415778741233046,-3.354397850175268
14.499999999999964,0.0,453.0,456.1389064194722,455.6394951249922,0.9845484228086836,PILOT_DESC_ADD_SLACK_ACC,caténaire,,1.6670055834491881,0.03867936533063543,1.6670055834491881,0.02788477390294547,-0.9996111440877306,0.3391290146555451,-0.9407398744704931,29.953903590642533,-453.96666655765097,0.0,-25.0,-0.013117295052080246,0.03638722128574032,0.0013593907437987058,33.79169802011839,8.829000000000008,-0.01175790430828154,-0.0009147585958757531,0.04648407378942831,-1.6663573584722777,0.013117295052080246,-0.03638722128574032,-1.6517863150925893,0.0,-4.440892098500626e-16,0.05960136884150855,-3.354530894850608
14.599999999999964,0.0,453.0,456.237515777525,455.8107269953985,0.9860935805278153,PILOT_DESC_ADD_SLACK_ACC,caténaire,,1.6670055834491881,0.03867936533063543,1.6670055834491881,0.02541573362762615,-0.99967696806727,0.3632677858149339,-0.9316847727579942,29.953471529873266,-454.0176939902809,0.0,-25.0,-0.014050967400386851,0.03603697569849651,0.0013843929858460373,33.79210187507686,8.829000000000008,-0.012666574414540815,-0.0008611492246544117,0.04236816986471008,-1.6664670874136949,0.014050967400386851,-0.03603697569849651,-1.6521434027820616,0.0,4.440892098500626e-16,0.05641913726509693,-3.3546474658942524
14.699999999999964,0.0,453.0,456.33626419977253,455.96378206678895,0.9874842224750338,PILOT_DESC_ADD_SLACK_ACC,caténaire,,1.6670055834491881,0.03867936533063543,1.6670055834491881,0.023614682781556724,-0.9997211344955784,0.38367579603681284,-0.9234678573375027,29.953035246912528,-454.06872170996064,0.0,-25.0,-0.014840336283430249,0.03571915062505639,0.0014115823666939825,33.792482064396026,8.829000000000008,-0.013428753916736267,-0.0007987849789259371,0.039365808048236466,-1.666540713096286,0.014840336283430249,-0.03571915062505639,-1.652500994055706,0.0,2.220446049250313e-16,0.05420614433166671,-3.3547608577770482
14.799999999999963,0.0,453.0,456.4351377797953,456.1024690780857,0.9887358002275304,PILOT_DESC_ADD_SLACK_ACC,caténaire,,1.6670055834491881,0.03867936533063543,1.6670055834491881,0.022284042007038866,-0.9997516799044794,0.4015100337720595,-0.9158546242610558,29.952594487700484,-454.119749695902,0.0,-25.0,-0.015530153280185258,0.03542467560154522,0.0014406965531380937,33.79283472230961,8.829000000000008,-0.014089456727047164,-0.0007406020888538478,0.037147622447550044,-1.6665916324634726,0.015530153280185258,-0.03542467560154522,-1.6528590385551063,0.0,-2.220446049250313e-16,0.0526777757277353,-3.3548753466201244
14.899999999999963,0.0,453.0,456.53412400181577,456.2302283749838,0.9898622202047773,PILOT_DESC_ADD_SLACK_ACC,caténaire,,1.6670055834491881,0.03867936533063543,1.6670055834491881,0.021285465184195856,-0.9997734388209624,0.4175603227729049,-0.9086492045040196,29.952149032002865,-454.1707779287107,0.0,-25.0,-0.016150968272111238,0.03514597453840224,0.0014715626536632497,33.79316169461048,8.829000000000008,-0.014679405618447989,-0.0006923308511233017,0.035482989308367796,-1.6666279046987396,0.016150968272111238,-0.03514597453840224,-1.6532174909576858,0.0,-4.440892098500626e-16,0.051633957580479034,-3.354991370194828
14.999999999999963,0.0,453.0,456.6332116016342,456.3498640051495,0.9908759981842996,PILOT_DESC_ADD_SLACK_ACC,caténaire,,1.6670055834491881,0.03867936533063543,1.6670055834491881,0.02052208763565743,-0.9997893997833115,0.43236230498392697,-0.901699970738042,29.951698683170036,-454.2218063922964,0.0,-25.0,-0.016723499549668928,0.034877182586800004,0.0015040691522398974,33.79346735678678,8.829000000000008,-0.01521943039742903,-0.0006554606264330687,0.03421043467267448,-1.6666545117120928,0.016723499549668928,-0.034877182586800004,-1.6535763104731271,0.0,4.440892098500626e-16,0.05093393422234341,-3.355108004772019
15.099999999999962,0.0,453.0,456.7323904414708,456.46353650882577,0.9917883983658696,PILOT_DESC_ADD_SLACK_ACC,caténaire,,1.6670055834491881,0.03867936533063543,1.6670055834491881,0.01992608248317644,-0.9998014559085587,0.44627569175637405,-0.8948955285100992,29.951243261193746,-454.27283507436897,0.0,-25.0,-0.017261660519626836,0.0346139910799942,0.0015381464528402297,33.79375674215487,8.829000000000008,-0.015723514066786605,-0.0006292667651450756,0.03321689075572419,-1.6666746093401947,0.017261660519626836,-0.0346139910799942,-1.6539354603901442,0.0,4.440892098500626e-16,0.05047855127535103,-3.355224060810333
15.199999999999962,0.0,453.0,456.8316513973237,456.5729015994984,0.9926095585292827,PILOT_DESC_ADD_SLACK_ACC,caténaire,,1.6670055834491881,0.03867936533063543,1.6670055834491881,0.019449724043736405,-0.9998108362258445,0.45955264276763075,-0.8881505325817727,29.950782598046096,-454.3238639661971,0.0,-25.0,-0.017775204558268184,0.03435309891832881,0.0015737533320245628,33.794034564076455,8.829000000000008,-0.016201451226243623,-0.0006123370052222299,0.03242279857745451,-1.6666902463814848,0.017775204558268184,-0.03435309891832881,-1.6542949076685793,0.0,-2.220446049250313e-16,0.050198003135722695,-3.3553382529683926
15.299999999999962,0.0,453.0,456.9309862575913,456.6791605853551,0.9933486026763544,PILOT_DESC_ADD_SLACK_ACC,caténaire,,1.6670055834491881,0.03867936533063543,1.6670055834491881,0.019059578659653884,-0.9998183497322484,0.47235776245402333,-0.8814069118457312,29.950316534414707,-454.3748930621376,0.0,-25.0,-0.018270498460720676,0.03409225994822821,0.0016108687278643735,33.79430491259954,8.829000000000008,-0.016659629732856302,-0.0006028274522336119,0.03177242404383202,-1.6667027714386111,0.018270498460720676,-0.03409225994822821,-1.6546546225722911,0.0,2.220446049250313e-16,0.050042922504552695,-3.3554496539591305
15.399999999999961,0.0,453.0,457.0303876318322,456.783191057687,0.994013742408719,PILOT_DESC_ADD_SLACK_ACC,caténaire,,1.6670055834491881,0.03867936533063543,1.6670055834491881,0.018732105549509638,-0.9998245387175102,0.4848024379160727,-0.8746236883315203,29.949844917573405,-454.42592235902055,0.0,-25.0,-0.018751850609338476,0.03382988916780269,0.0016494848521217433,33.79457106372996,8.829000000000008,-0.01710236575721673,-0.0005990471022414567,0.03122652454079209,-1.6667130885115986,0.018751850609338476,-0.03382988916780269,-1.655014578338751,0.0,0.0,0.049978375150130566,-3.3555575560181525
15.499999999999961,0.0,453.0,457.129848868649,456.88564291841124,0.994612368167847,PILOT_DESC_ADD_SLACK_ACC,caténaire,,1.6670055834491881,0.03867936533063543,1.6670055834491881,0.018450638721668036,-0.9998297724766763,0.4969655070741465,-0.8677702949390099,29.949367599943518,-454.47695185558587,0.0,-25.0,-0.0192223104048454,0.033564804261019224,0.0016896030004430814,33.794835546796925,8.829000000000008,-0.01753270740440232,-0.0005996489420638795,0.03075731776722441,-1.6667218132173507,0.0192223104048454,-0.033564804261019224,-1.655374750881685,0.0,-4.440892098500626e-16,0.04997962817206981,-3.3556613683600554
15.59999999999996,0.0,453.0,457.2293639817841,456.986961027356,0.9951511313510624,PILOT_DESC_ADD_SLACK_ACC,caténaire,,1.6670055834491881,0.03867936533063543,1.6670055834491881,0.018203472854172988,-0.9998343030602858,0.5088936886234586,-0.8608293754741472,29.94888443807783,-454.5279815520342,0.0,-25.0,-0.019683684896721388,0.033296333901307276,0.001731231000782925,33.795100296674775,8.829000000000008,-0.017952453895938462,-0.000603369423927802,0.030345290886072098,-1.666729365725524,0.019683684896721388,-0.033296333901307276,-1.655735118523445,0.0,4.440892098500626e-16,0.050028975782793486,-3.355760818150276
15.69999999999996,0.0,453.0,457.3289275836057,457.0874867258703,0.9956360182159562,PILOT_DESC_ADD_SLACK_ACC,caténaire,,1.6670055834491881,0.03867936533063543,1.6670055834491881,0.017982210547307514,-0.9998383069795997,0.5206238525347952,-0.8537861583393278,29.94839529206084,-454.5790114496057,0.0,-25.0,-0.020137400192036206,0.03302390673264661,0.001774380533140603,33.79536669021181,8.829000000000008,-0.018363019658895603,-0.0006094030555559016,0.029976445385120506,-1.6667360402813762,0.020137400192036206,-0.03302390673264661,-1.6560956617541491,0.0,4.440892098500626e-16,0.050113845577156715,-3.3558556087681715
15.79999999999996,0.0,453.0,457.42853482524515,457.1874660325118,0.9960724163943605,PILOT_DESC_ADD_SLACK_ACC,caténaire,,1.6670055834491881,0.03867936533063543,1.6670055834491881,0.017780857559340158,-0.9998419080556958,0.5321807336932223,-0.8466307735286639,29.9479000250373,-454.6300415503115,0.0,-25.0,-0.02058441302044575,0.03274714098947366,0.0018190663728930147,33.79563574867767,8.829000000000008,-0.018765346647552732,-0.0006171103328682648,0.029640788829934747,-1.6667420432953348,0.02058441302044575,-0.03274714098947366,-1.6564563630149025,0.0,2.220446049250313e-16,0.0502252018503805,-3.3559455472997106
15.89999999999996,0.0,453.0,457.52818134272064,457.2870450378399,0.9964651747549245,PILOT_DESC_ADD_SLACK_ACC,caténaire,,1.6670055834491881,0.03867936533063543,1.6670055834491881,0.017595208995233418,-0.9998451923274992,0.5435729145272311,-0.839361952075725,29.94739850289821,-454.68107185672073,0.0,-25.0,-0.021025055344837038,0.032465987588972275,0.001865305365670561,33.79590821109055,8.829000000000008,-0.019159749979166477,-0.000625801320488506,0.029331311637009486,-1.6667475181947686,0.021025055344837038,-0.032465987588972275,-1.6568172065027005,0.0,0.0,0.05035636698184652,-3.3560307122864415
15.99999999999996,0.0,453.0,457.62786320844856,457.38633531272916,0.996818657279432,PILOT_DESC_ADD_SLACK_ACC,caténaire,,1.6670055834491881,0.03867936533063543,1.6670055834491881,0.017422192010292083,-0.999848222094512,0.5548075632494627,-0.831978706314767,29.946890594175795,-454.73210237173043,0.0,-25.0,-0.02145960442712559,0.032180408328858316,0.0019131149405863007,33.796184511850214,8.829000000000008,-0.019546489486539288,-0.0006350798209382447,0.029042891357080738,-1.6667525688332954,0.02145960442712559,-0.032180408328858316,-1.6571781779948378,0.0,-4.440892098500626e-16,0.050502495784206326,-3.356111155156992
16.09999999999996,0.0,453.0,457.72757688760373,457.4854324394777,0.9971367915514888,PILOT_DESC_ADD_SLACK_ACC,caténaire,,1.6670055834491881,0.03867936533063543,1.6670055834491881,0.017259512192472955,-0.9998510435254233,0.5658929645818606,-0.8244787156966231,29.946376169956885,-454.7831330984334,0.0,-25.0,-0.02188838071509812,0.03189031345176279,0.001962512966238213,33.7964649103099,8.829000000000008,-0.019925867748859905,-0.0006447762383459121,0.028771703192461754,-1.666757272174378,0.02188838071509812,-0.03189031345176279,-1.6575392646908815,0.0,-4.440892098500626e-16,0.05066008390755987,-3.3561868503170227
16.19999999999996,0.0,453.0,457.8273191988434,457.5843880939404,0.99742311239634,PILOT_DESC_ADD_SLACK_ACC,caténaire,,1.6670055834491881,0.03867936533063543,1.6670055834491881,0.01710552599083778,-0.9998536897869491,0.5768301756989364,-0.8168640942060891,29.94585510378206,-454.83416404006175,0.0,-25.0,-0.02231142509959378,0.03159578472527592,0.0020135178525942975,33.79674959113653,8.829000000000008,-0.020297907246999484,-0.000654624138199722,0.028515007334561786,-1.6667616835071166,0.02231142509959378,-0.03159578472527592,-1.6579004550704406,0.0,0.0,0.05082643243415556,-3.356257923302833
16.29999999999996,0.0,453.0,457.92708727895905,457.68326891286813,0.997680801156706,PILOT_DESC_ADD_SLACK_ACC,caténaire,,1.6670055834491881,0.03867936533063543,1.6670055834491881,0.01695891861731392,-0.9998561871986048,0.5876265585973619,-0.8091322683165103,29.94532727163815,-454.8851951998982,0.0,-25.0,-0.02272902233797141,0.03129672260702003,0.002066147822218853,33.79703862124657,8.829000000000008,-0.020662874515752556,-0.0006646561464194178,0.028270612024322687,-1.666765846706291,0.02272902233797141,-0.03129672260702003,-1.6582617387651637,0.0,4.440892098500626e-16,0.0509996343622941,-3.356324308078474
16.399999999999963,0.0,453.0,458.02687855106313,457.7820544436035,0.9979127210410353,PILOT_DESC_ADD_SLACK_ACC,caténaire,,1.6670055834491881,0.03867936533063543,1.6670055834491881,0.01681888036680392,-0.999858552627924,0.5982705766572524,-0.8012941514239316,29.9447925518694,-454.9362265812867,0.0,-25.0,-0.023140726201095793,0.030993549220227755,0.0021204215137607552,33.797332081935885,8.829000000000008,-0.02102030468733504,-0.0006743688438959339,0.02803716747882606,-1.6667697898901732,0.023140726201095793,-0.030993549220227755,-1.658623106443534,0.0,-4.440892098500626e-16,0.05117789367992186,-3.356386445553935
16.499999999999964,0.0,453.0,458.1266906959568,457.88080997724626,0.9981214489369318,PILOT_DESC_ADD_SLACK_ACC,caténaire,,1.6670055834491881,0.03867936533063543,1.6670055834491881,0.016684559382122145,-0.9998608030512169,0.6087727398486832,-0.7933446610503706,29.944250825332425,-454.9872581874648,0.0,-25.0,-0.023546943207939097,0.03068606797787642,0.002176356024651317,33.79762983231282,8.829000000000008,-0.02137058718328778,-0.0006840997093107148,0.02781325364738715,-1.6667735413583677,0.023546943207939097,-0.03068606797787642,-1.6589845497071871,0.0,-2.220446049250313e-16,0.05136019685532625,-3.3564441590434315
16.599999999999966,0.0,453.0,458.22652162636115,457.97953059117094,0.9983093040432386,PILOT_DESC_ADD_SLACK_ACC,caténaire,,1.6670055834491881,0.03867936533063543,1.6670055834491881,0.016555430899702326,-0.9998629494624376,0.6191278629280623,-0.7852901943524639,29.943701975266386,-455.0382900216762,0.0,-25.0,-0.0239474727965701,0.03037452631792465,0.0022339691052541827,33.79793188041521,8.829000000000008,-0.021713503691315916,-0.0006935932668667988,0.027597995746210992,-1.666777119437857,0.0239474727965701,-0.03037452631792465,-1.6593460609975945,0.0,2.220446049250313e-16,0.051545468542781095,-3.356497706753376
16.699999999999967,0.0,453.0,458.32636946372503,458.07822433537217,0.9984783736389147,PILOT_DESC_ADD_SLACK_ACC,caténaire,,1.6670055834491881,0.03867936533063543,1.6670055834491881,0.016431036172659827,-0.9998650014128371,0.6293347954518171,-0.7771342967812062,29.943145887365784,-455.0893220870853,0.0,-25.0,-0.024342270468561557,0.03005906137616673,0.0022932775137002766,33.7982381215665,8.829000000000008,-0.02204899295486128,-0.0007028170573448733,0.02739062904167951,-1.6667805400506297,0.024342270468561557,-0.03005906137616673,-1.6597076335120815,0.0,4.440892098500626e-16,0.05173289951024107,-3.3565472349388776
16.79999999999997,0.0,453.0,458.42623251735256,458.1768959958096,0.9986305362750232,PILOT_DESC_ADD_SLACK_ACC,caténaire,,1.6670055834491881,0.03867936533063543,1.6670055834491881,0.0163109996408371,-0.9998669667964417,0.6393922772867919,-0.7688806901893234,29.942582449800863,-455.1403543867668,0.0,-25.0,-0.024731287482762775,0.029739817111503954,0.002354297373005943,33.79854843670779,8.829000000000008,-0.02237699010975683,-0.0007117461807126801,0.027190527472913145,-1.6667838163560724,0.024731287482762775,-0.029739817111503954,-1.6600692611282393,0.0,4.440892098500626e-16,0.051921814955675924,-3.3565928945958152
16.89999999999997,0.0,453.0,458.5261092656173,458.27554032979697,0.9987674826475209,PILOT_DESC_ADD_SLACK_ACC,caténaire,,57.698380471941945,12.794831562652162,57.698380471941945,0.016195024922962833,-0.9998688519839714,0.6492973850167775,-0.7605346184167914,29.94201155323924,-455.191386923697,0.0,-25.0,-8.307650675360177,9.73091234020878,0.0024170441082842034,33.79886269578575,8.829000000000008,-8.305233631251893,9.700775035994525,0.9344267097576918,-57.69081344381498,8.307650675360177,-9.73091234020878,-1.6604309383359013,0.0,-4.440892098500626e-16,9.242077385117868,-69.08215672235967
16.99999999999997,0.0,453.0,458.6259983390556,458.3741812920677,0.9988907343827689,PILOT_DESC_ADD_SLACK_ACC,caténaire,,1.6770949256173324,0.038171017824934594,1.6770949256173324,0.01608279363672732,-0.9998706635104555,0.6590539058834344,-0.7520957047741924,29.941433090888733,-455.24241970072984,0.0,-25.0,-0.02515675838906934,0.028708258552992444,0.0024815322121169614,33.79918073659423,8.829000000000008,-0.02267522617695238,-0.00111100485278115,0.026972371597906115,-1.6768780160470202,0.02515675838906934,-0.028708258552992444,-1.6607926601759164,0.0,0.0,0.052129129986975456,-3.366378934775929
17.099999999999973,0.0,453.0,458.7258985051501,458.47280326310283,0.9990016609444919,PILOT_DESC_ADD_SLACK_ACC,caténaire,,51.77927487660772,12.79432377330855,51.77927487660772,0.01597707838395645,-0.9998723583369593,0.6686573657441833,-0.7435706605535546,29.938044627810132,-455.2902547715633,0.0,-25.0,-8.555018830738675,9.513483779455086,0.08514815397184636,29.696181753307552,8.829000000000008,-8.469870676766828,5.3806655327626345,0.8272815333679885,-51.77266568385143,8.555018830738675,-9.513483779455086,-1.6611544221850503,0.0,-4.440892098500626e-16,9.382300364106664,-62.947303885491564
17.199999999999974,0.0,453.0,458.8258086546351,458.5683158718286,0.9991014948500427,PILOT_DESC_ADD_SLACK_ACC,caténaire,,4.174792493741968,0.03766300453812299,4.174792493741968,0.015870008166143836,-0.999874063490401,0.6782512618820954,-0.7348300659032299,29.934676039672112,-455.33945798752933,0.0,-25.0,-0.025544980354253004,0.027675908106862563,0.08415221489940738,31.41917295604706,8.829000000000008,0.05860723454515438,-2.3821511358460867,0.06625399096764102,-4.174266734947007,0.025544980354253004,-0.027675908106862563,-1.6615162203463902,0.0,0.0,0.09179897132189402,-5.863458863400259
17.299999999999976,0.0,453.0,458.9257277891716,458.6654249685588,0.9991913453650385,PILOT_DESC_ADD_SLACK_ACC,caténaire,,47.59633504742934,12.793816054902551,47.59633504742934,0.015767123814908336,-0.9998756911769608,0.6875945612631266,-0.7260948418225877,29.928442913524336,-455.38633059458283,0.0,-25.0,-8.796958337151864,9.28952384469175,0.28812540543349063,28.51320188747054,8.829000000000008,-8.508832931718374,3.973725732162279,0.7504573078286795,-47.59041840303862,8.796958337151864,-9.28952384469175,-1.6618780510447158,0.0,0.0,9.547415644980543,-58.541820298775086
17.399999999999977,0.0,453.0,459.02565501025447,458.7602717031391,0.9992722108285347,PILOT_DESC_ADD_SLACK_ACC,caténaire,,7.338901143497097,0.03715489719946774,7.338901143497097,0.015662199734150915,-0.9998773402270339,0.6968784816011226,-0.7171892232049459,29.92229719688601,-455.4349660187027,0.0,-25.0,-0.025892448344410884,0.02664709186074589,0.28010108151755464,30.698219332621484,8.829000000000008,0.25420863317314374,-3.1041335755177784,0.11494333553864007,-7.338000955549015,0.025892448344410884,-0.02664709186074589,-1.6622399110263288,0.0,6.661338147750939e-16,0.14083578388305096,-9.02688795843609
17.49999999999998,0.0,453.0,459.12558950922903,458.8570967880406,0.9993449897456812,PILOT_DESC_ADD_SLACK_ACC,caténaire,,44.031328260365235,12.7933085597223,44.031328260365235,0.015561293845923533,-0.999878915736221,0.7059185513220916,-0.7082930176835852,29.91327293557278,-455.481586507379,0.0,-25.0,-9.03103384509568,9.06141112592295,0.6039389593218386,28.207293198199178,8.829000000000008,-8.42709488577384,3.4397043241221184,0.6851844374858604,-44.02599675939962,9.03103384509568,-9.06141112592295,-1.6626017973629,0.0,-2.220446049250313e-16,9.71621828258154,-54.75000968268547
17.59999999999998,0.0,453.0,459.22553055830616,458.9518473928423,0.9994104907711131,PILOT_DESC_ADD_SLACK_ACC,caténaire,,10.669031748550964,0.036647118779722376,10.669031748550964,0.015458521839088385,-0.9998805099123347,0.7148963353843423,-0.6992304553250223,29.904441244468924,-455.5300721261378,0.0,-25.0,-0.026198890918018237,0.02562478155069545,0.5784388616633204,30.5093991284947,8.829000000000008,0.5522399707453022,-3.2939760899546116,0.16492746028690242,-10.667756905012025,0.026198890918018237,-0.02562478155069545,-1.662963707418934,0.0,-4.440892098500626e-16,0.19112635120492066,-12.356345393981654
17.69999999999998,0.0,453.0,459.32547750247556,459.0486604176721,0.9994694416940018,PILOT_DESC_ADD_SLACK_ACC,caténaire,,40.75727597360902,12.792801265812553,40.75727597360902,0.015359907150693233,-0.9998820296676614,0.7236556754424268,-0.6901611865354099,29.892753736516692,-455.57668245486394,0.0,-25.0,-9.257583240812316,8.829094900724886,1.013009597261838,28.19500017112151,8.829000000000008,-8.244573643550478,3.1950950718463886,0.6260279746698146,-40.7524678242172,9.257583240812316,-8.829094900724886,-1.6633256388224844,0.0,-2.220446049250313e-16,9.88361121548213,-51.244888363764574
17.799999999999983,0.0,453.0,459.425429752228,459.143440295244,0.9995224975246015,PILOT_DESC_ADD_SLACK_ACC,caténaire,,13.996729761455967,0.036139571627227696,13.996729761455967,0.015259610604819871,-0.9998835653635825,0.7323580592220028,-0.6809197258800639,29.88139505846505,-455.62516235272676,0.0,-25.0,-0.026467106538031034,0.02460814720583482,0.9568091094717208,30.50219984733165,8.829000000000008,0.9303420029336897,-3.3021920054625227,0.21358464590071138,-13.995100057315158,0.026467106538031034,-0.02460814720583482,-1.6636875894387997,0.0,-4.440892098500626e-16,0.2400517524387424,-15.683395793959791
17.899999999999984,0.0,453.0,459.5253867770052,459.24028503998653,0.9995702477721414,PILOT_DESC_ADD_SLACK_ACC,caténaire,,37.67918346092286,12.792294457081185,37.67918346092286,0.01516358988060695,-0.9998850261614747,0.7408622505753836,-0.6716570000174029,29.867232346414216,-455.67184756039677,0.0,-25.0,-9.477328061496172,8.5920341183824,1.4875191720997512,28.285662807959575,8.829000000000008,-7.9898088893964205,3.048696926341968,0.5713516850375826,-37.674851340567855,9.477328061496172,-8.5920341183824,-1.664049557346603,0.0,0.0,10.048679746533754,-47.93093501629686
17.999999999999986,0.0,453.0,459.62534809930474,459.33512002992387,0.9996132229949273,PILOT_DESC_ADD_SLACK_ACC,caténaire,,17.25456411052298,0.035632126221722515,17.25456411052298,0.01506596423255042,-0.9998865019199648,0.7493130585876163,-0.6622159317247445,29.853556549272625,-455.7203724559987,0.0,-25.0,-0.0266996174831789,0.023596161665251674,1.38699540202812,30.55884877046471,8.829000000000008,1.3602957845449413,-3.2465550678700446,0.25995664573738736,-17.252605750624593,0.0266996174831789,-0.023596161665251674,-1.664411540816746,0.0,0.0,0.28665626322056625,-18.940613453106593
18.099999999999987,0.0,453.0,459.7253132893743,459.43203470972196,0.9996519006954345,PILOT_DESC_ADD_SLACK_ACC,caténaire,,34.77456157088922,12.79178778539177,34.77456157088922,0.014972620707910087,-0.9998879040318156,0.7575834566770652,-0.6527383136979391,29.837147939503048,-455.76716364827956,0.0,-25.0,-9.690846807536557,8.34968998821852,1.996702191413037,28.414236630989897,8.829000000000008,-7.69414461612352,2.9349266192084116,0.5206663206847902,-34.77066348274174,9.690846807536557,-8.34968998821852,-1.6647735382929945,0.0,4.440892098500626e-16,10.211513128221348,-44.78512700925326
18.19999999999999,0.0,453.0,459.8252819604369,459.5269414207585,0.9996867106258911,PILOT_DESC_ADD_SLACK_ACC,caténaire,,20.407909887546786,0.03512505299176816,20.407909887546786,0.014877719824226657,-0.9998893206014512,0.7657948563197121,-0.6430849384290315,29.82139589902749,-455.81575200886545,0.0,-25.0,-0.02689858490905337,0.022588392540527694,1.8401081941290163,30.63883596424938,8.829000000000008,1.813209609219963,-3.1675756432100997,0.303623165504986,-20.405651152354796,0.02689858490905337,-0.022588392540527694,-1.6651355483747374,0.0,-4.440892098500626e-16,0.3305217504140394,-22.093375093270062
18.29999999999999,0.0,453.0,459.92525376439323,459.6239519628252,0.999718039563302,PILOT_DESC_ADD_SLACK_ACC,caténaire,,32.04079240134787,12.791281125427858,32.04079240134787,0.014787048082093489,-0.9998906656275064,0.7738389600549906,-0.6333823994247161,29.80299193285358,-455.8626616887764,0.0,-25.0,-9.898391683872124,8.10177233093958,2.511843480419932,28.558323504033773,8.829000000000008,-7.386548203452191,2.831095834973347,0.4737887378271067,-32.037289241416474,9.898391683872124,-8.10177233093958,-1.665497569801426,0.0,-4.440892098500626e-16,10.37218042169923,-41.80455914215748
18.39999999999999,0.0,453.0,460.02517080723254,459.718945521937,0.9991704283928782,PILOT_DESC_ADD_SLACK_ACC,caténaire,,23.434190345499914,0.034618531061020974,23.434190345499914,0.014694854018365715,-0.9998920248033679,0.7818119983794138,-0.6235142333499595,29.78541618746165,-455.9113208449893,0.0,-25.0,-0.02706518294977662,0.02158514685421425,2.290853022223744,30.728185586887882,8.829000000000008,2.2637878392739674,-3.0792292662579115,0.34436200616571644,-23.431660034189445,0.02706518294977662,-0.02158514685421425,-1.6658593929252241,0.0,4.440892098500626e-16,0.37142718911549305,-25.119104573968883
18.499999999999993,0.0,453.0,460.1249700306229,459.816013658618,0.9979922339035177,PILOT_DESC_ADD_SLACK_ACC,caténaire,,29.477622618685473,12.79077547395726,29.477622618685473,0.014606889814827311,-0.9998933136939847,0.7896176261497672,-0.6135992213763038,29.765270600724293,-455.95835509072504,0.0,-25.0,-10.099821766360794,7.848409871619298,3.0097440355832967,28.710194689112104,8.829000000000008,-7.090077730777497,2.7296045607313957,0.43057638559420003,-29.47447776001817,10.099821766360794,-7.848409871619298,-1.6662207893970733,0.0,-2.220446049250313e-16,10.530398151954994,-38.989108421034544
18.599999999999994,0.0,453.0,460.2245924868252,459.9110709184806,0.9962245620232834,PILOT_DESC_ADD_SLACK_ACC,caténaire,,26.317348306942424,0.034112563819837405,26.317348306942424,0.014517402423459874,-0.9998946169606451,0.7973403154586072,-0.6035299672297711,29.746119150198027,-456.00708852426317,0.0,-25.0,-0.027199322397211026,0.020587954524309945,2.7200260726401857,30.822069231423818,8.829000000000008,2.6928267502429746,-2.9863428140518806,0.38205953609024357,-26.314574904790078,0.027199322397211026,-0.020587954524309945,-1.666581545753339,0.0,-2.220446049250313e-16,0.4092588584874546,-28.001744405067726
18.699999999999996,0.0,453.0,460.3239876983097,460.00817551052467,0.9939521148448947,PILOT_DESC_ADD_SLACK_ACC,caténaire,,27.082340936218714,12.790270963565602,27.082340936218714,0.014432121457401224,-0.9998958515116656,0.8048939995752328,-0.593418612319992,29.72447484137885,-456.0542510626233,0.0,-25.0,-10.294812351515283,7.589984846395787,3.474218789191239,28.867030608856357,8.829000000000008,-6.820593562324044,2.6280154552521395,0.3908556337422576,-27.07952035134965,10.294812351515283,-7.589984846395787,-1.6669414792030077,0.0,2.220446049250313e-16,10.68566798525754,-36.33644667694845
18.799999999999997,0.0,453.0,460.42310826196154,460.1031365297108,0.9912056365186737,PILOT_DESC_ADD_SLACK_ACC,caténaire,,29.04675903934055,0.0336097943980338,29.04675903934055,0.014345495157554341,-0.9998970980899407,0.8123311870133108,-0.5831964013996878,29.703979453156762,-456.10306084310366,0.0,-25.0,-0.02730228417862812,0.019601111144716698,3.1151719189821847,30.918718034308306,8.829000000000008,3.087869634803557,-2.8906808545469858,0.41669014114150765,-29.04377007235437,0.02730228417862812,-0.019601111144716698,-1.6673004180882471,0.0,2.220446049250313e-16,0.4439924253201358,-30.730671601587332
18.9,0.0,453.0,460.52191416363826,460.2000524178606,0.9880590167671879,PILOT_DESC_ADD_SLACK_ACC,caténaire,,24.849540162002985,12.78976960567453,24.849540162002985,0.014263112479933157,-0.9998982766373712,0.8195888341027348,-0.572952129775359,29.681059143576316,-456.15035430423967,0.0,-25.0,-10.482352359557382,7.327925734907376,3.895925824809816,29.027522288641823,8.829000000000008,-6.586426534747566,2.526448023549193,0.35443178640526496,-24.847012383217926,10.482352359557382,-7.327925734907376,-1.6676582175084302,0.0,0.0,10.836784145962646,-33.842596335633736
19.0,0.0,453.0,460.6203676101273,460.2947973518981,0.9845344648900958,PILOT_DESC_ADD_SLACK_ACC,caténaire,,31.616823351831798,0.03310946406401705,31.616823351831798,0.014179402432853067,-0.9998994672199036,0.8267151096834039,-0.5626207669657757,29.65942829386674,-456.1992418390117,0.0,-25.0,-0.027372094215242573,0.018628072065523058,3.469899376318039,31.017303925859526,8.829000000000008,3.4425272821027963,-2.793068002074957,0.4483076619540494,-31.61364482468242,0.027372094215242573,-0.018628072065523058,-1.6680147406054422,0.0,0.0,0.475679756169292,-33.300287637353385
19.1,0.0,453.0,460.7184372800597,460.3914249798453,0.9806966993238992,PILOT_DESC_ADD_SLACK_ACC,caténaire,,22.7720125390494,12.789271607798813,22.7720125390494,0.014099924213580544,-0.9999005911275236,0.8336560414992762,-0.5522839889692233,29.635429578688473,-456.2466680091468,0.0,-25.0,-10.661853542216642,7.06330993956596,4.271158656818845,29.190657662396635,8.829000000000008,-6.390694885397797,2.424967601962585,0.32108365099130237,-22.769748798958872,10.661853542216642,-7.06330993956596,-1.6683698739572352,0.0,4.440892098500626e-16,10.982937193207944,-31.50142861248207
19.200000000000003,0.0,453.0,460.81609337201735,460.4857882235836,0.9765609195768196,PILOT_DESC_ADD_SLACK_ACC,caténaire,,34.026315299653774,0.032613221689173244,34.026315299653774,0.014019210252777234,-0.9999017260430588,0.8404436577954605,-0.5418989371380857,29.612845382427565,-456.2956341981188,0.0,-25.0,-0.027409575328943007,0.017673070170011743,3.7825005482909155,31.117190483205754,8.829000000000008,3.7550909729619724,-2.694136446624242,0.47702206831313704,-34.02297139900915,0.027409575328943007,-0.017673070170011743,-1.6687235096458621,0.0,6.661338147750939e-16,0.50443164364208,-35.70936797882503
19.300000000000004,0.0,453.0,460.91331177655735,460.58193589897274,0.9721840454002045,PILOT_DESC_ADD_SLACK_ACC,caténaire,,20.842036990662834,12.788778230595955,20.842036990662834,0.013942726968583148,-0.9999027954579783,0.8470390447648355,-0.5315306732860061,29.58793913227922,-456.3431941593661,0.0,-25.0,-10.832594496153321,6.797627903414086,4.600302734487184,29.355585981825083,8.829000000000008,-6.232291761666137,2.3242138852391605,0.29059483122992225,-20.840011050002357,10.832594496153321,-6.797627903414086,-1.6690755603653562,0.0,-4.440892098500626e-16,11.123189327383244,-29.3067145137818
19.400000000000006,0.0,453.0,461.01006933053895,460.6757553011915,0.9675755398162403,PILOT_DESC_ADD_SLACK_ACC,caténaire,,36.277313475410224,0.03212144959359975,36.277313475410224,0.013865050971133844,-0.99990387556083,0.8534667820351897,-0.5211472459511783,29.564557108151657,-456.3922394803102,0.0,-25.0,-0.027414590218955127,0.016740004991664104,4.054468491871316,31.217845827504675,8.829000000000008,4.027053901652361,-2.5944141675036683,0.5029868004323634,-36.27382633899781,0.027414590218955127,-0.016740004991664104,-1.6694259422365347,0.0,-4.440892098500626e-16,0.5304013906513185,-37.959992286226004
19.500000000000007,0.0,453.0,461.1063478978581,460.77130794678914,0.9627856731912138,PILOT_DESC_ADD_SLACK_ACC,caténaire,,19.051908104176857,12.78828938084185,19.051908104176857,0.013791533519578838,-0.9999048922788498,0.8597040918165717,-0.5107923986453242,29.53888830772051,-456.43993357379384,0.0,-25.0,-10.99414470804415,6.532161007410736,4.886308332297604,29.521401207771223,8.829000000000008,-6.107836375746546,2.2245622151819546,0.26275502923069083,-19.050096120613507,10.99414470804415,-6.532161007410736,-1.6697745895842977,0.0,4.440892098500626e-16,11.256899737274841,-27.25203171760854
19.60000000000001,0.0,453.0,461.2021298212324,460.8644472272434,0.9578192337432422,PILOT_DESC_ADD_SLACK_ACC,caténaire,,38.37417606895482,0.03163503677984458,38.37417606895482,0.01371688314896853,-0.999905919132734,0.8657597320477208,-0.5004598748797537,29.51483907175291,-456.48905806441076,0.0,-25.0,-0.02738834096583804,0.015832066548657427,4.289160406636789,31.318711776107317,8.829000000000008,4.261772065670951,-2.4944561573440325,0.5263740890757977,-38.370565793189634,0.02738834096583804,-0.015832066548657427,-1.6701214384674694,0.0,-4.440892098500626e-16,0.5537624300416358,-40.05651929820576
19.70000000000001,0.0,453.0,461.2974019019148,460.9592885851932,0.9527208068237285,PILOT_DESC_ADD_SLACK_ACC,caténaire,,17.394466799269274,12.787805318082485,17.394466799269274,0.013646288555795241,-0.9999068850691307,0.8716310018518582,-0.49016262261694965,29.488529027258288,-456.53688597586785,0.0,-25.0,-11.146247560886756,6.2681041922262875,5.133491960747251,29.68729328599886,8.829000000000008,-6.0127556001395055,2.1263974782251367,0.23736991321702858,-17.39284711469575,11.146247560886756,-6.2681041922262875,-1.6704664410902819,0.0,0.0,11.383617474103785,-25.33141774801232
19.80000000000001,0.0,453.0,461.39215104109206,461.05165164956185,0.9474913917728527,PILOT_DESC_ADD_SLACK_ACC,caténaire,,40.32257761167956,0.031154131623837955,40.32257761167956,0.013574592716751798,-0.9999078609714868,0.8773120417818415,-0.47992039063221326,29.46392095539098,-456.5860892874587,0.0,-25.0,-0.027331894824849514,0.014951503018719699,4.490812202813535,31.419295080436317,8.829000000000008,4.463480307988686,-2.3947534165449724,0.5473625683681645,-40.318862328551276,0.027331894824849514,-0.014951503018719699,-1.6708095500188505,0.0,-2.220446049250313e-16,0.5746944631930141,-42.00462338158885
19.900000000000013,0.0,453.0,461.486368111021,461.14567565708654,0.9421706992897283,PILOT_DESC_ADD_SLACK_ACC,caténaire,,15.863213547032547,12.787326637578339,15.863213547032547,0.013506856722268458,-0.9999087782500382,0.8828148082600548,-0.469721209140872,29.437070189060105,-456.63405012451494,0.0,-25.0,-11.288841313712412,6.006478529882578,5.346666447349151,29.85253926313094,8.829000000000008,-5.942174866363261,2.0300177930135135,0.21426215253451664,-15.86176647693277,11.288841313712412,-6.006478529882578,-1.671150732199468,0.0,4.440892098500626e-16,11.503103466246928,-23.539395739014818
20.000000000000014,0.0,453.0,461.58004377890154,461.2372241534355,0.9367566788053902,PILOT_DESC_ADD_SLACK_ACC,caténaire,,42.128792161527045,0.030677978848851595,42.128792161527045,0.013437979432223584,-0.9999097062779115,0.8881288524536753,-0.4595945402627383,29.4119924771021,-456.68333157056463,0.0,-25.0,-0.02724599815062869,0.014099431585227959,4.663860380352787,31.51916148138547,8.829000000000008,4.636614382202159,-2.2957390870293075,0.5661258425710226,-42.12498819607569,0.02724599815062869,-0.014099431585227959,-1.67148995383587,0.0,2.220446049250313e-16,0.5933718407216513,-43.81057758149679
20.100000000000016,0.0,453.0,461.6731722637308,461.3303822068012,0.9312848482928029,PILOT_DESC_ADD_SLACK_ACC,caténaire,,14.452343022169721,12.786853644790826,14.452343022169721,0.013372975717754691,-0.9999105777620578,0.8932703566843258,-0.44951982144178865,29.384683787360018,-456.7314239676181,0.0,-25.0,-11.422117316152573,5.747944167208656,5.5305897947434035,30.01653917616605,8.829000000000008,-5.891527521409169,1.935483343374699,0.19327083230013714,-14.45105066131317,11.422117316152573,-5.747944167208656,-1.6718271939936846,0.0,-4.440892098500626e-16,11.615388148452709,-21.87082202251551
20.200000000000017,0.0,453.0,461.76574733609465,461.42100564713843,0.9257507236385678,PILOT_DESC_ADD_SLACK_ACC,caténaire,,43.79919669494265,0.030207867423728274,43.79919669494265,0.013306854984311375,-0.9999114598855373,0.898219427100114,-0.439547336222099,29.35920949297315,-456.7807825881597,0.0,-25.0,-0.02713329337125741,0.013277787659050083,4.812536626157145,31.617956467684902,8.829000000000008,4.785403332785888,-2.1977657446560563,0.582829558848932,-43.79531870905391,0.02713329337125741,-0.013277787659050083,-1.672162430114737,0.0,-2.220446049250313e-16,0.6099628522201893,-45.4807589268277
20.30000000000002,0.0,453.0,461.8577659565483,461.5131854357347,0.9201862045363154,PILOT_DESC_ADD_SLACK_ACC,caténaire,,13.156572555182706,12.786386882044281,13.156572555182706,0.013244521084891176,-0.9999122874838732,0.9030026273179733,-0.42963502540742315,29.331510910676588,-456.8290047473926,0.0,-25.0,-11.546140948390056,5.493479652936237,5.689640196551394,30.17873804800278,8.829000000000008,-5.856500751838662,1.8432177009390074,0.1742525026120179,-13.155418559100285,11.546140948390056,-5.493479652936237,-1.6724956511924836,0.0,-4.440892098500626e-16,11.720393451002074,-20.321393863229005
20.40000000000002,0.0,453.0,461.9492244451904,461.6028212918054,0.9145848864209697,PILOT_DESC_ADD_SLACK_ACC,caténaire,,45.340002769300696,0.029743418821594148,45.340002769300696,0.01318104583251862,-0.9999131262418556,0.9075967208837772,-0.4198430566783437,29.30569978251766,-456.8784393344903,0.0,-25.0,-0.026995029390351668,0.012487567874122267,4.940645521980108,31.715356094881184,8.829000000000008,4.913650492589756,-2.101156337244703,0.5976286545486736,-45.336063912865846,0.026995029390351668,-0.012487567874122267,-1.6728268439011342,0.0,-2.220446049250313e-16,0.6246236839390253,-47.021378324641105
20.50000000000002,0.0,453.0,462.0401219987324,461.6940436186932,0.9089755354200535,PILOT_DESC_ADD_SLACK_ACC,caténaire,,11.970987515120754,12.785925119154268,13.105062966068925,0.013121194720096638,-0.999913913419109,0.9120402050805319,-0.4101007977517985,29.277667241930693,-456.9267890443055,0.0,-25.0,-11.661277767817781,5.243518091359924,5.8276658283315586,30.33859843215294,8.829000000000008,-5.8336119394862225,1.7531165235128583,0.1570736581777452,-11.969956973735687,11.661277767817781,-5.243518091359924,-1.6731560053317927,0.0,-4.440892098500626e-16,11.818351425995527,-18.886631070427406
20.600000000000023,0.0,453.0,462.1304570239973,461.78272022696524,0.9033502526490425,PILOT_DESC_ADD_SLACK_ACC,caténaire,,46.757148918741734,0.029284326938647354,46.757148918741734,0.013060176643092036,-0.9999147122560259,0.9162992168501373,-0.40049437599025667,29.251568214221905,-456.97629815537675,0.0,-25.0,-0.026833205839865946,0.011728208243588235,5.051476978303763,31.81105168210317,8.829000000000008,5.0246437724638975,-2.006220109653249,0.6106566242061269,-46.75316110699579,0.026833205839865946,-0.011728208243588235,-1.6734831297151902,0.0,4.440892098500626e-16,0.6374898300459928,-48.43837244495457
20.700000000000024,0.0,453.0,462.22023053205453,461.87291496421847,0.8977350805725953,PILOT_DESC_ADD_SLACK_ACC,caténaire,,10.891322058840181,12.785469928836289,13.115171985413788,0.013002716386259869,-0.9999154611098774,0.920413064362076,-0.3909472994555825,29.22324776778142,-457.0247730188533,0.0,-25.0,-11.767913556509383,4.998444940949105,5.9479856437394085,30.49586518534211,8.829000000000008,-5.819927912769974,1.6653101262912102,0.1416167718025148,-10.89040131856136,11.767913556509383,-4.998444940949105,-1.6738082207126475,0.0,2.220446049250313e-16,11.909530328311897,-17.562654480223113
20.800000000000026,0.0,453.0,462.3094426302169,461.9605308087021,0.8921209816237898,PILOT_DESC_ADD_SLACK_ACC,caténaire,,48.0561258264779,0.02883147183306356,48.0561258264779,0.012944093983506664,-0.9999162217060719,0.9243451937429855,-0.3815572863990971,29.19690099866315,-457.07435511105854,0.0,-25.0,-0.026650232417428567,0.011000858155515733,5.147833033875839,31.904905831753346,8.829000000000008,5.121182801458411,-1.9130933100911456,0.6220430091811519,-48.052099766243366,0.026650232417428567,-0.011000858155515733,-1.6741312787127685,0.0,4.440892098500626e-16,0.6486932415985804,-49.737231903111656
20.900000000000027,0.0,453.0,462.39809579228836,462.0497244803377,0.886531620714838,PILOT_DESC_ADD_SLACK_ACC,caténaire,,9.913389803262888,12.785019503934132,13.125088626104548,0.012888853138401688,-0.9999169352825148,0.928149227177501,-0.37220829126956256,29.168330777996683,-457.1229524382494,0.0,-25.0,-11.866405972025742,4.758690263407353,6.05336568622914,30.650145326621008,8.829000000000008,-5.813040285796602,1.5798355900283525,0.12777222527798415,-9.912566350339558,11.866405972025742,-4.758690263407353,-1.6744523126737798,0.0,0.0,11.994178197303727,-16.34570892642069
21.00000000000003,0.0,453.0,462.48619150378477,462.13632186512746,0.8809571149638074,PILOT_DESC_ADD_SLACK_ACC,caténaire,,49.24208618736396,0.028384386179210352,49.24208618736396,0.012832445192601405,-0.9999176607853164,0.9317761681550378,-0.36303329387029326,29.14176942592286,-457.17260580656045,0.0,-25.0,-0.026447894589497437,0.010304477209125163,5.232028224306779,31.996700746570582,8.829000000000008,5.205580329717281,-1.8219947762203006,0.6318963721687026,-49.23803163265791,0.026447894589497437,-0.010304477209125163,-1.6747713279750842,0.0,4.440892098500626e-16,0.6583442667582001,-50.92310743784212
21.10000000000003,0.0,453.0,462.5737334083172,462.2244756573547,0.8754190453241292,PILOT_DESC_ADD_SLACK_ACC,caténaire,,9.033487214190586,12.784575046779034,13.135234423467068,0.012779320642878844,-0.9999183411478691,0.935284147973943,-0.3538976724261624,29.11298115776275,-457.22132281204176,0.0,-25.0,-11.957210379835661,4.524431352012696,6.146116669210419,30.801292474146674,8.829000000000008,-5.811093710625243,1.4967238261593607,0.11544182963348786,-9.032749549993937,11.957210379835661,-4.524431352012696,-1.6750883378110548,0.0,4.440892098500626e-16,12.07265220946915,-15.232269239817688
21.20000000000003,0.0,453.0,462.6607241010928,462.3100443445755,0.8699069277557834,PILOT_DESC_ADD_SLACK_ACC,caténaire,,50.319765112303905,0.02794272415450827,50.319765112303905,0.012725003241114832,-0.9999190338684995,0.9386225048470296,-0.3449460731689635,29.086232746003564,-457.2710457049756,0.0,-25.0,-0.026227669738154148,0.009638732970741172,5.305981374634495,32.08636700845563,8.829000000000008,5.279753704896341,-1.7329942585736333,0.6403191741462042,-50.315690915584746,0.026227669738154148,-0.009638732970741172,-1.675403351579547,0.0,4.440892098500626e-16,0.6665468438843584,-52.000733000135035
21.300000000000033,0.0,453.0,462.74716815187327,462.3971403541363,0.8644405078045289,PILOT_DESC_ADD_SLACK_ACC,caténaire,,8.24804863393895,12.784136721685002,13.145518598066426,0.012673882093642768,-0.9999196831309384,0.9418500922069842,-0.33603333734868535,29.057253031417986,-457.3198794792535,0.0,-25.0,-12.040740350105713,4.2958961277096925,6.228133726934731,30.949123407637657,8.829000000000008,-5.812606623170982,1.4160195353473455,0.10453479588917355,-8.247386176496804,12.040740350105713,-4.2958961277096925,-1.675716385828744,0.0,4.440892098500626e-16,12.145275145994887,-14.21899869003524
21.400000000000034,0.0,453.0,462.8330690420037,462.4816828280234,0.8590089013040504,PILOT_DESC_ADD_SLACK_ACC,caténaire,,51.29356661826931,0.02750618387921122,51.29356661826931,0.012621530323886103,-0.999920345313707,0.9449171660510782,-0.3273095618859906,29.030340588788945,-457.36967008249985,0.0,-25.0,-0.02599106532002412,0.009003036994660122,5.371257278226305,32.1738139395211,8.829000000000008,5.345266212906281,-1.646183023484248,0.647403306492758,-51.28948084531148,0.02599106532002412,-0.009003036994660122,-1.6760274531654142,0.0,4.440892098500626e-16,0.6733943718127822,-52.97451133547156
21.500000000000036,0.0,453.0,462.91843206495497,462.5677547432039,0.8536302295130509,PILOT_DESC_ADD_SLACK_ACC,caténaire,,7.553681839585948,12.783703935181576,13.15563702999402,0.012572267936048256,-0.9999209659162789,0.9478834858757137,-0.3186171640136568,29.001191915172157,-457.4186176243699,0.0,-25.0,-12.117461848482991,4.073107493417778,6.300968607551282,31.093495155767563,8.829000000000008,-5.816493240931709,1.3376026491853352,0.09496691199093643,-7.553084841263036,12.117461848482991,-4.073107493417778,-1.6763365727584627,0.0,-4.440892098500626e-16,12.212428760473927,-13.302528907439276
21.600000000000037,0.0,453.0,463.0032614023046,462.65123264272495,0.8482933734961857,PILOT_DESC_ADD_SLACK_ACC,caténaire,,52.167608190417,0.02707585268910684,52.167608190417,0.012521798305924373,-0.9999215992102509,0.9506931257811225,-0.3101331659021954,28.974134873538734,-457.46847407987394,0.0,-25.0,-0.025740827026196192,0.008397119913974176,5.429131250481721,32.2589753651057,8.829000000000008,5.403390423455525,-1.5616275149803371,0.65323226786289,-52.16351820873555,0.025740827026196192,-0.008397119913974176,-1.6766437597503645,0.0,-6.661338147750939e-16,0.6789730948890862,-53.84855908839989
21.70000000000004,0.0,453.0,463.08756290329546,462.73630479240467,0.8430150099087725,PILOT_DESC_ADD_SLACK_ACC,caténaire,,40.862492574317145,3.2161258270418127,40.862492574317145,0.01247426865388825,-0.9999221932838327,0.9534156972777048,-0.30165958990966635,28.944836415837738,-457.5175323267318,0.0,-25.0,-3.066304847921905,0.9701751980833198,6.365891609040534,31.23430294707569,8.829000000000008,3.299586761118629,-1.6245218548409994,0.5097297102395457,-40.85931319795553,3.066304847921905,-0.9701751980833198,-1.676949035322605,0.0,-4.440892098500626e-16,3.5760345581614503,-43.506437431361455
21.80000000000004,0.0,453.0,463.1713412953509,462.818804480377,0.8377839205539908,PILOT_DESC_ADD_SLACK_ACC,caténaire,,35.40447146560072,4.810544468660522,35.40447146560072,0.012425510473724574,-0.9999228003648418,0.9559897348970592,-0.2934001137890889,28.917651317158764,-457.56745275004374,0.0,-25.0,-4.598831131305287,1.4114142944924695,5.48064344081578,32.34180755678737,8.829000000000008,0.8818123095104928,-0.0757781487201683,0.4399186310125046,-35.40173825332061,4.598831131305287,-1.4114142944924695,-1.6772524165942972,0.0,6.661338147750939e-16,5.038749762317792,-38.490404964407375
21.90000000000004,0.0,453.0,463.25460284442426,462.9028356702443,0.832615490733908,PILOT_DESC_ADD_SLACK_ACC,caténaire,,32.69904641045892,5.607648336032969,32.69904641045892,0.012377796193684986,-0.9999233921463121,0.9584808678785682,-0.28515684440452493,28.89126823853447,-457.6175543669422,0.0,-25.0,-5.374823643878689,1.5990593040334464,5.16203166835162,32.577012421588655,8.829000000000008,-0.21279197552706908,0.34707172562209365,0.4047421321965071,-32.69654140669577,5.374823643878689,-1.5990593040334464,-1.6775539262559314,0.0,0.0,5.779565776075196,-35.97315463698515
22.000000000000043,0.0,453.0,463.3373541843575,462.98675429017044,0.8275133993324172,PILOT_DESC_ADD_SLACK_ACC,caténaire,,31.317086895759324,6.006095258297507,31.317086895759324,0.012331589906009579,-0.9999239630543866,0.9608702034888182,-0.2769990109140412,28.86506889885386,-457.6676160598067,0.0,-25.0,-5.771077973013552,1.6636824460039223,5.090382444174584,32.52511439388737,8.829000000000008,-0.6806955288389682,0.3597968398912883,0.38618947264937054,-31.31470564012626,5.771077973013552,-1.6636824460039223,-1.677853588330211,0.0,0.0,6.157267445662923,-34.65624167446039
22.100000000000044,0.0,453.0,463.4196019277831,463.06995294328505,0.8224774342563096,PILOT_DESC_ADD_SLACK_ACC,caténaire,,30.597396090101707,6.205214354774867,30.597396090101707,0.012286814773333272,-0.9999245142423132,0.9631479644613524,-0.2689721148259673,28.838770279255396,-457.7175946101923,0.0,-25.0,-5.976539574847777,1.669029627952246,5.129034584891223,32.41716866144886,8.829000000000008,-0.8475049899565539,0.2571982894011029,0.3759445383053914,-30.595086422474605,5.976539574847777,-1.669029627952246,-1.6781514267630342,0.0,2.220446049250313e-16,6.352484113153168,-33.94226747718989
22.200000000000045,0.0,453.0,463.501352578791,463.1522828186499,0.8175065100788927,PILOT_DESC_ADD_SLACK_ACC,caténaire,,30.22464506067435,6.304670183212235,30.22464506067435,0.012243243514828424,-0.9999250486852687,0.9653130165514556,-0.26109534671519763,28.812253085044432,-457.7675052803096,0.0,-25.0,-6.085980192918622,1.6461200474107671,5.214646342703628,32.3291712404369,8.829000000000008,-0.8713338502149934,0.1462912878476601,0.3700476896270922,-30.222379683789764,6.085980192918622,-1.6461200474107671,-1.6784474651072412,0.0,0.0,6.456027882545714,-33.54694719630778
22.300000000000047,0.0,453.0,463.58261254532744,463.23375229704266,0.8125996653643728,PILOT_DESC_ADD_SLACK_ACC,caténaire,,30.04140287208678,6.35429509868233,30.04140287208678,0.012200665904876055,-0.9999255691057597,0.9673681328065361,-0.2533750098774464,28.78547744821865,-457.8173758424823,0.0,-25.0,-6.14694258491405,1.6100195833928446,5.316787938592389,32.27723302312072,8.829000000000008,-0.8301546463216605,0.058252606513562455,0.3665251197561148,-30.039166863606777,6.14694258491405,-1.6100195833928446,-1.6787417265675126,0.0,4.440892098500626e-16,6.513467704670164,-33.32792817356714
22.40000000000005,0.0,453.0,463.6633881736163,463.3144682895215,0.80775628288827,PILOT_DESC_ADD_SLACK_ACC,caténaire,,29.964895613665426,6.379005096931089,29.964895613665426,0.012158887564316788,-0.9999260779943677,0.9693207361636955,-0.24579932962290896,28.75844109503137,-457.8672311783573,0.0,-25.0,-6.183301916549209,1.5679551764867812,5.420831943437296,32.25752649839351,8.829000000000008,-0.7624699731119131,-0.00351832511971395,0.3643397966430472,-29.962680548483103,6.183301916549209,-1.5679551764867812,-1.6790342341250195,0.0,-4.440892098500626e-16,6.547641713192256,-33.2096699590949
22.50000000000005,0.0,453.0,463.7436857785345,463.3944646952584,0.8029760491821849,PILOT_DESC_ADD_SLACK_ACC,caténaire,,29.949446521688124,6.391258481284071,29.949446521688124,0.012117818375331865,-0.9999265765434092,0.9711745962294669,-0.2383692590048727,28.731158569157614,-457.91708971157436,0.0,-25.0,-6.207027874959214,1.523479548292292,5.519997393074216,32.261664135859824,8.829000000000008,-0.6870304818849977,-0.04385631584788996,0.3629219533915314,-29.94724752980152,6.207027874959214,-1.523479548292292,-1.6793250106474165,0.0,-6.661338147750939e-16,6.569949828350745,-33.150052088741226
22.60000000000005,0.0,453.0,463.82351166386525,463.47387575688543,0.7982588533075208,PILOT_DESC_ADD_SLACK_ACC,caténaire,,29.96885373354989,6.3972839618557895,29.96885373354989,0.012077330883567022,-0.9999270663797081,0.9729390257004714,-0.2310620095753898,28.70365099984843,-457.9669638371734,0.0,-25.0,-6.224167224977224,1.4781692880508102,5.611437794724924,32.28184583060844,8.829000000000008,-0.6127294302523003,-0.06898488134076075,0.3619437627413049,-29.966667996551102,6.224167224977224,-1.4781692880508102,-1.6796140789621858,0.0,2.220446049250313e-16,6.586110987718529,-33.1244513635641
22.700000000000053,0.0,453.0,463.9028721331279,463.5527717542087,0.7936046926263833,PILOT_DESC_ADD_SLACK_ACC,caténaire,,30.007720296781024,6.40019602034588,30.007720296781024,0.012037360968379303,-0.9999275483458372,0.9746199588458784,-0.22386588802061375,28.675941141537564,-458.01686142181944,0.0,-25.0,-6.237758781955056,1.4327855656007285,5.694273612263372,32.31222147862569,8.829000000000008,-0.5434851696916834,-0.08399295577358856,0.3612137610505153,-30.005546187807866,6.237758781955056,-1.4327855656007285,-1.6799014618958548,0.0,-2.220446049250313e-16,6.598972543005571,-33.11823321530445
22.800000000000054,0.0,453.0,463.9817734934805,463.63118722410854,0.7890136035260179,PILOT_DESC_ADD_SLACK_ACC,caténaire,,30.05689439867774,6.401551967315004,30.05689439867774,0.011997878824991499,-0.9999280228614961,0.9762215413387922,-0.21677523434680598,28.648051067553574,-458.06678722142095,0.0,-25.0,-6.24933292849263,1.3876979278979669,5.7685817781890965,32.34877417580257,8.829000000000008,-0.48075115030353377,-0.09252789629947245,0.3606189768509013,-30.05473098942661,6.24933292849263,-1.3876979278979669,-1.680187182288127,0.0,4.440892098500626e-16,6.609951905343531,-33.122616099612706
22.900000000000055,0.0,453.0,464.06022205506207,463.70909735527874,0.7844856158158242,PILOT_DESC_ADD_SLACK_ACC,caténaire,,30.110936784975113,6.40213067314436,30.110936784975113,0.011958898541709853,-0.9999284898159811,0.9777452120811283,-0.2097958537541426,28.620001184421028,-458.1167439616331,0.0,-25.0,-6.259652612784629,1.3431404704179049,5.83487871884603,32.38888173449857,8.829000000000008,-0.42477389393859966,-0.09697779508353221,0.36009363800735644,-30.10878354634464,6.259652612784629,-1.3431404704179049,-1.6804712629894998,0.0,0.0,6.6197462507919855,-33.132395279752046
23.000000000000057,0.0,453.0,464.13822412757617,463.78658910720173,0.7800207251407392,PILOT_DESC_ADD_SLACK_ACC,caténaire,,30.16664128708777,6.402321101606164,30.16664128708777,0.011920362653843837,-0.9999289499530458,0.9791973547559516,-0.2029101782536969,28.591809898599454,-458.166733068247,0.0,-25.0,-6.2691358869909655,1.2990961159643117,5.893855589965456,32.430864103573235,8.829000000000008,-0.37528029702550914,-0.09903978046246209,0.3595973041905046,-30.164497945807874,6.2691358869909655,-1.2990961159643117,-1.680753726848895,0.0,4.440892098500626e-16,6.62873319118147,-33.144347788621076
23.10000000000006,0.0,453.0,464.2157860153329,463.8636672062574,0.7756188775678283,PILOT_DESC_ADD_SLACK_ACC,caténaire,,30.222179852740844,6.40231797988808,30.222179852740844,0.011882268920496538,-0.9999294033507069,0.9805804186299867,-0.19611742043847108,28.56349358150122,-458.21675520100104,0.0,-25.0,-6.277987644920945,1.2556060870424934,5.946251244681279,32.47373024553934,8.829000000000008,-0.33173640023966566,-0.09966366741817012,0.35910806837387915,-30.220046268108906,6.277987644920945,-1.2556060870424934,-1.6810345966957037,0.0,-2.220446049250313e-16,6.637095713294824,-33.15668695184711
23.20000000000006,0.0,453.0,464.2929140116131,463.9403198464345,0.7712799628018243,PILOT_DESC_ADD_SLACK_ACC,caténaire,,30.276553323754655,6.402218732174797,30.276553323754655,0.01184462517983264,-0.999929849966661,0.9818961314006899,-0.1894201339360712,28.535066684582542,-458.26681055477343,0.0,-25.0,-6.286313805503462,1.212709129736574,5.992784081840541,32.51687789092352,8.829000000000008,-0.29352972366292107,-0.09941297933991677,0.35861442585708997,-30.274429422529604,6.286313805503462,-1.212709129736574,-1.6813138953193751,0.0,0.0,6.644928231360552,-33.16845244758555
23.30000000000006,0.0,453.0,464.3696143928361,464.0165894842748,0.76700381222999,PILOT_DESC_ADD_SLACK_ACC,caténaire,,30.32925423520101,6.402071838360132,30.32925423520101,0.011807404112424182,-0.999930290174333,0.983148303149424,-0.18280977548919,28.506541911938996,-458.31689903993913,0.0,-25.0,-6.294186064524477,1.1703613154362815,6.034122244778212,32.559937660914485,8.829000000000008,-0.26006381974626525,-0.09870102364924094,0.35810976118347093,-30.327139988175663,6.294186064524477,-1.1703613154362815,-1.681591645448302,0.0,0.0,6.652295825707948,-33.17909294906025
23.400000000000063,0.0,453.0,464.44589341281295,464.0924635720417,0.7627901997682588,PILOT_DESC_ADD_SLACK_ACC,caténaire,,30.38007455128095,6.4019017218781125,30.38007455128095,0.011770612744971544,-0.9999307239382176,0.9843384424120211,-0.1762890546513772,28.477930403216064,-458.3670204164948,0.0,-25.0,-6.301637969388337,1.1285852025209164,6.070874287280107,32.60271368935643,8.829000000000008,-0.23076368210822995,-0.09770110812266353,0.3575920927064932,-30.377969939359378,6.301637969388337,-1.1285852025209164,-1.6818678697290053,0.0,-4.440892098500626e-16,6.659230062094831,-33.1884230116093
23.500000000000064,0.0,453.0,464.5217572972754,464.16795946539884,0.7586388446248475,PILOT_DESC_ADD_SLACK_ACC,caténaire,,30.428971472861505,6.401720472862963,30.428971472861505,0.01173423854009503,-0.9999311514528809,0.9854691359807194,-0.16985459083997254,28.449241917448365,-458.41717435009,0.0,-25.0,-6.308697943182347,1.0873616115900142,6.103584663211693,32.64508254071672,8.829000000000008,-0.20511327997065365,-0.09655584769327419,0.3570608097923037,-30.42687648238527,6.308697943182347,-1.0873616115900142,-1.6821425907063245,0.0,-4.440892098500626e-16,6.665758752974651,-33.196380684681614
23.600000000000065,0.0,453.0,464.597212238751,464.2430504132621,0.7545494147556022,PILOT_DESC_ADD_SLACK_ACC,caténaire,,30.475996416783936,6.401534305331046,30.475996416783936,0.011698295444203803,-0.9999315726006955,0.9865413522883963,-0.16351195743731486,28.420485001048906,-458.4673604587058,0.0,-25.0,-6.31537831030185,1.046727404866801,6.132737145813215,32.68698127297124,8.829000000000008,-0.18264116448863454,-0.09529132216196956,0.35651721004003495,-30.473911023607922,6.31537831030185,-1.046727404866801,-1.682415830804859,0.0,0.0,6.671895520341885,-33.20305425927958
23.700000000000067,0.0,453.0,464.672264391831,464.3177662290572,0.7505215307999625,PILOT_DESC_ADD_SLACK_ACC,caténaire,,30.52124136720099,6.401346105933916,30.52124136720099,0.011662761988931576,-0.9999319876785567,0.9875579952036553,-0.15725522601598094,28.391667143040628,-458.51757832094876,0.0,-25.0,-6.321700526980823,1.0066451286951574,6.158757660413743,32.72835760614485,8.829000000000008,-0.16294286656708046,-0.09399726516000584,0.35596197367239774,-30.519165546722277,6.321700526980823,-1.0066451286951574,-1.6826876123118322,0.0,2.220446049250313e-16,6.677662500653221,-33.20849828772927
23.800000000000068,0.0,453.0,464.7469198688237,464.3921081938672,0.7465547699267462,PILOT_DESC_ADD_SLACK_ACC,caténaire,,30.56482326770419,6.401157402416731,30.56482326770419,0.011627633849014968,-0.999932396780439,0.9885208926504891,-0.15108423079024605,28.36279490879089,-458.5678275057483,0.0,-25.0,-6.327677829433273,0.9671139423114212,6.182021432800474,32.769197876649514,8.829000000000008,-0.1456563966327984,-0.0926881810390725,0.3553965736167175,-30.56275698724598,6.327677829433273,-0.9671139423114212,-1.6829579573613505,0.0,2.220446049250313e-16,6.68307440304999,-33.21282888691875
23.90000000000007,0.0,453.0,464.8211847358094,464.4660391838925,0.7426486698575272,PILOT_DESC_ADD_SLACK_ACC,caténaire,,30.606865208272286,6.400969124574387,30.606865208272286,0.011592928952199204,-0.9999327997412173,0.9894306998843132,-0.14500651753089627,28.333874060229814,-458.61810757710487,0.0,-25.0,-6.333315360865515,0.9281822415773217,6.202857210749206,32.80949460039679,8.829000000000008,-0.13045815011630868,-0.09132315802589375,0.3548232138090383,-30.604808419009764,6.333315360865515,-0.9281822415773217,-1.6832268879201184,0.0,-4.440892098500626e-16,6.688138574674554,-33.2162175485072
24.00000000000007,0.0,453.0,464.8950650090798,464.5396483513052,0.7388027327037978,PILOT_DESC_ADD_SLACK_ACC,caténaire,,30.64747848067268,6.400781222292393,30.64747848067268,0.01155859001641716,-0.9999331972671135,0.9902917982970788,-0.13900415182841658,28.304909663522743,-458.6684180804136,0.0,-25.0,-6.338641147130108,0.8897351648440096,6.2215514272994135,32.8492224329311,8.829000000000008,-0.1170897198306946,-0.09004240222489557,0.354241638795063,-30.64543114535409,6.338641147130108,-0.8897351648440096,-1.6834944257745437,0.0,4.440892098500626e-16,6.692882785925171,-33.21866073597264
24.100000000000072,0.0,453.0,464.96856665191757,464.61285858074757,0.7350164283777221,PILOT_DESC_ADD_SLACK_ACC,caténaire,,30.686784152321625,6.400594290159258,30.686784152321625,0.011524657899044635,-0.9999335889249396,0.9911036030325132,-0.13309262960799312,28.27590617488303,-458.71875858914996,0.0,-25.0,-6.343652062526172,0.8518719251312018,6.238356651879531,32.88841698785481,8.829000000000008,-0.10529541064664105,-0.08871108701399777,0.35365468937733113,-30.68474620999592,6.343652062526172,-0.8518719251312018,-1.683760592519076,0.0,0.0,6.697306751903503,-33.2203787276462
24.200000000000074,0.0,453.0,465.0416955717568,464.6857343042722,0.7312891983920782,PILOT_DESC_ADD_SLACK_ACC,caténaire,,30.72487997966745,6.400408095672524,30.72487997966745,0.011491090113635737,-0.9999339752443659,0.9918695228352163,-0.1272589866007113,28.246867526016732,-458.7691286599556,0.0,-25.0,-6.348369723805362,0.8145094480862739,6.2534910371003924,32.92705525980448,8.829000000000008,-0.0948786867049698,-0.08743529210924805,0.3530623645770012,-30.722851376974905,6.348369723805362,-0.8145094480862739,-1.6840254095459246,0.0,-2.220446049250313e-16,6.701432088382363,-33.2213862346071
24.300000000000075,0.0,453.0,465.1144576176365,464.75824591519233,0.7276204587970471,PILOT_DESC_ADD_SLACK_ACC,caténaire,,30.761863625271584,6.400222854152748,30.761863625271584,0.011457898943554198,-0.9999343561213402,0.9925903199041762,-0.1215090812759494,28.21779718936132,-458.8195278679603,0.0,-25.0,-6.352799250261496,0.777685198969435,6.267146453688464,32.96516041383449,8.829000000000008,-0.08565279657303204,-0.08615438719608193,0.3524663247337576,-30.759844297228415,6.352799250261496,-0.777685198969435,-1.6842888980358357,0.0,4.440892098500626e-16,6.705265574995254,-33.221818394233686
24.400000000000077,0.0,453.0,465.18685857797425,464.83036152285774,0.7240096033772647,PILOT_DESC_ADD_SLACK_ACC,caténaire,,30.79781814947461,6.400038720460327,30.79781814947461,0.011425097210139281,-0.9999347314468774,0.9932668167474057,-0.11584917241169879,28.188698240484072,-458.8699557865912,0.0,-25.0,-6.356946086931769,0.7414391891681565,6.279489291841196,33.002729257315835,8.829000000000008,-0.07745679509057268,-0.08483155351601823,0.3518680662179393,-30.795808020444664,6.356946086931769,-0.7414391891681565,-1.684551078950032,0.0,4.440892098500626e-16,6.708814153149708,-33.22179828856285
24.500000000000078,0.0,453.0,465.2589041786087,464.9021830099777,0.7204560063444002,PILOT_DESC_ADD_SLACK_ACC,caténaire,,30.832808641685464,6.399855218705735,30.832808641685464,0.011392622023624368,-0.9999351019758367,0.9939029086606737,-0.11025882348298764,28.159573411710497,-458.9204119752961,0.0,-25.0,-6.360834716878822,0.7056405068759529,6.290663908483927,33.0397425285308,8.829000000000008,-0.07017080839489509,-0.0836169645932543,0.3512665347814615,-30.830807653325213,6.360834716878822,-0.7056405068759529,-1.6848119730231221,0.0,-2.220446049250313e-16,6.712101251660283,-33.221260133224284
24.60000000000008,0.0,453.0,465.3306000810756,464.97364728556397,0.7169590246691261,PILOT_DESC_ADD_SLACK_ACC,caténaire,,30.866911626980468,6.399672708721931,30.866911626980468,0.011360504082659192,-0.999935467391265,0.99449853978266,-0.10475043852011778,28.13042513187315,-458.9708960295782,0.0,-25.0,-6.364465163910901,0.6703685226238523,6.300798364804091,33.0762465037117,8.829000000000008,-0.06366679910680961,-0.0823849736644533,0.3506636755573921,-30.864919704649587,6.364465163910901,-0.6703685226238523,-1.685071600756859,0.0,-4.440892098500626e-16,6.715128839468293,-33.2203598280303
24.70000000000008,0.0,453.0,465.40195188116513,465.044738545118,0.7135180008952595,PILOT_DESC_ADD_SLACK_ACC,caténaire,,30.90018598744809,6.399491241909305,30.90018598744809,0.011328746768217475,-0.999935827689288,0.9950548483382643,-0.09932697920763447,28.10125556926746,-459.0214075391456,0.0,-25.0,-6.367844787160115,0.6356421335245644,6.310002845414378,33.112232706934016,8.829000000000008,-0.057841941745736314,-0.08112515954142907,0.3500603821426214,-30.898203051111846,6.367844787160115,-0.6356421335245644,-1.6853299824149164,0.0,4.440892098500626e-16,6.717905169302736,-33.219175167051326
24.800000000000082,0.0,453.0,465.4729651076827,465.1155295637514,0.7101322651753689,PILOT_DESC_ADD_SLACK_ACC,caténaire,,30.932676966654554,6.399310470826937,30.932676966654554,0.011297304740829123,-0.9999361834165182,0.9955746667638574,-0.09397384156260821,28.072066665824714,-459.07194608442467,0.0,-25.0,-6.370991389511992,0.6013677882954304,6.3183732963532275,33.14768808568225,8.829000000000008,-0.05261809315876409,-0.07994412602233325,0.3494558781419223,-30.9307029488926,6.370991389511992,-0.6013677882954304,-1.6855871380183989,0.0,0.0,6.720447267653914,-33.21765787520643
24.900000000000084,0.0,453.0,465.5436452213928,465.18599535062117,0.7068011371014645,PILOT_DESC_ADD_SLACK_ACC,caténaire,,30.96443752216743,6.399130559527526,30.96443752216743,0.011266186998011313,-0.9999365345013281,0.9960587638282259,-0.08869576653362109,28.04286016302721,-459.12251127208316,0.0,-25.0,-6.373910074698411,0.5675757901260136,6.325994878778669,33.18264619773512,8.829000000000008,-0.04791519591974236,-0.07877801213887636,0.34885114341297635,-30.96247234869899,6.373910074698411,-0.5675757901260136,-1.685843087342021,0.0,2.220446049250313e-16,6.722761218111388,-33.215891226167024
25.000000000000085,0.0,453.0,465.6139976141784,465.2560901440111,0.7035239278560823,PILOT_DESC_ADD_SLACK_ACC,caténaire,,30.99551224598509,6.3989517139585494,30.99551224598509,0.01123541326845879,-0.9999368807523237,0.9965076464756206,-0.08350155995919778,28.013637628763657,-459.1731027137599,0.0,-25.0,-6.376604312387973,0.5343224502191212,6.332941469145999,33.21711275470917,8.829000000000008,-0.04366284324197345,-0.07756479507171576,0.34824738955121776,-30.99355583257078,6.376604312387973,-0.5343224502191212,-1.6860978499110582,0.0,0.0,6.7248517019391905,-33.213976132700964
25.100000000000087,0.0,453.0,465.6840276083685,465.3259012835239,0.7002999419010019,PILOT_DESC_ADD_SLACK_ACC,caténaire,,31.025929405959346,6.398773506145684,31.025929405959346,0.011204931487284667,-0.9999372227846932,0.9969240426029526,-0.07837380480866173,27.98440048081203,-459.2237200053903,0.0,-25.0,-6.379091151447424,0.5014962257854978,6.339277043680435,33.25106633133612,8.829000000000008,-0.039814107766988904,-0.07643744287839382,0.34764341332310517,-31.023981684508936,6.379091151447424,-0.5014962257854978,-1.686351444998917,0.0,-4.440892098500626e-16,6.7267345647705294,-33.211829355293354
25.200000000000088,0.0,453.0,465.7537404561938,465.39537747801336,0.6971284782527194,PILOT_DESC_ADD_SLACK_ACC,caténaire,,31.055728863811737,6.3985962220426815,31.055728863811737,0.011174764547806476,-0.9999375603692968,0.9973082948092031,-0.07332233701103498,27.955150002271264,-459.27436277151276,0.0,-25.0,-6.381373087377996,0.4691600285901487,6.3450591099103875,33.284543712199394,8.829000000000008,-0.03631397746760889,-0.07529625921046801,0.3470404579136137,-31.053789755570264,6.381373087377996,-0.4691600285901487,-1.6866038916251602,0.0,0.0,6.72841354529161,-33.20955367578557
25.30000000000009,0.0,453.0,465.8231413394172,465.4645622995078,0.6940088322339556,PILOT_DESC_ADD_SLACK_ACC,caténaire,,31.08493867574689,6.398419650628075,31.08493867574689,0.011144884665057997,-0.9999378938443141,0.9976622002381129,-0.0683383802562476,27.925887360135707,-459.3250306320553,0.0,-25.0,-6.383461426692382,0.4372576351236683,6.350337298772823,33.31753808944198,8.829000000000008,-0.03312412791955932,-0.07420427543435437,0.34643805636159974,-31.083008109706007,6.383461426692382,-0.4372576351236683,-1.686855208554171,0.0,-4.440892098500626e-16,6.729899483053982,-33.20712095338385
25.40000000000009,0.0,453.0,465.8922353690804,465.5334088022848,0.6909402966322616,PILOT_DESC_ADD_SLACK_ACC,caténaire,,31.11359009325073,6.3982440301556744,31.11359009325073,0.011115312040783063,-0.9999382230109197,0.9979862348104377,-0.06343086889587762,27.896613617904634,-459.37572322333415,0.0,-25.0,-6.385359469053422,0.40584617824063624,6.355155914910841,33.35007028350045,8.829000000000008,-0.030203554142580913,-0.07308353825892056,0.34583726259549846,-31.111667989335288,6.385359469053422,-0.40584617824063624,-1.687105414294234,0.0,-6.661338147750939e-16,6.731196731648921,-33.20461958187016
25.500000000000092,0.0,453.0,465.9610275853837,465.6020114638973,0.6879221630329364,PILOT_DESC_ADD_SLACK_ACC,caténaire,,31.141701988817427,6.3980689140733205,31.141701988817427,0.011085992968185028,-0.9999385484918106,0.9982826515493665,-0.05858111995827758,27.86732974939991,-459.42644017207914,0.0,-25.0,-6.38708120033669,0.37480604255665595,6.359553383327847,33.38212697444616,8.829000000000008,-0.02752781700884288,-0.0720669829971925,0.3452366892653437,-31.139788284262632,6.38708120033669,-0.37480604255665595,-1.6873545270971009,0.0,-2.220446049250313e-16,6.732317889602033,-33.20194885391639
25.600000000000094,0.0,453.0,466.0295229576526,465.6702571734119,0.6849537226891064,PILOT_DESC_ADD_SLACK_ACC,caténaire,,31.169307847266307,6.397894875017906,31.169307847266307,0.011056981986738162,-0.999938869706216,0.998551143466155,-0.05381090858212812,27.8380366466844,-459.4771811397323,0.0,-25.0,-6.388625243225383,0.3442765362376546,6.363564787457498,33.41375317135572,8.829000000000008,-0.025060455767885514,-0.07097029240662778,0.34463847540632,-31.16740245832056,6.388625243225383,-0.3442765362376546,-1.687602564957868,0.0,-2.220446049250313e-16,6.7332637186317035,-33.19928155951608
25.700000000000095,0.0,453.0,466.0977263844421,465.73824597581313,0.6820342678950928,PILOT_DESC_ADD_SLACK_ACC,caténaire,,31.19641776488608,6.397721402404211,31.19641776488608,0.011028223178099681,-0.9999391872976746,0.9987938411520237,-0.04910053845718754,27.80873513255467,-459.52794576102787,0.0,-25.0,-6.390004734127814,0.31413156575711976,6.36721986386626,33.444913049617895,8.829000000000008,-0.02278487026155407,-0.06995538462498985,0.3440410574683973,-31.194520626418925,6.390004734127814,-0.31413156575711976,-1.687849545615356,0.0,4.440892098500626e-16,6.734045791596211,-33.1965017377914
25.800000000000097,0.0,453.0,466.16564269368433,465.80594107543624,0.6791630924218889,PILOT_DESC_ADD_SLACK_ACC,caténaire,,31.223055512329903,6.397548716199307,31.223055512329903,0.010999731560819532,-0.9999395011227379,0.9990113037310075,-0.044456889428664575,27.779425965713724,-459.5787336979458,0.0,-25.0,-6.391223483652904,0.2844151158905676,6.370546166911399,33.47564185311237,8.829000000000008,-0.020677316741504193,-0.06894303099706889,0.3434452291441955,-31.221166552526714,6.391223483652904,-0.2844151158905676,-1.6880954865526427,0.0,-2.220446049250313e-16,6.734668712797099,-33.193677154969926
25.900000000000098,0.0,453.0,466.2332766429465,465.87336425807985,0.676339492621881,PILOT_DESC_ADD_SLACK_ACC,caténaire,,31.249238242275798,6.397376714685838,31.249238242275798,0.010971492186094433,-0.9999398113682696,0.9992046561723783,-0.03987549477360031,27.75010984892871,-459.629544613315,0.0,-25.0,-6.392288600602842,0.2550985617512075,6.373567760063033,33.505940087869476,8.829000000000008,-0.018720840539808492,-0.06796135037932771,0.34285077319653223,-31.24735739338338,6.392288600602842,-0.2550985617512075,-1.6883404049979998,0.0,-4.440892098500626e-16,6.735139373799374,-33.19079636013259
26.0000000000001,0.0,453.0,466.3006329197544,465.9404910992324,0.6735627680783495,PILOT_DESC_ADD_SLACK_ACC,caténaire,,31.274983950469952,6.3972055229124924,31.274983950469952,0.010943513581467768,-0.999940117962317,0.9993746106681521,-0.03536081944581323,27.720787434575275,-459.68037818018144,0.0,-25.0,-6.393204778824825,0.22621042945346784,6.376306341743084,33.53582063131826,8.829000000000008,-0.01689843708174088,-0.06696893922828195,0.3422582116221544,-31.273111140702493,6.393204778824825,-0.22621042945346784,-1.6885843179260598,0.0,4.440892098500626e-16,6.73546299044698,-33.18790588808202
26.1000000000001,0.0,453.0,466.36771614198574,466.0073230818613,0.6708322223134077,PILOT_DESC_ADD_SLACK_ACC,caténaire,,31.300303968751646,6.397035120287638,31.300303968751646,0.01091579113708175,-0.9999404209770958,0.9995221000273604,-0.03091232047089345,27.691459330381242,-459.7312340680098,0.0,-25.0,-6.393977977378678,0.1977471997018919,6.3787811506882885,33.56527817938925,8.829000000000008,-0.015196826690389464,-0.06597462090886097,0.3416675806500639,-31.298439127224583,6.393977977378678,-0.1977471997018919,-1.6888272420592452,0.0,-6.661338147750939e-16,6.735645558028742,-33.18501356898572
26.200000000000102,0.0,453.0,466.43453085831,466.0738845903381,0.6681471632426488,PILOT_DESC_ADD_SLACK_ACC,caténaire,,31.325207208413662,6.39686539299193,31.325207208413662,0.010888309122780295,-0.9999407206052002,0.9996481499614673,-0.026525012320745594,27.662126103804585,-459.78211194562266,0.0,-25.0,-6.394614655656917,0.16967693336326203,6.3810095532437705,33.59431130955497,8.829000000000008,-0.013605102413146497,-0.06501175708177698,0.34107853942035354,-31.32335026908837,6.394614655656917,-0.16967693336326203,-1.689069193869358,0.0,0.0,6.73569319507727,-33.18209639632099
26.300000000000104,0.0,453.0,466.50108154867206,466.14018679573695,0.6655069036205654,PILOT_DESC_ADD_SLACK_ACC,caténaire,,31.349706250926026,6.396696310678964,31.349706250926026,0.010861058546921223,-0.999941016964121,0.9997536265692982,-0.022196534899312188,27.63278828563793,-459.8330114923205,0.0,-25.0,-6.395120334663744,0.14198449290028714,6.383007374566666,33.62293329781468,8.829000000000008,-0.012112960097078407,-0.06408220928503994,0.34049099502008984,-31.34785715007743,6.395120334663744,-0.14198449290028714,-1.6893101895793337,0.0,-4.440892098500626e-16,6.7356113296838345,-33.179151832557054
26.400000000000105,0.0,453.0,466.56737262483045,466.2062404480224,0.6629107615841547,PILOT_DESC_ADD_SLACK_ACC,caténaire,,31.37381544688077,6.396527845288979,31.37381544688077,0.010834030923904,-0.9999413101647215,0.9998393418916749,-0.017924575465607436,27.603446373471023,-459.88393239850376,0.0,-25.0,-6.395500191225506,0.11465504608074163,6.384788956070772,33.65115827370002,8.829000000000008,-0.0107112351547336,-0.06318668021924623,0.33990488675236324,-31.371974122820134,6.395500191225506,-0.11465504608074163,-1.6895502451651871,0.0,2.220446049250313e-16,6.735405077977869,-33.17617941406606
26.500000000000107,0.0,453.0,466.63340843094505,466.2720347493055,0.6603580611457758,PILOT_DESC_ADD_SLACK_ACC,caténaire,,31.397549959883097,6.396360063936516,31.397549959883097,0.01080722837893359,-0.9999416002021145,0.9999060004480119,-0.01371095430888654,27.57410083474629,-459.9348743659072,0.0,-25.0,-6.395758808956152,0.08770020057982017,6.386367328820281,33.679000709193495,8.829000000000008,-0.009391480135870545,-0.062299090226694886,0.3393204929554338,-31.395716349311343,6.395758808956152,-0.08770020057982017,-1.6897893763581444,0.0,0.0,6.735079301911585,-33.17320592624931
26.600000000000108,0.0,453.0,466.69919324420846,466.33756502719064,0.6578481326342537,PILOT_DESC_ADD_SLACK_ACC,caténaire,,31.420921027697414,6.396192986956827,31.420921027697414,0.01078065001025695,-0.9999418871041239,0.9999543373108555,-0.009556322159056916,27.544752109606318,-459.98583709890727,0.0,-25.0,-6.395900919584755,0.061124080774859965,6.38775430100521,33.70646360945636,8.829000000000008,-0.008146618579544906,-0.06141230976879086,0.338737952599529,-31.4190950669854,6.395900919584755,-0.061124080774859965,-1.6900275986469255,0.0,-2.220446049250313e-16,6.734638872184284,-33.17024674640719
26.70000000000011,0.0,453.0,466.7647312755056,466.4028320680646,0.6553803129711409,PILOT_DESC_ADD_SLACK_ACC,caténaire,,31.443936613116872,6.3960266062831215,31.443936613116872,0.010754292316583569,-0.9999421709262839,0.9999850925222843,-0.005460286915424147,27.515400613237038,-460.03682030214503,0.0,-25.0,-6.3959312576590195,0.03492414038899244,6.388960674883028,33.73354684670632,8.829000000000008,-0.006970582775991829,-0.06052901290469492,0.33815728592158356,-31.44211823938855,6.3959312576590195,-0.03492414038899244,-1.6902649272801364,0.0,6.661338147750939e-16,6.734088543580603,-33.167307307057676
26.80000000000011,0.0,453.0,466.8300266700937,466.467884417606,0.6529539458810165,PILOT_DESC_ADD_SLACK_ACC,caténaire,,31.466603067435937,6.395860705534335,31.466603067435937,0.010728129237482656,-0.9999424519656439,0.9999990011815496,-0.0014133774807992704,27.486046737880766,-460.0878236814176,0.0,-25.0,-6.395854317230656,0.009039765491531161,6.389996388367965,33.760251480544106,8.829000000000008,-0.005857928862690542,-0.05970875396437236,0.3375777843720209,-31.464792226281542,6.395854317230656,-0.009039765491531161,-1.6905013772687278,0.0,4.440892098500626e-16,6.733432101602677,-33.164333369041806
26.900000000000112,0.0,453.0,466.89508350830215,466.53267253025143,0.6505683820849228,PILOT_DESC_ADD_SLACK_ACC,caténaire,,31.48893547162465,6.395695546921739,31.48893547162465,0.010702181587465932,-0.9999427300147089,0.9999966840707554,0.002575237366494603,27.456690854581346,-460.13884696353,0.0,-25.0,-6.395674339247835,-0.016470434157156,6.3908706298883065,33.78660487078901,8.829000000000008,-0.004803709359528341,-0.058865563368151186,0.3370003054133242,-31.487132100753357,6.395674339247835,0.016470434157156,-1.6907369633885339,0.0,0.0,6.732674644661159,-33.16139862998473
27.000000000000114,0.0,453.0,466.9599058062749,466.5972232566314,0.6482229797276673,PILOT_DESC_ADD_SLACK_ACC,caténaire,,31.51093931436683,6.3955309880996465,31.51093931436683,0.010676433839828924,-0.9999430052560314,0.9999788040541788,0.006510871091812335,27.427333314992786,-460.1898898676386,0.0,-25.0,-6.395395428771325,-0.04164047782720797,6.391591809225407,33.81259646061591,8.829000000000008,-0.0038036195459181243,-0.058044017211308585,0.33642445882070166,-31.509143356448398,6.395395428771325,0.04164047782720797,-1.6909717001829565,0.0,2.220446049250313e-16,6.731819887592026,-33.158474578804146
27.100000000000115,0.0,453.0,467.02449751671253,466.66153601643464,0.6459171043766349,PILOT_DESC_ADD_SLACK_ACC,caténaire,,31.53262234768184,6.395367044102121,31.53262234768184,0.01065088362911393,-0.9999432777302515,0.9999459846251953,0.010393643824403045,27.397974452679264,-460.24095212011014,0.0,-25.0,-6.395021595954221,-0.06647116718272277,6.392167777689523,33.83823537724904,8.829000000000008,-0.0028538182646977717,-0.05723578993369216,0.33585029114595655,-31.530833745771158,6.395021595954221,0.06647116718272277,-1.6912056019656543,0.0,4.440892098500626e-16,6.730871887100178,-33.15556818055409
27.200000000000117,0.0,453.0,467.0888625296333,466.7256762416869,0.6436501292073246,PILOT_DESC_ADD_SLACK_ACC,caténaire,,31.553991683409333,6.395203431333485,31.553991683409333,0.010625498100169781,-0.9999435478016363,0.9998986612140806,0.01423612666034649,27.36861458444794,-460.2920334517463,0.0,-25.0,-6.3945553491820455,-0.09104292606714598,6.392605812750261,33.863527088696905,8.829000000000008,-0.0019495364317840824,-0.05651583737024879,0.3352768786848389,-31.552210391211656,6.3945553491820455,0.09104292606714598,-1.6914386828232986,0.0,0.0,6.7298322278668845,-33.15260614796781
27.300000000000118,0.0,453.0,467.15300467314574,466.7895461931047,0.6414214351246037,PILOT_DESC_ADD_SLACK_ACC,caténaire,,31.575066405642435,6.395040643927683,31.575066405642435,0.010600320246998491,-0.999943815026955,0.9998376244665839,0.018020119339739994,27.339254011839078,-460.34313362277135,0.0,-25.0,-6.394002245791907,-0.11523939558606454,6.392912548592518,33.88851021971563,8.829000000000008,-0.001089697199389228,-0.05572917587044657,0.33470581572005337,-31.573292361387537,6.394002245791907,0.11523939558606454,-1.691670956618372,0.0,6.661338147750939e-16,6.728708061511961,-33.149723922419845
27.40000000000012,0.0,453.0,467.2169277142649,466.8531812805912,0.6392304111913651,PILOT_DESC_ADD_SLACK_ACC,caténaire,,31.595846665337245,6.3948784674616945,31.595846665337245,0.01057533107302267,-0.9999440796228037,0.9997633867361749,0.021752483578053042,27.309893021744156,-460.39425237116615,0.0,-25.0,-6.393365354395744,-0.13910448884710552,6.393094355049927,33.91315490523539,8.829000000000008,-0.0002709993458172022,-0.054949583611723085,0.3341365390184007,-31.594079813673883,6.393365354395744,0.13910448884710552,-1.6919024369921214,0.0,2.220446049250313e-16,6.727501893414145,-33.1468777618189
27.50000000000012,0.0,453.0,467.28063535969727,466.916617149003,0.6370764543240055,PILOT_DESC_ADD_SLACK_ACC,caténaire,,31.61633478947528,6.394716747570388,31.61633478947528,0.010550511963979357,-0.9999443417997314,0.9996763476021252,0.02544012666782124,27.280531887270087,-460.44538943726474,0.0,-25.0,-6.392647082161306,-0.16268240406302853,6.3931572297537596,33.93746388958807,8.829000000000008,0.0005101475924531584,-0.05421851447496806,0.3335685184535357,-31.61457508118181,6.392647082161306,0.16268240406302853,-1.692133137367404,0.0,-6.661338147750939e-16,6.726215600614842,-33.144025814486184
27.600000000000122,0.0,453.0,467.3441312566305,466.97983202117734,0.6349589693321684,PILOT_DESC_ADD_SLACK_ACC,caténaire,,31.636540706427073,6.3945556143383815,31.636540706427073,0.010525870705093992,-0.9999446014884522,0.9995771112554205,0.029079179050810637,27.251170868956034,-460.4965445775729,0.0,-25.0,-6.39185142874249,-0.1859484276597122,6.3931066439848525,33.96145827493138,8.829000000000008,0.001255215242362162,-0.05349015272833668,0.3330021370322943,-31.634788089161415,6.39185142874249,0.1859484276597122,-1.692363070951544,0.0,0.0,6.724853565774785,-33.141202732453245
27.700000000000124,0.0,453.0,467.40741899354316,467.0428691794736,0.6328773691266271,PILOT_DESC_ADD_SLACK_ACC,caténaire,,31.656470593120197,6.394394873597231,31.656470593120197,0.010501385631267963,-0.9999448589296429,0.9994659336369589,0.03267793596912484,27.221810215358698,-460.5477175494938,0.0,-25.0,-6.39097984238324,-0.20895562624071046,6.39294781717917,33.98513891067237,8.829000000000008,0.0019679747959298055,-0.05281671556834766,0.33243680542324927,-31.654725021447966,6.39097984238324,0.20895562624071046,-1.6925922507392677,0.0,4.440892098500626e-16,6.72341664780649,-33.138361645946524
27.800000000000125,0.0,453.0,467.47050210101264,467.10568034940883,0.6308310746949949,PILOT_DESC_ADD_SLACK_ACC,caténaire,,31.676137286553928,6.394234776360072,31.676137286553928,0.010477076509698533,-0.9999451139276646,0.999343565820072,0.0362275786387043,27.19245016420133,-460.5989081287375,0.0,-25.0,-6.390037382098385,-0.23164764319492231,6.392685470991669,34.00852978405358,8.829000000000008,0.0026480888932836066,-0.05211785914135447,0.33187331388294,-31.67439870779151,6.390037382098385,0.23164764319492231,-1.6928206895156253,0.0,0.0,6.721910695981325,-33.13557175411221
27.900000000000126,0.0,453.0,467.53338405254254,467.16826819597003,0.6288195152988937,PILOT_DESC_ADD_SLACK_ACC,caténaire,,31.69554408569892,6.394075285720945,31.69554408569892,0.010452939963930314,-0.9999453665306473,0.9992105000353594,0.0397287882911977,27.163090942409543,-460.65011608253417,0.0,-25.0,-6.389027163508959,-0.25402886334438685,6.392324313690095,34.03161931684793,8.829000000000008,0.003297150181135855,-0.05140954649646545,0.33131161945191734,-31.693812448162497,6.389027163508959,0.25402886334438685,-1.6930483998589911,0.0,2.220446049250313e-16,6.7203387829608765,-33.1328319846771
28.000000000000128,0.0,453.0,467.59606826537134,467.23068129601313,0.6268421282879912,PILOT_DESC_ADD_SLACK_ACC,caténaire,,31.714691886121113,6.3939161769166075,31.714691886121113,0.010428952410935723,-0.9999456169970496,0.9990668421955323,0.04319079561025882,27.133732766546242,-460.7013411749585,0.0,-25.0,-6.387949644135006,-0.27615832674633267,6.391868865991929,34.05440299837212,8.829000000000008,0.003919221856923727,-0.050755328374222586,0.3307510124078464,-31.712967145938702,6.387949644135006,0.27615832674633267,-1.6932753941439904,0.0,4.440892098500626e-16,6.718700656542852,-33.13008421333636
28.10000000000013,0.0,453.0,467.65855810127056,467.292861537045,0.6248983589921945,PILOT_DESC_ADD_SLACK_ACC,caténaire,,31.733590667251963,6.393757745524405,31.733590667251963,0.010405137723242435,-0.9999458650891859,0.9989134901056395,0.046602996523511915,27.10437584410345,-460.75258318811626,0.0,-25.0,-6.386810864471748,-0.2979682699868512,6.39132308763375,34.07690449592621,8.829000000000008,0.004512223162001838,-0.05006377406065354,0.33019238134575746,-31.73187277215138,6.386810864471748,0.2979682699868512,-1.6935016845443882,0.0,0.0,6.717003245817505,-33.12740618670892
28.20000000000013,0.0,453.0,467.7208568673599,467.3548570295477,0.6229876608935305,PILOT_DESC_ADD_SLACK_ACC,caténaire,,31.752240110816267,6.393599745636618,31.752240110816267,0.010381472737637685,-0.99994611105989,0.9987504944152709,0.04997449254621955,27.075020372981964,-460.80384189165983,0.0,-25.0,-6.385610907047923,-0.3195169028318284,6.390691166213208,34.09910695341676,8.829000000000008,0.005080259165285206,-0.04940994941507881,0.3296350150693648,-31.750529016250574,6.385610907047923,0.3195169028318284,-1.6937272830360437,0.0,-4.440892098500626e-16,6.715245922117288,-33.12473939645479
28.300000000000132,0.0,453.0,467.78296781689676,467.41664797296687,0.6211094953686197,PILOT_DESC_ADD_SLACK_ACC,caténaire,,31.770646842312047,6.393442291600586,31.770646842312047,0.010357964378849895,-0.999946354848062,0.9985784483617951,0.05330180547926762,27.045666542679374,-460.8551170678185,0.0,-25.0,-6.384353683237192,-0.34078201736981745,6.389976773060702,34.12102681018692,8.829000000000008,0.005623089823510341,-0.048755207182907156,0.3290792282856881,-31.768942501135022,6.384353683237192,0.34078201736981745,-1.6939522013997665,0.0,-4.440892098500626e-16,6.71343291152288,-33.12211268516497
28.400000000000134,0.0,453.0,467.8448941500744,467.4782941770799,0.6192633317763897,PILOT_DESC_ADD_SLACK_ACC,caténaire,,31.78881443443028,6.393285114748999,31.78881443443028,0.01033458494853237,-0.9999465967510173,0.9983971522940801,0.05659616851935558,27.01631453432999,-460.9064084985105,0.0,-25.0,-6.3830376523695325,-0.36183544174662197,6.3891835629594205,34.14266337257402,8.829000000000008,0.006145910589888004,-0.04817206917260819,0.3285242031857517,-31.787116808458173,6.3830376523695325,0.36183544174662197,-1.6941764512242112,0.0,2.220446049250313e-16,6.711561855555284,-33.11945781793576
28.500000000000135,0.0,453.0,467.90663901481014,467.53974241334396,0.6174486473568676,PILOT_DESC_ADD_SLACK_ACC,caténaire,,31.806756734988745,6.393128502059299,31.806756734988745,0.010311356037358062,-0.9999468365551596,0.9982075058565734,0.05984793439709563,26.98696452230916,-460.95771598952405,0.0,-25.0,-6.381668856661184,-0.3826155351834472,6.388314492898066,34.164048153452654,8.829000000000008,0.006645636236881636,-0.04756738173080066,0.3279707930881054,-31.805065778231512,6.381668856661184,0.3826155351834472,-1.694400043908725,0.0,0.0,6.709639649749289,-33.11685028695679
28.600000000000136,0.0,453.0,467.968205507555,467.6009632526758,0.6156649274486511,PILOT_DESC_ADD_SLACK_ACC,caténaire,,31.824477971153513,6.392972560904652,31.824477971153513,0.010288288511065558,-0.9999470741591842,0.998010253480854,0.06305183539819902,26.957616673389758,-461.00903933945585,0.0,-25.0,-6.380252166004596,-0.40308865361536295,6.387372887630419,34.185171329432336,8.829000000000008,0.007120721625822668,-0.046917324183034737,0.3274194110812776,-31.822793633898364,6.380252166004596,0.40308865361536295,-1.6946229906662873,0.0,2.220446049250313e-16,6.707671577085874,-33.11432797094929
28.700000000000138,0.0,453.0,468.02959667408146,467.66206933583896,0.6139116652647443,PILOT_DESC_ADD_SLACK_ACC,caténaire,,31.841973369651416,6.392816756029721,31.841973369651416,0.010265332468064332,-0.9999473100865465,0.9978044658419897,0.0662287546748502,26.928271146167273,-461.06037833177317,0.0,-25.0,-6.378781108475957,-0.4233882926163641,6.386362322432945,34.2060124911331,8.829000000000008,0.0075812139569881865,-0.04637580148327203,0.32686844307872254,-31.84029561883038,6.378781108475957,0.4233882926163641,-1.6948453025263563,0.0,-4.440892098500626e-16,6.7056495515546795,-33.11175262874037
28.80000000000014,0.0,453.0,468.090815510239,467.722966826038,0.6121883615755591,PILOT_DESC_ADD_SLACK_ACC,caténaire,,31.859258520874565,6.392661584903029,31.859258520874565,0.010242526676265747,-0.9999475439478243,0.9975915816649972,0.06936163342316189,26.898928094195174,-461.1117327861306,0.0,-25.0,-6.37726538153248,-0.44340544945037297,6.385285008060251,34.22661961090034,8.829000000000008,0.008019626527770995,-0.045785838550038704,0.32631930528610453,-31.857587309947313,6.37726538153248,0.44340544945037297,-1.6950669903376083,0.0,4.440892098500626e-16,6.703584686818584,-33.10924885083455
28.90000000000014,0.0,453.0,468.15186496274805,467.7836741146759,0.6104945250903762,PILOT_DESC_ADD_SLACK_ACC,caténaire,,31.87633398303856,6.392506922564641,31.87633398303856,0.010219861640610454,-0.9999477758503426,0.9973717562165245,0.07245398471834291,26.86958766383278,-461.1631025060218,0.0,-25.0,-6.375705855984586,-0.46316259887939976,6.384144092154331,34.246970923461944,8.829000000000008,0.00843823616974504,-0.04519167541746327,0.3257717229165432,-31.874669268602098,6.375705855984586,0.46316259887939976,-1.6952880647708108,0.0,-2.220446049250313e-16,6.701477578901129,-33.10679473449351
29.000000000000142,0.0,453.0,468.2127479299581,467.84423863858734,0.6088296721003146,PILOT_DESC_ADD_SLACK_ACC,caténaire,,31.893199809424612,6.3923525544566795,31.893199809424612,0.010197315905814554,-0.9999480060224716,0.9971446923703045,0.0755146507489177,26.840249994797162,-461.2144872935401,0.0,-25.0,-6.374100421436236,-0.48271627061374806,6.382942482073271,34.26706432738863,8.829000000000008,0.00884206063703541,-0.044651943225126445,0.32522503370396727,-31.89154155511041,6.374100421436236,0.48271627061374806,-1.6955085363215698,0.0,2.220446049250313e-16,6.699325455140203,-33.10433382081823
29.100000000000144,0.0,453.0,468.2734672625922,467.90463164181574,0.6071933263413232,PILOT_DESC_ADD_SLACK_ACC,caténaire,,31.90986515868422,6.392198647925406,31.90986515868422,0.010174900314508411,-0.9999482343619542,0.9969110786323776,0.07853853385459632,26.810915221805974,-461.2658869689252,0.0,-25.0,-6.372453648935743,-0.5020339099153943,6.381682370192441,34.28692380014288,8.829000000000008,0.009228721256698158,-0.04411010977252516,0.32467969703901706,-31.908213324154325,6.372453648935743,0.5020339099153943,-1.695728415313024,0.0,-4.440892098500626e-16,6.69713334597476,-33.101907829551955
29.200000000000145,0.0,453.0,468.3340257645041,467.9648341921879,0.6055850191189988,PILOT_DESC_ADD_SLACK_ACC,caténaire,,31.926334770474543,6.3920452804775945,31.926334770474543,0.010152621355666401,-0.9999484608116602,0.9966715164276837,0.08152231805917644,26.781583473911496,-461.31730135170943,0.0,-25.0,-6.370769462768023,-0.5210943484037521,6.380366238587088,34.306548189426934,8.829000000000008,0.009596775819065151,-0.04354615897682379,0.3241359881988746,-31.924689313093808,6.370769462768023,0.5210943484037521,-1.6959477118985877,0.0,0.0,6.694905450966898,-33.09954267658864
29.300000000000146,0.0,453.0,468.3944261934203,468.0249247293824,0.6040042891625027,PILOT_DESC_ADD_SLACK_ACC,caténaire,,31.942607717482325,6.391892085761712,31.942607717482325,0.010130445096630464,-0.9999486857244946,0.9964251376986091,0.08448044130038537,26.75225487398997,-461.3687302540476,0.0,-25.0,-6.369041951709764,-0.5399898641495902,6.3789967912153465,34.32592744029654,8.829000000000008,0.009954839505582846,-0.04306242385305836,0.32359283372515923,-31.94096860570955,6.369041951709764,0.5399898641495902,-1.6961664360646378,0.0,-4.440892098500626e-16,6.692634785434922,-33.0971451776246
29.400000000000148,0.0,453.0,468.4546712616598,468.08485550669917,0.6024506823951598,PILOT_DESC_ADD_SLACK_ACC,caténaire,,31.958696724936562,6.391739335574982,31.958696724936562,0.010108390304035993,-0.9999489089175811,0.9961729150697515,0.08740436648951658,26.722929541465923,-461.420173514841,0.0,-25.0,-6.367277606285726,-0.5586659273920549,6.377575546621452,34.345097053973966,8.829000000000008,0.010297940335726175,-0.04256887341809801,0.3230509801039756,-31.95706392052819,6.367277606285726,0.5586659273920549,-1.696384597633119,0.0,0.0,6.690328586389702,-33.09478259076925
29.50000000000015,0.0,453.0,468.5147636368767,468.14458067745045,0.6009237521687274,PILOT_DESC_ADD_SLACK_ACC,caténaire,,31.97460711346283,6.391587219189047,31.97460711346283,0.010086474512538636,-0.9999491302220869,0.9959158897208049,0.09028588262634173,26.69360759086679,-461.4716309697092,0.0,-25.0,-6.365483272126785,-0.5770700934677282,6.3761046519320494,34.364052467149534,8.829000000000008,0.01062137980526412,-0.04201762631819861,0.3225110596983794,-31.97298057230011,6.365483272126785,0.5770700934677282,-1.696602206264235,0.0,-4.440892098500626e-16,6.6879943318251645,-33.092512685096615
29.60000000000015,0.0,453.0,468.57470594278357,468.2041795834619,0.5994230590686648,PILOT_DESC_ADD_SLACK_ACC,caténaire,,31.990332660950244,6.391435338362147,31.990332660950244,0.010064663820238665,-0.9999493499883809,0.9956530680584437,0.09313950861910336,26.664289130229218,-461.52310243503086,0.0,-25.0,-6.363652203937429,-0.595295146785823,6.3745869469072955,34.38276779230562,8.829000000000008,0.01093474296986674,-0.041527354480209056,0.3219719437300652,-31.988712350229267,6.363652203937429,0.595295146785823,-1.6968192714590664,0.0,4.440892098500626e-16,6.685624147667494,-33.09023647490251
29.700000000000152,0.0,453.0,468.6345007598354,468.2636370333017,0.5979481705184254,PILOT_DESC_ADD_SLACK_ACC,caténaire,,32.0058803364525,6.3912838081135295,32.0058803364525,0.010042963456710956,-0.9999495681708188,0.9953849364586935,0.09596263997578594,26.634974264099096,-461.5745877475194,0.0,-25.0,-6.361787627228562,-0.6133244670610688,6.3730239660989225,34.401270003686,8.829000000000008,0.011236338870360463,-0.04105446337507601,0.3214338866188562,-32.00426622136258,6.361787627228562,0.6133244670610688,-1.6970358025620476,0.0,4.440892098500626e-16,6.6832215138474185,-33.08797755686356
29.800000000000153,0.0,453.0,468.69415062592907,468.3229522231739,0.5964986609362816,PILOT_DESC_ADD_SLACK_ACC,caténaire,,32.021256614587735,6.391132642100824,32.021256614587735,0.01002137269308608,-0.9999497847838893,0.9951117520638336,0.0987552576040753,26.60566309313829,-461.6260867496761,0.0,-25.0,-6.359891201153309,-0.6311579504524812,6.37141741478205,34.41956666189731,8.829000000000008,0.0115262136287404,-0.04059128855517713,0.32089694663573154,-32.0196486602667,6.359891201153309,0.6311579504524812,-1.6972518087635007,0.0,2.220446049250313e-16,6.680788147789041,-33.08574251857772
29.900000000000155,0.0,453.0,468.7536580370966,468.38209287802204,0.5950741116756912,PILOT_DESC_ADD_SLACK_ACC,caténaire,,32.036466721161126,6.390981986905084,32.036466721161126,0.009999903461638912,-0.9999499997153647,0.9948343506680442,0.10151164825226247,26.576355714106334,-461.67759928723854,0.0,-25.0,-6.357968415073886,-0.6487591154412544,6.369769005799334,34.43766192597632,8.829000000000008,0.011800590725448146,-0.040097189464937344,0.32036157446361896,-32.03486488870636,6.357968415073886,0.6487591154412544,-1.6974672991021449,0.0,-4.440892098500626e-16,6.678329989537505,-33.08357307236725
30.000000000000156,0.0,453.0,468.8130254481895,468.44109839540175,0.5936741109288132,PILOT_DESC_ADD_SLACK_ACC,caténaire,,32.051508629679226,6.39083164146128,32.051508629679226,0.009978538729886369,-0.9999502131430426,0.9945522731833767,0.10423903254433137,26.547052218645632,-461.7291251956285,0.0,-25.0,-6.3560161365475665,-0.666174107459625,6.3680809795332385,34.45554183717906,8.829000000000008,0.012064842985672009,-0.03963227028057048,0.31982722021254134,-32.04991288580381,6.3560161365475665,0.666174107459625,-1.697682282467575,0.0,0.0,6.675843356760108,-33.08142106081176
30.100000000000158,0.0,453.0,468.8722552735346,468.4999714038206,0.5922982534516859,PILOT_DESC_ADD_SLACK_ACC,caténaire,,32.06638627257116,6.390681616324665,32.06638627257116,0.009957276496185349,-0.9999504250935537,0.9942656896101361,0.10693801225046536,26.517752694957125,-461.7806643199992,0.0,-25.0,-6.354035464333862,-0.6834067889753508,6.366354847377103,34.47321924213016,8.829000000000008,0.012319383043241316,-0.03918754684519854,0.3192938743494733,-32.06479658447162,6.354035464333862,0.6834067889753508,-1.6978967676026369,0.0,4.440892098500626e-16,6.6733293386833346,-33.07928656309891
30.20000000000016,0.0,453.0,468.93134988759186,468.55868683933096,0.5909461405726116,PILOT_DESC_ADD_SLACK_ACC,caténaire,,32.08110515473597,6.390532035402709,32.08110515473597,0.009936125773400297,-0.9999506354838799,0.9939753118276965,0.10960419461422659,26.488457228008016,-461.8322165122333,0.0,-25.0,-6.352031072634292,-0.700429116896728,6.364592030010598,34.49070298632506,8.829000000000008,0.012560957376305915,-0.038726130571674844,0.31876189576713726,-32.07952148650341,6.352031072634292,0.700429116896728,-1.6981107631058086,0.0,-2.220446049250313e-16,6.670792968401429,-33.07720313271249
30.30000000000016,0.0,453.0,468.99031162560703,468.61727639353205,0.5896173801516287,PILOT_DESC_ADD_SLACK_ACC,caténaire,,32.09566558049906,6.3903827427731255,32.09566558049906,0.00991507294330239,-0.9999508444561308,0.993680745115094,0.11224338193190561,26.459165898484784,-461.8837816186425,0.0,-25.0,-6.350000285409437,-0.7172781708881425,6.36279440252919,34.50798546253743,8.829000000000008,0.012794117119752535,-0.03829270835072407,0.318230865394488,-32.09408790060161,6.350000285409437,0.7172781708881425,-1.698324277433565,0.0,-4.440892098500626e-16,6.668231150803925,-33.07513400714703
30.400000000000162,0.0,453.0,469.04914278424434,468.67577451481714,0.5883115863730277,PILOT_DESC_ADD_SLACK_ACC,caténaire,,32.110072254427166,6.390233607281295,32.110072254427166,0.009894103594979867,-0.9999510521590803,0.993381472159902,0.11486187691930524,26.42987878421752,-461.9353594948735,0.0,-25.0,-6.347939668246774,-0.7339942260851521,6.3609632205607385,34.52507901356999,8.829000000000008,0.013023552313964792,-0.037915212515166274,0.3177003813275911,-32.108500535718534,6.347939668246774,0.7339942260851521,-1.6985373189026667,0.0,4.440892098500626e-16,6.665640049574365,-33.07304362853605
30.500000000000163,0.0,453.0,469.10784562221903,468.7340936183446,0.5870283797469162,PILOT_DESC_ADD_SLACK_ACC,caténaire,,32.12433684779667,6.390085056721606,32.12433684779667,0.009873251405070645,-0.9999512582654678,0.9930794956079562,0.11744409479853525,26.400595961751552,-461.9869500152187,0.0,-25.0,-6.34586244502103,-0.7504777551723159,6.3590990567087475,34.542008463981674,8.829000000000008,0.013236611687717392,-0.03746929119064646,0.31717165391947116,-32.12277105189801,6.34586244502103,0.7504777551723159,-1.6987498956924536,0.0,4.440892098500626e-16,6.663034098940502,-33.07104319241815
30.600000000000165,0.0,453.0,469.16642236094157,468.79233261345473,0.585767387225485,PILOT_DESC_ADD_SLACK_ACC,caténaire,,32.13845427980075,6.389936596056701,32.13845427980075,0.009852476573681955,-0.9999514631747709,0.9927729465021715,0.12000781930106305,26.371317502315307,-462.0385530311431,0.0,-25.0,-6.343756182429267,-0.7668423563648226,6.3572042344941035,34.55874311486411,8.829000000000008,0.013448052064836347,-0.03709924150072652,0.31664336790608544,-32.13689438126224,6.343756182429267,0.7668423563648226,-1.6989620158471763,0.0,-4.440892098500626e-16,6.660399550335352,-33.06901404074459
30.700000000000166,0.0,453.0,469.22487518511673,468.850380336991,0.58452824175171,PILOT_DESC_ADD_SLACK_ACC,caténaire,,32.15243470486549,6.389788775850926,32.15243470486549,0.009831821748081091,-0.9999516664724921,0.992464402948205,0.12253329702845318,26.34204347643384,-462.09016841942014,0.0,-25.0,-6.3416379023900316,-0.7829618860204177,6.3552790731457796,34.57531672807527,8.829000000000008,0.013641170755748,-0.03664515794515211,0.3161170067850538,-32.15088066427824,6.3416379023900316,0.7829618860204177,-1.6991736872781642,0.0,4.440892098500626e-16,6.657754909175085,-33.067092465535985
30.800000000000168,0.0,453.0,469.28320624336476,468.9083187972591,0.5833105824803583,PILOT_DESC_ADD_SLACK_ACC,caténaire,,32.166269888927836,6.3896411635262576,32.166269888927836,0.009811253937640183,-0.9999518684897645,0.9921523012565746,0.12503523947784984,26.312773948707196,-462.14179602878744,0.0,-25.0,-6.339497184596313,-0.7989303130590327,6.353326158775028,34.591691615696035,8.829000000000008,0.013828974178714759,-0.03623869736300378,0.31559144210694007,-32.16472167777944,6.339497184596313,0.7989303130590327,-1.699384917766077,0.0,-4.440892098500626e-16,6.655088626703253,-33.06517628248648
30.90000000000017,0.0,453.0,469.3414176487912,468.96617382881925,0.582114054264691,PILOT_DESC_ADD_SLACK_ACC,caténaire,,32.17996345555554,6.389493684360462,32.17996345555554,0.00979076250724777,-0.9999520693360889,0.9918362083505425,0.12751837438118163,26.283508981820642,-462.19343572387277,0.0,-25.0,-6.337331189175819,-0.8147778477484731,6.351346335436059,34.60788893218496,8.829000000000008,0.01401514626024003,-0.03588891556351825,0.3150663796852565,-32.178421048542475,6.337331189175819,0.8147778477484731,-1.6995957149629668,0.0,-6.661338147750939e-16,6.652397568861075,-33.06323891575697
31.00000000000017,0.0,453.0,469.3995114795678,469.023856537181,0.5809383077662935,PILOT_DESC_ADD_SLACK_ACC,caténaire,,32.19352658625501,6.3893467732064995,32.19352658625501,0.009770381016445515,-0.9999522686882577,0.9915183230678027,0.1299669766548886,26.254248637891116,-462.2450873881987,0.0,-25.0,-6.335154398068385,-0.8304040829133169,6.349339862498331,34.623933881931315,8.829000000000008,0.014185464429946393,-0.03547020098201159,0.31454302101077997,-32.19198994700144,6.335154398068385,0.8304040829133169,-1.6998060863943831,0.0,-4.440892098500626e-16,6.649697419079165,-33.0613919504825
31.100000000000172,0.0,453.0,469.4574897795265,469.0814828151775,0.579782999586492,PILOT_DESC_ADD_SLACK_ACC,caténaire,,32.206953755601944,6.38919985973564,32.206953755601944,0.009750064081345225,-0.9999524669955117,0.9911961371564978,0.13240172841030978,26.2249929738947,-462.29675088228953,0.0,-25.0,-6.332950220490804,-0.8459411045879075,6.347308983460621,34.63979551603847,8.829000000000008,0.01435876296981764,-0.03514558854944738,0.3140198629820412,-32.205422862324525,6.332950220490804,0.8459411045879075,-1.700016039461522,0.0,2.220446049250313e-16,6.646970083472845,-33.05949779719814
31.200000000000173,0.0,453.0,469.51535455870885,469.1389318229914,0.5786477918237024,PILOT_DESC_ADD_SLACK_ACC,caténaire,,32.220257736598406,6.389053552320408,32.220257736598406,0.009729857332552317,-0.9999526638177869,0.9908726532805566,0.13480127959611388,26.195742047612583,-462.3484260980604,0.0,-25.0,-6.330738445339288,-0.8612525942608878,6.345253360891251,34.65551581017042,8.829000000000008,0.014514915551962382,-0.03473678409047665,0.3134985109951675,-32.218732552607236,6.330738445339288,0.8612525942608878,-1.7002255814432168,0.0,4.440892098500626e-16,6.644236956334455,-33.057705539789566
31.300000000000175,0.0,453.0,469.57310779394743,469.19631244517103,0.5775323523855924,PILOT_DESC_ADD_SLACK_ACC,caténaire,,32.233431365538756,6.388907298786518,32.233431365538756,0.009709718382387832,-0.9999528595733576,0.9905454428357008,0.13718500529367494,26.166495911311646,-462.4001128993334,0.0,-25.0,-6.328503009512732,-0.876462281604827,6.343175398960571,34.671056976528135,8.829000000000008,0.014672389447838441,-0.03440530507670303,0.3129775410574082,-32.23191186783203,6.328503009512732,0.876462281604827,-1.7004347194980434,0.0,4.440892098500626e-16,6.64148055057014,-33.05588430572525
31.400000000000176,0.0,453.0,469.63075142939516,469.2535462621015,0.5764363544773216,PILOT_DESC_ADD_SLACK_ACC,caténaire,,32.24648382312914,6.388761507784552,32.24648382312914,0.009689676422601632,-0.9999530539834482,0.9902165591283788,0.1395391200629909,26.137254617516934,-462.4518111757294,0.0,-25.0,-6.326257437330252,-0.8914821590885634,6.3410749968405264,34.686453510906254,8.829000000000008,0.014817559510274414,-0.034028648182314214,0.31245799401277935,-32.244969979165845,6.326257437330252,0.8914821590885634,-1.7006434606662377,0.0,2.220446049250313e-16,6.638715431343031,-33.05413128074352
31.500000000000178,0.0,453.0,469.6882873770797,469.31069184478105,0.5753594768450137,PILOT_DESC_ADD_SLACK_ACC,caténaire,,32.25941246427743,6.388615881176037,32.25941246427743,0.009669708522635271,-0.9999532472756351,0.9898847166965318,0.14187405559378055,26.108018214787172,-462.5035208017893,0.0,-25.0,-6.3239932216209045,-0.9063788446932783,6.338953885781446,34.70168507491474,8.829000000000008,0.014960664160541093,-0.033693769778544436,0.31193911564103,-32.25790424885832,6.3239932216209045,0.9063788446932783,-1.7008518118717009,0.0,0.0,6.635932337261934,-33.05237721603674
31.60000000000018,0.0,453.0,469.7457175174245,469.36771485942376,0.574301403448217,PILOT_DESC_ADD_SLACK_ACC,caténaire,,32.27222291106286,6.388470603603406,32.27222291106286,0.00964982701394259,-0.9999534393353527,0.9895509188335588,0.14418383763674467,26.078786750894277,-462.5552416659927,0.0,-25.0,-6.321716955736931,-0.9211142082570697,6.336812417480982,34.71677026982287,8.829000000000008,0.01509546174405152,-0.03334393843421424,0.31142136844715135,-32.270720294914476,6.321716955736931,0.9211142082570697,-1.7010597799238893,0.0,4.440892098500626e-16,6.633138324184082,-33.0506658665813
31.70000000000018,0.0,453.0,469.80304369977864,469.4246114253364,0.5732618235410568,PILOT_DESC_ADD_SLACK_ACC,caténaire,,32.28491577307354,6.388325677454274,32.28491577307354,0.009630032597286136,-0.9999536301610066,0.9892154310370024,0.14646784970865595,26.049560270902113,-462.60697365182443,0.0,-25.0,-6.31943033862768,-0.9356843252153203,6.334651776343305,34.73170229135565,8.829000000000008,0.015221437715625008,-0.032982033859674686,0.31090479129533555,-32.28341872672723,6.31943033862768,0.9356843252153203,-1.701267371519731,0.0,-4.440892098500626e-16,6.630335129923016,-33.04900177303164
31.800000000000182,0.0,453.0,469.8602677429275,469.4814353917268,0.5722404314884977,PILOT_DESC_ADD_SLACK_ACC,caténaire,,32.297489466098746,6.388180854526096,32.297489466098746,0.009610304522062978,-0.9999538199571986,0.9888769899574467,0.14873566731856872,26.020338816934792,-462.65871663874316,0.0,-25.0,-6.317125054727556,-0.9501503423496435,6.33247324648649,34.746475631231036,8.829000000000008,0.015348191758934426,-0.03267471111861653,0.3103887090673302,-32.29599796665282,6.317125054727556,0.9501503423496435,-1.7014745932454758,0.0,6.661338147750939e-16,6.6275137637948855,-33.047322217548654
31.900000000000183,0.0,453.0,469.9173914355882,469.53817392306604,0.5712369266067228,PILOT_DESC_ADD_SLACK_ACC,caténaire,,32.309951963299596,6.388036235001662,32.309951963299596,0.009590647130039726,-0.999954008686213,0.9885360342840268,0.1509851281484684,25.991122431294038,-462.71047052441236,0.0,-25.0,-6.314804006611209,-0.9644984695587856,6.330276760367211,34.76111464118609,8.829000000000008,0.015472753756002433,-0.03238382837270137,0.30987334806854067,-32.30846598616041,6.314804006611209,0.9644984695587856,-1.7016814515784893,0.0,-4.440892098500626e-16,6.62467735467975,-33.04564896818011
32.000000000000185,0.0,453.0,469.97441653691885,469.59477178587815,0.5702510133065678,PILOT_DESC_ADD_SLACK_ACC,caténaire,,32.32231009151513,6.387892072265008,32.32231009151513,0.009571080267570121,-0.9999541961622601,0.9881941831392852,0.15320658083020033,25.961911155583998,-462.7622352119695,0.0,-25.0,-6.312477788333836,-0.9786671031040649,6.328062629756454,34.77562658921284,8.829000000000008,0.01558484142261829,-0.03204051389123208,0.30935942431918306,-32.320829605668315,6.312477788333836,0.9786671031040649,-1.7018879528890967,0.0,-4.440892098500626e-16,6.621837212653019,-33.044050455453345
32.100000000000186,0.0,453.0,470.03134477702366,469.6513163892493,0.5692824010482147,PILOT_DESC_ADD_SLACK_ACC,caténaire,,32.33455883110887,6.387747935782863,32.33455883110887,0.009551571003410779,-0.9999543827052146,0.9878491993473845,0.15541544115283826,25.932705027334173,-462.8140105870601,0.0,-25.0,-6.310131683996008,-0.9927546634128256,6.325832629192133,34.78998788684897,8.829000000000008,0.01570094519612475,-0.031766776563863175,0.3088458345392994,-32.33308381600692,6.310131683996008,0.9927546634128256,-1.7020941034424129,0.0,-4.440892098500626e-16,6.618977518535308,-33.04242325603651
32.20000000000019,0.0,453.0,470.0881778574227,469.70774358004695,0.5683308039902114,PILOT_DESC_ADD_SLACK_ACC,caténaire,,32.346707049372725,6.387604165220877,32.346707049372725,0.009532142519663101,-0.9999545680974635,0.9875029467992623,0.1576005395383307,25.903504085271045,-462.8657965585433,0.0,-25.0,-6.307777936142858,-1.0066898627960985,6.3235862488463175,34.80422964140828,8.829000000000008,0.015808312703459393,-0.031460221387831666,0.3083334216364119,-32.345237476930684,6.307777936142858,1.0066898627960985,-1.7022999094000426,0.0,-2.220446049250313e-16,6.61611135777927,-33.04084752353463
32.30000000000019,0.0,453.0,470.14491745154317,469.7640341922038,0.5673959412046751,PILOT_DESC_ADD_SLACK_ACC,caténaire,,32.35875414921427,6.387460814876952,32.35875414921427,0.009512801102269526,-0.9999547522839164,0.9871561191255682,0.15975855680666032,25.874308365320868,-462.91759302431973,0.0,-25.0,-6.305421029080571,-1.0204515214438363,6.321324710242321,34.81833704498809,8.829000000000008,0.015903681161749894,-0.03111447645575538,0.3078223921387141,-32.35728998949371,6.305421029080571,1.0204515214438363,-1.7025053768218588,0.0,2.220446049250313e-16,6.613243421219285,-33.03934384487173
32.40000000000019,0.0,453.0,470.2015652051845,469.8202721914577,0.5664775364136287,PILOT_DESC_ADD_SLACK_ACC,caténaire,,32.370693589486685,6.387317482257399,32.370693589486685,0.009493515492033118,-0.9999549355663997,0.9868064706443086,0.16190426027292615,25.84511789942802,-462.9693998692221,0.0,-25.0,-6.3030462215511145,-1.0341339120932131,6.319049745692383,34.83229244168673,8.829000000000008,0.0160035241412686,-0.030841470406485882,0.307311681079649,-32.36923482251483,6.3030462215511145,1.0341339120932131,-1.7027105116676888,0.0,4.440892098500626e-16,6.6103579026307635,-33.0378114220893
32.50000000000019,0.0,453.0,470.25812273695624,469.87641763997885,0.5655753177170718,PILOT_DESC_ADD_SLACK_ACC,caténaire,,32.382533852976415,6.387174403643771,32.382533852976415,0.009474299875673334,-0.9999551178137276,0.9864552244957688,0.1640307595087048,25.815932720896033,-463.02121700235,0.0,-25.0,-6.300661560240044,-1.0476930685442463,6.316760774319608,34.846128376422534,8.829000000000008,0.016099214079563495,-0.030564692121721748,0.306801836457242,-32.381080454060054,6.300661560240044,1.0476930685442463,-1.7029153197988989,0.0,4.440892098500626e-16,6.607463396697287,-33.03630270531471
32.60000000000019,0.0,453.0,470.3145916387398,469.9324635716206,0.5646890178354612,PILOT_DESC_ADD_SLACK_ACC,caténaire,,32.39427860250787,6.387031603356536,32.39427860250787,0.009455156235651806,-0.9999552990111905,0.9861026990995783,0.16613689183479496,25.786752861721858,-463.0730443315317,0.0,-25.0,-6.298269103304187,-1.0611215786322619,6.314458369445084,34.85984306633066,8.829000000000008,0.01618926614089755,-0.030278512301606497,0.30629296532794414,-32.39283054622256,6.298269103304187,1.0611215786322619,-1.703119806980066,0.0,0.0,6.604562068632131,-33.03482877457037
32.700000000000195,0.0,453.0,470.3709734761383,469.9883981829057,0.5638183739851818,PILOT_DESC_ADD_SLACK_ACC,caténaire,,32.405928383232464,6.386889123783953,32.405928383232464,0.009436088248954557,-0.9999554791282249,0.9857493666710657,0.16822064709063814,25.757578352031146,-463.124881761459,0.0,-25.0,-6.2958719087683495,-1.0744066212990955,6.312143348382484,34.873432217933704,8.829000000000008,0.01627143961413413,-0.029974403365400804,0.3057852000134828,-32.40448564305016,6.2958719087683495,1.0744066212990955,-1.7033239788806078,0.0,0.0,6.601657108781832,-33.033403000631665
32.800000000000196,0.0,453.0,470.4272697889119,470.04427603285905,0.5629631277356353,PILOT_DESC_ADD_SLACK_ACC,caténaire,,32.417480593908316,6.386746708982997,32.417480593908316,0.00941707578854782,-0.9999556583587058,0.9853937136221019,0.17029160036256324,25.72840921933726,-463.1767291908434,0.0,-25.0,-6.293460057528494,-1.0876093181830486,6.309816848474373,34.88688770846398,8.829000000000008,0.016356790945879496,-0.02972160971907556,0.3052778716266128,-32.41604314961216,6.293460057528494,1.0876093181830486,-1.7035278410763572,0.0,-2.220446049250313e-16,6.5987379291551065,-33.03196167250547
32.9000000000002,0.0,453.0,470.48348209139556,470.1000303376232,0.5621230248370603,PILOT_DESC_ADD_SLACK_ACC,caténaire,,32.428942393020996,6.386604695111306,32.428942393020996,0.009398142368966017,-0.9999558364847982,0.9850378410702121,0.17233818978895982,25.699245492128803,-463.22858653551503,0.0,-25.0,-6.291047300641321,-1.100655892053154,6.307478454455082,34.90023250079884,8.829000000000008,0.01643115381376159,-0.029423391254319142,0.30477181748460885,-32.42751021693064,6.291047300641321,1.100655892053154,-1.7037313990510787,0.0,2.220446049250313e-16,6.595819118125929,-33.03058572392857
33.0000000000002,0.0,453.0,470.5396118729321,470.1557186849961,0.5612978153651218,PILOT_DESC_ADD_SLACK_ACC,caténaire,,32.44031004572644,6.38646278842177,32.44031004572644,0.009379266851701507,-0.9999560137092655,0.9846801187446685,0.17437047843309172,25.67008719534194,-463.28045369614193,0.0,-25.0,-6.288622936861556,-1.113610571912241,6.305129709524328,34.913446117719936,8.829000000000008,0.016506772662772562,-0.02916445419231195,0.3042663246708014,-32.43888311681725,6.288622936861556,1.113610571912241,-1.7039346581980326,0.0,-2.220446049250313e-16,6.592889261532357,-33.02920720310304
33.1000000000002,0.0,453.0,470.595660598274,470.2113164294571,0.560487253419203,PILOT_DESC_ADD_SLACK_ACC,caténaire,,32.45158813594238,6.386321130026445,32.45158813594238,0.009360457627899096,-0.9999561899568382,0.9843213878314689,0.17638425512933703,25.640934354235064,-463.33233058650166,0.0,-25.0,-6.2861924778450655,-1.1264464955364606,6.302770480373303,34.926546135554325,8.829000000000008,0.016578002528237157,-0.028900359982145574,0.30376171570452165,-32.45016643046548,6.2861924778450655,1.1264464955364606,-1.7041376238214316,0.0,4.440892098500626e-16,6.589954193549588,-33.027857558750455
33.2000000000002,0.0,453.0,470.6516297079958,470.26684206783887,0.5596910972185593,PILOT_DESC_ADD_SLACK_ACC,caténaire,,32.46277810295853,6.386179632157673,32.46277810295853,0.009341707690605376,-0.999956365296718,0.9839611688119378,0.17838278580133604,25.6117869926499,-463.3842171186435,0.0,-25.0,-6.283752775100855,-1.1391845134120373,6.300401385582255,34.9395301614038,8.829000000000008,0.01664861048139965,-0.028654352008246065,0.3032577838628235,-32.4613615992683,6.283752775100855,1.1391845134120373,-1.7043403011379366,0.0,4.440892098500626e-16,6.587010558963679,-33.0265173869942
33.3000000000002,0.0,453.0,470.7075206188946,470.3222920555328,0.5589091089877761,PILOT_DESC_ADD_SLACK_ACC,caténaire,,32.47388361228778,6.386038324155481,32.47388361228778,0.009323017912215379,-0.9999565397241066,0.9835996545713548,0.18036551645786358,25.582645134192095,-463.4361132106496,0.0,-25.0,-6.281305089718765,-1.151821100456013,6.298022533003059,34.952406255496854,8.829000000000008,0.016717443284294475,-0.028414844959165464,0.3027545985965564,-32.47247228834666,6.281305089718765,1.151821100456013,-1.7045426952781013,0.0,-4.440892098500626e-16,6.584059688315321,-33.02519388316875
33.400000000000205,0.0,453.0,470.76333472438967,470.37764574560225,0.5581410549507999,PILOT_DESC_ADD_SLACK_ACC,caténaire,,32.48490765152247,6.385897300521064,32.48490765152247,0.009304395119399109,-0.9999567131788565,0.9832375941487833,0.1823289155688498,25.55350880188522,-463.48801878276635,0.0,-25.0,-6.278854298245541,-1.164333729738051,6.295634179960414,34.96517727282451,8.829000000000008,0.016779881714873213,-0.028156456913549732,0.3022524162069564,-32.48350148313509,6.278854298245541,1.164333729738051,-1.7047448112878265,0.0,4.440892098500626e-16,6.581106714452497,-33.02391256468487
33.500000000000206,0.0,453.0,470.8190733949166,470.43293272949455,0.5573867052693156,PILOT_DESC_ADD_SLACK_ACC,caténaire,,32.495848720899794,6.3857564137848035,32.495848720899794,0.009285828476359273,-0.9999568857653351,0.9828741339834925,0.18427815048507432,25.52437801665233,-463.53993374893963,0.0,-25.0,-6.276394805028272,-1.1767553813804645,6.293237239678335,34.977834664371755,8.829000000000008,0.016842434650063076,-0.02792071700871901,0.3017508774159943,-32.49444768725241,6.276394805028272,1.1767553813804645,-1.704946654129781,0.0,4.440892098500626e-16,6.578145682444267,-33.02263896000173
33.60000000000021,0.0,453.0,470.8747379783036,470.4881150947746,0.556645833870144,PILOT_DESC_ADD_SLACK_ACC,caténaire,,32.5067099073766,6.385615849364933,32.5067099073766,0.009267330827225494,-0.9999570573676346,0.9825105899268094,0.18620671492100652,25.49525279940635,-463.5918580306727,0.0,-25.0,-6.2739351952055245,-1.1890445500577569,6.290831721702731,34.99038855271242,8.829000000000008,0.016896526497206743,-0.027655997345348737,0.3012504348163076,-32.50531398368364,6.2739351952055245,1.1890445500577569,-1.7051482286847688,0.0,0.0,6.575185630021832,-33.021417662310654
33.70000000000021,0.0,453.0,470.9303298001504,470.54327107079087,0.5559182184677824,PILOT_DESC_ADD_SLACK_ACC,caténaire,,32.517487949864766,6.3854752372501435,32.517487949864766,0.009248874525351187,-0.9999572282452956,0.9821444847299585,0.18812817735396356,25.466133168300527,-463.64379153979627,0.0,-25.0,-6.2714592866449514,-1.2012878179227375,6.288418823122721,35.00282584238774,8.829000000000008,0.01695953647776971,-0.027461975535004512,0.3007501659279184,-32.51609711984657,6.2714592866449514,1.2012878179227375,-1.7053495397530976,0.0,-4.440892098500626e-16,6.57220945257287,-33.02015884167693
33.80000000000021,0.0,453.0,470.9858501641856,470.59833263483495,0.5552036403521613,PILOT_DESC_ADD_SLACK_ACC,caténaire,,32.5281926881581,6.385334935828772,32.5281926881581,0.009230482955800472,-0.999957398184744,0.9817781164807681,0.19003086591255552,25.437019144339725,-463.69573421172936,0.0,-25.0,-6.268982106396818,-1.2134107269972336,6.285997317065652,35.01517827244612,8.829000000000008,0.017015210668834158,-0.027232454551118224,0.3002509281910369,-32.52680692810259,6.268982106396818,1.2134107269972336,-1.7055505920558756,0.0,-4.440892098500626e-16,6.569233034587855,-33.018946793161234
33.90000000000021,0.0,453.0,471.0413003526488,470.65329762926564,0.5545018846321368,PILOT_DESC_ADD_SLACK_ACC,caténaire,,32.53882342516607,6.385194921660975,32.53882342516607,0.00921215634587603,-0.9999575671874578,0.9814116636353523,0.19191442488903848,25.40791074620086,-463.7476859700345,0.0,-25.0,-6.266504770703301,-1.2254110111949752,6.2835682138349425,35.02742980877494,8.829000000000008,0.017063443131641876,-0.026981202420046202,0.29975272870348324,-32.53744271137133,6.266504770703301,1.2254110111949752,-1.7057513902363948,0.0,-2.220446049250313e-16,6.566257499406784,-33.01778309041275
34.00000000000021,0.0,453.0,471.096681626647,470.70819773843397,0.5538127399819608,PILOT_DESC_ADD_SLACK_ACC,caténaire,,32.54937644712983,6.385055036738931,32.54937644712983,0.009193883336153348,-0.9999577353614507,0.9810441503316205,0.19378435205172997,25.378807990072524,-463.79964673103075,0.0,-25.0,-6.264020893338179,-1.2373237531090888,6.281132592191592,35.039570627952976,8.829000000000008,0.017111698853413237,-0.026753125156119495,0.2992551697194492,-32.54800075949929,6.264020893338179,1.2373237531090888,-1.705951938861419,0.0,0.0,6.563276063057629,-33.01662894525162
34.100000000000215,0.0,453.0,471.15199522649385,470.7630282543753,0.5531359984686711,PILOT_DESC_ADD_SLACK_ACC,caténaire,,32.559853686692136,6.384915321540847,32.559853686692136,0.009175665230923323,-0.9999579026976937,0.9806758035108236,0.19563989472600035,25.349710892099377,-463.8516164187712,0.0,-25.0,-6.261531963300639,-1.249144161340678,6.27869047516279,35.051611104137464,8.829000000000008,0.017158511862151116,-0.026533057203224075,0.29875831739693165,-32.55848300468844,6.261531963300639,1.249144161340678,-1.7061522424224171,0.0,-4.440892098500626e-16,6.56029028069757,-33.01549108577018
34.200000000000216,0.0,453.0,471.20724237205286,470.8178060146523,0.552471455589925,PILOT_DESC_ADD_SLACK_ACC,caténaire,,32.57025732632495,6.384775707447393,32.57025732632495,0.009157495957772198,-0.9999580692547979,0.980306110002622,0.1974840011026888,25.320619467958416,-463.9035949599753,0.0,-25.0,-6.259034637006994,-1.2608910528499617,6.276242068601633,35.0635547817856,8.829000000000008,0.01720743159463911,-0.026336271064373307,0.29826199980942103,-32.56889163116383,6.259034637006994,1.2608910528499617,-1.7063523053368013,0.0,4.440892098500626e-16,6.557296636816415,-33.014352883650666
34.30000000000022,0.0,453.0,471.2624242630765,470.87249215032426,0.5518189102368443,PILOT_DESC_ADD_SLACK_ACC,caténaire,,32.58059230783614,6.384636383755705,32.58059230783614,0.009139388454894112,-0.9999582349171743,0.9799364826573427,0.199310034762818,25.291533734006467,-463.95558228912694,0.0,-25.0,-6.256538120943661,-1.272522099594302,6.273787083186257,35.07541208754481,8.829000000000008,0.0172489622425962,-0.026110012049500142,0.29776668919184957,-32.5792315766999,6.256538120943661,1.272522099594302,-1.7065521319491577,0.0,2.220446049250313e-16,6.554304810135511,-33.01326160905475
34.40000000000022,0.0,453.0,471.3175420795489,470.927143382805,0.5511781647235304,PILOT_DESC_ADD_SLACK_ACC,caténaire,,32.59085626894653,6.384497074115216,32.59085626894653,0.009121323067421293,-0.9999583998674644,0.9795650158260278,0.20112776976279,25.262453704199146,-464.00757833087215,0.0,-25.0,-6.2540299774468995,-1.2840996575738517,6.271326558738168,35.08716969934977,8.829000000000008,0.01729658129126843,-0.025929958224089944,0.29727172907295385,-32.58950048500629,6.2540299774468995,1.2840996575738517,-1.7067517265324863,0.0,4.440892098500626e-16,6.551301706519853,-33.012152553964924
34.50000000000022,0.0,453.0,471.37259698200654,470.98171029598655,0.5505490245766459,PILOT_DESC_ADD_SLACK_ACC,caténaire,,32.60105557943643,6.384358034790977,32.60105557943643,0.009103316309144448,-0.999958563957615,0.9791934992084385,0.2029287833402005,25.233379394431303,-464.0595830252764,0.0,-25.0,-6.251521884286486,-1.2955700084083666,6.26885966254147,35.09884837978317,8.829000000000008,0.017337778254983505,-0.025721628625205994,0.2967777209516082,-32.59970472071564,6.251521884286486,1.2955700084083666,-1.7069510932893635,0.0,0.0,6.548299605238094,-33.01108580559664
34.60000000000022,0.0,453.0,471.42759011187405,471.03624346708483,0.5499312986751612,PILOT_DESC_ADD_SLACK_ACC,caténaire,,32.61118874047856,6.3842190170671165,32.61118874047856,0.009085350753454737,-0.9999587273491275,0.9788202055530429,0.20472177510245212,25.204310818540744,-464.11159630296197,0.0,-25.0,-6.249002570581281,-1.3069886498168122,6.26638728552705,35.11043533949452,8.829000000000008,0.017384714945769097,-0.025553310322294465,0.29628408819436153,-32.60984279027114,6.249002570581281,1.3069886498168122,-1.7071502363531559,0.0,2.220446049250313e-16,6.545286658775642,-33.01000437680748
34.70000000000022,0.0,453.0,471.48252259177843,471.09066846364664,0.5493247990436624,PILOT_DESC_ADD_SLACK_ACC,caténaire,,32.6212616785208,6.384080382015007,32.6212616785208,0.00906745117794883,-0.9999588898195444,0.9784478588820037,0.20649403732123192,25.17524799219738,-464.16361810790426,0.0,-25.0,-6.246489780713188,-1.3182745326655514,6.263908641478058,35.12194856272214,8.829000000000008,0.017418860764870203,-0.025325969943423843,0.2957916976330805,-32.61992061256651,6.246489780713188,1.3182745326655514,-1.7073491597891601,0.0,6.661338147750939e-16,6.542281478346268,-33.008995239690115
34.800000000000225,0.0,453.0,471.53739552587473,471.14505435290175,0.5487293409629789,PILOT_DESC_ADD_SLACK_ACC,caténaire,,32.631267813636256,6.3839417738616255,32.631267813636256,0.009049593966283399,-0.9999590515861365,0.9780740540645605,0.20825740026638903,25.146190926925218,-464.215648364379,0.0,-25.0,-6.243967811672942,-1.3295031172764222,6.261425521182859,35.13336140777518,8.829000000000008,0.017457709509916874,-0.0251417095012485,0.29529972431846035,-32.62993161497693,6.243967811672942,1.3295031172764222,-1.7075478675957811,0.0,-4.440892098500626e-16,6.539267535991402,-33.00797636529629
34.900000000000226,0.0,453.0,471.59221000013764,471.1993778259252,0.5481447426290412,PILOT_DESC_ADD_SLACK_ACC,caténaire,,32.64121088957141,6.383803332762016,32.64121088957141,0.009031786720200682,-0.9999592125825136,0.9776996808279272,0.2100079382046526,25.11713963569988,-464.2676870110456,0.0,-25.0,-6.241442480909681,-1.3406493758173408,6.258937302109906,35.144693253195285,8.829000000000008,0.017494821200225275,-0.024956122622064925,0.29480845504370096,-32.6398795388756,6.241442480909681,1.3406493758173408,-1.7077463637055894,0.0,0.0,6.536250935953382,-33.00697652676384
35.00000000000023,0.0,453.0,471.6469670826668,471.2536637124144,0.5475708252915383,PILOT_DESC_ADD_SLACK_ACC,caténaire,,32.65109242834452,6.383664946725725,32.65109242834452,0.009014020906441681,-0.9999593728882681,0.97732387987825,0.21174993227796798,25.088094130963665,-464.31973398611103,0.0,-25.0,-6.238908193576767,-1.3517406201544104,6.256444217348379,35.15594344749262,8.829000000000008,0.017536023771612008,-0.02479717266179904,0.29431762976725717,-32.649765908764266,6.238908193576767,1.3517406201544104,-1.707944651986425,0.0,-4.440892098500626e-16,6.533225823344025,-33.00596994059628
35.10000000000023,0.0,453.0,471.7016678239847,471.3078901956739,0.5470074131792508,PILOT_DESC_ADD_SLACK_ACC,caténaire,,32.660917482109156,6.383526733242908,32.660917482109156,0.008996303569050824,-0.9999595324422351,0.9769474994334393,0.21347970243269085,25.05905442648605,-464.3717892366684,0.0,-25.0,-6.23637047960817,-1.3627533874838231,6.253945698467531,35.1671239572478,8.829000000000008,0.017575218859360753,-0.024629430236025485,0.29382752851277305,-32.65959577454429,6.23637047960817,1.3627533874838231,-1.7081427362424768,0.0,0.0,6.530198008120943,-33.004985123302944
35.20000000000023,0.0,453.0,471.7563132573399,471.3620453618729,0.5464543335522393,PILOT_DESC_ADD_SLACK_ACC,caténaire,,32.670687219589084,6.383388735401206,32.670687219589084,0.00897863833227359,-0.9999596912144499,0.9765710476114717,0.21519523453606648,25.030020535405615,-464.4238527068711,0.0,-25.0,-6.233832624642023,-1.3736748360495472,6.251442020702068,35.178230775680355,8.829000000000008,0.017609396060044524,-0.02444406036919844,0.2933382846115234,-32.66937030386418,6.233832624642023,1.3736748360495472,-1.708340620215381,0.0,-4.440892098500626e-16,6.527170909253546,-33.00403608803001
35.30000000000023,0.0,453.0,471.8109043989988,471.41613947233833,0.5459114165888141,PILOT_DESC_ADD_SLACK_ACC,caténaire,,32.680399487516944,6.383250892353682,32.680399487516944,0.008961021472149304,-0.9999598492410462,0.9761942067880955,0.21689829559810053,25.000992469202302,-464.4759243349928,0.0,-25.0,-6.231292541590606,-1.384516238926568,6.248933901569055,35.18925592011828,8.829000000000008,0.017641359978449067,-0.024260318808295267,0.2928497615260564,-32.679087344674606,6.231292541590606,1.384516238926568,-1.7085383075852771,0.0,-4.440892098500626e-16,6.524142303116663,-33.00310941333331
35.40000000000023,0.0,453.0,471.86544224852287,471.47013965430835,0.5453784952408156,PILOT_DESC_ADD_SLACK_ACC,caténaire,,32.69005371255763,6.383113350367833,32.69005371255763,0.00894346345918535,-0.9999600064309343,0.9758182913489925,0.21858330738812812,24.971970238598452,-464.52800405985334,0.0,-25.0,-6.228758763042881,-1.3952420275567163,6.2464216701579955,35.20020008985847,8.829000000000008,0.0176629071151142,-0.024041937698257243,0.29236230085706555,-32.68874632063671,6.228758763042881,1.3952420275567163,-1.708735801971813,0.0,-2.220446049250313e-16,6.521121063899947,-33.00224009505181
35.500000000000234,0.0,453.0,471.9199277890413,471.52408763114255,0.5448554051842949,PILOT_DESC_ADD_SLACK_ACC,caténaire,,32.699644106669126,6.382975896260359,32.699644106669126,0.008925950224130903,-0.9999601629128015,0.9754417891455538,0.22025738577519063,24.942953850891648,-464.5800918087146,0.0,-25.0,-6.22622142832115,-1.4058975843763613,6.243906803170208,35.21104761983749,8.829000000000008,0.017685374849057744,-0.023849964538882773,0.29187539564292403,-32.69834144809549,6.22622142832115,1.4058975843763613,-1.7089331069351306,0.0,-4.440892098500626e-16,6.518096823964074,-33.001376970654256
35.600000000000236,0.0,453.0,471.97436198750245,471.5779927193897,0.544341984611519,PILOT_DESC_ADD_SLACK_ACC,caténaire,,32.709172046302186,6.3828385125982585,32.709172046302186,0.008908478530637061,-0.9999603187178325,0.9750643824961828,0.22192217101348297,24.913943313616965,-464.6321875176558,0.0,-25.0,-6.223678492859475,-1.416493379944276,6.241389200313964,35.221810387512164,8.829000000000008,0.01771070745448977,-0.023682992432121353,0.2913889569293969,-32.70787410441675,6.223678492859475,1.416493379944276,-1.7091302259767773,0.0,4.440892098500626e-16,6.515067449788871,-33.000510950449254
35.70000000000024,0.0,453.0,472.02874579493334,471.6318903619676,0.5438380743091944,PILOT_DESC_ADD_SLACK_ACC,caténaire,,32.7186419857439,6.3827010636831565,32.7186419857439,0.008891036720667938,-0.9999604739518615,0.9746847223340778,0.22358374728173291,24.884938635258795,-464.6842911310906,0.0,-25.0,-6.22112121399744,-1.4270682215973827,6.23886845515707,35.23249962484488,8.829000000000008,0.01774724115963,-0.02356859675251144,0.29090264734563676,-32.71734874712575,6.22112121399744,1.4270682215973827,-1.7093271625406457,0.0,-4.440892098500626e-16,6.512023861343077,-32.999607688069005
35.80000000000024,0.0,453.0,472.0830801467053,471.685731788458,0.5433435177195491,PILOT_DESC_ADD_SLACK_ACC,caténaire,,32.7280645298604,6.382563806972204,32.7280645298604,0.008873640553126283,-0.9999606284766084,0.9743047240729376,0.22523388876711464,24.855939827991225,-464.7364026109681,0.0,-25.0,-6.218562068829971,-1.437569666548589,6.236342982935151,35.2431390159424,8.829000000000008,0.017780914105179235,-0.023430650606201198,0.2904170806375031,-32.726775976102196,6.218562068829971,1.437569666548589,-1.7095239200139354,0.0,-6.661338147750939e-16,6.508979149467475,-32.99873022956754
35.90000000000024,0.0,453.0,472.13736596281666,471.73951571113497,0.5428581611137735,PILOT_DESC_ADD_SLACK_ACC,caténaire,,32.7374411582762,6.382426724590228,32.7374411582762,0.00885629014664514,-0.999960782293405,0.9739244955713495,0.22687238026276443,24.826946903118404,-464.78852191136747,0.0,-25.0,-6.2160017282676385,-1.4479963428604643,6.233813160922299,35.2537178910852,8.829000000000008,0.017811432654660564,-0.023278451775269104,0.28993227755641654,-32.736157270914184,6.2160017282676385,1.4479963428604643,-1.7097205017281778,0.0,-4.440892098500626e-16,6.505934005824055,-32.9978814297819
36.00000000000024,0.0,453.0,472.1916041481576,471.79320643673253,0.542381853409335,PILOT_DESC_ADD_SLACK_ACC,caténaire,,32.74677059036238,6.382289960665335,32.74677059036238,0.008838996673536919,-0.9999609353058774,0.9735455157653107,0.22849316999257321,24.797959870887173,-464.84064898161745,0.0,-25.0,-6.213449771519698,-1.4583096649241978,6.231279446652094,35.26422979503964,8.829000000000008,0.017829675132396083,-0.023079869884568893,0.2894485963172897,-32.745491347785766,6.213449771519698,1.4583096649241978,-1.7099169109601915,0.0,4.440892098500626e-16,6.502898367836988,-32.99709859382176
36.10000000000024,0.0,453.0,472.24579559276185,471.8468902493496,0.5419144460426895,PILOT_DESC_ADD_SLACK_ACC,caténaire,,32.75604465230608,6.382153095953043,32.75604465230608,0.008821732057231368,-0.9999610877646742,0.9731644153725261,0.2301108877316537,24.768978737499015,-464.89278375557393,0.0,-25.0,-6.2108842864411,-1.4686029145490767,6.22874358169926,35.274653758992876,8.829000000000008,0.01785929525815977,-0.022949155556204914,0.28896504917735066,-32.75477004138823,6.2108842864411,1.4686029145490767,-1.7101131509329994,0.0,6.661338147750939e-16,6.499849335618451,-32.99628027777215
36.200000000000244,0.0,453.0,472.2999411720328,471.9005327774949,0.5414557927093525,PILOT_DESC_ADD_SLACK_ACC,caténaire,,32.76527018814765,6.382016341510904,32.76527018814765,0.008804507297931433,-0.9999612395744352,0.9727825760361438,0.23171978715786004,24.740003512811988,-464.944926189747,0.0,-25.0,-6.208314296999744,-1.4788394682928914,6.2262039962418925,35.285020403666486,8.829000000000008,0.017889699242148893,-0.022819064626411034,0.2884820604902412,-32.764000192331416,6.208314296999744,1.4788394682928914,-1.710309224816643,0.0,4.440892098500626e-16,6.496796357489985,-32.99546994885517
36.300000000000246,0.0,453.0,472.3540417469958,471.95407780375916,0.5410057496301037,PILOT_DESC_ADD_SLACK_ACC,caténaire,,32.77445082687558,6.381879942974482,32.77445082687558,0.008787340077098296,-0.9999613905818411,0.9724023213457713,0.2333103629103419,24.711034207013927,-464.99707624083777,0.0,-25.0,-6.205754871098405,-1.4889587255456085,6.223660551174053,35.295329961803844,8.829000000000008,0.01790568007564808,-0.02262876374177125,0.2880002452558912,-32.773185424398676,6.205754871098405,1.4889587255456085,-1.710505135729097,0.0,4.440892098500626e-16,6.493755116354296,-32.99473183458217
36.40000000000025,0.0,453.0,472.4080981645449,472.00759028889433,0.5405641754915567,PILOT_DESC_ADD_SLACK_ACC,caténaire,,32.78357872315348,6.3817435616039075,32.78357872315348,0.008770209302907042,-0.9999615409748434,0.9720210917667046,0.23489358688704925,24.682070825564477,-465.04923384545754,0.0,-25.0,-6.203189344125368,-1.4990306357784746,6.221115280338883,35.30555520989892,8.829000000000008,0.01792593621351468,-0.02247542587956275,0.28751884710038605,-32.78231789867464,6.203189344125368,1.4990306357784746,-1.710700886737165,0.0,-2.220446049250313e-16,6.490708191225754,-32.99398814963333
36.50000000000025,0.0,453.0,472.46211125765706,472.0610820809283,0.5401309311212015,PILOT_DESC_ADD_SLACK_ACC,caténaire,,32.792655896502424,6.3816071787122635,32.792655896502424,0.00875311112837381,-0.9999616907889894,0.971638420241144,0.2364715211421749,24.653113375238572,-465.1013989525643,0.0,-25.0,-6.200614717723528,-1.509068356881912,6.218567620261418,35.31571282818682,8.829000000000008,0.017952902537890836,-0.022355528695101157,0.28703776125660846,-32.79139963572809,6.200614717723528,1.509068356881912,-1.7108964808572515,0.0,-2.220446049250313e-16,6.487652478980136,-32.99322775970343
36.60000000000025,0.0,453.0,472.51608184561906,472.11452980665956,0.5397058796197041,PILOT_DESC_ADD_SLACK_ACC,caténaire,,32.801688640970944,6.381470924819368,32.801688640970944,0.008736052854474036,-0.9999618399621676,0.9712552868761464,0.23804026490309263,24.624161865041895,-465.1535715222642,0.0,-25.0,-6.198037373777223,-1.519047029415386,6.216016614827914,35.325817883548545,8.829000000000008,0.01797924105069093,-0.0222291458668451,0.2865572856835228,-32.800436927291436,6.198037373777223,1.519047029415386,-1.711091921056188,0.0,0.0,6.484594659460745,-32.99248181893224
36.70000000000025,0.0,453.0,472.5700107342652,472.16792336132966,0.5392888864618585,PILOT_DESC_ADD_SLACK_ACC,caténaire,,32.810679053198506,6.381334836627702,32.810679053198506,0.00871903744296497,-0.9999619884705958,0.9708721535374334,0.23959812496258479,24.59521630381313,-465.2057515124907,0.0,-25.0,-6.195460295280183,-1.5289558616144197,6.213462338113198,35.33586741009689,8.829000000000008,0.018002042833014542,-0.02208845151753991,0.2860775391939442,-32.8094318691069,6.195460295280183,1.5289558616144197,-1.7112872102520889,0.0,4.440892098500626e-16,6.4815378344741275,-32.99176321774457
36.80000000000025,0.0,453.0,472.6238987162061,472.22126448860536,0.538879819408759,PILOT_DESC_ADD_SLACK_ACC,caténaire,,32.819625959372445,6.381198893211544,32.819625959372445,0.008702064087097073,-0.999962136323483,0.9704889977876362,0.2411454025544535,24.5662766992239,-465.25793887640316,0.0,-25.0,-6.1928833185564445,-1.5387967758835308,6.210905293400948,35.34585491678988,8.829000000000008,0.018021974844503852,-0.021941859093658422,0.2855984884130138,-32.81838328767171,6.1928833185564445,1.5387967758835308,-1.7114823513151844,0.0,-4.440892098500626e-16,6.478481806969458,-32.991068863103365
36.900000000000254,0.0,453.0,472.6777465710452,472.27458678296637,0.5384785483911011,PILOT_DESC_ADD_SLACK_ACC,caténaire,,32.82852777307917,6.3810629416406695,32.82852777307917,0.008685122059754784,-0.9999622836161408,0.970104448078764,0.24268778258865245,24.53734305798242,-465.31013356519605,0.0,-25.0,-6.190297543156175,-1.5486060158653978,6.20834589615856,35.35577771459165,8.829000000000008,0.018048353002384943,-0.021828301273750128,0.28511977075124256,-32.82728959972415,6.190297543156175,1.5486060158653978,-1.711677347068602,0.0,0.0,6.475417313907418,-32.99036093092736
37.000000000000256,0.0,453.0,472.731555065589,472.3278414389726,0.5380849454380946,PILOT_DESC_ADD_SLACK_ACC,caténaire,,32.837389124597685,6.380927225213344,32.837389124597685,0.008668226498154843,-0.9999624302189442,0.9697205868066439,0.24421708278369547,24.508415388896196,-465.3623355410873,0.0,-25.0,-6.187716493204373,-1.5583314323966635,6.2057832474587,35.36565071204534,8.829000000000008,0.01806675425432669,-0.02168072035133406,0.2846419265400593,-32.83615543107783,6.187716493204373,1.5583314323966635,-1.7118722002891287,0.0,4.440892098500626e-16,6.472358419744433,-32.98969619897029
37.10000000000026,0.0,453.0,472.7853249540672,472.38106041000816,0.537698884782214,PILOT_DESC_ADD_SLACK_ACC,caténaire,,32.84620681434934,6.380791572388786,32.84620681434934,0.008651367149642274,-0.9999625762229515,0.9693361145832371,0.2457386761677398,24.47949369819239,-465.41454475493344,0.0,-25.0,-6.18513171074481,-1.568007273901091,6.203218456524091,35.37545849138559,8.829000000000008,0.018086745779281266,-0.0215487825155094,0.28416459462401805,-32.84497758522863,6.18513171074481,1.568007273901091,-1.7120669137080067,0.0,-4.440892098500626e-16,6.469296305368828,-32.98903722503554
37.20000000000026,0.0,453.0,472.83905697833274,472.43421762546194,0.5373202426553277,PILOT_DESC_ADD_SLACK_ACC,caténaire,,32.85498192384236,6.380656111965593,32.85498192384236,0.008634551939892059,-0.9999627215615577,0.9689521790876323,0.2472482045259967,24.450577992572782,-465.4667611628188,0.0,-25.0,-6.182550643697882,-1.57760576738132,6.200651321453714,35.38520811027077,8.829000000000008,0.01810067775583235,-0.021397657110561852,0.28368804790563157,-32.85375714142119,6.182550643697882,1.57760576738132,-1.712261490011661,0.0,2.220446049250313e-16,6.466238691603513,-32.98841286405153
37.30000000000026,0.0,453.0,472.89275186806486,472.4873343072098,0.5369488973210546,PILOT_DESC_ADD_SLACK_ACC,caténaire,,32.86371191621562,6.380520733412024,32.86371191621562,0.008617774034565144,-0.9999628662958886,0.9685679197096995,0.24874924102241008,24.42166827676087,-465.51898471442064,0.0,-25.0,-6.17996769342549,-1.5871496897639923,6.19808269230243,35.39489085932847,8.829000000000008,0.018114998876940014,-0.021258830435527898,0.2832120432309921,-32.86249156486132,6.17996769342549,1.5871496897639923,-1.7124559318424315,0.0,-4.440892098500626e-16,6.463179736656482,-32.98779780693976
37.40000000000026,0.0,453.0,472.94641034095963,472.54043073482615,0.5365847289477678,PILOT_DESC_ADD_SLACK_ACC,caténaire,,32.872397462619176,6.380385358483759,32.872397462619176,0.008601027038398264,-0.9999630104828302,0.9681824856699077,0.250245228609936,24.39276455557414,-465.5712153635244,0.0,-25.0,-6.177377355908691,-1.5966609926532565,6.195512530032347,35.404512279876165,8.829000000000008,0.01813517412365595,-0.021148712777097955,0.28273637939296203,-32.87118152850882,6.177377355908691,1.5966609926532565,-1.7126502417992648,0.0,-6.661338147750939e-16,6.460113735301653,-32.98717077765483
37.50000000000026,0.0,453.0,473.00003310292266,472.5935009580088,0.5362276196303184,PILOT_DESC_ADD_SLACK_ACC,caténaire,,32.88104342016076,6.380250037607283,32.88104342016076,0.008584312717264692,-0.9999631541087762,0.9677961470669701,0.25173521351278494,24.36386683575624,-465.6234530734914,0.0,-25.0,-6.174781403720219,-1.6061336054820234,6.192940010356392,35.41408533023772,8.829000000000008,0.01815860663617297,-0.0210482752443113,0.28226115918861855,-32.87983188881157,6.174781403720219,1.6061336054820234,-1.7128444224384112,0.0,-2.220446049250313e-16,6.457042562908838,-32.98654270576796
37.600000000000264,0.0,453.0,473.0536208482706,472.6465277194447,0.5358774534795321,PILOT_DESC_ADD_SLACK_ACC,caténaire,,32.88965373073216,6.38011485333281,32.88965373073216,0.008567636234897067,-0.999963297131123,0.9674096825333945,0.2532163228163558,24.33497512515288,-465.6756978109052,0.0,-25.0,-6.172184884789289,-1.6155492223069474,6.190364662819044,35.423614359737456,8.829000000000008,0.018179778029755234,-0.02093486256949717,0.28178658905663834,-32.888446586083866,6.172184884789289,1.6155492223069474,-1.7130384762741546,0.0,4.440892098500626e-16,6.453971473845927,-32.98593584005108
37.700000000000266,0.0,453.0,473.10717425993226,472.6995401291202,0.5355341166166211,PILOT_DESC_ADD_SLACK_ACC,caténaire,,32.89822816834275,6.379979664820534,32.89822816834275,0.008550988508907667,-0.9999634396294299,0.9670218443965759,0.2546934480112205,24.30608943088267,-465.7279495380168,0.0,-25.0,-6.169579702687401,-1.624939019074613,6.187786801029272,35.4330934741654,8.829000000000008,0.018207098341870953,-0.020845544909214198,0.2813123710309213,-32.89702539692981,6.169579702687401,1.624939019074613,-1.7132324057795405,0.0,-4.440892098500626e-16,6.450892073718323,-32.98531878363474
37.80000000000027,0.0,453.0,473.16069400963886,472.7524858049556,0.5351974970657538,PILOT_DESC_ADD_SLACK_ACC,caténaire,,32.90677063787979,6.3798447232136315,32.90677063787979,0.008534385411286474,-0.999963581469671,0.9666349685130524,0.25615783737330816,24.27720976206849,-465.78020822512053,0.0,-25.0,-6.166981003141772,-1.6342472270759156,6.185205568375449,35.44253356317944,8.829000000000008,0.01822456523367677,-0.020713663896486878,0.28083906326447133,-32.905572221655284,6.166981003141772,1.6342472270759156,-1.7134262133870661,0.0,4.440892098500626e-16,6.447820066406243,-32.98475120796643
37.90000000000027,0.0,453.0,473.2141807581207,472.8054295262518,0.5348674848180126,PILOT_DESC_ADD_SLACK_ACC,caténaire,,32.915276091625415,6.379709705113427,32.915276091625415,0.008517806974375668,-0.9999637228241568,0.9662462248785834,0.2576203270471609,24.24833612462963,-465.83247382830103,0.0,-25.0,-6.16437041838711,-1.6435429006972677,6.1826223392584305,35.45191533361211,8.829000000000008,0.01825192087132077,-0.020627567085170995,0.28036596825674764,-32.91408201836671,6.16437041838711,1.6435429006972677,-1.7136199014893914,0.0,2.220446049250313e-16,6.444736386643857,-32.98415901915884
38.00000000000027,0.0,453.0,473.26763515527995,472.8583025965417,0.5345439715927709,PILOT_DESC_ADD_SLACK_ACC,caténaire,,32.923749589859646,6.379574953753684,32.923749589859646,0.008501273986640082,-0.9999638635173794,0.9658586922017429,0.259069463075714,24.219468527677485,-465.8847463189317,0.0,-25.0,-6.161767921635528,-1.6527530579202399,6.180035748518105,35.46125950546626,8.829000000000008,0.01826782688257733,-0.020493552453984876,0.2798938159309259,-32.92255984135479,6.161767921635528,1.6527530579202399,-1.713813472439965,0.0,0.0,6.441661737566454,-32.98362025587451
38.10000000000027,0.0,453.0,473.3210578403809,472.91116737752856,0.5342268510094346,PILOT_DESC_ADD_SLACK_ACC,caténaire,,32.93218579798424,6.37944015136694,32.93218579798424,0.00848476730309539,-0.99996400371404,0.9654696228125789,0.26051565677735566,24.190606976617378,-465.9370256523832,0.0,-25.0,-6.1591556766956606,-1.6619440409051915,6.1774473850775165,35.47054434820636,8.829000000000008,0.018291708381855898,-0.020399692698838123,0.27942193327819903,-32.93100036160697,6.1591556766956606,1.6619440409051915,-1.714006928553713,0.0,0.0,6.438577609973859,-32.983063249255494
38.20000000000027,0.0,453.0,473.3744494422136,472.96397065986724,0.5339160183270253,PILOT_DESC_ADD_SLACK_ACC,caténaire,,32.940588712811575,6.379305568304305,32.940588712811575,0.008468302910201968,-0.9999641432800584,0.9650814309998232,0.26195005542914757,24.16175147941086,-465.98931179743835,0.0,-25.0,-6.15654934664426,-1.6710594472167826,6.174856156366034,35.47978804020124,8.829000000000008,0.01830680972177401,-0.020271407015549414,0.27895088326046835,-32.93940757134739,6.15654934664426,1.6710594472167826,-1.7142002721076324,0.0,0.0,6.435500229904728,-32.982548396238236
38.300000000000274,0.0,453.0,473.4278105792731,473.0167387994128,0.5336113705951713,PILOT_DESC_ADD_SLACK_ACC,caténaire,,32.94895476189422,6.379171057248474,32.94895476189422,0.008451872611021127,-0.999964282286806,0.9646929725339823,0.26337704672873286,24.13290204117971,-466.0416047113805,0.0,-25.0,-6.153941489519777,-1.6801272336355115,6.172263279650931,35.48897495662979,8.829000000000008,0.018321790131153648,-0.02015227700572808,0.2784803683138279,-32.947777900578,6.153941489519777,1.6801272336355115,-1.7143935053414396,0.0,4.440892098500626e-16,6.432421857833605,-32.98204417228393
38.400000000000276,0.0,453.0,473.48114185991903,473.0694522507102,0.5333128064593876,PILOT_DESC_ADD_SLACK_ACC,caténaire,,32.95728381025508,6.379036712982988,32.95728381025508,0.008435482104010596,-0.9999644206878926,0.9643051710364017,0.2647933857037525,24.104058666957982,-466.09390435455737,0.0,-25.0,-6.151338088560546,-1.689126728759302,6.169668793844671,35.498109234675276,8.829000000000008,0.01833070528412417,-0.02001749408403697,0.27801057777820487,-32.95611121276818,6.151338088560546,1.689126728759302,-1.7145866304581476,0.0,-2.220446049250313e-16,6.429348666338751,-32.98157111446702
38.50000000000028,0.0,453.0,473.53444388253655,473.1221682182273,0.5330202261753353,PILOT_DESC_ADD_SLACK_ACC,caténaire,,32.96557313059691,6.378902269906465,32.96557313059691,0.008419114114936458,-0.9999645586307144,0.963915434648777,0.26620863029935626,24.075221359788394,-466.1462106820901,0.0,-25.0,-6.148722354078961,-1.6981188360852546,6.167073552026265,35.50718375770004,8.829000000000008,0.018351197947303888,-0.019935078385223903,0.27754092205077846,-32.964404785545874,6.148722354078961,1.6981188360852546,-1.7147796496246501,0.0,-4.440892098500626e-16,6.426263276129739,-32.98106559908527
38.60000000000028,0.0,453.0,473.5877172356876,473.1748360656929,0.5327335315102368,PILOT_DESC_ADD_SLACK_ACC,caténaire,,32.97382985861643,6.3787679970654665,32.97382985861643,0.008402783745588945,-0.999964695989476,0.9635260953423148,0.2676143934738794,24.046390126487534,-466.1985236665789,0.0,-25.0,-6.146109421307007,-1.7070501286452673,6.164475941217893,35.516222236044285,8.829000000000008,0.018366519910886225,-0.019827892600986274,0.2770719615657976,-32.97266575018009,6.146109421307007,1.7070501286452673,-1.714972564972268,0.0,4.440892098500626e-16,6.423181382872805,-32.98058818650709
38.70000000000028,0.0,453.0,473.64096249828276,473.2275166528637,0.5324526259517302,PILOT_DESC_ADD_SLACK_ACC,caténaire,,32.98205328850008,6.378633602607701,32.98205328850008,0.008386472746210799,-0.9999648329190768,0.9631343609766971,0.26902082206775196,24.017564972234847,-466.25084327234305,0.0,-25.0,-6.143481198752056,-1.7159852554425101,6.161876663197548,35.525213409834116,8.829000000000008,0.018395464445491783,-0.019771845608403282,0.2766030910180782,-32.98089340596307,6.143481198752056,1.7159852554425101,-1.715165378597373,0.0,4.440892098500626e-16,6.420084289770134,-32.98007352911794
38.80000000000028,0.0,453.0,473.6941802397382,473.2801638698773,0.5321774145543806,PILOT_DESC_ADD_SLACK_ACC,caténaire,,32.990251313321025,6.3784993340233305,32.990251313321025,0.008370194828828382,-0.9999649693056889,0.9627423673063922,0.2704202917557852,23.988745906657005,-466.30316948077405,0.0,-25.0,-6.140851548699867,-1.7248756508706706,6.159273818424075,35.534180447980916,8.829000000000008,0.018422269724207574,-0.01969520288976412,0.27613483094450836,-32.98909564191202,6.140851548699867,1.7248756508706706,-1.7153580925619552,0.0,0.0,6.416986379644376,-32.97957808360331
38.90000000000028,0.0,453.0,473.7473710201516,473.33274108498006,0.5319078041336819,PILOT_DESC_ADD_SLACK_ACC,caténaire,,32.998424636092956,6.378365331963423,32.998424636092956,0.008353960589400819,-0.999965105062407,0.9623518725848915,0.271806683752171,23.959932938747052,-466.35550226637565,0.0,-25.0,-6.138231821245553,-1.7336823286407932,6.1566676802883205,35.5431139848334,8.829000000000008,0.018435859042767788,-0.019568343807407018,0.2756675389222336,-32.997273158124614,6.138231821245553,1.7336823286407932,-1.7155507088942596,0.0,4.440892098500626e-16,6.413899360167786,-32.97914153837808
39.000000000000284,0.0,453.0,473.8005353904639,473.3853288152779,0.5316437031228817,PILOT_DESC_ADD_SLACK_ACC,caténaire,,33.00656543442002,6.378231197622724,33.00656543442002,0.008337746044375881,-0.9999652403913346,0.9619591374834551,0.27319337073232064,23.931126073137737,-466.4078415868994,0.0,-25.0,-6.13559778153522,-1.7424904801885983,6.154060114224853,35.55199124912725,8.829000000000008,0.01846233268963271,-0.01949923106135998,0.2752003603892692,-33.00541813912213,6.13559778153522,1.7424904801885983,-1.7157432295893738,0.0,4.440892098500626e-16,6.41079814192449,-32.9786708885229
39.100000000000286,0.0,453.0,473.853673892595,473.4378521826495,0.5313850213111387,PILOT_DESC_ADD_SLACK_ACC,caténaire,,33.014679328801236,6.378097313237595,33.014679328801236,0.008321573209840468,-0.999965375110215,0.9615676978828952,0.27456795586555455,23.902325318628733,-466.4601874193817,0.0,-25.0,-6.132972350362953,-1.751221141607232,6.151449341494661,35.56083842156436,8.829000000000008,0.018476991131707976,-0.01938272004287711,0.27473407103402625,-33.013536199168186,6.132972350362953,1.751221141607232,-1.7159356566097164,0.0,4.440892098500626e-16,6.40770642139698,-32.97825071417067
39.20000000000029,0.0,453.0,473.90678705960306,473.49038102875164,0.5311316700809152,PILOT_DESC_ADD_SLACK_ACC,caténaire,,33.022761274155194,6.377963328018723,33.022761274155194,0.008305421378432794,-0.9999655093930624,0.9611742817734754,0.275942022999839,23.873530680203807,-466.51253972502417,0.0,-25.0,-6.130334320985961,-1.7599481033522721,6.148836994196939,35.569633973103244,8.829000000000008,0.018502673210978315,-0.019314130249036054,0.2742679474612511,-33.02162229907609,6.130334320985961,1.7599481033522721,-1.7161279918856167,0.0,6.661338147750939e-16,6.404602268447212,-32.977802187609434
39.30000000000029,0.0,453.0,473.9598754158188,473.5428429700823,0.5308835621570043,PILOT_DESC_ADD_SLACK_ACC,caténaire,,33.03081671030883,6.377829603858801,33.03081671030883,0.00828931168221477,-0.9999656430657182,0.960782346204183,0.27730359395865256,23.8447421664089,-466.5648984810341,0.0,-25.0,-6.127706090485955,-1.768595070805935,6.146221552669045,35.578399636524786,8.829000000000008,0.018515462183090747,-0.01919543428115844,0.2738027348298578,-33.02968187270984,6.127706090485955,1.768595070805935,-1.7163202373157997,0.0,2.220446049250313e-16,6.401508825315813,-32.9774070392197
39.40000000000029,0.0,453.0,474.0129394769986,473.59529803209034,0.5306406117982327,PILOT_DESC_ADD_SLACK_ACC,caténaire,,33.03884014331953,6.377695830764348,33.03884014331953,0.008273226364712774,-0.9999657762771276,0.9603890635594994,0.27866260351060373,23.815959781608118,-466.61726364788285,0.0,-25.0,-6.125069326575096,-1.777225324599516,6.143604804466688,35.58711265287803,8.829000000000008,0.018535477891592045,-0.019112671721494223,0.2733378033332419,-33.037709431210445,6.125069326575096,1.777225324599516,-1.7165123947679413,0.0,0.0,6.398407129908338,-32.97699650137887
39.50000000000029,0.0,453.0,474.0659797504523,473.64771567451567,0.530402734536681,PILOT_DESC_ADD_SLACK_ACC,caténaire,,33.04683475217761,6.377562176133488,33.04683475217761,0.008257174274701328,-0.9999659089553988,0.9599959085899569,0.2800140273103178,23.78718353247523,-466.669635198048,0.0,-25.0,-6.122433595866211,-1.7858068693610927,6.140985764996309,35.59578932325893,8.829000000000008,0.01855216913009805,-0.019017546102176652,0.2728734737759868,-33.04570815106015,6.122433595866211,1.7858068693610927,-1.7167044660791286,0.0,4.440892098500626e-16,6.395307069642198,-32.97660574777818
39.60000000000029,0.0,453.0,474.1189967351843,473.7001033115308,0.5301698473196604,PILOT_DESC_ADD_SLACK_ACC,caténaire,,33.054800091089334,6.377428595335267,33.054800091089334,0.0082411530982832,-0.9999660411212026,0.9596025534420484,0.2813590933797955,23.758413424629417,-466.72201309987025,0.0,-25.0,-6.119796764478059,-1.7943475276779135,6.138364886088623,35.60442400971699,8.829000000000008,0.018568121610564425,-0.018923517960928393,0.2724096681838127,-33.05367758713937,6.119796764478059,1.7943475276779135,-1.7168964530563744,0.0,0.0,6.3922064326618715,-32.976226512517826
39.700000000000294,0.0,453.0,474.1719909220266,473.7524947992161,0.5299418684232986,PILOT_DESC_ADD_SLACK_ACC,caténaire,,33.06273601342256,6.377294940210666,33.06273601342256,0.008225152974557972,-0.9999661728571348,0.9592073646787148,0.2827034339128464,23.729649463429315,-466.7743973220599,0.0,-25.0,-6.117148273378375,-1.8028831786725759,6.13574228043788,35.61301719920504,8.829000000000008,0.018594007059504314,-0.01886597946754165,0.2719460614678275,-33.06161759552792,6.117148273378375,1.8028831786725759,-1.7170883574770974,0.0,-2.220446049250313e-16,6.389094334846202,-32.97582277433244
39.800000000000296,0.0,453.0,474.22496279376986,473.8048457360442,0.5297187174321722,PILOT_DESC_ADD_SLACK_ACC,caténaire,,33.070648360372296,6.377161438182721,33.070648360372296,0.008209186691325815,-0.9999663040592253,0.9588125099259428,0.2840397345610541,23.70089165749724,-466.82678784550427,0.0,-25.0,-6.11450216474691,-1.81136724215441,6.133116557430658,35.621585435269566,8.829000000000008,0.018614392683748093,-0.01878180688485287,0.2714831263934841,-33.069534013763764,6.11450216474691,1.81136724215441,-1.7172801810895957,0.0,6.661338147750939e-16,6.385985291140394,-32.97544695269895
39.9000000000003,0.0,453.0,474.2779128253074,473.85715658520485,0.5295003153751408,PILOT_DESC_ADD_SLACK_ACC,caténaire,,33.07853576082762,6.377028061772184,33.07853576082762,0.008193253902898481,-0.9999664347319277,0.958418006776323,0.2853680505713632,23.67214001369492,-466.8791846421909,0.0,-25.0,-6.111858524120375,-1.819800066426807,6.130488470223641,35.6301166046213,8.829000000000008,0.018629946103265738,-0.018683461805515833,0.27102084222456785,-33.07742547090737,6.111858524120375,1.819800066426807,-1.7174719256135693,0.0,-6.661338147750939e-16,6.382879366344943,-32.97509733009413
40.0000000000003,0.0,453.0,474.33084148376423,473.90948209614197,0.5292865845681739,PILOT_DESC_ADD_SLACK_ACC,caténaire,,33.08639514431021,6.376894557642974,33.08639514431021,0.008177338810859658,-0.9999665650060368,0.9580211756326602,0.2866974486098815,23.64339453726452,-466.9315876793853,0.0,-25.0,-6.109200020998634,-1.8282393997304796,6.127858711202924,35.63860427078434,8.829000000000008,0.018658690204289563,-0.018635128946144164,0.2705586631250064,-33.085288900888294,6.109200020998634,1.8282393997304796,-1.717663592740589,0.0,-4.440892098500626e-16,6.379758684123641,-32.9747130938984
40.1000000000003,0.0,453.0,474.3837492286168,473.9617333720847,0.5290774485256757,PILOT_DESC_ADD_SLACK_ACC,caténaire,Fx:(t>40:5),33.09423325410997,6.376761362021095,33.09423325410997,0.008161466809285766,-0.9999666946751381,0.9576264179982277,0.2880132697496488,23.614655237764257,-466.98399694104774,5.0,-25.0,-6.106555141541761,-1.8365918902889196,6.125225442038981,35.64707112844073,8.829000000000008,5.01867030049722,-0.01852076184820106,0.27009748628217983,-33.09313103992039,6.106555141541761,1.8365918902889196,-1.7178551841345264,0.0,4.440892098500626e-16,6.37665262782394,-32.97439433376599
40.2000000000003,0.0,453.0,474.43663651183294,474.01398496005766,0.5288728321614924,PILOT_DESC_ADD_SLACK_ACC,caténaire,,32.97026163116703,6.376628086452717,32.97026163116703,0.008145185581718341,-0.9999668274257097,0.9572300857539271,0.28932777766320555,23.587588785846947,-467.03641238908483,5.0,-25.0,-6.103900250016035,-1.8449356332381437,5.432908348611432,35.65548716583722,8.829000000000008,4.329008098595397,-0.018448467400929758,0.2685488996636631,-32.969167922713694,6.103900250016035,1.8449356332381437,-1.7180467014320633,0.0,0.0,6.3724491496796976,-32.842278990907616
40.3000000000003,0.0,453.0,474.4895038874083,474.0676835733432,0.5286737557534901,PILOT_DESC_ADD_SLACK_ACC,caténaire,,32.81573044402887,6.376494861102294,32.81573044402887,0.008128966411849833,-0.9999669594066971,0.9568085235930206,0.2907188490272764,23.56196529410404,-467.0888339994645,5.0,-25.0,-6.101084633749768,-1.8537672468480015,4.869073648596148,35.66387149720309,8.829000000000008,3.7679890148463793,-0.018895749644919135,0.26675797055982875,-32.814646192825336,6.101084633749768,1.8537672468480015,-1.7182381466393484,0.0,6.661338147750939e-16,6.3678426043095975,-32.679117092616686
40.400000000000304,0.0,453.0,474.54235198488465,474.1222490327877,0.5284809747633531,PILOT_DESC_ADD_SLACK_ACC,caténaire,,32.67037136081399,6.376361541002274,32.67037136081399,0.00811307015538949,-0.9999670885047436,0.9563756092160524,0.2921398536602374,23.53759775620903,-467.14126192133773,5.0,-25.0,-6.098196653357856,-1.8627893274731704,4.403449513128091,35.672459781470174,8.829000000000008,3.305252859770235,-0.01932954600300718,0.26505701485291144,-32.66929613004192,6.098196653357856,1.8627893274731704,-1.7184295220361003,0.0,6.661338147750939e-16,6.363253668210768,-32.52493632460485
40.500000000000306,0.0,453.0,474.59518148855153,474.1772278938732,0.5282950366686261,PILOT_DESC_ADD_SLACK_ACC,caténaire,,32.54688331180129,6.376228387024232,32.54688331180129,0.008097657564603176,-0.9999672134335038,0.9559442393776252,0.29354831152764893,23.514331926765916,-467.1936962993757,5.0,-25.0,-6.095318795531901,-1.8717310769256277,4.014272046718105,35.68124599495156,8.829000000000008,2.9189532511862044,-0.019485081974075058,0.26355351585406456,-32.54581621124734,6.095318795531901,1.8717310769256277,-1.718620830100293,0.0,2.220446049250313e-16,6.358872311385965,-32.39270596442201
40.60000000000031,0.0,453.0,474.6479931208709,474.23241119448664,0.5281163231938547,PILOT_DESC_ADD_SLACK_ACC,caténaire,,32.44677107557158,6.376095146990707,32.44677107557158,0.008082782394319789,-0.9999673337808421,0.9555185109888341,0.2949311362974101,23.4920390393106,-467.24613718547,5.0,-25.0,-6.092476940775692,-1.8805089868423712,3.6855505154028676,35.69010392286627,8.829000000000008,2.593073574627176,-0.01940506397610875,0.26226019000215456,-32.44571116223666,6.092476940775692,1.8805089868423712,-1.718812073448131,0.0,0.0,6.354737130777846,-32.284014248842425
40.70000000000031,0.0,453.0,474.700787629115,474.2875900110912,0.5279450824404677,PILOT_DESC_ADD_SLACK_ACC,caténaire,,32.367459361748665,6.3759620517051845,32.367459361748665,0.00806847739641125,-0.9999674493064781,0.9551047724854055,0.2962682459792173,23.470610467275723,-467.29858455301786,5.0,-25.0,-6.0897117847694595,-1.8889950934887467,3.405306315150551,35.69892673513769,8.829000000000008,2.3155945303810914,-0.019068358351063353,0.26115611423952884,-32.366405778498894,6.0897117847694595,1.8889950934887467,-1.7190032547856628,0.0,4.440892098500626e-16,6.350867899008988,-32.19641393979581
40.80000000000031,0.0,453.0,474.75356577456887,474.3427095280302,0.5277814545387737,PILOT_DESC_ADD_SLACK_ACC,caténaire,,32.30531584990676,6.375828876823077,32.30531584990676,0.008054721184446634,-0.9999675602071503,0.9547030331118702,0.297560277199419,23.449953717710994,-467.35103828982915,5.0,-25.0,-6.08702316730524,-1.897193407963535,3.16441685993274,35.70759789196018,8.829000000000008,2.0773936926274996,-0.01859551600336573,0.26021031194648364,-32.30426787215264,6.08702316730524,1.897193407963535,-1.7191943768696811,0.0,-2.220446049250313e-16,6.347233479251724,-32.12626884105879
40.90000000000031,0.0,453.0,474.80632832377535,474.39764539823756,0.5276254920650341,PILOT_DESC_ADD_SLACK_ACC,caténaire,,32.25686055711558,6.375695944021045,32.25686055711558,0.008041507523338343,-0.9999676665556502,0.9543177987884178,0.29879347200972967,23.429989390329652,-467.4034982383549,5.0,-25.0,-6.084440119042407,-1.905016327592399,2.955827511525962,35.71605557487044,8.829000000000008,1.871387392483555,-0.01796075272196873,0.2593937868493208,-32.255817581709856,6.084440119042407,1.905016327592399,-1.7193854424760175,0.0,-2.220446049250313e-16,6.343833905891728,-32.070186696593474
41.00000000000031,0.0,453.0,474.85907604147445,474.4524732571389,0.5274771769911436,PILOT_DESC_ADD_SLACK_ACC,caténaire,,32.21913497992678,6.375562741081092,32.21913497992678,0.008028773595445262,-0.999967768877854,0.9539439507514886,0.2999848976609351,23.41064881645909,-467.4559641870381,5.0,-25.0,-6.081929509490887,-1.9125725364140824,2.7740126273177657,35.72422615894893,8.829000000000008,1.6920831178268783,-0.017346377465159435,0.2586801401949229,-32.2180965210518,6.081929509490887,1.9125725364140824,-1.7195764543739758,0.0,4.440892098500626e-16,6.340609649685811,-32.025100439011695
41.100000000000314,0.0,453.0,474.9118096849063,474.50707075983456,0.5273364343185603,PILOT_DESC_ADD_SLACK_ACC,caténaire,,32.18978644466068,6.375429825145564,32.18978644466068,0.008016513499118787,-0.999967867239402,0.9535869110226293,0.3011179222934435,23.391872227938425,-467.50843593116673,5.0,-25.0,-6.0795264334020995,-1.9197561826754839,2.61458701033409,35.73211886821406,8.829000000000008,1.5350605769319903,-0.016637314461434016,0.2580498575673733,-32.18875209795916,6.0795264334020995,1.9197561826754839,-1.7197674153057003,0.0,-2.220446049250313e-16,6.337576290969473,-31.988763330589375
41.200000000000315,0.0,453.0,474.9645299993035,474.5614860936468,0.5272031439724564,PILOT_DESC_ADD_SLACK_ACC,caténaire,,32.16696633155581,6.375296913443621,32.16696633155581,0.00800467612870491,-0.9999679620668227,0.9532436274265674,0.3022028900765834,23.37360728402777,-467.56091323440796,5.0,-25.0,-6.077211155692396,-1.9266331523389841,2.474038233656189,35.73969053931835,8.829000000000008,1.3968270779637928,-0.01594261302064126,0.25748614752705934,-32.16593576843797,6.077211155692396,1.9266331523389841,-1.719958327969854,0.0,4.440892098500626e-16,6.334697303219455,-31.959260944068838
41.30000000000032,0.0,453.0,475.01723771431034,474.61573691356915,0.5270771500679196,PILOT_DESC_ADD_SLACK_ACC,caténaire,,32.14925608456866,6.375163965275818,32.14925608456866,0.007993222220819968,-0.9999680536889809,0.9529127392500919,0.3032446394825248,23.355807906910695,-467.6133958652423,5.0,-25.0,-6.074974957319458,-1.9332342982920485,2.3495209958054635,35.74694762694278,8.829000000000008,1.274546038486006,-0.015286671349279857,0.2569761481180058,-32.14822903443475,6.074974957319458,1.9332342982920485,-1.7201491950086505,0.0,2.220446049250313e-16,6.331951105437463,-31.93514393115135
41.40000000000032,0.0,453.0,475.0699335412084,474.6698173230604,0.5269582689807885,PILOT_DESC_ADD_SLACK_ACC,caténaire,,32.13557224920703,6.375031064403211,32.13557224920703,0.007982122255427458,-0.999968142354695,0.9525942135567973,0.3042437580265322,23.338433336243778,-467.66588360507234,5.0,-25.0,-6.072817703195329,-1.9395634085699165,2.238710234655317,35.75390763974482,8.829000000000008,1.165892531459988,-0.014655768825107884,0.25651006644129243,-32.13454848554464,6.072817703195329,1.9395634085699165,-1.7203400189978073,0.0,2.220446049250313e-16,6.329327769636621,-31.91532509597253
41.50000000000032,0.0,453.0,475.1226181708197,474.7237410559201,0.5268462961127665,PILOT_DESC_ADD_SLACK_ACC,caténaire,,32.12508211616753,6.374898193629752,32.12508211616753,0.007971344347263633,-0.9999682283299292,0.9522870747010478,0.30520374728584354,23.32144735422048,-467.7183762436367,5.0,-25.0,-6.07073315232867,-1.9456428172615554,2.1396909085532316,35.76058184859223,8.829000000000008,1.0689577562245614,-0.014060968669333818,0.25608009173209206,-32.12406144865754,6.07073315232867,1.9456428172615554,-1.720530802438954,0.0,-4.440892098500626e-16,6.326813244060762,-31.898949433834943
41.60000000000032,0.0,453.0,475.175292271962,474.77755645629117,0.5267410114234211,PILOT_DESC_ADD_SLACK_ACC,caténaire,,32.11714412666574,6.374765192072448,32.11714412666574,0.007960850070446005,-0.9999683119310111,0.9519885651411062,0.30613358496019016,23.30481764927222,-467.77087358270825,5.0,-25.0,-6.068703568312518,-1.9515297215285736,2.050873194716738,35.76698657126223,8.829000000000008,0.9821696264042199,-0.013543150266350779,0.2556797690832915,-32.11612639638693,6.068703568312518,1.9515297215285736,-1.7207215477540376,0.0,2.220446049250313e-16,6.32438333739581,-31.885318222612398
41.70000000000032,0.0,453.0,475.2279564903667,474.8312060293926,0.5266421840466906,PILOT_DESC_ADD_SLACK_ACC,caténaire,,32.111268112602836,6.37463239653959,32.111268112602836,0.007950632794237798,-0.9999683932195913,0.9517015064683987,0.3070248240546366,23.288515291994106,-467.8233754497353,5.0,-25.0,-6.066747254968986,-1.957170389960554,1.970926980537422,35.77315672432418,8.829000000000008,0.9041797255684365,-0.013013665636378846,0.2553049013206226,-32.11025317880296,6.066747254968986,1.957170389960554,-1.720912257281402,0.0,6.661338147750939e-16,6.322052156289608,-31.873995046123806
41.800000000000324,0.0,453.0,475.28061144799494,474.884775877615,0.5265495762824023,PILOT_DESC_ADD_SLACK_ACC,caténaire,,32.10706071266956,6.3744994310534535,32.10706071266956,0.007940648707851992,-0.9999684725520593,0.9514212171493928,0.3078922986337395,23.27251428583061,-467.8758816682414,5.0,-25.0,-6.0648340074109885,-1.9626592824665126,1.8987347821791236,35.779086897927904,8.829000000000008,0.8339007747681348,-0.012572384538614756,0.254950890160985,-32.10604845898441,6.0648340074109885,1.9626592824665126,-1.7211029332733163,0.0,0.0,6.3197848975719735,-31.864492109791215
41.900000000000325,0.0,453.0,475.3332577426459,474.93823584123373,0.5264629465098013,PILOT_DESC_ADD_SLACK_ACC,caténaire,,32.10422324709468,6.3743665192642585,32.10422324709468,0.007930888241563752,-0.999968550011299,0.9511491144535887,0.30873186112572515,23.256791204423312,-467.9283920911887,5.0,-25.0,-6.062973070000805,-1.967970038989965,1.8333485827828837,35.784817155966834,8.829000000000008,0.7703755127820795,-0.012152883023141214,0.2546150066549209,-32.1032135696363,6.062973070000805,1.967970038989965,-1.7212935778945508,0.0,2.220446049250313e-16,6.317588076655726,-31.856537108540888
42.00000000000033,0.0,453.0,475.38589594784617,474.9916000241324,0.5263820520026259,PILOT_DESC_ADD_SLACK_ACC,caténaire,,32.102514824292726,6.374233626452495,32.102514824292726,0.007921331431565454,-0.9999686257620043,0.9508843210007119,0.30954645543926884,23.241324872713964,-467.98090657877503,5.0,-25.0,-6.061158813789185,-1.973121425210166,1.7739622010871576,35.79035731297785,8.829000000000008,0.7128033872979724,-0.011764112232327761,0.2542946597099659,-32.101507632352366,6.061158813789185,1.973121425210166,-1.7214841932219809,0.0,0.0,6.315453473499151,-31.849870400364182
42.10000000000033,0.0,453.0,475.4385266129422,475.0448289207288,0.526306650960648,PILOT_DESC_ADD_SLACK_ACC,caténaire,,32.101742774670456,6.374100960478862,32.101742774670456,0.007911974575056397,-0.9999686998393117,0.95062881969108,0.3103302227833184,23.226096100011816,-468.0334250014443,5.0,-25.0,-6.0594040726518,-1.978076171108769,1.7198854815894766,35.795721291845865,8.829000000000008,0.6604814089376765,-0.011354879262910345,0.25398817264819307,-32.10073798496323,6.0594040726518,1.978076171108769,-1.7216747812449196,0.0,0.0,6.313392245299993,-31.844336595099385
42.20000000000033,0.0,453.0,475.49115026336176,475.09800917561506,0.526236504195727,PILOT_DESC_ADD_SLACK_ACC,caténaire,,32.10174299038002,6.373968129836061,32.10174299038002,0.007902781023063757,-0.9999687725384736,0.9503779047969227,0.3110977950320628,23.211087445740617,-468.08594722279673,5.0,-25.0,-6.057678476475956,-1.9829274307966396,1.6705259576880618,35.80089972313312,8.829000000000008,0.6128474812121061,-0.011027707663529895,0.25369304531164516,-32.10074053443586,6.057678476475956,1.9829274307966396,-1.721865343866064,0.0,2.220446049250313e-16,6.311371521787601,-31.839678447505282
42.30000000000033,0.0,453.0,475.5437674009884,475.15108568866486,0.5261713762662484,PILOT_DESC_ADD_SLACK_ACC,caténaire,,32.10239497164885,6.373835456672232,32.10239497164885,0.007893754214960913,-0.9999688438368437,0.9501343833890025,0.31184075022677865,23.196283031883386,-468.13847313382615,5.0,-25.0,-6.056000221448232,-1.9876216306307113,1.6253696861701281,35.80592991386779,8.829000000000008,0.5693694647218956,-0.010691716762927683,0.2534084156177931,-32.1013947841934,6.056000221448232,1.9876216306307113,-1.722055882902853,0.0,-6.661338147750939e-16,6.309408637066025,-31.835829036465544
42.40000000000033,0.0,453.0,475.5963785046694,475.2041306496036,0.5261110368106948,PILOT_DESC_ADD_SLACK_ACC,caténaire,,32.10359250265277,6.373702619804904,32.10359250265277,0.007884864001298855,-0.9999689139766702,0.9498943033524521,0.3125712918016621,23.181668365828617,-468.1910026225521,5.0,-25.0,-6.054343809815278,-1.992236461432057,1.58397204822603,35.81080777744007,8.829000000000008,0.5296282384107514,-0.010428683991996479,0.2531324608365347,-32.10259452962727,6.054343809815278,1.992236461432057,-1.7222464000893045,0.0,-4.440892098500626e-16,6.307476270651813,-31.832604468284515
42.500000000000334,0.0,453.0,475.64898403079223,475.25709810386496,0.5260552612280229,PILOT_DESC_ADD_SLACK_ACC,caténaire,,32.10525840816505,6.37356988997377,32.10525840816505,0.00787611345878279,-0.9999689829373631,0.9496600048653573,0.3132824207630068,23.167230200459656,-468.2435356013464,5.0,-25.0,-6.052724412722185,-1.9967274040331935,1.5459439521464167,35.815566488112104,8.829000000000008,0.49321953942423136,-0.010160915921098024,0.25286465784624806,-32.10426259735403,6.052724412722185,1.9967274040331935,-1.7224368970781057,0.0,0.0,6.305589070568433,-31.82997209039894
42.600000000000335,0.0,453.0,475.7015844139465,475.31002608654416,0.5260038315424668,PILOT_DESC_ADD_SLACK_ACC,caténaire,,32.10732196942546,6.373437097239584,32.10732196942546,0.007867483648344576,-0.9999690508715973,0.9494293624661002,0.31398070910043907,23.152956399587765,-468.29607198097335,5.0,-25.0,-6.051128319949971,-2.0011362991983286,1.5109461581061305,35.82020382990657,8.829000000000008,0.45981783815615973,-0.009932469291769053,0.2526038305865894,-32.106328275795164,6.051128319949971,2.0011362991983286,-1.7226273754430075,0.0,-4.440892098500626e-16,6.30373215053656,-31.827819352039842
42.70000000000034,0.0,453.0,475.75418006762106,475.362871017093,0.5259565367460463,PILOT_DESC_ADD_SLACK_ACC,caténaire,,32.10972854995343,6.37330446998824,32.10972854995343,0.007858978547445895,-0.9999691177512388,0.9492046292644755,0.3146594536683898,23.13883582930282,-468.3486116853215,5.0,-25.0,-6.049570106624812,-2.0054205025888066,1.4786799863559865,35.82473767713563,8.829000000000008,0.42910987973117454,-0.009682825453182886,0.252349667838395,-32.10873692932869,6.049570106624812,2.0054205025888066,-1.7228178366813502,0.0,-2.220446049250313e-16,6.301919774463207,-31.82613426342124
42.80000000000034,0.0,453.0,475.80677138494264,475.4157073731497,0.5259131732155724,PILOT_DESC_ADD_SLACK_ACC,caténaire,,32.11242446180003,6.373171664190199,32.11242446180003,0.00785057090081681,-0.9999691837934463,0.9489817206592626,0.31533108608982,23.124858253680987,-468.4011546311889,5.0,-25.0,-6.048023411940071,-2.0096591427059614,1.44888335187832,35.829158339990066,8.829000000000008,0.40085993993824864,-0.009500802715905365,0.2521008650344852,-32.11143487869488,6.048023411940071,2.0096591427059614,-1.7230082822167383,0.0,4.440892098500626e-16,6.3001242769745565,-31.82478401820566
42.90000000000034,0.0,453.0,475.85935873941725,475.4684646044533,0.5258735447462329,PILOT_DESC_ADD_SLACK_ACC,caténaire,,32.11537579311618,6.373039052010186,32.11537579311618,0.007842273323567659,-0.9999692489017442,0.9487643503861722,0.3159845050572966,23.11101425602904,-468.45370075794983,5.0,-25.0,-6.046512256166151,-2.0137815905602614,1.421322905640282,35.83349658887634,8.829000000000008,0.37481064947413056,-0.009285001683927874,0.2518575548587056,-32.11438821003964,6.046512256166151,2.0137815905602614,-1.7231987134017257,0.0,4.440892098500626e-16,6.298369811024857,-31.823805332881108
43.00000000000034,0.0,453.0,475.9119424857076,475.52116187935474,0.5258374629036131,PILOT_DESC_ADD_SLACK_ACC,caténaire,,32.118543189095334,6.372906518623313,32.118543189095334,0.007834074580495372,-0.9999693131668927,0.9485514379612963,0.31662307171391824,23.097295153321017,-468.50624999367915,5.0,-25.0,-6.045029642233062,-2.017809237672166,1.3957933859041678,35.83773699669071,8.829000000000008,0.35076374367110574,-0.009072240981467417,0.25161906276023455,-32.11755757272084,6.045029642233062,2.017809237672166,-1.7233891315206278,0.0,0.0,6.296648704993296,-31.8231374665693
43.10000000000034,0.0,453.0,475.964522960391,475.57387967908426,0.525804746833969,PILOT_DESC_ADD_SLACK_ACC,caténaire,,32.12189311118676,6.372773716877098,32.12189311118676,0.007825947677285406,-0.999969376802586,0.9483385455910085,0.31726015026525295,23.083692929955973,-468.5588022674765,5.0,-25.0,-6.043546958043832,-2.0218271470228824,1.372111883184455,35.84188094393694,8.829000000000008,0.32856492514062285,-0.008946203085947957,0.2513842547835021,-32.120909436112704,6.043546958043832,2.0218271470228824,-1.7235795377922722,0.0,2.220446049250313e-16,6.2949312128273345,-31.822661826882094
43.200000000000344,0.0,453.0,476.0171004827109,475.62657241599464,0.5257752231989044,PILOT_DESC_ADD_SLACK_ACC,caténaire,,32.12541174679966,6.372640925933415,32.12541174679966,0.007817900087110669,-0.9999694397521497,0.9481280433192776,0.3178886809428074,23.0702001862523,-468.61135753738574,5.0,-25.0,-6.042079571881598,-2.0257904180671242,1.3501134477545167,35.84596789734551,8.829000000000008,0.3080338758729182,-0.008822520721622595,0.25115325929377114,-32.124429986254384,6.042079571881598,2.0257904180671242,-1.7237699333727132,0.0,4.440892098500626e-16,6.293232831175369,-31.822409501559974
43.300000000000345,0.0,453.0,476.06967535535426,475.6791877322052,0.5257487264337617,PILOT_DESC_ADD_SLACK_ACC,caténaire,,32.129082059547294,6.372508374514466,32.129082059547294,0.007809941192800433,-0.9999695019442169,0.9479227319421797,0.31850038346487874,23.056810078539648,-468.66391576220616,5.0,-25.0,-6.040645547694171,-2.0296463609160087,1.3296516054704646,35.84999887763499,8.829000000000008,0.28900605777629274,-0.008647483281031043,0.2509262414637238,-32.12810218501038,6.040645547694171,2.0296463609160087,-1.723960319358052,0.0,-4.440892098500626e-16,6.291571789157895,-31.822416143452422
43.40000000000035,0.0,453.0,476.12224786521074,475.73178231150473,0.5257250985646172,PILOT_DESC_ADD_SLACK_ACC,caténaire,,32.132877175023346,6.372375767776917,32.132877175023346,0.0078020514805629505,-0.999969563533158,0.9477194942562246,0.31910462266586764,23.043516264296752,-468.71647688359354,5.0,-25.0,-6.03922473984816,-2.0334545648615716,1.3105962866762215,35.85395048689771,8.829000000000008,0.2713715468280613,-0.008504077963870316,0.25070236193813833,-32.13189916377267,6.03922473984816,2.0334545648615716,-1.7241506967871836,0.0,6.661338147750939e-16,6.289927101786299,-31.822595295698285
43.50000000000035,0.0,453.0,476.1748182840873,475.78433736114573,0.5257041887652595,PILOT_DESC_ADD_SLACK_ACC,caténaire,,32.13678122561562,6.372243219005194,32.13678122561562,0.007794232135332878,-0.999969624511375,0.9475192962947983,0.3196985817125415,23.030312865344804,-468.76904085377873,5.0,-25.0,-6.037823410691101,-2.0371971194433205,1.2928293806458995,35.85783714002733,8.829000000000008,0.25500596995479796,-0.008359979415999419,0.2504815329548556,-32.13580505518306,6.037823410691101,2.0371971194433205,-1.7243410666443846,0.0,-4.440892098500626e-16,6.288304943645957,-31.822949002384128
43.60000000000035,0.0,453.0,476.2273868694156,475.8369104008405,0.5256858532835379,PILOT_DESC_ADD_SLACK_ACC,caténaire,,32.14077876209567,6.37211047629136,32.14077876209567,0.007786464280246162,-0.9999696850275074,0.9473189358929127,0.32029179461659557,23.017194426518667,-468.82160762474894,5.0,-25.0,-6.036420915792412,-2.040934699946569,1.2762449305354027,35.861658494011586,8.829000000000008,0.23982401474299042,-0.008276205934990344,0.2502630257703524,-32.139804415271605,6.036420915792412,2.040934699946569,-1.7245314298618764,0.0,4.440892098500626e-16,6.286683941562765,-31.823401145186914
43.70000000000035,0.0,453.0,476.2799538649354,475.8894469441268,0.5256699551980828,PILOT_DESC_ADD_SLACK_ACC,caténaire,,32.14486648548307,6.371977832821383,32.14486648548307,0.007778759255091292,-0.999969744994543,0.9471213275605437,0.32087566264824907,23.004155887114216,-468.8741771686266,5.0,-25.0,-6.035036104208144,-2.0446126094865154,1.2607460286874321,35.865442012818654,8.829000000000008,0.22570992447928795,-0.008170596667866903,0.25004717767762535,-32.14389394237214,6.035036104208144,2.0446126094865154,-1.7247217873222969,0.0,-4.440892098500626e-16,6.285083281885769,-31.82400312020792
43.80000000000035,0.0,453.0,476.3325195013789,475.9419546591438,0.5256563644351179,PILOT_DESC_ADD_SLACK_ACC,caténaire,,32.149033310876504,6.371845233197147,32.149033310876504,0.0077711118907821805,-0.9999698044541049,0.9469260209392395,0.32145156846433187,22.99119254247477,-468.92674945022384,5.0,-25.0,-6.033666052712035,-2.0482396442231994,1.246246224251432,35.869177714975294,8.829000000000008,0.2125801715393969,-0.0080619292479156,0.2498337350393048,-32.14806255326568,6.033666052712035,2.0482396442231994,-1.7249121398611826,0.0,2.220446049250313e-16,6.28349978775134,-31.824735048903666
43.900000000000354,0.0,453.0,476.3850839971183,475.99445812429644,0.525644957393654,PILOT_DESC_ADD_SLACK_ACC,caténaire,,32.15326822183929,6.371712567389597,32.15326822183929,0.00776351283188988,-0.9999698634801497,0.9467316239845738,0.32202365153437346,22.978300016038496,-468.97932443333895,5.0,-25.0,-6.032301786487671,-2.0518421474782556,1.232667036340879,35.87286420950862,8.829000000000008,0.20036524985320803,-0.007977937969641857,0.24962231042744645,-32.15229923423327,6.032301786487671,2.0518421474782556,-1.7251024882693107,0.0,-2.220446049250313e-16,6.281924096915118,-31.825559575024325
44.000000000000355,0.0,453.0,476.43764755878453,476.04691309721255,0.5256356166626529,PILOT_DESC_ADD_SLACK_ACC,caténaire,,32.15756584647477,6.371580051672858,32.15756584647477,0.00775597120520283,-0.9999699220029891,0.946540532687793,0.322584903520157,22.96547423615253,-469.03190209000724,5.0,-25.0,-6.0309587761733425,-2.055375536239846,1.2199366697307583,35.87651272989548,8.829000000000008,0.188977893557416,-0.007862806344370199,0.24941315473467227,-32.156598611305355,6.0309587761733425,2.055375536239846,-1.7252928332949395,0.0,2.220446049250313e-16,6.280371930908014,-31.82651590836045
44.10000000000036,0.0,453.0,476.4902103818708,476.0994086402324,0.5256282308626483,PILOT_DESC_ADD_SLACK_ACC,caténaire,,32.16191381916644,6.371447267814698,32.16191381916644,0.007748460974438495,-0.9999699802256703,0.9463478004692274,0.32314987319671895,22.952711407087254,-469.08448238186014,5.0,-25.0,-6.029605107702108,-2.058932376673901,1.2079907994381542,35.88010907136659,8.829000000000008,0.17838569173604668,-0.007823305307319117,0.24920533409106532,-32.16094832577158,6.029605107702108,2.058932376673901,-1.7254831756459965,0.0,-4.440892098500626e-16,6.278810441793173,-31.827499124743674
44.20000000000036,0.0,453.0,476.5427726512943,476.15187226798935,0.5256226942348236,PILOT_DESC_ADD_SLACK_ACC,caténaire,,32.166315980044224,6.371314602331788,32.166315980044224,0.007740999228338732,-0.9999700380166132,0.946157367175346,0.32370702269153423,22.94000799803265,-469.1370652957845,5.0,-25.0,-6.028266249588081,-2.0624392805519194,1.1967688775289058,35.88368769569772,8.829000000000008,0.16850262794082482,-0.007751584854204907,0.24899942718002216,-32.16535221341922,6.028266249588081,2.0624392805519194,-1.7256735159921106,0.0,4.440892098500626e-16,6.277265676768104,-31.828586448859408
44.30000000000036,0.0,453.0,476.59533454196605,476.20427511267013,0.5256189067178785,PILOT_DESC_ADD_SLACK_ACC,caténaire,,32.17076557016546,6.371182149704795,32.17076557016546,0.007733591343835265,-0.9999700953353189,0.9459708271918751,0.32425174494814885,22.92736071467989,-469.1896508078854,5.0,-25.0,-6.026952448346354,-2.065866929424278,1.186217204336789,35.88723388406165,8.829000000000008,0.159264755990435,-0.007633045362638313,0.24879555413798515,-32.169803514208546,6.026952448346354,2.065866929424278,-1.7258638549666756,0.0,4.440892098500626e-16,6.27574800248434,-31.829800439750944
44.40000000000036,0.0,453.0,476.6478962193185,476.2567248538959,0.5256167735245417,PILOT_DESC_ADD_SLACK_ACC,caténaire,,32.175247933030896,6.371049397104255,32.175247933030896,0.007726206906878118,-0.999970152417977,0.9457821908301408,0.32480155096387525,22.914766477813682,-469.24223887865077,5.0,-25.0,-6.025625056680311,-2.0693267254469245,1.1762873734275179,35.89072631457165,8.829000000000008,0.15066231674720676,-0.007600410875284069,0.2485926228106992,-32.1742875796791,6.025625056680311,2.0693267254469245,-1.726054193168761,0.0,0.0,6.27421767949101,-31.83101504740094
44.50000000000036,0.0,453.0,476.7004578397862,476.30913686225034,0.5256162046769497,PILOT_DESC_ADD_SLACK_ACC,caténaire,,32.17976859874153,6.370916794668802,32.17976859874153,0.007718866583670321,-0.999970209105583,0.9455960958245269,0.3253429322444431,22.902222419868043,-469.2948294972592,5.0,-25.0,-6.024314047861728,-2.0727327510629165,1.1669327383382206,35.89420414334776,8.829000000000008,0.14261869047649256,-0.007528607715165947,0.2483913405070695,-32.17880993465284,6.024314047861728,2.0727327510629165,-1.726244531164853,0.0,2.220446049250313e-16,6.272705388368798,-31.832321714754777
44.600000000000364,0.0,453.0,476.7530195513015,476.3615490452437,0.5256171151530132,PILOT_DESC_ADD_SLACK_ACC,caténaire,,32.18432097988736,6.370784138591691,32.18432097988736,0.007711558619526075,-0.9999702654897583,0.9454104237843302,0.3258820808205528,22.88972585968978,-469.34742263978393,5.0,-25.0,-6.023005732304459,-2.0761243915428333,1.158112344798883,35.89764947808646,8.829000000000008,0.13510661249442357,-0.007474913456384513,0.24819127786604425,-32.18336399486556,6.023005732304459,2.0761243915428333,-1.7264348694906506,0.0,0.0,6.2711970101705035,-31.833674472813374
44.700000000000365,0.0,453.0,476.80558149374696,476.41395083914716,0.5256194244542525,PILOT_DESC_ADD_SLACK_ACC,caténaire,,32.18890302271125,6.3706514920119295,32.18890302271125,0.00770428425601409,-0.9999703215616464,0.945225730889418,0.3264173979195433,22.877274293244202,-469.4000182883566,5.0,-25.0,-6.021703712778737,-2.07949148307479,1.149787815530945,35.901070584652906,8.829000000000008,0.12808410275220794,-0.007420898421891309,0.24799245877623863,-32.187947706337226,6.021703712778737,2.07949148307479,-1.7266252086527,0.0,4.440892098500626e-16,6.269696171554975,-31.835081431915135
44.80000000000037,0.0,453.0,476.8581437993922,476.46630748452384,0.5256230564526887,PILOT_DESC_ADD_SLACK_ACC,caténaire,,32.193511937066155,6.370519006193659,32.193511937066155,0.007697051090975024,-0.9999703772634982,0.9450439440033132,0.32694333439093504,22.86486537970589,-469.45261642499474,5.0,-25.0,-6.020420406961322,-2.0827987256857807,1.1419240986528856,35.90446730396273,8.829000000000008,0.12150369169156328,-0.007331421723058895,0.24779510617751252,-32.192558277144975,6.020420406961322,2.0827987256857807,-1.7268155491299813,0.0,0.0,6.268215513138834,-31.836575100589176
44.90000000000037,0.0,453.0,476.9107065933081,476.51871441639105,0.5256279391582932,PILOT_DESC_ADD_SLACK_ACC,caténaire,,32.19813811241994,6.3703862316330255,32.19813811241994,0.007689832718131683,-0.999970432799274,0.9448597109276744,0.3274753832972362,22.852496925663168,-469.5052170198786,5.0,-25.0,-6.019121293318418,-2.086144672955461,1.1344897084977363,35.9078234709733,8.829000000000008,0.11536841517931862,-0.007321201982172454,0.24759829591980959,-32.197186103607365,6.019121293318418,2.086144672955461,-1.727005891375406,0.0,4.440892098500626e-16,6.266719589238227,-31.838047322027307
45.00000000000037,0.0,453.0,476.9632699937423,476.57108699005414,0.5256340043423388,PILOT_DESC_ADD_SLACK_ACC,caténaire,,32.20278942480555,6.370253611796815,32.20278942480555,0.007682650185039123,-0.9999704880075883,0.9446777179475294,0.32800001404489026,22.84016688594106,-469.5578200696566,5.0,-25.0,-6.017836644739222,-2.089443274138868,1.1274535867337023,35.911175218676306,8.829000000000008,0.10961694199448058,-0.007268055462567702,0.2474027661332583,-32.20183905632841,6.017836644739222,2.089443274138868,-1.7271962358171757,0.0,4.440892098500626e-16,6.26523941087248,-31.839592018006716
45.10000000000037,0.0,453.0,477.01583411251124,476.62344954035854,0.5256411876892163,PILOT_DESC_ADD_SLACK_ACC,caténaire,,32.207460742512545,6.370120998598054,32.207460742512545,0.007675495817748658,-0.9999705429481168,0.9444966030021276,0.3285211818398342,22.827873343438615,-469.61042555661953,5.0,-25.0,-6.016557643888382,-2.0927196789221774,1.120788884715732,35.91450294220332,8.829000000000008,0.10423124082734958,-0.007216736718866912,0.24720823022945912,-32.206512005670426,6.016557643888382,2.0927196789221774,-1.7273865828602046,0.0,0.0,6.2637658741178415,-31.841178909608455
45.20000000000037,0.0,453.0,477.0683990553499,476.67581980878185,0.5256494283868096,PILOT_DESC_ADD_SLACK_ACC,caténaire,,32.212148578309126,6.369988316748559,32.212148578309126,0.0076683638852496445,-0.9999705976654131,0.9443153481710704,0.3290418259257477,22.81561450293221,-469.66303346368346,5.0,-25.0,-6.015277735176067,-2.095992586868626,1.1144703288838784,35.91780749192674,8.829000000000008,0.0991925937078113,-0.007185094941895898,0.24701447682420138,-32.21120146593886,6.015277735176067,2.095992586868626,-1.7275769328873842,0.0,0.0,6.262292212000268,-31.842785811957622
45.300000000000374,0.0,453.0,477.1209649222442,476.72818079380284,0.5256586689429422,PILOT_DESC_ADD_SLACK_ACC,caténaire,,32.21685354075398,6.36985565869607,32.21685354075398,0.007661257821036655,-0.9999706521336512,0.9441348843075188,0.32955928181986904,22.803388684859204,-469.7156437803317,5.0,-25.0,-6.014002935378608,-2.099245056176106,1.1084741739421613,35.921097832534954,8.829000000000008,0.09447123856355333,-0.00714722364116227,0.24682162115829387,-32.21590804484209,6.014002935378608,2.099245056176106,-1.7277672862607865,0.0,-2.220446049250313e-16,6.260824556536901,-31.84443027492677
45.400000000000375,0.0,453.0,477.173531807753,476.78053422691505,0.5256688550885052,PILOT_DESC_ADD_SLACK_ACC,caténaire,,32.22157377175033,6.369723010481466,32.22157377175033,0.007654176176031538,-0.9999707063644745,0.9439551018073606,0.3300738792631969,22.79119431545002,-469.7682564939607,5.0,-25.0,-6.01273253284372,-2.1024791839016665,1.102778817452996,35.92437111231707,8.829000000000008,0.09004628460927577,-0.007108071584603692,0.24662960231797404,-32.2206298847122,6.01273253284372,2.1024791839016665,-1.7279576433228316,0.0,4.440892098500626e-16,6.259362135161694,-31.846108344133366
45.50000000000038,0.0,453.0,477.2260998013098,476.8328938406622,0.5256799355677093,PILOT_DESC_ADD_SLACK_ACC,caténaire,,32.2263071244803,6.369590310847984,32.2263071244803,0.007647114473001263,-0.999970760392641,0.943775209174699,0.33058789231799324,22.779029919731055,-469.82087159154145,5.0,-25.0,-6.011461427977693,-2.1057094357923467,1.0973642321074166,35.927626747784146,8.829000000000008,0.08590280412972362,-0.00708268800821088,0.24643825962299704,-32.22536483991335,6.011461427977693,2.1057094357923467,-1.7281480043973791,0.0,4.440892098500626e-16,6.25789968760069,-31.84780340851838
45.60000000000038,0.0,453.0,477.278668987506,476.8851971590497,0.5256918619622677,PILOT_DESC_ADD_SLACK_ACC,caténaire,,32.231054323732174,6.369457845531525,32.231054323732174,0.007640088047409193,-0.9999708141014055,0.943598729833919,0.33109128205951704,22.766894116533923,-469.87348906464115,5.0,-25.0,-6.010212332774238,-2.108871964101082,1.09221156588035,35.93087101371153,8.829000000000008,0.0819992331061119,-0.007000950389560501,0.24624809289414257,-32.230113631449086,6.010212332774238,2.108871964101082,-1.7283383697907546,0.0,-2.220446049250313e-16,6.25646042566838,-31.84958003713876
45.70000000000038,0.0,453.0,477.33123944636515,476.9375011110087,0.5257045885910401,PILOT_DESC_ADD_SLACK_ACC,caténaire,,32.23580487761426,6.369325313956986,32.23580487761426,0.007633081176406502,-0.9999708676115291,0.9434224571862047,0.3315932256194987,22.75478560474979,-469.92610888601035,5.0,-25.0,-6.008964538311594,-2.1120251258749234,1.0873046833576578,35.93407820883084,8.829000000000008,0.0783401450460639,-0.006946917044089673,0.2460585154176303,-32.23486577162389,6.008964538311594,2.1120251258749234,-1.7285287397927425,0.0,0.0,6.255023053729224,-31.85136938554171
45.80000000000038,0.0,453.0,477.38381125357563,476.9898411375275,0.5257180721047346,PILOT_DESC_ADD_SLACK_ACC,caténaire,,32.2405575803717,6.369192588693275,32.2405575803717,0.007626084045244732,-0.9999709209982733,0.943244347361876,0.3320995350341049,22.74270316466959,-469.97873103766744,5.0,-25.0,-6.007704906544086,-2.1152058972477037,1.082627417091163,35.93726098669156,8.829000000000008,0.07492251054707655,-0.006944910556150319,0.24586920177346674,-32.239620057142155,6.007704906544086,2.1152058972477037,-1.7287191146774274,0.0,4.440892098500626e-16,6.253574108317554,-31.853133274571878
45.90000000000038,0.0,453.0,477.4363844807238,477.0421795335296,0.5257322714818197,PILOT_DESC_ADD_SLACK_ACC,caténaire,,32.24532030867796,6.36905988170264,32.24532030867796,0.0076191058520743,-0.9999709741917586,0.9430665015105073,0.332604229871979,22.730645657028784,-470.03135551898737,5.0,-25.0,-6.006447020548234,-2.1183762569622244,1.0781639656077322,35.940443051730355,8.829000000000008,0.07171694505949855,-0.00693320523187424,0.24568050866585853,-32.244384362194,6.006447020548234,2.1183762569622244,-1.7289094947040407,0.0,4.440892098500626e-16,6.252127529214093,-31.854917599935813
46.000000000000384,0.0,453.0,477.4889591955363,477.0945122253499,0.5257471481254926,PILOT_DESC_ADD_SLACK_ACC,caténaire,,32.2500946110808,6.368927199451481,32.2500946110808,0.007612146966801932,-0.9999710271895661,0.9428891444020178,0.33310668166344365,22.71861201331916,-470.0839823260887,5.0,-25.0,-6.005192317849547,-2.1215322051653325,1.073900436178295,35.94361995566698,8.829000000000008,0.06870811832874857,-0.0069122494983560046,0.24549245987281404,-32.249160235203156,6.005192317849547,2.1215322051653325,-1.7290998801178368,0.0,-6.661338147750939e-16,6.250684777722361,-31.85672791015566
46.100000000000385,0.0,453.0,477.54153546210387,477.14683814141296,0.5257626656751531,PILOT_DESC_ADD_SLACK_ACC,caténaire,,32.254879103694705,6.368794537406368,32.254879103694705,0.007605207017649808,-0.999971079994926,0.9427123322719354,0.33360674241149246,22.706601230614094,-470.13661145200564,5.0,-25.0,-6.003941152119119,-2.1246727987122465,1.0698240112123674,35.94678748448362,8.829000000000008,0.06588285909324831,-0.006885314228632922,0.24530503291286512,-32.253946292427365,6.003941152119119,2.1246727987122465,-1.7292902711509035,0.0,-2.220446049250313e-16,6.249246185031985,-31.858563764866023
46.20000000000039,0.0,453.0,477.5941133410871,477.19913950250844,0.5257787898326919,PILOT_DESC_ADD_SLACK_ACC,caténaire,,32.25967162353684,6.3686619679330425,32.25967162353684,0.0075982899585769125,-0.9999711325781886,0.9425370785717649,0.3341015646736822,22.694612367174678,-470.18924288777964,5.0,-25.0,-6.002700045666717,-2.1277799283642014,1.0659227901555115,35.94994291453266,8.829000000000008,0.06322274448879384,-0.006837013831543004,0.24511833896410853,-32.25874036998859,6.002700045666717,2.1277799283642014,-1.7294806680229065,0.0,0.0,6.247818384630826,-31.86044110964729
46.30000000000039,0.0,453.0,477.6466928899086,477.25142521811784,0.5257954882147194,PILOT_DESC_ADD_SLACK_ACC,caténaire,,32.26446686329534,6.368529433010993,32.26446686329534,0.0075913928686379235,-0.9999711849620037,0.9423628809880061,0.33459258888383187,22.682644536332873,-470.24187661732213,5.0,-25.0,-6.001465744149153,-2.13086275037403,1.0621860790304514,35.95307650349584,8.829000000000008,0.06072033488129858,-0.0067862468781925145,0.24493224365642483,-32.26353716145674,6.001465744149153,2.13086275037403,-1.7296710709417864,0.0,4.440892098500626e-16,6.246397987805578,-31.862345482024498
46.40000000000039,0.0,453.0,477.6992741629233,477.30373953964545,0.5258127301468052,PILOT_DESC_ADD_SLACK_ACC,caténaire,,32.26926114345262,6.36839673812507,32.26926114345262,0.007584503884761804,-0.9999712372367627,0.9421871947676407,0.3350869887296192,22.6706969039707,-470.2945126237287,5.0,-25.0,-6.000221857861453,-2.1339668860138588,1.0586037357610403,35.95618713383658,8.829000000000008,0.058381877899587487,-0.006779752177287435,0.24474633650090952,-32.26833299033451,6.000221857861453,2.1339668860138588,-1.729861480104376,0.0,4.440892098500626e-16,6.244968194362363,-31.864227584425024
46.50000000000039,0.0,453.0,477.7518572115789,477.35605466722825,0.5258304865559812,PILOT_DESC_ADD_SLACK_ACC,caténaire,,32.27406003706599,6.36826404580173,32.27406003706599,0.007577629790149749,-0.999971289351231,0.9420115806322998,0.3355803658658178,22.65876869056002,-470.34715090487407,5.0,-25.0,-5.998978479669533,-2.137064378420278,1.0551653526661462,35.959294995112714,8.829000000000008,0.05618687299661396,-0.00676938330757082,0.24456087878595278,-32.27313342786392,5.998978479669533,2.137064378420278,-1.7300518956969788,0.0,-4.440892098500626e-16,6.243539358455486,-31.86612094514062
46.60000000000039,0.0,453.0,477.80444208458636,477.4083582753936,0.5258487300744498,PILOT_DESC_ADD_SLACK_ACC,caténaire,,32.27886523908826,6.368131404648304,32.27886523908826,0.007570773276171477,-0.9999713412853394,0.9418367416315648,0.3360707546229469,22.646859164441103,-470.39979145732354,5.0,-25.0,-5.997740132435599,-2.1401427266982425,1.0518618005889646,35.96239829764775,8.829000000000008,0.05412166815336583,-0.006744429050499434,0.24437597033722983,-32.27794016829981,5.997740132435599,2.1401427266982425,-1.7302423178959894,0.0,6.661338147750939e-16,6.242116102772829,-31.868039759497552
46.700000000000394,0.0,453.0,477.8570288280782,477.4606760391208,0.5258674349185871,PILOT_DESC_ADD_SLACK_ACC,caténaire,,32.28367459631578,6.367998688417636,32.28367459631578,0.007563927323330453,-0.9999713930925461,0.9416611992053386,0.33656230613537735,22.634967637236134,-470.45243427277495,5.0,-25.0,-5.996497281473374,-2.143228324040898,1.0486848372806035,35.96549039004959,8.829000000000008,0.05218755580722956,-0.006737933991317391,0.24419136837658215,-32.28275106022433,5.996497281473374,2.143228324040898,-1.7304327468684642,0.0,-4.440892098500626e-16,6.2406886498499565,-31.869955483051893
46.800000000000395,0.0,453.0,477.90961748575114,477.51298818588396,0.5258865767291246,PILOT_DESC_ADD_SLACK_ACC,caténaire,,32.288490027029255,6.3678660007072,32.288490027029255,0.007557096637288853,-0.9999714447375059,0.9414860758058807,0.33705187889054045,22.623093464225192,-470.5050793490935,5.0,-25.0,-5.99525717226351,-2.1463012000615533,1.0456262224889432,35.9685796982516,8.829000000000008,0.050369050225433476,-0.00672150180995601,0.24400723940639743,-32.287568020721,5.99525717226351,2.1463012000615533,-1.7306231827726386,0.0,-4.440892098500626e-16,6.239264411669907,-31.871890003432082
46.9000000000004,0.0,453.0,477.96220809900797,477.5653002693083,0.5259061325680808,PILOT_DESC_ADD_SLACK_ACC,caténaire,,32.29331039293084,6.367733307484561,32.29331039293084,0.007550279399847582,-0.9999714962342598,0.9413110500772185,0.3375403783290591,22.611236039256447,-470.55772668082017,5.0,-25.0,-5.994017726279972,-2.1493671097068896,1.0426786754119837,35.9716616793849,8.829000000000008,0.04866094913201202,-0.006705430321993333,0.24382351621262957,-32.29238991197643,5.994017726279972,2.1493671097068896,-1.7308136257584428,0.0,0.0,6.2378412424926015,-31.873836428027982
47.0000000000004,0.0,453.0,478.0148007070868,477.6176339547261,0.5259260807883616,PILOT_DESC_ADD_SLACK_ACC,caténaire,,32.29813482620332,6.367600514467721,32.29813482620332,0.0075434697603738304,-0.9999715476272184,0.9411348603963073,0.33803132184284834,22.59939479296888,-470.61037626262004,5.0,-25.0,-5.992770821243034,-2.152448418872725,1.0398352827750788,35.974736501912275,8.829000000000008,0.04706446153204524,-0.006711916960455255,0.2436400033779416,-32.29721586763109,5.992770821243034,2.152448418872725,-1.7310040759679668,0.0,-4.440892098500626e-16,6.236410824620975,-31.87577152472633
47.1000000000004,0.0,453.0,478.06739534718264,477.66991773032436,0.5259464009580683,PILOT_DESC_ADD_SLACK_ACC,caténaire,,32.302966865665674,6.367467954945078,32.302966865665674,0.007536685614847262,-0.999971598781657,0.940961634159943,0.3385132243193014,22.587569193176446,-470.6630280966883,5.0,-25.0,-5.9915430523461914,-2.155472108178287,1.0370891143032785,35.97781445592796,8.829000000000008,0.045546061957087325,-0.006657652250332546,0.24345730569335022,-32.302049422050594,5.9915430523461914,2.155472108178287,-1.7311945335359025,0.0,4.440892098500626e-16,6.2350003580395414,-31.87777184740821
47.2000000000004,0.0,453.0,478.1199920545713,477.7222293381874,0.525967073886529,PILOT_DESC_ADD_SLACK_ACC,caténaire,,32.30779707280984,6.367335232580182,32.30779707280984,0.00752990672670718,-0.9999716498504782,0.940786893232632,0.33899855681358354,22.575758733826856,-470.7156821649317,5.0,-25.0,-5.990305531629788,-2.1585174545929653,1.0344352215582993,35.98086781366941,8.829000000000008,0.04412968992851063,-0.006649640923562572,0.24327469850364136,-32.3068811419321,5.990305531629788,2.1585174545929653,-1.7313849985899923,0.0,4.440892098500626e-16,6.2335802301334295,-31.87974868592913
47.3000000000004,0.0,453.0,478.17259086269934,477.774571462694,0.5259880812802301,PILOT_DESC_ADD_SLACK_ACC,caténaire,,32.3126286626455,6.367202380198436,32.3126286626455,0.007523132285667443,-0.999971700839885,0.9406104458251634,0.3394878336621023,22.563962942752756,-470.76833846471965,5.0,-25.0,-5.989057069497493,-2.1615877425417485,1.0318673352652012,35.983917705684746,8.829000000000008,0.04281026576770852,-0.00667003685700962,0.24309217992673157,-32.311714242393236,5.989057069497493,2.1615877425417485,-1.731575471251353,0.0,-4.440892098500626e-16,6.232149249424224,-31.881701971102842
47.400000000000404,0.0,453.0,478.22519180328914,477.8268684278591,0.5260094058980959,PILOT_DESC_ADD_SLACK_ACC,caténaire,,32.31746821770537,6.367069753598434,32.31746821770537,0.007516381260907214,-0.9999717516073845,0.9404366744742224,0.3399689122609087,22.552181380113133,-470.8209970028871,5.0,-25.0,-5.987825905219518,-2.1646057784201918,1.0293794984037283,35.98697706902126,8.829000000000008,0.04155359318421059,-0.006628709398938781,0.2429104125115251,-32.316555301174816,5.987825905219518,2.1646057784201918,-1.7317659516348602,0.0,-4.440892098500626e-16,6.230736317731043,-31.883715474389483
47.500000000000405,0.0,453.0,478.27779490645025,477.87915488212434,0.5260310316113775,PILOT_DESC_ADD_SLACK_ACC,caténaire,,32.322307868621664,6.3669371430736605,32.322307868621664,0.007509644419805047,-0.9999718022227868,0.9402635972062958,0.3404473054213777,22.540413627095596,-470.873657765654,5.0,-25.0,-5.986599221332816,-2.1676065941467124,1.0269677621822506,35.99001772690471,8.829000000000008,0.04036854084943453,-0.006588867242008689,0.24272903892081543,-32.32139645138537,5.986599221332816,2.1676065941467124,-1.7319564398495468,0.0,0.0,6.229328260253632,-31.885746297088204
47.600000000000406,0.0,453.0,478.33040020075634,477.93145587502875,0.5260529430610165,PILOT_DESC_ADD_SLACK_ACC,caténaire,,32.327143767180985,6.366804442483342,32.327143767180985,0.007502915187647447,-0.9999718527357092,0.9400897495384507,0.3409270637727853,22.528659288695394,-470.926320739759,5.0,-25.0,-5.98536759369446,-2.170615944191371,1.024627718615406,35.99304038604203,8.829000000000008,0.039260124920946105,-0.006575558149343408,0.2425478179440447,-32.3262338465216,5.98536759369446,2.170615944191371,-1.7321469359988846,0.0,-2.220446049250313e-16,6.227915411638505,-31.887764838329115
47.70000000000041,0.0,453.0,478.3830077133186,477.9837651496861,0.5260751256226492,PILOT_DESC_ADD_SLACK_ACC,caténaire,,32.33197846903838,6.366671704387564,32.33197846903838,0.007496195001352858,-0.9999719031355341,0.9399154764988922,0.34140723050026367,22.51691799542001,-470.9789859207971,5.0,-25.0,-5.984133268741451,-2.1736277540993516,1.022354689046092,35.99605715061377,8.829000000000008,0.03822142030464093,-0.006570603485585025,0.24236681538345375,-32.33107004182142,5.984133268741451,2.1736277540993516,-1.7323374401810505,0.0,0.0,6.226500084124905,-31.88977972790312
47.80000000000041,0.0,453.0,478.4356174698669,478.03609280438775,0.5260975654826731,PILOT_DESC_ADD_SLACK_ACC,caténaire,,32.336814451833305,6.366538891457871,32.336814451833305,0.007489481144656404,-0.9999719534427872,0.9397401753564144,0.34188945994443226,22.50518940103053,-471.0316533071422,5.0,-25.0,-5.982892374272052,-2.176652543315756,1.020144413833008,35.999071818721276,8.829000000000008,0.03725203956095591,-0.006580724594485332,0.24218596211525825,-32.3359075155167,5.982892374272052,2.176652543315756,-1.7325279524892176,0.0,-6.661338147750939e-16,6.225078336387311,-31.891782924690162
47.90000000000041,0.0,453.0,478.48822949482945,478.08844182012217,0.526120249625789,PILOT_DESC_ADD_SLACK_ACC,caténaire,,32.34165540027283,6.366406003601879,32.34165540027283,0.0074827727383589065,-0.9999720036641756,0.9395636540117485,0.34237426898073325,22.493473182384356,-471.08432290219804,5.0,-25.0,-5.981643687666514,-2.179693601517745,1.0179926837706155,36.00209126611517,8.829000000000008,0.036348996104101694,-0.006602335402583037,0.24200525734255962,-32.340749952427124,5.981643687666514,2.179693601517745,-1.7327184730118468,0.0,4.440892098500626e-16,6.2236489450090735,-31.893774823921227
48.00000000000041,0.0,453.0,478.5408438114146,478.14075129866194,0.5261431658516098,PILOT_DESC_ADD_SLACK_ACC,caténaire,,32.34650525171445,6.366273316447971,32.34650525171445,0.007476084929516248,-0.9999720536865652,0.9393894766732569,0.34285187926500377,22.48176903845135,-471.13699471319813,5.0,-25.0,-5.980410159096978,-2.1826887704588347,1.015895482276682,36.005120729557696,8.829000000000008,0.035485323179703876,-0.00656804090114349,0.24182522043486054,-32.34560128614016,5.980410159096978,2.1826887704588347,-1.7329090018329805,0.0,2.220446049250313e-16,6.222235379531838,-31.895821517514303
48.10000000000041,0.0,453.0,478.59346044169183,478.1930651558298,0.5261663027723987,PILOT_DESC_ADD_SLACK_ACC,caténaire,,32.351355876951104,6.366140585711128,32.351355876951104,0.007469406327642945,-0.9999721035954516,0.9392150966123887,0.34332929134488577,22.4700766814111,-471.1896687287092,5.0,-25.0,-5.979175345256726,-2.1856825358941174,1.013850356769911,36.008134688748044,8.829000000000008,0.03467501151318508,-0.006547847146080699,0.24164542229512737,-32.350453390439874,5.979175345256726,2.1856825358941174,-1.7330995390325374,0.0,0.0,6.220820767551853,-31.897870393578295
48.200000000000415,0.0,453.0,478.64607940664325,478.2453827074138,0.5261896495144638,PILOT_DESC_ADD_SLACK_ACC,caténaire,,32.35620566144234,6.366007829430649,32.35620566144234,0.0074627369719413705,-0.999972153390727,0.9390405445256286,0.3438064218961174,22.458395841153784,-471.2423449420261,5.0,-25.0,-5.977939458602972,-2.1886743735992202,1.0118540879312075,36.011139606390884,8.829000000000008,0.03391462932823597,-0.0065347672083433395,0.24146585226138442,-32.35530465082573,5.977939458602972,2.1886743735992202,-1.733290084686499,0.0,4.440892098500626e-16,6.2194053108643566,-31.899920361913008
48.300000000000416,0.0,453.0,478.6987007262186,478.29769852388876,0.5262131957531385,PILOT_DESC_ADD_SLACK_ACC,caténaire,,32.36105492316921,6.365875078285426,32.36105492316921,0.007456078081737209,-0.9999722030634848,0.938866134313494,0.3442824158147443,22.4467262642184,-471.29502334881283,5.0,-25.0,-5.9767045262724485,-2.1916588507269807,1.009903655710204,36.01413872076325,8.829000000000008,0.03319912943775538,-0.006520129963739407,0.24128655231453597,-32.36015538497995,5.9767045262724485,2.1916588507269807,-1.7334806388671082,0.0,4.440892098500626e-16,6.2179910785869845,-31.901977173120073
48.40000000000042,0.0,453.0,478.75132441938985,478.35002326784485,0.5262369317124286,PILOT_DESC_ADD_SLACK_ACC,caténaire,,32.36590338272799,6.36574228408962,32.36590338272799,0.007449426838123991,-0.9999722526349337,0.938691235055072,0.34475899586636377,22.435067712114307,-471.3477039442109,5.0,-25.0,-5.975466486694381,-2.1946469178067907,1.0079963444067572,36.01713131650789,8.829000000000008,0.03252985771237604,-0.006515601298907825,0.24110742929942197,-32.36500531419113,5.975466486694381,2.1946469178067907,-1.7336712016430667,0.0,0.0,6.216573915993803,-31.904029598027407
48.50000000000042,0.0,453.0,478.8039505042024,478.40235691767265,0.5262608481256502,PILOT_DESC_ADD_SLACK_ACC,caténaire,,32.370752567461516,6.365609456196508,32.370752567461516,0.007442783145336556,-0.9999723021059391,0.9385158381496088,0.3452361822612704,22.423419961745203,-471.4003867267367,5.0,-25.0,-5.9742252941153415,-2.197638706423524,1.0061293775096174,36.020122007994075,8.829000000000008,0.03190408339427542,-0.00651669842945779,0.2409284916109626,-32.36985596578623,5.9742252941153415,2.197638706423524,-1.7338617730797212,0.0,4.440892098500626e-16,6.215153785726304,-31.906079032442424
48.60000000000042,0.0,453.0,478.8565789978274,478.4546643492994,0.5262849362497855,PILOT_DESC_ADD_SLACK_ACC,caténaire,,32.375604261957875,6.365476752852099,32.375604261957875,0.007436155642300082,-0.9999723514124096,0.9383420182041425,0.3457083407622333,22.41178280451687,-471.453071696781,5.0,-25.0,-5.972994303102791,-2.2005984063890676,1.0043001446948931,36.02311335789952,8.829000000000008,0.03130584159210237,-0.006485048489558665,0.24075003230543263,-32.37470912222764,5.972994303102791,2.2005984063890676,-1.734052353239252,0.0,2.220446049250313e-16,6.213744335408223,-31.908163069077826
48.70000000000042,0.0,453.0,478.9092099166132,478.50696080796973,0.5263091878577988,PILOT_DESC_ADD_SLACK_ACC,caténaire,,32.38045347648106,6.365344076855677,32.38045347648106,0.007429540281713195,-0.9999724005847374,0.9381688942200102,0.34617788190178106,22.40015604106203,-471.5057588438004,5.0,-25.0,-5.971767813913582,-2.203541330101946,1.002506956472841,36.02609041336548,8.829000000000008,0.030739142559259136,-0.006450916736476131,0.2405718834436561,-32.379559794899166,5.971767813913582,2.203541330101946,-1.7342429421808605,0.0,0.0,6.212339697357238,-31.91026140697808
48.80000000000042,0.0,453.0,478.96184327611945,478.5592887274783,0.5263335950627867,PILOT_DESC_ADD_SLACK_ACC,caténaire,,32.38529708202625,6.365211241717541,32.38529708202625,0.007422926378662642,-0.999972449702479,0.9379939479248404,0.3466516315501369,22.388539482497208,-471.55844815643513,5.0,-25.0,-5.970529621994212,-2.2065108621026583,1.0007479143116127,36.029052056346394,8.829000000000008,0.03021829231740103,-0.006458805756274444,0.24039367599099892,-32.38440485745633,5.970529621994212,2.2065108621026583,-1.7344335399608928,0.0,2.220446049250313e-16,6.210923297985211,-31.912327535314567
48.900000000000425,0.0,453.0,479.0144790911485,478.61162884525874,0.5263581502904237,PILOT_DESC_ADD_SLACK_ACC,caténaire,,32.39014086629476,6.3650783710095284,32.39014086629476,0.007416318760188861,-0.9999724987298637,0.937818292637472,0.34712656192596,22.376932955163642,-471.6111396373543,5.0,-25.0,-5.969286930403857,-2.2094877713178276,0.9990203115394671,36.03201747137816,8.829000000000008,0.029733381135609527,-0.00647029993967152,0.2402156093518617,-32.38925009628104,5.969286930403857,2.2094877713178276,-1.7346241466329504,0.0,-4.440892098500626e-16,6.209502539755719,-31.91438647159616
49.000000000000426,0.0,453.0,479.06711737579326,478.66395838663004,0.5263828464478147,PILOT_DESC_ADD_SLACK_ACC,caténaire,,32.39498829611936,6.364945565970825,32.39498829611936,0.007409722994888093,-0.999972547625753,0.9376432780404848,0.3475990263874373,22.365336297420928,-471.66383329041446,5.0,-25.0,-5.968048425026133,-2.212448881740495,0.9973220034650758,36.034988283096396,8.829000000000008,0.02927357843894285,-0.006460598644103754,0.24003788969688625,-32.39409897677693,5.968048425026133,2.212448881740495,-1.7348147622480679,0.0,-4.440892098500626e-16,6.208086314723019,-31.916464857284502
49.10000000000043,0.0,453.0,479.119758143484,478.71626045032656,0.5264076769073984,PILOT_DESC_ADD_SLACK_ACC,caténaire,,32.39983739851174,6.364812880014052,32.39983739851174,0.007403143090594756,-0.9999725963607103,0.9374699262822963,0.3480662829351131,22.353749356029777,-471.7165291123951,5.0,-25.0,-5.966820661427384,-2.2153767607240233,0.9956514753073905,36.03795481241722,8.829000000000008,0.02883081388000619,-0.006421948306808645,0.23986063237318578,-32.39894952505463,5.966820661427384,2.2153767607240233,-1.7350053868548796,0.0,2.220446049250313e-16,6.20668129380057,-31.91857815118549
49.20000000000043,0.0,453.0,479.1724014070223,478.76856659357253,0.5264326353832082,PILOT_DESC_ADD_SLACK_ACC,caténaire,,32.40468197009899,6.3646801490832585,32.40468197009899,0.007396571028540004,-0.9999726449943618,0.9372963750915017,0.34853336316675776,22.342171983446885,-471.7692270904197,5.0,-25.0,-5.965591632352576,-2.218303377840689,0.9940076827256079,36.04090385089747,8.829000000000008,0.028416050373031965,-0.006399526943226874,0.2396835318490868,-32.40379553984099,5.965591632352576,2.218303377840689,-1.7351960204997419,0.0,4.440892098500626e-16,6.205275164201663,-31.920688182500044
49.30000000000043,0.0,453.0,479.2250471786007,478.82088351121183,0.5264577157842436,PILOT_DESC_ADD_SLACK_ACC,caténaire,,32.40952171665208,6.364547360501822,32.40952171665208,0.007390005112162553,-0.9999726935393997,0.9371222138684685,0.3490013700177414,22.33060404141138,-471.8219272170403,5.0,-25.0,-5.964358712744185,-2.2212357483579357,0.9923889702593143,36.04384282215501,8.829000000000008,0.028030257515128554,-0.0063929262029347456,0.23950653116880216,-32.40863672732425,5.964358712744185,2.2212357483579357,-1.735386663226808,0.0,4.440892098500626e-16,6.203865243912987,-31.922787642193125
49.40000000000043,0.0,453.0,479.27769546982853,478.87323319259394,0.5264829122786809,PILOT_DESC_ADD_SLACK_ACC,caténaire,,32.414359074810505,6.364414432720612,32.414359074810505,0.007383439896605692,-0.9999727420361482,0.9369461119769189,0.3494738663352881,22.319045401315336,-471.8746294900841,5.0,-25.0,-5.963113357747366,-2.2241965187629815,0.9907936250110707,36.04677894092269,8.829000000000008,0.02768026726370465,-0.0064175778402955075,0.23932947201585866,-32.413475525382566,5.963113357747366,2.2241965187629815,-1.7355773150781177,0.0,-4.440892098500626e-16,6.202442829763225,-31.924856321697703
49.50000000000043,0.0,453.0,479.3303462917635,478.9255477839026,0.5265082193495138,PILOT_DESC_ADD_SLACK_ACC,caténaire,,32.419200937116365,6.364281690419328,32.419200937116365,0.007376892147495804,-0.99997279036094,0.9367721129372231,0.3499400068913682,22.307495946459657,-471.9273339178054,5.0,-25.0,-5.961881606461795,-2.227116778603948,0.9892195537482917,36.04972647118631,8.829000000000008,0.027337947286496522,-0.006390307417646568,0.23915294882110233,-32.418318822360256,5.961881606461795,2.227116778603948,-1.735767976093713,0.0,0.0,6.201034555282898,-31.926970019850017
49.600000000000435,0.0,453.0,479.3829996549547,478.9778756618161,0.5265336319118477,PILOT_DESC_ADD_SLACK_ACC,caténaire,,32.42404134819703,6.364148872376827,32.42404134819703,0.007370349698137704,-0.9999728386037928,0.9365973477332058,0.35040748881712597,22.29595556280331,-471.9800404911132,5.0,-25.0,-5.9606449544474085,-2.230045424827908,0.9876662538027955,36.05266168488231,8.829000000000008,0.027021299355387107,-0.006383739945604816,0.23897652336308842,-32.42316066596333,5.9606449544474085,2.230045424827908,-1.735958646311795,0.0,6.661338147750939e-16,6.1996214778104966,-31.929073887447217
49.700000000000436,0.0,453.0,479.43565556946015,479.0302436989358,0.5265591450547942,PILOT_DESC_ADD_SLACK_ACC,caténaire,,32.42888088825073,6.364015881691852,32.42888088825073,0.007363805950439574,-0.9999728868133998,0.9364201843060469,0.35088066122861356,22.284424144781074,-472.03274920784776,5.0,-25.0,-5.959392924860493,-2.233010100637435,0.986132229492065,36.05559406343175,8.829000000000008,0.026739304631571592,-0.006416037205696057,0.2387999860509969,-32.42800163795197,5.959392924860493,2.233010100637435,-1.736149325768787,0.0,-4.440892098500626e-16,6.19819291091149,-31.93114086308332
49.80000000000044,0.0,453.0,479.48831404487265,479.08260643897006,0.5265847541249763,PILOT_DESC_ADD_SLACK_ACC,caténaire,,32.43372675743332,6.3638829527037295,32.43372675743332,0.00735727215908536,-0.999972934906929,0.9362433270838357,0.35135229114236555,22.27290159834866,-472.085460078816,5.0,-25.0,-5.958142948811444,-2.2359648559942977,0.9846154697452661,36.05854134683382,8.829000000000008,0.026472520933822352,-0.0064235091604842864,0.23862375488784607,-32.43284893559999,5.958142948811444,2.2359648559942977,-1.7363400144994254,0.0,-4.440892098500626e-16,6.19676670369929,-31.93322409410512
49.90000000000044,0.0,453.0,479.54097509036075,479.1349244542594,0.5266104548807767,PILOT_DESC_ADD_SLACK_ACC,caténaire,,32.43857826430747,6.363750232937993,32.43857826430747,0.007350757846346463,-0.9999729828145779,0.9360691694384652,0.35181601729708345,22.261387834605266,-472.1381731065223,5.0,-25.0,-5.956910395060106,-2.2388692620256316,0.9831150590750367,36.06149217711345,8.829000000000008,0.026204664014930934,-0.006377084912188025,0.238448133700682,-32.43770186522368,5.956910395060106,2.2388692620256316,-1.7365307125369125,0.0,-2.220446049250313e-16,6.195358528760788,-31.93536331573496
50.00000000000044,0.0,453.0,479.59363871469606,479.18729520069655,0.5266362433530386,PILOT_DESC_ADD_SLACK_ACC,caténaire,,32.44342521802711,6.3636172467762355,32.44342521802711,0.0073442388797984245,-0.999973030713967,0.9358918680569558,0.35228739873129405,22.24988276433825,-472.19088827548785,5.0,-25.0,-5.955657632684873,-2.2418221663883995,0.981631015952103,36.064421949020925,8.829000000000008,0.025973383267229977,-0.006400217367485084,0.23827226488006736,-32.442550242012516,5.955657632684873,2.2418221663883995,-1.7367214199130125,0.0,2.220446049250313e-16,6.19392989756494,-31.93744949553713
50.10000000000044,0.0,453.0,479.6463049262552,479.2396248616348,0.526662115591565,PILOT_DESC_ADD_SLACK_ACC,caténaire,,32.448275175131926,6.36348447133149,32.448275175131926,0.007337738400272766,-0.9999730784351991,0.9357170448502595,0.3527514875612822,22.23838631037877,-472.24360559347565,5.0,-25.0,-5.954420884464818,-2.244728613335303,0.9801612522124764,36.06736246219824,8.829000000000008,0.025740367747658865,-0.006366151137072507,0.23809695477518306,-32.44740161678912,5.954420884464818,2.244728613335303,-1.7369121366580582,0.0,-2.220446049250313e-16,6.192517839240001,-31.939585140111877
50.20000000000044,0.0,453.0,479.6989737330527,479.29196143983893,0.5266880679747683,PILOT_DESC_ADD_SLACK_ACC,caténaire,,32.45312152538522,6.363351641964445,32.45312152538522,0.007331244413885254,-0.999973126066568,0.9355418362084996,0.35321590097789923,22.22689839512845,-472.2963250491261,5.0,-25.0,-5.953181679563788,-2.2476369834556658,0.9787058114574151,36.070287550941906,8.829000000000008,0.025524131893626567,-0.006349432513765407,0.23792176589611969,-32.452249382357685,5.953181679563788,2.2476369834556658,-1.737102862801073,0.0,-4.440892098500626e-16,6.191103445459908,-31.94171526170309
50.300000000000445,0.0,453.0,479.7516451427462,479.34429536264366,0.5267140969353836,PILOT_DESC_ADD_SLACK_ACC,caténaire,,32.45796412416598,6.363218818311981,32.45796412416598,0.007324759256199182,-0.9999731735910914,0.9353668121293726,0.35367912967396703,22.215418946499625,-472.3490466368932,5.0,-25.0,-5.951943700966111,-2.2505376935855903,0.9772637259348678,36.07320516893752,8.829000000000008,0.025320024968756627,-0.006332524648080096,0.23774677315586576,-32.45709339354805,5.951943700966111,2.2505376935855903,-1.7372935983697868,0.0,-4.440892098500626e-16,6.189690474121977,-31.943849298332246
50.400000000000446,0.0,453.0,479.80431916265,479.3966248428552,0.5267401990379152,PILOT_DESC_ADD_SLACK_ACC,caténaire,,32.46280281318509,6.363086008085825,32.46280281318509,0.007318283307588607,-0.9999732210061578,0.9351920822965234,0.35414088892684037,22.203947896466175,-472.40177035116085,5.0,-25.0,-5.950707653733656,-2.2534289352214545,0.9758342774591835,36.07611521927145,8.829000000000008,0.02512662372552743,-0.006313715950014398,0.23757198794527293,-32.46193349198846,5.950707653733656,2.2534289352214545,-1.7374843433906864,0.0,4.440892098500626e-16,6.188279641678929,-31.945988900157694
50.50000000000045,0.0,453.0,479.85699579974715,479.4489838632852,0.5267663709715867,PILOT_DESC_ADD_SLACK_ACC,caténaire,,32.467637006333426,6.362953060961693,32.467637006333426,0.007311808243264429,-0.9999732683728169,0.935015582516802,0.3546066277592193,22.192485180572945,-472.4544961856783,5.0,-25.0,-5.949460262822165,-2.256345327537828,0.9744168334924042,36.07901683253086,8.829000000000008,0.024956570670239486,-0.006328495006975743,0.23739713590222597,-32.46676909356545,5.949460262822165,2.256345327537828,-1.7376750978890583,0.0,4.440892098500626e-16,6.186857398724391,-31.948098863916684
50.60000000000045,0.0,453.0,479.9096750607008,479.5013498727777,0.5267926095362814,PILOT_DESC_ADD_SLACK_ACC,caténaire,,32.472472368258735,6.362820106671726,32.472472368258735,0.007305339639000421,-0.9999733156503522,0.9348386577290385,0.3550727869259619,22.181030742100724,-472.5072241454087,5.0,-25.0,-5.948210207892334,-2.259264267984476,0.9730100558542003,36.08192535510213,8.829000000000008,0.02479984796186585,-0.006338912882355885,0.23722243956818642,-32.47160586145213,5.948210207892334,2.259264267984476,-1.7378658618890326,0.0,4.440892098500626e-16,6.18543264746052,-31.95020745535669
50.70000000000045,0.0,453.0,479.96235695187926,479.55370613937606,0.5268189117845545,PILOT_DESC_ADD_SLACK_ACC,caténaire,,32.47731094712554,6.36268721274346,32.47731094712554,0.007298881515819949,-0.9999733628095391,0.9346623277880208,0.3555366830776793,22.169584528814223,-472.55995423384627,5.0,-25.0,-5.946964041249877,-2.2621687070795744,0.9716131624180644,36.08483877723571,8.829000000000008,0.024649121168187627,-0.006329929843872151,0.23704804455551148,-32.47644584280818,5.946964041249877,2.2621687070795744,-1.73805663541367,0.0,-4.440892098500626e-16,6.184012085805389,-31.95233377114228
50.80000000000045,0.0,453.0,480.01504147937766,479.606066610689,0.5268452749840554,PILOT_DESC_ADD_SLACK_ACC,caténaire,,32.482150290207535,6.36255429963706,32.482150290207535,0.007292430384379555,-0.999973409876027,0.9344857554157376,0.3560005237707919,22.158146490497796,-472.61268644801,5.0,-25.0,-5.945716361069988,-2.2650726631908973,0.9702257914360795,36.087748236863476,8.829000000000008,0.024509430366091323,-0.006324426327431354,0.23687381972629262,-32.48128658580441,5.945716361069988,2.2650726631908973,-1.7382474184850418,0.0,-2.220446049250313e-16,6.18259018079628,-31.954461341098558
50.90000000000045,0.0,453.0,480.0677286490294,479.65845282139827,0.526871696517605,PILOT_DESC_ADD_SLACK_ACC,caténaire,,32.48698970229081,6.362421277049712,32.48698970229081,0.007285981008386952,-0.9999734568881045,0.9343076216311405,0.3564677659508102,22.146716580589686,-472.6654207860882,5.0,-25.0,-5.94445869117568,-2.2679980986678117,0.9688473052035799,36.09065533403318,8.829000000000008,0.024388614027899713,-0.006342764634638343,0.23669958999055335,-32.486127396487994,5.94445869117568,2.2679980986678117,-1.7384382111242727,0.0,4.440892098500626e-16,6.181158281166233,-31.956567508944456
51.000000000000455,0.0,453.0,480.12041846641864,479.7108054212847,0.5268981738923803,PILOT_DESC_ADD_SLACK_ACC,caténaire,,32.49183324433,6.362288426741598,32.49183324433,0.007279547807078455,-0.9999735037408363,0.9341315386115542,0.3569289405066651,22.13529475879158,-472.7181572542274,5.0,-25.0,-5.943214277162613,-2.2708848673546957,0.9674766257997872,36.093570961761195,8.829000000000008,0.02426234863717447,-0.006313905593508196,0.23652585344172133,-32.490972332295655,5.943214277162613,2.2708848673546957,-1.7386290133515843,0.0,4.440892098500626e-16,6.179740130604334,-31.958716478292544
51.100000000000456,0.0,453.0,480.17311093690233,479.7631573746187,0.5269247048368,PILOT_DESC_ADD_SLACK_ACC,caténaire,,32.49667446414737,6.362155559795179,32.49667446414737,0.007273122600384798,-0.9999735504940318,0.9339555239401296,0.3573892545974462,22.123880983076468,-472.7708958428078,5.0,-25.0,-5.941970329237114,-2.273766033148197,0.9661140313714055,36.09647353897776,8.829000000000008,0.024143702134290734,-0.006292494170445195,0.23635229748253778,-32.49581494316218,5.941970329237114,2.273766033148197,-1.7388198251863753,0.0,6.661338147750939e-16,6.178322626719652,-31.96086873520036
51.20000000000046,0.0,453.0,480.22580606561013,479.815544841436,0.526951287077769,PILOT_DESC_ADD_SLACK_ACC,caténaire,,32.50151135984365,6.36202252675449,32.50151135984365,0.007266696649126807,-0.999973597211351,0.9337773558534898,0.3578545091168552,22.112475213898126,-472.8236365447147,5.0,-25.0,-5.940712572913146,-2.276678448302103,0.964759087195968,36.099366493172305,8.829000000000008,0.024046514282821896,-0.006311955129802982,0.2361786236901327,-32.50065322930844,5.940712572913146,2.276678448302103,-1.739010646647221,0.0,0.0,6.176891196603279,-31.962985427653557
51.30000000000046,0.0,453.0,480.2785038574479,479.8678819041102,0.5269779183775516,PILOT_DESC_ADD_SLACK_ACC,caténaire,,32.50635044104373,6.361889741745036,32.50635044104373,0.0072602907885557025,-0.9999736437415065,0.9336022805385332,0.3583110126318336,22.101077418816796,-472.8763793664755,5.0,-25.0,-5.939474771427865,-2.2795351556167383,0.9634105778216422,36.102268499312,8.829000000000008,0.02393580639377646,-0.006266656304745766,0.2360055566766734,-32.505493695268825,5.939474771427865,2.2795351556167383,-1.739201477751887,0.0,0.0,6.1754803281045385,-31.965160017403974
51.40000000000046,0.0,453.0,480.33120431711916,479.9202590747321,0.5270045967127227,PILOT_DESC_ADD_SLACK_ACC,caténaire,,32.51118311606063,6.3617567472106815,32.51118311606063,0.007253882951890744,-0.9999736902449586,0.9334247817099766,0.3587731551965426,22.089687561014806,-472.9291242929811,5.0,-25.0,-5.938221403057101,-2.28242754078967,0.9620692313187628,36.105149937102,8.829000000000008,0.023847828261661874,-0.006277603687678379,0.2358323169513904,-32.51032775479674,5.938221403057101,2.28242754078967,-1.7393923185174063,0.0,-4.440892098500626e-16,6.174053720008492,-31.96729253252448
51.50000000000046,0.0,453.0,480.38390744911663,479.97264740927193,0.5270313199748549,PILOT_DESC_ADD_SLACK_ACC,caténaire,,32.51601519317615,6.361623724158807,32.51601519317615,0.0072474802843242895,-0.9999737366698829,0.9332465989372097,0.3592363923270171,22.07830561110877,-472.9818713279262,5.0,-25.0,-5.936963704289473,-2.285326756008773,0.9607337796483828,36.10803654823081,8.829000000000008,0.023770075358909182,-0.006290207777972512,0.23565917903733322,-32.51516121433504,5.936963704289473,2.285326756008773,-1.7395831689600472,0.0,4.440892098500626e-16,6.172622883326807,-31.96941762728631
51.60000000000046,0.0,453.0,480.4366132577394,480.02502929756764,0.5270580862278097,PILOT_DESC_ADD_SLACK_ACC,caténaire,,32.520849818207545,6.361490749541843,32.520849818207545,0.007241087012568001,-0.9999737829857722,0.9330688138157239,0.3596979130944716,22.066931543180083,-473.0346204755362,5.0,-25.0,-5.935708627774708,-2.2882149467799864,0.959403627963417,36.11092905990308,8.829000000000008,0.023695000188709514,-0.006285886876916891,0.23548630325629707,-32.519997218625164,5.935708627774708,2.2882149467799864,-1.7397740290953783,0.0,0.0,6.171194931031005,-31.971556300940556
51.700000000000465,0.0,453.0,480.4893217471096,480.0774066976128,0.5270848937019256,PILOT_DESC_ADD_SLACK_ACC,caténaire,,32.52568556692099,6.36135779817751,32.52568556692099,0.007234702584621217,-0.9999738291968007,0.9328913177483351,0.3601580059776194,22.055565332226635,-473.0873717343854,5.0,-25.0,-5.934455459010465,-2.291093939901791,0.9580786126661598,36.11381973543283,8.829000000000008,0.023623153655695006,-0.006274204468972755,0.2353136614375803,-32.52483434360509,5.934455459010465,2.291093939901791,-1.7399648989383263,0.0,2.220446049250313e-16,6.169769120448045,-31.973705302641626
51.800000000000466,0.0,453.0,480.5420329211804,480.1297897856634,0.5271117407076656,PILOT_DESC_ADD_SLACK_ACC,caténaire,,32.53052041132322,6.361224819109274,32.53052041132322,0.00722832450917698,-0.9999738753211456,0.9327134882370095,0.36061828691949327,22.04420695431468,-473.14012510059723,5.0,-25.0,-5.933200190491251,-2.2939739969769497,0.9567585450322337,36.11670521862644,8.829000000000008,0.023558354540982762,-0.006268778350516868,0.2351411579854496,-32.529670561924505,5.933200190491251,2.2939739969769497,-1.7401557785032076,0.0,-2.220446049250313e-16,6.1683413484767,-31.975852343450764
51.90000000000047,0.0,453.0,480.59474678374033,480.1821450603171,0.5271386255990109,PILOT_DESC_ADD_SLACK_ACC,caténaire,,32.53535458512141,6.3610919652182565,32.53535458512141,0.007221960798407902,-0.9999739213010638,0.932537395987726,0.361073406780991,22.032856387843786,-473.19288057238674,5.0,-25.0,-5.9319561368830795,-2.296821146728545,0.9554430239029051,36.119588372856036,8.829000000000008,0.02348688701982571,-0.006232773872518749,0.23496905537604762,-32.534506105404404,5.9319561368830795,2.296821146728545,-1.74034666780374,0.0,-4.440892098500626e-16,6.166925192259127,-31.9780316264796
52.00000000000047,0.0,453.0,480.64746333842027,480.2345214522131,0.527165546799534,PILOT_DESC_ADD_SLACK_ACC,caténaire,,32.54018260319129,6.360958994108854,32.54018260319129,0.007215599609292453,-0.9999739672222864,0.9323600346407216,0.36153114085062193,22.021513609038156,-473.24563813775757,5.0,-25.0,-5.930703948095541,-2.2996847620441985,0.9541324077441353,36.12245521465405,8.829000000000008,0.023428459648593858,-0.0062295473901556875,0.23479692887789214,-32.53933549185082,5.930703948095541,2.2996847620441985,-1.7405375668530727,0.0,-2.220446049250313e-16,6.165500876973433,-31.980188296659698
52.10000000000047,0.0,453.0,480.7001825886868,480.2869126128671,0.5271925026651613,PILOT_DESC_ADD_SLACK_ACC,caténaire,,32.54500755704152,6.360825965507177,32.54500755704152,0.007209242558847166,-0.9999740130732037,0.9321817735944529,0.36199052608915094,22.010178598393427,-473.29839779566856,5.0,-25.0,-5.929446030052128,-2.3025587376154744,0.9528259702002374,36.125320744445766,8.829000000000008,0.023379940148108957,-0.006237993169719402,0.23462485355822638,-32.54416181231255,5.929446030052128,2.3025587376154744,-1.7407284756637589,0.0,4.440892098500626e-16,6.164070883610354,-31.982331550360836
52.20000000000047,0.0,453.0,480.75290453785044,480.3392919993514,0.5272194916363018,PILOT_DESC_ADD_SLACK_ACC,caténaire,,32.54983308326782,6.360693005482688,32.54983308326782,0.007202896010783764,-0.9999740588080561,0.9320042514864862,0.36244734129403433,21.998851339726468,-473.3511595489623,5.0,-25.0,-5.92819292351022,-2.305416268624761,0.9515231465432509,36.12819028074429,8.829000000000008,0.023330223033030784,-0.00622598788047668,0.23445306286714718,-32.54898870180006,5.92819292351022,2.305416268624761,-1.7409193942477863,0.0,0.0,6.162645986377368,-31.98449182742309
52.30000000000047,0.0,453.0,480.8056291890788,480.39170280258793,0.5272465122832679,PILOT_DESC_ADD_SLACK_ACC,caténaire,,32.55465718641437,6.360559905099607,32.55465718641437,0.007196549591475639,-0.9999741045017002,0.9318247958271616,0.3629084593691207,21.987531816494084,-473.403923393649,5.0,-25.0,-5.926927434915871,-2.308300995884699,0.9502239916420596,36.131054466845306,8.829000000000008,0.023296556726188022,-0.006246529039401594,0.2342812048755198,-32.55381416734455,5.926927434915871,2.308300995884699,-1.741110322616626,0.0,-2.220446049250313e-16,6.161208639791391,-31.986623494076476
52.400000000000475,0.0,453.0,480.8583565453995,480.44407529929464,0.5272735632072607,PILOT_DESC_ADD_SLACK_ACC,caténaire,,32.55948491926922,6.3604270000362,32.55948491926922,0.007190219997862462,-0.9999741500340807,0.9316477239618282,0.363362791761547,21.97622001743853,-473.4566893366131,5.0,-25.0,-5.925677338009084,-2.311142511528675,0.9489276130280535,36.133928195405524,8.829000000000008,0.02325027501896937,-0.006214316123156038,0.23410985958663078,-32.5586432576937,5.925677338009084,2.311142511528675,-1.7413012607812421,0.0,2.220446049250313e-16,6.159787197595715,-31.98880200694627
52.500000000000476,0.0,453.0,480.91108660971764,480.4964698470602,0.5273006431817903,PILOT_DESC_ADD_SLACK_ACC,caténaire,,32.56430920484692,6.360293975872944,32.56430920484692,0.007183892670402963,-0.9999741955101142,0.9314693135311934,0.36381989768253103,21.96491592720108,-473.50945736711355,5.0,-25.0,-5.924418663562956,-2.314001503532913,0.9476346944107337,36.136787326682686,8.829000000000008,0.023216030847777347,-0.006214176850235731,0.23393850221343554,-32.56346889945941,5.924418663562956,2.314001503532913,-1.7414922087521538,0.0,-4.440892098500626e-16,6.158357165776391,-31.990959604678647
52.60000000000048,0.0,453.0,480.9638193848085,480.54889679680434,0.5273277509084691,PILOT_DESC_ADD_SLACK_ACC,caténaire,,32.569132191470324,6.360160819130364,32.569132191470324,0.007177565260230149,-0.9999742409467031,0.9312888931630733,0.3642814810981996,21.95361953433794,-473.5622274851385,5.0,-25.0,-5.923147129587062,-2.316888803215547,0.9463445745837775,36.139646554954396,8.829000000000008,0.02319744499671561,-0.006242248261159489,0.23376707177334083,-32.56829324145837,5.923147129587062,2.316888803215547,-1.7416831665394112,0.0,-4.440892098500626e-16,6.156914201360403,-31.993087604782232
52.70000000000048,0.0,453.0,481.0165548733251,480.6012936164667,0.5273548851659104,PILOT_DESC_ADD_SLACK_ACC,caténaire,,32.573960111479565,6.360027828958156,32.573960111479565,0.007171252696122296,-0.9999742862367854,0.9311103483022151,0.3647376033322144,21.942330832620666,-473.61499970008174,5.0,-25.0,-5.92188772703301,-2.3197413074603848,0.9450563763989436,36.14251876343019,8.829000000000008,0.023168649365933547,-0.0062225440302015045,0.23359609927282793,-32.5731225123823,5.92188772703301,2.3197413074603848,-1.7418741341526218,0.0,4.440892098500626e-16,6.155483826305837,-31.995255339074536
52.80000000000048,0.0,453.0,481.06929307781786,480.65366588885223,0.5273820449273506,PILOT_DESC_ADD_SLACK_ACC,caténaire,,32.57878759541464,6.35989493468982,32.57878759541464,0.007164953456606331,-0.9999743313915437,0.9309333685137204,0.3651890789545841,21.931049812510338,-473.6677740053752,5.0,-25.0,-5.9206384149441424,-2.3225641734473004,0.9437706516348611,36.1453820890838,8.829000000000008,0.023132236690718955,-0.006182084363501872,0.23342549679380956,-32.57795134327187,5.9206384149441424,2.3225641734473004,-1.742065111601021,0.0,0.0,6.154063911737952,-31.99745228142559
52.90000000000048,0.0,453.0,481.12203400073145,480.7061016267641,0.5274092291358145,PILOT_DESC_ADD_SLACK_ACC,caténaire,,32.58360801579795,6.359761733576814,32.58360801579795,0.007158646626264277,-0.9999743765609598,0.9307524558650595,0.3656499226051611,21.919776461907006,-473.7205503875406,5.0,-25.0,-5.919363852243248,-2.3254463856696272,0.9424878252510029,36.14822706477581,8.829000000000008,0.023123973007754373,-0.0062193208938268185,0.23325453559380963,-32.58277311170425,5.919363852243248,2.3254463856696272,-1.7422560988934621,0.0,-4.440892098500626e-16,6.152618387837058,-31.999582824928083
53.00000000000048,0.0,453.0,481.1747776443933,480.7585098519907,0.5274364366184332,PILOT_DESC_ADD_SLACK_ACC,caténaire,,32.588432151580406,6.359628697785076,32.588432151580406,0.007152353983866516,-0.9999744215891171,0.9305732577860414,0.3661057386786962,21.90851077796892,-473.7733288590479,5.0,-25.0,-5.918100395607458,-2.32829656212484,0.9412063461403222,36.15108923525827,8.829000000000008,0.023105950532864128,-0.006207326866579876,0.23308400252731978,-32.5875985912728,5.918100395607458,2.32829656212484,-1.742447096038373,0.0,-4.440892098500626e-16,6.151184398134777,-32.001749125186336
53.100000000000485,0.0,453.0,481.2275240110371,480.81091328502555,0.5274636664378082,PILOT_DESC_ADD_SLACK_ACC,caténaire,,32.5932564754363,6.359495679062101,32.5932564754363,0.007146069978697833,-0.9999744665159505,0.9303943842811224,0.36656007651973094,21.89725275474783,-473.8261094158993,5.0,-25.0,-5.916839066659442,-2.331137222743902,0.9399267320547675,36.153946042020415,8.829000000000008,0.023087665395325807,-0.00619118072349778,0.2329136916071141,-32.59242425604196,5.916839066659442,2.331137222743902,-1.7426381030438416,0.0,-2.220446049250313e-16,6.149752758266556,-32.0039251363419
53.200000000000486,0.0,453.0,481.28027310280277,480.86331859308217,0.5274909176566639,PILOT_DESC_ADD_SLACK_ACC,caténaire,,32.598078555758626,6.359362645304312,32.598078555758626,0.007139793003588183,-0.9999745113530975,0.9302154215292477,0.3670139909447106,21.886002386161913,-473.8788920527307,5.0,-25.0,-5.915577203759103,-2.3339750643178476,0.9386490032534209,36.156795612873736,8.829000000000008,0.023071799494317702,-0.006179451444118911,0.23274353320282343,-32.59724767484462,5.915577203759103,2.3339750643178476,-1.7428291199176185,0.0,0.0,6.148320736961926,-32.006101730444385
53.30000000000049,0.0,453.0,481.33302492173493,480.91570396848283,0.5275181893214865,PILOT_DESC_ADD_SLACK_ACC,caténaire,,32.602898054016805,6.359229696716163,32.602898054016805,0.007133528185690118,-0.9999745560641151,0.9300377425703708,0.36746400829823983,21.874759666925808,-473.93167676565434,5.0,-25.0,-5.914323631620364,-2.3367880340445213,0.9373730248550168,36.159639969415956,8.829000000000008,0.02304939323465316,-0.006148064628575867,0.23257369220351037,-32.60206850796906,5.914323631620364,2.3367880340445213,-1.7430201466671065,0.0,-2.220446049250313e-16,6.1468973238238735,-32.00830062059164
53.40000000000049,0.0,453.0,481.3857794697834,480.96813427325475,0.5275454804848122,PILOT_DESC_ADD_SLACK_ACC,caténaire,,32.60771104858456,6.3590965314108505,32.60771104858456,0.007127260188551497,-0.9999746007585416,0.9298572731478953,0.36792044190824763,21.86352458960505,-473.9844635442175,5.0,-25.0,-5.913052160381933,-2.3396416059738847,0.9360991531837995,36.162470116145414,8.829000000000008,0.023046992801866395,-0.006171489828474819,0.23240364079636755,-32.60688283745824,5.913052160381933,2.3396416059738847,-1.743211183299367,0.0,-2.220446049250313e-16,6.145455801178301,-32.01045241478372
53.50000000000049,0.0,453.0,481.43853674879546,481.0205363412111,0.5275727901204738,PILOT_DESC_ADD_SLACK_ACC,caténaire,,32.61252557705102,6.358963521650625,32.61252557705102,0.007121006393392131,-0.9999746453125425,0.9296785896960045,0.3683717142518524,21.852297153340313,-474.0372523962753,5.0,-25.0,-5.911792238736491,-2.342462293335437,0.9348262907837153,36.165311136710365,8.829000000000008,0.023034052047224307,-0.006151156625080034,0.2322340031388447,-32.61169869665781,5.911792238736491,2.342462293335437,-1.743402229821089,0.0,-2.220446049250313e-16,6.144026241875336,-32.01263863314346
53.60000000000049,0.0,453.0,481.4912967605326,481.07298380802814,0.5276001173713444,PILOT_DESC_ADD_SLACK_ACC,caténaire,,32.61733752246845,6.358830302271365,32.61733752246845,0.007114749367990032,-0.9999746898504135,0.9294970690553308,0.36882949803066145,21.84107735387415,-474.090043315051,5.0,-25.0,-5.910514128581457,-2.3453241884489064,0.9335550028514209,36.168142983076216,8.829000000000008,0.02304087426996393,-0.006181205372698173,0.23206418152349997,-32.61651197277665,5.910514128581457,2.3453241884489064,-1.743593286238652,0.0,4.440892098500626e-16,6.142578310104956,-32.01478107056639
53.70000000000049,0.0,453.0,481.544059506667,481.12542022086126,0.5276274613440207,PILOT_DESC_ADD_SLACK_ACC,caténaire,,32.6221540202794,6.3586971683385425,32.6221540202794,0.007108502530382076,-0.9999747342767095,0.9293162427733527,0.3692848777266937,21.82986519342374,-474.1428363106069,5.0,-25.0,-5.909240561413931,-2.348170706310972,0.9322842112183055,36.17098872863791,8.829000000000008,0.023043649804374233,-0.006181977673072936,0.23189466439966994,-32.62132979796279,5.909240561413931,2.348170706310972,-1.7437843525581107,0.0,-6.661338147750939e-16,6.141135225813601,-32.01694344420992
53.800000000000495,0.0,453.0,481.59682498880034,481.1778362948445,0.5276548213331946,PILOT_DESC_ADD_SLACK_ACC,caténaire,,32.62697341870354,6.35856413108155,32.62697341870354,0.007102267939048695,-0.9999747785770009,0.9291367220911138,0.36973632721411154,21.818660672948752,-474.1956313832102,5.0,-25.0,-5.907975433959242,-2.350992148181481,0.9310141256157254,36.173834952178346,8.829000000000008,0.023038691656482868,-0.0061571960031443496,0.23172550725985216,-32.626150520005766,5.907975433959242,2.350992148181481,-1.7439754287852656,0.0,-2.220446049250313e-16,6.139700941219094,-32.019133800609545
53.900000000000496,0.0,453.0,481.6495932084681,481.2302580356327,0.5276821966774837,PILOT_DESC_ADD_SLACK_ACC,caténaire,,32.63179033305804,6.358431053287545,32.63179033305804,0.007096039400351965,-0.9999748227954686,0.9289568800266922,0.37018794557774815,21.807463790834383,-474.24842852460836,5.0,-25.0,-5.906708273126832,-2.3538145287142735,0.929745173920083,36.17666997856591,8.829000000000008,0.023036900793250936,-0.006144550148370342,0.23155646990740425,-32.6309687557986,5.906708273126832,2.3538145287142735,-1.7441665149256764,0.0,-2.220446049250313e-16,6.138264743034236,-32.02132074201
54.0000000000005,0.0,453.0,481.70236416713266,481.28266871547083,0.527709586645254,PILOT_DESC_ADD_SLACK_ACC,caténaire,,32.636604330697764,6.358298021014292,32.636604330697764,0.007089820843244473,-0.999974866904369,0.9287777730393053,0.370637084367105,21.7962745464791,-474.3012277306112,5.0,-25.0,-5.905445876277876,-2.356621040045871,0.9284771874202982,36.17949937346192,8.829000000000008,0.02303131114242163,-0.006121666583958074,0.23138767763650384,-32.635784071800046,5.905445876277876,2.356621040045871,-1.7443576109846395,0.0,-2.220446049250313e-16,6.13683355391438,-32.02352064273881
54.1000000000005,0.0,453.0,481.75513786618217,481.3350706641434,0.5277369904952626,PILOT_DESC_ADD_SLACK_ACC,caténaire,,32.641413357727245,6.358165014662318,32.641413357727245,0.007083611664628878,-0.999974910908161,0.9285992643042521,0.37108409603970083,21.78509293804173,-474.3540289936051,5.0,-25.0,-5.904187354940463,-2.3594139169372177,0.9272103715015901,36.18231844455286,8.829000000000008,0.02302301656112693,-0.006095472384359368,0.2312190964107696,-32.64059441430976,5.904187354940463,2.3594139169372177,-1.7445487169671814,0.0,0.0,6.1354064513512325,-32.02572921433973
54.2000000000005,0.0,453.0,481.80791430692557,481.38753645420906,0.5277644074340341,PILOT_DESC_ADD_SLACK_ACC,caténaire,,32.64621550720688,6.3580317143362794,32.64621550720688,0.007077394948674961,-0.9999749549267423,0.9284167337889935,0.3715405340209561,21.773918962773344,-474.4068323048753,5.0,-25.0,-5.9029030375509235,-2.3622664984666764,0.9259448759814317,36.18512568131777,8.829000000000008,0.02304183843050822,-0.006140817148910571,0.23105016072406018,-32.645397880347915,5.9029030375509235,2.3622664984666764,-1.744739832878042,0.0,-2.220446049250313e-16,6.133953198274984,-32.02787121475928
54.3000000000005,0.0,453.0,481.8606934905863,481.43997186836015,0.5277918366075187,PILOT_DESC_ADD_SLACK_ACC,caténaire,,32.6510228428962,6.357898599659683,32.6510228428962,0.007071192891063228,-0.9999749988030188,0.9282361287821669,0.3719915176768101,21.762752626865016,-474.4596376795934,5.0,-25.0,-5.901631183337664,-2.365084349322671,0.9246792192922175,36.18795382137127,8.829000000000008,0.023048035954553292,-0.006130527951405895,0.23088168061263065,-32.650206528242464,5.901631183337664,2.365084349322671,-1.744930958721651,0.0,-4.440892098500626e-16,6.132512863950295,-32.030053137641445
54.4000000000005,0.0,453.0,481.91347541832823,481.49240394375744,0.5278192774193657,PILOT_DESC_ADD_SLACK_ACC,caténaire,,32.655831327450144,6.357765496813657,32.655831327450144,0.007064999001541669,-0.9999750425831176,0.9280557665427488,0.37244126273380446,21.751593932448056,-474.5124451143267,5.0,-25.0,-5.900360931644439,-2.3678942097986924,0.923414075451445,36.19077736681877,8.829000000000008,0.023053143807006293,-0.006116842979928094,0.23071341572294843,-32.65501632225406,5.900360931644439,2.3678942097986924,-1.7451220945022246,0.0,0.0,6.131074347367387,-32.03224420695759
54.500000000000504,0.0,453.0,481.96626009125475,481.5448263507328,0.5278467292652882,PILOT_DESC_ADD_SLACK_ACC,caténaire,,32.660638478159285,6.357632431351495,32.660638478159285,0.007058814717596686,-0.999975086257044,0.9278760574136302,0.3728887529525895,21.740442881236746,-474.56525460453196,5.0,-25.0,-5.899094914887457,-2.3706896290575985,0.9221495141576698,36.19359479500906,8.829000000000008,0.02305459927021225,-0.006094834048546716,0.2305453955757354,-32.659824779407465,5.899094914887457,2.3706896290575985,-1.745313240223757,0.0,4.440892098500626e-16,6.129640310463192,-32.03444839057362
54.600000000000506,0.0,453.0,482.0190475104068,481.5972547238466,0.5278741915201947,PILOT_DESC_ADD_SLACK_ACC,caténaire,,32.66544152483244,6.357499327820715,32.66544152483244,0.007052636366895906,-0.999975129850876,0.9276960102166197,0.3733364603520067,21.72929947373577,-474.6180661428881,5.0,-25.0,-5.8978267613741195,-2.3734862957388474,0.9208857359141452,36.19640229720558,8.829000000000008,0.023058974540025368,-0.006083998533277679,0.23037748083874493,-32.66462913043051,5.8978267613741195,2.3734862957388474,-1.7455043958900185,0.0,0.0,6.128204242212864,-32.036647230581686
54.70000000000051,0.0,453.0,482.07183767675724,481.6497449775058,0.5279016635048412,PILOT_DESC_ADD_SLACK_ACC,caténaire,,32.67024082388682,6.357365952971718,32.67024082388682,0.007046451054150906,-0.999975173455592,0.9275120309766967,0.3737933016969184,21.71816371139977,-474.6708797258079,5.0,-25.0,-5.8965334067029005,-2.3763408096568743,0.9196225839935196,36.19920499082207,8.829000000000008,0.02308917729061921,-0.006135818834813733,0.23020925289284128,-32.669429734702184,5.8965334067029005,2.3763408096568743,-1.745695561504532,0.0,2.220446049250313e-16,6.126742659595742,-32.038784486549844
54.80000000000051,0.0,453.0,482.1246305912113,481.70218441360817,0.527929144540501,PILOT_DESC_ADD_SLACK_ACC,caténaire,,32.675048065623585,6.357232858433371,32.675048065623585,0.007040285085956365,-0.9999752168858527,0.9273312958783927,0.37424145639479994,21.70703560422061,-474.7236953706188,5.0,-25.0,-5.895260984811717,-2.3791400835809817,0.9183586498028328,36.20203154694092,8.829000000000008,0.02309766499111543,-0.006108536640070383,0.23004165357931708,-32.674238276177604,5.895260984811717,2.3791400835809817,-1.745886737070575,0.0,-2.220446049250313e-16,6.125302638391034,-32.0409849296672
54.90000000000051,0.0,453.0,482.17742625463353,481.7546387818797,0.5279566342224218,PILOT_DESC_ADD_SLACK_ACC,caténaire,,32.679854728744274,6.357099679006112,32.679854728744274,0.007034122974719628,-0.9999752602509607,0.9271496459961653,0.37469125147137516,21.695915155122204,-474.77651306821184,5.0,-25.0,-5.893982716952853,-2.3819496344550775,0.9170951025222246,36.204845725411936,8.829000000000008,0.02311238556937134,-0.006103909043147837,0.22987411695795998,-32.67904623733965,5.893982716952853,2.3819496344550775,-1.746077922591279,0.0,-4.440892098500626e-16,6.123856833910813,-32.04317452547585
55.00000000000051,0.0,453.0,482.23022466783857,481.8070959717038,0.5279841320504725,PILOT_DESC_ADD_SLACK_ACC,caténaire,,32.684660756214456,6.356966491289631,32.684660756214456,0.007027967586724903,-0.9999753035308422,0.9269678440196683,0.37514079510702114,21.684802368993235,-474.8293328170749,5.0,-25.0,-5.892703522936024,-2.3847574640110825,0.9158316193054389,36.2076579402754,8.829000000000008,0.023128096369414486,-0.0060995237356848975,0.22970673637777464,-32.68385356049816,5.892703522936024,2.3847574640110825,-1.7462691180695933,0.0,0.0,6.122410259313799,-32.04536521455667
55.10000000000051,0.0,453.0,482.28302583159234,481.85952477909143,0.5280116375377113,PILOT_DESC_ADD_SLACK_ACC,caténaire,,32.689466252948144,6.356833432065828,32.689466252948144,0.007021826097252064,-0.9999753466752368,0.926787901432827,0.3755851245160497,21.673697251076145,-474.88215461576726,5.0,-25.0,-5.8914363162623244,-2.3875320761102317,0.9145681435515185,36.210468289097896,8.829000000000008,0.02313182728919383,-0.006063787012344335,0.2295397472401919,-32.68866034892027,5.8914363162623244,2.3875320761102317,-1.7464603235082916,0.0,-2.220446049250313e-16,6.120976063502517,-32.047588596318334
55.200000000000514,0.0,453.0,482.3358297466134,481.9119684205016,0.5280391502108189,PILOT_DESC_ADD_SLACK_ACC,caténaire,,32.69426555133591,6.356700282825735,32.69426555133591,0.007015688423196581,-0.9999753897551422,0.9266070613599194,0.3760310543531402,21.662599802662257,-474.93497845238034,5.0,-25.0,-5.890163369014924,-2.3903167095578657,0.9133053273927544,36.21326241909855,8.829000000000008,0.023141958377830285,-0.006054290459324818,0.22937278033342212,-32.69346093745525,5.890163369014924,2.3903167095578657,-1.7466515389099768,0.0,0.0,6.119536149348346,-32.049795766807364
55.300000000000516,0.0,453.0,482.38863641356073,481.96442036308383,0.5280666694731584,PILOT_DESC_ADD_SLACK_ACC,caténaire,,32.699060540056976,6.356567098457819,32.699060540056976,0.007009556155300901,-0.9999754327594782,0.9264257255420684,0.3764775890459516,21.65151002710882,-474.98780432377964,5.0,-25.0,-5.888887286145625,-2.3931050558362195,0.9120428314586421,36.216052359088195,8.829000000000008,0.023155545313017,-0.006052696748028552,0.22920590108111316,-32.69825721437185,5.888887286145625,2.3931050558362195,-1.746842764277034,0.0,-2.220446049250313e-16,6.118093187226738,-32.05199492281267
55.40000000000052,0.0,453.0,482.44144583303387,482.0169039230684,0.5280941947313552,PILOT_DESC_ADD_SLACK_ACC,caténaire,,32.7038534034702,6.356433783927909,32.7038534034702,0.007003423979869334,-0.9999754757255591,0.9262423783169814,0.3769284502524344,21.640427928942014,-475.0406322294582,5.0,-25.0,-5.8875983456397964,-2.395920735308164,0.9107804647590436,36.21884171136449,8.829000000000008,0.02318211911924717,-0.006079023943684092,0.2290389511599945,-32.70305136519406,5.8875983456397964,2.395920735308164,-1.7470339996116353,0.0,-2.220446049250313e-16,6.116637296799791,-32.05416462949753
55.50000000000052,0.0,453.0,482.49425800557685,482.0693575556141,0.5281217254300316,PILOT_DESC_ADD_SLACK_ACC,caténaire,Fy:(y<-475:-75),32.708650411058585,6.356300634059119,32.708650411058585,0.006997306121818712,-0.9999755185538481,0.926060976448598,0.377373909934258,21.629353516987724,-475.09346217822804,5.0,-75.0,-5.8863219717776305,-2.398702022992493,0.9095175225886918,36.22164325459604,8.829000000000008,0.02319555081106106,-50.006058768396464,0.22887243975772836,-32.70784965599485,5.8863219717776305,2.398702022992493,-1.7472252449157504,0.0,-4.440892098500626e-16,6.1151944115353585,-32.05637287791811
55.60000000000052,0.0,453.0,482.5470729316939,482.1218049247594,0.5281492611703715,PILOT_DESC_ADD_SLACK_ACC,caténaire,,42.79891034760203,6.35616721979029,42.79891034760203,0.006983109134623698,-0.9999756177961611,0.925880095585174,0.37781748053681846,21.618286795782073,-475.1629608300031,5.0,-75.0,-5.8850487130147835,-2.4014710848518814,0.9082547120945891,62.684552404000115,8.829000000000008,0.023205999079805473,-23.545918680851777,0.29886946180028046,-42.79786681584585,5.8850487130147835,2.4014710848518814,-1.7474165001912048,0.0,4.440892098500626e-16,6.183918174815064,-42.14381223118517
55.70000000000052,0.0,453.0,482.5999119188607,482.1685038651919,0.5283898716680051,PILOT_DESC_ADD_SLACK_ACC,caténaire,,53.56022800657986,6.356033320207425,53.56022800657986,0.00696780349131372,-0.9999757245626049,0.9281006847226738,0.3723293152805781,21.60722776873424,-475.24030813814056,5.0,-75.0,-5.899038876604641,-2.36653753401337,0.9069922196785037,77.64226165577242,8.829000000000008,0.007953343073862307,-8.553275878240967,0.37319714369980606,-53.558927808618016,5.899038876604641,2.36653753401337,-1.7476078425973822,0.0,2.220446049250313e-16,6.272236020304447,-52.93999811720203
55.80000000000052,0.0,453.0,482.65280413977166,482.21458452353795,0.5289222091098256,PILOT_DESC_ADD_SLACK_ACC,caténaire,,61.17219376479177,6.355899398597375,61.17219376479177,0.006955006503126321,-0.9999758136497809,0.9309846507532086,0.365058324192075,21.596171351376668,-475.3205065548557,5.0,-75.0,-5.917244781825706,-2.320273983185375,0.90656420924427,83.47171927399548,8.829000000000008,-0.010680572581435399,-2.6775547091899057,0.42545300544463016,-61.17071423268971,5.917244781825706,2.320273983185375,-1.747799377775474,0.0,-6.661338147750939e-16,6.342697787270335,-60.59823962727981
55.900000000000524,0.0,453.0,482.7080396045696,482.2621843616004,0.5523546479791817,T_SOFT_ACC,caténaire,,65.69582548487486,6.355765224463577,65.69582548487486,0.0069453328772875675,-0.999975880884746,0.9337368113283364,0.357960287141452,21.585111332268582,-475.4015975061036,5.0,-75.0,-5.934611954242149,-2.275111544752637,0.9071549521298454,85.33998453355696,8.829000000000008,-0.027457002112303286,-0.7641270111956828,0.4562793766406478,-65.69424095968829,5.934611954242149,2.275111544752637,-1.7479993983910738,0.0,6.661338147750939e-16,6.390891330882797,-65.16712881332673
56.000000000000526,0.0,453.0,482.7677515228877,482.3121117454187,0.5971191831812634,T_SOFT_ACC,caténaire,,68.1665758024777,6.355628301700255,68.1665758024777,0.00693816395725742,-0.9999759306507844,0.9361395615913901,0.3516286695129961,21.57404211906535,-475.4829431823649,5.0,-75.0,-5.949755091991508,-2.234821123646004,0.908663798640666,85.87697098432866,8.829000000000008,-0.04109129335084205,-0.18685013931734318,0.47295087932240654,-68.16493507735987,5.949755091991508,2.234821123646004,-1.7482156292982332,0.0,0.0,6.422705971313915,-67.6783295830121
56.10000000000053,0.0,453.0,482.831492249374,482.36513201715724,0.6374072648631371,T_SOFT_ACC,caténaire,,69.45620340558759,6.35548420789139,69.45620340558759,0.006932576804474271,-0.9999759694006901,0.9381559221589927,0.346213035164781,21.562959166038063,-475.56435115805465,5.0,-75.0,-5.962435147821262,-2.200351477555912,0.9109209833222824,86.00856088956046,8.829000000000008,-0.05151416449897983,-0.02079058799546374,0.4815104646564234,-69.45453433139396,5.962435147821262,2.200351477555912,-1.7484464494677963,0.0,-4.440892098500626e-16,6.443945612477686,-69.00262930330584
56.20000000000053,0.0,453.0,482.89885890321165,482.4214978924847,0.6736665383768234,T_SOFT_ACC,caténaire,,70.1108381662867,6.35533136002075,70.1108381662867,0.0069278584678399875,-0.9999760021005751,0.9398183023129164,0.3416746385637475,21.551858996561787,-475.64576608056944,5.0,-75.0,-5.972856729410739,-2.1714555453879396,0.9137532619735013,86.02324033379213,8.829000000000008,-0.05910346743723771,0.022784788404180745,0.4857179638776683,-70.10915565344379,5.972856729410739,2.1714555453879396,-1.7486903999735226,0.0,-4.440892098500626e-16,6.458574693288408,-69.68639050802938
56.30000000000053,0.0,453.0,482.96948889166555,482.4809937332445,0.706299884539141,T_SOFT_ACC,caténaire,,70.43648075905656,6.355169817986202,70.43648075905656,0.006923525229202184,-0.9999760321119706,0.9411917914842781,0.3378727743435615,21.540739078046624,-475.72717342556285,5.0,-75.0,-5.981433666177248,-2.147238857827465,0.917007591005176,86.00722821736812,8.829000000000008,-0.06442607517207133,0.03098935954065496,0.4876687515915423,-70.43479254537255,5.981433666177248,2.147238857827465,-1.7489461677817966,0.0,4.440892098500626e-16,6.46910241776879,-70.03649985532688
56.40000000000053,0.0,453.0,483.0430558812741,482.54389825509344,0.7356698960852269,T_SOFT_ACC,caténaire,,70.59571641221187,6.354999698091498,70.59571641221187,0.006919234410434038,-0.9999760618110682,0.9422792202677303,0.3348281216559303,21.529597670324964,-475.8085705615573,5.0,-75.0,-5.988184160319317,-2.1278326120359803,0.9205552440061591,85.98565786282686,8.829000000000008,-0.06762891631315782,0.028825250790873724,0.48846831022861936,-70.59402647861462,5.988184160319317,2.1278326120359803,-1.749212571162363,0.0,4.440892098500626e-16,6.476652470547936,-70.21540643774101
56.50000000000053,0.0,453.0,483.11926617192177,482.60986572347883,0.7621029064767042,T_SOFT_ACC,caténaire,,70.6725266553053,6.354821694766444,70.6725266553053,0.0069147778290095455,-0.9999760926380067,0.9431330332044084,0.3324155256281695,21.51843370305665,-475.8899582118423,5.0,-75.0,-5.993442260458256,-2.1124413939390823,0.9242869688856378,85.96561815430604,8.829000000000008,-0.0691552915726179,0.02417676036695582,0.48868482043619127,-70.67083706162758,5.993442260458256,2.1124413939390823,-1.7494885465579924,0.0,0.0,6.482127080894447,-70.3078842142465
56.600000000000534,0.0,453.0,483.1978554335047,482.67869014535574,0.7858926158290338,T_SOFT_ACC,caténaire,,70.70955142767288,6.354636537369862,70.70955142767288,0.006910029889383984,-0.9999761254584671,0.9437823520190978,0.3305674999410856,21.507246665120128,-475.97133792805755,5.0,-75.0,-5.997393817465423,-2.100636313192632,0.9281110487543588,85.94885826586491,8.829000000000008,-0.06928276871106398,0.019221952672268117,0.48860511383015354,-70.70786326955054,5.997393817465423,2.100636313192632,-1.7497731367671785,0.0,-4.440892098500626e-16,6.485998931295577,-70.35700009312508
56.700000000000536,0.0,453.0,483.2785857689293,482.75019456344097,0.8073033542461304,T_SOFT_ACC,caténaire,,70.72817500940434,6.354444753056892,70.72817500940434,0.006904911758468766,-0.9999761608126505,0.9442492266562612,0.32923152637475744,21.496036512057135,-476.0527113640674,5.0,-75.0,-6.000179543903907,-2.092083545312989,0.9319504150556096,85.93559315074008,8.829000000000008,-0.06822912884829702,0.014509605427079464,0.4883718072774727,-70.7264889071894,6.000179543903907,2.092083545312989,-1.7500654803085658,0.0,0.0,6.488551351181379,-70.38447084218498
56.80000000000054,0.0,453.0,483.36124307081144,482.8241928064277,0.8265730188215173,T_SOFT_ACC,caténaire,,70.73900808969033,6.354246897714833,70.73900808969033,0.0068993845500371015,-0.9999761989631707,0.9445524530940589,0.32836056912180517,21.484803593384243,-476.1340800929835,5.0,-75.0,-6.001919494801859,-2.0864841276741073,0.9357394735379437,85.92565144939925,8.829000000000008,-0.0661800212639152,0.01016732172513457,0.488055619498959,-70.73732442795352,6.001919494801859,2.0864841276741073,-1.750364801848934,0.0,6.661338147750939e-16,6.489975114300818,-70.40120510212834
56.90000000000054,0.0,453.0,483.44563464250535,482.9004447339469,0.8439157169393656,T_SOFT_ACC,caténaire,,70.74724212415424,6.354043749528662,70.74724212415424,0.006893448510976899,-0.999976239901542,0.9447113179888609,0.3279032260648702,21.473548590697543,-476.2154455645772,5.0,-75.0,-6.002737045176106,-2.0835114440277724,0.9394224339018844,85.91877210035466,8.829000000000008,-0.06331461127422155,0.006260656326873004,0.48769247087647316,-70.74556116271575,6.002737045176106,2.0835114440277724,-1.7506704035883853,0.0,-4.440892098500626e-16,6.490429516052579,-70.41272012227635
57.00000000000054,0.0,453.0,483.5315870570299,482.9787783263924,0.8595241452454291,T_SOFT_ACC,caténaire,,70.75534235340412,6.3538357194240795,70.75534235340412,0.006887105838522397,-0.9999762836053508,0.9447393274297926,0.3278225178469336,21.46227245800845,-476.29680908338077,5.0,-75.0,-6.002718484168097,-2.0829304235273844,0.9429530650179277,85.91464800908778,8.829000000000008,-0.05976541915016931,0.0027175855603900345,0.4872995314287805,-70.75366429178133,6.002718484168097,2.0829304235273844,-1.7509816575070114,0.0,0.0,6.490018015596878,-70.42171552576096
57.10000000000054,0.0,453.0,483.618944230102,483.0590645392228,0.8735717307208861,T_SOFT_ACC,caténaire,,70.76443174765316,6.353623057692993,70.76443174765316,0.0068803614452603665,-0.9999763300330575,0.9446461866902788,0.32809081360427506,21.45097637744351,-476.3781718327106,5.0,-75.0,-6.001925793117115,-2.084565358333376,0.9462922503370921,85.91302298713784,8.829000000000008,-0.05563354278002297,-0.0005423711955501176,0.4868848678923115,-70.762756755893,6.001925793117115,2.084565358333376,-1.7512979983868942,0.0,0.0,6.488810661009427,-70.4294893959465
57.20000000000054,0.0,453.0,483.7075656858669,483.14105589456943,0.8862145576487975,T_SOFT_ACC,caténaire,,70.77498572705838,6.353406598130623,70.77498572705838,0.006873257295151529,-0.9999763788880988,0.944447581291434,0.3286620851159444,21.43966172548482,-476.459534901488,5.0,-75.0,-6.000459494565505,-2.0881238601310095,0.949406323785375,85.91369761416898,8.829000000000008,-0.05105317078013005,-0.003426245962032226,0.48645468696274935,-70.7733139432007,6.000459494565505,2.0881238601310095,-1.751618917531909,0.0,2.220446049250313e-16,6.486914181528254,-70.43680900060161
57.300000000000544,0.0,453.0,483.7973249960553,483.2245912938605,0.8975931018839178,T_SOFT_ACC,caténaire,,70.78713117857386,6.353186699320437,70.78713117857386,0.006865820538536908,-0.9999764299763932,0.9441536447447776,0.3295055312360513,21.428330028421936,-476.5408992531911,5.0,-75.0,-5.998384377907434,-2.093410158401396,0.9522689693382881,85.91640699492719,8.829000000000008,-0.04611540856914598,-0.006003163474218809,0.4860117391099587,-70.78546272422092,5.998384377907434,2.093410158401396,-1.751943957115542,0.0,-4.440892098500626e-16,6.4843961170173925,-70.44399652293507
57.400000000000546,0.0,453.0,483.8881083752249,483.30958546359193,0.907833791695526,T_SOFT_ACC,caténaire,,70.800840309854,6.3529634183602575,70.800840309854,0.0068580647333049164,-0.9999764831975368,0.9437696636507217,0.3306037234705681,21.41698293182925,-476.62226574894294,5.0,-75.0,-5.9957341485311995,-2.10031336118221,0.9548589536371211,85.92093505619512,8.829000000000008,-0.040875194894078426,-0.008378304987104457,0.4855567460173628,-70.7991753004782,5.9957341485311995,2.10031336118221,-1.7522727050939313,0.0,-4.440892098500626e-16,6.481290894548562,-70.45113464438991
57.50000000000055,0.0,453.0,483.9798134164775,483.39584450664364,0.9170504125259734,T_SOFT_ACC,caténaire,,70.81603796100006,6.35273738913656,70.81603796100006,0.0068500321495921215,-0.999976538254548,0.9433069628159951,0.3319216381962204,21.405622182151888,-476.7036351825884,5.0,-75.0,-5.992581412114022,-2.1086110012325867,0.9571581520460809,85.92713984911285,8.829000000000008,-0.035423260067941165,-0.010471152119748695,0.48509213673958657,-70.8143764931435,5.992581412114022,2.1086110012325867,-1.7526047906276019,0.0,0.0,6.477673548853609,-70.45837028253851
57.60000000000055,0.0,453.0,484.07234795360483,483.4832580115718,0.9253453712733761,T_SOFT_ACC,caténaire,,70.83260359359686,6.352508809901178,70.83260359359686,0.006841746975677542,-0.9999765949752627,0.9427718841993348,0.3334384116493418,21.394249596643206,-476.7850082538002,5.0,-75.0,-5.988966700103408,-2.1181704475618996,0.9591535597451841,85.9348226518609,8.829000000000008,-0.029813140358223578,-0.01234779570100386,0.48461875141585753,-70.83094575475754,5.988966700103408,2.1181704475618996,-1.7529398799610247,0.0,4.440892098500626e-16,6.4735854515192655,-70.46571518715666
57.70000000000055,0.0,453.0,484.1656290370194,483.5717357118568,0.9328108341460385,T_SOFT_ACC,caténaire,,70.85041271222357,6.352277838269926,70.85041271222357,0.006833230099041379,-0.9999766532106705,0.9421694626279098,0.3351368432318891,21.38286704537892,-476.86638559015176,5.0,-75.0,-5.9849221973459565,-2.1288823420496716,0.9608353018749997,85.9438313726355,8.829000000000008,-0.02408689547095655,-0.014050969414185488,0.4841371726746701,-70.84875858256407,5.9849221973459565,2.1288823420496716,-1.753277672714225,0.0,-4.440892098500626e-16,6.469059370020626,-70.47315391322861
57.80000000000055,0.0,453.0,484.25958201209255,483.6611742732507,0.9395297507314346,T_SOFT_ACC,caténaire,,70.869351114775,6.352044733832803,70.869351114775,0.0068245064093996515,-0.9999767127849869,0.9415054320670697,0.3369978062068068,21.371476437221002,-476.94776776136075,5.0,-75.0,-5.980484621636608,-2.1406251402291545,0.9621959964006699,85.95404400755596,8.829000000000008,-0.018288625235937772,-0.015581132673190723,0.4836483409127763,-70.86770076495775,5.980484621636608,2.1406251402291545,-1.7536178985452247,0.0,4.440892098500626e-16,6.4641329625493835,-70.48069352327383
57.90000000000055,0.0,453.0,484.3541396896584,483.75145884031303,0.9455767756582911,T_SOFT_ACC,caténaire,,70.88931042599637,6.351809815571833,70.88931042599637,0.0068156038975904,-0.9999767735020204,0.9407862160721386,0.3390004360597008,21.360079705147548,-477.02915527942935,5.0,-75.0,-5.975695121601694,-2.1532662972471392,0.9632308824915116,85.96533884761286,8.829000000000008,-0.012464239110182795,-0.016927449634295044,0.48315346043691665,-70.88766391557098,5.975695121601694,2.1532662972471392,-1.753960314146245,0.0,2.220446049250313e-16,6.458848582038611,-70.48835793247008
58.000000000000554,0.0,453.0,484.44924159946765,483.8425183432379,0.951019098092462,T_SOFT_ACC,caténaire,,70.91018251951589,6.351573197885795,70.91018251951589,0.0068065405471949125,-0.9999768352345866,0.9400156752745046,0.34113125074993805,21.348678790967053,-477.11054859502855,5.0,-75.0,-5.97057836866606,-2.166720109224565,0.9639379402238668,85.97758653486792,8.829000000000008,-0.006640428442192814,-0.018133574356653526,0.4826530325280768,-70.9085399017724,5.97057836866606,2.166720109224565,-1.7543047005402828,0.0,2.220446049250313e-16,6.453231401194137,-70.49612449308812
58.100000000000556,0.0,453.0,484.54483331829596,483.9342806743053,0.9559171882832158,T_SOFT_ACC,caténaire,,70.93187178198694,6.351335038143697,70.93187178198694,0.0067973348254513335,-0.9999768978527808,0.9391977375101593,0.3433767753587854,21.337275636354438,-477.1919481120687,5.0,-75.0,-5.965159497993562,-2.180900944621051,0.9643168308440905,85.99068847657563,8.829000000000008,-0.0008426671494712323,-0.019212468045424203,0.4821476822981486,-70.9302331034425,5.965159497993562,2.180900944621051,-1.7546508606480362,0.0,4.440892098500626e-16,6.447307180291711,-70.5039830194695
58.20000000000056,0.0,453.0,484.64086586524144,484.02667711508633,0.9603254694548943,T_SOFT_ACC,caténaire,,70.95429272951503,6.351095495904254,70.95429272951503,0.006788004469751581,-0.999976961232267,0.9383361614680477,0.3457242370465368,21.325872174371124,-477.2733541920131,5.0,-75.0,-5.959462568743804,-2.1957276447311944,0.964368817639324,86.00455517807953,8.829000000000008,0.004906248895519383,-0.020172466651672494,0.48163805619601013,-70.95265803004517,5.959462568743804,2.1957276447311944,-1.7549986170981344,0.0,-4.440892098500626e-16,6.441100624939814,-70.51192900241212
58.30000000000056,0.0,453.0,484.7372951574924,484.1196492687234,0.9642929225094048,T_SOFT_ACC,caténaire,,70.97736751303833,6.35085469584672,70.97736751303833,0.0067785648128426915,-0.9999770252656199,0.9374341277315025,0.3481626863468816,21.31447032186524,-477.3547671566551,5.0,-75.0,-5.953507932150586,-2.2111306315047017,0.9640966160369134,86.01910299558898,8.829000000000008,0.010588683886327388,-0.021027635915729093,0.4811246859320856,-70.97573682687272,5.953507932150586,2.2111306315047017,-1.7553478102563425,0.0,4.440892098500626e-16,6.434632618082672,-70.51995400562436
58.40000000000056,0.0,453.0,484.8340815205182,484.21312788315413,0.9678636302584643,T_SOFT_ACC,caténaire,,71.00102630221122,6.350612826650472,71.00102630221122,0.0067690335762302205,-0.999977089829784,0.9364955243492827,0.3506795301607469,21.303071973580156,-477.43618729280905,5.0,-75.0,-5.947320489033315,-2.2270299222826004,0.9635041003458157,86.03425817869278,8.829000000000008,0.0161836113125009,-0.0217717435898237,0.4806083309864727,-70.99939965661312,5.947320489033315,2.2270299222826004,-1.755698296451849,0.0,0.0,6.427928820019788,-70.52806803078238
58.50000000000056,0.0,453.0,484.9311892472415,484.30708684827295,0.9710772672326179,T_SOFT_ACC,caténaire,,71.0252016418298,6.35036987986543,71.0252016418298,0.006759418517292343,-0.999977154869704,0.9355216699809555,0.35326930944542023,21.291678995164563,-477.5176148502267,5.0,-75.0,-5.940908635008467,-2.2433907821830568,0.9625964824332388,86.04994255474465,8.829000000000008,0.021687847424771256,-0.022448227438417234,0.48008906317220684,-71.02357906184399,5.940908635008467,2.2433907821830568,-1.7560499463809256,0.0,4.440892098500626e-16,6.420997698180674,-70.53623822604186
58.60000000000056,0.0,453.0,485.02858620129246,484.4014980799949,0.9739695405093561,T_SOFT_ACC,caténaire,,71.04983942227639,6.350125896750847,71.04983942227639,0.006749727940451746,-0.9999772203269083,0.9345139991735809,0.3559263763035836,21.280293222046836,-477.5990500560935,5.0,-75.0,-5.934281547028356,-2.260177299502073,0.9613793114855997,86.06610856877475,8.829000000000008,0.027097764457243656,-0.0230687307273314,0.47956708631314887,-71.04822093016114,5.934281547028356,2.260177299502073,-1.7564026436702136,0.0,4.440892098500626e-16,6.413848633341505,-70.54444627432927
58.700000000000564,0.0,453.0,485.1262434599383,484.4962518941585,0.9765725864584205,T_SOFT_ACC,caténaire,,71.07489593538764,6.349881302381676,71.07489593538764,0.006739988356260376,-0.9999772860205163,0.9334790253897531,0.35863199683993163,21.26891645823891,-477.6804931188993,5.0,-75.0,-5.927481009487863,-2.277270611169686,0.9598584771619494,86.08271683483568,8.829000000000008,0.032377467674086446,-0.0235537763340119,0.47904397102693064,-71.07328154165955,5.927481009487863,2.277270611169686,-1.7567562835836925,0.0,-4.440892098500626e-16,6.406524980514794,-70.55276721407357
58.800000000000566,0.0,453.0,485.22413499271954,484.5913420939172,0.9789153278125784,T_SOFT_ACC,caténaire,,71.1003106237337,6.349635984345495,71.1003106237337,0.006730202455585331,-0.9999773519309858,0.9324170140064049,0.3613841612347995,21.25755046449291,-477.7619442019135,5.0,-75.0,-5.920508624551045,-2.294657874348997,0.9580419953938537,86.09967187808735,8.829000000000008,0.03753337084280872,-0.02398599626165776,0.4785194851527324,-71.09870033899176,5.920508624551045,2.294657874348997,-1.7571107718589436,0.0,-2.220446049250313e-16,6.399028109703778,-70.56115323650171
58.90000000000057,0.0,453.0,485.3222373722227,484.68677534460636,0.9810237950313205,T_SOFT_ACC,caténaire,,71.1260373626094,6.349389839576985,71.1260373626094,0.006720370311731682,-0.9999774180564646,0.9313273824510985,0.36418306755914,21.24619696026856,-477.84340345078533,5.0,-75.0,-5.913360619454834,-2.312340268905982,0.9559376634058467,86.11693654497032,8.829000000000008,0.04257704395101314,-0.024403723935677135,0.47799330988279853,-71.12443119844977,5.913360619454834,2.312340268905982,-1.7574660236597897,0.0,0.0,6.391353929337632,-70.56955695320357
59.00000000000057,0.0,453.0,485.4205295137755,484.7824671341032,0.9829214155281885,T_SOFT_ACC,caténaire,,71.1520482247849,6.349143220002961,71.1520482247849,0.0067105123139162256,-0.999977484258763,0.9302152424724777,0.36701444477277667,21.23485762758941,-477.9248710063116,5.0,-75.0,-5.906069799887542,-2.3302272736722265,0.9535527329520818,86.13450066726678,8.829000000000008,0.04748293306453899,-0.024726606405451435,0.4774666957727802,-71.1504461836786,5.906069799887542,2.3302272736722265,-1.75782196263367,0.0,-4.440892098500626e-16,6.383536495660323,-70.57804087264005
59.10000000000057,0.0,453.0,485.518992441173,484.8783894219614,0.9846292739753696,T_SOFT_ACC,caténaire,,71.17830218918162,6.348896155042716,71.17830218918162,0.006700635770346201,-0.9999775504881463,0.9290823021289835,0.36987305372344736,21.223534102667823,-478.0063469776079,5.0,-75.0,-5.898647055704938,-2.348285608638703,0.9508959586747645,86.15229733700731,8.829000000000008,0.05224890296982654,-0.024988271631400494,0.47693987772134167,-71.1767042710429,5.898647055704938,2.348285608638703,-1.7581785200632825,0.0,-6.661338147750939e-16,6.37558693342628,-70.58659718246747
59.20000000000057,0.0,453.0,485.6176090758308,484.9745366695888,0.9861663465778326,T_SOFT_ACC,caténaire,,71.20476103293495,6.34864859531562,71.20476103293495,0.006690742998030412,-0.9999776167285617,0.9279288634239314,0.3727573264535133,21.21222797509182,-478.08783145335605,5.0,-75.0,-5.891094275329162,-2.366505276982703,0.947976309992052,86.17028340800456,8.829000000000008,0.05688203466289021,-0.02522186897815004,0.47641275630753827,-71.20316723744105,5.891094275329162,2.366505276982703,-1.7585356341030538,0.0,2.220446049250313e-16,6.3675070316367,-70.5951975945614
59.30000000000057,0.0,453.0,485.7163640470228,485.0709185680387,0.9875497119200494,T_SOFT_ACC,caténaire,,71.23139703489747,6.348400456756923,71.23139703489747,0.006680833104679303,-0.9999776829854892,0.9267542351352682,0.3756681882444189,21.200940790158775,-478.1693245128589,5.0,-75.0,-5.8834070096341495,-2.3848920978399146,0.9448024321739602,86.18843910034022,8.829000000000008,0.06139542253981034,-0.025452997499698427,0.47588507540329816,-71.22980736277621,5.8834070096341495,2.3848920978399146,-1.7588932490919675,0.0,4.440892098500626e-16,6.359292085037447,-70.60380851402827
59.400000000000574,0.0,453.0,485.8152435210956,485.1674675373055,0.9887947407280444,T_SOFT_ACC,caténaire,,71.25819516001685,6.348152033810235,71.25819516001685,0.0066709220771597666,-0.9999777491517701,0.9255626497532365,0.3785944814465309,21.18967405322658,-478.2508262345703,5.0,-75.0,-5.8756124174497995,-2.4033753273841265,0.9413823019124771,86.20676267084745,8.829000000000008,0.06576988446267773,-0.02561265653667988,0.47535786727151563,-71.25660960473121,5.8756124174497995,2.4033753273841265,-1.7592513149351099,0.0,4.440892098500626e-16,6.350970284721315,-70.6124855922822
59.500000000000576,0.0,453.0,485.91423504776117,485.2641943361419,0.98991526665524,T_SOFT_ACC,caténaire,,71.28512747304741,6.3479032070787245,71.28512747304741,0.006661008442522332,-0.9999778152371825,0.9243534262485521,0.3815373420552207,21.17842922343833,-478.3323366730572,5.0,-75.0,-5.867706078957391,-2.4219621172526278,0.9377249967051525,86.22520363549718,8.829000000000008,0.07001891774776148,-0.02575848175546014,0.4748308359242494,-71.283546029402,5.867706078957391,2.4219621172526278,-1.7596097865470575,0.0,4.440892098500626e-16,6.342536914881641,-70.62119369869643
59.60000000000058,0.0,453.0,486.01332742176015,485.36109367570845,0.990923739989716,T_SOFT_ACC,caténaire,,71.31217565825374,6.347653977206683,71.31217565825374,0.006651094385042405,-0.9999778812271204,0.9231268731290708,0.3844954825572653,21.167207718090758,-478.4138558782566,5.0,-75.0,-5.859689967684115,-2.440644279072628,0.9338389036813712,86.24375223439003,8.829000000000008,0.0741489359972558,-0.025892044682606752,0.4743040111057691,-71.3105983204368,5.859689967684115,2.440644279072628,-1.7599686233509302,0.0,0.0,6.333993978789884,-70.6299226647151
59.70000000000058,0.0,453.0,486.11251055835925,485.4581092410542,0.9918313659907444,T_SOFT_ACC,caténaire,,71.33932687222797,6.3474045811795685,71.33932687222797,0.0066411929515079356,-0.9999779470349238,0.921886626069104,0.3874597381340727,21.156010914807514,-478.4953838959809,5.0,-75.0,-5.851587393639207,-2.459363716854849,0.9297320823113611,86.26239977394793,8.829000000000008,0.07814468867215396,-0.025963942906926718,0.4737782347891611,-71.3377536285439,5.851587393639207,2.459363716854849,-1.7603277888275357,0.0,-4.440892098500626e-16,6.325365628428368,-70.63871770051658
59.80000000000058,0.0,453.0,486.2117753812984,485.555282263796,0.99264822939167,T_SOFT_ACC,caténaire,,71.36655704766193,6.34715477032641,71.36655704766193,0.006631296000326941,-0.9999780127149577,0.9206300510211894,0.39043605002192383,21.14484014653002,-478.57692075142955,5.0,-75.0,-5.843381420044989,-2.478158037404055,0.9254134499527179,86.28110266034142,8.829000000000008,0.08203202990772862,-0.026055377062647267,0.473252764307265,-71.36498789082964,5.843381420044989,2.478158037404055,-1.7606872501095998,0.0,2.220446049250313e-16,6.316634184352254,-70.64751710353518
59.90000000000058,0.0,453.0,486.3111137219437,485.652564461859,0.993383406452503,T_SOFT_ACC,caténaire,,71.39385935794614,6.346904772403232,71.39385935794614,0.0066214147694596,-0.9999780781929425,0.9193602863440632,0.39341665431621237,21.133696709981663,-478.6584664763049,5.0,-75.0,-5.835092188955137,-2.496978040822481,0.9208905368431338,86.29987467540906,8.829000000000008,0.08579834788799623,-0.02610336541343372,0.47272835480142605,-71.3922942755362,5.835092188955137,2.496978040822481,-1.7610469776165778,0.0,-4.440892098500626e-16,6.307820543756563,-70.65636321233029
60.00000000000058,0.0,453.0,486.41051822852444,485.7499236135451,0.9940450658072527,T_SOFT_ACC,caténaire,,71.42121814457039,6.3466546892599744,71.42121814457039,0.0066115566447366506,-0.9999781434205118,0.9180795194881207,0.3963962612039389,21.122581861611746,-478.74002108776483,5.0,-75.0,-5.826733687472825,-2.5157901899751005,0.9161715593868607,86.31868505261306,8.829000000000008,0.0894378719140354,-0.026105137362051778,0.4722054293989202,-71.41965712103887,5.826733687472825,2.5157901899751005,-1.7614069447259775,0.0,4.440892098500626e-16,6.298939116871745,-70.66527387578974
60.100000000000584,0.0,453.0,486.5099822844471,485.84735727862875,0.9946405592265275,T_SOFT_ACC,caténaire,,71.4486125580878,6.346404478515777,71.4486125580878,0.006601722542940845,-0.9999782083922959,0.9167880174642309,0.39937417422012306,21.111496815633704,-478.82158458751957,5.0,-75.0,-5.818307579884595,-2.5345900478741292,0.911265059990642,86.33750110029956,8.829000000000008,0.09295748010604665,-0.02608894757457847,0.4716839161865746,-71.44705557795193,5.818307579884595,2.5345900478741292,-1.7617671274775573,0.0,4.440892098500626e-16,6.28999149607117,-70.67423265755535
60.200000000000585,0.0,453.0,486.6094999347775,485.9449093759171,0.9951765033038747,T_SOFT_ACC,caténaire,,71.47602676901138,6.346153914983189,71.47602676901138,0.006591903806024056,-0.9999782731660785,0.9154829395720149,0.402356791110306,21.100442746272293,-478.9031569712668,5.0,-75.0,-5.809795641065261,-2.5534181251247414,0.9061792050979964,86.35631008931075,8.829000000000008,0.09638356403273551,-0.026108035813990682,0.47116309289812347,-71.4744738212484,5.809795641065261,2.5534181251247414,-1.7621275043070983,0.0,0.0,6.280958733963384,-70.68318320043076
60.30000000000059,0.0,453.0,486.70906582007484,486.0425339143043,0.9956588529734873,T_SOFT_ACC,caténaire,,71.50346252594494,6.345903236362634,71.50346252594494,0.006582110852381128,-0.9999783376737353,0.9141673533334344,0.40533695871378894,21.089420796500495,-478.98473824645015,5.0,-75.0,-5.801217566095705,-2.5722291181192207,0.9009207221414882,86.37513688888183,8.829000000000008,0.09970315604578328,-0.026092229237406173,0.4706437166748495,-71.50191359461066,5.801217566095705,2.5722291181192207,-1.7624880558068052,0.0,4.440892098500626e-16,6.271861282770554,-70.69217253229823
60.40000000000059,0.0,453.0,486.80867511684244,486.1401690366113,0.9960929676761386,T_SOFT_ACC,caténaire,,71.53091106129231,6.3456526891903895,71.53091106129231,0.006572356872125867,-0.9999784018293323,0.91284550493781,0.40830513603778545,21.078432073860334,-479.06632840881514,5.0,-75.0,-5.792600533223973,-2.590962584508421,0.8954970193457343,86.39395673060221,8.829000000000008,0.10289648612176183,-0.026005853906212906,0.4701266748831087,-71.5293661244672,5.792600533223973,2.590962584508421,-1.7628487645096613,0.0,0.0,6.262727208107082,-70.70125230446844
60.50000000000059,0.0,453.0,486.9083234839333,486.23793143295836,0.9964836709085247,T_SOFT_ACC,caténaire,,71.55834782948156,6.345401672335911,71.55834782948156,0.006562617913201515,-0.9999784657912016,0.9115097095909176,0.41127855441474326,21.067477643878618,-479.1479274305286,5.0,-75.0,-5.78389523558863,-2.609727626979208,0.8899165606395069,86.41271967219147,8.829000000000008,0.10602132505087702,-0.02600795478774387,0.4696100953048605,-71.55680687707813,5.78389523558863,2.609727626979208,-1.7632096146953518,0.0,0.0,6.25350533089349,-70.71028886479428
60.60000000000059,0.0,453.0,487.00800701431507,486.33568801365857,0.9968353038176723,T_SOFT_ACC,caténaire,,71.5857854500507,6.345150863440999,71.5857854500507,0.006552922209532763,-0.9999785293747641,0.9101689274478194,0.4142372792355683,21.056558549055886,-479.22953531327965,5.0,-75.0,-5.775159155872699,-2.6283980300110166,0.8841847010417924,86.43148822877652,8.829000000000008,0.10902554516909291,-0.025909801234504926,0.4690960833624845,-71.58424845847908,5.775159155872699,2.6283980300110166,-1.7635705922155926,0.0,-4.440892098500626e-16,6.2442552392351836,-70.71942102068365
60.70000000000059,0.0,453.0,487.10772219165864,486.4335597695621,0.997151773435905,T_SOFT_ACC,caténaire,,71.6132017299969,6.3448996247188765,71.6132017299969,0.006543245017756198,-0.9999785927431835,0.9088151441883111,0.4171990336685586,21.045675791888517,-479.31115202522477,5.0,-75.0,-5.766340867299247,-2.647085992156715,0.8783095368300653,86.45019136480312,8.829000000000008,0.11196866953081841,-0.025894627353608257,0.46858272542537177,-71.61166868779601,5.766340867299247,2.647085992156715,-1.763931684336929,0.0,4.440892098500626e-16,6.234923592724619,-70.72851437997622
60.800000000000594,0.0,453.0,487.2074658512679,486.53143626032124,0.9974365960923145,T_SOFT_ACC,caténaire,,71.64060894401199,6.344648528092303,71.64060894401199,0.006533609646651795,-0.999978655744704,0.9074558574739947,0.42014743452285547,21.03483035429968,-479.39277756221634,5.0,-75.0,-5.757488470431118,-2.665687802027192,0.8722959983148548,86.46888773673689,8.829000000000008,0.1148075278837366,-0.02580006529031209,0.4680717736886056,-71.63907982856513,5.757488470431118,2.665687802027192,-1.7642928795992516,0.0,-6.661338147750939e-16,6.225560244119724,-70.73768490613719
60.900000000000595,0.0,453.0,487.3072351449162,486.6293857684903,0.9976929364830831,T_SOFT_ACC,caténaire,,71.66799074477134,6.344397192893083,71.66799074477134,0.006524002289275814,-0.999978718470613,0.9060865742586748,0.4230923302875852,21.024023183623886,-479.4744118935379,5.0,-75.0,-5.748573118244846,-2.6842657926111486,0.866151260324602,86.4875210449818,8.829000000000008,0.11757814207975592,-0.02574474762934642,0.46756213568668614,-71.6664655403202,5.748573118244846,2.6842657926111486,-1.764654167688462,0.0,0.0,6.216135253931532,-70.74685391539752
61.0000000000006,0.0,453.0,487.4070275091997,486.72738637318224,0.9979236428347747,T_SOFT_ACC,caténaire,,71.69534987405181,6.344145750712656,71.69534987405181,0.006514427948555757,-0.9999787808891263,0.9047088350687791,0.4260304258483103,21.01325520431921,-479.55605500156315,5.0,-75.0,-5.739604711633792,-2.702799115819861,0.859880589516472,86.50611900840943,8.829000000000008,0.1202758778826798,-0.02568010741043736,0.4670541910010066,-71.69382856247371,5.739604711633792,2.702799115819861,-1.7650155393218712,0.0,0.0,6.206658902634798,-70.75604498597572
61.1000000000006,0.0,453.0,487.50684063705484,486.8254255585174,0.9981312785512972,T_SOFT_ACC,caténaire,,71.72268501223267,6.343894252061208,71.72268501223267,0.0065048894856721004,-0.9999788429825799,0.9033235884713156,0.4289597819275197,21.002527316578423,-479.6377068654997,5.0,-75.0,-5.730589320654483,-2.7212754949354214,0.8534894590103587,86.52467490459446,8.829000000000008,0.12290013835587565,-0.025600590340971507,0.4665481396202443,-71.72116757413646,5.730589320654483,2.7212754949354214,-1.7653769861450592,0.0,0.0,6.197137460274727,-70.76526906534609
61.2000000000006,0.0,453.0,487.6066724521244,486.9234402277513,0.9983181506961675,T_SOFT_ACC,caténaire,,71.74999157412742,6.34364296414716,71.74999157412742,0.006495399660196042,-0.9999789046691206,0.9019353153024784,0.4318711463043332,20.99184039610554,-479.7193674595509,5.0,-75.0,-5.721555617034418,-2.7396363586716523,0.8469833563404354,86.54317811264445,8.829000000000008,0.12542773930601747,-0.02545824602719904,0.4660448708896561,-71.74847798431458,5.721555617034418,2.7396363586716523,-1.765738500639048,0.0,4.440892098500626e-16,6.187600487924074,-70.77458012628198
61.3000000000006,0.0,453.0,487.7065210856871,487.0215059310329,0.9984863356265508,T_SOFT_ACC,caténaire,,71.77724947688418,6.343391475928203,71.77724947688418,0.006485943299660938,-0.9999789660485432,0.9005389795139068,0.43477528261856313,20.98119528645745,-479.80103673691576,5.0,-75.0,-5.712471286389599,-2.7579498217068688,0.8403689534579227,86.56158408988522,8.829000000000008,0.12789766706832406,-0.02536573182166535,0.4655431703126885,-71.77573971770298,5.712471286389599,2.7579498217068688,-1.7661000760367573,0.0,-4.440892098500626e-16,6.178014456702288,-70.78388997203287
61.4000000000006,0.0,453.0,487.8063848558935,487.1195931522678,0.9986377020638957,T_SOFT_ACC,caténaire,,71.80446260129376,6.343139961609382,71.80446260129376,0.006476526696301797,-0.9999790270810445,0.899136688936854,0.43766792732352594,20.970592811827938,-479.8827146674193,5.0,-75.0,-5.703349862544503,-2.776188919720608,0.8336508646860671,86.57992805212359,8.829000000000008,0.13030100214156448,-0.025260867597026504,0.4650435189508831,-71.80295665211898,5.703349862544503,2.776188919720608,-1.7664617062478163,0.0,4.440892098500626e-16,6.1683933814953855,-70.79322943864618
61.500000000000604,0.0,453.0,487.90626224907925,487.21775281989966,0.9987739318575061,T_SOFT_ACC,caténaire,,71.83162909338854,6.342888183821732,71.83162909338854,0.006467140082008506,-0.9999790878309205,0.8977249912691454,0.4405562847705305,20.960033774252395,-479.9644012167083,5.0,-75.0,-5.69416923944253,-2.7943992529794,0.8268341238531703,86.59820112037491,8.829000000000008,0.13266488441063995,-0.02519813260450121,0.46454520766582136,-71.83012693821568,5.69416923944253,2.7943992529794,-1.7668233857908884,0.0,-2.220446049250313e-16,6.158714447108352,-70.80255107102717
61.600000000000605,0.0,453.0,488.00615190294644,487.31591332185036,0.9988965386717554,T_SOFT_ACC,caténaire,,71.85875995470906,6.342636511570203,71.85875995470906,0.006457798009881952,-0.9999791482050332,0.8963089319006512,0.4434301507510669,20.94951896252568,-480.0460963644578,5.0,-75.0,-5.684961757119561,-2.8125162644847963,0.8199223460474766,86.6164330178829,8.829000000000008,0.13496058892791574,-0.02508324660190908,0.46404935702810507,-71.85726157057991,5.684961757119561,2.8125162644847963,-1.7671851097327735,0.0,-4.440892098500626e-16,6.149011114147666,-70.81193041582789
61.70000000000061,0.0,453.0,488.1060525914269,487.41407759943183,0.9990068848045799,T_SOFT_ACC,caténaire,,71.88584609578506,6.342384881782316,71.88584609578506,0.006448499830648453,-0.9999792082088178,0.8948884695764342,0.4462898464217479,20.939049142814497,-480.12780007287284,5.0,-75.0,-5.67572710032289,-2.8305419748382454,0.8129205974031337,86.63458668268083,8.829000000000008,0.13719349708024353,-0.024955292157414988,0.46355586637469065,-71.88435146028408,5.67572710032289,2.8305419748382454,-1.7675468736335895,0.0,-4.440892098500626e-16,6.13928296669758,-70.82135635907943
61.80000000000061,0.0,453.0,488.20596321105927,487.5122785193563,0.9991061963241219,T_SOFT_ACC,caténaire,,71.91287921283828,6.34213312557782,71.91287921283828,0.006439239227529406,-0.999979267884175,0.8934614236781173,0.44913993854819,20.928625060320805,-480.209512299778,5.0,-75.0,-5.666451291534907,-2.848505282286462,0.8058336531145804,86.65265279882132,8.829000000000008,0.1393823615796741,-0.02485248346515334,0.46306423279189224,-71.91138830669713,5.666451291534907,2.848505282286462,-1.7679086734974438,0.0,4.440892098500626e-16,6.129515524326799,-70.83079169790811
61.90000000000061,0.0,453.0,488.30588276872845,487.6104962470763,0.9991955766917097,T_SOFT_ACC,caténaire,,71.93986217556852,6.341881355168212,71.93986217556852,0.006430020335004237,-0.9999793272055635,0.892029272427257,0.4519776290181831,20.91824744549755,-480.29123301136264,5.0,-75.0,-5.6571438110706875,-2.8663884984235506,0.7986652999376018,86.67064908124873,8.829000000000008,0.14152148886691407,-0.024739417174828304,0.46257477668630775,-71.93837497758598,5.6571438110706875,2.8663884984235506,-1.7682705057280326,0.0,4.440892098500626e-16,6.119718587756996,-70.84025698489046
62.00000000000061,0.0,453.0,488.4058103706307,487.70872177355596,0.9992760190225387,T_SOFT_ACC,caténaire,,71.96679352221531,6.341629602102701,71.96679352221531,0.006420844992704518,-0.9999793861623246,0.8905927717576021,0.4548016214715067,20.907917012235917,-480.37296217034276,5.0,-75.0,-5.647809484796704,-2.8841834258080143,0.7914195857824684,86.68856813937005,8.829000000000008,0.14361010098576443,-0.024615286437978057,0.46208762582811613,-71.96531001041562,5.647809484796704,2.8841834258080143,-1.7686323670886823,0.0,0.0,6.10989711062482,-70.84975895169629
62.10000000000061,0.0,453.0,488.50574521234273,487.8070020889544,0.9993484171202849,T_SOFT_ACC,caténaire,,71.99366920274494,6.341377642437083,71.99366920274494,0.006411704327073031,-0.9999794448125533,0.889148698824944,0.45761839055910875,20.897634457582182,-480.4546997357059,5.0,-75.0,-5.638427679530523,-2.9019310306595734,0.7841005784153829,86.7064020384046,8.829000000000008,0.14567289888486012,-0.024528992254971627,0.46160212034910414,-71.9921893593795,5.638427679530523,2.9019310306595734,-1.7689942546663868,0.0,0.0,6.100029799879627,-70.85925258338631
62.200000000000614,0.0,453.0,488.6056865698836,487.9052771000585,0.9994135754082564,T_SOFT_ACC,caténaire,,72.02049792913348,6.341125787384075,72.02049792913348,0.006402610173062142,-0.999979503081424,0.8877013863354214,0.46041964412714953,20.887400469890384,-480.5364456790382,5.0,-75.0,-5.629026152388134,-2.919578878392867,0.7767110822266614,86.72417748319485,8.829000000000008,0.14768492983852788,-0.02440139519802642,0.46111917271007097,-72.01902173085163,5.629026152388134,2.919578878392867,-1.7693561658394406,0.0,-4.440892098500626e-16,6.090145325098205,-70.8687990182982
62.300000000000615,0.0,453.0,488.7056337916703,488.00354004898503,0.9994722178674307,T_SOFT_ACC,caténaire,,72.04727251300064,6.340874025777204,72.04727251300064,0.006393563681915371,-0.9999795609628455,0.8862514791619537,0.4632043994644794,20.87721572066887,-480.6181999580782,5.0,-75.0,-5.619608984524659,-2.9371207451900454,0.7692551294849408,86.74186507046679,8.829000000000008,0.1496461449602826,-0.024255674723264065,0.46063882492018043,-72.04579993612086,5.619608984524659,2.9371207451900454,-1.7697180982483085,0.0,4.440892098500626e-16,6.080247809444839,-70.87839728917912
62.40000000000062,0.0,453.0,488.8055862912784,488.1018102230273,0.9995249960806876,T_SOFT_ACC,caténaire,,72.07398425295384,6.340622243622377,72.07398425295384,0.00638456112172073,-0.9999796184819384,0.884797748339403,0.4659752617183906,20.867080864468488,-480.699962524494,5.0,-75.0,-5.610168284227813,-2.9545731094293863,0.7617367404614719,86.75945188984056,8.829000000000008,0.151568456233659,-0.024121219588835174,0.4601607577489212,-72.072515275742,5.610168284227813,2.9545731094293863,-1.7700800497694096,0.0,0.0,6.070329041976734,-70.88802221608202
62.50000000000062,0.0,453.0,488.9055435409257,488.2000879642187,0.9995724964726188,T_SOFT_ACC,caténaire,,72.10063191180579,6.340370445733225,72.10063191180579,0.006375602524019779,-0.9999796756396879,0.883340279233537,0.4687322808209573,20.856996542820458,-480.7817333336902,5.0,-75.0,-5.600704599978052,-2.971936300278324,0.7541593156364452,86.77694584061061,8.829000000000008,0.15345471565839386,-0.02399045966772917,0.45968497080033005,-72.09916651258409,5.600704599978052,2.971936300278324,-1.7704420184915204,0.0,4.440892098500626e-16,6.060389570778382,-70.89767223079728
62.60000000000062,0.0,453.0,489.00550506560825,488.29841905284627,0.999615246825357,T_SOFT_ACC,caténaire,,72.12721563399744,6.340118430895463,72.12721563399744,0.006366679485297851,-0.9999797324907799,0.8818758739441132,0.4714816464670778,20.846963385221727,-480.8635123422662,5.0,-75.0,-5.591197482155116,-2.9892494765948587,0.7465260883895201,86.79434943028534,8.829000000000008,0.15532860623440392,-0.023900046309535128,0.4592108641086259,-72.12575379498955,5.591197482155116,2.9892494765948587,-1.7708040026945397,0.0,0.0,6.050408346263742,-70.90730832108923
62.70000000000062,0.0,453.0,489.10547043782253,488.3967279296953,0.9996537221428212,T_SOFT_ACC,caténaire,,72.15374700213157,6.339866586903067,72.15374700213157,0.006357806444995285,-0.9999797889443606,0.8804100303524679,0.4742132204554892,20.836982016963475,-480.94529952025385,5.0,-75.0,-5.581682134205926,-3.0064485514334542,0.7388391144675284,86.81169114681337,8.829000000000008,0.15715698026160219,-0.0237574046200848,0.4587395577207113,-72.15228869873631,5.581682134205926,3.0064485514334542,-1.7711660008303771,0.0,4.440892098500626e-16,6.040421691926637,-70.91700614813324
62.80000000000062,0.0,453.0,489.2054392728154,488.4950771529337,0.999688349928539,T_SOFT_ACC,caténaire,,72.18021688912903,6.339614579793765,72.18021688912903,0.006348971639043899,-0.9999798450764529,0.8789383875937828,0.476935331899453,20.827053048262634,-481.0270948201865,5.0,-75.0,-5.572130616729969,-3.0235861837285505,0.7311020547322217,86.82893381993382,8.829000000000008,0.15897143800225244,-0.023652363794738562,0.45827014992911763,-72.17876210237601,5.572130616729969,3.0235861837285505,-1.7715280115057506,0.0,-4.440892098500626e-16,6.030400766659087,-70.92670393015321
62.900000000000624,0.0,453.0,489.30541122430895,488.5934202454524,0.9997195149356851,T_SOFT_ACC,caténaire,,72.20663144233858,6.339362656006596,72.20663144233858,0.006340183933922971,-0.9999799008318537,0.8774643759062395,0.4796418132476293,20.817177084576144,-481.10889820713925,5.0,-75.0,-5.5625648965961485,-3.0406233991613107,0.7233170291925715,86.84610404964658,8.829000000000008,0.16075213259642318,-0.02351934951472856,0.4578033245934123,-72.20518014911194,5.5625648965961485,3.0406233991613107,-1.771890033466706,0.0,4.440892098500626e-16,6.02036822118956,-70.93644678341734
63.000000000000625,0.0,453.0,489.4053859806532,488.69177632344133,0.9997475634421166,T_SOFT_ACC,caténaire,,72.2329857608363,6.3391107006508935,72.2329857608363,0.006331439738144761,-0.9999799562345448,0.875986746308761,0.48233517422160965,20.80735472016024,-481.1907096367913,5.0,-75.0,-5.552976957154227,-3.0575760642085186,0.7154870976026475,86.86318186183858,8.829000000000008,0.16251014044842016,-0.023394202369942718,0.4573387964510036,-72.23153793981159,5.552976957154227,3.0575760642085186,-1.772252065584686,0.0,-4.440892098500626e-16,6.010315753605231,-70.94621394118775
63.10000000000063,0.0,453.0,489.50536326136296,488.7901593203138,0.999772807097905,T_SOFT_ACC,caténaire,,72.25927952474065,6.338858656842512,72.25927952474065,0.006322736623003916,-0.999980011301024,0.8745045817706008,0.48501725377786975,20.797586541654262,-481.27252906742547,5.0,-75.0,-5.543360938605013,-3.074455817827831,0.7076147807837494,86.88017275778837,8.829000000000008,0.16425384217873606,-0.02328306003946068,0.4568763930029547,-72.25783515575401,5.543360938605013,3.074455817827831,-1.772614106843988,0.0,-4.440892098500626e-16,6.000237331607968,-70.95599344477017
63.20000000000063,0.0,453.0,489.60534281400174,488.8885761428382,0.9997955263881144,T_SOFT_ACC,caténaire,,72.28551639348531,6.338606511124014,72.28551639348531,0.006314073549967484,-0.9999800660389214,0.873017454809009,0.48768896194070244,20.787873130889363,-481.35435646196134,5.0,-75.0,-5.533714123377299,-3.091268429560648,0.6997021858676451,86.89708655996752,8.829000000000008,0.1659880624903458,-0.023181869593130955,0.45641606710584653,-72.28407545681497,5.533714123377299,3.091268429560648,-1.7729761563304791,0.0,-4.440892098500626e-16,5.990130190483145,-70.96578318358482
63.30000000000063,0.0,453.0,489.7053244113767,488.98700037559183,0.999815973749303,T_SOFT_ACC,caténaire,,72.31170102551361,6.338354397681939,72.31170102551361,0.006305455502702842,-0.9999801204178529,0.8715273749752942,0.49034685139059786,20.778215066508363,-481.43619178659605,5.0,-75.0,-5.524049369874852,-3.107992121901088,0.6917511874691883,86.91393020700909,8.829000000000008,0.16770181759433633,-0.02306191489201126,0.45595821314112756,-72.31026349911288,5.524049369874852,3.107992121901088,-1.7733382132214413,0.0,-4.440892098500626e-16,5.98000758301598,-70.97560959043322
63.40000000000063,0.0,453.0,489.8053078490141,489.0853819218697,0.9998343763743727,T_SOFT_ACC,caténaire,,72.33783068153353,6.338102520812046,72.33783068153353,0.006296891420104255,-0.9999801743826943,0.8700381462675608,0.4929844054727355,20.768612920350034,-481.51803500121514,5.0,-75.0,-5.5143909680610665,-3.1245857030477726,0.683764179633282,86.93069027026704,8.829000000000008,0.16937321157221508,-0.022895432780742908,0.4555034653675028,-72.33639653938572,5.5143909680610665,3.1245857030477726,-1.7737002767764267,0.0,-2.220446049250313e-16,5.9698944334285695,-70.98551111311437
63.50000000000063,0.0,453.0,489.9052929428878,489.18377187604915,0.9998509387369354,T_SOFT_ACC,caténaire,,72.36389076887376,6.337850589499676,72.36389076887376,0.006288371766852761,-0.9999802279947949,0.8685462091594796,0.4956081946000263,20.75906725017601,-481.59988605013945,5.0,-75.0,-5.504716103729116,-3.141090688306647,0.6757445782323765,86.94733365749758,8.829000000000008,0.17102847450326042,-0.022757030809074763,0.4550510476506029,-72.36245998964881,5.504716103729116,3.141090688306647,-1.774062346329033,0.0,-2.220446049250313e-16,5.959767151379719,-70.9954316476712
63.600000000000634,0.0,453.0,490.0052795273741,489.28215807892917,0.9998658448632419,T_SOFT_ACC,caténaire,,72.38988192077278,6.337598680640507,72.38988192077278,0.006279898817205441,-0.9999802812410081,0.8670525507048404,0.49821669413642705,20.749578608264326,-481.6817448870625,5.0,-75.0,-5.495031101392984,-3.157497463432095,0.6676945566336575,86.96388024913675,8.829000000000008,0.1726634552406736,-0.022617214295351573,0.45460113385190254,-72.38845448213773,5.495031101392984,3.157497463432095,-1.7744244212794986,0.0,-4.440892098500626e-16,5.949632235244886,-71.00538143998514
63.700000000000635,0.0,453.0,490.1052674534118,489.38059267339537,0.9998792603769178,T_SOFT_ACC,caténaire,,72.41580374239395,6.3373465596206024,72.41580374239395,0.006271463350235175,-0.999980334180351,0.8655534355613005,0.5008165833796138,20.74014754013364,-481.76361146516206,5.0,-75.0,-5.4853120870222005,-3.17384825168174,0.6596164617708713,86.98032892107028,8.829000000000008,0.17430437474867055,-0.022519330611459054,0.45415305914824683,-72.41437962625781,5.4853120870222005,3.17384825168174,-1.7747865010880377,0.0,-2.220446049250313e-16,5.9394651461704475,-71.01531787566412
63.80000000000064,0.0,453.0,490.20525658684574,489.4789837190368,0.999891334339226,T_SOFT_ACC,caténaire,,72.44166812331108,6.337094691691991,72.44166812331108,0.006263081973686003,-0.9999803867097549,0.8640556914240453,0.5033962277547528,20.730774593187274,-481.8454857515879,5.0,-75.0,-5.47560273544957,-3.1900695627224165,0.651511429151036,86.99670933749171,8.829000000000008,0.17590869370146578,-0.022360225230713127,0.4537081057668535,-72.44024730384834,5.47560273544957,3.1900695627224165,-1.7751485852688427,0.0,-2.220446049250313e-16,5.929310841216424,-71.02532632639476
63.90000000000064,0.0,453.0,490.3052468069363,489.57743448200307,0.9999022009053034,T_SOFT_ACC,caténaire,,72.46746332365835,6.336842545400139,72.46746332365835,0.006254736170003092,-0.9999804389464043,0.8625518638228407,0.5059686573452391,20.721460302745953,-481.9273676929843,5.0,-75.0,-5.465855348286764,-3.206243714504296,0.64338254364983,87.01297789784027,8.829000000000008,0.17752719536306572,-0.02226581666403149,0.45326486399885835,-72.46604578372434,5.465855348286764,3.206243714504296,-1.7755106733846868,0.0,0.0,5.919120212285622,-71.03531274260473
64.00000000000064,0.0,453.0,490.40523800501774,489.67588094157793,0.9999119808147731,T_SOFT_ACC,caténaire,,72.4932019076456,6.336590481107816,72.4932019076456,0.006246437652344478,-0.9999804908180235,0.861046707623789,0.5085258767164492,20.712205208675883,-482.00925725760356,5.0,-75.0,-5.456100371318126,-3.222320229798459,0.6352305784792243,87.0291804984253,8.829000000000008,0.17913020716109873,-0.02213973137315861,0.452824265934928,-72.49178762457753,5.456100371318126,3.222320229798459,-1.7758727650420663,0.0,0.0,5.908924637253054,-71.04534015982114
64.10000000000063,0.0,453.0,490.50523008329105,489.77433739235386,0.9999207827332958,T_SOFT_ACC,caténaire,,72.51888108396726,6.336338404391289,72.51888108396726,0.006238183823775375,-0.9999805423419902,0.8595392936117969,0.5110696652486165,20.7030098457621,-482.0911544030484,5.0,-75.0,-5.446331836195789,-3.238310347234209,0.6270576486455827,87.0452944826514,8.829000000000008,0.18072581244979347,-0.022015864582812128,0.45238611089629455,-72.51747003637988,5.446331836195789,3.238310347234209,-1.7762348598868276,0.0,2.220446049250313e-16,5.898717947092083,-71.0553945490325
64.20000000000063,0.0,453.0,490.60522295373704,489.8727852340382,0.9999287044599662,T_SOFT_ACC,caténaire,,72.54450016902459,6.336086398268626,72.54450016902459,0.006229977944791232,-0.9999805934990975,0.8580311063019266,0.5135977225594872,20.693874746270208,-482.17305908764376,5.0,-75.0,-5.436559221931018,-3.2541995440909104,0.6188655168618469,87.06132136079528,8.829000000000008,0.18230629493082873,-0.02187818329564095,0.45195063606892694,-72.5430923341166,5.436559221931018,3.2541995440909104,-1.7765969576002325,0.0,0.0,5.888509857999946,-71.06548974762592
64.30000000000062,0.0,453.0,490.7052165371384,489.97120078578286,0.9999358340139696,T_SOFT_ACC,caténaire,,72.57005501392624,6.335834548797064,72.57005501392624,0.006221823976603693,-0.9999806442658797,0.8565240386899567,0.5161071314623016,20.684800437427274,-482.2549712650676,5.0,-75.0,-5.426794596207021,-3.2699693943993986,0.6106562885250617,87.07725122822433,8.829000000000008,0.1838616923180414,-0.021718166175077158,0.45151810826909533,-72.56865036723629,5.426794596207021,3.2699693943993986,-1.7769590578954169,0.0,2.220446049250313e-16,5.878312704476116,-71.0756400307323
64.40000000000062,0.0,453.0,490.8052107621997,490.069698857181,0.9999422506125726,T_SOFT_ACC,caténaire,,72.59553675727172,6.335582308062848,72.59553675727172,0.006213701972680918,-0.9999806947675512,0.8550096852300826,0.5186120304840169,20.675787438104596,-482.33689088151584,5.0,-75.0,-5.416984234966096,-3.285709205083088,0.6024325067591388,87.09306814910269,8.829000000000008,0.18544827179304324,-0.02164105598041033,0.45108702995648936,-72.59413528355988,5.416984234966096,3.285709205083088,-1.7773211605142023,0.0,-6.661338147750939e-16,5.868071264922585,-71.08574723899099
64.50000000000061,0.0,453.0,490.9052055647548,490.1681734874134,0.9999480255513153,T_SOFT_ACC,caténaire,,72.62096466885288,6.3353302538414,72.62096466885288,0.006205630769952118,-0.9999807448879938,0.8534959267475759,0.5210995135531183,20.666836277378454,-482.4188179108642,5.0,-75.0,-5.407178566254321,-3.3013375134751075,0.5941942322081964,87.10883095302759,8.829000000000008,0.18701566595387575,-0.021506560447519973,0.45065889289263905,-72.61956634404419,5.407178566254321,3.3013375134751075,-1.7776832652242291,0.0,4.440892098500626e-16,5.8578374591469595,-71.09591209579331
64.6000000000006,0.0,453.0,491.0052008870544,490.2666322659823,0.9999532229961838,T_SOFT_ACC,caténaire,,72.64633207871935,6.3350782919406,72.64633207871935,0.0061976087679497536,-0.9999807946383567,0.8519823595740273,0.5235704909319019,20.657947478074995,-482.5007523077373,5.0,-75.0,-5.397374951253751,-3.3168600514033746,0.5859437446721487,87.12449868379984,8.829000000000008,0.18856879341839772,-0.021361367603546455,0.4502335446504605,-72.64493687963972,5.397374951253751,3.3168600514033746,-1.778045371816373,0.0,2.220446049250313e-16,5.847608495904212,-71.10612220005271
64.7000000000006,0.0,453.0,491.10519667712407,490.3651399599422,0.9999579006965654,T_SOFT_ACC,caténaire,,72.6716324151454,6.33482611100996,72.6716324151454,0.006189624855737467,-0.9999808440885981,0.8504642699960624,0.5260328178546133,20.649121558217065,-482.58269402318547,5.0,-75.0,-5.387543264052081,-3.3323264297935506,0.5776831236871637,87.14006371361594,8.829000000000008,0.1901398596350834,-0.02126271617761688,0.44981014230380056,-72.67024032379342,5.387543264052081,3.3323264297935506,-1.778407480102422,0.0,-4.440892098500626e-16,5.837353406355881,-71.11632137410228
64.8000000000006,0.0,453.0,491.20519288818673,490.4636171870085,0.9999621106269089,T_SOFT_ACC,caténaire,,72.69687578134081,6.334574123513689,72.69687578134081,0.0061816928339859635,-0.9999808931543173,0.84894763374506,0.5284769769428593,20.640359041689837,-482.66464302378716,5.0,-75.0,-5.377721712939634,-3.347676583014977,0.5694130567197778,87.155559043637,8.829000000000008,0.1916913437801444,-0.021117539377982553,0.4493897560706822,-72.69548677335364,5.377721712939634,3.347676583014977,-1.778769589912986,0.0,-4.440892098500626e-16,5.827111469010316,-71.12657978025165
64.90000000000059,0.0,453.0,491.3051894781431,490.5621501147211,0.999965899564218,T_SOFT_ACC,caténaire,,72.72205366214222,6.334321889099051,72.72205366214222,0.0061737979188794916,-0.9999809419280233,0.8474261534813419,0.5309132833107657,20.631660445949034,-482.74659926052016,5.0,-75.0,-5.367870033391876,-3.3629756316888293,0.561135851264063,87.17095146838781,8.829000000000008,0.1932658178721871,-0.021024163301021304,0.44897126355597633,-72.72066772000923,5.367870033391876,3.3629756316888293,-1.7791317010956136,0.0,4.440892098500626e-16,5.816841296947852,-71.13682378941601
65.00000000000058,0.0,453.0,491.4051864091039,490.66064046339824,0.9999693096077962,T_SOFT_ACC,caténaire,,72.74717682018513,6.334069910764002,72.74717682018513,0.00616595700419864,-0.9999809903064271,0.8459072265918365,0.5333300704064111,20.623026295959246,-482.8285627016659,5.0,-75.0,-5.358035511253179,-3.3781499514668956,0.5528520174784077,87.18627777276907,8.829000000000008,0.19481650622522917,-0.020872178697828758,0.4485559644500975,-72.74579391864549,5.358035511253179,3.3781499514668956,-1.779493813513098,0.0,6.661338147750939e-16,5.806591475703276,-71.1471377806917
65.10000000000058,0.0,453.0,491.5051836469686,490.75913402088327,0.9999723786470166,T_SOFT_ACC,caténaire,,72.77223383541727,6.333817911318968,72.77223383541727,0.006158162022785185,-0.9999810383404784,0.8443875954567758,0.5357327586014546,20.614457108881055,-482.9105332958647,5.0,-75.0,-5.348197276199681,-3.393233742110214,0.5445640526145922,87.20149615012006,8.829000000000008,0.1963667764149113,-0.020737591990155124,0.4481432067185097,-72.77085395309665,5.348197276199681,3.393233742110214,-1.7798559270419536,0.0,-2.220446049250313e-16,5.796340482918191,-71.15747613802839
65.20000000000057,0.0,453.0,491.6051811610468,490.85764088727035,0.999975140782315,T_SOFT_ACC,caténaire,,72.79722390121621,6.3335658581638095,72.79722390121621,0.00615041135536136,-0.9999810860412109,0.8428665936690568,0.5381225745838218,20.60595340163414,-482.9925109975787,5.0,-75.0,-5.338351080649167,-3.408234765891302,0.5362734819564204,87.21661895927163,8.829000000000008,0.19792240130725336,-0.02061580661968776,0.4477328725208236,-72.79584701752339,5.338351080649167,3.408234765891302,-1.7802180415710436,0.0,0.0,5.786083953169991,-71.16783029320312
65.30000000000057,0.0,453.0,491.7051789237172,490.95616540522354,0.9999776267040835,T_SOFT_ACC,caténaire,,72.82215012179404,6.3333137489646445,72.82215012179404,0.006142704414116297,-0.9999811334132663,0.8413439753096171,0.5405000603239656,20.59751569288943,-483.07449576551414,5.0,-75.0,-5.328495366436969,-3.423156463365991,0.5279815924296979,87.23165520681447,8.829000000000008,0.1994862259927288,-0.020501256551526126,0.4473249429985839,-72.82077621638264,5.328495366436969,3.423156463365991,-1.7805801570003443,0.0,0.0,5.775820309435553,-71.178199910017
65.40000000000056,0.0,453.0,491.80517691012057,491.05474885049637,0.9999798640336752,T_SOFT_ACC,caténaire,,72.84701583289663,6.33306141266448,72.84701583289663,0.006135034560903214,-0.9999811804983815,0.8398167131551568,0.5428700473458351,20.589144504025505,-483.1564875607606,5.0,-75.0,-5.318610819793638,-3.4380293489372478,0.5196895710147932,87.24660994181924,8.829000000000008,0.20107875122115537,-0.0204194071180126,0.44691895979348445,-72.84564488836426,5.318610819793638,3.4380293489372478,-1.7809422732398348,0.0,-4.440892098500626e-16,5.765529779587123,-71.18855781266684
65.50000000000055,0.0,453.0,491.9051750978836,491.1532729546511,0.9999818776303077,T_SOFT_ACC,caténaire,,72.87183237324489,6.332809428102291,72.87183237324489,0.006127421596202567,-0.9999812271760817,0.8382937456368715,0.5452188514955294,20.58084036590968,-483.2384863553001,5.0,-75.0,-5.308754535888363,-3.4527670831299915,0.5113977922232057,87.26150632641723,8.829000000000008,0.20264325633484237,-0.02026075671275862,0.4465164394386741,-72.87046436316714,5.308754535888363,3.4527670831299915,-1.781304390208496,0.0,-2.220446049250313e-16,5.755270975327037,-71.19900167024564
65.60000000000055,0.0,453.0,492.00517346687036,491.25179559272624,0.9999836898672769,T_SOFT_ACC,caténaire,,72.89658343045306,6.332557435782907,72.89658343045306,0.006119855466327962,-0.9999812735091949,0.8367709145054979,0.5475531359033867,20.57260380021615,-483.3204920954004,5.0,-75.0,-5.298899876698654,-3.46741168225124,0.5031089629671571,87.27628961123662,8.829000000000008,0.2042090862685031,-0.02012207101462593,0.44611655458349053,-72.89521833325372,5.298899876698654,3.46741168225124,-1.7816665078334106,0.0,6.661338147750939e-16,5.745016431282144,-71.20947315883589
65.70000000000054,0.0,453.0,492.1051719989584,491.3503883169163,0.9999853208805493,T_SOFT_ACC,caténaire,,72.92126624728283,6.33230512773894,72.92126624728283,0.006112324591742452,-0.9999813195695633,0.8352429199982307,0.5498811367857867,20.564435328937748,-483.4025047340265,5.0,-75.0,-5.289013025212442,-3.4820151421155545,0.4948246131615118,87.29097402363338,8.829000000000008,0.2058115879490705,-0.02004111848218315,0.44571844894426565,-72.91990404664134,5.289013025212442,3.4820151421155545,-1.7820286260489537,0.0,0.0,5.734731474156708,-71.21991753057473
65.80000000000054,0.0,453.0,492.2051706778376,491.44895503110445,0.9999867887924944,T_SOFT_ACC,caténaire,,72.94589606226987,6.332053015365584,72.94589606226987,0.006104845114126788,-0.9999813652594394,0.8337170178608755,0.5521919359508689,20.55633548617401,-483.4845242434048,5.0,-75.0,-5.279140356907559,-3.4965086130982588,0.4865448699446202,87.30560054436803,8.829000000000008,0.2074045130370621,-0.01990806873023132,0.4453233971713487,-72.94453673442179,5.279140356907559,3.4965086130982588,-1.782390744796062,0.0,4.440892098500626e-16,5.724463754078907,-71.23041886611959
65.90000000000053,0.0,453.0,492.30516948882894,491.54752960959394,0.9999881099132449,T_SOFT_ACC,caténaire,,72.97046550880675,6.3318008856854675,72.97046550880675,0.006097411260222345,-0.9999814106151792,0.8321908044028495,0.5544893732681794,20.548304802955695,-483.56655057828675,5.0,-75.0,-5.269266472377264,-3.510916304762638,0.47827172981900967,87.32013195267383,8.829000000000008,0.20900525744174558,-0.01978435208880569,0.4449309380570646,-72.96910903274286,5.269266472377264,3.510916304762638,-1.7827528640215795,0.0,-4.440892098500626e-16,5.714197410434329,-71.2409455920018
66.00000000000053,0.0,453.0,492.40516841872113,491.646128275107,0.9999892989219205,T_SOFT_ACC,caténaire,,72.99497351361322,6.331548671803981,72.99497351361322,0.0060900204863710335,-0.9999814556532913,0.8306631475001038,0.5567753006242472,20.540343812837506,-483.6485836965508,5.0,-75.0,-5.259384148270797,-3.5252499151607144,0.4700065289167207,87.3345748828207,8.829000000000008,0.21062238064592353,-0.019675032340018106,0.44454088410001547,-72.9936198695164,5.259384148270797,3.5252499151607144,-1.7831149836776652,0.0,4.440892098500626e-16,5.703925032370813,-71.25148493803334
66.10000000000052,0.0,453.0,492.5051674556241,491.7446942188192,0.9999903690297284,T_SOFT_ACC,caténaire,,73.01942379562468,6.331296647462315,73.01942379562468,0.006082682043632517,-0.9999815003184589,0.8291384118133962,0.5590433740377926,20.53245305479005,-483.7306235608604,5.0,-75.0,-5.249521246996384,-3.539469439831497,0.46175028797086526,87.3489395017924,8.829000000000008,0.21222904097448136,-0.019529938039099193,0.44415393795803915,-73.01807295953815,5.249521246996384,3.539469439831497,-1.7834771037212618,0.0,0.0,5.693675184954423,-71.26208062342792
66.20000000000051,0.0,453.0,492.60516658883677,491.8432967955247,0.9999913321267555,T_SOFT_ACC,caténaire,,73.0438077385469,6.331044452232936,73.0438077385469,0.006075384591541885,-0.999981544680733,0.8276115048220682,0.5613013424945213,20.52463306435438,-483.8126701218909,5.0,-75.0,-5.239645226207907,-3.5536237504308383,0.4535050890701516,87.3632002602171,8.829000000000008,0.213859862862245,-0.01942349021375378,0.4437692240423158,-73.04245969175462,5.239645226207907,3.5536237504308383,-1.7838392241136185,0.0,2.220446049250313e-16,5.683414450250223,-71.27267516543739
66.30000000000051,0.0,453.0,492.70516580872817,491.9418828814877,0.99999219891408,T_SOFT_ACC,caténaire,,73.06813220643039,6.330792372335779,73.06813220643039,0.0060681368869606195,-0.9999815886878725,0.8260864904895073,0.5635433525743421,20.516884384999315,-483.89472334323904,5.0,-75.0,-5.229782052880606,-3.567675957958177,0.4452717074402235,87.37738465194451,8.829000000000008,0.21548965455961788,-0.01929130601367035,0.4433874283031555,-73.06678692624176,5.229782052880606,3.567675957958177,-1.7842013448198597,0.0,-4.440892098500626e-16,5.673169481183761,-71.28331231310345
66.4000000000005,0.0,453.0,492.80516510663045,492.04046712298066,0.999992979022672,T_SOFT_ACC,caténaire,,73.09239318124534,6.330540309843574,73.09239318124534,0.006060936451768361,-0.9999816323559787,0.824562385903434,0.5657710418121771,20.50920755990985,-483.9767831798542,5.0,-75.0,-5.219925421942482,-3.581636386334181,0.4370518998567124,87.3914742396877,8.829000000000008,0.21712647791423034,-0.01916214664649374,0.4430083501791951,-73.09105064618673,5.219925421942482,3.581636386334181,-1.784563465808596,0.0,-4.440892098500626e-16,5.662933772121677,-71.29397772566115
66.5000000000005,0.0,453.0,492.9051644747425,492.1390651302109,0.9999936811204049,T_SOFT_ACC,caténaire,,73.11658944386326,6.330288194620365,73.11658944386326,0.006053780843304317,-0.9999816757008606,0.8230381081856246,0.5679861551783001,20.501603134566743,-484.05884958769457,5.0,-75.0,-5.210068419970138,-3.5955160528330037,0.42884714406861624,87.40547114922232,8.829000000000008,0.21877872409847754,-0.01904490361069122,0.44263180850300604,-73.11524963360624,5.210068419970138,3.5955160528330037,-1.7849255870515786,0.0,4.440892098500626e-16,5.652700228473145,-71.30465916782481
66.60000000000049,0.0,453.0,493.0051639060433,492.2377141476791,0.9999943130083644,T_SOFT_ACC,caténaire,,73.14072353900632,6.330035877131739,73.14072353900632,0.006046664383573009,-0.9999817187578143,0.8215109201313415,0.570192781526526,20.494071659549533,-484.1409225266831,5.0,-75.0,-5.200193597886899,-3.609340763944449,0.4206586277729288,87.41938380386473,8.829000000000008,0.22046502988603045,-0.01895696007971992,0.4422574080120695,-73.13938643572565,5.200193597886899,3.609340763944449,-1.785287708523383,0.0,-4.440892098500626e-16,5.642451005898968,-71.3153333803046
66.70000000000049,0.0,453.0,493.10516339421406,492.3363387685676,0.9999948817075279,T_SOFT_ACC,caténaire,,73.16480529499538,6.329783742352285,73.16480529499538,0.006039599248361463,-0.9999817614541374,0.8199865658464496,0.5723827668888594,20.48661369672253,-484.2230019665091,5.0,-75.0,-5.190337633442138,-3.62305913225572,0.4124868898669579,87.43323299029984,8.829000000000008,0.22214925642481997,-0.018826141955884168,0.4418861030661669,-73.16347087533848,5.190337633442138,3.62305913225572,-1.785649830201126,0.0,4.440892098500626e-16,5.632223736508305,-71.32606157328388
66.80000000000048,0.0,453.0,493.20516293356775,492.4349565751787,0.9999953935367751,T_SOFT_ACC,caténaire,,73.18882731582711,6.329531654776042,73.18882731582711,0.006032582425729811,-0.9999818038090876,0.8184638544712607,0.5745580205027574,20.47922980734479,-484.3050878624865,5.0,-75.0,-5.180492875165856,-3.6366831782776647,0.404333834493355,87.44698806436782,8.829000000000008,0.22384095932749837,-0.018695113909856786,0.44151763342523254,-73.18749555795262,5.180492875165856,3.6366831782776647,-1.7860119520642153,0.0,2.220446049250313e-16,5.622010508591089,-71.33682433173917
66.90000000000047,0.0,453.0,493.30516251898604,492.53361782609545,0.9999958541830977,T_SOFT_ACC,caténaire,,73.21278565990464,6.329279380712993,73.21278565990464,0.006025606101646002,-0.9999818458707677,0.8169390909131321,0.5767239562719977,20.471920555110813,-484.38718016987076,5.0,-75.0,-5.170635743414905,-3.650247044795577,0.39620104751881213,87.46064887921212,8.829000000000008,0.22556530410390785,-0.018598165583469495,0.4411514079908223,-73.21145654553231,5.170635743414905,3.650247044795577,-1.7863740740941152,0.0,-4.440892098500626e-16,5.611787151405727,-71.34758357483085
67.00000000000047,0.0,453.0,493.4051621458625,492.6322895143438,0.9999962687647879,T_SOFT_ACC,caténaire,,73.23668811359444,6.329027117031667,73.23668811359444,0.006018675750839613,-0.9999818876070737,0.8154148202197605,0.5788770775959051,20.464686514506248,-484.46927885529743,5.0,-75.0,-5.160782508800366,-3.663728721532528,0.38808924316245247,87.47423966297617,8.829000000000008,0.22730673436208715,-0.018489058556355076,0.44078787882109455,-73.2353616219227,5.160782508800366,3.663728721532528,-1.7867361962741448,0.0,4.440892098500626e-16,5.60157038762146,-71.35836909666433
67.10000000000046,0.0,453.0,493.50516181005133,492.7309287778025,0.9999966418883091,T_SOFT_ACC,caténaire,,73.26053520678718,6.328775044079505,73.26053520678718,0.006011797984645558,-0.9999819289792151,0.8138943787417485,0.581012857217965,20.457528265744283,-484.5513838812949,5.0,-75.0,-5.150954432697371,-3.6770996710503856,0.3799997359078695,87.48775164611617,8.829000000000008,0.22904530321049865,-0.018348024934226714,0.4404275379102181,-73.25921131413274,5.150954432697371,3.6770996710503856,-1.7870983185892908,0.0,-4.440892098500626e-16,5.591381970607589,-71.36920996167164
67.20000000000046,0.0,453.0,493.60516150782126,492.82958387374237,0.9999969776994782,T_SOFT_ACC,caténaire,,73.28431792135022,6.328522894849119,73.28431792135022,0.006004965130956622,-0.9999819700343481,0.8123742552892531,0.5831364071495034,20.45044638811774,-484.6334951997077,5.0,-75.0,-5.141129073784041,-3.69039210346569,0.3719345791597987,87.5011620398728,8.829000000000008,0.2308055053757574,-0.018230063592895362,0.4400697737636476,-73.28299660761527,5.141129073784041,3.69039210346569,-1.7874604410260422,0.0,0.0,5.581198847547689,-71.38006494517563
67.30000000000045,0.0,453.0,493.7051612358142,492.92825203961894,0.9999972799295304,T_SOFT_ACC,caténaire,,73.30803832485357,6.3282707080776115,73.30803832485357,0.005998177800603919,-0.99998201076973,0.8108547335478586,0.5852474699501324,20.443441468036717,-484.7156127701062,5.0,-75.0,-5.131308258816991,-3.7036044210619554,0.3638950020127648,87.51448728791377,8.829000000000008,0.23258674319577377,-0.018117133148194853,0.43971464808595795,-73.3067195696715,5.131308258816991,3.7036044210619554,-1.7878225635722385,0.0,-2.220446049250313e-16,5.571022906902948,-71.39093771218178
67.40000000000045,0.0,453.0,493.8051609910079,493.0268722773309,0.9999975519365774,T_SOFT_ACC,caténaire,,73.33169906294876,6.328018766015895,73.33169906294876,0.005991445373130091,-0.9999820511300894,0.8093405039887973,0.5873397216289392,20.436514098913023,-484.79773655371514,5.0,-75.0,-5.121521897337872,-3.7166967804944795,0.3558822931094231,87.52773089690064,8.829000000000008,0.2343603957715512,-0.017965883593845433,0.4393628690544725,-73.33038284182196,5.121521897337872,3.7166967804944795,-1.788184686216935,0.0,4.440892098500626e-16,5.560884766392345,-71.40187074754442
67.50000000000044,0.0,453.0,493.9051607706822,493.1255681411696,0.9999977967429197,T_SOFT_ACC,caténaire,,73.35528998044379,6.32776645670266,73.35528998044379,0.005984748814519179,-0.9999820912304515,0.8078223754365049,0.5894260002274437,20.42966487169364,-484.87986649892923,5.0,-75.0,-5.111711330260979,-3.729750072947633,0.3478987505364017,87.5408654974976,8.829000000000008,0.2361874202754226,-0.017884575450040074,0.43901298474917155,-73.35397627746036,5.111711330260979,3.729750072947633,-1.7885468089502814,0.0,2.220446049250313e-16,5.550724315010151,-71.41277301346301
67.60000000000043,0.0,453.0,494.00516057238906,493.2242924400825,0.9999980170686277,T_SOFT_ACC,caténaire,,73.37882610249628,6.3275140942469825,73.37882610249628,0.005978095969513786,-0.9999821310246394,0.806303924701006,0.5915014632372048,20.422894394923155,-484.9620025775499,5.0,-75.0,-5.101899447792273,-3.7427338454011263,0.33994466186873523,87.55394096636319,8.829000000000008,0.23804521407646195,-0.017792879037955345,0.438665664570986,-73.37751489806067,5.101899447792273,3.7427338454011263,-1.788908931763413,0.0,-6.661338147750939e-16,5.540565112363259,-71.42368998442296
67.70000000000043,0.0,453.0,494.10516039392525,493.3229868807503,0.9999982153617649,T_SOFT_ACC,caténaire,,73.4023120665222,6.327261939242131,73.4023120665222,0.005971495760721726,-0.9999821704602436,0.8047896318795901,0.5935601472632019,20.41620328746555,-485.04414475783796,5.0,-75.0,-5.092114806888416,-3.755610528429412,0.3320211353724408,87.56694974092338,8.829000000000008,0.23990632848402438,-0.017660787506045494,0.43832159533241055,-73.401003337081,5.092114806888416,3.755610528429412,-1.789271054648351,0.0,4.440892098500626e-16,5.530436402220826,-71.43466386329993
67.80000000000042,0.0,453.0,494.2051602333078,493.4216691414913,0.9999983938255884,T_SOFT_ACC,caténaire,,73.42573861110696,6.327009849895456,73.42573861110696,0.00596494524270631,-0.9999822095558757,0.8032782956053848,0.5956038782691967,20.40959216934755,-485.1262929945336,5.0,-75.0,-5.082349688502503,-3.7683916044451413,0.32413024262329815,87.57986297728937,8.829000000000008,0.2417805541207958,-0.017528627155783738,0.43798051022051954,-73.42443233460692,5.082349688502503,3.7683916044451413,-1.789633177597915,0.0,-4.440892098500626e-16,5.520330198723022,-71.4456739077597
67.90000000000042,0.0,453.0,494.30516008875213,493.5204096313619,0.9999985544430295,T_SOFT_ACC,caténaire,,73.44910081479563,6.32675750010171,73.44910081479563,0.005958433889711673,-0.9999822483752309,0.8017647101004313,0.5976398159741129,20.40306166491226,-485.2084472423754,5.0,-75.0,-5.072570892944777,-3.781122188073624,0.31627377233800846,87.59268065023784,8.829000000000008,0.24370287939323187,-0.017441537835793497,0.43764161146372754,-73.44779697391833,5.072570892944777,3.781122188073624,-1.7899953006056428,0.0,0.0,5.510212504408504,-71.45667008645034
68.00000000000041,0.0,453.0,494.405159958652,493.61911072175485,0.9999986989987266,T_SOFT_ACC,caténaire,,73.47240943087131,6.3265053956764286,73.47240943087131,0.005951976717682498,-0.9999822868296979,0.8002562763808123,0.5996581460408228,20.3966124144244,-485.29060747117,5.0,-75.0,-5.062825650447136,-3.793740496488589,0.3084524410380624,87.60543487221341,8.829000000000008,0.24562679059092574,-0.01730562427519544,0.437306070324582,-73.47110800157056,5.062825650447136,3.793740496488589,-1.7903574236657172,0.0,0.0,5.500131720771718,-71.46772492874767
68.1000000000004,0.0,453.0,494.50515984156186,493.71784313337156,0.999998829098854,T_SOFT_ACC,caténaire,,73.49565549396327,6.326253150385394,73.49565549396327,0.005945562931418134,-0.9999823249845112,0.7987478013646264,0.6016659786087089,20.390245058800645,-485.37277363434816,5.0,-75.0,-5.053080794746375,-3.8062912926530554,0.3006685020135933,87.61809070429477,8.829000000000008,0.24758770726721835,-0.017200588358292634,0.43697304492518557,-73.49435645711405,5.053080794746375,3.8062912926530554,-1.790719546772904,0.0,0.0,5.49005383967156,-71.4787847112339
68.2000000000004,0.0,453.0,494.6051597361808,493.81658662514053,0.9999989461889686,T_SOFT_ACC,caténaire,,73.5188434610473,6.326000896107262,73.5188434610473,0.005939195845330278,-0.9999823628208203,0.7972408745770896,0.6036613188730557,20.383960251169526,-485.4549456956969,5.0,-75.0,-5.043346486988006,-3.818762044136242,0.29292315241660855,87.63067021324134,8.829000000000008,0.24957666542860224,-0.017091830894898408,0.4366428096373392,-73.5175467960321,5.043346486988006,3.818762044136242,-1.791081669922492,0.0,-2.220446049250313e-16,5.479989296625345,-71.48986642181835
68.3000000000004,0.0,453.0,494.7051596413378,493.9153458712173,0.9999990515700717,T_SOFT_ACC,caténaire,,73.54197437520168,6.325748610836958,73.54197437520168,0.0059328748873433935,-0.9999824003429116,0.795735233244808,0.6056446471098634,20.37775865402451,-485.5371236177272,5.0,-75.0,-5.0336210462923665,-3.8311557851160583,0.2852179298174586,87.64317066077659,8.829000000000008,0.25159688352509235,-0.016985124339470303,0.4363153329362854,-73.54068006167107,5.0336210462923665,3.8311557851160583,-1.7914437931102405,0.0,2.220446049250313e-16,5.469936379228652,-71.50096806966526
68.40000000000039,0.0,453.0,494.80515955597906,494.01408168610317,0.9999991464130645,T_SOFT_ACC,caténaire,,73.56504948312511,6.325496473806464,73.56504948312511,0.005926605927963883,-0.9999824375168669,0.7942339093110192,0.6076121273481427,20.371640940255606,-485.61930736362905,5.0,-75.0,-5.023923792724375,-3.843448368982721,0.27755434375921406,87.65559347795465,8.829000000000008,0.25363055103483934,-0.016854891028074803,0.4359910583576457,-73.56375749818437,5.023923792724375,3.843448368982721,-1.7918059163323345,0.0,2.220446049250313e-16,5.45991485108202,-71.51211504553399
68.50000000000038,0.0,453.0,494.9051594791562,494.11282621928234,0.9999992317717581,T_SOFT_ACC,caténaire,,73.58806251460818,6.325244301282888,73.58806251460818,0.005920384119245184,-0.9999824743723665,0.7927345999278186,0.6095669397837137,20.365607787271053,-485.7014968887125,5.0,-75.0,-5.014240010623205,-3.855659812117384,0.2699345014781828,87.66792183800388,8.829000000000008,0.2556944908549781,-0.016737974113510745,0.4356695966775081,-73.58677283762628,5.014240010623205,3.855659812117384,-1.7921680395853388,0.0,-4.440892098500626e-16,5.449909607300713,-71.52328106509424
68.60000000000038,0.0,453.0,495.00515941001566,494.2116298041995,0.9999993085945823,T_SOFT_ACC,caténaire,,73.61101391762243,6.324991883938833,73.61101391762243,0.005914202333175721,-0.9999825109524477,0.7912336095321086,0.6115140024126928,20.359659882505294,-485.783692152757,5.0,-75.0,-5.004546158590215,-3.8678211021752342,0.26236006729638905,87.68016525603772,8.829000000000008,0.25781390870617393,-0.016655846137510366,0.435350430259033,-73.60972653109965,5.004546158590215,3.8678211021752342,-1.792530162866162,0.0,-4.440892098500626e-16,5.4398965888492485,-71.53443559179058
68.70000000000037,0.0,453.0,495.1051593477892,494.3103854933846,0.999999377735124,T_SOFT_ACC,caténaire,,73.63391424821127,6.324739760968181,73.63391424821127,0.005908076563688024,-0.9999825471633582,0.7897390166253643,0.6134429766649894,20.353797931808632,-485.8658931271657,5.0,-75.0,-4.994893759238352,-3.879867185599734,0.25483204763427714,87.69234851434882,8.829000000000008,0.2599382883959249,-0.016518671250921102,0.43503480306247067,-73.6326291275346,4.994893759238352,3.879867185599734,-1.792892286172023,0.0,-6.661338147750939e-16,5.429928562300823,-71.54565422810688
68.80000000000037,0.0,453.0,495.2051592917854,494.40915785978575,0.9999994399616117,T_SOFT_ACC,caténaire,,73.65675267042694,6.324487558984564,73.65675267042694,0.0059019971087512025,-0.9999825830633893,0.7882461106898134,0.6153601132527052,20.348022642819096,-485.9480997648875,5.0,-75.0,-4.985252720475694,-3.8918373805620665,0.24735298896029734,87.70443222355378,8.829000000000008,0.26210026848460277,-0.01640515700829326,0.4347219413008622,-73.65546979543473,4.985252720475694,3.8918373805620665,-1.7932544095004177,0.0,4.440892098500626e-16,5.419974661776556,-71.55688682437308
68.90000000000036,0.0,453.0,495.30515924138194,494.50798489026863,0.9999994959654505,T_SOFT_ACC,caténaire,,73.67953043182723,6.324235136689342,73.67953043182723,0.005895958776826305,-0.9999826186839958,0.786752124718307,0.6172690614725718,20.342334735594196,-486.0303120268282,5.0,-75.0,-4.975605431008513,-3.9037546873560918,0.23992457225069777,87.71643334198983,8.829000000000008,0.2643191412421846,-0.01632134536627916,0.4344114741219726,-73.67824978462576,4.975605431008513,3.9037546873560918,-1.7936165328490925,0.0,-4.440892098500626e-16,5.410016905130486,-71.56811163011875
69.00000000000036,0.0,453.0,495.4051591960188,494.60682034632816,0.9999995463689054,T_SOFT_ACC,caténaire,,73.70225675583329,6.323982755808108,73.70225675583329,0.00588996869507702,-0.9999826539839434,0.7852605818700177,0.6191654209992361,20.336734949098876,-486.11252988381113,5.0,-75.0,-4.965974378561833,-3.9155914453918363,0.23254802681020856,87.72837301712396,8.829000000000008,0.26657364824837604,-0.016218428267890772,0.4341039850483869,-73.7009783153042,4.965974378561833,3.9155914453918363,-1.7939786562160196,0.0,2.220446049250313e-16,5.40007836361022,-71.57936552612838
69.10000000000035,0.0,453.0,495.505159155192,494.7056280994061,0.9999995917320149,T_SOFT_ACC,caténaire,,73.72493084914072,6.323730554565279,73.72493084914072,0.005884032059078679,-0.9999826889335274,0.7837742805627875,0.6210457931008669,20.33122403423088,-486.19475330023363,5.0,-75.0,-4.956377365877319,-3.927326257616179,0.22522527477207915,87.74023752185846,8.829000000000008,0.2688479088947595,-0.01608873575771952,0.4337998566697027,-73.7236545919621,4.956377365877319,3.927326257616179,-1.7943407795993742,0.0,2.220446049250313e-16,5.390177222547022,-71.59066911394531
69.20000000000034,0.0,453.0,495.6051591184479,494.80443528762,0.9999996325588134,T_SOFT_ACC,caténaire,,73.74754454150981,6.323478361125103,73.74754454150981,0.005878144817759377,-0.9999827235575129,0.782291305152669,0.6229127658689729,20.325802748499317,-486.27698223154243,5.0,-75.0,-4.946802140229217,-3.938975395841038,0.21795875389965136,87.7520077372839,8.829000000000008,0.27115661367043487,-0.01596765855714466,0.43349874676915473,-73.74627044629798,4.946802140229217,3.938975395841038,-1.7947029029975123,0.0,-4.440892098500626e-16,5.380300886998372,-71.60199795345446
69.30000000000034,0.0,453.0,495.70515908537817,494.9032794979301,0.999999669302932,T_SOFT_ACC,caténaire,,73.77009606584755,6.32322601244314,73.77009606584755,0.005872301771531443,-0.9999827578873068,0.7808089409555743,0.6247698758133545,20.320471860837813,-486.3592166360906,5.0,-75.0,-4.9372314061984675,-3.9505611305338735,0.21075058193304727,87.76368984767507,8.829000000000008,0.27351917573458007,-0.015871282858810787,0.43320026581352133,-73.7688241135378,4.9372314061984675,3.9505611305338735,-1.795065026408957,0.0,0.0,5.370431672011989,-71.6133280094129
69.40000000000033,0.0,453.0,495.80515905561543,495.0021059778804,0.9999997023726388,T_SOFT_ACC,caténaire,,73.79259179250045,6.322973795972058,73.79259179250045,0.005866511047486603,-0.9999827918760051,0.7793313437698137,0.6266120463396283,20.31523215807412,-486.4414564804922,5.0,-75.0,-4.927691665036224,-3.9620515492458988,0.20360246114448985,87.77530146947132,8.829000000000008,0.2759107961082661,-0.015750079774591086,0.43290505497337306,-73.79132196043098,4.927691665036224,3.9620515492458988,-1.7954271498323764,0.0,0.0,5.360596720009597,-71.62469756101746
69.50000000000033,0.0,453.0,495.90515902882896,495.1009402037045,0.999999732135375,T_SOFT_ACC,caténaire,,73.81502759001951,6.3227215599250455,73.81502759001951,0.005860768988445016,-0.9999828255459511,0.7778567181325358,0.6284416647995904,20.31008443678772,-486.52370172302864,5.0,-75.0,-4.918171442269123,-3.9734616631835586,0.19651683942543963,87.78682480016406,8.829000000000008,0.27834539715631657,-0.01563686301950895,0.4326128245807996,-73.81375985722005,4.918171442269123,3.9734616631835586,-1.7957892732665743,0.0,4.440892098500626e-16,5.350784266849923,-71.63608746730307
69.60000000000032,0.0,453.0,496.0051590047211,495.19980561662624,0.9999997589218375,T_SOFT_ACC,caténaire,,73.83740359142917,6.322469208854653,73.83740359142917,0.005855072506939697,-0.999982858916061,0.7763834068966338,0.6302609027185296,20.305029507833886,-486.6059523246743,5.0,-75.0,-4.90866018436964,-3.984805150982841,0.18949590669704455,87.79826557164456,8.829000000000008,0.2808357223274047,-0.015539579338280873,0.43232335175198733,-73.83613793829636,4.90866018436964,3.984805150982841,-1.7961513967104719,0.0,2.220446049250313e-16,5.340983536121627,-71.647484184024
69.70000000000032,0.0,453.0,496.10515898302407,495.2986779970744,0.9999997830296538,T_SOFT_ACC,caténaire,,73.85972447876247,6.322216881007328,73.85972447876247,0.005849425347490955,-0.9999828919652096,0.7749132898655169,0.6320675542928945,20.300068200604056,-486.6882082517307,5.0,-75.0,-4.899169882504696,-3.9960681616875533,0.1825416468837804,87.80963514100915,8.829000000000008,0.2833717643790852,-0.015433020678415232,0.4320369445247714,-73.85846088402648,4.899169882504696,3.9960681616875533,-1.7965135201630993,0.0,4.440892098500626e-16,5.331206827029467,-71.65890624250204
69.80000000000031,0.0,453.0,496.20515896349673,495.39753338083085,0.9999998047266884,T_SOFT_ACC,caténaire,,73.88198996449506,6.321964671726798,73.88198996449506,0.005843830965448529,-0.9999829246740402,0.7734482380418211,0.6338594663409253,20.295201359753644,-486.770469467379,5.0,-75.0,-4.889712436309732,-4.007237153046931,0.17565641322575248,87.8209268318937,8.829000000000008,0.2859439769160206,-0.015310321153236828,0.4317538607434737,-73.88072840543386,4.889712436309732,4.007237153046931,-1.7968756436235838,0.0,4.440892098500626e-16,5.321466297053205,-71.6703668960105
69.9000000000003,0.0,453.0,496.30515894592213,495.4963969284436,0.9999998242540196,T_SOFT_ACC,caténaire,,73.90419514557506,6.32171243696849,73.90419514557506,0.005838285838973415,-0.9999829570640004,0.7719864838609752,0.6356389452637151,20.29042984201182,-486.85273592940456,5.0,-75.0,-4.8802765561955015,-4.018326625695161,0.16884290165289415,87.83212910767165,8.829000000000008,0.2885663454573928,-0.015197518023526868,0.4314738159591387,-73.90293560110709,4.8802765561955015,4.018326625695161,-1.7972377670911397,0.0,2.220446049250313e-16,5.31175037215464,-71.68184674250305
70.0000000000003,0.0,453.0,496.40515893010496,495.59527323251365,0.9999998418286176,T_SOFT_ACC,caténaire,,73.92634038758936,6.321460168108681,73.92634038758936,0.005832789556693514,-0.999982989138309,0.7705277744433945,0.637406423572362,20.285754520779335,-486.93500759892333,5.0,-75.0,-4.870860634565348,-4.029339317509296,0.16210358989740534,87.84324906297607,8.829000000000008,0.29124295533205746,-0.015090254533234315,0.4311967861773012,-73.9250828368377,4.870860634565348,4.029339317509296,-1.7975998905650596,0.0,-4.440892098500626e-16,5.302057420742649,-71.69334340989346
70.10000000000029,0.0,453.0,496.5051589158695,495.6941913339834,0.9999998576457558,T_SOFT_ACC,caténaire,,73.94842727149792,6.321207746944294,73.94842727149792,0.005827338382815738,-0.9999830209195415,0.7690700490807794,0.6391645012098899,20.28117628752517,-487.0172844389006,5.0,-75.0,-4.861451552192251,-4.040291596619742,0.1554409895142923,87.85429063169958,8.829000000000008,0.2939894373220415,-0.015000964920162119,0.4309225085880579,-73.9471716952015,4.861451552192251,4.040291596619742,-1.7979620140447072,0.0,0.0,5.2923740607803085,-71.70484211262648
70.20000000000029,0.0,453.0,496.6051589030576,495.7931189037202,0.9999998718811802,T_SOFT_ACC,caténaire,,73.97046183964154,6.320955355159351,73.97046183964154,0.005821937214664465,-0.9999830523799234,0.7676157793056293,0.6409103021180198,20.276696056965953,-487.09956641831536,5.0,-75.0,-4.852065070906736,-4.051165406349695,0.14885740684553272,87.86526664231955,8.829000000000008,0.2967923359387967,-0.014898764030149891,0.4306513845701268,-73.96920821635739,4.852065070906736,4.051165406349695,-1.79832413752951,0.0,-4.440892098500626e-16,5.282716455476863,-71.7163669475372
70.30000000000028,0.0,453.0,496.7051588915269,495.89203063880615,0.9999998846930622,T_SOFT_ACC,caténaire,,73.9924434343452,6.320703088700726,73.9924434343452,0.00581658965506283,-0.9999830834993083,0.7661669260066551,0.6426416120152137,20.272314762661512,-487.1818535018064,5.0,-75.0,-4.842713655670606,-4.061946821992175,0.14235560622425722,87.87616781262801,8.829000000000008,0.29964195055365117,-0.014779009364175977,0.4303836810330339,-73.99119174112467,4.842713655670606,4.061946821992175,-1.7986862610189522,0.0,-4.440892098500626e-16,5.273097336703639,-71.72793118015144
70.40000000000028,0.0,453.0,496.8051588811492,495.99098875333993,0.999999896223756,T_SOFT_ACC,caténaire,,74.01436639575843,6.320450634436981,74.01436639575843,0.005811287223683823,-0.9999831143278389,0.7647190025624894,0.6443639089209073,20.268033353762377,-487.26414564814746,5.0,-75.0,-4.833368704912101,-4.072670276947442,0.13593870739042524,87.88698160073388,8.829000000000008,0.30257000247832444,-0.01468867621358072,0.43011874180472426,-74.01311661343226,4.833368704912101,4.072670276947442,-1.79904838451257,0.0,4.440892098500626e-16,5.263487446716826,-71.73949472099739
70.50000000000027,0.0,453.0,496.90515887180936,496.08994288818764,0.9999999066013804,T_SOFT_ACC,caténaire,,74.03623658091328,6.320198267371553,74.03623658091328,0.005806037282486547,-0.9999831448234888,0.7632758019951399,0.6460727900853556,20.263852805473103,-487.34644282598464,5.0,-75.0,-4.824054401296316,-4.083308128493369,0.12960931333620318,87.8977290789811,8.829000000000008,0.30555491203988794,-0.014579049512278175,0.4298571498437769,-74.03498868707749,4.824054401296316,4.083308128493369,-1.7994105080099458,0.0,-4.440892098500626e-16,5.253911551140092,-71.75109106659406
70.60000000000026,0.0,453.0,497.0051588634035,496.1889203087146,0.9999999159412424,T_SOFT_ACC,caténaire,,74.05805113745173,6.3199458359947664,74.05805113745173,0.005800836215609055,-0.9999831750080597,0.761835417798933,0.6477706354776551,20.259774112014696,-487.42874499747955,5.0,-75.0,-4.8147585764317,-4.09387533036669,0.12337065026987838,87.90839638261095,8.829000000000008,0.30861207383817835,-0.014478947755748095,0.42959862509555735,-74.05680511133822,4.8147585764317,4.09387533036669,-1.7997726315107037,0.0,-4.440892098500626e-16,5.244357201527257,-71.76270241248224
70.70000000000026,0.0,453.0,497.1051588558382,496.28791795403936,0.9999999243471182,T_SOFT_ACC,caténaire,,74.079811400598,6.319693369191505,74.079811400598,0.005795684770099012,-0.9999832048779848,0.7603981685204605,0.6494571774264485,20.255798291645153,-487.5110521280038,5.0,-75.0,-4.805483263544119,-4.104370217755757,0.11722580668227553,87.91899035464809,8.829000000000008,0.3117425431381564,-0.014379863107677693,0.429343234706253,-74.07856722112666,4.805483263544119,4.104370217755757,-1.800134755014506,0.0,-4.440892098500626e-16,5.234826498250372,-71.77433175838542
70.80000000000025,0.0,453.0,497.2051588490295,496.3868762432507,0.9999999319124063,T_SOFT_ACC,caténaire,,74.10151853397562,6.319441136494789,74.10151853397562,0.005790591230457525,-0.9999832343860579,0.7589685156388473,0.6511273241609237,20.25192638705786,-487.5933641832652,5.0,-75.0,-4.79625685903252,-4.1147607973983185,0.11117804030704993,87.929511699828,8.829000000000008,0.3149211812745296,-0.014249097570328217,0.429091603386425,-74.10027617652335,4.79625685903252,4.1147607973983185,-1.8004968785210476,0.0,4.440892098500626e-16,5.225348462418945,-71.78601225764608
70.90000000000025,0.0,453.0,497.3051588429016,496.48586754256075,0.9999999387211657,T_SOFT_ACC,caténaire,,74.12316362984662,6.319188752147469,74.12316362984662,0.005785545746909996,-0.9999832635901514,0.757541260817317,0.6527872840055249,20.24815945706936,-487.67568111836437,5.0,-75.0,-4.787046214644402,-4.125086062632608,0.1052312715678104,87.93993774192634,8.829000000000008,0.3181850569234088,-0.014148320706269146,0.4288429540861728,-74.12192307420084,4.787046214644402,4.125086062632608,-1.8008590020300548,0.0,-4.440892098500626e-16,5.215889168730575,-71.79769601359828
71.00000000000024,0.0,453.0,497.4051588373865,496.58483123134624,0.9999999448490491,T_SOFT_ACC,caténaire,,74.14475118396909,6.318936534397068,74.14475118396909,0.00578055691115925,-0.9999832924413272,0.7561209272902142,0.6544319241248754,20.244498588803097,-487.7580028984847,5.0,-75.0,-4.777880151876324,-4.135313794628445,0.09938890912908066,87.95029000769874,8.829000000000008,0.32150875725275707,-0.0140237869297124,0.4285979538826755,-74.1435124061884,4.777880151876324,4.135313794628445,-1.8012211255412809,0.0,4.440892098500626e-16,5.2064781057589995,-71.80941973710124
71.10000000000024,0.0,453.0,497.5051588324229,496.68380431235056,0.9999999503641441,T_SOFT_ACC,caténaire,,74.16627631661767,6.318684275716696,74.16627631661767,0.0057756197881301255,-0.9999833209689364,0.7547049086598426,0.6560644029702715,20.240944889402723,-487.84032948083205,5.0,-75.0,-4.7687420391551525,-4.145463826905717,0.09365502823968977,87.96055143746199,8.829000000000008,0.32491298908453725,-0.013912389443731854,0.42835621310618366,-74.16503929499112,4.7687420391551525,4.145463826905717,-1.801583249054504,0.0,4.440892098500626e-16,5.197098252261336,-71.82115871713991
71.20000000000023,0.0,453.0,497.6051588279557,496.7828169866568,0.9999999553277297,T_SOFT_ACC,caténaire,,74.18774025972753,6.318431861521751,74.18774025972753,0.005770730736384424,-0.9999833491947595,0.7532910989455345,0.657687251092363,20.237499492798573,-487.922660827043,5.0,-75.0,-4.759618480578199,-4.155552082218643,0.08803353954732486,87.9707314832579,8.829000000000008,0.32841505896912615,-0.013820598960762709,0.42811747297971386,-74.18650497411323,4.759618480578199,4.155552082218643,-1.801945372569525,0.0,2.220446049250313e-16,5.187735953557913,-71.8328982644641
71.30000000000022,0.0,453.0,497.70515882393516,496.8818416369289,0.9999999597949567,T_SOFT_ACC,caténaire,,74.20914933620291,6.3181794582869895,74.20914933620291,0.005765893978266756,-0.9999833770951553,0.7518816048531026,0.6592981512817421,20.234163565497568,-488.00499690531774,5.0,-75.0,-4.750522910846728,-4.1655640363148905,0.08252829566153151,87.98084415838018,8.829000000000008,0.3320053848148037,-0.013719877934718738,0.4278820872899108,-74.20791576457489,4.750522910846728,4.1655640363148905,-1.8023074960861634,0.0,-4.440892098500626e-16,5.178404998136639,-71.84465922434616
71.40000000000022,0.0,453.0,497.8051588203167,496.98089048529835,0.9999999638154611,T_SOFT_ACC,caténaire,,74.23050398424846,6.317927002955435,74.23050398424846,0.005761108202985979,-0.9999834046784343,0.7504756358415667,0.6608981162086908,20.23093830346267,-488.08733768085,5.0,-75.0,-4.741450284743585,-4.175506054597267,0.07714356947694612,87.99088302537496,8.829000000000008,0.33569328473336135,-0.013623029222316063,0.42764996541543715,-74.22927210516485,4.741450284743585,4.175506054597267,-1.8026696196042575,0.0,-2.220446049250313e-16,5.169100250159022,-71.85643567017185
71.50000000000021,0.0,453.0,497.9051588170601,497.07996401542937,0.999999967433915,T_SOFT_ACC,caténaire,,74.2518055207045,6.3176745028270265,74.2518055207045,0.005756373754094543,-0.9999834319433514,0.7490732573842781,0.6624871735148592,20.22782493516055,-488.1696831201437,5.0,-75.0,-4.73240101892624,-4.18537832456477,0.07188374916118855,88.00085087196523,8.829000000000008,0.33948273023494835,-0.013527452599547019,0.42742114449351565,-74.25057531258436,4.73240101892624,4.18537832456477,-1.8030317431236627,0.0,4.440892098500626e-16,5.159822163419756,-71.86822873114326
71.60000000000021,0.0,453.0,498.0051588141292,497.17904011278296,0.9999999706905235,T_SOFT_ACC,caténaire,,74.27305502017688,6.317422061729807,74.27305502017688,0.005751693920088812,-0.9999834588717205,0.7476761726701362,0.6640635066176552,20.224824722903445,-488.25203319013116,5.0,-75.0,-4.7233859482560225,-4.195169447096033,0.06675344492631993,88.01074860162252,8.829000000000008,0.34336749667029753,-0.013420845473518739,0.4271958789859732,-74.27182646004609,4.7233859482560225,4.195169447096033,-1.8033938666442466,0.0,2.220446049250313e-16,5.150581827241996,-71.8800508795943
71.7000000000002,0.0,453.0,498.1051588114913,497.2780873361387,0.9999999736214711,T_SOFT_ACC,caténaire,,74.29424992800452,6.317169797788064,74.29424992800452,0.005747073017081403,-0.9999834854395029,0.7462867526360447,0.6656245810064012,20.221938960800728,-488.3343878540537,5.0,-75.0,-4.714420134241753,-4.2048634997989724,0.06175765152639353,88.02056831264228,8.829000000000008,0.34733751728464046,-0.013295187156700194,0.42697447908553676,-74.2930229911195,4.714420134241753,4.2048634997989724,-1.803755990165892,0.0,-2.220446049250313e-16,5.14139461332729,-71.89191548148642
71.8000000000002,0.0,453.0,498.2051588091172,497.37720110990244,0.999999976259324,T_SOFT_ACC,caténaire,,74.31538302114245,6.316917240967634,74.31538302114245,0.005742498680976641,-0.9999835117185178,0.7448982064782241,0.667178133623641,20.219168971410085,-488.416747068789,5.0,-75.0,-4.705460323268163,-4.214509055083786,0.056901790519227856,88.03029638801915,8.829000000000008,0.35144146725106484,-0.013212667064635752,0.4267559889751844,-74.31415768818874,4.705460323268163,4.214509055083786,-1.8041181136884927,0.0,-4.440892098500626e-16,5.132216312243347,-71.90376674679345
71.90000000000019,0.0,453.0,498.30515880698056,497.4763123761103,0.9999999786333916,T_SOFT_ACC,caténaire,,74.33646348513547,6.316664782047039,74.33646348513547,0.005737980713769858,-0.9999835376531597,0.7435156277642619,0.6687185590891845,20.216516121808425,-488.49911080570087,5.0,-75.0,-4.696538980800109,-4.224070971299894,0.05219092324293779,88.03996378167868,8.829000000000008,0.3556519424428286,-0.01310718962122337,0.42654119380756456,-74.33523973249069,4.696538980800109,4.224070971299894,-1.8044802372119528,0.0,0.0,5.123080174607674,-71.91564899840274
72.00000000000018,0.0,453.0,498.40515880505757,497.5754080323888,0.9999999807700525,T_SOFT_ACC,caténaire,,74.35748917338758,6.316412444356221,74.35748917338758,0.005733521012359041,-0.9999835632333167,0.7421400576431572,0.6702448320139526,20.213981814677336,-488.5814790284242,5.0,-75.0,-4.687662695552481,-4.233542797698375,0.047630836898865686,88.04955395932471,8.829000000000008,0.35996814134638466,-0.012988838373672706,0.4263302266018776,-74.35626697668688,4.687662695552481,4.233542797698375,-1.8048423607361868,0.0,2.220446049250313e-16,5.113992922154359,-71.9275665397247
72.10000000000018,0.0,453.0,498.5051588033269,497.6744950353185,0.9999999826930472,T_SOFT_ACC,caténaire,,74.37845527193971,6.31616016507606,74.37845527193971,0.005729118850253105,-0.9999835884639307,0.7407710932301035,0.6717575361949261,20.21156748794612,-488.6638516963095,5.0,-75.0,-4.678828870499824,-4.242928190704032,0.04322766795852847,88.05905774792444,8.829000000000008,0.36439879745870396,-0.012870442779600921,0.42612301015117726,-74.37723460723824,4.678828870499824,4.242928190704032,-1.8052044842611172,0.0,4.440892098500626e-16,5.104951880651002,-71.93951090079531
72.20000000000017,0.0,453.0,498.6051588017692,497.7736371997951,0.9999999844237425,T_SOFT_ACC,caténaire,,74.39935907078204,6.315907652545777,74.39935907078204,0.005724766343617681,-0.9999836133908949,0.7394042642238952,0.6732617128929286,20.20927461768156,-488.746228768718,5.0,-75.0,-4.670009050736679,-4.252258804626525,0.03898779603550131,88.0684751565005,8.829000000000008,0.368978745298822,-0.012783648126031721,0.42591894679513986,-74.39813991756728,4.670009050736679,4.252258804626525,-1.8055666077866743,0.0,2.220446049250313e-16,5.095927997531819,-71.95144772072743
72.30000000000017,0.0,453.0,498.70515880036737,497.8727647854447,0.9999999859813682,T_SOFT_ACC,caténaire,,74.42020864336234,6.315655284264891,74.42020864336234,0.0057204732371510586,-0.9999836379591134,0.7380446848354604,0.674751838223599,20.207104729638157,-488.82861021561547,5.0,-75.0,-4.661235813804692,-4.261500012644322,0.03491759912066969,88.07782884647739,8.829000000000008,0.37368178531597795,-0.012671166166938974,0.42571881184755217,-74.41899097686573,4.661235813804692,4.261500012644322,-1.8059287313127954,0.0,4.440892098500626e-16,5.086954625652244,-71.9634196955342
72.40000000000016,0.0,453.0,498.8051587991057,497.971935164816,0.9999999873832314,T_SOFT_ACC,caténaire,,74.44100019769833,6.3154027613317085,74.44100019769833,0.00571623241922198,-0.999983662210003,0.7366883569151738,0.6762324044184969,20.205059390695826,-488.91099599833296,5.0,-75.0,-4.652483683503007,-4.270679994166556,0.031024178860942192,88.0871003434079,8.829000000000008,0.3785404953579352,-0.012579650758667071,0.425522058649393,-74.43978399626994,4.652483683503007,4.270679994166556,-1.8062908548394245,0.0,2.220446049250313e-16,5.0780057421524,-71.9753948569428
72.50000000000016,0.0,453.0,498.90515879797016,498.0711240777359,0.9999999886449082,T_SOFT_ACC,caténaire,,74.46173805560919,6.3151502340102175,74.46173805560919,0.005712047694987332,-0.9999836861224938,0.7353371355417843,0.6777014808108388,20.203140219548445,-488.99338608526483,5.0,-75.0,-4.643764483593102,-4.279786665131639,0.02731474389406115,88.0963047389943,8.829000000000008,0.38355026030095996,-0.012481926137340338,0.425328999225293,-74.46052329593564,4.643764483593102,4.279786665131639,-1.80665297836651,0.0,-2.220446049250313e-16,5.069093482818395,-71.98738960917052
72.60000000000015,0.0,453.0,499.0051587969482,498.1703363149305,0.9999999897804174,T_SOFT_ACC,caténaire,,74.482422459215,6.314897675395962,74.482422459215,0.0057079189399943464,-0.9999837096980002,0.733990795173263,0.6791594161910155,20.201348885278126,-489.07578044271156,5.0,-75.0,-4.6350767662016725,-4.288822218527923,0.023797042718830045,88.10543754472592,8.829000000000008,0.3887202765171578,-0.012384673802017687,0.4251396298516136,-74.48120911805947,4.6350767662016725,4.288822218527923,-1.8070151018940068,0.0,-4.440892098500626e-16,5.060216396053286,-71.99940200142555
72.70000000000014,0.0,453.0,499.10515879602843,498.2695408928421,0.9999999908023757,T_SOFT_ACC,caténaire,,74.50305378193184,6.314645226002277,74.50305378193184,0.005703850603215169,-0.999983732911839,0.7326516548925448,0.6806038146992824,20.19968711037714,-489.1581790371466,5.0,-75.0,-4.626435274889876,-4.2977716292897625,0.020479253012561215,88.11449911934359,8.829000000000008,0.394043978122685,-0.012272509946171795,0.42495428825544407,-74.5018418341877,4.626435274889876,4.2977716292897625,-1.8073772254218738,0.0,-4.440892098500626e-16,5.05138956314532,-72.0114474303198
72.80000000000014,0.0,453.0,499.20515879520065,498.3687505187712,0.999999991722138,T_SOFT_ACC,caténaire,,74.52362778305229,6.314392796383532,74.52362778305229,0.005699841393872087,-0.999983755772105,0.7313189198734849,0.6820356570114787,20.198156668602984,-489.2405818300539,5.0,-75.0,-4.617834919508119,-4.306641039509991,0.017370141010626606,88.12347877979182,8.829000000000008,0.3995352215025081,-0.012162259718166979,0.4247728584593573,-74.52241720425901,4.617834919508119,4.306641039509991,-1.807739348950074,0.0,0.0,5.042607777967476,-72.02351551369911
72.90000000000013,0.0,453.0,499.3051587944556,498.46796291728987,0.9999999925499242,T_SOFT_ACC,caténaire,,74.54414291149371,6.314140394655935,74.54414291149371,0.005695892079862286,-0.9999837782751351,0.7299928681671743,0.6834547625300903,20.196759389540418,-489.3229887835871,5.0,-75.0,-4.6092774567051,-4.315429324011222,0.014478915182728142,88.13237794636386,8.829000000000008,0.40520145847762823,-0.01205137764736719,0.4245953932096994,-74.5429336769171,4.6092774567051,4.315429324011222,-1.8081014724785738,0.0,0.0,5.0338728499147996,-72.03560582538445
73.00000000000013,0.0,453.0,499.4051587937851,498.5672032070669,0.9999999932949318,T_SOFT_ACC,caténaire,,74.56459805399422,6.313887905985588,74.56459805399422,0.005692000017086164,-0.9999838004366898,0.7286718456254935,0.6848630092162498,20.195497161109813,-489.4053998596998,5.0,-75.0,-4.6007523535270005,-4.324148271147376,0.01181532405137707,88.14119617843113,8.829000000000008,0.4110629705243767,-0.011952092716256857,0.424421693397358,-74.56339014006734,4.6007523535270005,4.324148271147376,-1.8084635960073432,0.0,4.440892098500626e-16,5.025174046924358,-72.0477054649273
73.10000000000012,0.0,453.0,499.50515879318164,498.66641379618324,0.9999999939654387,T_SOFT_ACC,caténaire,,74.58499624800973,6.313635613001646,74.58499624800973,0.005688173115219215,-0.9999838222124452,0.7273600442718886,0.6862560498799236,20.194371936296246,-489.48781502424765,5.0,-75.0,-4.59228627898945,-4.33277063615972,0.009389626613991727,88.14994181121351,8.829000000000008,0.4171033476245416,-0.011828824946221062,0.4242523704566549,-74.58378962778565,4.59228627898945,4.33277063615972,-1.8088257195363555,0.0,0.0,5.016538649446105,-72.05984471116228
73.20000000000012,0.0,453.0,499.6051587926385,498.76571040305504,0.9999999945688949,T_SOFT_ACC,caténaire,,74.60533145114327,6.31338295094617,74.60533145114327,0.005684397249460835,-0.9999838436834418,0.7260494295730132,0.6876425130957963,20.193385727780377,-489.5702342350427,5.0,-75.0,-4.583828090210454,-4.341350518524778,0.007212855267901923,88.15859762620195,8.829000000000008,0.42338476505744804,-0.011752892322832054,0.42408634089599273,-74.60412610379142,4.583828090210454,4.341350518524778,-1.8091878430655863,0.0,4.440892098500626e-16,5.007914431106446,-72.07196342833223
73.30000000000011,0.0,453.0,499.7051587921497,498.8649699630546,0.9999999951120054,T_SOFT_ACC,caténaire,,74.6256150027544,6.313130571065768,74.6256150027544,0.005680688944259939,-0.9999838647563862,0.7247488191893546,0.689013170471825,20.192540628450406,-489.6526574658104,5.0,-75.0,-4.575433926768132,-4.349830110372628,0.005296454379679763,88.1671976551737,8.829000000000008,0.4298625276115482,-0.011632455198935077,0.4239249061047456,-74.6244109002765,4.575433926768132,4.349830110372628,-1.8095499665950139,0.0,-2.220446049250313e-16,4.999358832872877,-72.0841307564989
73.4000000000001,0.0,453.0,499.80515879170974,498.9642549905875,0.9999999956008049,T_SOFT_ACC,caténaire,,74.64583916788715,6.312878110410702,74.64583916788715,0.0056770406454697804,-0.999983885474916,0.7234539260829868,0.6903726651853421,20.191838796806632,-489.73508467530814,5.0,-75.0,-4.567076453859969,-4.358238486074443,0.0036528817383950085,88.17570986552735,8.829000000000008,0.43657642787842565,-0.01152862054709658,0.42376746297129547,-74.64463628563946,4.567076453859969,4.358238486074443,-1.8099120901246186,0.0,0.0,4.990843916831265,-72.09630988968964
73.5000000000001,0.0,453.0,499.9051587913138,499.0635978256171,0.9999999960407244,T_SOFT_ACC,caténaire,,74.6660048688673,6.312625453280678,74.6660048688673,0.005673449175970834,-0.9999839058577131,0.722162640115385,0.6917232981630566,20.1912824699766,-489.81751582792174,5.0,-75.0,-4.558742263400753,-4.36659009861137,0.0022952486020955693,88.18414628741735,8.829000000000008,0.44355298520134223,-0.011443811194027376,0.4236137837963095,-74.66480318356095,4.558742263400753,4.36659009861137,-1.8102742136543823,0.0,-4.440892098500626e-16,4.9823560471970625,-72.10848729860396
73.6000000000001,0.0,453.0,500.00515879095747,499.1629433962298,0.9999999964366519,T_SOFT_ACC,caténaire,,74.68611828551947,6.312372894845507,74.68611828551947,0.005669922351963776,-0.9999839258610724,0.7208789749066268,0.6930609666815545,20.190873972612916,-489.89995089441436,5.0,-75.0,-4.550456901664605,-4.37485926055607,0.001237508632943637,88.19252055523981,8.829000000000008,0.45078060696833866,-0.011338705316262576,0.4234644914484773,-74.6849177704782,4.550456901664605,4.37485926055607,-1.8106363371842893,0.0,-4.440892098500626e-16,4.973921393113082,-72.12069484710642
73.70000000000009,0.0,453.0,500.1051587906368,499.26231357565615,0.9999999967929868,T_SOFT_ACC,caténaire,,74.7061764135179,6.312120301914016,74.7061764135179,0.005666458058326345,-0.9999839454976631,0.719601536236056,0.6943872327791664,20.190615713131642,-489.98238983872864,5.0,-75.0,-4.542211466164123,-4.383055749415269,0.0004946320688986076,88.20081806561828,8.829000000000008,0.458283165904775,-0.01123768379699186,0.42331941534512796,-74.70497704303409,4.542211466164123,4.383055749415269,-1.810998460714326,0.0,4.440892098500626e-16,4.965530881509252,-72.13291975433316
73.80000000000008,0.0,453.0,500.20515879034815,499.3616959117816,0.9999999971136881,T_SOFT_ACC,caténaire,,74.72617903718087,6.311867736731167,74.72617903718087,0.005663058630043909,-0.9999839647549117,0.7183313430456875,0.6957011438816088,20.190510191565785,-490.064832626211,5.0,-75.0,-4.534012428452843,-4.391173604473294,8.257568318414668e-05,88.20904181164632,8.829000000000008,0.466070147230341,-0.011131792826986953,0.42317873308671333,-74.7249807845855,4.534012428452843,4.391173604473294,-1.8113605842444787,0.0,0.0,4.957191161539556,-72.14516776435669
73.90000000000008,0.0,453.0,500.3051587900884,499.4610719107717,0.9999999974023194,T_SOFT_ACC,caténaire,,74.74612468396401,6.311615271300482,74.74612468396401,0.005659727045722677,-0.9999839836166217,0.7170698235701893,0.6970013401170888,20.190560002775072,-490.14727922058296,5.0,-75.0,-4.5258688490343495,-4.399204302399919,-1.840025712785042e-05,88.21718830563822,8.829000000000008,0.47411275070852277,-0.011015996761713609,0.42304266343679053,-74.74492752137503,4.5258688490343495,4.399204302399919,-1.8117227077747353,0.0,0.0,4.94891151247114,-72.15744592674984
74.00000000000007,0.0,453.0,500.4051587898546,499.56044865973627,0.9999999976620875,T_SOFT_ACC,caténaire,,74.76600969818634,6.311362848782656,74.76600969818634,0.005656462855598928,-0.999984002086015,0.7158166245645784,0.6982883072177087,20.190767826849587,-490.22972958226177,5.0,-75.0,-4.517778450817882,-4.407150879913177,-0.00032030331355027036,88.22525046547271,8.829000000000008,0.481901245868567,-0.01090041444047074,0.4229111567191402,-74.76481359799419,4.517778450817882,4.407150879913177,-1.8120848313050866,0.0,4.440892098500626e-16,4.940689607537022,-72.1697475493861
74.10000000000007,0.0,453.0,500.5051587896442,499.659872968617,0.9999999978958787,T_SOFT_ACC,caténaire,,74.78583213222682,6.3111102572091085,74.78583213222682,0.005653260920376862,-0.999984020192806,0.714568668205059,0.6995653067581671,20.19113625916872,-490.31218367176285,5.0,-75.0,-4.5097216513892,-4.415033783069105,-0.0010066654439573153,88.23322848963633,8.829000000000008,0.48927168316684266,-0.010805293432781582,0.42278382219098204,-74.7846370690485,4.5097216513892,4.415033783069105,-1.8124469548355227,0.0,0.0,4.932505473580182,-72.18205024081492
74.20000000000006,0.0,453.0,500.60515878945483,499.7592799490045,0.9999999981062908,T_SOFT_ACC,caténaire,,74.80559728357139,6.31085783484524,74.80559728357139,0.005650130050076822,-0.999984037887814,0.7133305956703565,0.7008276972841287,20.191667755711947,-490.39464145648225,5.0,-75.0,-4.5017279785210915,-4.422823964282093,-0.002094935275639097,88.24113709306299,8.829000000000008,0.4961770862032697,-0.010686871219107275,0.4226613531258518,-74.8044032282354,4.5017279785210915,4.422823964282093,-1.812809078366034,0.0,-2.220446049250313e-16,4.924389331646943,-72.19438834231934
74.30000000000005,0.0,453.0,500.7051587892844,499.8587654827669,0.9999999982956618,T_SOFT_ACC,caténaire,,74.82530051004504,6.310605108179859,74.82530051004504,0.005647059102572127,-0.9999840552346282,0.7120959031188765,0.7020822065551239,20.19236461753498,-490.47710289598507,5.0,-75.0,-4.493756043735932,-4.430563559048951,-0.0036013312253821593,88.24895950531122,8.829000000000008,0.5026426250386864,-0.010604053737736763,0.4225428943479447,-74.82410743818453,4.493756043735932,4.430563559048951,-1.8131712018966146,0.0,-4.440892098500626e-16,4.916298938083877,-72.20671508103219
74.40000000000005,0.0,453.0,500.805158789131,499.9582394332916,0.9999999984660956,T_SOFT_ACC,caténaire,,74.84495039352203,6.310352560510052,74.84495039352203,0.005644060121355208,-0.9999840721658253,0.7108709323064961,0.7033224847832558,20.193228998961764,-490.5595679618245,5.0,-75.0,-4.4858462078724655,-4.43821284271631,-0.005540903341180966,88.25672137485151,8.829000000000008,0.5086128887863532,-0.010491467864810033,0.42242939980088645,-74.84375827556335,4.4858462078724655,4.43821284271631,-1.8135333254272568,0.0,-4.440892098500626e-16,4.908275607673352,-72.21907875827429
74.50000000000004,0.0,453.0,500.9001587889776,500.05774552100996,0.9499999984660984,PILOT_DESC_ACC,caténaire,,74.86454223833906,6.310099937743157,74.86454223833906,0.0056411282312336455,-0.9999840887095547,0.7096527356068119,0.7045516268136555,20.194262889346483,-490.6420366155325,5.0,-75.0,-4.477979682771805,-4.445791176493687,-0.007927179893581042,88.26440124280545,8.829000000000008,0.5140931373346138,-0.010389933688244923,0.42232048273907813,-74.86335104686344,4.477979682771805,4.445791176493687,-1.8138773427813388,0.0,-2.220446049250313e-16,4.900300165510883,-72.2314372131511
74.60000000000004,0.0,453.0,500.9901587888242,500.15613004688754,0.8999999984661012,PILOT_DESC_ACC,caténaire,,74.88374092250689,6.309853473805357,74.88374092250689,0.005638432422648257,-0.9999841039135648,0.7085365797389643,0.7056740856598109,20.195468114650062,-490.72450882239696,5.0,-75.0,-4.47076199898407,-4.452700080774977,-0.010772244528184392,88.27200713830626,8.829000000000008,0.5184657564877453,-0.009692942468717547,0.42222691274665497,-74.8825505640886,4.47076199898407,4.452700080774977,-1.8142032539588615,0.0,-4.440892098500626e-16,4.8929889117307255,-72.2440537372725
74.70000000000003,0.0,453.0,501.0751587886708,500.25239810519037,0.8499999984661041,PILOT_DESC_ACC,caténaire,,74.90220952731873,6.3096168246662545,74.90220952731873,0.0056361043345899515,-0.9999841170378305,0.7075996077445673,0.7066136109074991,20.196846133150217,-490.806984347823,5.0,-75.0,-4.4646823901523645,-4.45846112792013,-0.014082501861885066,88.27911115547049,8.829000000000008,0.5212351079857509,-0.008349972449650522,0.4221566677872859,-74.9010198583584,4.4646823901523645,4.45846112792013,-1.8145110589598241,0.0,-4.440892098500626e-16,4.886839057939651,-72.25706978939809
74.80000000000003,0.0,453.0,501.15515878851744,500.3460029142601,0.7999999984661069,PILOT_DESC_ACC,caténaire,,74.91959486034607,6.309390895308865,74.91959486034607,0.005634210477655178,-0.9999841277101819,0.706883818226232,0.7073296738649549,20.198397869632494,-490.88946274111635,5.0,-75.0,-4.460006326757755,-4.4628194042653355,-0.01785688339494695,88.28525060535189,8.829000000000008,0.5221367898472984,-0.006568798913448859,0.4221127663438428,-74.91840571482338,4.460006326757755,4.4628194042653355,-1.814800757784227,0.0,0.0,4.882119093101598,-72.27038706834227
74.90000000000002,0.0,453.0,501.23015878836407,500.4363634880715,0.7499999984661098,PILOT_DESC_ACC,caténaire,,74.93559654956097,6.309176858988557,74.93559654956097,0.005632816555316903,-0.9999841355629868,0.7064309494737373,0.7077819675759154,20.20012362661682,-490.9719434054006,5.0,-75.0,-4.456997798893018,-4.465521611039354,-0.022086606844897955,88.29011243051352,8.829000000000008,0.5209155942620844,-0.004409180525840384,0.42209846882691526,-74.93440773850946,4.456997798893018,4.465521611039354,-1.8150723504320696,0.0,-6.661338147750939e-16,4.879096267719933,-72.28395847790219
75.00000000000001,0.0,453.0,501.3001587882107,500.5231324647454,0.6999999984661126,PILOT_DESC_ACC,caténaire,,74.94995633553982,6.308974876637613,74.94995633553982,0.0056319570877810905,-0.9999841404039173,0.7062651861700743,0.7079473757308168,20.20202299937279,-491.05442561749635,5.0,-75.0,-4.455809315790785,-4.466422207467252,-0.026754086679205938,88.29342612179882,8.829000000000008,0.5174365975300095,-0.001996085668437786,0.4221149378128268,-74.94876765950592,4.455809315790785,4.466422207467252,-1.8153258369033525,0.0,-4.440892098500626e-16,4.877924253603612,-72.29767128894203
75.10000000000001,0.0,453.0,501.3651587880726,500.60590867918444,0.6499999986195013,PILOT_DESC_ACC,caténaire,,74.96247364593735,6.308785620100263,74.96247364593735,0.005631672551221692,-0.9999841420064,0.7064135936765739,0.7077992898194716,20.20409483072205,-491.1369085698314,5.0,-75.0,-4.456611921630119,-4.465353981530261,-0.03183306979654633,88.29501091343234,8.829000000000008,0.5115550085733345,0.0006569319020712783,0.4221641052035049,-74.96128489151003,4.456611921630119,4.465353981530261,-1.8155612171981312,0.0,4.440892098500626e-16,4.878776026833624,-72.31149212717791
75.2,0.0,453.0,501.4336587879484,500.68453431726255,0.6849999987575511,T_HARD_ACC,caténaire,,74.97297927431991,6.30860877016838,74.97297927431991,0.005631974233565582,-0.9999841403073514,0.7068862289185386,0.7073272646839844,20.206337162915798,-491.2193913748603,5.0,-75.0,-4.459468663266746,-4.462250985364595,-0.03728804599538354,88.29469554194878,8.829000000000008,0.5032432907378706,0.0034445565841849657,0.4222458874866162,-74.97179022591168,4.459468663266746,4.462250985364595,-1.8158092718165517,0.0,0.0,4.881714550753362,-72.32534851236363
75.3,0.0,453.0,501.50530878783655,500.76092484960793,0.716499998881796,T_HARD_ACC,caténaire,,74.98192195834976,6.308433552318999,74.98192195834976,0.005632581881669718,-0.9999841368848539,0.7075260320094483,0.7066872816380421,20.20874722823321,-491.3018731004143,5.0,-75.0,-4.46338095946753,-4.458089758482531,-0.04307520441041208,88.29238448359962,8.829000000000008,0.49354383612205766,0.005294725117082066,0.42234181507537366,-74.98073251148786,4.46338095946753,4.458089758482531,-1.81606873332625,0.0,-4.440892098500626e-16,4.885722774542904,-72.33871148633158
75.39999999999999,0.0,453.0,501.5797937877359,500.8363677764738,0.7448499989936165,T_HARD_ACC,caténaire,,74.9897706738408,6.308255349884515,74.9897706738408,0.005633319950845545,-0.9999841327272806,0.7082311189475117,0.7059806528187266,20.211321793929166,-491.38435312945654,5.0,-75.0,-4.467702745055337,-4.453506230058695,-0.049156129285004985,88.28875246633564,8.829000000000008,0.4831411256596585,0.006246236276936656,0.4224413712462795,-74.98858079069835,4.467702745055337,4.453506230058695,-1.816338461038098,0.0,4.440892098500626e-16,4.890144116301616,-72.35141302167776
75.49999999999999,0.0,453.0,501.65683028764533,500.9118465508639,0.7703649990942548,T_HARD_ACC,caténaire,,74.99699398935101,6.308071836262374,74.99699398935101,0.005634064630510897,-0.9999841285319179,0.708927171772037,0.7052816920375153,20.214057391830263,-491.4668311456749,5.0,-75.0,-4.471963526216325,-4.448967578173323,-0.05549760542002916,88.28444336164428,8.829000000000008,0.4725388683636451,0.006475783470946794,0.42253791123004086,-74.99580367695465,4.471963526216325,4.448967578173323,-1.816617428331881,0.0,-4.440892098500626e-16,4.894501437446366,-72.36345352711321
75.59999999999998,0.0,453.0,501.73616313756384,500.98785903964887,0.7933284991848293,T_HARD_ACC,caténaire,,75.0040130549775,6.307882940506269,75.0040130549775,0.005634758514339773,-0.9999841246222287,0.7095769459441114,0.7046279569990304,20.216950486747013,-491.5493070740084,5.0,-75.0,-4.475928312297399,-4.444710669357968,-0.062071906631378626,88.27997367557369,8.829000000000008,0.4619997810712224,0.006263006215704081,0.42262950117118603,-75.0028223379359,4.475928312297399,4.444710669357968,-1.8169047112494057,0.0,-4.440892098500626e-16,4.898557813468585,-72.37501637982733
75.69999999999997,0.0,453.0,501.8175627024905,501.0648926590969,0.8139956492663464,T_HARD_ACC,caténaire,,75.01114600332168,6.307688160972215,75.01114600332168,0.0056353482618851265,-0.999984121298917,0.7101458948579368,0.7040545490346755,20.21999756455778,-491.6317809868796,5.0,-75.0,-4.479378853558427,-4.4409565436246545,-0.06885521049896169,88.27565913702459,8.829000000000008,0.4517659359426114,0.005702593399931288,0.4227139312518303,-75.00995492375641,4.479378853558427,4.4409565436246545,-1.8171994782282974,0.0,-4.440892098500626e-16,4.902092784810257,-72.38619785836006
75.79999999999997,0.0,453.0,501.90082231092447,501.14322975355134,0.8325960843397118,T_HARD_ACC,caténaire,,75.01863533370134,6.307487642780182,75.01863533370134,0.005635806914081766,-0.9999841187141059,0.7106147011562839,0.7035813716270245,20.223195212769916,-491.71425307270204,5.0,-75.0,-4.482193446321193,-4.437830807227788,-0.07582825952091742,88.27174803003334,8.829000000000008,0.4419782941578898,0.004917222805545407,0.4227905436986527,-75.01744394130621,4.482193446321193,4.437830807227788,-1.8175009808624198,0.0,4.440892098500626e-16,4.904983990019845,-72.39711411494085
75.89999999999996,0.0,453.0,501.985755958515,501.2229406613336,0.8493364759057406,T_HARD_ACC,caténaire,,75.02665266194958,6.307282111899289,75.02665266194958,0.0056361330237724,-0.9999841168761323,0.7109791685578868,0.7032130700411761,20.226540167638653,-491.79672359481265,5.0,-75.0,-4.484346191778188,-4.4353632175244915,-0.08297557031596825,88.26840070919076,8.829000000000008,0.4326782379058436,0.00403749166625289,0.42286019473111547,-75.02546100433197,4.484346191778188,4.4353632175244915,-1.81780854558625,0.0,2.220446049250313e-16,4.907206386509304,-72.40790633239372
75.99999999999996,0.0,453.0,502.07219624134655,501.30406225295485,0.8644028283151666,T_HARD_ACC,caténaire,,75.03529788415577,6.307072034216942,75.03529788415577,0.005636328021728699,-0.9999841157770615,0.7112376192970052,0.7029516689621899,20.230029328087724,-491.87919284779144,5.0,-75.0,-4.485826898351178,-4.433566812717554,-0.09028416858151368,88.26568402034863,8.829000000000008,0.42388893306730857,0.003117207631063934,0.4229235520832273,-75.03410600675592,4.485826898351178,4.433566812717554,-1.8181215661908168,0.0,0.0,4.908750450434405,-72.41866076022917
76.09999999999995,0.0,453.0,502.1599924958949,501.38658479647313,0.8779625454836499,T_HARD_ACC,caténaire,,75.04462119972109,6.3068578388653815,75.04462119972109,0.005636397941263471,-0.9999841153829633,0.7113916817448074,0.7027957563505165,20.233659763360958,-491.9616611395773,5.0,-75.0,-4.486646204515865,-4.43243292506058,-0.0977433269856133,88.26362652971497,8.829000000000008,0.4156104684985218,0.0021936046543800103,0.422981348433005,-75.04342914465266,4.486646204515865,4.43243292506058,-1.8184394970880466,0.0,-4.440892098500626e-16,4.90962755294887,-72.42943571668013
76.19999999999995,0.0,453.0,502.24900912498845,501.4704770800589,0.890166290935285,T_HARD_ACC,caténaire,,75.0546384931589,6.306639875985535,75.0546384931589,0.005636350419163279,-0.9999841156508199,0.711444489616942,0.7027422985659032,20.23742871303757,-492.0441287790594,5.0,-75.0,-4.486824187768383,-4.4319426026774575,-0.10534414402641927,88.26223024840513,8.829000000000008,0.4078316682051977,0.0012876457276718156,0.4230342431310645,-75.0534462990735,4.486824187768383,4.4319426026774575,-1.8187618472486728,0.0,-2.220446049250313e-16,4.9098584308994475,-72.44026554364471
76.29999999999994,0.0,453.0,502.3391240911726,501.55577097513464,0.9011496618417565,T_HARD_ACC,caténaire,,75.06534324118056,6.306418105418875,75.06534324118056,0.005636184713541974,-0.999984116584796,0.7113948590882239,0.7027925401303332,20.241333583284526,-492.1265960691047,5.0,-75.0,-4.4863534194558845,-4.4321035994312545,-0.11307925436348709,88.2614822700426,8.829000000000008,0.40056732618062796,0.00037867061134022606,0.42308214009272316,-75.06415094716642,4.4863534194558845,4.4321035994312545,-1.819088174746357,0.0,-4.440892098500626e-16,4.909435559548608,-72.45113552248152
76.39999999999993,0.0,453.0,502.4302275607384,501.6423236053333,0.9110346956575809,T_HARD_ACC,caténaire,,75.07672556553938,6.306193268310868,75.07672556553938,0.005635920808538257,-0.999984118072202,0.7112536004123238,0.7029354991039409,20.245371951689318,-492.2090633135299,5.0,-75.0,-4.485302666982064,-4.432847112506012,-0.12094323806888996,88.26138461920164,8.829000000000008,0.39375409494904545,-0.0004624933043828605,0.4231264798517395,-75.07553320240463,4.485302666982064,4.432847112506012,-1.8194180818473917,0.0,4.440892098500626e-16,4.908429146833804,-72.462104171746
76.49999999999993,0.0,453.0,502.52222068334754,501.7299869295525,0.9199312260918228,T_HARD_ACC,caténaire,,75.08875392760349,6.305965940905011,75.08875392760349,0.005635578038448855,-0.999984120003999,0.7110317562701929,0.7031598975875437,20.249541546333187,-492.2915307933139,5.0,-75.0,-4.48374203794171,-4.434102365197306,-0.12893101256888273,88.26188841011589,8.829000000000008,0.3873269494894078,-0.0012139550814254108,0.4231685325688924,-75.0875615184914,4.48374203794171,4.434102365197306,-1.8197512105914433,0.0,-2.220446049250313e-16,4.906910570510602,-72.47321036388554
76.59999999999992,0.0,453.0,502.6150144936958,501.8187456196424,0.9279381034826405,T_HARD_ACC,caténaire,,75.1013799145897,6.305736011981839,75.1013799145897,0.005635158899114911,-0.9999841223660412,0.7107312085966092,0.7034636800338756,20.25384022408233,-492.37399875934614,5.0,-75.0,-4.481683376887015,-4.435856260310879,-0.1370375229795833,88.2629292401991,8.829000000000008,0.38127910013340127,-0.0019270201117933539,0.42320820936151,-75.10018748236962,4.481683376887015,4.435856260310879,-1.820087238814209,0.0,2.220446049250313e-16,4.904891586248525,-72.48441846087294
76.69999999999992,0.0,453.0,502.7085289230092,501.908511152873,0.9351442931343764,T_HARD_ACC,caténaire,,75.11456281301525,6.305503785973408,75.11456281301525,0.005634674757677154,-0.9999841250941812,0.7103588571212134,0.7038396792661263,20.2582659681612,-492.4564674496892,5.0,-75.0,-4.479170462977554,-4.438063762330869,-0.14525875419261428,88.26447966225952,8.829000000000008,0.3755707828298318,-0.002584100071359785,0.4232461310164521,-75.11337037640497,4.479170462977554,4.438063762330869,-1.820425876567818,0.0,-4.440892098500626e-16,4.902416593994006,-72.49573249064193
76.79999999999991,0.0,453.0,502.80269190939134,501.99921151396813,0.9416298638209388,T_HARD_ACC,caténaire,,75.12826096776965,6.305269458505378,75.12826096776965,0.005634134586448754,-0.9999841281377727,0.709920414879731,0.7042819070066976,20.262816874999682,-492.53893708362295,5.0,-75.0,-4.476239509910634,-4.440687198427255,-0.15359094463765005,88.26649948366159,8.829000000000008,0.37016954545171554,-0.003187714765672922,0.4232827335382589,-75.1270685423622,4.476239509910634,4.440687198427255,-1.8207668628991864,0.0,-2.220446049250313e-16,4.899522243448893,-72.50714820683413
76.8999999999999,0.0,453.0,502.89743859713525,502.09075223564435,0.947466877438845,T_HARD_ACC,caténaire,,75.14243368385866,6.305033322756657,75.14243368385866,0.005633549799203366,-0.9999841314324243,0.709423074128112,0.7047828757103988,20.26749114339299,-492.6214078625137,5.0,-75.0,-4.472936122310212,-4.4436795166623275,-0.16203058965410744,88.26895037486574,8.829000000000008,0.36503328803568014,-0.003729141796597446,0.4233186421913541,-75.14124128107194,4.472936122310212,4.4436795166623275,-1.8211099629505376,0.0,2.220446049250313e-16,4.896254764501567,-72.51867172736016
76.9999999999999,0.0,453.0,502.9927106161047,502.1830905449535,0.9527201896949604,T_HARD_ACC,caténaire,,75.15703842921963,6.304795416420632,75.15703842921963,0.005632925301376702,-0.9999841349504247,0.7088704437251453,0.7053387087158309,20.272287060495877,-492.70387996688936,5.0,-75.0,-4.469283124434355,-4.447016257735618,-0.17057408748110775,88.27178774594071,8.829000000000008,0.3601427880845369,-0.004228511794906353,0.4233539833444923,-75.15584605907901,4.469283124434355,4.447016257735618,-1.821454965349873,0.0,4.440892098500626e-16,4.892637107778848,-72.53028476669327
77.0999999999999,0.0,453.0,503.0829826350742,502.27612743527493,0.9027201896949633,PILOT_DESC_ACC,caténaire,,75.1720383800971,6.304556067534525,75.1720383800971,0.005632272734300194,-0.9999841386261316,0.7082699242062612,0.7059417217199002,20.27720299535697,-492.7863535632125,5.0,-75.0,-4.465327448106803,-4.450649164994966,-0.1792181377818607,88.27498150619026,8.829000000000008,0.35545441411133716,-0.004667658804720531,0.42338942214998865,-75.1708460482919,4.465327448106803,4.450649164994966,-1.8217818615726487,0.0,-6.661338147750939e-16,4.888716870256792,-72.54197874486958
77.19999999999989,0.0,453.0,503.16825465404366,502.3685132386338,0.8527201896949661,PILOT_DESC_ACC,caténaire,,75.18702648643296,6.304322253812841,75.18702648643296,0.005631783775329008,-0.999984141380006,0.7077307332604781,0.7064822780499069,20.28223738444859,-492.86882879776283,5.0,-75.0,-4.461762611401312,-4.453891947434419,-0.1879590652674888,88.27848846878379,8.829000000000008,0.35027832333119946,-0.004403478650630177,0.4234370758815255,-75.18583412395142,4.461762611401312,4.453891947434419,-1.8220906516188646,0.0,-2.220446049250313e-16,4.885199687282838,-72.55403282813587
77.29999999999988,0.0,453.0,503.24852667301315,502.4592236369146,0.8027201896949689,PILOT_DESC_ACC,caténaire,,75.20159781240991,6.304097499295046,75.20159781240991,0.005631592477821803,-0.999984142457351,0.7073322812939035,0.7068812091430654,20.287388503341596,-492.9513055807651,5.0,-75.0,-4.459091665675556,-4.456248062857457,-0.19677633570284317,88.28180331311597,8.829000000000008,0.3441319986216005,-0.0034447497414902273,0.42350475256054826,-75.20040529986534,4.459091665675556,4.456248062857457,-1.8223813354885205,0.0,-2.220446049250313e-16,4.882596418236105,-72.5665385724964
77.39999999999988,0.0,453.0,503.32379869198263,502.54745571452366,0.7527201896949718,PILOT_DESC_ACC,caténaire,,75.21535157477825,6.303883690608528,75.21535157477825,0.005631795466040889,-0.9999841413141655,0.7071342133658536,0.7070793479429698,20.292654305065284,-493.03378359014766,5.0,-75.0,-4.457691834708295,-4.457345969463799,-0.20563580035435797,88.2844287275277,8.829000000000008,0.3366723649373471,-0.0019172419361126458,0.4235974759755076,-75.21415875814769,4.457691834708295,4.457345969463799,-1.8226539131816166,0.0,4.440892098500626e-16,4.881289310683803,-72.5794667018655
77.49999999999987,0.0,453.0,503.3940707109521,502.63268323526916,0.7027201896949746,PILOT_DESC_ACC,caténaire,,75.22792454004808,6.303681404861938,75.22792454004808,0.00563245037723391,-0.9999841376255666,0.7071745846101265,0.7070389712607751,20.29803230538365,-493.1162623138758,5.0,-75.0,-4.45780327899782,-4.456948415649262,-0.21449213313897383,88.28595800456289,8.829000000000008,0.3277045878632068,9.588913613356453e-06,0.4237175519541179,-75.22673124654118,4.45780327899782,4.456948415649262,-1.8229083846981526,0.0,4.440892098500626e-16,4.881520830951938,-72.59269121559007
77.59999999999987,0.0,453.0,503.46731552802464,502.71445009172476,0.7324481707254772,T_HARD_ACC,caténaire,,75.23902124407341,6.3034911716579165,75.23902124407341,0.0056336042654282666,-0.9999841311255797,0.7074851465744455,0.7067282132308964,20.303519517559952,-493.1987411067656,5.0,-75.0,-4.4596263755111245,-4.454855052862529,-0.2232920332209012,88.28610606728179,8.829000000000008,0.3170815912679741,0.002251014419258013,0.42386687100725995,-75.23782728549378,4.4596263755111245,4.454855052862529,-1.8231736214161547,0.0,0.0,4.883493246518384,-72.60614585404741
77.69999999999986,0.0,453.0,503.54323586338995,502.79425043541835,0.7592033536529295,T_HARD_ACC,caténaire,,75.24894025430052,6.303303586477244,75.24894025430052,0.005635028428958993,-0.9999841231012645,0.7079411318561035,0.7062714448611801,20.30911240334002,-493.28121921876004,5.0,-75.0,-4.462367875443337,-4.4518433314199415,-0.23197523392337138,88.28464839906168,8.829000000000008,0.3056568906332915,0.0038050676417356044,0.4240299175820202,-75.24774553449615,4.462367875443337,4.4518433314199415,-1.823448546815477,0.0,4.440892098500626e-16,4.886397793025357,-72.61935074989168
77.79999999999986,0.0,453.0,503.62156416521873,502.8732812325721,0.7832830182876365,T_HARD_ACC,caténaire,,75.25800743836038,6.303113704724736,75.25800743836038,0.005636555985813072,-0.9999841144921346,0.7084487485940086,0.7057622621078453,20.314807155075773,-493.36369613121025,5.0,-75.0,-4.465433016357985,-4.448499786569491,-0.2405023434131015,88.28208043123112,8.829000000000008,0.2940646402289131,0.0045806446616296626,0.4241959723070549,-75.25681192669128,4.465433016357985,4.448499786569491,-1.8237321920279868,0.0,-4.440892098500626e-16,4.88962898866504,-72.63204433214979
77.89999999999985,0.0,453.0,503.7020596368646,502.95230269299714,0.8049547164588728,T_HARD_ACC,caténaire,,75.26659042323149,6.302919708414182,75.26659042323149,0.005638087420563623,-0.9999841058588073,0.708950042433601,0.7052587024159256,20.320599908151525,-493.4461715861765,5.0,-75.0,-4.468455194735815,-4.44518897498795,-0.24885120846630612,88.27896031978251,8.829000000000008,0.28269359679787964,0.004771344794562538,0.4243596166539359,-75.26539412541621,4.468455194735815,4.44518897498795,-1.8240236850723648,0.0,-2.220446049250313e-16,4.8928148113897505,-72.64422883550061
77.99999999999984,0.0,453.0,503.7845055613459,503.031846810865,0.8244592448129856,T_HARD_ACC,caténaire,,75.27502347457052,6.302720892472687,75.27502347457052,0.005639558150657966,-0.9999840975654889,0.7094059889390653,0.7048000729691978,20.326486871290758,-493.52864552113834,5.0,-75.0,-4.471187947731495,-4.442158144919237,-0.25701138037993315,88.2757064263495,8.829000000000008,0.27180067188857215,0.004548281430260204,0.4245178721769839,-75.27382641843938,4.471187947731495,4.442158144919237,-1.824322241165425,0.0,4.440892098500626e-16,4.895705819908478,-72.65599051468557
78.09999999999984,0.0,453.0,503.86870689337906,503.1122829793475,0.8420133203316871,T_HARD_ACC,caténaire,,75.28357693015037,6.302517065153458,75.28357693015037,0.005640926892202735,-0.9999840898453318,0.7097905232408822,0.7044128144188142,20.332464412437048,-493.61111801167334,5.0,-75.0,-4.473466885409862,-4.439573783787352,-0.26498108232189616,88.27261437830563,8.829000000000008,0.2615520322682414,0.0040405945182726555,0.4246691536464987,-75.28237915679745,4.473466885409862,4.439573783787352,-1.824627154002299,0.0,4.440892098500626e-16,4.898136039056361,-72.6674325270124
78.19999999999983,0.0,453.0,503.9544880922089,503.1937734609501,0.8578119882985183,T_HARD_ACC,caténaire,,75.29245421197939,6.302308664091371,75.29245421197939,0.005642178801444094,-0.9999840827825073,0.7100926954622553,0.7041082046469482,20.338529114246196,-493.6935892282695,5.0,-75.0,-4.475223346919767,-4.437507238604282,-0.2727649891793054,88.26988733460189,8.829000000000008,0.25201166390092755,0.003380095997599142,0.42481348906353017,-75.29125576561013,4.475223346919767,4.437507238604282,-1.8249377879086055,0.0,-2.220446049250313e-16,4.900036835983298,-72.67868631491446
78.29999999999983,0.0,453.0,504.0416911711558,503.27645235033117,0.8720307894686665,T_HARD_ACC,caténaire,,75.30178844355332,6.302095883324707,75.30178844355332,0.0056433024398493715,-0.9999840764420065,0.7103039691880352,0.7038950712682415,20.34467779555234,-493.77605939222786,5.0,-75.0,-4.476403720129116,-4.436014230932136,-0.28037138586234545,88.267634048406,8.829000000000008,0.24322489400853886,0.002619817473856756,0.42495076644852564,-75.30058937115803,4.476403720129116,4.436014230932136,-1.8252535707774007,0.0,-4.440892098500626e-16,4.901354486577642,-72.6898287110033
78.39999999999982,0.0,453.0,504.13017394220793,503.3603143399364,0.8848277105217999,T_HARD_ACC,caténaire,,75.31166429838753,6.301879313863133,75.31166429838753,0.005644302859000665,-0.9999840707957481,0.710425547517067,0.7037723647850032,20.350907526408427,-493.8585287580307,5.0,-75.0,-4.477016061937695,-4.43508850730715,-0.28781159713543575,88.26592552842584,8.829000000000008,0.23517234092686934,0.0018370211186748975,0.42508184211548705,-75.31046464350437,4.477016061937695,4.43508850730715,-1.8255739877124362,0.0,-2.220446049250313e-16,4.902097904053182,-72.70095012390965
78.49999999999982,0.0,453.0,504.2198084361549,503.44540826156526,0.8963449394696199,T_HARD_ACC,caténaire,,75.32212054105844,6.301659047160111,75.32212054105844,0.0056451777665861985,-0.9999840658570435,0.7104550336512857,0.7037425986534783,20.35721562171508,-493.94099758748956,5.0,-75.0,-4.4770453904090655,-4.434745913676659,-0.29509796440633146,88.26477744785132,8.829000000000008,0.2278566451846027,0.0010315341746434115,0.4252067602105087,-75.32092034762195,4.4770453904090655,4.434745913676659,-1.8258985753070882,0.0,-4.440892098500626e-16,4.902252150619574,-72.71207300925238
78.59999999999981,0.0,453.0,504.31047948070716,503.5316691874132,0.9067104455226579,T_HARD_ACC,caténaire,,75.33317479909756,6.301435601754484,75.33317479909756,0.005645938117411419,-0.9999840615643703,0.7103978137289925,0.7038003596539772,20.363599641976002,-494.0234661499136,5.0,-75.0,-4.476526074840423,-4.434952642851182,-0.3022443801547609,88.26420584437889,8.829000000000008,0.22122954500481562,0.0002532015276983657,0.4253264431038422,-75.33197410614024,4.476526074840423,4.434952642851182,-1.8262269164953948,0.0,4.440892098500626e-16,4.901852517944266,-72.72324837978445
78.6999999999998,0.0,453.0,504.4020834208042,503.61906342144704,0.916039400970392,T_HARD_ACC,caténaire,,75.34482021363698,6.301209196078303,75.34482021363698,0.0056465902421160025,-0.9999840578822432,0.7102571113033505,0.703942352641905,20.370057377311138,-494.1059347053938,5.0,-75.0,-4.475478641324683,-4.435688025976167,-0.30926459540469275,88.26419098075455,8.829000000000008,0.2152567632706246,-0.0004970452216213062,0.4254413266123071,-75.34361905764077,4.475478641324683,4.435688025976167,-1.8265586359179902,0.0,-4.440892098500626e-16,4.90091996793699,-72.7344896675826
78.7999999999998,0.0,453.0,504.49452696689156,503.7075218362742,0.9244354608733528,T_HARD_ACC,caténaire,,75.3570385280927,6.300980155435862,75.3570385280927,0.005647144227937172,-0.999984054753909,0.7100385273634113,0.7041628289391582,20.376586835958637,-494.1884035045621,5.0,-75.0,-4.4739386705117585,-4.436916011341213,-0.3161724849812719,88.26471260897235,8.829000000000008,0.20988884450696954,-0.0012034023688727302,0.4255520651583578,-75.35583694156868,4.4739386705117585,4.436916011341213,-1.8268933957514464,0.0,-4.440892098500626e-16,4.899490735670116,-72.74581432597891
78.89999999999979,0.0,453.0,504.5877261583702,503.7969217099608,0.9319919147860175,T_HARD_ACC,caténaire,,75.36980208896595,6.300748976057388,75.36980208896595,0.005647615967698119,-0.9999840520897728,0.7097512257317788,0.7044524097284626,20.38318622781597,-494.2708727832998,5.0,-75.0,-4.471964308784981,-4.438577799277771,-0.3229814309272038,88.26573915921328,8.829000000000008,0.20505426028781493,-0.0018386400644914147,0.42565969775989115,-75.3686000981284,4.471964308784981,4.438577799277771,-1.827230891954676,0.0,0.0,4.897624006544873,-72.7572531908053
78.99999999999979,0.0,453.0,504.6759253498488,503.88721035917536,0.8819919147860203,PILOT_DESC_ACC,caténaire,,75.38307089135344,6.300515752252287,75.38307089135344,0.005648012267834948,-0.9999840498515075,0.7093995431216978,0.7048065608510794,20.389853940641615,-494.35334275362595,5.0,-75.0,-4.469582996078833,-4.440644838932986,-0.32970345231632725,88.26721956062381,8.829000000000008,0.2007135516048404,-0.0024252783091753827,0.42576450918143577,-75.3818685201789,4.469582996078833,4.440644838932986,-1.8275502819813463,0.0,0.0,4.895347505260268,-72.76877396322726
79.09999999999978,0.0,453.0,504.75912454132737,503.97706781666466,0.8319919147860232,PILOT_DESC_ACC,caténaire,,75.39642391591131,6.300287377911466,75.39642391591131,0.005648522767095061,-0.9999840469680252,0.709090414245619,0.7051175678033957,20.39658852680851,-494.43581361130026,5.0,-75.0,-4.4674733866696865,-4.442443312375366,-0.3363500906246504,88.2691190199383,8.829000000000008,0.1961765227056631,-0.002324292437066333,0.4258784170465756,-75.3952211143498,4.4674733866696865,4.442443312375366,-1.8278515658314565,0.0,0.0,4.893351803716262,-72.78062936780589
79.19999999999978,0.0,453.0,504.83732373280594,504.0653581725446,0.781991914786026,PILOT_DESC_ACC,caténaire,,75.40945369105464,6.300067936754429,75.40945369105464,0.005649296553731029,-0.9999840425969047,0.7089106610761788,0.7052982876858098,20.403388474892264,-494.51828532127087,5.0,-75.0,-4.466185325869421,-4.443427128097172,-0.34291060387193767,88.27094346639205,8.829000000000008,0.1909040702586413,-0.0014836617051230405,0.42601036685561455,-75.40825035200488,4.466185325869421,4.443427128097172,-1.8281347435050066,0.0,4.440892098500626e-16,4.892195692725036,-72.79295796741272
79.29999999999977,0.0,453.0,504.9177030051367,504.15126443749585,0.8037927233074235,T_HARD_ACC,caténaire,,75.42174420844795,6.2998592961781945,75.42174420844795,0.005650432947210838,-0.9999840361763327,0.7089207673466683,0.7052881295077998,20.410252029323246,-494.6007576010178,5.0,-75.0,-4.466101086422688,-4.443215979163843,-0.34935574183107004,88.27216315413612,8.829000000000008,0.1845431717462418,-5.282502772274711e-05,0.42616550841152245,-75.42054018902272,4.466101086422688,4.443215979163843,-1.8284258157643218,0.0,-4.440892098500626e-16,4.892266594834211,-72.8057500256232
79.39999999999976,0.0,453.0,505.00004435023436,504.23596034631566,0.8234134509766811,T_HARD_ACC,caténaire,,75.43340059842704,6.299653065565315,75.43340059842704,0.005651749038373333,-0.999984028738863,0.7090231494177044,0.7051852051693934,20.417177072208688,-494.6832299709107,5.0,-75.0,-4.466599856786016,-4.442422139536675,-0.3556433198460147,88.27235612529621,8.829000000000008,0.17775682336796983,0.0009339857595307421,0.4263306492933905,-75.43219583188764,4.466599856786016,4.442422139536675,-1.8287239931508252,0.0,4.440892098500626e-16,4.892930506079407,-72.8184976855018
79.49999999999976,0.0,453.0,505.08415156082225,504.3201247995801,0.8410721058790129,T_HARD_ACC,caténaire,,75.44458957044765,6.299445994074713,75.44458957044765,0.005653142364873566,-0.999984020863035,0.7091619978287362,0.7050455735876622,20.424161341870054,-494.7657021013203,5.0,-75.0,-4.467327706372252,-4.4413965141769065,-0.3617526483631213,88.27184347540772,8.829000000000008,0.17091964526462622,0.001446961230811894,0.426499005501196,-75.44338403101763,4.467327706372252,4.4413965141769065,-1.8290285651517981,0.0,4.440892098500626e-16,4.893826711873448,-72.83101608199253
79.59999999999975,0.0,453.0,505.16984805035133,504.4044082873498,0.8569648952911116,T_HARD_ACC,caténaire,,75.45551620934258,6.29923587223408,75.45551620934258,0.005654525334075692,-0.9999840130438317,0.709288177278055,0.704918634718628,20.431202558938125,-494.84817382134986,5.0,-75.0,-4.46797353006145,-4.440448750825854,-0.36767591952259077,88.27096499895065,8.829000000000008,0.1643505504159597,0.0015162481247870119,0.42666512800148665,-75.45430990531227,4.46797353006145,4.440448750825854,-1.829338892305793,0.0,0.0,4.894638658062936,-72.84320004679222
79.69999999999975,0.0,453.0,505.25697489092755,504.4890601604582,0.8712684057620005,T_HARD_ACC,caténaire,,75.46639910587636,6.299022671776185,75.46639910587636,0.005655865582705217,-0.9999840054643425,0.7093824661205218,0.7048237487207469,20.438298532892176,-494.93064510852696,5.0,-75.0,-4.468416237053668,-4.439700772798266,-0.3734167085803944,88.2700384218395,8.829000000000008,0.15816705436593814,0.0013376490412326802,0.42682780935362186,-75.46519205586492,4.468416237053668,4.439700772798266,-1.8296543990975085,0.0,4.440892098500626e-16,4.8952440464072895,-72.85514568216416
79.79999999999974,0.0,453.0,505.34538904744613,504.57443147747904,0.8841415651858004,T_HARD_ACC,caténaire,,75.47740678053371,6.298805684077492,75.47740678053371,0.005657121519924171,-0.999983998360028,0.709420286290984,0.704785681891182,20.445447201742947,-495.0131160230176,5.0,-75.0,-4.468500531689531,-4.439308059152609,-0.37898330636254474,88.26924064173338,8.829000000000008,0.15251616194792383,0.0009325825807593446,0.4269848621662278,-75.4761990182444,4.468500531689531,4.439308059152609,-1.8299745675631724,0.0,0.0,4.895485393855759,-72.86686552665496
79.89999999999974,0.0,453.0,505.4288032039647,504.6606139184293,0.8341415651858033,PILOT_DESC_ACC,caténaire,Fy:(y<-495:0),75.48867936868955,6.29858533264513,75.48867936868955,0.005658284911659356,-0.9999839917777976,0.7093955043350136,0.7048106259338544,20.452646680859626,-495.095586700631,5.0,0.0,-4.468188118648912,-4.439309870799408,-0.38438981667391703,88.26873357953298,8.829000000000008,0.1474220646771709,75.00042370873356,0.427136455472947,-75.48747092913645,4.468188118648912,4.439309870799408,-1.8302766298522761,0.0,0.0,4.895324574121859,-72.87843768818932
79.99999999999973,0.0,453.0,505.5072173604833,504.74616065057563,0.7841415651858061,PILOT_ASC_REMOVE_SLACK_ACC,caténaire,Fy:(:e1),57.33750747792596,6.298370273753218,57.33750747792596,0.005670815239334813,-0.9999839207979903,0.7094238281150849,0.704782116758462,20.459895271295817,-495.1530573116611,5.0,0.0,-4.468213950492263,-4.438978733664367,-0.3896519415191847,42.86466155336492,8.829000000000008,0.14213410798855186,29.596682819700547,0.32515041119129634,-57.336585536560484,4.468213950492263,4.438978733664367,-1.83056058596482,0.0,4.440892098500626e-16,4.793364361683559,-54.72816738886094
80.09999999999972,0.0,453.0,505.5806315170019,504.84859980993787,0.734141565185809,PILOT_ASC_REMOVE_SLACK_ACC,caténaire,Fy:(:0),42.90199171329872,6.298163731200862,42.90199171329872,0.005682804306328224,-0.9999838527372409,0.7040954076257148,0.7101053844045816,20.467191211562675,-495.200662435074,5.0,0.0,-4.4345081596133635,-4.472359977387383,-0.39475920030395567,29.411363625988105,8.829000000000008,0.1707326400826812,16.110003648600717,0.24380362325839175,-42.90129896356564,4.4345081596133635,4.472359977387383,-1.8308264359008044,0.0,4.440892098500626e-16,4.678311782871755,-40.259765422079056
80.19999999999972,0.0,453.0,505.6490456735205,504.95119437441616,0.6841415651858118,PILOT_ASC_REMOVE_SLACK_ACC,caténaire,,33.19972161702201,6.2979677894802295,33.19972161702201,0.005692517595123666,-0.999983797490454,0.6978256366120543,0.7162676740485927,20.474544037518243,-495.24289762924616,5.0,0.0,-4.394883382056253,-4.511030739803961,-0.40093899133583893,23.150307292115027,8.829000000000008,0.2041776266079074,9.810276552311059,0.1889899994581053,-33.199183698215585,4.394883382056253,4.511030739803961,-1.8310741796602286,0.0,4.440892098500626e-16,4.583873381514358,-30.51922713807185
80.29999999999971,0.0,453.0,505.7124598300391,505.0493763113616,0.6341415651858147,PILOT_ASC_REMOVE_SLACK_ACC,caténaire,,26.986553078413117,6.297783399969421,26.986553078413117,0.005699958439209193,-0.9999837551049473,0.6917555223825427,0.7221317727764481,20.481964900593326,-495.2818628008997,5.0,0.0,-4.356526445697953,-4.5478294911820045,-0.40839325230609475,19.704297564644722,8.829000000000008,0.23508030199595265,6.327468073462711,0.15382223096446768,-26.986114684690524,4.356526445697953,4.5478294911820045,-1.831303817243093,0.0,-2.220446049250313e-16,4.510348676662421,-24.269589010751613
80.39999999999971,0.0,453.0,505.77087398655766,505.141441873664,0.5841415651858175,PILOT_ASC_REMOVE_SLACK_ACC,caténaire,,23.06271568194355,6.297611028582839,23.06271568194355,0.005705549973161927,-0.999983723217285,0.686281604599154,0.7273359328321477,20.489464104393686,-495.3187188830816,5.0,0.0,-4.321934601837159,-4.5804787920883205,-0.41706143545342883,17.628936161910286,8.829000000000008,0.2610039627094114,4.219457369821956,0.13158547684015418,-23.06234029513158,4.321934601837159,4.5804787920883205,-1.8315153486493971,0.0,-4.440892098500626e-16,4.453520078677314,-20.313376851692656
80.4999999999997,0.0,453.0,505.8242881430762,505.2267378628026,0.5341415651858203,PILOT_ASC_REMOVE_SLACK_ACC,caténaire,,20.582848101652885,6.2974510988314485,20.582848101652885,0.005709780660130716,-0.9999836990695465,0.6815329082231417,0.7317874657364027,20.49705029244917,-495.3541685423674,5.0,0.0,-4.2919201617796165,-4.60839578021279,-0.4267926481648971,16.30917154167875,8.829000000000008,0.28128719005548675,2.871775761465953,0.11752354802122586,-20.582512582077445,4.2919201617796165,4.60839578021279,-1.8317087738791415,0.0,-4.440892098500626e-16,4.4094437098008425,-17.805825575743796
80.5999999999997,0.0,453.0,505.8727022995948,505.3051330328334,0.4841415651858232,PILOT_ASC_REMOVE_SLACK_ACC,caténaire,,19.002999269002686,6.29730371055987,19.002999269002686,0.005713085816104793,-0.9999836801920609,0.6775240721963595,0.7355005993161816,20.504730227900627,-495.3886610019441,5.0,0.0,-4.266574853835768,-4.631670653192798,-0.43740612572182613,15.440312924577068,8.829000000000008,0.29601902044240624,1.979642271384261,0.10856576558718899,-19.002689143704348,4.266574853835768,4.631670653192798,-1.831884092932326,0.0,0.0,4.3751406194229565,-16.202902583443876
80.69999999999969,0.0,453.0,505.91611645611334,505.37678132833605,0.43414156518582603,PILOT_ASC_REMOVE_SLACK_ACC,caténaire,,17.984884200158493,6.297168650970294,17.984884200158493,0.005715817854798694,-0.9999836645797024,0.6742190282256249,0.7385314495527554,20.51250882326174,-495.422493635496,5.0,0.0,-4.24567092843006,-4.6506570918792605,-0.44871654359303587,14.855229973668633,8.829000000000008,0.30561252797690397,1.375572881789365,0.10279832222775286,-17.98459040951608,4.24567092843006,4.6506570918792605,-1.8320413058089509,0.0,-2.220446049250313e-16,4.348469250657813,-15.16597462344577
80.79999999999968,0.0,453.0,505.9545306126319,505.4418441689502,0.38414156518582887,PILOT_ASC_REMOVE_SLACK_ACC,caténaire,,17.32037268475504,6.2970461274796605,17.32037268475504,0.0057182650490040675,-0.999983650588763,0.67157092193692,0.7409402788408761,20.520389278158248,-495.4558677953897,5.0,0.0,-4.228913073310828,-4.665735113568639,-0.4605452384917188,14.455344771862691,8.829000000000008,0.3105416881974534,0.9606096582940449,0.09904248175895948,-17.32008950685924,4.228913073310828,4.665735113568639,-1.8321804125090158,0.0,0.0,4.327955555069788,-14.486534805799618
80.89999999999968,0.0,453.0,505.98794577142615,505.50178964338005,0.334151587942197,PILOT_ASC_REMOVE_SLACK_ACC,caténaire,,16.881216966697234,6.296936410372677,16.881216966697234,0.005720654813774487,-0.9999836369203756,0.669524058577483,0.7427903708220343,20.52837323749976,-495.48892179861826,5.0,0.0,-4.215950422077041,-4.67730373130349,-0.47272258778354415,14.179336205813298,8.829000000000008,0.3113269901394151,0.6730324745097995,0.09657161510290808,-16.88094073799985,4.215950422077041,4.67730373130349,-1.8323014166619966,0.0,0.0,4.312522037179949,-14.035938423358358
80.99999999999967,0.0,453.0,506.0168624559651,505.554275301202,0.2891668453893002,PILOT_ASC_REMOVE_SLACK_ACC,caténaire,,16.58768678499163,6.296839055993267,16.58768678499163,0.005723145006367418,-0.9999836226715095,0.6680406912583011,0.7441247441277108,20.536460948018572,-495.5217514848543,5.0,0.0,-4.20654471570801,-4.6856337513543656,-0.485088431610132,13.987536536065976,8.829000000000008,0.30836685268185793,0.47290278471160363,0.09493373679071164,-16.587415122996255,4.20654471570801,4.6856337513543656,-1.8324061307811546,0.0,-4.440892098500626e-16,4.3014784524987215,-13.734187502423044
81.09999999999967,0.0,453.0,506.0417354464867,505.6009021140384,0.24872990521586497,PILOT_ASC_REMOVE_SLACK_ACC,caténaire,,16.389558800912802,6.296753798451917,16.389558800912802,0.005725854593982882,-0.9999836071602217,0.6670656502053722,0.7449989384664141,20.544651425809384,-495.55442356097666,5.0,0.0,-4.200348166747475,-4.691074895631039,-0.4974943984923516,13.853555035616942,8.829000000000008,0.302157434760173,0.33348013998589465,0.09384423055355914,-16.38929012950134,4.200348166747475,4.691074895631039,-1.832496201732746,0.0,-4.440892098500626e-16,4.2941923973010345,-13.530711435603045
81.19999999999966,0.0,453.0,506.06297796351316,505.6420807383099,0.21242517026437163,PILOT_ASC_REMOVE_SLACK_ACC,caténaire,,16.254694735891043,6.296679629271523,16.254694735891043,0.005728850292258174,-0.9999835900025205,0.6665469413826289,0.7454630607437651,20.552942603787656,-495.58698449822464,5.0,0.0,-4.19703254775724,-4.693942068959665,-0.5098027768949607,13.759465526111969,8.829000000000008,0.2931646753477999,0.23652345715229472,0.0931207126882768,-16.254427996391396,4.19703254775724,4.693942068959665,-1.8325731258855176,0.0,2.220446049250313e-16,4.290153260445517,-13.393059053317248
81.29999999999966,0.0,453.0,506.08096545417635,505.6783103855653,0.17987490663175654,PILOT_ASC_REMOVE_SLACK_ACC,caténaire,,16.16219347876315,6.296615249152296,16.16219347876315,0.005732162393092465,-0.9999835710221939,0.6664312539660123,0.745566485122077,20.561331486845297,-495.6194666127504,5.0,0.0,-4.19626119623408,-4.694545299476549,-0.5218888300087166,13.692929002022334,8.829000000000008,0.2818499737572031,0.16938370254577606,0.09264431764885041,-16.16192795044519,4.19626119623408,4.694545299476549,-1.832638262821881,0.0,0.0,4.288905513882931,-13.300020913790522
81.39999999999965,0.0,453.0,506.0960390235003,505.70992880253334,0.15073569323955258,PILOT_ASC_REMOVE_SLACK_ACC,caténaire,,16.098253319169135,6.29656015902132,16.098253319169135,0.005735819628891001,-0.999983550051292,0.6666803645931078,0.7453437404754942,20.569814305592548,-495.65189228204184,5.0,0.0,-4.19779302249877,-4.693101701053924,-0.5336421142728309,13.645381048348884,8.829000000000008,0.26856486322839945,0.12327934729495382,0.09233667737895004,-16.09798850372775,4.19779302249877,4.693101701053924,-1.8326928477633941,0.0,-4.440892098500626e-16,4.29012969987772,-13.237579650437219
81.49999999999964,0.0,453.0,506.108508547016,505.7373307795566,0.12469523515735506,PILOT_ASC_REMOVE_SLACK_ACC,caténaire,,16.053628177223437,6.2965135013301055,16.053628177223437,0.0057398283978408625,-0.9999835270493026,0.6672556599830036,0.7448287616765658,20.578386633718374,-495.68427687190456,5.0,0.0,-4.2013842719219125,-4.68982435407548,-0.5449633472285462,13.610828830960735,8.829000000000008,0.253652380849541,0.09200447688524704,0.09214507090000533,-16.05336372659796,4.2013842719219125,4.68982435407548,-1.8327380028422726,0.0,4.440892098500626e-16,4.293529342821918,-13.196277375364755
81.59999999999964,0.0,453.0,506.1186554964418,505.76099623308136,0.10146949425798232,PILOT_ASC_REMOVE_SLACK_ACC,caténaire,,16.02205059277009,6.296474047815188,16.02205059277009,0.005744173521580439,-0.9999835020991865,0.6681155908852777,0.7440574959074172,20.58704350226028,-495.7166308051923,5.0,0.0,-4.206772478949861,-4.684938713063408,-0.5557652218108293,13.585071895478986,8.829000000000008,0.23746229923930962,0.07113318241557032,0.09203343877641212,-16.021786262568583,4.206772478949861,4.684938713063408,-1.8327747473338423,0.0,-4.440892098500626e-16,4.298805917726273,-13.169622296839016
81.69999999999963,0.0,453.0,506.12673550639676,505.7812746367516,0.08080009954952272,PILOT_ASC_REMOVE_SLACK_ACC,caténaire,,15.99923798683708,6.296441192156346,15.99923798683708,0.005748845907838796,-0.9999834752488304,0.6692297471393122,0.7430555467418652,20.595779516115428,-495.7489610372045,5.0,0.0,-4.213765746904341,-4.6786055525657355,-0.5659738287817162,13.565175359637147,8.829000000000008,0.22026042431394366,0.05756980707140258,0.09197715382916737,-15.998973603410445,4.213765746904341,4.6786055525657355,-1.8328040069512122,0.0,4.440892098500626e-16,4.305742900733508,-13.153172057795922
81.79999999999963,0.0,453.0,506.13298070697044,505.7984621396901,0.06245200573712313,PILOT_ASC_REMOVE_SLACK_ACC,caténaire,,15.98224356708798,6.296414454678071,15.98224356708798,0.005753835421198465,-0.9999834465519646,0.6705731225273993,0.7418434385662876,20.604588942782687,-495.7812720874188,5.0,0.0,-4.222206301600126,-4.6709537496968565,-0.5755260826944013,13.549083470140852,8.829000000000008,0.20226761570547236,0.04912972044398778,0.09195919914653213,-15.981979005849603,4.222206301600126,4.6709537496968565,-1.8328266222920597,0.0,-4.440892098500626e-16,4.314165500746658,-13.143851878444806
81.89999999999962,0.0,453.0,506.1386013874868,505.81299055479934,0.05620680516341082,PILOT_ASC_HOLD_ACC,caténaire,,15.969028999432082,6.296392677457317,15.969028999432082,0.005759110661843009,-0.9999834161846808,0.6721127644233538,0.7404488043742101,20.613465786012036,-495.8135667676713,5.0,0.0,-4.231885888340799,-4.662156429893802,-0.5843685318479395,13.535358023754274,8.829000000000008,0.18374557981126127,0.04420159386046407,0.09196740516990949,-15.968764172004327,4.231885888340799,4.662156429893802,-1.832846976098823,0.0,0.0,4.323853293510709,-13.139454718209349
81.99999999999962,0.0,453.0,506.1436599999515,505.82535541398926,0.050586124647069734,PILOT_ASC_HOLD_ACC,caténaire,,15.95819739505898,6.296374401522297,15.95819739505898,0.005764625753505255,-0.999983384406922,0.6738117573267003,0.7389030489098715,20.622403872889073,-495.8458467194342,5.0,0.0,-4.24257110027659,-4.652410242362893,-0.5924597683113121,13.5230148192767,8.829000000000008,0.16496913141209824,0.04160457691379804,0.09199303568307747,-15.957932240144805,4.24257110027659,4.652410242362893,-1.8328652945249102,0.0,0.0,4.334564135959667,-13.138387292306824
82.09999999999961,0.0,453.0,506.14821275116975,505.8359989947392,0.04552751218236276,PILOT_ASC_HOLD_ACC,caténaire,,15.948792463982109,6.296358551100485,15.948792463982109,0.005770338964569436,-0.99998335145553,0.6756376313541611,0.7372338781541028,20.631396945371733,-495.8781128075061,5.0,0.0,-4.25405677762205,-4.641888832876558,-0.599771615462925,13.5114015033899,8.829000000000008,0.14617160691502562,0.040512670513333404,0.09202993859274736,-15.948526939801528,4.25405677762205,4.641888832876558,-1.8328817811083882,0.0,-4.440892098500626e-16,4.346086716214797,-13.139519888033359
82.1999999999996,0.0,453.0,506.1523102272662,505.8452128164538,0.040974760964126486,PILOT_ASC_HOLD_ACC,caténaire,,15.940169827331669,6.296344717259353,15.940169827331669,0.005776224372027155,-0.9999833174768487,0.677568964183286,0.7354592434496888,20.64043873815365,-495.9103653952497,5.0,0.0,-4.266207768214325,-4.630704922254009,-0.6062877879299416,13.500097362895573,8.829000000000008,0.12750444385573356,0.04039244064155767,0.09207399745088507,-15.939903905079488,4.266207768214325,4.630704922254009,-1.8328966190335183,0.0,-4.440892098500626e-16,4.358281765665209,-13.142095601858996
82.2999999999996,0.0,453.0,506.155997955753,505.85330214163145,0.036877284867713835,PILOT_ASC_HOLD_ACC,caténaire,,15.931899431882075,6.29633230043316,15.931899431882075,0.005782252540382663,-0.9999832826380446,0.6795837914670916,0.7335978942003669,20.649523029292396,-495.94260452223784,5.0,0.0,-4.278885377065081,-4.618976116783518,-0.6120005461796919,13.488831067655084,8.829000000000008,0.109114076755227,0.04085495087155877,0.09212226596312123,-15.931633092552635,4.278885377065081,4.618976116783518,-1.8329099731661362,0.0,2.220446049250313e-16,4.371007643028203,-13.145566948935254
82.3999999999996,0.0,453.0,506.1593169113911,505.8604737462524,0.03318955638094245,PILOT_ASC_HOLD_ACC,caténaire,,15.923701989765854,6.296321059816903,15.923701989765854,0.005788404040567426,-0.9999832470490009,0.6816672192074866,0.7316623553647763,20.6586436889773,-495.97483003394535,5.0,0.0,-4.291995668082923,-4.60678109675848,-0.6169105877793579,13.477440223235885,8.829000000000008,0.09109374413771931,0.04165912647739667,0.09217282093835223,-15.923435220766695,4.291995668082923,4.60678109675848,-1.8329219918854913,0.0,0.0,4.384168489021276,-13.149576115893707
82.49999999999959,0.0,453.0,506.1623039714654,505.8668655454931,0.029870600742848207,PILOT_ASC_HOLD_ACC,caténaire,,15.91540041092587,6.296310922295882,15.91540041092587,0.005794666133599752,-0.9999832107812611,0.6838093077304208,0.7296607640960575,20.667794710689463,-496.0070416620188,5.0,0.0,-4.305476013030635,-4.594171038548766,-0.6210247271601387,13.465829823237822,8.829000000000008,0.07349925980922656,0.042658784689049156,0.09222443176387171,-15.915133203787052,4.305476013030635,4.594171038548766,-1.8329328087329115,0.0,-4.440892098500626e-16,4.3977004447945065,-13.153894973971196
82.59999999999958,0.0,453.0,506.16499232553224,505.8725756185617,0.026883540668563386,PILOT_ASC_HOLD_ACC,caténaire,,15.906885046779657,6.296301856031949,15.906885046779657,0.005801029586138514,-0.9999831738863112,0.686003011876041,0.7275986996256938,20.676970229844187,-496.039239072963,5.0,0.0,-4.319282036918624,-4.581181042899688,-0.6243541654425864,13.45394571765988,8.829000000000008,0.05636379763878985,0.0437646747601832,0.0922763107796731,-15.906617395723424,4.319282036918624,4.581181042899688,-1.8329425438955893,0.0,4.440892098500626e-16,4.411558347698297,-13.158378896719325
82.69999999999958,0.0,453.0,506.16741184419243,505.8777280414604,0.024195186601707046,PILOT_ASC_HOLD_ACC,caténaire,,15.89808985327265,6.2962936184898375,15.89808985327265,0.005807481067464791,-0.9999831364396358,0.6882395203657478,0.7254835371024798,20.686164534858296,-496.0714218978812,5.0,0.0,-4.333358100071364,-4.567857364977779,-0.626913374639429,13.44175870342952,8.829000000000008,0.039728525289207006,0.04490133845173361,0.09232785583173501,-15.897821754874732,4.333358100071364,4.567857364977779,-1.8329513055420001,0.0,4.440892098500626e-16,4.425685955903099,-13.162915695438954
82.79999999999957,0.0,453.0,506.1695894109866,505.88240350236174,0.02177566794153634,PILOT_ASC_HOLD_ACC,caténaire,,15.888979483333381,6.296286123484806,15.888979483333381,0.005814011728007919,-0.9999830984909828,0.6905130886203611,0.7233198977243537,20.695372080824367,-496.1035897576786,5.0,0.0,-4.347667977965013,-4.554229034882297,-0.6287203425515824,13.42926068482343,8.829000000000008,0.02361167948340448,0.046031649941124186,0.09237871306217747,-15.888710935603369,4.347667977965013,4.554229034882297,-1.832959191023769,0.0,-4.440892098500626e-16,4.440046691027191,-13.167441091744841
82.89999999999957,0.0,453.0,506.1715492211013,505.8866485751255,0.019598101147382706,PILOT_ASC_HOLD_ACC,caténaire,,15.879538299632996,6.296279374946907,15.879538299632996,0.0058206162313604905,-0.999983060069863,0.6928203963778486,0.7211101846201041,20.70458749562513,-496.1357422753998,5.0,0.0,-4.362190772256389,-4.540311182487717,-0.6297954195502717,13.416453888863375,8.829000000000008,0.008013808193339855,0.04714270637564866,0.09242869837335438,-15.879269301363593,4.362190772256389,4.540311182487717,-1.8329662879573612,0.0,4.440892098500626e-16,4.454619470629743,-13.171924406833238
82.99999999999956,0.0,453.0,506.17331305020457,505.8905718519901,0.017638291032644436,PILOT_ASC_HOLD_ACC,caténaire,,15.86976180332976,6.296273056665542,15.86976180332976,0.005827281229517971,-0.9999830212525971,0.6951537157208185,0.7188611211628707,20.713805580136786,-496.1678790805077,5.0,0.0,-4.376877610533927,-4.5261459086621665,-0.6301603765868224,13.403344119711544,8.829000000000008,-0.007037987120749101,0.048198211049371054,0.09247756507346477,-15.869492354652758,4.376877610533927,4.5261459086621665,-1.832972675197594,0.0,0.0,4.469355175607392,-13.176319121188184
83.09999999999955,0.0,453.0,506.1749004963975,505.89419904827736,0.015874461929379993,PILOT_ASC_HOLD_ACC,caténaire,,15.85965587108892,6.29626723007335,15.85965587108892,0.005834003165011932,-0.9999829820587302,0.6975111796382646,0.716573900082634,20.723021317188675,-496.19999982105924,5.0,0.0,-4.391716782966211,-4.511740765016143,-0.6298394665813737,13.389947333109104,8.829000000000008,-0.021556249547584727,0.0492065680929521,0.09252528254793282,-15.859385972396746,4.391716782966211,4.511740765016143,-1.8329784237138036,0.0,-4.440892098500626e-16,4.4842420655141435,-13.180623631094406
83.19999999999955,0.0,453.0,506.17632919797114,505.8974843695562,0.014287015736441993,PILOT_ASC_HOLD_ACC,caténaire,,15.849230843835812,6.296262195827305,15.849230843835812,0.0058407869463184565,-0.9999829424584439,0.6998960552955474,0.7142447142133653,20.732229867469343,-496.23210416081315,5.0,0.0,-4.406729073966012,-4.497071992671089,-0.6288575055822221,13.376277053570616,8.829000000000008,-0.03558657954823463,0.05020506089951837,0.09257198062186407,-15.84896049492206,4.406729073966012,4.497071992671089,-1.8329835973783928,0.0,-2.220446049250313e-16,4.499301054587876,-13.184872099629365
83.29999999999954,0.0,453.0,506.1776150293874,505.9005711230559,0.012858314162797794,PILOT_ASC_HOLD_ACC,caténaire,,15.838494271855714,6.2962573599376075,15.838494271855714,0.005847613934353436,-0.9999829025594761,0.7022980593827923,0.7118830211398245,20.741426554382347,-496.2641917667453,5.0,0.0,-4.421849325258805,-4.482198711266239,-0.6272382361039476,13.362336389930093,8.829000000000008,-0.04908756136275194,0.051137678663845776,0.09261739980328056,-15.838223474141913,4.421849325258805,4.482198711266239,-1.8329882536765225,0.0,-2.220446049250313e-16,4.514466725062086,-13.189013016552195
83.39999999999954,0.0,453.0,506.17877227766206,505.9033876654863,0.011572482746518014,PILOT_ASC_HOLD_ACC,caténaire,,15.827460200613572,6.296253160922358,15.827460200613572,0.005854492077875508,-0.9999828623144049,0.7047223110591122,0.7094832375014253,20.750606877642817,-496.2962623279321,5.0,0.0,-4.437110078578445,-4.467086076739777,-0.6250081335964731,13.348144173186203,8.829000000000008,-0.06211821217491753,0.05205809644641768,0.09266174035738206,-15.827188954576885,4.437110078578445,4.467086076739777,-1.8329924443448393,0.0,4.440892098500626e-16,4.529771818935827,-13.193095322181946
83.49999999999953,0.0,453.0,506.1798138011093,505.90603509024896,0.010415234471866213,PILOT_ASC_HOLD_ACC,caténaire,,15.816138619973987,6.296249173790916,15.816138619973987,0.0058614076333480085,-0.9999828218027327,0.7071614885365329,0.7070520696036431,20.759766493846183,-496.3283155374131,5.0,0.0,-4.4524649379349,-4.451776009069095,-0.6221917876519029,13.333704113220886,8.829000000000008,-0.07465672558680314,0.05292810415178195,0.09270483563720576,-15.815866927224766,4.4524649379349,4.451776009069095,-1.8329962159463247,0.0,-4.440892098500626e-16,4.545169773572106,-13.197087134101997
83.59999999999953,0.0,453.0,506.1807511722117,505.9084880199994,0.009373711024679592,PILOT_ASC_HOLD_ACC,caténaire,,15.80454292365035,6.2962455985176655,15.80454292365035,0.005868362685992389,-0.999982781011446,0.7096173740112847,0.7045872426473023,20.768901223534503,-496.36035110513245,5.0,0.0,-4.467925267750215,-4.4362543252897755,-0.618815412525918,13.319030681121227,8.829000000000008,-0.08674068027613302,0.05377635583144347,0.09274678996231478,-15.804270785406647,4.467925267750215,4.4362543252897755,-1.8329996103876613,0.0,0.0,4.56067205771253,-13.201016070504533
83.69999999999952,0.0,453.0,506.181594806204,505.910808164138,0.008436339922211633,PILOT_ASC_HOLD_ACC,caténaire,,15.792684297601298,6.296242197324397,15.792684297601298,0.005875348272076383,-0.999982739992387,0.7120854238669995,0.7020928351123914,20.77800703881704,-496.39236874823956,5.0,0.0,-4.483462293851032,-4.4205465348737585,-0.6149041064532633,13.304130263404392,8.829000000000008,-0.098366400304295,0.054583728530626985,0.09278752039935961,-15.792411715750092,4.483462293851032,4.4205465348737585,-1.8330026653848646,0.0,2.220446049250313e-16,4.576249814250391,-13.204867846261198
83.79999999999951,0.0,453.0,506.18235407679697,505.9129754747311,0.007592705929990469,PILOT_ASC_HOLD_ACC,caténaire,,15.780575615872467,6.296239122113612,15.780575615872467,0.005882365768602275,-0.9999826987368152,0.7145670209935193,0.699566989292982,20.787080064492162,-496.4243681975665,5.0,0.0,-4.499084832951575,-4.4046410465257075,-0.6104835989889515,13.289014619280266,8.829000000000008,-0.10956843194052635,0.05537357275455079,0.09282711781164796,-15.78030259198053,4.499084832951575,4.4046410465257075,-1.833005414882347,0.0,2.220446049250313e-16,4.591911950763223,-13.208666960337169
83.89999999999951,0.0,453.0,506.18303742033066,505.9150187668636,0.006833435336991422,PILOT_ASC_HOLD_ACC,caténaire,,15.768227552150602,6.296236266167953,15.768227552150602,0.005889410294638592,-0.9999826572728057,0.7170599812258797,0.6970114657050781,20.796116566624157,-496.4563491897529,5.0,0.0,-4.514779058812095,-4.388548868307193,-0.6055784777160041,13.273688951039516,8.829000000000008,-0.12035753652809866,0.05614008273231441,0.09286556167383964,-15.767954088081828,4.514779058812095,4.388548868307193,-1.8330078894300816,0.0,-4.440892098500626e-16,4.607644620485934,-13.212413109204716
83.9999999999995,0.0,453.0,506.18365242951097,505.9169538898154,0.00615009180329228,PILOT_ASC_HOLD_ACC,caténaire,,15.755650540912997,6.296233596044408,15.755650540912997,0.005896478636309096,-0.9999826156187375,0.7195630458281964,0.694427118622573,20.80511294889468,-496.488311469242,5.0,0.0,-4.530537023615532,-4.372275354275759,-0.6002131735881827,13.25816011094892,8.829000000000008,-0.1307501972037146,0.05688475667315274,0.09290285681564533,-15.755376638676955,4.530537023615532,4.372275354275759,-1.8330101165230424,0.0,-2.220446049250313e-16,4.623439880431177,-13.216111400924238
84.0999999999995,0.0,453.0,506.18420593777324,505.91880306507596,0.005535082622963052,PILOT_ASC_HOLD_ACC,caténaire,,15.742854645918866,6.2962310488556374,15.742854645918866,0.005903566759009088,-0.9999825737979247,0.7220744678256692,0.6918153387387972,20.814065747125696,-496.5202547877636,5.0,0.0,-4.5463476839098895,-4.355829215841795,-0.5944116531616048,13.242434513081571,8.829000000000008,-0.14075933707149435,0.057605297239767594,0.09293899337955841,-15.742580307752563,4.5463476839098895,4.355829215841795,-1.8330121209067074,0.0,0.0,4.639286677289448,-13.219763212817474
84.19999999999949,0.0,453.0,506.1847040952093,505.9205890224594,0.004981574360666747,PILOT_ASC_HOLD_ACC,caténaire,,15.729849991061144,6.2962285641268085,15.729849991061144,0.005910670563953225,-0.9999825318341737,0.7245924382153963,0.6891776247681488,20.822971624964598,-496.5521789051068,5.0,0.0,-4.562199606842068,-4.339219846822286,-0.5881975191641213,13.22651920198461,8.829000000000008,-0.15039712600618937,0.058299355162315436,0.09297396131756501,-15.729575219433078,4.562199606842068,4.339219846822286,-1.8330139248520056,0.0,-2.220446049250313e-16,4.655173568159633,-13.223369297462797
84.29999999999949,0.0,453.0,506.1851524369018,505.9222673666365,0.004483416924600072,PILOT_ASC_HOLD_ACC,caténaire,,15.716647236019618,6.296226367405623,15.716647236019618,0.005917794684304352,-0.9999824896997319,0.7271201199453294,0.6865102556922875,20.831827369828027,-496.5840835899025,5.0,0.0,-4.578112871470923,-4.322423973384157,-0.5815939939108598,13.210421858788976,8.829000000000008,-0.15970686538178303,0.058997885404810546,0.09300789146840359,-15.716372032807309,4.578112871470923,4.322423973384157,-1.8330155484027741,0.0,-6.661338147750939e-16,4.671120762939326,-13.226963607825926
84.39999999999948,0.0,453.0,506.185555944425,505.9238418811795,0.004035075232140065,PILOT_ASC_HOLD_ACC,caténaire,,15.703253428560618,6.29622442117284,15.703253428560618,0.005924937461229803,-0.9999824474039934,0.7296571272810686,0.683813188384034,20.840629878537236,-496.615968609239,5.0,0.0,-4.594085023869884,-4.305441296223619,-0.5746225274134821,13.19414155710334,8.829000000000008,-0.168707551283366,0.05970026087971192,0.09304079450206415,-15.702977795697198,4.594085023869884,4.305441296223619,-1.8330170095984661,0.0,-2.220446049250313e-16,4.687125818371948,-13.230553509072044
84.49999999999947,0.0,453.0,506.1859191011959,505.9253280186663,0.0036315677089260585,PILOT_ASC_HOLD_ACC,caténaire,,15.689673934819625,6.29622265280355,15.689673934819625,0.0059320957519370665,-0.9999824049652023,0.7322021923621101,0.6810873288353847,20.849376150922655,-496.6478337289322,5.0,0.0,-4.61010802998274,-4.28827746835081,-0.5673038332259429,13.177677601022788,8.829000000000008,-0.1774118632086834,0.06040013267197075,0.09307264809802122,-15.689397874460777,4.61010802998274,4.28827746835081,-1.8330183246745888,0.0,-4.440892098500626e-16,4.703180678080761,-13.234138730784556
84.59999999999947,0.0,453.0,506.1862459422897,505.92678867627717,0.003268410938033453,PILOT_ASC_HOLD_ACC,caténaire,,15.675913750769755,6.296220807131409,15.675913750769755,0.005939260178653704,-0.9999823624387234,0.7347504627714618,0.6783374952463727,20.858063285588738,-496.6796787156493,5.0,0.0,-4.62615115175111,-4.270962651827615,-0.5596581453686412,13.16103105721437,8.829000000000008,-0.18580929711975092,0.06106840538674696,0.09310333030395683,-15.67563726588041,4.62615115175111,4.270962651827615,-1.8330195082430987,0.0,-4.440892098500626e-16,4.719254482055066,-13.237694122295894
84.69999999999946,0.0,453.0,506.1865400992741,505.92817691945083,0.0029415698442301075,PILOT_ASC_HOLD_ACC,caténaire,,15.661981430495896,6.296219144497602,15.661981430495896,0.005946435982267254,-0.9999823197932596,0.73730528733721,0.6755597037010083,20.86668848337041,-496.7115033466486,5.0,0.0,-4.642235665471847,-4.253471939693416,-0.5517061767083637,13.14421104012105,8.829000000000008,-0.1939418421802106,0.061739100427626425,0.09313296993190236,-15.66170452342624,4.642235665471847,4.253471939693416,-1.8330205734547582,0.0,2.220446049250313e-16,4.735368635403749,-13.241253157187582
84.79999999999946,0.0,453.0,506.1868048405601,505.9295647801706,0.0026474128598070966,PILOT_ASC_HOLD_ACC,caténaire,,15.647882643646273,6.296217349201943,15.647882643646273,0.0059536124911862606,-0.9999822770921015,0.7398610817119287,0.6727596746001164,20.875249033462733,-496.7433073983222,5.0,0.0,-4.658326178673962,-4.235841135060707,-0.5434668606216513,13.12721718767091,8.829000000000008,-0.20179303929561243,0.062376052610193966,0.09316142956782913,-15.647605317663373,4.658326178673962,4.235841135060707,-1.8330215321452514,0.0,0.0,4.75148760824179,-13.244785714747918
84.89999999999945,0.0,453.0,506.1870431077175,505.93086342910976,0.002382671573826387,PILOT_ASC_HOLD_ACC,caténaire,,15.633626577097514,6.29621585573007,15.633626577097514,0.0059608006789995,-0.999982234269822,0.7424243629503889,0.6699298958082922,20.88374231876587,-496.77509065838086,5.0,0.0,-4.674464045688535,-4.218023232215764,-0.5349597991032838,13.110059195795664,8.829000000000008,-0.20942384479181886,0.0630359635798925,0.0931889319159875,-15.633348834306043,4.674464045688535,4.218023232215764,-1.8330223949666953,0.0,-2.220446049250313e-16,4.767652977604523,-13.248347997056975
84.99999999999945,0.0,453.0,506.18725754815915,505.93211227116194,0.0021444044164437483,PILOT_ASC_HOLD_ACC,caténaire,,15.619216828419585,6.296214446784332,15.619216828419585,0.005967994192385195,-0.9999821913640861,0.7449920084868664,0.6670733897336221,20.892165795751144,-496.80685290678514,5.0,0.0,-4.690629446573884,-4.200037113506227,-0.5262020168911773,13.09273101871533,8.829000000000008,-0.216831463465061,0.0636939052090959,0.0932153953216132,-15.618938671473828,4.690629446573884,4.200037113506227,-1.833023171505995,0.0,-4.440892098500626e-16,4.7838448418954975,-13.251924729473597
85.09999999999944,0.0,453.0,506.1874505445566,505.93334856457375,0.0019299639747993734,PILOT_ASC_HOLD_ACC,caténaire,,15.604657282869832,6.296212975374239,15.604657282869832,0.005975187020046281,-0.9999821484106982,0.7475610082451334,0.6641931488291035,20.900516995232046,-496.838593924201,5.0,0.0,-4.706803319996857,-4.181901521812475,-0.5172106230210575,13.075233597624154,8.829000000000008,-0.22401394301791466,0.06433207581167011,0.0932407456488745,-15.604378714936823,4.706803319996857,4.181901521812475,-1.8330238703913644,0.0,-2.220446049250313e-16,4.800044065645732,-13.255501063515712
85.19999999999943,0.0,453.0,506.1876242413143,505.9345550721518,0.001736967577319436,PILOT_ASC_HOLD_ACC,caténaire,,15.589954050765389,6.296211553154708,15.589954050765389,0.0059823806092766715,-0.9999821054010145,0.7501324689160049,0.6612875918070585,20.908793523031953,-496.8703134979174,5.0,0.0,-4.722992717185416,-4.163606575493457,-0.5080027665263421,13.057572747882412,8.829000000000008,-0.23099548371175782,0.06496617238894764,0.09326503881281316,-15.589675074789449,4.722992717185416,4.163606575493457,-1.8330244993881977,0.0,2.220446049250313e-16,4.816257755998229,-13.25909299868419
85.29999999999943,0.0,453.0,506.1877805683963,505.9356911784857,0.0015632708195874923,PILOT_ASC_HOLD_ACC,caténaire,,15.575112485621094,6.296210355365864,15.575112485621094,0.005989579626527377,-0.9999820623070684,0.7527093051801563,0.6583530222420235,20.91699305198167,-496.90201141655643,5.0,0.0,-4.739216121855545,-4.1451291161266415,-0.49859455137966674,13.039749921613573,8.829000000000008,-0.2378106732352121,0.06562080548692428,0.09328837642474828,-15.574833104035953,4.739216121855545,4.1451291161266415,-1.833025065485347,0.0,0.0,4.832504498280294,-13.262729053394658
85.39999999999942,0.0,453.0,506.1879212627701,505.93680454559814,0.0014069437376287432,PILOT_ASC_HOLD_ACC,caténaire,,15.560134362601369,6.296209145873322,15.560134362601369,0.005996776568256815,-0.9999820191737401,0.7552877010034728,0.6553933847033313,20.92511331040645,-496.9336874618565,5.0,0.0,-4.7554493308237,-4.126493822913987,-0.489000634500581,13.021759815461422,8.829000000000008,-0.24444996532428043,0.06626599254742871,0.09331064914457558,-15.559854578528814,4.7554493308237,4.126493822913987,-1.833025574972781,0.0,4.440892098500626e-16,4.848759979968275,-13.26638633058761
85.49999999999942,0.0,453.0,506.1880478877065,505.93787327409916,0.0012662493638658687,PILOT_ASC_HOLD_ACC,caténaire,,15.5450234350498,6.296208042860867,15.5450234350498,0.0060039736334202495,-0.9999819759878721,0.7578691295820091,0.6524066082027433,20.933152085204945,-496.9653414187566,5.0,0.0,-4.771701709110211,-4.107687733781691,-0.47923601233519914,13.003605430936053,8.829000000000008,-0.2509377214454096,0.0669176971543557,0.09333191083493887,-15.544743251358877,4.771701709110211,4.107687733781691,-1.833026033511472,0.0,-4.440892098500626e-16,4.86503361994515,-13.270081551088659
85.59999999999941,0.0,453.0,506.18816185014924,505.93892927894524,0.001139624427479282,PILOT_ASC_HOLD_ACC,caténaire,,15.529782179134973,6.296206904597339,15.529782179134973,0.006011165509477977,-0.9999819327813967,0.7604509396420578,0.6493953868003,20.94110721381765,-496.9969730699976,5.0,0.0,-4.787956456781859,-4.088727718185709,-0.4693146723504107,12.985285333060501,8.829000000000008,-0.25727112913226957,0.06755761487478473,0.09335209100492188,-15.52950159916548,4.787956456781859,4.088727718185709,-1.8330264461962942,0.0,-4.440892098500626e-16,4.881308547786781,-13.273800327176065
85.6999999999994,0.0,453.0,506.1882644163477,505.93998615766526,0.0010256619847313537,PILOT_ASC_HOLD_ACC,caténaire,,15.514414599108138,6.2962056990267365,15.514414599108138,0.006018349467539595,-0.9999818895708494,0.7630318565772398,0.6463608789587212,20.948976585098777,-497.02858220227995,5.0,0.0,-4.804205523920569,-4.069621049727831,-0.4592506643356042,12.966803148017636,8.829000000000008,-0.263456188256173,0.06818209828979604,0.09337116884173098,-15.514133626401728,4.804205523920569,4.069621049727831,-1.8330268176126339,0.0,-4.440892098500626e-16,4.8975766927623,-13.277539394286531
85.7999999999994,0.0,453.0,506.1883567259263,505.9409970294458,0.0009230957862582183,PILOT_ASC_HOLD_ACC,caténaire,,15.49892597791258,6.296204649051311,15.49892597791258,0.0060255313252288,-0.9999818463213463,0.7656152709934996,0.6432987306233009,20.956758137343858,-497.060168607456,5.0,0.0,-4.820470428613951,-4.0503404584792335,-0.44905775042321383,12.948163473453913,8.829000000000008,-0.26952817903716486,0.06882301497467225,0.09338926398731466,-15.4986446153909,4.820470428613951,4.0503404584792335,-1.8330271518873398,0.0,0.0,4.913859692601266,-13.281331308799006
85.8999999999994,0.0,453.0,506.1884398045471,505.9420026186711,0.0008307862076323965,PILOT_ASC_HOLD_ACC,caténaire,,15.483318155362502,6.296203552775891,15.483318155362502,0.006032704458520049,-0.9999818030728941,0.7681978299844185,0.6402125381521598,20.964449846594633,-497.09173207185216,5.0,0.0,-4.836729906382626,-4.0309084572453,-0.4387482931278,12.929362150699003,8.829000000000008,-0.2754781995104256,0.06945369345369556,0.09340628246853978,-15.48303640655067,4.836729906382626,4.0309084572453,-1.8330274527345751,0.0,-4.440892098500626e-16,4.930136188851166,-13.285155402039946
85.99999999999939,0.0,453.0,506.1885145753058,505.94298435564707,0.0007477075868691569,PILOT_ASC_HOLD_ACC,caténaire,,15.467594602382269,6.296202510445266,15.467594602382269,0.006039870738763985,-0.9999817598143773,0.7707807378929497,0.6371005054881059,20.972049729498185,-497.12327238525114,5.0,0.0,-4.852991616924444,-4.01131380206016,-0.4283349606154018,12.910402390851143,8.829000000000008,-0.28132657753984613,0.07008858879097524,0.09342227203799242,-15.467312470585584,4.852991616924444,4.01131380206016,-1.8330277234970864,0.0,2.220446049250313e-16,4.946413888962437,-13.28902639202251
86.09999999999938,0.0,453.0,506.18858186898865,505.94400879318346,0.0006729368281822412,PILOT_ASC_HOLD_ACC,caténaire,,15.451757422525736,6.296201235072338,15.451757422525736,0.006047019795073063,-0.9999817166086576,0.7733585940689536,0.6339688359688445,20.97955583660809,-497.15478933600855,5.0,0.0,-4.869221335130753,-3.991595368024411,-0.41782963149880586,12.891283405513029,8.829000000000008,-0.2870509666295584,0.07068803748861008,0.09343708300268025,-15.451474911997853,4.869221335130753,3.991595368024411,-1.8330279671833472,0.0,-4.440892098500626e-16,4.962658418133433,-13.292907511156788
86.19999999999938,0.0,453.0,506.1886424333032,505.94499206241994,0.000605643145364017,PILOT_ASC_HOLD_ACC,caténaire,,15.435813155105524,6.296200137950449,15.435813155105524,0.006054162998448584,-0.9999816733872618,0.7759376539451195,0.6308096045481107,20.986966259733677,-497.1862827243563,5.0,0.0,-4.885458763810209,-3.971703519176283,-0.4072449745963005,12.872015287894062,8.829000000000008,-0.29270373840650876,0.07131176871777001,0.09345092885460576,-15.435530268935532,4.885458763810209,3.971703519176283,-1.8330281865009819,0.0,0.0,4.978909692664814,-13.296854936260232
86.29999999999937,0.0,453.0,506.18869694118627,505.94593566925124,0.0005450788308276153,PILOT_ASC_HOLD_ACC,caténaire,,15.41976321183989,6.296199165568063,15.41976321183989,0.00606129931673638,-0.9999816301565709,0.7785175941977308,0.6276227812345384,20.994279114662696,-497.2177523423452,5.0,0.0,-4.901701826967809,-3.9516380315004076,-0.3965917149307335,12.852591721916324,8.829000000000008,-0.2982935418985422,0.07195369041590993,0.09346380022016189,-15.419479953203975,4.901701826967809,3.9516380315004076,-1.8330283838868526,0.0,-4.440892098500626e-16,4.995165627187971,-13.300870305590418
86.39999999999937,0.0,453.0,506.18874599828104,505.9468812883458,0.0004905709477448538,PILOT_ASC_HOLD_ACC,caténaire,,15.403607155200694,6.296198119680776,15.403607155200694,0.006068421879346605,-0.999981586958427,0.781094939147841,0.6244122804987348,21.001492538158743,-497.249197975974,5.0,0.0,-4.917928487154807,-3.931423426381719,-0.385880276803194,12.833008152911939,8.829000000000008,-0.30380876395800094,0.07258472653021286,0.09347558668147982,-15.40332352794177,4.917928487154807,3.931423426381719,-1.8330285615341366,0.0,0.0,5.011404073836287,-13.30492866309419
86.49999999999936,0.0,453.0,506.1887901496663,505.94783147274404,0.0004415138529703684,PILOT_ASC_HOLD_ACC,caténaire,,15.387346978851486,6.296197015921747,15.387346978851486,0.00607552957347511,-0.9999815437998854,0.7836692305946783,0.6211783455813195,21.008604691794492,-497.2806194149117,5.0,0.0,-4.934135871139905,-3.9110612458043112,-0.3751215207743203,12.813267973743468,8.829000000000008,-0.3092573919142252,0.07320672793914795,0.09348628162733509,-15.38706298689641,4.934135871139905,3.9110612458043112,-1.833028721416692,0.0,4.440892098500626e-16,5.02762215276724,-13.30903046250879
86.59999999999935,0.0,453.0,506.1888298859131,505.94874906630724,0.0003973624676733316,PILOT_ASC_HOLD_ACC,caténaire,,15.370985671042938,6.2961960267256005,15.370985671042938,0.006082627155422831,-0.999981500652331,0.786243122285672,0.6179172700762441,21.015613759344607,-497.3120164518353,5.0,0.0,-4.950340822575378,-3.890528260699178,-0.3643260390701376,12.793374032142244,8.829000000000008,-0.3146668616455157,0.07384577144305915,0.093495974848301,-15.370701317834994,4.950340822575378,3.890528260699178,-1.833028865310992,0.0,-4.440892098500626e-16,5.043836797423679,-13.313201922446808
86.69999999999935,0.0,453.0,506.18886564853517,505.9496521887131,0.00035762622090599846,PILOT_ASC_HOLD_ACC,caténaire,,15.354523510375843,6.296195049788568,15.354523510375843,0.006089711171832761,-0.9999814575370104,0.7888149609545612,0.6146307488030958,21.02251793768159,-497.34338887370546,5.0,0.0,-4.96653285236127,-3.869835078061892,-0.3535035038219655,12.773322067215386,8.829000000000008,-0.3200363561832358,0.07448698915348473,0.09350461335930456,-15.35423879969193,4.96653285236127,3.869835078061892,-1.833028994815862,0.0,4.440892098500626e-16,5.060037465720575,-13.3174327164459
86.79999999999934,0.0,453.0,506.18889783489504,505.9505142944498,0.0003218635988153986,PILOT_ASC_HOLD_ACC,caténaire,,15.33796133099444,6.296194200691345,15.33796133099444,0.006096784872065475,-0.9999814144344003,0.791386580307732,0.6113160234353698,21.029315436976308,-497.3747364667794,5.0,0.0,-4.982723597438498,-3.84896440154347,-0.3426636712429836,12.753111914850656,8.829000000000008,-0.3253872686814816,0.07514751330717928,0.09351225061113214,-15.337676266307957,4.982723597438498,3.84896440154347,-1.8330291113702448,0.0,4.440892098500626e-16,5.07623584804963,-13.32174097613473
86.89999999999934,0.0,453.0,506.18892680261894,505.9513688230836,0.00028967723893385877,PILOT_ASC_HOLD_ACC,caténaire,,15.321297966454546,6.296193315947916,15.321297966454546,0.006103842493492019,-0.9999813713798946,0.793955113205573,0.6079763796519776,21.036004473624143,-497.40605901085524,5.0,0.0,-4.9988948769276,-3.827936817818994,-0.33181565482341624,12.732738737115836,8.829000000000008,-0.3307105317510164,0.07580191929683444,0.09351878958309812,-15.321012551815208,4.9988948769276,3.827936817818994,-1.8330292162691897,0.0,4.440892098500626e-16,5.092413666510698,-13.326104950265403
86.99999999999933,0.0,453.0,506.18895287357043,505.9522268038154,0.00026070951504047286,PILOT_ASC_HOLD_ACC,caténaire,,15.30453420510209,6.296192367873406,15.30453420510209,0.00611088166217885,-0.999981328388341,0.7965194221944389,0.6046129423581976,21.042583273193912,-497.437356287804,5.0,0.0,-5.015039506883562,-3.8067593931931674,-0.32096895762659844,12.712204647311317,8.829000000000008,-0.33600846451015975,0.07644525411814129,0.09352419742214733,-15.30424844478279,5.015039506883562,3.8067593931931674,-1.8330293106782396,0.0,2.220446049250313e-16,5.108563704305709,-13.330518362267862
87.09999999999933,0.0,453.0,506.18897633742677,505.9530621941104,0.00023463856353642557,PILOT_ASC_HOLD_ACC,caténaire,,15.287672370043408,6.296191485826196,15.287672370043408,0.006117905634714738,-0.9999812854402049,0.7990812831024414,0.6012230060429788,21.04905006969046,-497.4686280831924,5.0,0.0,-5.031168771152664,-3.7854151717306346,-0.3101330925762078,12.691513074489421,8.829000000000008,-0.34130186372887117,0.07709790275877992,0.09352853693436138,-15.287386267984711,5.031168771152664,3.7854151717306346,-1.833029395646385,0.0,0.0,5.124697308087025,-13.335000491900463
87.19999999999932,0.0,453.0,506.1889974548975,505.9538899745952,0.00021117470718278302,PILOT_ASC_HOLD_ACC,caténaire,,15.270713042455302,6.296190592692967,15.270713042455302,0.006124911386434533,-0.9999812425543332,0.8016392565498403,0.5978080815430815,21.05540309866415,-497.4998741794567,5.0,0.0,-5.047273545822488,-3.7639136192473797,-0.2993170064744751,12.670661905141785,8.829000000000008,-0.34659055229696367,0.07774828589439764,0.09353176419270881,-15.270426602885115,5.047273545822488,3.7639136192473797,-1.8330294721177154,0.0,4.440892098500626e-16,5.140805310015197,-13.339542455755451
87.29999999999932,0.0,453.0,506.18901646062113,505.9547484158389,0.0001900572364645047,PILOT_ASC_HOLD_ACC,caténaire,,15.25365715483217,6.296189533186947,15.25365715483217,0.0061318922931589874,-0.9999811997717283,0.8041900486748154,0.5943722449882717,21.06164059721509,-497.53109435980366,5.0,0.0,-5.063332967159474,-3.742280307711984,-0.28852977469064917,12.649652199121652,8.829000000000008,-0.35186274185012323,0.07837189140965961,0.09353378275020484,-15.253370382595682,5.063332967159474,3.742280307711984,-1.833029540941913,0.0,-2.220446049250313e-16,5.156866749909679,-13.34411961582561
87.39999999999931,0.0,453.0,506.18903356577243,505.95559440325275,0.00017105151281805424,PILOT_ASC_HOLD_ACC,caténaire,,15.236508783593857,6.296188527020566,15.236508783593857,0.006138854309824126,-0.9999811570563532,0.8067367652182628,0.5909109845358889,21.067760807901394,-497.5622884163967,5.0,0.0,-5.07936676549291,-3.72048696132529,-0.27778095511278345,12.628491645829694,8.829000000000008,-0.35714772060569366,0.07900468450439568,0.09353470761283829,-15.236221682917472,5.07936676549291,3.72048696132529,-1.8330296028836912,0.0,4.440892098500626e-16,5.172901473105749,-13.348764324475873
87.4999999999993,0.0,453.0,506.18904896040857,505.95641980552756,0.00015394636153624882,PILOT_ASC_HOLD_ACC,caténaire,,15.219269304333878,6.2961875885427,15.219269304333878,0.006145797942695458,-0.9999811144054909,0.8092797832901146,0.5874233842450476,21.073761969076926,-497.5934561382931,5.0,0.0,-5.095377327209746,-3.698527821103418,-0.26707934533225425,12.607178155204092,8.829000000000008,-0.36245667254199976,0.07965033410066624,0.09353455397990328,-15.21898187938507,5.095377327209746,3.698527821103418,-1.8330296586312906,0.0,-2.220446049250313e-16,5.188911881189648,-13.353483716912944
87.5999999999993,0.0,453.0,506.1890628155811,505.9572121049353,0.00013855172538262394,PILOT_ASC_HOLD_ACC,caténaire,,15.201938450686098,6.29618675331771,15.201938450686098,0.0061527244046683,-0.999981071812062,0.8118198261837577,0.5839080148576258,21.079642311108447,-497.6245973102619,5.0,0.0,-5.111369235698861,-3.6763939083026242,-0.25643358057530846,12.585708693648353,8.829000000000008,-0.36780281627416933,0.08031478534572045,0.09353333770380176,-15.201650705538082,5.111369235698861,3.6763939083026242,-1.833029708804131,0.0,-2.220446049250313e-16,5.204902573402663,-13.358286506039589
87.69999999999929,0.0,453.0,506.1890752852364,505.9580242572407,0.00012469655284436156,PILOT_ASC_HOLD_ACC,caténaire,,15.184514179694283,6.296185777490365,15.184514179694283,0.00615962459509349,-0.9999810293324807,0.8143524420197132,0.5803706575771463,21.085400051975196,-497.65571171079813,5.0,0.0,-5.127314263309065,-3.6541214799099593,-0.24585211645406874,12.564078639229306,8.829000000000008,-0.37316637976313416,0.08095715931933967,0.09353090700579075,-15.184226119324338,5.127314263309065,3.6541214799099593,-1.8330297539596874,0.0,4.440892098500626e-16,5.220845170314856,-13.363134393374066
87.79999999999929,0.0,453.0,506.18908650792616,505.9588430779387,0.0001122268975599254,PILOT_ASC_HOLD_ACC,caténaire,,15.166998326933966,6.296184754143289,15.166998326933966,0.006166499869076105,-0.9999809869589344,0.8168783696749355,0.5768099593082798,21.0910334037838,-497.68679912580336,5.0,0.0,-5.143217137136755,-3.6317020718348028,-0.23534418367800966,12.542294430021162,8.829000000000008,-0.37856132081476446,0.08159235818635224,0.0935272931973158,-15.166709956171934,5.143217137136755,3.6317020718348028,-1.8330297945996876,0.0,-4.440892098500626e-16,5.236744430334071,-13.368037678936817
87.89999999999928,0.0,453.0,506.1890966083469,505.95963106231983,0.00010100420780393286,PILOT_ASC_HOLD_ACC,caténaire,,15.149392937090685,6.296183848611234,15.149392937090685,0.006173355447233826,-0.999980944659708,0.8194002840342376,0.573221749870511,21.096540568206816,-497.7178593435526,5.0,0.0,-5.159094833883824,-3.6091095232073798,-0.22491882562747226,12.520358429421854,8.829000000000008,-0.38401365951129574,0.0822489062144669,0.09352258741047442,-15.14910426025305,5.159094833883824,3.6091095232073798,-1.8330298311756879,0.0,4.440892098500626e-16,5.252617421294298,-13.373024568221359
87.99999999999928,0.0,453.0,506.1891056987256,505.9603659744521,9.090378702353957e-05,PILOT_ASC_HOLD_ACC,caténaire,,15.131696982237932,6.296183124659933,15.131696982237932,0.006180194127208395,-0.9999809024179162,0.8219196723205803,0.5696034166439223,21.10191972782933,-497.7488921451728,5.0,0.0,-5.1749567706908595,-3.586327419622105,-0.2145846167411166,12.498265328103008,8.829000000000008,-0.38954138743197575,0.08293790848089522,0.09351682482432386,-15.131408003412746,5.1749567706908595,3.586327419622105,-1.8330298640940883,0.0,2.220446049250313e-16,5.268473595515183,-13.37811044788473
88.09999999999927,0.0,453.0,506.18911388006643,505.96117699131725,8.181340832118562e-05,PILOT_ASC_HOLD_ACC,caténaire,,15.113906120681506,6.296182000853604,15.113906120681506,0.006186994275172603,-0.9999808603677567,0.8244260544964747,0.5659696817563429,21.107169040124358,-497.779897300961,5.0,0.0,-5.1907364853554565,-3.5634481233031288,-0.204349953296582,12.47600687777337,8.829000000000008,-0.3950864386520383,0.08355875447023386,0.09350965064415263,-15.113616846076596,5.1907364853554565,3.5634481233031288,-1.8330298937206484,0.0,4.440892098500626e-16,5.284246135999609,-13.383198616494116
88.19999999999926,0.0,453.0,506.1891212432732,505.96197388693287,7.363206748906706e-05,PILOT_ASC_HOLD_ACC,caténaire,,15.096026303609808,6.296180956576602,15.096026303609808,0.006193769787040448,-0.9999808184239461,0.8269262172204723,0.5623104403027213,21.112286656631003,-497.810874604043,5.0,0.0,-5.206477101357464,-3.540408285918198,-0.19422503042660727,12.453601928316294,8.829000000000008,-0.40070213178407155,0.08419364239808758,0.09350131162366632,-15.095736738033153,5.206477101357464,3.540408285918198,-1.8330299203845528,0.0,4.440892098500626e-16,5.2999784129811305,-13.388358372499509
88.29999999999926,0.0,453.0,506.18912787015927,505.9627113343767,6.626886074016035e-05,PILOT_ASC_HOLD_ACC,caténaire,,15.07805905910499,6.296180151655491,15.07805905910499,0.006200527243539035,-0.9999807765461804,0.8294234602876158,0.5586203751426525,21.11727070547254,-497.84182384277335,5.0,0.0,-5.222199527980304,-3.5171745182835132,-0.1842189490113081,12.431047095515675,8.829000000000008,-0.40641847699161193,0.08487257723215436,0.09349191597567105,-15.07776920673298,5.222199527980304,3.5171745182835132,-1.8330299443820666,0.0,0.0,5.315691443955974,-13.393624632831532
88.39999999999925,0.0,453.0,506.1891338343567,505.96346017005965,5.9641974666144316e-05,PILOT_ASC_HOLD_ACC,caténaire,,15.060000211554051,6.296179229897324,15.060000211554051,0.00620725418246354,-0.9999807348121834,0.8319119232523879,0.554907696784351,21.12211928126587,-497.87274479079446,5.0,0.0,-5.237866572285621,-3.493798315003793,-0.17434042445087441,12.408331034228475,8.829000000000008,-0.4122069967364954,0.08553271922467331,0.09348124930107067,-15.059710077821459,5.237866572285621,3.493798315003793,-1.8330299659798293,0.0,0.0,5.331347821586692,-13.398941728797496
88.49999999999925,0.0,453.0,506.1891392021344,505.96423062095664,5.3677777199529886e-05,PILOT_ASC_HOLD_ACC,caténaire,,15.041849925817067,6.296178182875742,15.041849925817067,0.006213948109078051,-0.9999806932380734,0.8343904856327797,0.5511737634226562,21.12683045447135,-497.9036372280797,5.0,0.0,-5.253471171640204,-3.470288224235244,-0.16459925444052645,12.385459319484402,8.829000000000008,-0.41807042608073,0.08617109524915101,0.09346927490356678,-15.041559516401612,5.253471171640204,3.470288224235244,-1.8330299854178154,0.0,-4.440892098500626e-16,5.34694044654377,-13.404301277584183
88.59999999999924,0.0,453.0,506.18914403313437,505.9649593323905,4.8309999479576896e-05,PILOT_ASC_HOLD_ACC,caténaire,,15.023610923594532,6.296177305020592,15.023610923594532,0.006220618724923892,-0.9999806517641625,0.8368638291750269,0.5474111173683919,21.131402270576928,-497.9345009418588,5.0,0.0,-5.269043048644434,-3.4465974536908326,-0.15500554256392224,12.36243825289813,8.829000000000008,-0.42404859120835603,0.08684079920728927,0.09345615542728328,-15.023320243227252,5.269043048644434,3.4465974536908326,-1.833030002912003,0.0,0.0,5.362499204071717,-13.409752792448423
88.69999999999924,0.0,453.0,506.18914838103433,505.9656652374093,4.347899953161921e-05,PILOT_ASC_HOLD_ACC,caténaire,,15.005281049446893,6.296176472735197,15.005281049446893,0.006227262003539838,-0.9999806104159916,0.8393301780791378,0.5436219754256102,21.135832736907222,-497.96533570886504,5.0,0.0,-5.284570920078511,-3.4227398917365583,-0.14556890059914268,12.33925990944081,8.829000000000008,-0.43013982067765344,0.08752001770424478,0.09344181653165702,-15.004990103289416,5.284570920078511,3.4227398917365583,-1.8330300186567716,0.0,-4.440892098500626e-16,5.3780127366101675,-13.415280230209628
88.79999999999923,0.0,453.0,506.18915229414426,505.9663784253278,3.9131099578457285e-05,PILOT_ASC_HOLD_ACC,caténaire,,14.986858174993673,6.296175553687457,14.986858174993673,0.006233872028941798,-0.9999805692309859,0.8417868616360694,0.539810040270554,21.140119823064435,-497.9961413026829,5.0,0.0,-5.300037859648306,-3.3987387791865036,-0.1362994628468199,12.31592227467077,8.829000000000008,-0.4363373224951257,0.08818349548425886,0.09342615597881078,-14.986566968814227,5.300037859648306,3.3987387791865036,-1.8330300328270634,0.0,6.661338147750939e-16,5.393464015627117,-13.420858222454786
88.89999999999922,0.0,453.0,506.18915581594325,505.9670485722299,3.521798962061156e-05,PILOT_ASC_HOLD_ACC,caténaire,,14.968343131722209,6.296174785005136,14.968343131722209,0.006240456456074202,-0.9999805281620336,0.8442375174130354,0.5359692287736998,21.1442614631896,-498.0269175021676,5.0,0.0,-5.315466969691288,-3.374555943743618,-0.12720800458208195,12.29243007338858,8.829000000000008,-0.44267497427336977,0.08887412964495489,0.0934092935330898,-14.968051670570123,5.315466969691288,3.374555943743618,-1.8330300455803263,0.0,4.440892098500626e-16,5.408876263224378,-13.426525772406832
88.99999999999922,0.0,453.0,506.1891589855623,505.96777891605313,3.16961906585504e-05,PILOT_ASC_HOLD_ACC,caténaire,,14.949732790882468,6.2961736967489506,14.949732790882468,0.006246996801518564,-0.9999804873251088,0.8466737434742738,0.5321123679367541,21.148255544773694,-498.0576640770797,5.0,0.0,-5.330804953390691,-3.350271894718191,-0.11830513198610415,12.268776553651762,8.829000000000008,-0.44911008537679553,0.08950465893356352,0.09339093292819997,-14.949441081606809,5.330804953390691,3.350271894718191,-1.833030057058263,0.0,0.0,5.424195886318891,-13.432199243946881
89.09999999999921,0.0,453.0,506.18916183821943,505.96847604193397,2.852657159269536e-05,PILOT_ASC_HOLD_ACC,caténaire,,14.931032349311808,6.296172759581235,14.931032349311808,0.006253508148415467,-0.9999804466267516,0.8491025263217321,0.5282280755450737,21.152099922688862,-498.08838081729857,5.0,0.0,-5.346096196318498,-3.3258152200929114,-0.10960285536918508,12.244978286888513,8.829000000000008,-0.45569905168768265,0.0901630667955935,0.09337133246067633,-14.930740397263298,5.346096196318498,3.3258152200929114,-1.8330300673884057,0.0,2.220446049250313e-16,5.439467528779174,-13.437955244558792
89.1999999999992,0.0,453.0,506.1891644056109,505.9691784540161,2.5673914433425824e-05,PILOT_ASC_HOLD_ACC,caténaire,,14.912240750834892,6.296171764700593,14.912240750834892,0.006259982886552985,-0.9999804061151698,0.8515205567994958,0.5243212196238834,21.155792400654885,-498.11906750332685,5.0,0.0,-5.361319686783113,-3.3012164586292734,-0.10111266241528091,12.221028292787928,8.829000000000008,-0.4624323491983935,0.09081183415864658,0.09335037190038446,-14.91194856210706,5.361319686783113,3.3012164586292734,-1.8330300766855343,0.0,-4.440892098500626e-16,5.454670058683497,-13.443762180163322
89.2999999999992,0.0,453.0,506.1891667162632,505.96983386847364,2.3106522990083243e-05,PILOT_ASC_HOLD_ACC,caténaire,,14.89335844883092,6.296170944644899,14.89335844883092,0.0062664291062628505,-0.9999803657403761,0.8539316046994907,0.5203852558397025,21.15933073422212,-498.14972391891763,5.0,0.0,-5.376499358222927,-3.2764345278395375,-0.09284686967530068,12.196929671403039,8.829000000000008,-0.4693462278982272,0.09149514356349364,0.09332817487375981,-14.893066028764464,5.376499358222927,3.2764345278395375,-1.8330300850529497,0.0,-2.220446049250313e-16,5.469827533096686,-13.449661585977877
89.3999999999992,0.0,453.0,506.18916879585026,505.97051400750155,2.0795870691074917e-05,PILOT_ASC_HOLD_ACC,caténaire,,14.874381207785406,6.296169954564344,14.874381207785406,0.00627283330284026,-0.999980325587636,0.8563297721898635,0.5164293962017039,21.1627126188133,-498.18034983626944,5.0,0.0,-5.391597782860748,-3.2515272480189736,-0.08481785536577581,12.172673747422238,8.829000000000008,-0.47641563822652344,0.09214649940325614,0.09330451379933763,-14.874088563075865,5.391597782860748,3.2515272480189736,-1.8330300925836243,0.0,4.440892098500626e-16,5.484902296660086,-13.455591407640515
89.49999999999919,0.0,453.0,506.1891706674786,505.97115253383583,1.8716283621967426e-05,PILOT_ASC_HOLD_ACC,caténaire,,14.855310269894389,6.296169118342042,14.855310269894389,0.006279206103350899,-0.9999802855910268,0.8587198955676516,0.5124452565457909,21.165935697909124,-498.2109450382919,5.0,0.0,-5.406645687778951,-3.2264419991044737,-0.07703917937053172,12.148269567846361,8.829000000000008,-0.4836848671494831,0.09282756874188003,0.09327955491389213,-14.855017406232305,5.406645687778951,3.2264419991044737,-1.8330300993612307,0.0,4.440892098500626e-16,5.499925242692844,-13.461605506489063
89.59999999999918,0.0,453.0,506.18917235194414,505.971834684685,1.684465525977068e-05,PILOT_ASC_HOLD_ACC,caténaire,,14.836142135649146,6.296168037203673,14.836142135649146,0.006285531409430782,-0.9999802458523372,0.8610950438518284,0.508444023913958,21.168997548476536,-498.24150929793433,5.0,0.0,-5.421599092094377,-3.2012490120742827,-0.0695244727013873,12.123709750064043,8.829000000000008,-0.4911235647957648,0.09346073798975141,0.0932530373884022,-14.835849060306654,5.421599092094377,3.2012490120742827,-1.8330301054610767,0.0,4.440892098500626e-16,5.5148521294827795,-13.467630153693449
89.69999999999918,0.0,453.0,506.1891738679631,505.9725005805852,1.5160189733793613e-05,PILOT_ASC_HOLD_ACC,caténaire,,14.816880029841917,6.296167021329024,14.816880029841917,0.006291818762615762,-0.9999802063124341,0.8634595305733784,0.5044181192839933,21.1718956908787,-498.27204240418064,5.0,0.0,-5.436485420648346,-3.1759007275966886,-0.062288685105931205,12.09900754893596,8.829000000000008,-0.4987741057542765,0.09410682133926329,0.09322512377518616,-14.816586749147906,5.436485420648346,3.1759007275966886,-1.8330301109509384,0.0,-4.440892098500626e-16,5.529710544423532,-13.473716132502155
89.79999999999917,0.0,453.0,506.1891752323802,505.97313834187855,1.3644170760414252e-05,PILOT_ASC_HOLD_ACC,caténaire,,14.797523590545076,6.296166095818581,14.797523590545076,0.006298069150034192,-0.999980166965816,0.8658139630991116,0.5003660473119756,21.17462757495322,-498.3025441416573,5.0,0.0,-5.451308519750946,-3.150387742584417,-0.05534702146454955,12.074160026462147,8.829000000000008,-0.5066555412154958,0.09477228387772207,0.09319582682251513,-14.797230110753867,5.451308519750946,3.150387742584417,-1.8330301158918136,0.0,-4.440892098500626e-16,5.544504346573461,-13.479872484061264
89.89999999999917,0.0,453.0,506.18917646035555,505.9737539862594,1.2279753684372826e-05,PILOT_ASC_HOLD_ACC,caténaire,,14.778070095168347,6.296165211736083,14.778070095168347,0.006304280343742804,-0.999980127827222,0.8681575601634124,0.4962886768113,21.17719057358023,-498.333014288527,5.0,0.0,-5.466063428606553,-3.1247155019178394,-0.04871542191059528,12.049162596714853,8.829000000000008,-0.514778850517148,0.09544709479700586,0.09316509681942316,-14.777776422806092,5.466063428606553,3.1247155019178394,-1.8330301203386012,0.0,-4.440892098500626e-16,5.559228525425977,-13.486091041226853
89.99999999999916,0.0,453.0,506.1891775655334,505.9743660828778,1.1051778315935544e-05,PILOT_ASC_HOLD_ACC,caténaire,,14.758516703207588,6.296164283708756,14.758516703207588,0.0063104478173728286,-0.9999800889259466,0.870488569091653,0.49218863363629867,21.179581979001227,-498.36345261984474,5.0,0.0,-5.480739038091607,-3.098900495948278,-0.04241076828626917,12.024013350005529,8.829000000000008,-0.5231498063778766,0.09611285405724246,0.09313284951741677,-14.758222845288593,5.480739038091607,3.098900495948278,-1.8330301243407103,0.0,2.220446049250313e-16,5.573871887609024,-13.492352473681025
90.09999999999916,0.0,453.0,506.18917856019345,505.97492054881843,9.94660048434199e-06,PILOT_ASC_HOLD_ACC,caténaire,Fx:(e1>10:0),14.738862804592692,6.296163553719113,14.738862804592692,0.006316580203663444,-0.9999800502082683,0.8728108102831775,0.4880586946800795,21.18179900088415,-498.3938589136967,0.0,0.0,-5.49535961299699,-3.0728973655204412,-0.03645101959376111,11.998715236032286,8.829000000000008,-5.531810632590751,0.09681787051183655,0.09309920901600167,-14.738568767349378,5.49535961299699,3.0728973655204412,-1.8330301279426087,0.0,0.0,5.588458822012991,-13.498701529771544
90.19999999999915,0.0,453.0,506.1891794553875,505.97549486976453,8.95194043590779e-06,PILOT_ASC_HOLD_ACC,caténaire,Fx:(e1>5:-5),14.719030220083683,6.2961626514474,14.719030220083683,0.006322676558641224,-0.999980011680801,0.8751180264359681,0.48390953680085297,21.182172085677166,-498.4242329350439,-5.0,0.0,-5.509885433654501,-3.0467731522847417,-0.0010322498207695763,11.973258460601604,8.829000000000008,-10.51091768347527,0.09748530831685542,0.09306366733845488,-14.718736011409344,5.509885433654501,3.0467731522847417,-1.833030131184317,0.0,4.440892098500626e-16,5.602949100992956,-13.50499299030892
90.29999999999914,0.0,453.0,506.1891802610621,505.97446372530817,8.056746392317012e-06,PILOT_ASC_HOLD_ACC,caténaire,,14.69954338571124,6.2961616404679015,14.69954338571124,0.006328535982114978,-0.9999799746156536,0.8774423125666431,0.4796821740670601,21.179041530979156,-498.4545744614339,-5.0,0.0,-5.524518630105544,-3.0201565039772706,0.07267956407103743,11.947653526836772,8.829000000000008,-10.451839066034506,0.09849702285949391,0.0930265892371338,-14.699249021705224,5.524518630105544,3.0201565039772706,-1.833030134101854,0.0,0.0,5.617545219342678,-13.512122651829808
90.39999999999914,0.0,453.0,506.1891809861693,505.9705984878887,7.251071753085311e-06,PILOT_ASC_HOLD_ACC,caténaire,,14.686553202729637,6.29616086624583,14.686553202729637,0.006333884721686592,-0.9999799407509795,0.8798065978131234,0.4753318319284925,21.17242702963011,-498.4848831556445,-5.0,0.0,-5.539403871015872,-2.9927656786691146,0.3244620739638,11.92181070902462,8.829000000000008,-10.214941797052072,0.10004503035549739,0.09302293494500653,-14.686258601501692,5.539403871015872,2.9927656786691146,-1.8330301367276376,0.0,4.440892098500626e-16,5.632426805960878,-13.526523059560216
90.49999999999913,0.0,453.0,506.1891816387657,505.96473062576314,6.52596457777678e-06,PILOT_ASC_HOLD_ACC,caténaire,,14.699276587249155,6.296160177102607,14.699276587249155,0.0063385137853911745,-0.9999799114197206,0.8821808578662306,0.47091074952096973,21.162407547454993,-498.5151585016344,-5.0,0.0,-5.554351986299576,-2.96492950810347,0.7444924109944683,11.895590347844388,8.829000000000008,-9.809859575305108,0.10166083974091045,0.09317156728355651,-14.698981299651384,5.554351986299576,2.96492950810347,-1.833030139090843,0.0,-6.661338147750939e-16,5.647523553583133,-13.567081930638757
90.59999999999913,0.0,453.0,506.1891822261025,505.9574900146448,5.873368119999101e-06,PILOT_ASC_HOLD_ACC,caténaire,,14.768827910449861,6.296159572687459,14.768827910449861,0.006342278045584947,-0.999979887552341,0.8845433599198487,0.46645797712302545,21.149118111885457,-498.54539996078586,-5.0,0.0,-5.5692261430164836,-2.9368938579195643,1.3097330689650022,11.868976062184384,8.829000000000008,-9.25949307405148,0.10308220426481185,0.09366801301546836,-14.768530873171528,5.5692261430164836,2.9368938579195643,-1.8330301412177274,0.0,-4.440892098500626e-16,5.662894156031952,-13.664667156469692
90.69999999999912,0.0,453.0,506.18918275470566,505.94937747228164,5.2860313079991914e-06,PILOT_ASC_HOLD_ACC,caténaire,,14.929470026681079,6.29615905276045,14.929470026681079,0.006345076969126055,-0.9999798697965153,0.8868774305338673,0.46200478699862557,21.13274217844636,-498.57560705929654,-5.0,0.0,-5.583921362944735,-2.90885562208006,1.9887575895490253,11.842020092038,8.829000000000008,-8.59516377339571,0.10416446995793294,0.09472863642755187,-14.929169493411523,5.583921362944735,2.90885562208006,-1.833030143131924,0.0,-4.440892098500626e-16,5.678649999372286,-13.853344014463389
90.79999999999912,0.0,453.0,506.18918323044846,505.9408107089234,4.7574281771992726e-06,PILOT_ASC_HOLD_ACC,caténaire,,15.20680400139787,6.296158550389548,15.20680400139787,0.006346842336154534,-0.9999798585933418,0.889169292081801,0.4575783758207429,21.11350119026243,-498.6057794363973,-5.0,0.0,-5.5983508410846525,-2.8809860033971324,2.7455190845979094,11.814812227366188,8.829000000000008,-7.852831756486744,0.10482622396904873,0.09651518743367618,-15.206497714974507,5.5983508410846525,2.8809860033971324,-1.8330301448547008,0.0,2.220446049250313e-16,5.694866028518328,-14.158541856432075
90.89999999999911,0.0,453.0,506.189183658617,505.9320652640047,4.281685359479345e-06,PILOT_ASC_HOLD_ACC,caténaire,,15.608881224779028,6.296158279435451,15.608881224779028,0.006347547254215968,-0.9999798541189994,0.8914132151328693,0.4531914384523177,21.091642591344105,-498.63591687150006,-5.0,0.0,-5.61247869485699,-2.8533650273808218,3.5433525389213156,11.787463099558764,8.829000000000008,-7.069126155935674,0.10509807217793465,0.0990781111597293,-15.60856677011532,5.61247869485699,2.8533650273808218,-1.8330301464052,0.0,-4.440892098500626e-16,5.711556806016719,-14.5882318891397
90.9999999999991,0.0,453.0,506.1891840439687,505.9234673978887,3.853516823531411e-06,PILOT_ASC_HOLD_ACC,caténaire,,16.124266293649363,6.296157900773142,16.124266293649363,0.0063471677177884215,-0.9999798565281014,0.8935974558883917,0.4488692313244404,21.067427616959957,-498.666019273953,-5.0,0.0,-5.626230682002476,-2.826151557217343,4.348482724495636,11.760074832769444,8.829000000000008,-6.277747957506841,0.10492327555209258,0.1023434224920752,-16.12394149494439,5.626230682002476,2.826151557217343,-1.833030147800649,0.0,0.0,5.728574104494552,-15.130820085527695
91.0999999999991,0.0,453.0,506.1891843907852,505.91512309833496,3.4681651411782697e-06,PILOT_ASC_HOLD_ACC,caténaire,,16.726632258153913,6.296157845309592,16.726632258153913,0.006345733145659191,-0.9999798656327257,0.8957247119039625,0.4446090872716877,21.041120059810517,-498.6960867020374,-5.0,0.0,-5.639624172091808,-2.7993289929215734,5.132521368477274,11.732763905849316,8.829000000000008,-5.507102803614534,0.10443491292773466,0.10614274473581953,-16.726295477996764,5.639624172091808,2.7993289929215734,-1.8330301490565533,0.0,4.440892098500626e-16,5.745766916827628,-15.759996634131744
91.1999999999991,0.0,453.0,506.1891847029201,505.9072815925816,3.1213486270604426e-06,PILOT_ASC_HOLD_ACC,caténaire,,17.382335524922485,6.296157603427479,17.382335524922485,0.00634325458103699,-0.9999798813582803,0.8977852039193419,0.44043356777555664,21.01297680170998,-498.7261193184924,-5.0,0.0,-5.652597137901454,-2.7730391565547627,5.873790713824894,11.705611587609425,8.829000000000008,-4.77880642407656,0.10357243105465486,0.11026057944758656,-17.381985815941807,5.652597137901454,2.7730391565547627,-1.8330301501868669,0.0,-4.440892098500626e-16,5.76285771734904,-16.441976809573912
91.29999999999909,0.0,453.0,506.18918498384147,505.8999512297762,2.8092137643543983e-06,PILOT_ASC_HOLD_ACC,caténaire,,18.05750738797628,6.296157623653332,18.05750738797628,0.006339797170001485,-0.9999799032839826,0.8997853497540464,0.4363328137648924,20.983240608062363,-498.75611741083924,-5.0,0.0,-5.665190389505519,-2.7472201718359366,6.557532833001733,11.678714595859448,8.829000000000008,-4.107657556503787,0.1024944240235044,0.11448093423557293,-18.05714449137832,5.665190389505519,2.7472201718359366,-1.8330301512041496,0.0,4.440892098500626e-16,5.779671323741092,-17.142954470746535
91.39999999999908,0.0,453.0,506.1891852366707,505.8932369508752,2.5282923879189583e-06,PILOT_ASC_HOLD_ACC,caténaire,,18.722844100568143,6.29615765713955,18.722844100568143,0.006335412219565127,-0.9999799310746232,0.9017229472241125,0.4323143838105097,20.952135195235314,-498.78608133837514,-5.0,0.0,-5.677389838783538,-2.721919517920107,7.175326380159615,11.652127980925806,8.829000000000008,-3.5020634586239234,0.1012084630056922,0.11861693529975226,-18.72246835320705,5.677389838783538,2.721919517920107,-1.8330301521197037,0.0,4.440892098500626e-16,5.796006774083291,-17.833578987406646
91.49999999999908,0.0,453.0,506.189185464217,505.88719725431434,2.2754631491270627e-06,PILOT_ASC_HOLD_ACC,caténaire,,19.355916272035593,6.296157578776451,19.355916272035593,0.006330162839880495,-0.999979964318496,0.9035979245059027,0.4283815948761395,20.91986242793212,-498.81601152975185,-5.0,0.0,-5.6891949205445105,-2.697158025187749,7.723997673756655,11.625904666174458,8.829000000000008,-2.965197246787856,0.0997466409867016,0.12252610191707791,-19.355528463061948,5.6891949205445105,2.697158025187749,-1.8330301529437025,0.0,4.440892098500626e-16,5.8117210224615885,-18.4914005908179
91.59999999999907,0.0,453.0,506.1891856690087,505.88177807800093,2.0479168342143563e-06,PILOT_ASC_HOLD_ACC,caténaire,,19.941566671648605,6.2961576550904885,19.941566671648605,0.006324134701534803,-0.9999800024601876,0.9054174091335959,0.42452245551655643,20.88660126152306,-498.84590847225945,-5.0,0.0,-5.700650751568687,-2.6728603080583784,8.204359295649205,11.60008902917232,8.829000000000008,-2.496291455919482,0.09822872111393366,0.12611315379114282,-19.941167889375166,5.700650751568687,2.6728603080583784,-1.8330301536853013,0.0,4.440892098500626e-16,5.8267639053598295,-19.101337735002087
91.69999999999906,0.0,453.0,506.1891858533212,505.8769358245622,1.8431251507929206e-06,PILOT_ASC_HOLD_ACC,caténaire,,20.471153978733142,6.296157953836787,20.471153978733142,0.006317409781048882,-0.9999800449677275,0.9071868917306051,0.4207278734195815,20.85250799798506,-498.8757726718492,-5.0,0.0,-5.711791963986122,-2.648969146631535,8.619992188069322,11.574694273577823,8.829000000000008,-2.0917997759168,0.09672512694628033,0.1293246683746065,-20.470745476194843,5.711791963986122,2.648969146631535,-1.83303015435274,0.0,-2.220446049250313e-16,5.841116632360729,-19.654806483916047
91.79999999999906,0.0,453.0,506.18918601920245,505.8727293535292,1.6588126357136285e-06,PILOT_ASC_HOLD_ACC,caténaire,,20.941272822800507,6.296158034012573,20.941272822800507,0.006310046531124083,-0.9999800914582125,0.9089036794428603,0.41700611685589234,20.817717467945428,-498.905604629688,-5.0,0.0,-5.722601203467754,-2.6255364128746126,8.976185350933584,11.549715404890508,8.829000000000008,-1.7464158525341702,0.09517899201588698,0.13214040593283535,-20.94085591259543,5.722601203467754,2.6255364128746126,-1.8330301549534351,0.0,-2.220446049250313e-16,5.854741609400589,-20.148349654674252
91.89999999999905,0.0,453.0,506.1891861684956,505.8690753577228,1.4929313721422658e-06,PILOT_ASC_HOLD_ACC,caténaire,,21.352367364076127,6.29615813049397,21.352367364076127,0.006302127296873533,-0.9999801413985849,0.9105748979815476,0.4133441122913137,20.782344799312575,-498.9354048611851,-5.0,0.0,-5.733123547350238,-2.6024798932947673,9.279089688931522,11.525162181082369,8.829000000000008,-1.4540338584187156,0.09368228778759402,0.13456533721801572,-21.351943335923377,5.733123547350238,2.6024798932947673,-1.8330301554940611,0.0,0.0,5.8676888845682535,-20.58249359812267
91.99999999999905,0.0,453.0,506.1891863028594,505.8659093867773,1.343638234928039e-06,PILOT_ASC_HOLD_ACC,caténaire,,21.707466938998902,6.296158304804595,21.707466938998902,0.006293725308276174,-0.9999801943147394,0.9122059267283114,0.4097320432206184,20.7464874527562,-498.9651738652396,-5.0,0.0,-5.743392921262429,-2.5797378066680516,9.535116824108352,11.50102057191896,8.829000000000008,-1.2082760971540774,0.09228276525090173,0.13662083405254571,-21.707037007740904,5.743392921262429,2.5797378066680516,-1.833030155980624,0.0,-4.440892098500626e-16,5.880013755314975,-20.960329357053475
92.09999999999904,0.0,453.0,506.18918642378685,505.8631487995632,1.2092744114352352e-06,PILOT_ASC_HOLD_ACC,caténaire,,22.0111536726728,6.296158675628665,22.0111536726728,0.006284911703263978,-0.9999802497474048,0.9138031751690079,0.40615730579547554,20.710227347553776,-498.99491210834856,-5.0,0.0,-5.7534497891573695,-2.557230844554148,9.750521420421654,11.477264353434173,8.829000000000008,-1.0029283687357156,0.09103350888001671,0.13833815731972318,-22.010718946827854,5.7534497891573695,2.557230844554148,-1.8330301564185303,0.0,0.0,5.891787946477093,-21.286518258692237
92.19999999999904,0.0,453.0,506.18918653262153,505.86081391595997,1.0883469702917117e-06,PILOT_ASC_HOLD_ACC,caténaire,,22.268779836850015,6.296158898048318,22.268779836850015,0.006275731085885749,-0.9999803074057697,0.9153654186547762,0.40262408066454025,20.67363293300806,-499.02462000690434,-5.0,0.0,-5.7632861256289925,-2.5349851880445686,9.931145120798723,11.453853772606331,8.829000000000008,-0.8321410048302695,0.08986858456175462,0.1397528738668654,-22.268341306804686,5.7632861256289925,2.5349851880445686,-1.8330301568126466,0.0,2.220446049250313e-16,5.903038999495858,-21.566386275572764
92.29999999999903,0.0,453.0,506.18918663057275,505.85881206542433,9.795122732625405e-07,PILOT_ASC_HOLD_ACC,caténaire,,22.48591516935884,6.296159208056282,22.48591516935884,0.006266245170308104,-0.9999803668930033,0.916899404761001,0.39911838036968705,20.63676113819527,-499.05429794923543,-5.0,0.0,-5.7729446301473,-2.5129128656691146,10.08226893814827,11.430766227357367,8.829000000000008,-0.6906756919990311,0.08885336168824409,0.14090225732995257,-22.4854737009804,5.7729446301473,2.5129128656691146,-1.833030157167351,0.0,0.0,5.913846887477253,-21.805590992478635
92.39999999999903,0.0,453.0,506.1891867187289,505.8571076752343,8.815610459362864e-07,PILOT_ASC_HOLD_ACC,caténaire,,22.667979977566635,6.296159544964998,22.667979977566635,0.006256498598484656,-0.9999804279211105,0.918407703168549,0.39563530019535703,20.599659118246556,-499.08394627373804,-5.0,0.0,-5.7824414264740405,-2.4909829716500895,10.20856810178176,11.407962386344469,8.829000000000008,-0.5738733246922809,0.08797941469437198,0.1418221849601239,-22.667536318074248,5.7824414264740405,2.4909829716500895,-1.833030157486585,0.0,4.440892098500626e-16,5.9242636114341645,-22.009583503910743
92.49999999999902,0.0,453.0,506.1891867980694,505.85570864574595,7.934049413426578e-07,PILOT_ASC_HOLD_ACC,caténaire,,22.820024315228018,6.296159694904753,22.820024315228018,0.006246522175429041,-0.9999804902900414,0.9198897113830359,0.39217715243450246,20.562365807292753,-499.11356527172467,-5.0,0.0,-5.7917725245674365,-2.4692099804206316,10.314106366709739,11.38540527160005,8.829000000000008,-0.4776661578576977,0.08719529117941072,0.14254578792890174,-22.81957910317238,5.7917725245674365,2.4692099804206316,-1.8330301577738957,0.0,-2.220446049250313e-16,5.934318312496338,-22.18339928052564
92.59999999999901,0.0,453.0,506.1891868694758,505.8545153014697,7.14064447208392e-07,PILOT_ASC_HOLD_ACC,caténaire,,22.94661200734621,6.29615997255125,22.94661200734621,0.00623636394009025,-0.9999805536933241,0.9213524554058201,0.38872825073265016,20.52491327433231,-499.1431552045946,-5.0,0.0,-5.800982450337934,-2.4474952524627778,10.402365541736803,11.363071243430337,8.829000000000008,-0.39861690860113175,0.08657599096755142,0.14310342366985587,-22.946165780491942,5.800982450337934,2.4474952524627778,-1.833030158032475,0.0,0.0,5.94408587400779,-22.33170068606164
92.69999999999901,0.0,453.0,506.1891869337416,505.8534784579639,6.426580024875528e-07,PILOT_ASC_HOLD_ACC,caténaire,,23.05177519526801,6.2961604119857615,23.05177519526801,0.006226057601661114,-0.9999806179155377,0.9227993139398291,0.3852809704516705,20.487327869154267,-499.17271627876494,-5.0,0.0,-5.810092508635572,-2.4257907936492638,10.47630645266181,11.340917523005931,8.829000000000008,-0.33378605597376243,0.08612672935666055,0.1435216801862815,-23.05132840381417,5.810092508635572,2.4257907936492638,-1.8330301582651969,0.0,-4.440892098500626e-16,5.953614188821853,-22.458567768430104
92.799999999999,0.0,453.0,506.1891869915808,505.85261772319353,5.783922022387976e-07,PILOT_ASC_HOLD_ACC,caténaire,,23.13901650702868,6.296160770039685,23.13901650702868,0.006215619109989432,-0.9999806828529637,0.9242288025076554,0.38183912923542174,20.449631202092736,-499.202248643969,-5.0,0.0,-5.819093128889455,-2.404120545958176,10.538423055176962,11.318900196042417,8.829000000000008,-0.28067007371249364,0.08577965008423405,0.14382331318744837,-23.138569527244538,5.819093128889455,2.404120545958176,-1.833030158474646,0.0,-4.440892098500626e-16,5.962916442076904,-22.56747913976101
92.899999999999,0.0,453.0,506.1891870436361,505.8518909920665,5.205529820149178e-07,PILOT_ASC_HOLD_ACC,caténaire,,23.211339432368018,6.296161148455043,23.211339432368018,0.006205074006515578,-0.9999807483429737,0.9256437533564776,0.37839614410315087,20.411840978450275,-499.2317524159109,-5.0,0.0,-5.828002237193156,-2.3824431012274543,10.590797037857396,11.296992868062794,8.829000000000008,-0.23720519933576067,0.08554976683533155,0.14402807896819683,-23.210892575622143,5.828002237193156,2.3824431012274543,-1.8330301586631503,0.0,-4.440892098500626e-16,5.972030316161353,-22.661479633057837
92.99999999999899,0.0,453.0,506.18918709048586,505.85133816444323,4.68497683813426e-07,PILOT_ASC_HOLD_ACC,caténaire,,23.27129239146461,6.296161279187068,23.27129239146461,0.00619442822847841,-0.9999808143454164,0.9270412489275384,0.37495936151384446,20.373971686524797,-499.26122767121603,-5.0,0.0,-5.836801215706787,-2.360804613232173,10.63516153727064,11.275165384099802,8.829000000000008,-0.2016396784361465,0.08536077086762184,0.1441523505028632,-23.270845916487072,5.836801215706787,2.360804613232173,-1.8330301588328046,0.0,0.0,5.98095356620965,-22.743071462087705
93.09999999999899,0.0,453.0,506.18918713265066,505.8508210634766,4.2164791543208345e-07,PILOT_ASC_HOLD_ACC,caténaire,,23.32102108200139,6.296161736390259,23.32102108200139,0.006183722152999015,-0.9999808806073917,0.928430785292766,0.371505419772926,20.33603518141357,-499.2906744729146,-5.0,0.0,-5.845550385247073,-2.3390582088358975,10.672947163122203,11.25340718269733,8.829000000000008,-0.17260322212487011,0.08534897386142504,0.14421071469532906,-23.320575198243297,5.845550385247073,2.3390582088358975,-1.833030158985493,0.0,-4.440892098500626e-16,5.989761099942402,-22.814547148392894
93.19999999999898,0.0,453.0,506.189187170599,505.85043356140847,3.794831238888751e-07,PILOT_ASC_HOLD_ACC,caténaire,,23.362318846403706,6.296161962248732,23.362318846403706,0.006172946030995919,-0.9999809471871444,0.9298057316886902,0.36805067765031996,20.298041142036464,-499.32009282489855,-5.0,0.0,-5.8542074801391815,-2.317306676801814,10.70534476105213,11.231672967346103,8.829000000000008,-0.1488627190870515,0.08536629054428246,0.1442143333977689,-23.36187372851485,5.8542074801391815,2.317306676801814,-1.8330301591229132,0.0,-2.220446049250313e-16,5.99842181353695,-22.87759721083595
93.29999999999897,0.0,453.0,506.18918720475244,505.85011641631695,3.415348114999876e-07,PILOT_ASC_HOLD_ACC,caténaire,,23.396678321586922,6.296162216099095,23.396678321586922,0.006162120402188239,-0.9999810139558396,0.9311700318428184,0.3645852051274772,20.259997481822996,-499.34948272142464,-5.0,0.0,-5.862797571252544,-2.29548759307236,10.733325731359976,11.209955379190156,8.829000000000008,-0.1294718398925685,0.08546778611778727,0.14417314882888607,-23.3962341112191,5.862797571252544,2.29548759307236,-1.8330301592465907,0.0,2.220446049250313e-16,6.006970720081431,-22.933776677393332
93.39999999999897,0.0,453.0,506.1891872354906,505.8498618889201,3.073813303499889e-07,PILOT_ASC_HOLD_ACC,caténaire,,23.425335622418636,6.296162470334777,23.425335622418636,0.006151253593355926,-0.9999810808606482,0.9325240799886212,0.3611077958745501,20.221910664408355,-499.3788441286578,-5.0,0.0,-5.871323115107822,-2.273593352130654,10.757691580317363,11.188233022103397,8.829000000000008,-0.11363153479045884,0.08563966997273553,0.14409517992297122,-23.424892435229633,5.871323115107822,2.273593352130654,-1.8330301593579008,0.0,-2.220446049250313e-16,6.015418295030793,-22.98432924245688
93.49999999999896,0.0,453.0,506.1891872631549,505.8495858252003,2.7664319731499e-07,PILOT_ASC_HOLD_ACC,caténaire,,23.449311535487663,6.296163045784135,23.449311535487663,0.0061403686994292855,-0.9999811477584141,0.9338734867740164,0.35760356639796115,20.18378596989448,-499.40817698930374,-5.0,0.0,-5.879819736864141,-2.251530359795456,10.779099132454517,11.166488110050999,8.829000000000008,-0.1007206044096236,0.08595775025553465,0.14398741857567451,-23.44886946340157,5.879819736864141,2.251530359795456,-1.8330301594580798,0.0,2.220446049250313e-16,6.023807155439815,-23.030369263064195
93.59999999999896,0.0,453.0,506.1891872880528,505.84943810917235,2.48978877583491e-07,PILOT_ASC_HOLD_ACC,caténaire,,23.46944549811272,6.296163187848925,23.46944549811272,0.006129438859850837,-0.9999812148131901,0.9352078852959433,0.3540991545884992,20.14562770202493,-499.43748119729764,-5.0,0.0,-5.888221460386358,-2.2294660619685347,10.79809206486103,11.144683674614857,8.829000000000008,-0.09012939552532728,0.08621761264631544,0.14385453125528339,-23.469004620194713,5.888221460386358,2.2294660619685347,-1.833030159548241,0.0,2.220446049250313e-16,6.0320759916416415,-23.07256871777442
93.69999999999895,0.0,453.0,506.18918731046085,505.8492707614703,2.2408098982514188e-07,PILOT_ASC_HOLD_ACC,caténaire,,23.48642834975128,6.296163621156083,23.48642834975128,0.0061184990919849625,-0.9999812818092453,0.936537128912385,0.3505684044071093,20.107439391067828,-499.4667566660706,-5.0,0.0,-5.8965910009201234,-2.2072360345547755,10.81510204729893,11.122834766797787,8.829000000000008,-0.0814889536211929,0.0865987322430044,0.14370169053192308,-23.48598872630528,5.8965910009201234,2.2072360345547755,-1.8330301596293859,0.0,-2.220446049250313e-16,6.040292691452047,-23.11178285137989
93.79999999999895,0.0,453.0,506.18918733062816,505.8491470434249,2.016728908426277e-07,PILOT_ASC_HOLD_ACC,caténaire,,23.50082525970706,6.296163971800412,23.50082525970706,0.006107539071540706,-0.9999813488093113,0.9378567886712346,0.3470225409728873,20.069223917261453,-499.4960032685488,-5.0,0.0,-5.904900123540259,-2.184910819876125,10.830492802031417,11.100910832108422,8.829000000000008,-0.07440732150884255,0.08700001223228959,0.14353220848711162,-23.5003869413338,5.904900123540259,2.184910819876125,-1.8330301597024163,0.0,-2.220446049250313e-16,6.048432332027371,-23.148506281160092
93.89999999999894,0.0,453.0,506.1891873487787,505.8490284305967,1.8150560175836492e-07,PILOT_ASC_HOLD_ACC,caténaire,,23.513099367988733,6.296164413472509,23.513099367988733,0.006096569534994343,-0.9999814157472653,0.939169265072583,0.34345464262843256,20.030983641124195,-499.52522087098237,-5.0,0.0,-5.913164104977127,-2.1624468985590553,10.844555620504302,11.078907093131768,8.829000000000008,-0.06860848447282475,0.08746019457270471,0.14334924528017484,-23.512662394607503,5.913164104977127,2.1624468985590553,-1.8330301597681435,0.0,4.440892098500626e-16,6.056513350257301,-23.18324565581659
93.99999999999893,0.0,453.0,506.1891873651142,505.84896256044425,1.6335504158252842e-07,PILOT_ASC_HOLD_ACC,caténaire,,23.52362879104003,6.2961647048231315,23.52362879104003,0.006085582492010778,-0.9999814826714207,0.9404711965551987,0.3398734006215147,19.99272049563038,-499.5544093199672,-5.0,0.0,-5.92136155365362,-2.1398989091013934,10.85753053564882,11.056808961627263,8.829000000000008,-0.06383101800479984,0.08791005252586181,0.14315498351931386,-23.523193196276328,5.92136155365362,2.1398989091013934,-1.8330301598272984,0.0,2.220446049250313e-16,6.064516537172934,-23.216324447002233
94.09999999999893,0.0,453.0,506.1891873798162,505.8489425629747,1.470195374242756e-07,PILOT_ASC_HOLD_ACC,caténaire,,23.532722490222074,6.296164901036823,23.532722490222074,0.006074581214473258,-0.999981549561325,0.9417628550701519,0.3362777495019796,19.9544360732219,-499.58356846556813,-5.0,0.0,-5.929494233192919,-2.117260163414017,10.869608945704854,11.034619411314118,8.829000000000008,-0.059885287488064876,0.08835924790009386,0.14295143396451535,-23.53228830116891,5.929494233192919,2.117260163414017,-1.8330301598805376,0.0,-4.440892098500626e-16,6.072445667157434,-23.24805829763543
94.19999999999892,0.0,453.0,506.189187393048,505.8488765759663,1.3231758368184803e-07,PILOT_ASC_HOLD_ACC,caténaire,,23.540632674045305,6.2961654056139595,23.540632674045305,0.00606358668910666,-0.9999816162892514,0.9430501118627712,0.3326506974524704,19.916131689112518,-499.61269815806446,-5.0,0.0,-5.937599490070755,-2.0944238134536,10.880946844265742,11.012338946429608,8.829000000000008,-0.05665264580501361,0.08891513297600007,0.14274066693549042,-23.540199909863386,5.937599490070755,2.0944238134536,-1.833030159928453,0.0,0.0,6.080340157006246,-23.27880625633824
94.29999999999892,0.0,453.0,506.18918740495656,505.8488895578637,1.1908582531366322e-07,PILOT_ASC_HOLD_ACC,caténaire,,23.547563731830305,6.296165591790343,23.547563731830305,0.006052573302212522,-0.9999816830104545,0.9443245837368074,0.32901531962859315,19.877808420946483,-499.6417982121272,-5.0,0.0,-5.945623951605425,-2.0715349346174503,10.891678099779355,10.989941014674063,8.829000000000008,-0.05394585182606981,0.08940608005660522,0.14252335557542398,-23.54713241135161,5.945623951605425,2.0715349346174503,-1.8330301599715766,0.0,-2.220446049250313e-16,6.088147307180849,-23.308627636705737
94.39999999999891,0.0,453.0,506.18918741567427,505.8488932634319,1.071772427822969e-07,PILOT_ASC_HOLD_ACC,caténaire,,23.553683256108314,6.296165916287087,23.553683256108314,0.00604156105247246,-0.9999817496034862,0.9455918244627047,0.32535534652022147,19.839467170888444,-499.6708684641428,-5.0,0.0,-5.953603015901804,-2.048491243442393,10.90190159779428,10.967442429129866,8.829000000000008,-0.05170141810752327,0.08995118568746463,0.14230101540237672,-23.55325339204953,5.953603015901804,2.048491243442393,-1.8330301600103884,0.0,4.440892098500626e-16,6.095904031304181,-23.337792308617527
94.4999999999989,0.0,453.0,506.1891874253202,505.84892193567396,9.645951850406722e-08,PILOT_ASC_HOLD_ACC,caténaire,,23.559126755440385,6.296166184067239,23.559126755440385,0.006030543319143365,-0.9999818161083109,0.9468494219878256,0.3216771239633317,19.801108687126646,-499.6999087323947,-5.0,0.0,-5.9615213121233595,-2.0253326300859342,10.911704218555462,10.944829923880775,8.829000000000008,-0.04981709356789743,0.09049729379483296,0.14207433445987272,-23.558698358831176,5.9615213121233595,2.0253326300859342,-1.8330301600453187,0.0,4.440892098500626e-16,6.103595646583232,-23.36639588879056
94.5999999999989,0.0,453.0,506.18918743400155,505.8489024848351,8.68135666536605e-08,PILOT_ASC_HOLD_ACC,caténaire,,23.564004902523525,6.29616672090295,23.564004902523525,0.006019536514228091,-0.9999818824259538,0.9481018656401555,0.3179667472703026,19.76273359775151,-499.7289188348533,-5.0,0.0,-5.969407414469547,-2.0019716525170383,10.92115374542215,10.922103687567681,8.829000000000008,-0.04825366904739781,0.09113203505063439,0.14184438793219012,-23.563577979919877,5.969407414469547,2.0019716525170383,-1.8330301600767558,0.0,-4.440892098500626e-16,6.111251802401737,-23.394636487479595
94.6999999999989,0.0,453.0,506.1891874418148,505.8489273959773,7.813220998829445e-08,PILOT_ASC_HOLD_ACC,caténaire,,23.568406659746945,6.29616706047003,23.568406659746945,0.006008521126102482,-0.9999819486740134,0.949343027859161,0.3142416513691338,19.724342423989683,-499.75789855990996,-5.0,0.0,-5.977222301093732,-1.9785179343780472,10.930310564366087,10.899241898469342,8.829000000000008,-0.0469117367276457,0.0917239640912868,0.14161126932366394,-23.567981218755342,5.977222301093732,1.9785179343780472,-1.8330301601050492,0.0,4.440892098500626e-16,6.118833570417396,-23.422493444482345
94.79999999999889,0.0,453.0,506.18918744884667,505.84897182170596,7.031898898946501e-08,PILOT_ASC_HOLD_ACC,caténaire,,23.572405030750296,6.29616736455531,23.572405030750296,0.005997503115063203,-0.999982014816459,0.9505742727793417,0.31049726557576235,19.685935613089736,-499.78684771027633,-5.0,0.0,-5.984974713859188,-1.9549427503017778,10.939216443908736,10.87625581740171,8.829000000000008,-0.0457582699504524,0.0923130670999246,0.14137557260145642,-23.571981076719315,5.984974713859188,1.9549427503017778,-1.8330301601305135,0.0,-2.220446049250313e-16,6.126350286460644,-23.450068486548048
94.89999999999888,0.0,453.0,506.1891874551754,505.84898875230294,6.32870900905185e-08,PILOT_ASC_HOLD_ACC,caténaire,,23.57605914959297,6.296167840917189,23.57605914959297,0.005986493095616158,-0.999982080789659,0.9517983419133019,0.30672449581194067,19.64751354952949,-499.81576608958886,-5.0,0.0,-5.992682111392835,-1.9311889065526797,10.94790684437784,10.853146608258763,8.829000000000008,-0.04477526701499457,0.09295770170607653,0.14113791532087647,-23.57563668523006,5.992682111392835,1.9311889065526797,-1.8330301601534311,0.0,-2.220446049250313e-16,6.133820026713711,-23.47747793883081
94.99999999999888,0.0,453.0,506.1891874608712,505.84905239000085,5.6958381081466655e-08,PILOT_ASC_HOLD_ACC,caténaire,,23.57941612770108,6.296168124541466,23.57941612770108,0.005975475173549683,-0.9999821466888548,0.9530103758409609,0.3029376561926077,19.609076561031372,-499.84465348295214,-5.0,0.0,-6.000313550727141,-1.9073464146431982,10.956413860910043,10.829900846325314,8.829000000000008,-0.043899689817097354,0.09355443168210797,0.1408982156778748,-23.57899515704833,6.000313550727141,1.9073464146431982,-1.833030160174057,0.0,0.0,6.141211766405015,-23.50467890257919
95.09999999999887,0.0,453.0,506.18918746599746,505.8491092764439,5.126254297331999e-08,PILOT_ASC_HOLD_ACC,caténaire,Fx:(e1>15:5),23.582514862945672,6.296168495911913,23.582514862945672,0.005964461407748794,-0.999982212441859,0.9542134758748184,0.2991264656610935,19.570624939393415,-499.8735096914762,5.0,0.0,-6.007888825177634,-1.8833506293888538,10.964757764062524,10.806531038056855,8.829000000000008,9.95686893888489,0.09418040866799338,0.1406569997977018,-23.582095387591437,6.007888825177634,1.8833506293888538,-1.8330301601926204,0.0,4.440892098500626e-16,6.1485458249753355,-23.531774918395204
95.19999999999887,0.0,453.0,506.1891874706111,505.84915536923523,4.613628867598799e-08,PILOT_ASC_HOLD_ACC,caténaire,,22.45245232010919,6.296168947041808,22.45245232010919,0.005952622669447876,-0.9999822829847312,0.9554076669904057,0.295290009746266,19.53549227418654,-499.90233450649373,5.0,0.0,-6.0154080846706535,-1.859195789736113,9.153599684216791,10.783030351185209,8.829000000000008,8.138191599546138,0.09483456144908864,0.13365097666537953,-22.452054529668615,6.0154080846706535,1.859195789736113,-1.8330301602093275,0.0,-4.440892098500626e-16,6.149059061336033,-22.42588890014183
95.29999999999886,0.0,453.0,506.18918747476334,505.8526128817619,4.152265980838919e-08,PILOT_ASC_HOLD_ACC,caténaire,,21.070166283535045,6.296169307838603,21.070166283535045,0.0059408459414245175,-0.9999823530190421,0.9564636326168781,0.2918515367122911,19.50307233965652,-499.93112770994634,5.0,0.0,-6.022056967746205,-1.8375466878934585,7.794602780968648,10.759392277392388,8.829000000000008,6.772545813222443,0.0928455894989213,0.12517461185067888,-21.06979445871186,6.022056967746205,1.8375466878934585,-1.8330301602243637,0.0,0.0,6.147231579596884,-21.06527793104277
95.39999999999885,0.0,453.0,506.1891874785004,505.85794670125915,3.737039382755027e-08,PILOT_ASC_HOLD_ACC,caténaire,,19.7750633615103,6.296169525446308,19.7750633615103,0.005929609394063235,-0.9999824197116837,0.9574496856297757,0.2886002416621367,19.472909920512603,-499.959889964834,5.0,0.0,-6.028265532810342,-1.817076046589585,6.746865656197099,10.736275100175481,8.829000000000008,5.718600123386757,0.09019905358588787,0.11725840147660715,-19.77471571019493,6.028265532810342,1.817076046589585,-1.8330301602378962,0.0,-4.440892098500626e-16,6.145523934286949,-19.790669823843242
95.49999999999885,0.0,453.0,506.1891874818637,505.86418756542514,3.363335444479524e-08,PILOT_ASC_HOLD_ACC,caténaire,,18.67251430790473,6.296169640132879,18.67251430790473,0.005919150420414725,-0.9999824816757044,0.9584088454428362,0.28539881740632606,19.444653701479265,-499.9886221533496,5.0,0.0,-6.03430467551199,-1.7969193694835373,5.921037586669418,10.713840689168881,8.829000000000008,4.886732911157428,0.08792131968533567,0.11052542091583425,-18.67218719674367,6.03430467551199,1.7969193694835373,-1.8330301602500758,0.0,-4.440892098500626e-16,6.144830096427825,-18.70829798751021
95.59999999999884,0.0,453.0,506.18918748489074,505.87077785747266,3.0270019000315714e-08,PILOT_ASC_HOLD_ACC,caténaire,,17.772648957096916,6.2961695117931,17.772648957096916,0.005909554025180495,-0.9999825384331584,0.9593646739302351,0.28216913795582577,19.41802639345295,-500.01732503474767,5.0,0.0,-6.0403226106908745,-1.7765847235664114,5.2580443587126995,10.691995388375448,8.829000000000008,4.217721748021825,0.08641066480902815,0.105028429182532,-17.7723386187992,6.0403226106908745,1.7765847235664114,-1.8330301602610375,0.0,2.220446049250313e-16,6.145351039873407,-17.828784055493827
95.69999999999884,0.0,453.0,506.189187487615,505.8773010628952,2.724301710028414e-08,PILOT_ASC_HOLD_ACC,caténaire,,17.051537127976303,6.29616945462928,17.051537127976303,0.005900844686866922,-0.9999825898644343,0.9603353469047985,0.27884766716836706,19.392804992634936,-500.0459991126029,5.0,0.0,-6.046434077382806,-1.7556721645201046,4.717458943198208,10.670547170712211,8.829000000000008,3.6710248658154025,0.08587500619209898,0.10061847226453303,-17.0512402584033,6.046434077382806,1.7556721645201046,-1.833030160270903,0.0,-4.440892098500626e-16,6.147052549647339,-17.1285982541541
95.79999999999883,0.0,453.0,506.1891874900669,505.88359827589306,2.4518715390255728e-08,PILOT_ASC_HOLD_ACC,caténaire,,16.476985595990215,6.296169251127395,16.476985595990215,0.0058929784163076334,-0.9999826362519426,0.9613255619980533,0.27541453093314966,19.368807266753894,-500.07464456546137,5.0,0.0,-6.052668443774905,-1.7340565009749718,4.270806524775951,10.649253239752156,8.829000000000008,3.2181380810010456,0.0861967387771756,0.0970985204829821,-16.47669949376358,6.052668443774905,1.7340565009749718,-1.8330301602797816,0.0,4.440892098500626e-16,6.149766964257887,-16.57567315306839
95.89999999999883,0.0,453.0,506.18918749227356,505.8895204518158,2.2066843851230156e-08,PILOT_ASC_HOLD_ACC,caténaire,,16.01852438752062,6.296169119313588,16.01852438752062,0.00588590822357421,-0.9999826778921642,0.9623404447041736,0.2718471417664224,19.34588225350131,-500.1032612860923,5.0,0.0,-6.059058190212923,-1.7115955791634119,3.8975250211935974,10.627900928284713,8.829000000000008,2.8384668309806744,0.08730534912129428,0.09428356442203166,-16.01824691291381,6.059058190212923,1.7115955791634119,-1.8330301602877723,0.0,4.440892098500626e-16,6.153341754634955,-16.13968149403817
95.99999999999882,0.0,453.0,506.18918749425956,505.8950424508972,1.986015946610714e-08,PILOT_ASC_HOLD_ACC,caténaire,,15.65053830448285,6.29616895001819,15.65053830448285,0.005879563566440854,-0.9999827152167521,0.9633785093667974,0.268145198894568,19.323903395816767,-500.13184890495205,5.0,0.0,-6.065593857790038,-1.688287475376431,3.5824484928303555,10.606295833987815,8.829000000000008,2.5168546350403176,0.08900835861137679,0.0920183348102244,-15.650267788320544,6.065593857790038,1.688287475376431,-1.8330301602949641,0.0,4.440892098500626e-16,6.157612192600262,-15.795010473239078
96.09999999999881,0.0,453.0,506.189187496047,505.9001751189121,1.7874143519496428e-08,PILOT_ASC_HOLD_ACC,caténaire,,15.352626210740185,6.296168669590807,15.352626210740185,0.005873872506384967,-0.999982748662085,0.9644366044082292,0.2643142752057191,19.302763489622873,-500.1604068543741,5.0,0.0,-6.072255532481636,-1.6641672584758507,3.3141780209039444,10.58429193505927,8.829000000000008,2.2419224884223086,0.09112467658341039,0.090179369000072,-15.352361357397541,6.072255532481636,1.6641672584758507,-1.8330301603014367,0.0,4.440892098500626e-16,6.162434901481708,-15.521224259223127
96.19999999999881,0.0,453.0,506.18918749765567,505.90489465752114,1.6086729167546786e-08,PILOT_ASC_HOLD_ACC,caténaire,,15.10896706184381,6.296168461519463,15.10896706184381,0.0058687784026272465,-0.9999827785717416,0.9655138026672674,0.26035187124158166,19.28237089083497,-500.1889344289287,5.0,0.0,-6.079037553515375,-1.6392192406088226,3.084003560766245,10.561788534349466,8.829000000000008,2.0049660072508697,0.09356929374063583,0.0886711795785554,-15.108706863851495,6.079037553515375,1.6392192406088226,-1.833030160307262,0.0,4.440892098500626e-16,6.167708733093931,-15.302517783549934
96.2999999999988,0.0,453.0,506.18918749910347,505.909286454091,1.4478056250792108e-08,PILOT_ASC_HOLD_ACC,caténaire,,14.9074398743175,6.296168042957415,14.9074398743175,0.005864207097448682,-0.9999828053897317,0.966603246378796,0.25627751382041425,19.262646613982515,-500.2174308137367,5.0,0.0,-6.085896470069068,-1.6135662926446694,2.8851732739646123,10.538706345813981,8.829000000000008,1.7992768038955442,0.09614005316930374,0.08742031471576217,-14.907183546698764,6.085896470069068,1.6135662926446694,-1.833030160312505,0.0,4.440892098500626e-16,6.173316784784831,-15.1266474143666
96.3999999999988,0.0,453.0,506.1891875004065,505.9133650883362,1.3030250625712896e-08,PILOT_ASC_HOLD_ACC,caténaire,,14.738807643557683,6.296167527543787,14.738807643557683,0.005860107434176637,-0.9999828294230156,0.9677022464164755,0.2520959386434196,19.243522095929833,-500.2458951518961,5.0,0.0,-6.092815460218589,-1.5872382627123696,2.7123811665825412,10.51501630104116,8.829000000000008,1.619565706363952,0.09877803832878129,0.08637099624291182,-14.738554569726382,6.092815460218589,1.5872382627123696,-1.8330301603172234,0.0,4.440892098500626e-16,6.179186456461501,-14.984346467331235
96.49999999999879,0.0,453.0,506.1891875015792,505.91712487993937,1.1727225563141607e-08,PILOT_ASC_HOLD_ACC,caténaire,,14.596026856681327,6.296167086756142,14.596026856681327,0.0058564389905060455,-0.9999828509141296,0.9688093391541919,0.24780731298252281,19.22493743294635,-500.27432656408604,5.0,0.0,-6.099785474524592,-1.5602362478580383,2.5614100019227437,10.490703994110305,8.829000000000008,1.4616245273981519,0.10146774625225952,0.08548074078994192,-14.595776548163396,6.099785474524592,1.5602362478580383,-1.8330301603214705,0.0,4.440892098500626e-16,6.185266215314534,-14.86857046062683
96.59999999999879,0.0,453.0,506.1891875026347,505.92060337230913,1.0554503006827446e-08,PILOT_ASC_HOLD_ACC,caténaire,,14.473705151743262,6.296166664536264,14.473705151743262,0.005853156756033696,-0.9999828701312784,0.9699208150198227,0.24342064947592876,19.20683997799632,-500.3027241537303,5.0,0.0,-6.106783102767652,-1.5326169786901094,2.4288725659570263,10.465758960711332,8.829000000000008,1.322089463189374,0.10414198202121483,0.08471686509376578,-14.473457219074097,6.106783102767652,1.5326169786901094,-1.8330301603252923,0.0,2.220446049250313e-16,6.191499967861418,-14.77387040070928
96.69999999999878,0.0,453.0,506.1891875035846,505.92383888127364,9.499052706144701e-09,PILOT_ASC_HOLD_ACC,caténaire,,14.367695036745763,6.296166214403471,14.367695036745763,0.0058502202184197195,-0.999982887315276,0.9710330686882536,0.23894513913003837,19.189183219397513,-500.33108702941485,5.0,0.0,-6.113785600143507,-1.5044383120864844,2.312020497190277,10.440187362478822,8.829000000000008,1.1982348970467696,0.10674905039232918,0.08405417999605871,-14.367449166910388,6.113785600143507,1.5044383120864844,-1.8330301603287322,0.0,-6.661338147750939e-16,6.197839780139566,-14.696041015152636
96.79999999999878,0.0,453.0,506.18918750443953,505.92688598188073,8.549147435530231e-09,PILOT_ASC_HOLD_ACC,caténaire,,14.274788055091426,6.296165621855021,14.274788055091426,0.005847589069217459,-0.99998290270488,0.9721418050291482,0.23439349588815295,19.171925872285357,-500.3594143221184,5.0,0.0,-6.12076581239261,-1.4757802707974048,2.2086036736558574,10.41400807362462,8.829000000000008,1.0878378612632478,0.10922780282720801,0.08347309459634858,-14.274543994827273,6.12076581239261,1.4757802707974048,-1.8330301603318282,0.0,2.220446049250313e-16,6.204238906988958,-14.631793884361697
96.89999999999877,0.0,453.0,506.18918750520896,505.9297439589337,7.694232691977207e-09,PILOT_ASC_HOLD_ACC,caténaire,,14.19248859073189,6.296165022603889,14.19248859073189,0.005845239351660425,-0.9999829164425369,0.973245742306828,0.22976667530699768,19.155031137601608,-500.3877052056007,5.0,0.0,-6.1277158011104085,-1.4466489044279034,2.1167641572144316,10.387254916756966,8.829000000000008,0.9890483561040231,0.1116060123290552,0.08295849280853765,-14.192246132537505,6.1277158011104085,1.4466489044279034,-1.8330301603346144,0.0,0.0,6.210674293918946,-14.578627388444216
96.99999999999876,0.0,453.0,506.18918750590143,505.93241878821846,6.924809422779487e-09,PILOT_ASC_HOLD_ACC,caténaire,,14.118837938528326,6.296164475884385,14.118837938528326,0.005843148477222043,-0.9999829286622213,0.974343313193113,0.22506689680152317,19.13846608550882,-500.41595888712476,5.0,0.0,-6.134625755841972,-1.417058200339287,2.0349574514055258,10.359954804190107,8.829000000000008,0.9003316955635539,0.11389660385081157,0.0824984664006566,-14.118596911076834,6.134625755841972,1.417058200339287,-1.8330301603371222,0.0,-4.440892098500626e-16,6.217124222242629,-14.534568871074669
97.09999999999876,0.0,453.0,506.18918750652466,505.93496789620565,6.232328480501538e-09,PILOT_ASC_HOLD_ACC,caténaire,,14.052286160618163,6.296163798680757,14.052286160618163,0.005841284196658639,-0.9999829395539375,0.9754304782980678,0.22030747151924426,19.122201143803657,-500.4441746031552,5.0,0.0,-6.14147006559015,-1.3870919267583577,1.9618904054344333,10.332131418556008,8.829000000000008,0.8204203398442829,0.11603949179764328,0.08208339707694379,-14.052046422348065,6.14147006559015,1.3870919267583577,-1.8330301603393786,0.0,4.440892098500626e-16,6.223553462667094,-14.497984655929086
97.19999999999875,0.0,453.0,506.1891875070856,505.93734140894423,5.609095632451384e-09,PILOT_ASC_HOLD_ACC,caténaire,,13.991603703352485,6.296163304654511,13.991603703352485,0.0058396419495474,-0.9999829491455847,0.976508589906519,0.21547847650933008,19.10620967532492,-500.4723516394048,5.0,0.0,-6.148257550449346,-1.356687676740903,1.8964719074138323,10.303823035358848,8.829000000000008,0.7482143569644863,0.11813535861793767,0.08170595592753993,-13.991365134554703,6.148257550449346,1.356687676740903,-1.8330301603414103,0.0,4.440892098500626e-16,6.229963506376886,-14.467707618155211
97.29999999999875,0.0,453.0,506.1891875075904,505.93962465326,5.048186069206245e-09,PILOT_ASC_HOLD_ACC,caténaire,,13.935798764664208,6.296162642893649,13.935798764664208,0.005838186711556121,-0.9999829576427396,0.9775724766613956,0.21059927082994684,19.09046761147103,-500.500489297237,5.0,0.0,-6.154955308276502,-1.3259672616201534,1.8377780516016304,10.27504323631699,8.829000000000008,0.6828227433251284,0.12007597469682807,0.08135979516278279,-13.935561265802951,6.154955308276502,1.3259672616201534,-1.8330301603432384,0.0,2.220446049250313e-16,6.236315103439285,-14.442624164526036
97.39999999999874,0.0,453.0,506.18918750804477,505.9418043637473,4.543367462285621e-09,PILOT_ASC_HOLD_ACC,caténaire,,13.884076933332114,6.296161966915004,13.884076933332114,0.005836908722073521,-0.9999829651031913,0.9786218494497434,0.20566787736436531,19.07495315498261,-500.5285869297907,5.0,0.0,-6.161561668497495,-1.294918267277656,1.785019038732678,10.245831923611892,8.829000000000008,0.6234573702351831,0.1219136563342289,0.081040089750106,-13.883840419514272,6.161561668497495,1.294918267277656,-1.8330301603448835,0.0,-2.220446049250313e-16,6.242601758247601,-14.4219523125815
97.49999999999874,0.0,453.0,506.18918750845364,505.94389472429026,4.089030716057059e-09,PILOT_ASC_HOLD_ACC,caténaire,,13.835792438517712,6.296161261454032,13.835792438517712,0.005835792965177294,-0.9999829716152508,0.9796551642317096,0.2006882138894609,19.05964651739709,-500.55664392450535,5.0,0.0,-6.168066894619078,-1.2635653579212247,1.7375180313573853,10.216216092467425,8.829000000000008,0.5694511367383068,0.12365073454619235,0.08074282018035486,-13.83555683732076,6.168066894619078,1.2635653579212247,-1.8330301603463643,0.0,2.220446049250313e-16,6.248809714799433,-14.4050216397459
97.59999999999873,0.0,453.0,506.18918750882165,505.945903027206,3.680127644451353e-09,PILOT_ASC_HOLD_ACC,caténaire,,13.790417631950504,6.296160539296834,13.790417631950504,0.005834827300006863,-0.9999829772503025,0.9806712614124853,0.19566266133231663,19.044529696626782,-500.5846597023557,5.0,0.0,-6.17446369812774,-1.2319235272943325,1.6946914918156872,10.186222067478973,8.829000000000008,0.5202277936879476,0.12529854018463205,0.0804647052774008,-13.79018288112293,6.17446369812774,1.2319235272943325,-1.8330301603476966,0.0,2.220446049250313e-16,6.254928403405141,-14.391289514176295
97.69999999999872,0.0,453.0,506.1891875091529,505.9478191521422,3.3121148800062178e-09,PILOT_ASC_HOLD_ACC,caténaire,,13.74751842347386,6.296159880292942,13.74751842347386,0.005834004915978652,-0.9999829820485148,0.9816697919998716,0.19058966256050974,19.02958628488497,-500.612633714073,5.0,0.0,-6.180749960085109,-1.1999829870120513,1.6560339920631393,10.155873313006285,8.829000000000008,0.47528403197803026,0.12689032599422667,0.08020309006505358,-13.747284468872287,6.180749960085109,1.1999829870120513,-1.8330301603488963,0.0,-4.440892098500626e-16,6.260953050150162,-14.380331642209132
97.79999999999872,0.0,453.0,506.18918750945096,505.94968553886713,2.980903392005596e-09,PILOT_ASC_HOLD_ACC,caténaire,,13.706733135943836,6.296159117350099,13.706733135943836,0.005833306989713873,-0.9999829861200459,0.9826481575677225,0.18547937467211864,19.014801300938178,-500.6405654290569,5.0,0.0,-6.186909156417292,-1.1678076559222548,1.6211060842763667,10.125185149786853,8.829000000000008,0.43419692785907404,0.12837749386459052,0.07995558220804393,-13.706499931231697,6.186909156417292,1.1678076559222548,-1.8330301603499757,0.0,4.440892098500626e-16,6.266864738625336,-14.371722435659418
97.89999999999871,0.0,453.0,506.18918750971926,505.9515093529171,2.6828130528050364e-09,PILOT_ASC_HOLD_ACC,caténaire,,13.66776416350315,6.296158271483684,13.66776416350315,0.005832724186481843,-0.999982989519604,0.9836054021453733,0.1803341700023557,19.000161049050767,-500.66845435159,5.0,0.0,-6.192935288593627,-1.1354124760914766,1.5895230090239216,10.094184576760604,8.829000000000008,0.3965877204302952,0.12977210066912015,0.0797202986115946,-13.66753166826879,6.192935288593627,1.1354124760914766,-1.8330301603509471,0.0,4.440892098500626e-16,6.272655587205222,-14.365149352528261
97.9999999999987,0.0,453.0,506.18918750996073,505.9532973142048,2.4145317475245326e-09,PILOT_ASC_HOLD_ACC,caténaire,,13.63036402878361,6.296157351434414,13.63036402878361,0.005832247973513197,-0.9999829922971567,0.9845406409001288,0.1751562913970367,18.985652992792836,-500.6963000168071,5.0,0.0,-6.1988227939892955,-1.102811571729441,1.560947092378651,10.062895544376609,8.829000000000008,0.36212429838935556,0.13108397264715954,0.07949566298512038,-13.630132207602562,6.1988227939892955,1.102811571729441,-1.8330301603518218,0.0,-4.440892098500626e-16,6.278318456974416,-14.360350796224942
98.0999999999987,0.0,453.0,506.18918751017804,505.9550072436915,2.1730785727720793e-09,PILOT_ASC_HOLD_ACC,caténaire,,13.594325545172495,6.2961565686554035,13.594325545172495,0.005831882744899656,-0.9999829944272302,0.9854549658112478,0.1699367834165178,18.971265644332426,-500.7241019874203,5.0,0.0,-6.204578756106574,-1.0699485951640793,1.535080821069056,10.031339519173883,8.829000000000008,0.3305020649624817,0.1323909240097958,0.07928051257544008,-13.59409436588018,6.204578756106574,1.0699485951640793,-1.8330301603526087,0.0,2.220446049250313e-16,6.283859268682014,-14.357175931068708
98.1999999999987,0.0,453.0,506.18918751037364,505.95666782218905,1.9557707154948713e-09,PILOT_ASC_HOLD_ACC,caténaire,,13.559467738583503,6.29615578116961,13.559467738583503,0.005831615669564981,-0.9999829959847729,0.9863466018220318,0.1646826678012304,18.95698846296987,-500.75185982776986,5.0,0.0,-6.210191859298785,-1.036867730935151,1.5116619232014652,9.999519161927608,8.829000000000008,0.3014700639026806,0.13365143099244925,0.07907360453528439,-13.559237173187606,6.210191859298785,1.036867730935151,-1.8330301603533168,0.0,4.440892098500626e-16,6.289265463834069,-14.355399602605772
98.29999999999869,0.0,453.0,506.1891875105497,505.9583192649118,1.7601936439453841e-09,PILOT_ASC_HOLD_ACC,caténaire,,13.52563739374106,6.296154836019701,13.52563739374106,0.005831431436138754,-0.9999829970591528,0.9872134701152556,0.15940377794455027,18.942811771369705,-500.7795731176857,5.0,0.0,-6.215648864049958,-1.0036308673853906,1.490457184329888,9.967447111826147,8.829000000000008,0.27480832027993074,0.13481624444074747,0.07887382709167547,-13.525407418128534,6.215648864049958,1.0036308673853906,-1.8330301603539545,0.0,0.0,6.294522691141633,-14.354806711097098
98.39999999999868,0.0,453.0,506.1891875107081,505.95989903702844,1.5841742795508456e-09,PILOT_ASC_HOLD_ACC,caténaire,,13.492708981731854,6.296154052233755,13.492708981731854,0.005831341336461684,-0.9999829975845677,0.9880573959604548,0.15408628195866444,18.928726682231943,-500.80724146890356,5.0,0.0,-6.220961577415949,-0.970150968547678,1.4712582823148004,9.935147740000364,8.829000000000008,0.2502967048988518,0.1359967714526782,0.0786805916260208,-13.492479573088438,6.220961577415949,0.970150968547678,-1.8330301603545283,0.0,-4.440892098500626e-16,6.299642169041969,-14.35535876489529
98.49999999999868,0.0,453.0,506.1891875108507,505.9614819789984,1.4257568515957611e-09,PILOT_ASC_HOLD_ACC,caténaire,,13.460568092058194,6.296153079706826,13.460568092058194,0.005831322010023512,-0.9999829976972686,0.9888751312576245,0.14874802445819638,18.914725025071007,-500.83486448790455,5.0,0.0,-6.226109203113185,-0.9365403322927794,1.4538801265198553,9.902618637552733,8.829000000000008,0.22777092340666982,0.13707830525994602,0.07849290698263914,-13.460339231404557,6.226109203113185,0.9365403322927794,-1.8330301603550445,0.0,-6.661338147750939e-16,6.304602110095824,-14.356829059466822
98.59999999999867,0.0,453.0,506.18918751097897,505.9630208992557,1.2831811664361851e-09,PILOT_ASC_HOLD_ACC,caténaire,,13.334788060204305,6.296149470722158,13.334788060204305,0.005831381824921327,-0.999982997348461,0.9896679037141957,0.14337866074820735,18.900799291230637,-500.86244181418533,5.0,0.0,-6.231097048160841,-0.9027334789826775,1.4381556831550066,9.869884826009573,8.829000000000008,0.20705863499416566,0.1381513470268878,0.07776024073345329,-13.334561333449571,6.231097048160841,0.9027334789826775,-1.8330301603555093,0.0,2.220446049250313e-16,6.308857288894294,-14.264858014822403
98.69999999999867,0.0,453.0,506.1891875110945,505.96456336093195,1.1548630497925667e-09,PILOT_ASC_HOLD_ACC,caténaire,,13.400128578492955,6.296150690852372,13.400128578492955,0.0058315048710910755,-0.9999829966309118,0.9904336501618604,0.13798979899635208,18.8869425757447,-500.8899730901896,5.0,0.0,-6.235919510710033,-0.868804568281462,1.4239355110555985,9.836949694007087,8.829000000000008,0.18801600034556465,0.13914512572561755,0.07814291507872839,-13.399900731160907,6.235919510710033,0.868804568281462,-1.8330301603559271,0.0,-4.440892098500626e-16,6.314062425788761,-14.364126323235372
98.79999999999866,0.0,453.0,506.1891875111984,505.9660465365981,1.03937674481331e-09,PILOT_ASC_HOLD_ACC,caténaire,,13.275302718280615,6.296148028514089,13.275302718280615,0.00583170443949281,-0.9999829954670881,0.9911740148368996,0.13256723694828046,18.8731485326617,-500.9174579844291,5.0,0.0,-6.240578319429741,-0.8346629475574762,1.4110840318538305,9.803833120610848,8.829000000000008,0.17050571242408985,0.14017017305336488,0.07741764179780804,-13.275076977958628,6.240578319429741,0.8346629475574762,-1.8330301603563037,0.0,4.440892098500626e-16,6.317995961227549,-14.273444190757456
98.89999999999866,0.0,453.0,506.18918751129195,505.9675071356805,9.35439070331979e-10,PILOT_ASC_HOLD_ACC,caténaire,,13.341469244350376,6.296148807378193,13.341469244350376,0.005831967981229875,-0.9999829939301298,0.9918873466186108,0.12711998905715763,18.859411323936556,-500.9448961553953,5.0,0.0,-6.245070334466287,-0.800366367496152,1.3994800607873286,9.770529166649927,8.829000000000008,0.15440972632104177,0.1411627991537685,0.07780702145561452,-13.341242358392236,6.245070334466287,0.800366367496152,-1.8330301603566423,0.0,4.440892098500626e-16,6.322877355921901,-14.373906151252728
98.99999999999865,0.0,453.0,506.18918751137613,505.96898996922687,8.418951632987811e-10,PILOT_ASC_HOLD_ACC,caténaire,,13.217376388557286,6.296145385949735,13.217376388557286,0.00583228092993114,-0.9999829921049429,0.9925719305143826,0.12165920744009288,18.845725585377703,-500.97228727206215,5.0,0.0,-6.249377180531352,-0.7659840575822425,1.3890126463078207,9.73704652733091,8.829000000000008,0.13963546577646913,0.14206246974866055,0.07708745225470479,-13.21715158880674,6.249377180531352,0.7659840575822425,-1.8330301603569472,0.0,4.440892098500626e-16,6.326464632786056,-14.284197691581443
99.09999999999864,0.0,453.0,506.1891875114519,505.97042494356754,7.57705646968903e-10,PILOT_ASC_HOLD_ACC,caténaire,,13.284218299778024,6.296147166319718,13.284218299778024,0.005832659606061255,-0.999982989896288,0.9932294883811364,0.11616877123455374,18.832086390842104,-500.9996310347111,5.0,0.0,-6.253519028776076,-0.7314156798232792,1.3795808861329149,9.703408635613767,8.829000000000008,0.12606185735683972,0.142992955790481,0.077482323475215,-13.283992333847012,6.253519028776076,0.7314156798232792,-1.8330301603572217,0.0,0.0,6.331001352251291,-14.385606814380955
99.19999999999864,0.0,453.0,506.1891875115201,505.9718621072462,6.819350822720127e-10,PILOT_ASC_HOLD_ACC,caténaire,,13.160706503233373,6.2961430385230415,13.160706503233373,0.005833088368729909,-0.9999829873953269,0.9938582098029415,0.11066100852284087,18.81848921751506,-501.02692713297256,5.0,0.0,-6.257473448929763,-0.6967375384470236,1.3710932363536033,9.6696090503145,8.829000000000008,0.11361978742384071,0.14387151186747005,0.07676756402827865,-13.160482605336414,6.257473448929763,0.6967375384470236,-1.8330301603574688,0.0,2.220446049250313e-16,6.334241012958041,-14.29677522724686
99.29999999999863,0.0,453.0,506.1891875115815,505.9732589351443,6.137415740448114e-10,PILOT_ASC_HOLD_ACC,caténaire,,13.22807645030912,6.2961454602981135,13.22807645030912,0.005833576779505654,-0.9999829845462159,0.9944588909559349,0.10512618227012704,18.804929916083015,-501.05417527421565,5.0,0.0,-6.261257831745306,-0.6618897352585325,1.3634661238910462,9.635661469220038,8.829000000000008,0.10220829214573968,0.14477173396149823,0.07716699961804885,-13.227851368585627,6.261257831745306,0.6618897352585325,-1.833030160357691,0.0,4.440892098500626e-16,6.338424831363355,-14.398991793684786
99.39999999999863,0.0,453.0,506.18918751163676,505.97467177826564,5.523674166403303e-10,PILOT_ASC_HOLD_ACC,caténaire,,13.105017834239833,6.296140491625483,13.105017834239833,0.0058341076849708256,-0.9999829814489445,0.9950297327827832,0.09957826508944218,18.79140468488447,-501.0813751581292,5.0,0.0,-6.2648469909449656,-0.6269587469154531,1.3566228144722627,9.601561562783264,8.829000000000008,0.09177582352729718,0.14560281586780377,0.07645608525841834,-13.104794805824737,6.2648469909449656,0.6269587469154531,-1.8330301603578913,0.0,4.440892098500626e-16,6.341303076203384,-14.310866219267176
99.49999999999862,0.0,453.0,506.1891875116865,505.9761013601356,4.971306749762973e-10,PILOT_ASC_HOLD_ACC,caténaire,,13.172807322835224,6.2961427498105245,13.172807322835224,0.0058346792009034715,-0.999982978114439,0.995570498377986,0.09401799167929799,18.777910043979105,-501.1085265079358,5.0,0.0,-6.268253975287807,-0.5919506966633582,1.3504931507497433,9.567327044617622,8.829000000000008,0.08223917546193693,0.1463763479542557,0.07685910490405562,-13.172583096816458,6.268253975287807,0.5919506966633582,-1.8330301603580714,0.0,6.661338147750939e-16,6.3451130801918625,-14.41366256051117
99.59999999999862,0.0,453.0,506.18918751173123,505.9774954922261,4.4741760747866756e-10,PILOT_ASC_HOLD_ACC,caténaire,,13.050134703443222,6.296138530870394,13.050134703443222,0.005835304269025611,-0.9999829744671096,0.9960821155240548,0.08843313368372392,18.764442816881623,-501.1356290655556,5.0,0.0,-6.271470987461896,-0.5567872603917067,1.3450117814355096,9.532972114099808,8.829000000000008,0.07354079397361346,0.14718485370809375,0.07615150674636151,-13.049912517945604,6.271470987461896,0.5567872603917067,-1.833030160358233,0.0,-4.440892098500626e-16,6.347622494208258,-14.32615541791213
99.69999999999861,0.0,453.0,506.1891875117715,505.9789091494692,4.0267584673080083e-10,PILOT_ASC_HOLD_ACC,caténaire,,13.11824964443547,6.296139961949573,13.11824964443547,0.0058359662617087785,-0.9999829706038961,0.9965630710171649,0.08283746425885533,18.75100010198133,-501.16268256168183,5.0,0.0,-6.274500576034362,-0.5215562690667485,1.3401200261325692,9.498489868136907,8.829000000000008,0.06561945009820747,0.1479335990701518,0.07655766233759859,-13.118026248566085,6.274500576034362,0.5215562690667485,-1.8330301603583787,0.0,0.0,6.3510582383719605,-14.429500139857716
99.7999999999986,0.0,453.0,506.18918751180775,505.9803142491041,3.6240826205772075e-10,PILOT_ASC_HOLD_ACC,caténaire,,12.995879500129016,6.296136071519053,12.995879500129016,0.0058366718254459354,-0.9999829664859307,0.997013722954991,0.0772245831288741,18.737579260706454,-501.1896867465689,5.0,0.0,-6.277334064896422,-0.48621648344572593,1.3357623595765378,9.46389504636005,8.829000000000008,0.05842829468011601,0.14867856291431636,0.07585268372529344,-12.995658134632707,6.277334064896422,0.48621648344572593,-1.8330301603585102,0.0,2.220446049250313e-16,6.353186748621716,-14.34247181154549
99.8999999999986,0.0,453.0,506.1891875118404,505.9816737777443,3.261674358519487e-10,PILOT_ASC_HOLD_ACC,caténaire,,13.064259381860145,6.296138132374921,13.064259381860145,0.0058374304018211426,-0.9999829620580062,0.9974344521277502,0.07158570882945,18.724177894236867,-501.2166413720351,5.0,0.0,-6.279985088586015,-0.4507135110941882,1.3318885580382729,9.429189701955325,8.829000000000008,0.05190346945225777,0.1494761908611295,0.0762617048929475,-13.064036793766604,6.279985088586015,0.4507135110941882,-1.833030160358628,0.0,-2.220446049250313e-16,6.356246793478962,-14.446353443031045
99.9999999999986,0.0,453.0,506.1891875118697,505.983028713615,2.935506922667538e-10,PILOT_ASC_HOLD_ACC,caténaire,,12.94209844104955,6.296133719827305,12.94209844104955,0.005838229494420141,-0.99998295739296,0.9978241685688648,0.06593124160709782,18.710793829608953,-501.2435461720552,5.0,0.0,-6.282434394185074,-0.41511191347252957,1.328451707110495,9.394362331754703,8.829000000000008,0.04601731292542066,0.150250418282166,0.07555894083822441,-12.941877873951546,6.282434394185074,0.41511191347252957,-1.8330301603587345,0.0,2.220446049250313e-16,6.357993335023298,-14.359796120837752
100.09999999999859,0.0,453.0,506.18918751189614,505.9844323526389,2.6419562304007844e-10,PILOT_ASC_HOLD_ACC,caténaire,,13.010662486438983,6.296134840068891,13.010662486438983,0.005839052982976288,-0.9999829525848238,0.9981818167310683,0.06027487658605336,18.6974251026177,-501.2704008886995,5.0,0.0,-6.28468731304374,-0.3794987504543032,1.3254087398952357,9.359419610877252,8.829000000000008,0.040721426851495934,0.15092086042294106,0.07596994760193923,-13.01044068827386,6.28468731304374,0.3794987504543032,-1.8330301603588304,0.0,-6.661338147750939e-16,6.360657260645679,-14.463972098178388
100.19999999999858,0.0,453.0,506.1891875119199,505.9858022061146,2.377760607360706e-10,PILOT_ASC_HOLD_ACC,caténaire,,12.88869142881527,6.296131558322484,12.88869142881527,0.005839923869588552,-0.9999829474992047,0.9985084953345539,0.05459656348823883,18.684069949808134,-501.2972052983678,5.0,0.0,-6.286740848728984,-0.3437471463542576,1.3227185503000856,9.324386429371812,8.829000000000008,0.035977701571101584,0.1516392830175466,0.07526897672289967,-12.888471644394428,6.286740848728984,0.3437471463542576,-1.833030160358916,0.0,-4.440892098500626e-16,6.362009825451883,-14.377754658399088
100.29999999999858,0.0,453.0,506.18918751194127,505.98720412177283,2.1399845466246355e-10,PILOT_ASC_HOLD_ACC,caténaire,,12.957399429153766,6.296131676577707,12.957399429153766,0.005840822416563538,-0.9999829422512657,0.9988030387051464,0.04891308488907413,18.670726788473473,-501.3239591616682,5.0,0.0,-6.288595450653542,-0.30796322316923397,1.3203443018510959,9.28925269700236,8.829000000000008,0.03174885119755366,0.1522894738331182,0.0756818690461689,-12.957178405090053,6.288595450653542,0.30796322316923397,-1.8330301603589938,0.0,-4.440892098500626e-16,6.364277319699711,-14.482245342279814
100.39999999999857,0.0,453.0,506.18918751196054,505.9885622745182,1.925986091962172e-10,PILOT_ASC_HOLD_ACC,caténaire,,12.83557080977718,6.296129501007737,12.83557080977718,0.005841770249752016,-0.9999829367145967,0.9990661926749009,0.04320581736384305,18.657394210128583,-501.3506622618087,5.0,0.0,-6.290250129159924,-0.2720294213196446,1.318250697712836,9.2540350202073,8.829000000000008,0.028000568552911886,0.15300559888764909,0.07498245569514173,-12.835351792769139,6.290250129159924,0.2720294213196446,-1.8330301603590635,0.0,-6.661338147750939e-16,6.3652325848550655,-14.396352531808558
100.49999999999856,0.0,453.0,506.1891875119779,505.98992177846833,1.7333874827659546e-10,PILOT_ASC_HOLD_ACC,caténaire,,12.904373658099791,6.2961290310317075,12.904373658099791,0.00584275372722692,-0.9999829309687657,0.9992971389975882,0.03748637073970887,18.64407096458203,-501.3773143601142,5.0,0.0,-6.291703727469643,-0.23601902708229855,1.3164057939639073,9.218719117572412,8.829000000000008,0.024702066494264763,0.1537000904901067,0.07539707728839144,-12.904153392942762,6.291703727469643,0.23601902708229855,-1.8330301603591264,0.0,4.440892098500626e-16,6.367100804758034,-14.50116452621959
100.59999999999856,0.0,453.0,506.18918751199345,505.99128341930395,1.560048734489359e-10,PILOT_ASC_HOLD_ACC,caténaire,,12.782625110892093,6.296126802591347,12.782625110892093,0.005843772264428434,-0.9999829250170832,0.9994956724794289,0.031755325457224676,18.630755952901094,-501.4039152250621,5.0,0.0,-6.292951492571795,-0.1999355557362436,1.3147791994470843,9.183310875349187,8.829000000000008,0.02182770687528901,0.15437531961293693,0.07469875008961764,-12.782406847786692,6.292951492571795,0.1999355557362436,-1.833030160359183,0.0,-4.440892098500626e-16,6.367650242661413,-14.415501452409632
100.69999999999855,0.0,453.0,506.1891875120075,505.99267340994686,1.4040438610404232e-10,PILOT_ASC_HOLD_ACC,caténaire,,12.851493338766362,6.296125839244242,12.851493338766362,0.005844817704762127,-0.9999829189071172,0.9996614291962542,0.026019742068328293,18.617448216380012,-501.43046463159374,5.0,0.0,-6.293994154858365,-0.16382357036687217,1.3133428333487043,9.147815671635382,8.829000000000008,0.019348678490339388,0.15499210126850116,0.07511463579905417,-12.85127382121496,6.293994154858365,0.16382357036687217,-1.8330301603592336,0.0,0.0,6.369108790657419,-14.520480411207322
100.79999999999855,0.0,453.0,506.1891875120201,505.99406072585066,1.263639474936381e-10,PILOT_ASC_HOLD_ACC,caténaire,,12.729810857775279,6.296123971529427,12.729810857775279,0.005845899100525148,-0.9999829125858634,0.9997944991053054,0.020272137498831645,18.604146929097418,-501.4569623741,5.0,0.0,-6.294830112420169,-0.12763589086053453,1.312070188862528,9.112247785185279,8.829000000000008,0.017240076442358365,0.15561189432473554,0.07441718984332377,-12.729593338225271,6.294830112420169,0.12763589086053453,-1.8330301603592793,0.0,4.440892098500626e-16,6.369247302263493,-14.434987607724015
100.89999999999854,0.0,453.0,506.1891875120315,505.99546007552954,1.1372755274427429e-10,PILOT_ASC_HOLD_ACC,caténaire,,12.798725369231898,6.296122741221986,12.798725369231898,0.00584701181877096,-0.9999829060802946,0.9998946283967524,0.014516614733490021,18.590851387884527,-501.4834082459874,5.0,0.0,-6.295459308674499,-0.09139838814908466,1.31093682212166,9.076607367428288,8.829000000000008,0.015477513447160973,0.15620897927919586,0.07483429849910263,-12.798506588848104,6.295459308674499,0.09139838814908466,-1.8330301603593204,0.0,4.440892098500626e-16,6.370293607173602,-14.54013836105834
100.99999999999854,0.0,453.0,506.1891875120417,505.99683650633057,1.0235479746984686e-10,PILOT_ASC_HOLD_ACC,caténaire,,12.677080331635887,6.296121388761062,12.677080331635887,0.005848166445521178,-0.9999828993283963,0.9999617658127129,0.008744536163869193,18.577561005432727,-501.509802048221,5.0,0.0,-6.295880661676701,-0.055056661176131436,1.3099197145433483,9.040900430983918,8.829000000000008,0.014039052866646529,0.1568437698077787,0.07413767582264949,-12.676863545048242,6.295880661676701,0.055056661176131436,-1.8330301603593575,0.0,-2.220446049250313e-16,6.370018337499351,-14.454837044231468
101.09999999999853,0.0,453.0,506.1891875120509,505.9982428803633,9.211931772286218e-11,PILOT_ASC_HOLD_ACC,caténaire,,12.746002518210295,6.296119340679766,12.746002518210295,0.005849346707453554,-0.9999828924252135,0.9999955900621005,0.0029698242963705074,18.564275302214412,-501.53614356920195,5.0,0.0,-6.296091575184466,-0.01869836819079903,1.308997492598377,9.005119192671158,8.829000000000008,0.012905917413911006,0.15742082448035077,0.0745557878630881,-12.745784465018986,6.296091575184466,0.01869836819079903,-1.8330301603593908,0.0,-2.220446049250313e-16,6.370647363047554,-14.560116257187577
101.19999999999852,0.0,453.0,506.1891875120592,505.9996296453555,8.290738595057596e-11,PILOT_ASC_HOLD_ACC,caténaire,,12.624370695247594,6.296118665716962,12.624370695247594,0.005850567948829188,-0.9999828852808813,0.9999960239395855,-0.002819947698119233,18.550993900285878,-501.56243261657676,5.0,0.0,-6.296093631968771,0.017754725338474085,1.3081500453809398,8.969277646110033,8.829000000000008,0.012056413412169675,0.15803237144849902,0.07385973856375402,-12.624154632689095,6.296093631968771,-0.017754725338474085,-1.833030160359421,0.0,-4.440892098500626e-16,6.369953370532524,-14.47493951838699
101.29999999999852,0.0,453.0,506.18918751206667,506.0010151742575,7.461664735551837e-11,PILOT_ASC_HOLD_ACC,caténaire,,12.693279612578097,6.296116380008094,12.693279612578097,0.005851824577842863,-0.9999828779279725,0.9999628492903313,-0.008619747047472337,18.53771651693683,-501.58866898649376,5.0,0.0,-6.29588247481642,0.05427093057711699,1.307358546159964,8.933368747142005,8.829000000000008,0.011476071343544447,0.1586396777191137,0.07427884561031625,-12.693062277330306,6.29588247481642,-0.05427093057711699,-1.833030160359448,0.0,6.661338147750939e-16,6.370161320426736,-14.58036336826687
101.39999999999851,0.0,453.0,506.1891875120734,506.0024277869552,6.715498261996653e-11,PILOT_ASC_HOLD_ACC,caténaire,,12.571622448351183,6.2961152025571945,12.571622448351183,0.005853107796266729,-0.9999828704178514,0.9998959997467487,-0.014421847678082116,18.52444295818302,-501.61485247651166,5.0,0.0,-6.295460404981629,0.09080161441493699,1.3066054765241277,8.89739429043849,8.829000000000008,0.011145071542498997,0.15919590485341928,0.07358306136416613,-12.571407101711713,6.295460404981629,-0.09080161441493699,-1.8330301603594719,0.0,-2.220446049250313e-16,6.369043466345795,-14.495238876486123
101.49999999999851,0.0,453.0,506.1891875120794,506.00383604900753,6.043948435796988e-11,PILOT_ASC_HOLD_ACC,caténaire,,12.640511041711507,6.296113299619343,12.640511041711507,0.005854427684153103,-0.9999828626914019,0.9997952700180771,-0.020234081384645976,18.511173114060615,-501.6409829012223,5.0,0.0,-6.294824296457327,0.1273960689114497,1.305874266652344,8.861366662151159,8.829000000000008,0.011049970195016634,0.1597627310626013,0.07400295778443883,-12.640294417372948,6.294824296457327,-0.1273960689114497,-1.8330301603594938,0.0,-4.440892098500626e-16,6.368827254241766,-14.600720646643891
101.5999999999985,0.0,453.0,506.18918751208486,506.0052548704452,5.439553592217289e-11,PILOT_ASC_HOLD_ACC,caténaire,,12.51881760685819,6.296111868670321,12.51881760685819,0.005855779704564543,-0.9999828547750464,0.9996605829476993,-0.026052234082052345,18.497906952627424,-501.66706007167636,5.0,0.0,-6.293974860938902,0.16402778020938721,1.3051495464957086,8.825284231565506,8.829000000000008,0.011174685556806452,0.1603120117748862,0.07330743806738546,-12.518602968914168,6.293974860938902,-0.16402778020938721,-1.833030160359514,0.0,0.0,6.367282299006288,-14.51566090948307
101.6999999999985,0.0,453.0,506.18918751208975,506.0066493383378,4.8955982329955605e-11,PILOT_ASC_HOLD_ACC,caténaire,,12.58766519013774,6.296110495064029,12.58766519013774,0.005857175378902525,-0.9999828466011709,0.9994915382616143,-0.031885183760358066,18.4846445156126,-501.69308380478077,5.0,0.0,-6.292909163776641,0.20075264011063557,1.3044168190033,8.789151737901852,8.829000000000008,0.011507655226658642,0.16090437801248036,0.07372816262954314,-12.587449268896405,6.292909163776641,-0.20075264011063557,-1.8330301603595316,0.0,2.220446049250313e-16,6.366637326406184,-14.621232069366572
101.79999999999849,0.0,453.0,506.1891875120942,506.00809943305825,4.4060384096960046e-11,PILOT_ASC_HOLD_ACC,caténaire,,12.46590429745819,6.296107793657283,12.46590429745819,0.005858589083811121,-0.9999828383197119,0.9992886676357672,-0.03771151992074791,18.471385914025216,-501.7190539030779,5.0,0.0,-6.291629168414956,0.2374357944836828,1.3036624670492147,8.752960260196863,8.829000000000008,0.012033298634258394,0.1613960546805373,0.0730326108369227,-12.465690361594135,6.291629168414956,-0.2374357944836828,-1.8330301603595476,0.0,2.220446049250313e-16,6.364661779251879,-14.536156316437364
101.89999999999849,0.0,453.0,506.18918751209816,506.0095341614983,3.965434568726404e-11,PILOT_ASC_HOLD_ACC,caténaire,,12.534709394309546,6.2961073401689465,12.534709394309546,0.00586004421563166,-0.9999828297934874,0.9990512654835058,-0.04354961464589206,18.45813132263755,-501.7449702026562,5.0,0.0,-6.2901340058157755,0.2741930484335301,1.3028739742056505,8.716733188964726,8.829000000000008,0.01273996838987479,0.16192623739824796,0.07345395128074748,-12.53449417076067,6.2901340058157755,-0.2741930484335301,-1.8330301603595618,0.0,4.440892098500626e-16,6.363587957096523,-14.64171737955376
101.99999999999848,0.0,453.0,506.18918751210174,506.01095692364476,3.568891111853764e-11,PILOT_ASC_HOLD_ACC,caténaire,,12.412882951348324,6.2961046431528604,12.412882951348324,0.00586154011272804,-0.999982821026195,0.9987791572460228,-0.049398330446730705,18.44488097775499,-501.7708325268154,5.0,0.0,-6.288418089420985,0.3110170576896605,1.3020392785819441,8.680462626076563,8.829000000000008,0.013621189160958558,0.16247968376621635,0.07275861133392622,-12.412669710757259,6.288418089420985,-0.3110170576896605,-1.833030160359575,0.0,0.0,6.361176700754911,-14.556716928806495
102.09999999999847,0.0,453.0,506.189187512105,506.01239683332034,3.212002000668387e-11,PILOT_ASC_HOLD_ACC,caténaire,,12.481605542567108,6.2961037339771995,12.481605542567108,0.005863067567296812,-0.9999828120716382,0.998472572913634,-0.055249625693103745,18.43163517237091,-501.79664069103563,5.0,0.0,-6.2864868945953525,0.3478573746271931,1.3011472877842825,8.644144075945636,8.829000000000008,0.014660393188929532,0.16300145057282123,0.07318049664441734,-12.481391009625202,6.2864868945953525,-0.3478573746271931,-1.8330301603595864,0.0,0.0,6.359667391239769,-14.662278544611981
102.19999999999847,0.0,453.0,506.1891875121079,506.01383457262256,2.8908018006015483e-11,PILOT_ASC_HOLD_ACC,caténaire,,12.35969894925063,6.296101266150886,12.35969894925063,0.005864633457535606,-0.999982802889334,0.9981311397867415,-0.06110832830327164,18.418394253481964,-501.82239452142227,5.0,0.0,-6.284334732995931,0.3847442232025926,1.3001874553036812,8.60778541943583,8.829000000000008,0.015852722307750255,0.16352964263841407,0.07248510398284291,-12.359486398140001,6.284334732995931,-0.3847442232025926,-1.833030160359597,0.0,0.0,6.356819836978774,-14.57726078170219
102.29999999999846,0.0,453.0,506.1891875121105,506.01526025971816,2.6017216205413936e-11,PILOT_ASC_HOLD_ACC,caténaire,,12.428331195242182,6.296100523628487,12.428331195242182,0.005866241650111475,-0.9999827934564186,0.9977545320674117,-0.06697681493576975,18.405158618012717,-501.84809384187776,5.0,0.0,-6.2819628318023275,0.4216927595880682,1.2991500551739628,8.571385922779575,8.829000000000008,0.017187223371635696,0.16407868236763434,0.07290759409890941,-12.428117346619826,6.2819628318023275,-0.4216927595880682,-1.8330301603596066,0.0,4.440892098500626e-16,6.354870425901237,-14.682840266567501
102.39999999999846,0.0,453.0,506.1891875121128,506.01674273620426,2.3415494584872542e-11,PILOT_ASC_HOLD_ACC,caténaire,,12.306318523752426,6.2960969173917505,12.306318523752426,0.005867869247044937,-0.9999827839070529,0.9973439128013409,-0.07283625194991293,18.391928711370976,-501.87373846942256,5.0,0.0,-6.27937393496795,0.4585841013762157,1.298025667019946,8.534941752573275,8.829000000000008,0.018651732051996106,0.16452585394948294,0.0722118680098663,-12.306106657028884,6.27937393496795,-0.4585841013762157,-1.8330301603596153,0.0,-4.440892098500626e-16,6.351585802977816,-14.597720918764715
102.49999999999845,0.0,453.0,506.1891875121149,506.0181845637564,2.1073945126385288e-11,PILOT_ASC_HOLD_ACC,caténaire,,12.374872769725338,6.296097546148371,12.374872769725338,0.0058695500206919,-0.9999827740429106,0.9968973545646743,-0.07871254323139304,18.378705020774365,-501.8993282549285,5.0,0.0,-6.276562987836448,0.49558185029027124,1.2968062040503112,8.498476172424484,8.829000000000008,0.020243216213862603,0.16505802271474757,0.07263493472160099,-12.374659600698019,6.276562987836448,-0.49558185029027124,-1.8330301603596226,0.0,2.220446049250313e-16,6.34919792255805,-14.703271611347914
102.59999999999845,0.0,453.0,506.1891875121168,506.0196576872997,1.896655061374676e-11,PILOT_ASC_HOLD_ACC,caténaire,,12.252745360856744,6.296092896495329,12.252745360856744,0.005871259835484864,-0.9999827640054324,0.9964161811919306,-0.08458601455849143,18.365488078125427,-501.92486302111,5.0,0.0,-6.273528840355517,0.5325614054045684,1.2954830412593228,8.461971157039278,8.829000000000008,0.02195420090380562,0.16553256244383796,0.0719390517116217,-12.252534172604266,6.273528840355517,-0.5325614054045684,-1.833030160359629,0.0,4.440892098500626e-16,6.3454678920671395,-14.618125738368462
102.69999999999844,0.0,453.0,506.1891875121185,506.0211071670233,1.7069895552372084e-11,PILOT_ASC_HOLD_ACC,caténaire,,12.321198684715506,6.2960942962492386,12.321198684715506,0.0058730183446919345,-0.9999827536790437,0.9958990687631114,-0.09047123762150876,18.352278451999126,-501.9503426096396,5.0,0.0,-6.270274446479354,0.5696154431633909,1.2940491532937006,8.42544000379943,8.829000000000008,0.023774706814347013,0.1660554469628135,0.07236262590392831,-12.320986189368423,6.270274446479354,-0.5696154431633909,-1.8330301603596357,0.0,0.0,6.342637072383282,-14.72363179289145
102.79999999999843,0.0,453.0,506.18918751212004,506.02257461695734,1.5362905997134875e-11,PILOT_ASC_HOLD_ACC,caténaire,,12.198947228604885,6.296089038498241,12.198947228604885,0.005874811675723005,-0.999982743144988,0.9953468725537125,-0.09635664635895097,18.33907675123977,-501.9757668463958,5.0,0.0,-6.266792533788935,0.6066700249270427,1.2924968402002313,8.38887297032489,8.829000000000008,0.02570430641129562,0.16654299525192506,0.07166651761013677,-12.198736713141262,6.266792533788935,-0.6066700249270427,-1.8330301603596413,0.0,-2.220446049250313e-16,6.338459051399072,-14.638436898427946
102.89999999999843,0.0,453.0,506.1891875121214,506.0240518779489,1.3826615397421387e-11,PILOT_ASC_HOLD_ACC,caténaire,,12.267282611045042,6.296090472551942,12.267282611045042,0.005876643300767748,-0.9999827323826724,0.9947593362851398,-0.10224413368769979,18.32588361683812,-502.00113556865136,5.0,0.0,-6.263094779666962,0.6437383159854537,1.2908200262416003,8.35227830992497,8.829000000000008,0.027725246574638263,0.16701662591041533,0.07209044417482253,-12.267070784303264,6.263094779666962,-0.6437383159854537,-1.8330301603596462,0.0,-2.220446049250313e-16,6.335185223841784,-14.743839260648365
102.99999999999842,0.0,453.0,506.18918751212266,506.0255734909354,1.2443953857679248e-11,PILOT_ASC_HOLD_ACC,caténaire,,12.144911377037344,6.296084555946987,12.144911377037344,0.005878501480848409,-0.9999827214608958,0.9941374250883089,-0.10812391057849767,18.312699724660842,-502.02644861874717,5.0,0.0,-6.259173288587406,0.6807572835218721,1.2890121359786146,8.315660055872229,8.829000000000008,0.029838847391208567,0.16741733939409364,0.07139387951468672,-12.144701530711199,6.259173288587406,-0.6807572835218721,-1.8330301603596506,0.0,4.440892098500626e-16,6.3305671681020925,-14.658488974592721
103.09999999999842,0.0,453.0,506.1891875121238,506.02705465337885,1.1199558471911324e-11,PILOT_ASC_HOLD_ACC,caténaire,,12.213146773972353,6.296087207748579,12.213146773972353,0.005880417262218924,-0.9999827101969424,0.9934785785468229,-0.11401891934492442,18.29952577680539,-502.05170586284993,5.0,0.0,-6.255027769560893,0.7178730595288957,1.2870683219603378,8.279034511312185,8.829000000000008,0.0320405523994447,0.16790757084107355,0.07181839911568039,-12.212935611069918,6.255027769560893,-0.7178730595288957,-1.8330301603596548,0.0,-4.440892098500626e-16,6.326846168676574,-14.76383883095847
103.19999999999841,0.0,453.0,506.1891875121248,506.02856850916936,1.0079602624720192e-11,PILOT_ASC_HOLD_ACC,caténaire,,12.090639824656721,6.296080227914599,12.090639824656721,0.005882365019768945,-0.9999826987412204,0.9927849073602801,-0.11990883085761496,18.28636251001224,-502.0769071378632,5.0,0.0,-6.250653425803087,0.7549556191149855,1.2849821312233722,8.242383116060827,8.829000000000008,0.03432870542028521,0.168338735175805,0.07112155677118602,-12.090430641368304,6.250653425803087,-0.7549556191149855,-1.8330301603596586,0.0,2.220446049250313e-16,6.321774982574273,-14.678416420842948
103.2999999999984,0.0,453.0,506.1891875121257,506.0300873673887,9.071642362248172e-12,PILOT_ASC_HOLD_ACC,caténaire,,12.158754812580524,6.296083174293289,12.158754812580524,0.005884355470695497,-0.9999826870304778,0.9920555046161967,-0.12580093704223017,18.273210683811072,-502.10205229968574,5.0,0.0,-6.246063970579074,0.7920531630219146,1.2827494684691048,8.205718978472929,8.829000000000008,0.03668549789002995,0.168772141494836,0.07154643539825341,-12.158544308429025,6.246063970579074,-0.7920531630219146,-1.8330301603596617,0.0,4.440892098500626e-16,6.3176104059773275,-14.783627631810603
103.3999999999984,0.0,453.0,506.1891875121265,506.03161687350075,8.164478126023355e-12,PILOT_ASC_HOLD_ACC,caténaire,,12.036121962795784,6.296076058375888,12.036121962795784,0.005886387273670929,-0.9999826750723555,0.9912904973368051,-0.13169339349317963,18.260071087083524,-502.12714120425136,5.0,0.0,-6.241240367177785,0.8291516218186833,1.2803650000379243,8.169042751027066,8.829000000000008,0.039124632860138675,0.16919437284574101,0.07084927514615226,-12.035913437853658,6.241240367177785,-0.8291516218186833,-1.8330301603596646,0.0,4.440892098500626e-16,6.312089642323937,-14.698095220032005
103.4999999999984,0.0,453.0,506.18918751212726,506.03312844797273,7.34803031342102e-12,PILOT_ASC_HOLD_ACC,caténaire,,12.104110781095864,6.296079428648344,12.104110781095864,0.0058884718269612436,-0.9999826627994823,0.9904887333777196,-0.1375938554289428,18.246944529548948,-502.15217371038034,5.0,0.0,-6.236195738527415,0.8663018426745811,1.2778250982467263,8.132356940279257,8.829000000000008,0.04162935971931159,0.16965878295382986,0.07127471532490084,-12.103900929700163,6.236195738527415,-0.8663018426745811,-1.8330301603596673,0.0,4.440892098500626e-16,6.307470453852315,-14.803232932734412
103.59999999999839,0.0,453.0,506.18918751212794,506.03465947185856,6.613227282078918e-12,PILOT_ASC_HOLD_ACC,caténaire,,11.981333692092479,6.29607174928112,11.981333692092479,0.005890596030877031,-0.9999826502886944,0.9896515227330169,-0.14349168461001824,18.23383184958035,-502.1771496637362,5.0,0.0,-6.23091699391239,0.9034339417298923,1.275124660110853,8.095653637033415,8.829000000000008,0.044207666198462725,0.17008757876329916,0.07057719669125319,-11.981125819411865,6.23091699391239,-0.9034339417298923,-1.8330301603596697,0.0,2.220446049250313e-16,6.301494190603644,-14.717589921501427
103.69999999999838,0.0,453.0,506.1891875121285,506.0361889527353,5.951904553871026e-12,PILOT_ASC_HOLD_ACC,caténaire,,12.049186360540096,6.296075367199661,12.049186360540096,0.00589276857102274,-0.9999826374885558,0.9887779849495602,-0.14939242443674006,18.22073390296719,-502.2020689208652,5.0,0.0,-6.225420714670243,0.9405859635423958,1.2722608198489038,8.058940559927509,8.829000000000008,0.046840105178660885,0.17052652346989738,0.07100306669178655,-12.048977156404018,6.225420714670243,-0.9405859635423958,-1.8330301603596717,0.0,-2.220446049250313e-16,6.296423781362029,-14.822593280306085
103.79999999999838,0.0,453.0,506.189187512129,506.0377449683009,5.356714098483924e-12,PILOT_ASC_HOLD_ACC,caténaire,,11.92626599702258,6.29606719973996,11.92626599702258,0.005894979593194409,-0.9999826244568432,0.9878692491869354,-0.15528794708811328,18.20765157091486,-502.22693133599984,5.0,0.0,-6.219691177437606,0.9777033501764245,1.2692292068541355,8.022216849151665,8.829000000000008,0.04953802941652974,0.17092019932808178,0.0703050946754565,-11.92605877167305,6.219691177437606,-0.9777033501764245,-1.8330301603596735,0.0,4.440892098500626e-16,6.289996272113062,-14.736792282209148
103.89999999999837,0.0,453.0,506.1891875121295,506.0392942913357,4.821042688635531e-12,PILOT_ASC_HOLD_ACC,caténaire,,11.993986922025742,6.296071238928983,11.993986922025742,0.005897242608551899,-0.9999826111136213,0.9869238421978335,-0.1611872504308765,18.19458574884954,-502.2517367773119,5.0,0.0,-6.213742817875065,1.0148464115198848,1.2660276774949286,7.9854921247230655,8.829000000000008,0.05228485961986351,0.17133853624294204,0.07073145072298445,-11.993778359949928,6.213742817875065,-1.0148464115198848,-1.8330301603596753,0.0,0.0,6.28447426859805,-14.841654931829488
103.99999999999837,0.0,453.0,506.18918751212993,506.040851190651,4.338938419771978e-12,PILOT_ASC_HOLD_ACC,caténaire,,11.87092377759752,6.296062847676909,11.87092377759752,0.005899553025915138,-0.9999825974856235,0.9859423120025548,-0.1670860778253443,18.181537356399552,-502.2764851059956,5.0,0.0,-6.207554760551961,1.0519844469602029,1.2626522056425826,7.948762489276459,8.829000000000008,0.05509744509062209,0.17174693623665327,0.0700331442925334,-11.870717193675818,6.207554760551961,-1.0519844469602029,-1.833030160359677,0.0,-4.440892098500626e-16,6.277587904844494,-14.755731800995697
104.09999999999836,0.0,453.0,506.18918751213033,506.042391326922,3.90504457779478e-12,PILOT_ASC_HOLD_ACC,caténaire,,11.938502349197863,6.2960672532798085,11.938502349197863,0.0059019212725958175,-0.9999825835109789,0.9849234023147938,-0.17299101587264856,18.168507327006832,-502.3011761852332,5.0,0.0,-6.201143980303108,1.0891630701473902,1.2591008348718171,7.912029834251391,8.829000000000008,0.057956854568709026,0.17219290439877355,0.07046010097766602,-11.93829442240277,6.201143980303108,-1.0891630701473902,-1.8330301603596784,0.0,4.440892098500626e-16,6.271604081280774,-14.860487652909837
104.19999999999835,0.0,453.0,506.1891875121307,506.0439552568468,3.514540120015302e-12,PILOT_ASC_HOLD_ACC,caténaire,,11.815281992021164,6.296058238366841,11.815281992021164,0.005904332395445042,-0.999982569277567,0.9838690125259085,-0.17889037478660952,18.155496618012027,-502.3258098670901,5.0,0.0,-6.194496601787596,1.1263042179397647,1.2553697160284967,7.875287661531615,8.829000000000008,0.06087311424090114,0.17259187947137278,0.06976135222680899,-11.815076043120294,6.194496601787596,-1.1263042179397647,-1.8330301603596797,0.0,-4.440892098500626e-16,6.264257954014405,-14.77441042141974
104.29999999999835,0.0,453.0,506.189187512131,506.0455126815576,3.1630861080137716e-12,PILOT_ASC_HOLD_ACC,caténaire,,11.88271603033573,6.296063028598574,11.88271603033573,0.005906799275153286,-0.9999825547089924,0.9827775755158991,-0.18479241614062875,18.142506197098804,-502.35038601778285,5.0,0.0,-6.187629558541396,1.163464699228415,1.2514576792881338,7.838545659343059,8.829000000000008,0.06382812074673794,0.1730103585714673,0.07018881843483943,-11.882508732896621,6.187629558541396,-1.163464699228415,-1.8330301603596808,0.0,2.220446049250313e-16,6.257818376976235,-14.879003592484716
104.39999999999834,0.0,453.0,506.1891875121313,506.04709295608467,2.8467774972123944e-12,PILOT_ASC_HOLD_ACC,caténaire,,11.759342592487615,6.296053529556776,11.759342592487615,0.005909311142921711,-0.99998253986848,0.9816505864237632,-0.19068855805706292,18.129537053795076,-502.3749044986512,5.0,0.0,-6.180524639444814,1.2005853690012631,1.247361396290148,7.80180132328534,8.829000000000008,0.0668367568453343,0.17338669228659498,0.06948961421522094,-11.75913727281936,6.180524639444814,-1.2005853690012631,-1.833030160359682,0.0,-4.440892098500626e-16,6.2500142536600345,-14.792752802180306
104.49999999999834,0.0,453.0,506.1891875121316,506.04867166809214,2.5620997474911548e-12,PILOT_ASC_HOLD_ACC,caténaire,,11.826634683121283,6.296058607847428,11.826634683121283,0.005911878730536888,-0.9999825246922445,0.9804866990945614,-0.1965854340958428,18.116590186302048,-502.3993651833516,5.0,0.0,-6.173201721714224,1.2377134145165543,1.243080138373236,7.765063096077125,8.829000000000008,0.06987841665901229,0.17377651059367238,0.06991763003697457,-11.826428009040482,6.173201721714224,-1.2377134145165543,-1.8330301603596828,0.0,-2.220446049250313e-16,6.243119351751199,-14.89717158391672
104.59999999999833,0.0,453.0,506.1891875121318,506.0502791175067,2.305889772742039e-12,PILOT_ASC_HOLD_ACC,caténaire,,11.703113198968362,6.296048582843845,11.703113198968362,0.0059144906674606906,-0.9999825092471089,0.9792876076871165,-0.20247415003018038,18.103666613274306,-502.42376794288134,5.0,0.0,-6.165642354575009,1.2747870853600292,1.2386109743819147,7.728329861852393,8.829000000000008,0.07296861980690572,0.17411694721241489,0.0692179537955344,-11.702908502707341,6.165642354575009,-1.2747870853600292,-1.8330301603596837,0.0,2.220446049250313e-16,6.234860308370544,-14.810725748427053
104.69999999999833,0.0,453.0,506.18918751213204,506.05186621076945,2.0753007954678353e-12,PILOT_ASC_HOLD_ACC,caténaire,,11.770271233372094,6.296054342587304,11.770271233372094,0.005917168025576709,-0.9999824934080382,0.9780504088927073,-0.2083684181079462,18.09076735984738,-502.448112662752,5.0,0.0,-6.157858524178218,1.3118988836865817,1.2339537202170583,7.69161137407558,8.829000000000008,0.07609519603883985,0.17451025776215445,0.06964667259447468,-11.770065176036333,6.157858524178218,-1.3118988836865817,-1.8330301603596846,0.0,4.440892098500626e-16,6.227505196772693,-14.914994220082598
104.79999999999832,0.0,453.0,506.1891875121322,506.053480330157,1.8677707159210516e-12,PILOT_ASC_HOLD_ACC,caténaire,,11.646597369043368,6.296043595639482,11.646597369043368,0.005919892302384812,-0.9999824772840412,0.9767778789345201,-0.21425446372054846,18.077893473363574,-502.4723992129368,5.0,0.0,-6.149836109028002,1.3489554441449307,1.229105244915988,7.654898354986352,8.829000000000008,0.07926913588798534,0.17485379913127375,0.06894660211397503,-11.646393289025784,6.149836109028002,-1.3489554441449307,-1.8330301603596852,0.0,-6.661338147750939e-16,6.218782711141977,-14.8283788935304
104.89999999999831,0.0,453.0,506.1891875121324,506.0550730956909,1.6809936443289464e-12,PILOT_ASC_HOLD_ACC,caténaire,,11.713617438229809,6.296050033089264,11.713617438229809,0.005922684679068349,-0.9999824607492834,0.9754669664313668,-0.22014585483534918,18.065046006425934,-502.4966274777544,5.0,0.0,-6.14158882627769,1.3860493166205645,1.2240657281892349,7.618200414958714,8.829000000000008,0.08247690191154433,0.17524973157927093,0.06937606253787154,-11.713411990156763,6.14158882627769,-1.3860493166205645,-1.833030160359686,0.0,0.0,6.210964888815562,-14.932491467137012
104.99999999999831,0.0,453.0,506.18918751213255,506.05668932940097,1.5128942798960518e-12,PILOT_ASC_HOLD_ACC,caténaire,,11.589788088761688,6.296038613548353,11.589788088761688,0.005925527448025592,-0.9999824439081232,0.9741204576389321,-0.22602949809553058,18.052226033882107,-502.5207973264671,5.0,0.0,-6.133100015542109,1.4230904478104145,1.2188321777176998,7.581508633452131,8.829000000000008,0.08573216217559132,0.1755990812625381,0.06867560743675745,-11.589584617377168,6.133100015542109,-1.4230904478104145,-1.8330301603596864,0.0,0.0,6.201775622978866,-14.84570522554727
105.0999999999983,0.0,453.0,506.18918751213266,506.0583014086085,1.3616048519064467e-12,PILOT_ASC_HOLD_ACC,caténaire,Fx:(e1>25:10),11.656665805161326,6.296045390292342,11.656665805161326,0.005928433339491259,-0.999982426684659,0.9727365215921563,-0.2319130431019188,18.039434635017667,-502.5449086412924,10.0,0.0,-6.1243932927393026,1.460135045970505,1.213405066486769,7.5448317127992555,8.829000000000008,5.089011773747466,0.17596675876975354,0.06910576618662613,-11.656460958897307,6.1243932927393026,-1.460135045970505,-1.8330301603596868,0.0,4.440892098500626e-16,6.193499058925929,-14.9496261652275
105.1999999999983,0.0,453.0,506.1891875121328,506.05990280380905,1.225444366715802e-12,PILOT_ASC_HOLD_ACC,caténaire,,11.26908027918177,6.2960340911860655,11.26908027918177,0.005931272238070969,-0.9999824098501122,0.9713145973623659,-0.23779813487658985,18.028339575608474,-502.5689613010553,10.0,0.0,-6.1154298182601226,1.497185164003472,0.9129121458648964,7.508168071992754,8.829000000000008,4.797482327604774,0.17635323599621877,0.06683998300850387,-11.268882054370561,6.1154298182601226,-1.497185164003472,-1.833030160359687,0.0,2.220446049250313e-16,6.182269801268626,-14.59909737873372
105.29999999999829,0.0,453.0,506.1891875121329,506.0629453917176,1.102899930044222e-12,PILOT_ASC_HOLD_ACC,caténaire,,11.433283773596166,6.2960400777202015,11.433283773596166,0.005934339171362261,-0.9999823916542728,0.9699471413671227,-0.24331572689357098,18.01884367331682,-502.5929551755106,10.0,0.0,-6.106826075317547,1.531925568061546,0.6687167410269448,7.471512615647695,8.829000000000008,4.561890665709398,0.17443818370923303,0.06784898375495226,-11.433082452382683,6.106826075317547,-1.531925568061546,-1.8330301603596877,0.0,-4.440892098500626e-16,6.174675059072499,-14.798038180803916
105.39999999999829,0.0,453.0,506.189187512133,506.06685851532484,9.926099370397997e-13,PILOT_ASC_HOLD_ACC,caténaire,,11.11260069900181,6.296029544249116,11.11260069900181,0.005937862739059289,-0.9999823707376506,0.9685981909963591,-0.24863134234963347,18.010868403182606,-502.6168909043902,10.0,0.0,-6.0983228270193255,1.5653902770596086,0.47169418842071564,7.435344300375179,8.829000000000008,4.37337136140139,0.17173457743477982,0.06598509762464705,-11.112404792048704,6.0983228270193255,-1.5653902770596086,-1.8330301603596881,0.0,-4.440892098500626e-16,6.164307924643973,-14.510825229468
105.49999999999828,0.0,453.0,506.1891875121331,506.0713670722083,8.933489433358197e-13,PILOT_ASC_HOLD_ACC,caténaire,,11.32160160919061,6.296034466460547,11.32160160919061,0.005941942984041578,-0.9999823465009642,0.967250196797677,-0.25382485456482584,18.004350920101295,-502.6407693875376,10.0,0.0,-6.089840576728921,1.5980900327844794,0.31501377566373745,7.3998214434234,8.829000000000008,4.225173198934816,0.16891147620787272,0.06727231124984398,-11.321401743307518,6.089840576728921,-1.5980900327844794,-1.8330301603596884,0.0,-2.220446049250313e-16,6.157112887978765,-14.752521936451688
105.59999999999827,0.0,453.0,506.1891875121332,506.0762078276356,8.040140490022378e-13,PILOT_ASC_HOLD_ACC,caténaire,,11.029836593336732,6.296024319106962,11.029836593336732,0.0059466770062968155,-0.9999823183599712,0.9658847334304204,-0.258972357069332,17.9992418296733,-502.6645915672761,10.0,0.0,-6.081233771132072,1.6304962580849662,0.19357840189075495,7.364966299962823,8.829000000000008,4.112344630758683,0.16646255804778143,0.06559087565280675,-11.029641567736512,6.081233771132072,-1.6304962580849662,-1.8330301603596888,0.0,0.0,6.146824646784879,-14.493167986181167
105.69999999999827,0.0,453.0,506.18918751213323,506.08125286586136,7.23612644102014e-13,PILOT_ASC_HOLD_ACC,caténaire,,11.256411548233002,6.296028864555968,11.256411548233002,0.0059521056041572885,-0.9999822860625467,0.964492426808143,-0.2641105045804483,17.99550351752183,-502.6883582586193,10.0,0.0,-6.072472158829703,1.6628473602709437,0.10363843493337459,7.3306962026636775,8.829000000000008,4.031166276103672,0.1645435629346128,0.06699935025893847,-11.256212152862888,6.072472158829703,-1.6628473602709437,-1.8330301603596888,0.0,0.0,6.139471509088641,-14.75208967349352
105.79999999999826,0.0,453.0,506.1891875121333,506.0864117783428,6.512513796918126e-13,PILOT_ASC_HOLD_ACC,caténaire,,10.974297718651957,6.296018526575166,10.974297718651957,0.005958256929312653,-0.9999822494296409,0.963066163136124,-0.2692648610982587,17.993108928923746,-502.71207010250833,10.0,0.0,-6.063482405422698,1.6952965540303255,0.04252374857297947,7.296900494138967,8.829000000000008,3.979041343150282,0.16319704816928393,0.06538768542649807,-10.97410291860816,6.063482405422698,-1.6952965540303255,-1.8330301603596892,0.0,2.220446049250313e-16,6.128870090849196,-14.502429632998174
105.89999999999826,0.0,453.0,506.18918751213334,506.09159315126317,5.861262417226313e-13,PILOT_ASC_HOLD_ACC,caténaire,,11.20529658947085,6.296023511288155,11.20529658947085,0.005965164440068002,-0.9999822082483283,0.9615981708452312,-0.2744612137026022,17.992040684121324,-502.73572754645346,10.0,0.0,-6.05424469205326,1.728014254408266,0.008462745839798698,7.263457659830601,8.829000000000008,3.954218053786539,0.16247191423885887,0.06684143675592677,-11.205097227616521,6.05424469205326,-1.728014254408266,-1.8330301603596895,0.0,4.440892098500626e-16,6.1210861288091865,-14.766141642384477
105.99999999999825,0.0,453.0,506.1891875121334,506.09682510785245,5.275136175503682e-13,PILOT_ASC_HOLD_ACC,caténaire,,10.924534530771417,6.296012179223522,10.924534530771417,0.005972811256257302,-0.9999821626037623,0.9600902077243869,-0.2796905308224497,17.99229051360126,-502.7593308335499,10.0,0.0,-6.0447396409859815,1.7609349884716354,-0.00046286792724344717,7.230240569271087,8.829000000000008,3.954797491086775,0.16217555774271553,0.0652501828147631,-10.924339665520279,6.0447396409859815,-1.7609349884716354,-1.8330301603596895,0.0,4.440892098500626e-16,6.109989823800745,-14.518304814351604
106.09999999999825,0.0,453.0,506.18918751213346,506.1020499676495,4.747622557953313e-13,PILOT_ASC_HOLD_ACC,caténaire,,11.155974227988617,6.29601761047018,11.155974227988617,0.0059812093854722855,-0.9999821124071606,0.9585367963921358,-0.2849687876984091,17.99385860528496,-502.78288006107056,10.0,0.0,-6.0349645503685565,1.7941685057835217,-0.018235287895225123,7.197159064097625,8.829000000000008,3.9468001617362187,0.16232756988113906,0.06672621775653245,-11.1557746744639,6.0349645503685565,-1.7941685057835217,-1.83303016035969,0.0,4.440892098500626e-16,6.101690768125089,-14.782973340607114
106.19999999999824,0.0,453.0,506.1891875121335,506.1072798409583,4.272860302157982e-13,PILOT_ASC_HOLD_ACC,caténaire,,10.877096729122062,6.296005947511739,10.877096729122062,0.005990340149668588,-0.9999820577514835,0.9569381956336478,-0.2902917321203248,17.99674229875792,-502.80637517991715,10.0,0.0,-6.024888571110599,1.8276784719430494,-0.0616691425490713,7.164123471593626,8.829000000000008,3.91344228634033,0.16280194353666744,0.06515750924828875,-10.87690156954941,6.024888571110599,-1.8276784719430494,-1.8330301603596901,0.0,4.440892098500626e-16,6.090046080358888,-14.53761020185215
106.29999999999824,0.0,453.0,506.18918751213357,506.1125153469747,3.845574271942184e-13,PILOT_ASC_HOLD_ACC,caténaire,,11.113840988548354,6.296011137018411,11.113840988548354,0.006000194434763023,-0.9999819986713486,0.9552937601426276,-0.2956583024921841,18.00093046927275,-502.8298160303207,10.0,0.0,-6.014540152982177,1.8614679652427493,-0.13008236708974502,7.131066663068308,8.829000000000008,3.8553774799280776,0.1635346283110497,0.066685206848329,-11.11364092464414,6.014540152982177,-1.8614679652427493,-1.8330301603596901,0.0,4.440892098500626e-16,6.081225359830507,-14.808139050246579
106.39999999999823,0.0,453.0,506.1891875121336,506.11771641132555,3.4610168447479656e-13,PILOT_ASC_HOLD_ACC,caténaire,,10.845063882591846,6.295999798194416,10.845063882591846,0.006010782523598393,-0.9999819350835563,0.9535991794399862,-0.3010790676406868,18.006403767266722,-502.85320236969295,10.0,0.0,-6.0038602413125135,1.895593749106327,-0.22216104474304338,7.097939040903996,8.829000000000008,3.7739787139444427,0.16453279001031618,0.0651873204527912,-10.844867967418981,6.0038602413125135,-1.895593749106327,-1.8330301603596906,0.0,-2.220446049250313e-16,6.069047561765305,-14.573491876884999
106.49999999999822,0.0,453.0,506.1891875121337,506.1228843303417,3.1149151602731693e-13,PILOT_ASC_HOLD_ACC,caténaire,,11.097536311033371,6.296004701125833,11.097536311033371,0.006022094148516153,-0.9999818670266308,0.9518538370895097,-0.30655223505624196,18.01313505456111,-502.8765338636639,10.0,0.0,-5.992876233100215,1.9300543130547307,-0.33602065559137567,7.064686052470609,8.829000000000008,3.671103111308409,0.16574036552533222,0.0668304084816196,-11.09733507970298,5.992876233100215,-1.9300543130547307,-1.8330301603596906,0.0,-2.220446049250313e-16,6.059706641581835,-14.860419553117401
106.59999999999822,0.0,453.0,506.1891875121337,506.127998994871,2.8034236442458523e-13,PILOT_ASC_HOLD_ACC,caténaire,,10.850260915634232,6.295993324320115,10.850260915634232,0.006034127930120021,-0.9999817944843411,0.9500551746706097,-0.3120819845514909,18.02109004444823,-502.89981011134734,10.0,0.0,-5.981541037461939,1.96486609137676,-0.4692983041964092,7.031268939335507,8.829000000000008,3.549160658341651,0.16713503071225944,0.06547186244011816,-10.850063381039229,5.981541037461939,-1.96486609137676,-1.8330301603596906,0.0,-2.220446049250313e-16,6.047012899902057,-14.64795963277568
106.69999999999821,0.0,453.0,506.1891875121337,506.13306072148947,2.523081279821267e-13,PILOT_ASC_HOLD_ACC,caténaire,,11.129396881761615,6.295997851424993,11.129396881761615,0.0060468708128869255,-0.9999817175095613,0.9482025924733907,-0.3176662456521637,18.030228084285262,-502.92303064617033,10.0,0.0,-5.9698814849280755,2.0000260000962666,-0.6192639736208203,6.997649835834632,8.829000000000008,3.410854541451104,0.16867583593089108,0.06729802516935907,-11.129193408669536,5.9698814849280755,-2.0000260000962666,-1.8330301603596906,0.0,-2.220446049250313e-16,6.037179510097435,-14.962249569125493
106.7999999999982,0.0,453.0,506.1891875121337,506.1380146393138,2.2707731518391403e-13,PILOT_ASC_HOLD_ACC,caténaire,,10.912706385964805,6.295986944290091,10.912706385964805,0.006060335554075487,-0.9999816359978677,0.9462900734980007,-0.3233188778886076,18.040503077066983,-502.94619495619406,10.0,0.0,-5.957829948254722,2.0356114340291955,-0.7829477349433762,6.963803489687136,8.829000000000008,3.2592223168019014,0.17041492371632394,0.06613466250204912,-10.912505985001465,5.957829948254722,-2.0356114340291955,-1.8330301603596906,0.0,-2.220446049250313e-16,6.023964610756771,-14.781147579390352
106.8999999999982,0.0,453.0,506.1891875121337,506.1428744731025,2.0436958366552264e-13,PILOT_ASC_HOLD_ACC,caténaire,,11.224599503631174,6.295990996539281,11.224599503631174,0.006074499263007617,-0.9999815500591518,0.9443182771818097,-0.3290334198533315,18.0518644738472,-502.96930246006775,10.0,0.0,-5.945419371004159,2.071591448957104,-0.9572671936904948,6.929690510367958,8.829000000000008,3.097313435305346,0.17228195932505486,0.06818382141236323,-11.224392410434287,5.945419371004159,-2.071591448957104,-1.8330301603596906,0.0,-2.220446049250313e-16,6.0136031924165225,-15.129014019751082
106.9999999999982,0.0,453.0,506.1891875121337,506.1476150769377,1.8393262529897036e-13,PILOT_ASC_HOLD_ACC,caténaire,,11.040923775055726,6.295980144929359,11.040923775055726,0.006089357138056021,-0.9999814596929512,0.9422840240082031,-0.33481460257716983,18.064258309714724,-502.9923525370661,10.0,0.0,-5.932601506039786,2.1079860900582754,-1.139150754262621,6.895289912094191,8.829000000000008,2.9282477396975928,0.17427600215245853,0.06723212800036801,-11.040719072938833,5.932601506039786,-2.1079860900582754,-1.8330301603596906,0.0,-2.220446049250313e-16,5.999833634040154,-14.9817353233568
107.09999999999819,0.0,453.0,506.1891875121337,506.1522328088787,1.6553936276907332e-13,PILOT_ASC_HOLD_ACC,caténaire,,11.384187555349428,6.2959839810939595,11.384187555349428,0.00610489233600128,-0.9999813649711506,0.9401863070097741,-0.34066069352263495,18.077628224753713,-503.01534452085264,10.0,0.0,-5.919397928177426,2.1447942694068685,-1.3256443223590366,6.860577250721556,8.829000000000008,2.7549577494635376,0.1763715201284164,0.06949923935825388,-11.383975410685908,5.919397928177426,-2.1447942694068685,-1.8330301603596906,0.0,-2.220446049250313e-16,5.988897167535679,-15.361799840452466
107.19999999999818,0.0,453.0,506.1891875121337,506.1566839622566,1.4898542649216598e-13,PILOT_ASC_HOLD_ACC,caténaire,,11.228634020372196,6.295973580261764,11.228634020372196,0.006121108135583751,-0.9999812658421119,0.9380198259759835,-0.34658160089073603,18.09191646024476,-503.0382777145681,10.0,0.0,-5.90574804210653,2.182068602612901,-1.5140036422878196,6.82553737165342,8.829000000000008,2.580248315605651,0.17860597426631308,0.06873168305359273,-11.22842366136959,5.90574804210653,-2.182068602612901,-1.8330301603596906,0.0,-2.220446049250313e-16,5.974479725160123,-15.243522424342181
107.29999999999818,0.0,453.0,506.1891875121337,506.1610054752011,1.340868838429494e-13,PILOT_ASC_HOLD_ACC,caténaire,,11.595560153527169,6.295976728513152,11.595560153527169,0.006137965078165668,-0.9999811625149243,0.9357879052524789,-0.3525634643339801,18.107064775255616,-503.0611513717572,10.0,0.0,-5.891698874293677,2.2197313667707155,-1.7017602559067122,6.790144019413706,8.829000000000008,2.4065408697996107,0.18087538618441457,0.0711731432841191,-11.595341722335831,5.891698874293677,-2.2197313667707155,-1.8330301603596906,0.0,-2.220446049250313e-16,5.962872017577796,-15.648103249466239
107.39999999999817,0.0,453.0,506.1891875121337,506.16513892644974,1.2067819545865446e-13,PILOT_ASC_HOLD_ACC,caténaire,,11.458531755157496,6.295967051805503,11.458531755157496,0.006155473932165054,-0.9999810548908765,0.9334834933625424,-0.3586203669894729,18.123015271538435,-503.0839647375209,10.0,0.0,-5.877181317614868,2.2578620146721193,-1.886766347651853,6.754395654614331,8.829000000000008,2.2360523347332792,0.1832576692864425,0.07053269351975745,-11.458314672023,5.877181317614868,-2.2578620146721193,-1.8330301603596906,0.0,-2.220446049250313e-16,5.947714011134625,-15.54920684705481
107.49999999999817,0.0,453.0,506.1891875121337,506.1691173486275,1.0861037591278902e-13,PILOT_ASC_HOLD_ACC,caténaire,,11.838570070840282,6.295969705817216,11.838570070840282,0.006173596808659754,-0.9999809431696407,0.9311095994869912,-0.36473951491876305,18.139711115588483,-503.10671701623806,10.0,0.0,-5.8622378311656975,2.2963889364429986,-2.0672189625589987,6.718271772604527,8.829000000000008,2.0705432062753033,0.18566070904751797,0.07308655840843443,-11.838344465218745,5.8622378311656975,-2.2963889364429986,-1.8330301603596906,0.0,-2.220446049250313e-16,5.935324389574132,-15.967763562021434
107.59999999999816,0.0,453.0,506.1891875121337,506.1729381246159,9.774933832151011e-14,PILOT_ASC_HOLD_ACC,caténaire,,11.709406569300969,6.295959987405533,11.709406569300969,0.006192314978528455,-0.9999808274338098,0.9286653903521234,-0.3709185796938976,18.157097141531015,-503.1294074083749,10.0,0.0,-5.846840139345309,2.3352885363380698,-2.241663228119923,6.68177385350861,8.829000000000008,1.9114966325347673,0.18806238984667267,0.07250833368876188,-11.70918206992847,5.846840139345309,-2.3352885363380698,-1.8330301603596906,0.0,-2.220446049250313e-16,5.919348473034071,-15.87750076662623
107.69999999999816,0.0,453.0,506.1891875121337,506.17660010878643,8.79744044893591e-14,PILOT_ASC_HOLD_ACC,caténaire,,12.092480493503311,6.295962620553254,12.092480493503311,0.006211609438678654,-0.9999807077679956,0.9261502183624758,-0.37715483959129903,18.17512033000934,-503.1520351118469,10.0,0.0,-5.831007155827382,2.3745527722275774,-2.4089787548134796,6.644904252191397,8.829000000000008,1.7600140893591387,0.19045702441896672,0.07511376597048268,-12.092247202564122,5.831007155827382,-2.3745527722275774,-1.8330301603596906,0.0,-2.220446049250313e-16,5.906120921797864,-16.29983013515139
107.79999999999815,0.0,453.0,506.1891875121337,506.1800725833627,7.917696404042319e-14,PILOT_ASC_HOLD_ACC,caténaire,,11.962136031269184,6.295953417920707,11.962136031269184,0.006231478735407209,-0.9999805841478975,0.9235598429782603,-0.38345432118828876,18.19373019066368,-503.1745993299751,10.0,0.0,-5.814689750053289,2.4142105441018713,-2.5683603910648136,6.607670049904784,8.829000000000008,1.6169498588818971,0.19288059400664714,0.0745417963089023,-11.96190377620517,5.814689750053289,-2.4142105441018713,-1.8330301603596906,0.0,-2.220446049250313e-16,5.889231546362192,-16.209144480666733
107.89999999999814,0.0,453.0,506.1891875121337,506.1834003563212,7.125926763638087e-14,PILOT_ASC_HOLD_ACC,caténaire,,12.340495047320951,6.295955506798817,12.340495047320951,0.006251879721589245,-0.9999804568090053,0.9208991401529539,-0.38980094107832813,18.212879031771255,-503.19709925339566,10.0,0.0,-5.797940012652286,2.4541693815374614,-2.7192849065001377,6.570067776931235,8.829000000000008,1.482775080847576,0.1952371584686894,0.07715129074071837,-12.340253874669273,5.797940012652286,-2.4541693815374614,-1.8330301603596906,0.0,-2.220446049250313e-16,5.875091303393004,-16.627453416566425
107.99999999999814,0.0,453.0,506.1891875121337,506.1865530953702,6.413334087274279e-14,PILOT_ASC_HOLD_ACC,caténaire,,12.20264188286315,6.295946829234342,12.20264188286315,0.006272812946247093,-0.9999803257153319,0.9181639007665185,-0.39620077148992344,18.232522131880327,-503.21953409803484,10.0,0.0,-5.780711099748398,2.4944589910021837,-2.8614738481336968,6.532116212206178,8.829000000000008,1.357815052117905,0.19757520320835376,0.07654488998124097,-12.202401804613043,5.780711099748398,-2.4944589910021837,-1.8330301603596906,0.0,-2.220446049250313e-16,5.857255989729639,-16.529890955974917
108.09999999999813,0.0,453.0,506.1891875121337,506.1894624756836,5.77200067854685e-14,PILOT_ASC_HOLD_ACC,caténaire,,12.571368521831152,6.295948633695836,12.571368521831152,0.006294245162720481,-0.9999801910427183,0.9153318081980423,-0.4027004853497226,18.252617834350964,-503.24190308312694,10.0,0.0,-5.762882047202804,2.535381570526236,-2.9948571037590526,6.493821249789612,8.829000000000008,1.2422608490381428,0.20020282031584102,0.07912727550731224,-12.57111949612913,5.762882047202804,-2.535381570526236,-1.8330301603596906,0.0,-2.220446049250313e-16,5.8420093227101155,-16.939531227015056
108.19999999999813,0.0,453.0,506.1891875121337,506.1915096929306,5.194800610692165e-14,PILOT_ASC_HOLD_ACC,caténaire,,12.422363587854338,6.2959403158363845,12.422363587854338,0.0063161707634773944,-0.9999800527944978,0.9122411789426906,-0.4096535505048746,18.27312762432184,-503.2642053341878,10.0,0.0,-5.743416016271399,2.5791543041491565,-3.1195514101608954,6.4551326421120665,8.829000000000008,1.137032573567705,0.20528694626121435,0.07846176970689173,-12.422115796415028,5.743416016271399,-2.5791543041491565,-1.8330301603596906,0.0,-2.220446049250313e-16,5.821877785978291,-16.834300260923875
108.29999999999812,0.0,453.0,506.1891875121337,506.1931193531064,4.675320549622949e-14,PILOT_ASC_HOLD_ACC,caténaire,,12.778790168696064,6.295942077586515,12.778790168696064,0.006338566620028853,-0.9999799110848194,0.9089883210671028,-0.4168215831307317,18.294016422621276,-503.2864391551308,10.0,0.0,-5.7229378186410935,2.6242845440789995,-3.2359114888297587,6.415580776952745,8.829000000000008,1.041150692529147,0.21086532103173639,0.08099921280764975,-12.778533456664254,5.7229378186410935,-2.6242845440789995,-1.8330301603596906,0.0,-2.220446049250313e-16,5.8039370314487435,-17.235848161102943
108.39999999999812,0.0,453.0,506.1891875121337,506.19450784780713,4.207788494660654e-14,PILOT_ASC_HOLD_ACC,caténaire,,12.617068489997148,6.2959335712094,12.617068489997148,0.0063614064238519275,-0.9999797660494488,0.9056234656194772,-0.4240827024524435,18.315252271685356,-503.3086026878782,10.0,0.0,-5.701745180068667,2.6699965233395457,-3.344328893063691,6.375081501949681,8.829000000000008,0.9539259268676421,0.21607802528921916,0.0802623005424476,-12.61681319685722,5.701745180068667,-2.6699965233395457,-1.8330301603596906,0.0,-2.220446049250313e-16,5.782007480611115,-17.119839880556455
108.49999999999811,0.0,453.0,506.1891875121337,506.19577313404164,3.7870096451945887e-14,PILOT_ASC_HOLD_ACC,caténaire,,12.960803070714613,6.295935425797621,12.960803070714613,0.0063846777826032895,-0.999979617737088,0.9021714805649856,-0.4313775836262028,18.336806093490534,-503.33069419341473,10.0,0.0,-5.680013384633384,2.7159254106471864,-3.445230610380133,6.3337132577503805,8.829000000000008,0.8747560049864838,0.22063866839755875,0.08275055141028809,-12.960538900218875,5.680013384633384,-2.7159254106471864,-1.8330301603596906,0.0,-2.220446049250313e-16,5.7627639360436715,-17.50949447122575
108.5999999999981,0.0,453.0,506.1891875121337,506.19696557574724,3.40830868067513e-14,PILOT_ASC_HOLD_ACC,caténaire,,12.78670922912306,6.2959270111427,12.78670922912306,0.00640836824667841,-0.999979466197389,0.8986458011529006,-0.43867496403403466,18.358651501188426,-503.35271215299514,10.0,0.0,-5.6578083729285185,2.761865555173931,-3.539077146804951,6.291611681130102,8.829000000000008,0.8031144802665295,0.2244772363040255,0.08194194140342198,-12.786446669359705,5.6578083729285185,-2.761865555173931,-1.8330301603596906,0.0,-2.220446049250313e-16,5.739750314331941,-17.381342384893326
108.6999999999981,0.0,453.0,506.1891875121337,506.1981002501304,3.067477812607617e-14,PILOT_ASC_HOLD_ACC,caténaire,,12.78670922912306,6.2959270111427,12.78670922912306,0.006432475432769116,-0.9999793114158948,0.8950528020057681,-0.4459601794124934,18.380764611192475,-503.37465528559966,10.0,0.0,-5.635187112547074,2.807732739457162,-3.6263471261240596,6.248920866987642,8.829000000000008,0.7384657613288663,0.2276536064447967,0.0822501929822962,-12.786444690213745,5.635187112547074,-2.807732739457162,-1.8330301603596906,0.0,-2.220446049250313e-16,5.71743730552937,-17.427207590030598
108.7999999999981,0.0,453.0,506.1891875121337,506.1991999010315,2.7607300313468552e-14,PILOT_ASC_HOLD_ACC,caténaire,,12.78670922912306,6.2959270111427,12.78670922912306,0.00645698267185634,-0.9999791534700987,0.8913979740427148,-0.45322141594649246,18.4031238764503,-503.3965225336687,10.0,0.0,-5.612176582453407,2.8534489546858626,-3.7075308851230977,6.205775111632028,8.829000000000008,0.6802925324234952,0.2302240663178825,0.08256355992251313,-12.786442670606776,5.612176582453407,-2.8534489546858626,-1.8330301603596906,0.0,-2.220446049250313e-16,5.69474014237592,-17.47292178565233
108.89999999999809,0.0,453.0,506.1891875121337,506.20029744211394,2.4846570282121697e-14,PILOT_ASC_HOLD_ACC,caténaire,,12.78670922912306,6.2959270111427,12.78670922912306,0.006481858164292617,-0.9999789925367123,0.8876865100366833,-0.46044832489530624,18.4257099058856,-503.4183130403823,10.0,0.0,-5.58880947596695,2.8989490459437683,-3.7831146294371205,6.162294200847257,8.829000000000008,0.6280758945959306,0.23224324679101827,0.08288163561122706,-12.786440612798359,5.58880947596695,-2.8989490459437683,-1.8330301603596906,0.0,-2.220446049250313e-16,5.671691111578177,-17.518419819101815
108.99999999999808,0.0,453.0,506.1891875121337,506.20137186712515,2.2361913253909528e-14,PILOT_ASC_HOLD_ACC,caténaire,,12.78670922912306,6.2959270111427,12.78670922912306,0.006507111197427503,-0.9999788285278166,0.8839167696075518,-0.46764424983800473,18.448505293952433,-503.4400261326803,10.0,0.0,-5.565075465374185,2.9442540641606594,-3.8535739821436885,6.118586818542904,8.829000000000008,0.5813505524821263,0.2338408827035554,0.08320453880307625,-12.7864385156643,5.565075465374185,-2.9442540641606594,-1.8330301603596906,0.0,-2.220446049250313e-16,5.648280004177261,-17.563722740184648
109.09999999999808,0.0,453.0,506.1891875121337,506.2024262588819,2.0125721928518576e-14,PILOT_ASC_HOLD_ACC,caténaire,,12.78670922912306,6.2959270111427,12.78670922912306,0.006532734861622705,-0.9999786614599472,0.8800902635343011,-0.4748064111110176,18.47149446553676,-503.4616612780174,10.0,0.0,-5.540984062429303,2.9893465087775812,-3.919370907151774,6.0747359295370025,8.829000000000008,0.5396450304189226,0.23508243831457598,0.083532181146525,-12.786436379416031,5.540984062429303,-2.9893465087775812,-1.8330301603596906,0.0,-2.220446049250313e-16,5.624516243575829,-17.6088130485533
109.19999999999807,0.0,453.0,506.1891875121337,506.2034429945501,1.811314973566672e-14,PILOT_ASC_HOLD_ACC,caténaire,,12.78670922912306,6.2959270111427,12.78670922912306,0.006558740512178823,-0.9999784912301334,0.8762059570219554,-0.48193684324736924,18.494663518797893,-503.4832180625417,10.0,0.0,-5.516528752138669,3.0342391890659575,-3.980946095191701,6.030811178258418,8.829000000000008,0.5025251526696302,0.23605036732436702,0.08386470783850027,-12.7864342027369,5.516528752138669,-3.0342391890659575,-1.8330301603596906,0.0,-2.220446049250313e-16,5.600393459977169,-17.653703552162547
109.29999999999806,0.0,453.0,506.1891875121337,506.2044588609578,1.6301834762100047e-14,PILOT_ASC_HOLD_ACC,caténaire,,12.78670922912306,6.2959270111427,12.78670922912306,0.006585094314388309,-0.9999783180313814,0.8722693072520157,-0.48902582306672576,18.518000080443247,-503.5046961636103,10.0,0.0,-5.491743892518697,3.0788708885920895,-4.038717331514352,5.986865937489927,8.829000000000008,0.46953877596695115,0.23673682608200863,0.08420168624443479,-12.786431988094819,5.491743892518697,-3.0788708885920895,-1.8330301603596906,0.0,-2.220446049250313e-16,5.575945578763132,-17.6983330370466
109.39999999999806,0.0,453.0,506.1891875121337,506.20549344386677,1.467165128589004e-14,PILOT_ASC_HOLD_ACC,caténaire,,12.78670922912306,6.2959270111427,12.78670922912306,0.006611771957860823,-0.9999781419969025,0.868282641022664,-0.49606980889659835,18.541493155013924,-503.52609535240344,10.0,0.0,-5.46664413292091,3.1232193092444906,-4.0930724834420715,5.94295429689217,8.829000000000008,0.44028338363701813,0.23717360613665228,0.08454280551443602,-12.786429737193123,5.46664413292091,-3.1232193092444906,-1.8330301603596906,0.0,-2.220446049250313e-16,5.551186938435347,-17.742679206797302
109.49999999999805,0.0,453.0,506.1891875121337,506.20649099810504,1.3204486157301037e-14,PILOT_ASC_HOLD_ACC,caténaire,,12.78670922912306,6.2959270111427,12.78670922912306,0.0066388165791047395,-0.9999779628143957,0.8642390312684874,-0.5030814017950835,18.56513299071248,-503.54741548332794,10.0,0.0,-5.441185861047071,3.1673637863652,-4.144371025035364,5.899123718670825,8.829000000000008,0.4144431139175655,0.23748750503601812,0.08488861722249376,-12.786427446038509,5.441185861047071,-3.1673637863652,-1.8330301603596906,0.0,-2.220446049250313e-16,5.526074478269565,-17.7868213927634
109.59999999999805,0.0,453.0,506.1891875121337,506.20749002545693,1.1884037541570934e-14,PILOT_ASC_HOLD_ACC,caténaire,,12.78670922912306,6.2959270111427,12.78670922912306,0.006666195556190627,-0.9999777806715541,0.8601446793350584,-0.5100501255872696,18.588910974115677,-503.5686564517507,10.0,0.0,-5.415408120116271,3.211238362721617,-4.192950740863807,5.855397681715334,8.829000000000008,0.3916411390199208,0.2376360444369432,0.08523870424148182,-12.786425117030955,5.415408120116271,-3.211238362721617,-1.8330301603596906,0.0,-2.220446049250313e-16,5.500646824357752,-17.830693640112262
109.69999999999804,0.0,453.0,506.1891875121337,506.2084796669115,1.0695633787413841e-14,PILOT_ASC_HOLD_ACC,caténaire,,12.78670922912306,6.2959270111427,12.78670922912306,0.006693915540953329,-0.9999775954963844,0.8559983815838239,-0.5169785012221244,18.612819504565213,-503.5898182081587,10.0,0.0,-5.389303332108033,3.2548589100244425,-4.239117814349676,5.811807106971927,8.829000000000008,0.37157885354229236,0.23766601699636247,0.08559315162647821,-12.786422749249905,5.389303332108033,-3.2548589100244425,-1.8330301603596906,0.0,-2.220446049250313e-16,5.47489648373451,-17.874311819634038
109.79999999999804,0.0,453.0,506.1891875121337,506.20945893337364,9.626070408672457e-15,PILOT_ASC_HOLD_ACC,caténaire,,12.78670922912306,6.2959270111427,12.78670922912306,0.006721976994748316,-0.9999774072574251,0.8518005967803357,-0.5238661501993269,18.636851894632596,-503.610900742561,10.0,0.0,-5.362874385376787,3.2982230452632813,-4.283153607754346,5.768373927062705,8.829000000000008,0.353972006868867,0.23759697232597787,0.08595196527670118,-12.786420342293066,5.362874385376787,-3.2982230452632813,-1.8330301603596906,0.0,-2.220446049250313e-16,5.448826350653488,-17.91767354791604
109.89999999999803,0.0,453.0,506.1891875121337,506.21044610471796,8.663463367805211e-15,PILOT_ASC_HOLD_ACC,caténaire,,12.78670922912306,6.2959270111427,12.78670922912306,0.006750362922646009,-0.9999772160406518,0.8475543255472331,-0.5307086444049833,18.661002275368936,-503.63190407797254,10.0,0.0,-5.336140171623658,3.341302889356261,-4.325314438091488,5.7251161971585365,8.829000000000008,0.3385453902848532,0.23741908651478916,0.08631492788292784,-12.786417897259787,5.336140171623658,-3.341302889356261,-1.8330301603596906,0.0,-2.220446049250313e-16,5.422455099506585,-17.96075094697574
109.99999999999802,0.0,453.0,506.1891875121337,506.2114252597083,7.79711703102469e-15,PILOT_ASC_HOLD_ACC,caténaire,,12.78670922912306,6.2959270111427,12.78670922912306,0.0067790867901236646,-0.9999770217271454,0.8432575332154455,-0.5375097512375024,18.685265504568704,-503.65282827368856,10.0,0.0,-5.309087880720686,3.384122161568785,-4.365831023543208,5.682053479450821,8.829000000000008,0.3250810957361061,0.23717564101959887,0.08668221162430048,-12.78641541262948,5.309087880720686,-3.384122161568785,-1.8330301603596906,0.0,-2.220446049250313e-16,5.3957700923449865,-18.003567734557958
110.09999999999802,0.0,453.0,506.1891875121337,506.21238257692795,7.017405327922221e-15,PILOT_ASC_HOLD_ACC,caténaire,Fx:(e1>30:0),12.78670922912306,6.2959270111427,12.78670922912306,0.0068081638982615865,-0.999976824183608,0.8389090334722474,-0.5442716541936202,18.70963709413372,-503.6736734108576,0.0,0.0,-5.281710043729538,3.4266946090369323,-4.404913986696027,5.63919723238696,8.829000000000008,-9.686624030425564,0.23689184142388342,0.08705401215128386,-12.786412886697708,5.281710043729538,-3.4266946090369323,-1.8330301603596906,0.0,-2.220446049250313e-16,5.368764055880821,-18.04613765609433
110.19999999999801,0.0,453.0,506.1891875121337,506.21333279968866,6.3156647951299984e-15,PILOT_ASC_HOLD_ACC,caténaire,Fx:(:e2),12.78670922912306,6.2959270111427,12.78670922912306,0.006838175284573416,-0.9999766194060626,0.8345118948713255,-0.5509899248790943,18.730779809021925,-503.6944395840795,0.0,0.0,-5.254025980040256,3.468992350913777,-3.315058737331438,5.5965542067526854,8.829000000000008,-8.569084717371695,0.23654655766645405,0.08743775902161612,-12.78641026826678,5.254025980040256,-3.468992350913777,-1.8330301603596906,0.0,-2.220446049250313e-16,5.341463739061871,-18.08843277954025
110.29999999999801,0.0,453.0,506.1891875121337,506.21251780912456,5.6840983156169986e-15,PILOT_ASC_HOLD_ACC,caténaire,Fy:(e2:-5),12.78670922912306,6.2959270111427,12.78670922912306,0.006868219169894149,-0.9999764135045558,0.8298071260418473,-0.5580502966311994,18.749066162337673,-503.7151269084488,0.0,-5.0,-5.224405098885561,3.5134439361365644,-2.4798415616356233,5.5541348257213885,8.829000000000008,-7.704246660521184,-4.761421238142056,0.08782192144732544,-12.786407635464082,5.224405098885561,-3.5134439361365644,-1.8330301603596906,0.0,-2.220446049250313e-16,5.3122270203328865,-18.13288173196034
110.399999999998,0.0,453.0,506.1941875121337,506.21087494741784,0.05000000000000284,PILOT_DESC_ADD_SLACK_ACC,caténaire,Fy:(y<-500:e3),12.78670922912306,6.2959270111427,12.78670922912306,0.0068974906696711875,-0.9999762120282971,0.8250004607308248,-0.5651320551817308,18.76478443343325,-503.7374013732308,0.0,-5.0,-5.194142684920372,3.558030171081246,-1.8322269668716742,6.439057818039522,8.829000000000008,-7.026369651792047,-3.8319120108792397,0.08819620760367478,-12.786405059245745,5.194142684920372,-3.558030171081246,-1.8330482665362506,0.0,4.440892098500626e-16,5.282338892524047,-18.17748349686324
110.499999999998,0.0,453.0,506.2041875121337,506.2115242359975,0.1,PILOT_DESC_ADD_SLACK_ACC,caténaire,Fx:(e3:5) | Fy:(:0),12.78670922912306,6.2959270111427,12.78670922912306,0.006924968957155056,-0.9999760221150018,0.8204134709902403,-0.5717707028326534,18.77816058131156,-503.76095314201643,5.0,0.0,-5.165263332312792,3.5998266121441485,-1.3268805985753198,7.198712480233832,8.829000000000008,-1.492143930888112,1.969539092377973,0.08854756447584525,-12.786402630879659,5.165263332312792,-3.5998266121441485,-1.8330844788893703,0.0,-4.440892098500626e-16,5.253810896788637,-18.219313721913174
110.59999999999799,0.0,453.0,506.2131875121337,506.21551373816766,0.09000000000000001,PILOT_ASC_HOLD_ACC,caténaire,,12.78670922912306,6.2959270111427,12.78670922912306,0.006950031691473551,-0.9999758482380899,0.8163882850945566,-0.5775033921635171,18.791039347879575,-503.7838483977713,5.0,0.0,-5.139921055707286,3.6359192057488228,-1.2300372515724711,6.802973328853419,8.829000000000008,-1.3699583072797576,1.6098925346022348,0.0888680343720626,-12.786400407566145,5.139921055707286,-3.6359192057488228,-1.833117070007178,0.0,-4.440892098500626e-16,5.228789090079348,-18.255436683322145
110.69999999999798,0.0,453.0,506.2212875121337,506.2212709237934,0.08100000000000002,PILOT_ASC_HOLD_ACC,caténaire,,12.78670922912306,6.2959270111427,12.78670922912306,0.006973432822380921,-0.9999756853217341,0.812928481959135,-0.5823635318421101,18.8034614616785,-503.8062070226813,5.0,0.0,-5.118138387693749,3.666518290429203,-1.1443548857069938,6.4878074238855055,8.829000000000008,-1.262493273400743,1.325325714314701,0.0891672578286078,-12.786398324402075,5.118138387693749,-3.666518290429203,-1.8331464020132051,0.0,0.0,5.207305645522357,-18.286063016844484
110.79999999999798,0.0,453.0,506.2285775121337,506.22778014019514,0.07290000000000002,PILOT_ASC_HOLD_ACC,caténaire,,12.78670922912306,6.2959270111427,12.78670922912306,0.006995678551120767,-0.9999755299414128,0.8096976270857932,-0.5868472992965339,18.815462744386288,-503.82812387235316,5.0,0.0,-5.097797161227594,3.694747763057192,-1.0681323136651337,6.233960231421243,8.829000000000008,-1.165929474892728,1.0997079944784272,0.08945170749359414,-12.786396337599086,5.097797161227594,-3.694747763057192,-1.8331728008186294,0.0,-4.440892098500626e-16,5.187248868721188,-18.31431690147491
110.89999999999797,0.0,453.0,506.2351385121337,506.2344365287097,0.06561000000000002,PILOT_ASC_HOLD_ACC,caténaire,,12.78670922912306,6.2959270111427,12.78670922912306,0.00701718594726052,-0.9999753792476,0.8065088326840174,-0.5912220418782301,18.827075383935778,-503.8496741526936,5.0,0.0,-5.077720744420474,3.7222908230440894,-1.0000727944242593,6.027172454939517,8.829000000000008,-1.077793538844733,0.9204632779835986,0.08972671631430873,-12.786394410721119,5.077720744420474,-3.7222908230440894,-1.8331965597435114,0.0,4.440892098500626e-16,5.167447460734783,-18.341881793508723
110.99999999999797,0.0,453.0,506.2410434121337,506.24092507625704,0.05904900000000001,PILOT_ASC_HOLD_ACC,caténaire,,12.78670922912306,6.2959270111427,12.78670922912306,0.007038245747464299,-0.9999752312416536,0.803268617983169,-0.5956169300510268,18.83832875897232,-503.8709176119413,5.0,0.0,-5.0573205891635,3.7499607182021517,-0.9391507430722466,5.856771030191274,8.829000000000008,-0.9964713322357461,0.7777317483934176,0.08999600185593788,-12.786392518212118,5.0573205891635,-3.7499607182021517,-1.8332179427759048,0.0,-4.440892098500626e-16,5.147316591019438,-18.369571179190174
111.09999999999796,0.0,453.0,506.2463578221337,506.2470724092758,0.053144100000000014,PILOT_ASC_HOLD_ACC,caténaire,,12.78670922912306,6.2959270111427,12.78670922912306,0.007059083164279298,-0.9999750843620454,0.7999304708546009,-0.6000926943384135,18.84924997689812,-503.89190182727293,5.0,0.0,-5.03630385848958,3.7781398034746174,-0.8845285752883398,5.714697389643835,8.829000000000008,-0.9208324337779201,0.6638371931184448,0.09026244384583731,-12.786390640105276,5.03630385848958,-3.7781398034746174,-1.833237187505059,0.0,-4.440892098500626e-16,5.1265663023354175,-18.397767631084953
111.19999999999796,0.0,453.0,506.2511407911337,506.2528383459729,0.047829690000000015,PILOT_ASC_HOLD_ACC,caténaire,,12.78670922912306,6.2959270111427,12.78670922912306,0.007079818617245673,-0.9999749377701158,0.7964820424931606,-0.6046621833601993,18.859864250679323,-503.9126647635402,5.0,0.0,-5.014592805222797,3.8069089728339987,-0.8355073834040007,5.5948096022052,8.829000000000008,-0.850100188626798,0.5727185750391914,0.09052758205365251,-12.786388765676898,5.014592805222797,-3.8069089728339987,-1.8332545077612985,0.0,4.440892098500626e-16,5.1051203872764495,-18.4265522462722
111.29999999999795,0.0,453.0,506.2554454632337,506.2581710453686,0.04304672100000001,PILOT_ASC_HOLD_ACC,caténaire,,12.78670922912306,6.2959270111427,12.78670922912306,0.007100592681242364,-0.9999747904740274,0.7929134800097888,-0.6093342376879591,18.870195157730986,-503.9332367936158,5.0,0.0,-4.992125396292787,3.836323885873668,-0.7914921820231056,5.49239889332882,8.829000000000008,-0.7836175783158925,0.49972277920248054,0.09079321396948539,-12.786386882244644,4.992125396292787,-3.836323885873668,-1.833270095991913,0.0,4.440892098500626e-16,5.082918610262272,-18.455980864110224
111.39999999999795,0.0,453.0,506.2593196681237,506.263094960448,0.038742048900000006,PILOT_ASC_HOLD_ACC,caténaire,,12.78670922912306,6.2959270111427,12.78670922912306,0.007121466243892479,-0.9999746420377555,0.7892309824723731,-0.6140964552134238,18.880264858923212,-503.9536422494316,5.0,0.0,-4.968940660578505,3.866306459825178,-0.7519741096589666,5.4038137338729735,8.829000000000008,-0.7209147702374716,0.4411201936981435,0.09106011814566829,-12.786384984233198,4.968940660578505,-3.866306459825178,-1.8332841253994667,0.0,-4.440892098500626e-16,5.060000778724173,-18.485975569457842
111.49999999999794,0.0,453.0,506.26280645252467,506.26761802478427,0.03486784401,PILOT_ASC_HOLD_ACC,caténaire,,12.78670922912306,6.2959270111427,12.78670922912306,0.007142509367947837,-0.9999744919546343,0.7854377979841097,-0.618940599329106,18.890094255192025,-503.97390066518284,5.0,0.0,-4.9450590479006,3.8968048376089692,-0.7165119019654846,5.326215438761004,8.829000000000008,-0.6615709498660838,0.3940202763699645,0.09132919045423653,-12.786383065163966,4.9450590479006,-3.8968048376089692,-1.8332967518662646,0.0,0.0,5.036388238354836,-18.5164846546392
111.59999999999793,0.0,453.0,506.26594455848556,506.2717860886692,0.031381059609000006,PILOT_ASC_HOLD_ACC,caténaire,,12.78670922912306,6.2959270111427,12.78670922912306,0.007163743139104655,-0.9999743400629023,0.7815440131892244,-0.6238501065545162,18.89970312781088,-503.994027740842,5.0,0.0,-4.920544063034904,3.92771473676083,-0.6847224911680513,5.257377087824397,8.829000000000008,-0.6052665542029549,0.35609182458521893,0.0916007005118565,-12.786381122968555,4.920544063034904,-3.92771473676083,-1.8333081156863829,0.0,0.0,5.01214476354676,-18.547403975415765
111.69999999999793,0.0,453.0,506.26876885385036,506.27561475053176,0.028242953648100005,PILOT_ASC_HOLD_ACC,caténaire,,12.78670922912306,6.2959270111427,12.78670922912306,0.007185211739861,-0.9999741860329463,0.7775534115155391,-0.6288168988191607,18.90911024491167,-504.01403611922626,5.0,0.0,-4.8954195261668385,3.95898529833854,-0.6562704075293238,5.1955502978592785,8.829000000000008,-0.5516899336961618,0.3255355961978097,0.09187521326728401,-12.786379153432295,4.8954195261668385,-3.95898529833854,-1.8333183431244897,0.0,-4.440892098500626e-16,4.987294739434122,-18.57868279489532
111.79999999999792,0.0,453.0,506.2713107196787,506.27912088996646,0.025418658283290006,PILOT_ASC_HOLD_ACC,caténaire,,12.78670922912306,6.2959270111427,12.78670922912306,0.007206952472094873,-0.9999740295808012,0.7734700515031516,-0.6338328481766402,18.918333465367894,-504.03393598574513,5.0,0.0,-4.8697109895686275,3.990565349384819,-0.6308627720518734,5.139348833971054,8.829000000000008,-0.500573761620501,0.3009141833558644,0.09215320568878677,-12.786377152924207,4.8697109895686275,-3.990565349384819,-1.8333275478187854,0.0,-4.440892098500626e-16,4.961864195257414,-18.610270050127813
111.89999999999792,0.0,453.0,506.2735983989242,506.2823624923232,0.022876792454961006,PILOT_ASC_HOLD_ACC,caténaire,,12.78670922912306,6.2959270111427,12.78670922912306,0.007228949498514595,-0.9999738708032065,0.7693054024257197,-0.6388812078928301,18.92738982790358,-504.05373554753623,5.0,0.0,-4.843490662950093,4.022349453683944,-0.6082432808334368,5.087669914320281,8.829000000000008,-0.4517339437835304,0.2810193680042161,0.09243447526952109,-12.786375122681271,4.843490662950093,-4.022349453683944,-1.8333358320436515,0.0,2.220446049250313e-16,4.9359251382196145,-18.642060408408867
111.99999999999791,0.0,453.0,506.27565731024515,506.285346256173,0.020589113209464906,PILOT_ASC_HOLD_ACC,caténaire,,12.78670922912306,6.2959270111427,12.78670922912306,0.007251236657070071,-0.9999737094378747,0.7650603097407118,-0.6439586341213587,18.936295612458,-504.07344143620463,5.0,0.0,-4.816763869249748,4.0543165586232215,-0.5881851970969016,5.039643541686586,8.829000000000008,-0.4049490663466493,0.2649601003097999,0.09271945468551333,-12.786373059349694,4.816763869249748,-4.0543165586232215,-1.8333432878460312,0.0,0.0,4.909483323935261,-18.674032905818947
112.0999999999979,0.0,453.0,506.277510330434,506.2880974601417,0.018530201888518415,PILOT_ASC_HOLD_ACC,caténaire,,12.78670922912306,6.2959270111427,12.78670922912306,0.007273824073333873,-0.999973545391752,0.7607395897979208,-0.6490572212941562,18.945066413990308,-504.09305900483963,5.0,0.0,-4.789560931854347,4.086416891323103,-0.5704903317938969,4.994570310954876,8.829000000000008,-0.360051263648244,0.2519872022779701,0.09300827340951572,-12.786370961739623,4.789560931854347,-4.086416891323103,-1.8333499980681727,0.0,-4.440892098500626e-16,4.882569205263863,-18.706137851130897
112.1999999999979,0.0,453.0,506.27917804860397,506.29063679336565,0.016677181699666574,PILOT_ASC_HOLD_ACC,caténaire,,12.78670922912306,6.2959270111427,12.78670922912306,0.0072967228499831675,-0.9999733785634749,0.7563470001982533,-0.6541706316329887,18.95371719843473,-504.11259257774054,5.0,0.0,-4.7619055083449355,4.118610549594415,-0.5549843062728297,4.951891783232482,8.829000000000008,-0.316889814617765,0.24150233282689015,0.09330107340823289,-12.786368828554952,4.7619055083449355,-4.118610549594415,-1.8333560372681006,0.0,2.220446049250313e-16,4.855206581753168,-18.738335415417467
112.2999999999979,0.0,453.0,506.28067899495693,506.292969067519,0.015009463529699917,PILOT_ASC_HOLD_ACC,caténaire,,12.78670922912306,6.2959270111427,12.78670922912306,0.007319960052547596,-0.9999732087335286,0.7518831790391682,-0.6592963560326678,18.96226235294095,-504.1320456498638,5.0,0.0,-4.733801616136542,4.150881736294028,-0.5415138396087926,4.911160911100462,8.829000000000008,-0.2753154557453348,0.23304264739448222,0.09359820076072246,-12.78636665698881,4.733801616136542,-4.150881736294028,-1.8333614725480352,0.0,4.440892098500626e-16,4.827399816897265,-18.77060986583087
112.39999999999789,0.0,453.0,506.2820298466746,506.2951417986329,0.013508517176729925,PILOT_ASC_HOLD_ACC,caténaire,,12.78670922912306,6.2959270111427,12.78670922912306,0.007343509195551843,-0.9999730360728207,0.7473574707963193,-0.6644221631199012,18.970715735628588,-504.15142104110464,5.0,0.0,-4.705308087365839,4.183153443588447,-0.5299449784528718,4.872016287271548,8.829000000000008,-0.23525306581871064,0.22616973085998637,0.09389931680491281,-12.786364449226543,4.705308087365839,-4.183153443588447,-1.8333663642999765,0.0,0.0,4.799207404170751,-18.802884257114968
112.49999999999788,0.0,453.0,506.2832456132205,506.2971545142999,0.012157665459056933,PILOT_ASC_HOLD_ACC,caténaire,,12.78670922912306,6.2959270111427,12.78670922912306,0.007367396451585687,-0.9999728603664827,0.7427688535758946,-0.6695479296940223,18.97909070062762,-504.17072104243516,5.0,0.0,-4.676418488263972,4.215424895815269,-0.5201585272588609,4.83417588652608,8.829000000000008,-0.19657701552283324,0.22060078234134117,0.09420475620209919,-12.786362202520689,4.676418488263972,-4.215424895815269,-1.8333707668767236,0.0,-2.220446049250313e-16,4.770623244466072,-18.83515786521268
112.59999999999788,0.0,453.0,506.28433980311183,506.2990412717326,0.010941898913151239,PILOT_ASC_HOLD_ACC,caténaire,,12.78670922912306,6.2959270111427,12.78670922912306,0.007391605191118906,-0.9999726817132051,0.7381238869862781,-0.6746651965680964,18.987400139954808,-504.1899475101716,5.0,0.0,-4.64717411764655,4.247642834550978,-0.5120509348094562,4.797409345697933,8.829000000000008,-0.15922505245600593,0.21605218024890327,0.09451430631531405,-12.786359918133176,4.64717411764655,-4.247642834550978,-1.8333747291957962,0.0,-4.440892098500626e-16,4.741688423961864,-18.86737748187995
112.69999999999787,0.0,453.0,506.285324574014,506.3008021356298,0.009847709021836116,PILOT_ASC_HOLD_ACC,caténaire,,12.78670922912306,6.2959270111427,12.78670922912306,0.007416157595100624,-0.9999724999251353,0.7334217507395061,-0.679773885598879,18.995656504264513,-504.2091019605146,5.0,0.0,-4.617569811040425,4.27980676781141,-0.5055305627737533,4.761536937969453,8.829000000000008,-0.12310037381417782,0.21234370578085482,0.09482825076590423,-12.786357593661986,4.617569811040425,-4.27980676781141,-1.833378295282961,0.0,-2.220446049250313e-16,4.712398061806329,-18.89954265675636
112.79999999999787,0.0,453.0,506.28621086782596,506.30244859367326,0.008862938119652504,PILOT_ASC_HOLD_ACC,caténaire,,12.78670922912306,6.2959270111427,12.78670922912306,0.007441061950545263,-0.999972314915292,0.7286645113960476,-0.684870812512812,19.00387183511628,-504.2281856296224,5.0,0.0,-4.587618579359474,4.311896647642661,-0.5005181580054868,4.726411444609135,8.829000000000008,-0.08813673736496064,0.20930809225178848,0.09514669551751355,-12.786355227994916,4.587618579359474,-4.311896647642661,-1.8333815047614097,0.0,-4.440892098500626e-16,4.682765274876988,-18.931633380398985
112.89999999999786,0.0,453.0,506.2870085322567,506.3039878558514,0.007976644307687254,PILOT_ASC_HOLD_ACC,caténaire,,12.78670922912306,6.2959270111427,12.78670922912306,0.0074663309433764865,-0.9999721265626577,0.7238533937922336,-0.6899538131610446,19.01205778705559,-504.247199529366,5.0,0.0,-4.5573281340838365,4.343898848721524,-0.49694474467650157,4.691915360560219,8.829000000000008,-0.05427287876033837,0.20681420928173466,0.0954698027813592,-12.786352819584547,4.5573281340838365,-4.343898848721524,-1.8333843932920135,0.0,-4.440892098500626e-16,4.652797936865196,-18.963636061598088
112.99999999999785,0.0,453.0,506.2877264302444,506.30544312965395,0.0071789798769185285,PILOT_ASC_HOLD_ACC,caténaire,,12.78670922912306,6.2959270111427,12.78670922912306,0.007491955273614151,-0.9999719349092645,0.7189931631212847,-0.6950171446697194,19.020225648035314,-504.26614449103994,5.0,0.0,-4.5267284765222255,4.37577721433336,-0.4947506753302604,4.657954392142138,8.829000000000008,-0.0214791518524855,0.20473160647549093,0.09579745364129924,-12.786350368968337,4.5267284765222255,-4.37577721433336,-1.833386992969557,0.0,-2.220446049250313e-16,4.622525930163524,-18.995514576271255
113.09999999999785,0.0,453.0,506.2883725384333,506.30682329637426,0.006461081889226675,PILOT_ASC_HOLD_ACC,caténaire,,12.78670922912306,6.2959270111427,12.78670922912306,0.007517942030842298,-0.999971739874493,0.7140852464982332,-0.7000587552009884,19.028386349297755,-504.285021208845,5.0,0.0,-4.4958285916867196,4.407518826256838,-0.4938836864230518,4.624456905755182,8.829000000000008,0.010287721890228418,0.20297573201201224,0.09612973874978338,-12.786347875115423,4.4958285916867196,-4.407518826256838,-1.833389332679346,0.0,-4.440892098500626e-16,4.591958330436503,-19.027256034051607
113.19999999999784,0.0,453.0,506.28895403580333,506.3081235983112,0.005814973700304008,PILOT_ASC_HOLD_ACC,caténaire,,12.78670922912306,6.2959270111427,12.78670922912306,0.007544316405621035,-0.9999715412400354,0.709128203950266,-0.7050795631432455,19.036550479800823,-504.3038302680728,5.0,0.0,-4.4646194136135895,4.439129466598255,-0.4942988472763986,4.591366041830405,8.829000000000008,0.04108173911001156,0.2014955084286516,0.096466980211179,-12.78634533523437,4.4646194136135895,-4.439129466598255,-1.8333914384181562,0.0,4.440892098500626e-16,4.561086393824769,-19.058866240250783
113.29999999999784,0.0,453.0,506.28947738343635,506.3093633250144,0.005233476330273607,PILOT_ASC_HOLD_ACC,caténaire,,12.78670922912306,6.2959270111427,12.78670922912306,0.007571071640103525,-0.9999713390263845,0.7041263546034349,-0.710074698009215,19.044728304216928,-504.32257216213105,5.0,0.0,-4.433128135205209,4.470578471125212,-0.4959584391317104,4.558634018550278,8.829000000000008,0.07091342566308079,0.20021248967548289,0.0968090916148636,-12.786342749587215,4.433128135205209,-4.470578471125212,-1.8333933335830852,0.0,-4.440892098500626e-16,4.529937226820072,-19.090314554295514
113.39999999999783,0.0,453.0,506.2899483963061,506.31053346558804,0.004710128697246246,PILOT_ASC_HOLD_ACC,caténaire,,12.78670922912306,6.2959270111427,12.78670922912306,0.007598238262840349,-0.9999711329709978,0.6990773482166758,-0.7150460553071672,19.05292976644159,-504.34124731869275,5.0,0.0,-4.40133995951538,4.501877773819431,-0.4988296951289186,4.526226391454687,8.829000000000008,0.09983034535570123,0.199104165274111,0.09715646332053665,-12.7863401148169,4.40133995951538,-4.501877773819431,-1.8333950392315217,0.0,-4.440892098500626e-16,4.498496422835917,-19.121612927867854
113.49999999999783,0.0,453.0,506.29037230788884,506.31164271376343,0.0042391158275216214,PILOT_ASC_HOLD_ACC,caténaire,,12.78670922912306,6.2959270111427,12.78670922912306,0.007625823596562165,-0.9999709229845007,0.6939833134218505,-0.7199910837587015,19.061164505448037,-504.3598561071994,5.0,0.0,-4.369268288254939,4.533011312018314,-0.5028858309559441,4.494112811690554,8.829000000000008,0.12784588078911696,0.1981241237088618,0.09750918896182584,-12.78633742978062,4.369268288254939,-4.533011312018314,-1.8333965743151142,0.0,4.440892098500626e-16,4.466777477216765,-19.152745316114046
113.59999999999782,0.0,453.0,506.2907538283133,506.31270777357184,0.0038152042447694595,PILOT_ASC_HOLD_ACC,caténaire,,12.78670922912306,6.2959270111427,12.78670922912306,0.007653822241139072,-0.9999707090735713,0.6888481373026152,-0.7249056791988302,19.06944185974808,-504.37839885433146,5.0,0.0,-4.33693759421887,4.56395324619866,-0.5081042306496544,4.462270789286326,8.829000000000008,0.15495817513147525,0.1972240354849788,0.09786719948884032,-12.786334694563765,4.33693759421887,-4.56395324619866,-1.8333979558903475,0.0,-2.220446049250313e-16,4.434804793707711,-19.183685896652772
113.69999999999781,0.0,453.0,506.2910971966953,506.3137410523612,0.0034336838202925135,PILOT_ASC_HOLD_ACC,caténaire,,12.78670922912306,6.2959270111427,12.78670922912306,0.007682232897927039,-0.9999704912134667,0.6836744860109413,-0.7297870903062587,19.077770866773164,-504.39687586011837,5.0,0.0,-4.304364663305387,4.5946862542424105,-0.5144654071055501,4.43068586269943,8.829000000000008,0.1811699295890623,0.19637211694183243,0.09823047829619647,-12.786331908849954,4.304364663305387,-4.5946862542424105,-1.8333991993080576,0.0,-4.440892098500626e-16,4.402595141601584,-19.21441736240042
113.79999999999781,0.0,453.0,506.29140622823917,506.31473921509456,0.003090315438263262,PILOT_ASC_HOLD_ACC,caténaire,,12.78670922912306,6.2959270111427,12.78670922912306,0.007711076541018213,-0.9999702692073293,0.6784612416096248,-0.7346361981508441,19.08616026377478,-504.41528740853295,5.0,0.0,-4.27154245706345,4.62521588330108,-0.5219527788880878,4.399348822759776,8.829000000000008,0.20650476404846163,0.19556470606084808,0.09859929357351191,-12.78632907012203,4.27154245706345,-4.62521588330108,-1.8334003183839966,0.0,4.440892098500626e-16,4.370141750636963,-19.244945271807108
113.8999999999978,0.0,453.0,506.2916843566286,506.3156898488557,0.002781283894436936,PILOT_ASC_HOLD_ACC,caténaire,,12.78670922912306,6.2959270111427,12.78670922912306,0.0077403893302808845,-0.9999700427377891,0.6732053977724309,-0.7394555378182401,19.094618495697745,-504.4336337687122,5.0,0.0,-4.238452047882514,4.65555809408891,-0.5305531527400223,4.368251157242058,8.829000000000008,0.2309947993774637,0.19480925133096072,0.09897410768650824,-12.78632617432187,4.238452047882514,-4.65555809408891,-1.8334013255523414,0.0,-2.220446049250313e-16,4.3374261555690214,-19.275285593963122
113.9999999999978,0.0,453.0,506.2919346721791,506.3166056110963,0.002503155504993242,PILOT_ASC_HOLD_ACC,caténaire,,12.78670922912306,6.2959270111427,12.78670922912306,0.00777017123001076,-0.9999698117638633,0.6679104234559059,-0.744241671931203,19.103153725887168,-504.4519151924743,5.0,0.0,-4.2051152760597965,4.685691245129665,-0.540256744929917,4.3373832820076155,8.829000000000008,0.25462797901028633,0.19407452713727302,0.09935492017864506,-12.786323220925441,4.2051152760597965,-4.685691245129665,-1.833402232003852,0.0,-4.440892098500626e-16,4.304470196238442,-19.30541669805896
114.09999999999779,0.0,453.0,506.29215995617454,506.31748229885346,0.002252839954493918,PILOT_ASC_HOLD_ACC,caténaire,,12.78670922912306,6.2959270111427,12.78670922912306,0.007800446764250914,-0.9999695760523307,0.662575340923107,-0.7489952720816259,19.111773832069595,-504.47013192472735,5.0,0.0,-4.171525985834872,4.715619564716884,-0.5510550061023337,4.306740656384833,8.829000000000008,0.27741900806279407,0.19336022110170958,0.09974204463173028,-12.786320206950611,4.171525985834872,-4.715619564716884,-1.833403047810212,0.0,2.220446049250313e-16,4.271268030466603,-19.335342819477706
114.19999999999779,0.0,453.0,506.29236271177047,506.31834541269683,0.002027555959044526,PILOT_ASC_HOLD_ACC,caténaire,,12.78670922912306,6.2959270111427,12.78670922912306,0.00783119428921473,-0.9999693357278535,0.6572067945282095,-0.7537103085575757,19.12048641125471,-504.4882842035734,5.0,0.0,-4.137726009576665,4.74530509022434,-0.5629414113980324,4.276318839966178,8.829000000000008,0.29933257902530297,0.1926239301905106,0.10013520429295779,-12.7863171339914,4.137726009576665,-4.74530509022434,-1.8334037820359355,0.0,-4.440892098500626e-16,4.237861213869622,-19.365026006251675
114.29999999999778,0.0,453.0,506.29254519180677,506.31918250628894,0.0018248003631400735,PILOT_ASC_HOLD_ACC,caténaire,,12.78670922912306,6.2959270111427,12.78670922912306,0.00786244964492049,-0.9999690904650909,0.6518013324354138,-0.7583897566788591,19.129298767966166,-504.5063722744427,5.0,0.0,-4.1036936147789245,4.774766554048369,-0.5759089900865746,4.246120078267935,8.829000000000008,0.32039739513450094,0.19188663231629555,0.10053485743822017,-12.78631399788777,4.1036936147789245,-4.774766554048369,-1.8334044428390865,0.0,-4.440892098500626e-16,4.204228472217145,-19.394484994775226
114.39999999999777,0.0,453.0,506.2927094238394,506.31999196824046,0.001642320326826066,PILOT_ASC_HOLD_ACC,caténaire,,12.78670922912306,6.2959270111427,12.78670922912306,0.007894233792532884,-0.9999688400509432,0.6463587270984232,-0.763033679403279,19.138217923809336,-504.52439638310125,5.0,0.0,-4.0694273688267755,4.804004352566704,-0.5899527445205255,4.216143301314234,8.829000000000008,0.34061988665269904,0.1911476538809289,0.10094127209183536,-12.786310795914877,4.0694273688267755,-4.804004352566704,-1.8334050375619229,0.0,4.440892098500626e-16,4.1703686409186105,-19.423720186043504
114.49999999999777,0.0,453.0,506.29285723266884,506.32077716651344,0.0014780882941434594,PILOT_ASC_HOLD_ACC,caténaire,,12.78670922912306,6.2959270111427,12.78670922912306,0.007926560100991608,-0.9999685843290105,0.640880121843783,-0.7676409769061953,19.147250619614724,-504.54235677587513,5.0,0.0,-4.034934470020698,4.833011561363684,-0.6050684254900459,4.186387546111117,8.829000000000008,0.35999710448925626,0.19039910747479283,0.10135461919854802,-12.78630752607288,4.034934470020698,-4.833011561363684,-1.8334055728124754,0.0,4.440892098500626e-16,4.136289089219246,-19.45272466024904
114.59999999999776,0.0,453.0,506.2929902606153,506.32154269431834,0.0013302794647291134,PILOT_ASC_HOLD_ACC,caténaire,,12.78670922912306,6.2959270111427,12.78670922912306,0.007959439549249384,-0.9999683231593198,0.6353669055843446,-0.7722103957395124,19.15640331445494,-504.5602537022799,5.0,0.0,-4.000223662854629,4.86178028882159,-0.6212518381677653,4.156853072148755,8.829000000000008,0.37852449897760554,0.1896333609703369,0.1017750391430342,-12.786304186571986,4.000223662854629,-4.86178028882159,-1.8334060545379722,0.0,-2.220446049250313e-16,4.101998701997664,-19.481490529931545
114.69999999999776,0.0,453.0,506.2931099857671,506.3222851424368,0.0011972515182562021,PILOT_ASC_HOLD_ACC,caténaire,,12.78670922912306,6.2959270111427,12.78670922912306,0.0079928967342074,-0.9999680562906978,0.6298183109933418,-0.7767424895919458,19.16568218412815,-504.57808741756435,5.0,0.0,-3.9652901162952543,4.890314020924159,-0.6384984846105531,4.127541300185581,8.829000000000008,0.39621139909419245,0.1888553211097328,0.10220284643871734,-12.786300774200514,3.9652901162952543,-4.890314020924159,-1.83340648809092,0.0,2.220446049250313e-16,4.067492962733971,-19.510021283215593
114.79999999999775,0.0,453.0,506.29321773840377,506.32301505721614,0.001077526366430582,PILOT_ASC_HOLD_ACC,caténaire,,12.78670922912306,6.2959270111427,12.78670922912306,0.008026932762441766,-0.9999677836562673,0.6242374441883372,-0.7812346723444965,19.175093124267725,-504.5958581810751,5.0,0.0,-3.9301533862320355,4.918596475654932,-0.6568039306078339,4.098452864017544,8.829000000000008,0.41304268316013015,0.1880493396724674,0.10263805523506439,-12.786297288103324,3.9301533862320355,-4.918596475654932,-1.8334068782885726,0.0,-4.440892098500626e-16,4.0327914414671,-19.538300642046828
114.89999999999775,0.0,453.0,506.2933147157768,506.32372373686064,0.0009697737297875238,PILOT_ASC_HOLD_ACC,caténaire,,12.78670922912306,6.2959270111427,12.78670922912306,0.008061581824338113,-0.9999675049212797,0.6186219886482357,-0.7856887648177885,19.184641745301686,-504.61356626147256,5.0,0.0,-3.89479888801724,4.946639116767659,-0.6761624296299518,4.069590773278922,8.829000000000008,0.4290386823528083,0.18722989004657364,0.10308110271459488,-12.786293724000087,3.89479888801724,-4.946639116767659,-1.83340722946646,0.0,-2.220446049250313e-16,3.997879990731835,-19.566340070234205
114.99999999999774,0.0,453.0,506.29340199541247,506.3244106188276,0.0008727963568087713,PILOT_ASC_HOLD_ACC,caténaire,,12.78670922912306,6.2959270111427,12.78670922912306,0.008096865504812674,-0.9999672198472292,0.6129720991812233,-0.7901045536037395,19.194333379229764,-504.6312119319067,5.0,0.0,-3.859227596311906,4.974440600660629,-0.6965683289406917,4.040955772846705,8.829000000000008,0.4442040747474021,0.18639637350732663,0.10353226487735637,-12.786290078841095,3.859227596311906,-4.974440600660629,-1.833407545526559,0.0,2.220446049250313e-16,3.9627598611892623,-19.59413822502828
115.09999999999773,0.0,453.0,506.2934805470846,506.3250853694074,0.0007855167211278942,PILOT_ASC_HOLD_ACC,caténaire,,12.78670922912306,6.2959270111427,12.78670922912306,0.008132786944580302,-0.9999669283413898,0.6072907904151391,-0.7944796384281699,19.20417308118276,-504.6487954702163,5.0,0.0,-3.823458490992875,5.001985815382801,-0.7180151512283537,4.012548675289399,8.829000000000008,0.45852635777877104,0.1855344906721932,0.10399158188275649,-12.786286351440687,3.823458490992875,-5.001985815382801,-1.8334078299806478,0.0,-4.440892098500626e-16,3.927450072875631,-19.621679996804136
115.19999999999773,0.0,453.0,506.2935512435895,506.32574611929397,0.0007069650490151047,PILOT_ASC_HOLD_ACC,caténaire,,12.78670922912306,6.2959270111427,12.78670922912306,0.008169369819950163,-0.9999666301415987,0.6015776606959716,-0.7988143201968544,19.214165625255013,-504.66631716369574,5.0,0.0,-3.787489043275806,5.029276655414969,-0.7404945490586581,3.9843724366908417,8.829000000000008,0.472016407665536,0.18464909210580238,0.10445935647287613,-12.786282538446665,3.787489043275806,-5.029276655414969,-1.833408085989328,0.0,4.440892098500626e-16,3.891948399748682,-19.648967279850964
115.29999999999772,0.0,453.0,506.2936148704439,506.32638239870624,0.0006362685441135943,PILOT_ASC_HOLD_ACC,caténaire,,12.78670922912306,6.2959270111427,12.78670922912306,0.00820665548057639,-0.9999663248359032,0.59582994008389,-0.8031106290540726,19.224315508129823,-504.6837773074778,5.0,0.0,-3.7513018138216996,5.056325902397341,-0.763997227513502,3.956429225907064,8.829000000000008,0.48470095866479834,0.18375512830439789,0.10493611737371947,-12.786278634591511,3.7513018138216996,-5.056325902397341,-1.8334083163971397,0.0,2.220446049250313e-16,3.856237931195419,-19.67601285338599
115.39999999999772,0.0,453.0,506.29367213461285,506.3270150405562,0.0005726416897022348,PILOT_ASC_HOLD_ACC,caténaire,,12.78670922912306,6.2959270111427,12.78670922912306,0.008244626394016906,-0.9999660124902362,0.590054092241483,-0.8073637149569451,19.234626957990855,-504.7011761995504,5.0,0.0,-3.714937497378439,5.0831030208139465,-0.7885136029225005,3.928718917807162,8.829000000000008,0.4965488996990608,0.1828219386211014,0.10542164040304754,-12.786274640718288,3.714937497378439,-5.0831030208139465,-1.8334085237641704,0.0,-6.661338147750939e-16,3.8203591377814865,-19.702786185296404
115.49999999999771,0.0,453.0,506.29372367236493,506.3276310000981,0.0005153775207320114,PILOT_ASC_HOLD_ACC,caténaire,,12.78670922912306,6.2959270111427,12.78670922912306,0.008283329366921258,-0.9999656926388021,0.5842463364160284,-0.8115763786511093,19.245103924151785,-504.7185141509768,5.0,0.0,-3.678372290602838,5.109625643954895,-0.8140307366548474,3.9012459753154305,8.829000000000008,0.5075969727423146,0.1818716192703178,0.10591652406387812,-12.786270550871004,3.678372290602838,-5.109625643954895,-1.8334087103944983,0.0,-4.440892098500626e-16,3.7842888146667164,-19.729304905220395
115.5999999999977,0.0,453.0,506.2937700563418,506.328219805629,0.00046383976865881023,PILOT_ASC_HOLD_ACC,caténaire,,12.78670922912306,6.2959270111427,12.78670922912306,0.008322809562042219,-0.9999653648206991,0.5784039584489769,-0.8157504893351608,19.25575008930363,-504.7357914785301,5.0,0.0,-3.641589105350773,5.135905540158114,-0.8405356133775902,3.8740114829510515,8.829000000000008,0.5178752812716363,0.18091702310915814,0.10642134583919889,-12.78626635915624,3.641589105350773,-5.135905540158114,-1.8334088783617937,0.0,-2.220446049250313e-16,3.748010451189972,-19.755580777676148
115.6999999999977,0.0,453.0,506.293811801921,506.3288008669614,0.0004174557917929292,PILOT_ASC_HOLD_ACC,caténaire,,12.78670922912306,6.2959270111427,12.78670922912306,0.008363052536160764,-0.9999650290646556,0.5725332466725304,-0.8198815045203859,19.26656887954923,-504.753008500409,5.0,0.0,-3.60462753250281,5.161914110246213,-0.8680147851576479,3.847014582404394,8.829000000000008,0.5273576823395416,0.1799286926506003,0.10693592104776786,-12.78626206594134,3.60462753250281,-5.161914110246213,-1.8334090295323586,0.0,-2.220446049250313e-16,3.711563453550578,-19.78158520571991
115.7999999999977,0.0,453.0,506.29384937294225,506.3293712574335,0.00037571021261363624,PILOT_ASC_HOLD_ACC,caténaire,,12.78670922912306,6.2959270111427,12.78670922912306,0.00840408805737815,-0.9999646850283883,0.5666334560607195,-0.8239699791088778,19.277563455688945,-504.77016554605706,5.0,0.0,-3.567482881429824,5.18765484784227,-0.8964513045128105,3.8202587870619906,8.829000000000008,0.5360658140573653,0.17891363490425327,0.10746063032564007,-12.786257666849627,3.567482881429824,-5.18765484784227,-1.8334091655858678,0.0,4.440892098500626e-16,3.674943511755464,-19.807321680277763
115.89999999999769,0.0,453.0,506.29388318686136,506.3299184160281,0.0003381391913522726,PILOT_ASC_HOLD_ACC,caténaire,,12.78670922912306,6.2959270111427,12.78670922912306,0.008445968426757069,-0.9999643321725703,0.5607010196056952,-0.828018337123722,19.288736720433345,-504.7872629538268,5.0,0.0,-3.530132694510749,5.213143014418703,-0.9258271228794349,3.793746512040968,8.829000000000008,0.544040182609816,0.17788952645966383,0.10799614243129659,-12.786253154984882,3.530132694510749,-5.213143014418703,-1.8334092880340258,0.0,-4.440892098500626e-16,3.6381288369420455,-19.832805457437612
115.99999999999768,0.0,453.0,506.2939136193886,506.3304582812973,0.0003043252722170454,PILOT_ASC_HOLD_ACC,caténaire,,12.78670922912306,6.2959270111427,12.78670922912306,0.00848868643805773,-0.9999639704522141,0.554741330527818,-0.8320228700007147,19.300091331905282,-504.80430106508777,5.0,0.0,-3.49261092706733,5.238355261125971,-0.956124127648919,3.7674775202472772,8.829000000000008,0.5512649452837515,0.17683278137324088,0.10854236522064453,-12.786248529771864,3.49261092706733,-5.238355261125971,-1.8334093982373683,0.0,2.220446049250313e-16,3.6011532922879743,-19.858013189135203
116.09999999999768,0.0,453.0,506.2939410086631,506.330973209033,0.00027389274499534083,PILOT_ASC_HOLD_ACC,caténaire,,12.78670922912306,6.2959270111427,12.78670922912306,0.008532308286720733,-0.999963599195141,0.5487491001861616,-0.835987096219121,19.31162969835898,-504.82128023208827,5.0,0.0,-3.4548842822023067,5.263313740052715,-0.9873210055137299,3.7414550299369123,8.829000000000008,0.5577947122839637,0.1757687699896202,0.10910014511553516,-12.786243782615623,3.4548842822023067,-5.263313740052715,-1.833409497420376,0.0,-4.440892098500626e-16,3.563984427317842,-19.882967020088714
116.19999999999767,0.0,453.0,506.29396565901015,506.3314735514267,0.0002465034704958067,PILOT_ASC_HOLD_ACC,caténaire,,12.78670922912306,6.2959270111427,12.78670922912306,0.008576840575227337,-0.9999632182264242,0.5427280965773124,-0.8399084552411455,19.32335399638344,-504.83820080949874,5.0,0.0,-3.416976482947165,5.288002330239868,-1.0193971614574038,3.715678488072464,8.829000000000008,0.5636263555954315,0.17468081831232496,0.10966956653997652,-12.786238911279415,3.416976482947165,-5.288002330239868,-1.8334095866850828,0.0,-4.440892098500626e-16,3.5266460494871414,-19.907650828204364
116.29999999999767,0.0,453.0,506.2939878443225,506.331964641365,0.00022185312344622605,PILOT_ASC_HOLD_ACC,caténaire,,12.78670922912306,6.2959270111427,12.78670922912306,0.008622300360698781,-0.9999628272773393,0.5366803158086548,-0.8437856591715236,19.335266169859764,-504.8550631599698,5.0,0.0,-3.3789000966483043,5.312412923192843,-1.0523294873135305,3.6901497693197416,8.829000000000008,0.5687704160381655,0.1735626925125775,0.11025084759841819,-12.786233912327143,3.3789000966483043,-5.312412923192843,-1.8334096670233198,0.0,0.0,3.4891509442467226,-19.932056502543304
116.39999999999766,0.0,453.0,506.2940078111036,506.3324438030568,0.00019966781110160344,PILOT_ASC_HOLD_ACC,caténaire,,12.78670922912306,6.2959270111427,12.78670922912306,0.008668724022933047,-0.9999624259060008,0.530605169696557,-0.8476191089701127,19.347367933474768,-504.87186765621,5.0,0.0,-3.340651420144509,5.3365480433256405,-1.0860930941129618,3.6648716164574204,8.829000000000008,0.5732554857425285,0.17241965978305274,0.11084445346875878,-12.786228780108544,3.340651420144509,-5.3365480433256405,-1.8334097393277324,0.0,0.0,3.451495873613268,-19.956186562761918
116.49999999999766,0.0,453.0,506.2940257812066,506.3328989450573,0.0001797010299914431,PILOT_ASC_HOLD_ACC,caténaire,,12.78670922912306,6.2959270111427,12.78670922912306,0.008716173270982657,-0.9999620134402658,0.5244991210427665,-0.8514109889033412,19.359660782251687,-504.8886146792303,5.0,0.0,-3.302208183493758,5.360421442620264,-1.1206623958833053,3.6398459593856245,8.829000000000008,0.5771294206229367,0.1712674020058813,0.11145117320670968,-12.786223506029124,3.302208183493758,-5.360421442620264,-1.833409804401704,0.0,4.440892098500626e-16,3.413659356700468,-19.980054753051093
116.59999999999765,0.0,453.0,506.2940419542993,506.33334264196486,0.0001617309269922988,PILOT_ASC_HOLD_ACC,caténaire,,12.78670922912306,6.2959270111427,12.78670922912306,0.008764651878093494,-0.9999615897010523,0.518366807309605,-0.8551583789448868,19.372146007502145,-504.9053046131165,5.0,0.0,-3.2635995838203455,5.384014736804118,-1.1560123802976205,3.6150724250099,8.829000000000008,0.5803880358820344,0.17008716181400985,0.11207105505966884,-12.786218087799012,3.2635995838203455,-5.384014736804118,-1.8334098629682785,0.0,4.440892098500626e-16,3.375670638880014,-20.003642687571407
116.69999999999764,0.0,453.0,506.2940565100827,506.33376573755095,0.00014555783429306892,PILOT_ASC_HOLD_ACC,caténaire,,12.78670922912306,6.2959270111427,12.78670922912306,0.008814218053561923,-0.9999611540255473,0.512205550077776,-0.858862896200274,19.38482469543123,-504.9219378512822,5.0,0.0,-3.224808757991875,5.407338107055554,-1.1921155303049988,3.5905533329369606,8.829000000000008,0.5830757117031258,0.16889143999250678,0.11270484333298333,-12.786212516943012,3.224808757991875,-5.407338107055554,-1.8334099156781956,0.0,-4.440892098500626e-16,3.3375136013248583,-20.02696053967676
116.79999999999764,0.0,453.0,506.2940696102878,506.3341757346154,0.00013100205086376203,PILOT_ASC_HOLD_ACC,caténaire,,12.78670922912306,6.2959270111427,12.78670922912306,0.008864889950585398,-0.9999607060910763,0.5060183219955776,-0.8625227288627123,19.397697741930884,-504.93851479230125,5.0,0.0,-3.1858544215850615,5.430380146371261,-1.228944858967532,3.5662891667094105,8.829000000000008,0.5852007194474069,0.16766931308066368,0.11335277014631057,-12.786206789335179,3.1858544215850615,-5.430380146371261,-1.8334099631171201,0.0,2.220446049250313e-16,3.299207191731372,-20.049996898823558
116.89999999999763,0.0,453.0,506.2940814004724,506.3345680744231,0.00011790184577738583,PILOT_ASC_HOLD_ACC,caténaire,,12.78670922912306,6.2959270111427,12.78670922912306,0.00891671812306268,-0.999960245278738,0.4998039775132759,-0.8661385478443439,19.41076585533702,-504.95503584354924,5.0,0.0,-3.146729362302392,5.453145078765118,-1.2664717605755116,3.542281953448907,8.829000000000008,0.5867988771220958,0.1664270322140169,0.11401548191765443,-12.786200897061798,3.146729362302392,-5.453145078765118,-1.8334100058121534,0.0,4.440892098500626e-16,3.2607448442200466,-20.07275598163907
116.99999999999763,0.0,453.0,506.29409201163855,506.334938466686,0.00010611166119964724,PILOT_ASC_HOLD_ACC,caténaire,,12.78670922912306,6.2959270111427,12.78670922912306,0.008969755590353195,-0.9999597709331358,0.4935615386918567,-0.8697108758226074,19.424029568368862,-504.9715014191198,5.0,0.0,-3.1074274231112136,5.475636194976128,-1.3046678344285283,3.518532791380662,8.829000000000008,0.5879047424602586,0.16516898635678245,0.11469365659014735,-12.78619483174251,3.1074274231112136,-5.475636194976128,-1.8334100442376828,0.0,4.440892098500626e-16,3.222121079701361,-20.095241070956323
117.09999999999762,0.0,453.0,506.2941015616881,506.3352910940294,9.550049507968252e-05,PILOT_ASC_HOLD_ACC,caténaire,,12.78670922912306,6.2959270111427,12.78670922912306,0.009024034497362941,-0.9999592825717406,0.4872929412276705,-0.8732385638699691,19.43748924964819,-504.9879119383616,5.0,0.0,-3.0679607910144626,5.497846261440398,-1.343504957366708,3.495042130087274,8.829000000000008,0.5885342516188299,0.16388839152766366,0.11538770519135559,-12.78618858720735,3.0679607910144626,-5.497846261440398,-1.8334100788206593,0.0,-2.220446049250313e-16,3.1833484962058183,-20.11744492746841
117.19999999999762,0.0,453.0,506.29411015673264,506.335630184642,8.595044557171427e-05,PILOT_ASC_HOLD_ACC,caténaire,,12.78670922912306,6.2959270111427,12.78670922912306,0.009079587761760466,-0.9999587796934813,0.4810000829866114,-0.8767205485026989,19.451145109011396,-505.0042678281396,5.0,0.0,-3.028341414837287,5.519768582541985,-1.3829541825317218,3.471811362709055,8.829000000000008,0.5887044026309916,0.16257994525103214,0.11609804862993534,-12.786182157049272,3.028341414837287,-5.519768582541985,-1.8334101099453382,0.0,0.0,3.144439463467222,-20.139360849536594
117.29999999999761,0.0,453.0,506.29411789227277,506.3359512366055,7.735540101454284e-05,PILOT_ASC_HOLD_ACC,caténaire,,12.78670922912306,6.2959270111427,12.78670922912306,0.009136475539368775,-0.9999582615363096,0.47468183675388737,-0.8801574596945456,19.464997203175475,-505.0205695246024,5.0,0.0,-2.988562197717629,5.541407124549632,-1.4229858824096717,3.4488426016022373,8.829000000000008,0.5884519198726998,0.16124972615186195,0.11682545610090381,-12.786175531524181,2.988562197717629,-5.541407124549632,-1.8334101379575494,0.0,-6.661338147750939e-16,3.1053876538185325,-20.160992794031365
117.3999999999976,0.0,453.0,506.2941248542589,506.3362553548171,6.961986091308855e-05,PILOT_ASC_HOLD_ACC,caténaire,,12.78670922912306,6.2959270111427,12.78670922912306,0.009194744729564684,-0.9999577274411944,0.4683391013863057,-0.8835488023378604,19.479045447979512,-505.03681747115655,5.0,0.0,-2.9486287987923414,5.562758770301717,-1.4635711982621498,3.4261370670580757,8.829000000000008,0.5878000029455084,0.15989583735978563,0.11757052729295536,-12.786168702205241,2.9486287987923414,-5.562758770301717,-1.8334101631685393,0.0,0.0,3.0661993260852967,-20.1823376356755
117.4999999999976,0.0,453.0,506.29413112004636,506.33654548414665,6.26578748217797e-05,PILOT_ASC_HOLD_ACC,caténaire,,12.78670922912306,6.2959270111427,12.78670922912306,0.009254438776284799,-0.9999571767645533,0.46197342122691387,-0.8868937693319874,19.493289626117864,-505.05301211909824,5.0,0.0,-2.9085509411325314,5.583818438351423,-1.504681265968094,3.403696219735369,8.829000000000008,0.5867677928993746,0.15851465808678356,0.11833381771107515,-12.786161660863153,2.9085509411325314,-5.583818438351423,-1.8334101858584302,0.0,-2.220446049250313e-16,3.0268847588436065,-20.203390285073006
117.59999999999759,0.0,453.0,506.2941367592551,506.33681333126253,5.639208733960172e-05,PILOT_ASC_HOLD_ACC,caténaire,,12.78670922912306,6.2959270111427,12.78670922912306,0.009315639569984605,-0.9999566084882895,0.4555823753732592,-0.8901936302003395,19.507729393520517,-505.0691539288206,5.0,0.0,-2.868313382913055,5.604594121525493,-1.5462870416785564,3.381521997995663,8.829000000000008,0.5853995754083883,0.1571161195211488,0.11911637446470613,-12.786154394479805,2.868313382913055,-5.604594121525493,-1.8334102062793316,0.0,0.0,2.987429757377761,-20.22415872228463
117.69999999999759,0.0,453.0,506.2941418345429,506.33706751004763,5.075287860564155e-05,PILOT_ASC_HOLD_ACC,caténaire,,12.78670922912306,6.2959270111427,12.78670922912306,0.009378378732529844,-0.999956022039144,0.4491696376716102,-0.8934464934141017,19.522364294114972,-505.08524336650305,5.0,0.0,-2.8279392544018704,5.625073910896571,-1.5883612190776313,3.3596149240856783,8.829000000000008,0.5836995265204985,0.15568883498224118,0.11991860189345079,-12.786146895725105,2.8279392544018704,-5.625073910896571,-1.8334102246581434,0.0,-4.440892098500626e-16,2.9478578562953213,-20.244631031279823
117.79999999999758,0.0,453.0,506.294146402302,506.3373008504697,4.567759074507739e-05,PILOT_ASC_HOLD_ACC,caténaire,,12.78670922912306,6.2959270111427,12.78670922912306,0.009442742324755646,-0.9999554163148417,0.44273316657082085,-0.8966534130968185,19.53719376121827,-505.1012809079072,5.0,0.0,-2.787415702141971,5.645264443149553,-1.6308755093147822,3.3379770856177235,8.829000000000008,0.5817087885432466,0.15424152876726893,0.12074160043218396,-12.786139150504578,2.787415702141971,-5.645264443149553,-1.8334102411990738,0.0,0.0,2.908157302574155,-20.264813834853207
117.89999999999758,0.0,453.0,506.29415051328516,506.3375148848198,4.1109831670569654e-05,PILOT_ASC_HOLD_ACC,caténaire,,12.78670922912306,6.2959270111427,12.78670922912306,0.00950879220023902,-0.9999547904134931,0.4362741389757587,-0.899813800550403,19.55221713125108,-505.11726703546844,5.0,0.0,-2.7467501358405033,5.665162011884252,-1.6738034152108912,3.3166093292161998,8.829000000000008,0.5794464489486053,0.15277134110044344,0.12158616098460964,-12.786131147286028,2.7467501358405033,-5.665162011884252,-1.8334102560859113,0.0,4.440892098500626e-16,2.868336296825113,-20.284703415256192
117.99999999999757,0.0,453.0,506.29415421317003,506.3377101874439,3.699884850351269e-05,PILOT_ASC_HOLD_ACC,caténaire,,12.78670922912306,6.2959270111427,12.78670922912306,0.009576597169520858,-0.9999541433419099,0.4297933720624264,-0.9029272713409472,19.567433650100206,-505.13320223924933,5.0,0.0,-2.705947700377935,5.684764196732843,-1.71711877868934,3.2955128781686023,8.829000000000008,0.5769335209327249,0.1512770749014365,0.12245316341110614,-12.786122873369843,2.705947700377935,-5.684764196732843,-1.8334102694840648,0.0,0.0,2.828400863789041,-20.30429733958675
118.09999999999756,0.0,453.0,506.2941575430664,506.33789416532795,3.3298963653161423e-05,PILOT_ASC_HOLD_ACC,caténaire,,12.78670922912306,6.2959270111427,12.78670922912306,0.009646204625523245,-0.9999534742858401,0.42329418415684034,-0.9059922922735022,19.582842480122977,-505.14908701733856,5.0,0.0,-2.6650292876926636,5.7040613448118345,-1.7607960284457949,3.2746890984247297,8.829000000000008,0.5741746838615418,0.14975044323655595,0.12334321371118763,-12.78611431834442,2.6650292876926636,-5.7040613448118345,-1.8334102815424032,0.0,4.440892098500626e-16,2.788372501403851,-20.323585944698657
118.19999999999756,0.0,453.0,506.2941605399731,506.3380582871508,2.9969067287845282e-05,PILOT_ASC_HOLD_ACC,caténaire,,12.78670922912306,6.2959270111427,12.78670922912306,0.009717724957454363,-0.9999527817960462,0.41677402556273824,-0.9090101273452513,19.598442701707036,-505.16492187861337,5.0,0.0,-2.623978845083122,5.723061414155233,-1.8048090303065651,3.254140468408105,8.829000000000008,0.5712121246103132,0.1482018825633311,0.1242577233995612,-12.786105463678782,2.623978845083122,-5.723061414155233,-1.8334102923949078,0.0,2.220446049250313e-16,2.748236568482683,-20.342577170228925
118.29999999999755,0.0,453.0,506.2941632371892,506.3382052734514,2.6972160559060756e-05,PILOT_ASC_HOLD_ACC,caténaire,,12.78670922912306,6.2959270111427,12.78670922912306,0.009791232817582568,-0.999952064731061,0.4102345978354037,-0.9119800297916751,19.61423332733263,-505.18070733926066,5.0,0.0,-2.5828070854171807,5.741759703188132,-1.849134048315501,3.2338680051221234,8.829000000000008,0.568058866267318,0.1466277083102483,0.12519764703307562,-12.786096294777318,2.5828070854171807,-5.741759703188132,-1.833410302162162,0.0,6.661338147750939e-16,2.7080047324502563,-20.36126630012761
118.39999999999755,0.0,453.0,506.29416566468365,506.3383330272328,2.427494450315468e-05,PILOT_ASC_HOLD_ACC,caténaire,,12.78670922912306,6.2959270111427,12.78670922912306,0.009866826992169174,-0.9999513216777637,0.40367580381936125,-0.914902096079571,19.63021330591365,-505.1964439240052,5.0,0.0,-2.541513397011058,5.7601568192584445,-1.893747649776037,3.2138732103079835,8.829000000000008,0.5647389532129052,0.14503002956642064,0.1261642477629301,-12.786086793570863,2.541513397011058,-5.7601568192584445,-1.8334103109526905,0.0,0.0,2.667677644773988,-20.379653923781998
118.49999999999754,0.0,453.0,506.2941678494287,506.3384448262852,2.1847450052839213e-05,PILOT_ASC_HOLD_ACC,caténaire,,12.78670922912306,6.2959270111427,12.78670922912306,0.009944590684038,-0.9999505513354783,0.39709958318574234,-0.9177755286744738,19.646381530812405,-505.21213216540656,5.0,0.0,-2.500109991892623,5.778247741147391,-1.9386276571302299,3.1941572772639164,8.829000000000008,0.561262350977147,0.1434050184113005,0.1271585894794399,-12.786076943428052,2.500109991892623,-5.778247741147391,-1.8334103188641666,0.0,-2.220446049250313e-16,2.627268581372063,-20.39773500343961
118.59999999999754,0.0,453.0,506.2941698156992,506.3385361514895,1.9662705047555294e-05,PILOT_ASC_HOLD_ACC,caténaire,,12.78670922912306,6.2959270111427,12.78670922912306,0.01002464621157426,-0.9999497519717342,0.3905049473553565,-0.9206008288563455,19.662736843161486,-505.2277726051351,5.0,0.0,-2.4585906460394473,5.796035624877024,-1.9837521309391446,3.1747218999208466,8.829000000000008,0.5576572230214083,0.1417575247978622,0.1281822362322301,-12.786066722196288,2.4585906460394473,-5.796035624877024,-1.8334103259844945,0.0,2.220446049250313e-16,2.5867728822716773,-20.41551267305781
118.69999999999753,0.0,453.0,506.29417158534267,506.33860884447057,1.7696434542799765e-05,PILOT_ASC_HOLD_ACC,caténaire,,12.78670922912306,6.2959270111427,12.78670922912306,0.010107096916155928,-0.9999489219914823,0.3838933539739854,-0.9233774378739197,19.679278041251575,-505.24336579235535,5.0,0.0,-2.4169645366829804,5.8135169525901516,-2.0291009132393643,3.1555680951851497,8.829000000000008,0.5539345500776554,0.14008504777529396,0.12923650941745224,-12.786056109480143,2.4169645366829804,-5.8135169525901516,-1.83341033239279,0.0,0.0,2.5462010461004327,-20.432983394463086
118.79999999999752,0.0,453.0,506.29417317802177,506.3386693755787,1.5926791088519788e-05,PILOT_ASC_HOLD_ACC,caténaire,,12.78670922912306,6.2959270111427,12.78670922912306,0.010192031479914092,-0.9999480598982691,0.3772680142850539,-0.926104122330428,19.69600388419169,-505.2589122845597,5.0,0.0,-2.375251881577441,5.830683958910745,-2.0746543443779117,3.136697202942607,8.829000000000008,0.5500937740446474,0.13838116185334393,0.13032254298773027,-12.786045086144895,2.375251881577441,-5.830683958910745,-1.8334103381602556,0.0,4.440892098500626e-16,2.505574424565171,-20.450139383215898
118.89999999999752,0.0,453.0,506.29417461143294,506.33871123137675,1.433411197966781e-05,PILOT_ASC_HOLD_ACC,caténaire,,12.78670922912306,6.2959270111427,12.78670922912306,0.010279606247911657,-0.9999471634518434,0.37062719153473916,-0.9287817208015412,19.712913091723152,-505.2744126497101,5.0,0.0,-2.3334417462475234,5.847541923450021,-2.1203923559209685,3.1181114083043915,8.829000000000008,0.546165897831508,0.1366533317544043,0.13144233608192304,-12.786033623545112,2.3334417462475234,-5.847541923450021,-1.833410343350975,0.0,0.0,2.4648840823294464,-20.46698589034611
118.99999999999751,0.0,453.0,506.294175901503,506.3387366730852,1.2900700781701028e-05,PILOT_ASC_HOLD_ACC,caténaire,,12.78670922912306,6.2959270111427,12.78670922912306,0.01036994716900704,-0.9999462306522846,0.36397257303191066,-0.9314096660871253,19.73000435455389,-505.2898674637499,5.0,0.0,-2.2915447538667153,5.864087275157335,-2.166297142348236,3.099811872968316,8.829000000000008,0.5421581037850487,0.13489914812564407,0.13259749917146088,-12.786021696108383,2.2915447538667153,-5.864087275157335,-1.833410348022622,0.0,4.440892098500626e-16,2.424142253038176,-20.483519319288337
119.09999999999751,0.0,453.0,506.2941770625661,506.33874864430237,1.1610630703530925e-05,PILOT_ASC_HOLD_ACC,caténaire,,12.78670922912306,6.2959270111427,12.78670922912306,0.010463185684974617,-0.9999452593743928,0.3573061119236698,-0.9339873352363991,19.74727633675256,-505.305277311407,5.0,0.0,-2.2495732013066094,5.8803160919800375,-2.212351273031616,3.081800067694106,8.829000000000008,0.5380755256617746,0.13311615967413637,0.13378971296409323,-12.786009276660401,2.2495732013066094,-5.8803160919800375,-1.833410352227105,0.0,0.0,2.3833629142707027,-20.499735720867545
119.1999999999975,0.0,453.0,506.2941781075229,506.33874142841773,1.0449567633177832e-05,PILOT_ASC_HOLD_ACC,caténaire,,12.78670922912306,6.2959270111427,12.78670922912306,0.010559509378000488,-0.9999442468266398,0.3506264356168328,-0.9365154043829899,19.76472767745978,-505.32064278701085,5.0,0.0,-2.2075184468207047,5.896232630806094,-2.25853755302852,3.064077774434329,8.829000000000008,0.5339440001507754,0.1313104052404146,0.13502137601869035,-12.785996329506704,2.2075184468207047,-5.896232630806094,-1.8334103560111392,0.0,0.0,2.342539822839395,-20.515639316323938
119.2999999999975,0.0,453.0,506.29417904798396,506.3387139836014,9.404610869860049e-06,PILOT_ASC_HOLD_ACC,caténaire,,12.78670922912306,6.2959270111427,12.78670922912306,0.010659096651016242,-0.9999431902156164,0.3439340295611784,-0.9389938143085984,19.782356999500387,-505.33596449247966,5.0,0.0,-2.165383546765375,5.911836518801417,-2.3048408554541666,3.046645957661284,8.829000000000008,0.5297755977804588,0.12948247646269273,0.13629476952166408,-12.785982818928778,2.165383546765375,-5.911836518801417,-1.83341035941677,0.0,-2.220446049250313e-16,2.301678316287039,-20.531229697146966
119.39999999999749,0.0,453.0,506.29417989439895,506.33867537117237,8.464149782874044e-06,PILOT_ASC_HOLD_ACC,caténaire,,12.78670922912306,6.2959270111427,12.78670922912306,0.010762082236240629,-0.9999420871160191,0.33723331247427335,-0.9414211028852227,19.80016291340692,-505.35124303712297,5.0,0.0,-2.123196321063904,5.927118550514825,-2.351247027467519,3.0295054970476096,8.829000000000008,0.5255566514685768,0.12762404756242773,0.13761161625471938,-12.785968713914976,2.123196321063904,-5.927118550514825,-1.833410362481838,0.0,0.0,2.2608079373186234,-20.54649762691164
119.49999999999748,0.0,453.0,506.29418065617244,506.33861948792475,7.617734804586639e-06,PILOT_ASC_HOLD_ACC,caténaire,,12.78670922912306,6.2959270111427,12.78670922912306,0.010868700745245147,-0.9999409339276547,0.33052277748308034,-0.9437980152367721,19.81814401286394,-505.3664790404171,5.0,0.0,-2.080947282553634,5.9420834171920625,-2.3977406578595075,3.0126583654110504,8.829000000000008,0.5213120595868581,0.12574178260310553,0.1389749161278028,-12.785953968430675,2.080947282553634,-5.9420834171920625,-1.8334103652403992,0.0,2.220446049250313e-16,2.2199221986814366,-20.561447750863138
119.59999999999748,0.0,453.0,506.2941813417686,506.3385494301556,6.855961324127976e-06,PILOT_ASC_HOLD_ACC,caténaire,,12.78670922912306,6.2959270111427,12.78670922912306,0.010979152076798072,-0.9999397272934376,0.3238047555410126,-0.9461239243825437,19.83629888300749,-505.38167312978374,5.0,0.0,-2.0386511067471202,5.95672717140839,-2.44430848243522,2.9961056441128284,8.829000000000008,0.5170404108176596,0.12383281552120984,0.14038722518833952,-12.785938539549795,2.0386511067471202,-5.95672717140839,-1.833410367723104,0.0,0.0,2.17903833193546,-20.57607607868129
119.69999999999747,0.0,453.0,506.2941819588051,506.3384654059857,6.170365191715178e-06,PILOT_ASC_HOLD_ACC,caténaire,,12.78670922912306,6.2959270111427,12.78670922912306,0.011093669806776858,-0.9999384633517296,0.3170799963940914,-0.9483987958062383,19.854626099954647,-505.39682594154516,5.0,0.0,-1.99631251399059,5.971049595851706,-2.4909371097049573,2.979848786109499,8.829000000000008,0.512750376304453,0.12189838196119673,0.14185153010315749,-12.785922377894693,1.99631251399059,-5.971049595851706,-1.8334103699575384,0.0,-2.220446049250313e-16,2.1381640440937475,-20.590382343703936
119.79999999999747,0.0,453.0,506.29418251413796,506.3383640442472,5.55332867254366e-06,PILOT_ASC_HOLD_ACC,caténaire,,12.78670922912306,6.2959270111427,12.78670922912306,0.011212534286807513,-0.9999371375615905,0.3103481555656244,-0.9506229653953322,19.873124233693904,-505.4119381205126,5.0,0.0,-1.9539293354839313,5.9850528052450445,-2.5376139388119334,2.9638890759086913,8.829000000000008,0.5084567257041357,0.1199418811537285,0.1433714156469804,-12.785905425401685,1.9539293354839313,-5.9850528052450445,-1.8334103719685295,0.0,-4.440892098500626e-16,2.097300751130912,-20.60436860261526
119.89999999999746,0.0,453.0,506.2941830139375,506.33824734212743,4.997995805289294e-06,PILOT_ASC_HOLD_ACC,caténaire,,12.78670922912306,6.2959270111427,12.78670922912306,0.011336015122821962,-0.9999357453162354,0.3036110200320035,-0.952796068692103,19.891791853008396,-505.427010318853,5.0,0.0,-1.9115128219000783,5.998734504989186,-2.5843277606180806,2.948227350964535,8.829000000000008,0.5041594174818407,0.11796185595371256,0.14495032919246617,-12.785887623165154,1.9115128219000783,-5.998734504989186,-1.8334103737784213,0.0,0.0,2.0564631510925446,-20.61803250193276
119.99999999999746,0.0,453.0,506.2941834637571,506.33811795368297,4.498196224760365e-06,PILOT_ASC_HOLD_ACC,caténaire,,12.78670922912306,6.2959270111427,12.78670922912306,0.011464401866926856,-0.9999342815854618,0.29687063098120814,-0.9549177076904687,19.910627525462047,-505.44204319657473,5.0,0.0,-1.869075824409565,6.012092189266891,-2.6310674410899195,2.9328646406857213,8.829000000000008,0.49985673450051493,0.11595682995260503,0.14659197315820927,-12.785868906865362,1.869075824409565,-6.012092189266891,-1.8334103754073239,0.0,0.0,2.015667797567774,-20.63137147153958
120.09999999999745,0.0,453.0,506.29418386859476,506.3379738103943,4.048376602284328e-06,PILOT_ASC_HOLD_ACC,caténaire,,12.78670922912306,6.2959270111427,12.78670922912306,0.011598048119380215,-0.999932740377982,0.29012717017959,-0.9569881008265375,19.929629816827198,-505.4570374220198,5.0,0.0,-1.8266194874000756,6.025127233335951,-2.6778217639674278,2.917802167550705,8.829000000000008,0.4955587486324964,0.11392940088664716,0.14830086892789235,-12.785849199893455,1.8266194874000756,-6.025127233335951,-1.8334103768733363,0.0,-4.440892098500626e-16,1.974920356327968,-20.64438681010274
120.19999999999744,0.0,453.0,506.2941842329486,506.3378187586571,3.6435389420558957e-06,PILOT_ASC_HOLD_ACC,caténaire,,12.78670922912306,6.2959270111427,12.78670922912306,0.011737295750837139,-0.9999311155716964,0.2833831706204002,-0.9590067667170701,19.948797294441896,-505.47199367099796,5.0,0.0,-1.784159758412238,6.037836606442627,-2.7245805411835504,2.9030408190118884,8.829000000000008,0.4912597004042114,0.11187742545450874,0.15008138790217612,-12.785828423967928,1.784159758412238,-6.037836606442627,-1.8334103781927475,0.0,-4.440892098500626e-16,1.934241146314414,-20.657075408603305
120.29999999999744,0.0,453.0,506.2941845608671,506.3376468523126,3.2791850478503063e-06,PILOT_ASC_HOLD_ACC,caténaire,,12.78670922912306,6.2959270111427,12.78670922912306,0.011882604251153712,-0.9999293993658805,0.27663728413316696,-0.960974408102227,19.968128525290062,-505.48691262750094,5.0,0.0,-1.7416881494631637,6.0502247329876795,-2.7713331409557873,2.8885817650033867,8.829000000000008,0.4869787095810487,0.1098064979910589,0.15193940544424409,-12.785806479343183,1.7416881494631637,-6.0502247329876795,-1.8334103793802174,0.0,-4.440892098500626e-16,1.8936275549074078,-20.66944159171108
120.39999999999743,0.0,453.0,506.29418485599376,506.33746069956123,2.9512665430652756e-06,PILOT_ASC_HOLD_ACC,caténaire,,12.78670922912306,6.2959270111427,12.78670922912306,0.012034408772927253,-0.9999275838806959,0.2698915722280679,-0.9628907203002122,19.987622082374756,-505.5017949818379,5.0,0.0,-1.6992176396704637,6.062289694716756,-2.8180708621105137,2.8744254595938177,8.829000000000008,0.4827114982190226,0.107715154310565,0.15388048572382843,-12.785783265262017,1.6992176396704637,-6.062289694716756,-1.8334103804489403,0.0,-4.440892098500626e-16,1.8530981253942922,-20.68148334042771
120.49999999999743,0.0,453.0,506.29418512160777,506.33726219448897,2.656139888758748e-06,PILOT_ASC_HOLD_ACC,caténaire,,12.78670922912306,6.2959270111427,12.78670922912306,0.012193197793915827,-0.9999256602005764,0.26314779735362015,-0.964755532115747,20.00727654329219,-505.51664143112345,5.0,0.0,-1.6567593252813626,6.074030413796881,-2.8647847366099235,2.860572557800704,8.829000000000008,0.4784559381087137,0.10560297159757681,0.15591087476398643,-12.785758667723679,1.6567593252813626,-6.074030413796881,-1.8334103814107912,0.0,0.0,1.812670200045349,-20.69319946293135
120.59999999999742,0.0,453.0,506.2941853606604,506.33705291475275,2.3905258998828733e-06,PILOT_ASC_HOLD_ACC,caténaire,,12.78670922912306,6.2959270111427,12.78670922912306,0.012359517365175637,-0.999923618248164,0.2564075892210092,-0.9665687498516958,20.027090489522323,-505.53145267941846,5.0,0.0,-1.6143234668385336,6.085446300317724,-2.911465722002283,2.8470237810639216,8.829000000000008,0.4742108111591836,0.10347008138163716,0.15803755476079803,-12.785732557871922,1.6143234668385336,-6.085446300317724,-1.833410382276457,0.0,0.0,1.7723610215993315,-20.704589240466102
120.69999999999742,0.0,453.0,506.2941855758077,506.33682949734947,2.151473309894586e-06,PILOT_ASC_HOLD_ACC,caténaire,,12.78670922912306,6.2959270111427,12.78670922912306,0.01253402906849434,-0.9999214459722874,0.24967060042698375,-0.9683308273944548,20.047062506022844,-505.54622943768635,5.0,0.0,-1.5719078771164632,6.096540211914907,-2.95810478200832,2.833779846930061,8.829000000000008,0.46998734087521665,0.10132005884496031,0.1602689851682133,-12.785704781611923,1.5719078771164632,-6.096540211914907,-1.8334103830555564,0.0,2.220446049250313e-16,1.7321768622846765,-20.715655376582387
120.79999999999741,0.0,453.0,506.29418576944033,506.33659100506145,1.936325978905127e-06,PILOT_ASC_HOLD_ACC,caténaire,,12.78670922912306,6.2959270111427,12.78670922912306,0.01271745113467221,-0.999919129948336,0.24293743571724583,-0.9700419590549313,20.067191184970323,-505.5609724226013,5.0,0.0,-1.5295163635499514,6.107313371955723,-3.004694119122218,2.8208410313435657,8.829000000000008,0.46578951732783036,0.0991544032992806,0.16261434979463468,-12.785675167287089,1.5295163635499514,-6.107313371955723,-1.8334103837567455,0.0,2.220446049250313e-16,1.692130713344586,-20.726398922999557
120.8999999999974,0.0,453.0,506.2941859437097,506.33634128395465,1.7426933810146144e-06,PILOT_ASC_HOLD_ACC,caténaire,,12.78670922912306,6.2959270111427,12.78670922912306,0.012910537089547616,-0.9999166555428805,0.23621056347378297,-0.9717018934340912,20.087475127090244,-505.5756823560485,5.0,0.0,-1.4871644668918274,6.1177641976502,-3.0512264915669327,2.8082074391469436,8.829000000000008,0.46160904154123994,0.09697163679713583,0.16508328375585407,-12.785643527784014,1.4871644668918274,-6.1177641976502,-1.8334103843878156,0.0,0.0,1.6522477506476814,-20.73681810982203
120.9999999999974,0.0,453.0,506.2941861005521,506.3360783208993,1.568424042913153e-06,PILOT_ASC_HOLD_ACC,caténaire,,12.78670922912306,6.2959270111427,12.78670922912306,0.013114209953721003,-0.9999140050510793,0.2294900893577598,-0.973310998030212,20.107912938890678,-505.59035996561676,5.0,0.0,-1.4448528523770718,6.127895002740671,-3.097693985225166,2.795879385397061,8.829000000000008,0.457453162397762,0.09477438813772565,0.16768758944790185,-12.785609636716037,1.4448528523770718,-6.127895002740671,-1.8334103849557792,0.0,-4.440892098500626e-16,1.6125404418249736,-20.746915024412488
121.0999999999974,0.0,453.0,506.2941862417103,506.33580187707497,1.4115816386218376e-06,PILOT_ASC_HOLD_ACC,caténaire,,12.78670922912306,6.2959270111427,12.78670922912306,0.01332949759869402,-0.9999111583004594,0.22277676858015916,-0.9748694842803227,20.12850323507858,-505.60500598372226,5.0,0.0,-1.4025862747589104,6.137707118419238,-3.144089563334737,2.783856873890362,8.829000000000008,0.4533241619063526,0.09256399230959289,0.1704404099647945,-12.785573236143614,1.4025862747589104,-6.137707118419238,-1.8334103854669457,0.0,-4.440892098500626e-16,1.5730266847237049,-20.756690740029796
121.19999999999739,0.0,453.0,506.29418636875266,506.33551256021707,1.2704234747596538e-06,PILOT_ASC_HOLD_ACC,caténaire,,12.78670922912306,6.2959270111427,12.78670922912306,0.01355756304494719,-0.9999080920186028,0.21607162217973463,-0.9763775161732361,20.14924463932045,-505.6196211471637,5.0,0.0,-1.3603711624228114,6.147201577147495,-3.1904065830420345,2.7721397653993742,8.829000000000008,0.4492222545351545,0.09034134254686066,0.17335661651124398,-12.785534028489097,1.3603711624228114,-6.147201577147495,-1.8334103859269961,0.0,2.220446049250313e-16,1.5337277789340553,-20.76614599156359
121.29999999999738,0.0,453.0,506.29418648309075,506.3352089270517,1.1433811272836885e-06,PILOT_ASC_HOLD_ACC,caténaire,,12.78670922912306,6.2959270111427,12.78670922912306,0.013799773766391413,-0.9999047785884397,0.20937477632214574,-0.9778354682869973,20.170135784313832,-505.63420619682427,5.0,0.0,-1.3182083096985584,6.156380737241477,-3.236638588621743,2.760727836002331,8.829000000000008,0.4451531016796988,0.08810857324380095,0.1764536945785274,-12.785491660621052,1.3182083096985584,-6.156380737241477,-1.8334103863410416,0.0,0.0,1.4946620042770857,-20.77528278420357
121.39999999999738,0.0,453.0,506.2941865859951,506.33489159126964,1.0290430145553197e-06,PILOT_ASC_HOLD_ACC,caténaire,,12.78670922912306,6.2959270111427,12.78670922912306,0.014057679321422142,-0.9999011859439393,0.2026870506144153,-0.979243564958805,20.19117531367444,-505.6487618769604,5.0,0.0,-1.276102876772145,6.165246011111812,-3.2827798770290526,2.749620622800731,8.829000000000008,0.441117246198802,0.08586663391253424,0.1797514579192809,-12.785445722520462,1.276102876772145,-6.165246011111812,-1.8334103867136826,0.0,0.0,1.4558543346914259,-20.78410212034596
121.49999999999737,0.0,453.0,506.2941866786089,506.19961247952875,9.261387130997877e-07,PILOT_ASC_HOLD_ACC,caténaire,,12.78670922912306,6.2959270111427,12.78670922912306,0.02180131221345521,-0.9997623231477427,0.1594019270078521,-0.9872137689812593,20.212361882117115,-505.66328893488526,5.0,0.0,-1.0035828978769332,6.2154258339011,-3.3288249805022976,2.738817576313346,8.829000000000008,0.6675921216207694,0.12524341021443774,0.27876704008678105,-12.783670124322754,1.0035828978769332,-6.2154258339011,-1.833410387049059,0.0,2.220446049250313e-16,1.2823499379637142,-20.832506345272915
121.59999999999737,0.0,453.0,506.2941867619614,506.1407614170333,8.335248417898089e-07,PILOT_ASC_HOLD_ACC,caténaire,,12.78670922912306,6.2959270111427,12.78670922912306,0.027233535062788496,-0.9996290985000307,0.12907824327026082,-0.9916344120260567,20.233770981266996,-505.67777424500673,5.0,0.0,-0.8126671983560836,6.24325787985346,-3.399120087852895,2.7230985884932757,8.829000000000008,0.7882127137910215,0.1373564683467272,0.3482272941290041,-12.781966619490307,0.8126671983560836,-6.24325787985346,-1.8334103873508978,0.0,0.0,1.1608944924850877,-20.858634886694666
121.69999999999736,0.0,453.0,506.2941868369786,506.11944876759213,7.501723576108281e-07,PILOT_ASC_HOLD_ACC,caténaire,,12.78670922912306,6.2959270111427,12.78670922912306,0.03104721351225985,-0.9995179190655483,0.10793850204520973,-0.9941575729109728,20.255442817988143,-505.6922137696387,5.0,0.0,-0.6795729305687175,6.259143516622262,-3.4830616469339066,2.705911333599377,8.829000000000008,0.8373654224973759,0.13605485022163144,0.3969916915557672,-12.780545000389322,0.6795729305687175,-6.259143516622262,-1.8334103876225527,0.0,0.0,1.0765646221244847,-20.873098904634137
121.79999999999735,0.0,453.0,506.2941869044941,506.11659211143694,6.751551218497453e-07,PILOT_ASC_HOLD_ACC,caténaire,,12.78670922912306,6.2959270111427,12.78670922912306,0.03372811483009056,-0.9994310452802675,0.09325924353807234,-0.9956418600554652,20.27739377651679,-505.706607942654,5.0,0.0,-0.587153390430085,6.268488480147563,-3.5733594077002784,2.688940589543678,8.829000000000008,0.8394872018696367,0.1284290696912329,0.43127159717884134,-12.779434170557304,0.587153390430085,-6.268488480147563,-1.8334103878670422,0.0,-4.440892098500626e-16,1.0184249876089262,-20.88133303857191
121.89999999999735,0.0,453.0,506.29418696525806,506.12282085022264,6.076396096647707e-07,PILOT_ASC_HOLD_ACC,caténaire,,12.78670922912306,6.2959270111427,12.78670922912306,0.035616439043733024,-0.9993655333609639,0.08310595223010907,-0.9965407170326392,20.299624564112722,-505.72095930597936,5.0,0.0,-0.5232290094322786,6.274147618069308,-3.6650459134774556,2.6729700250155926,8.829000000000008,0.8117250770902658,0.11811764308489359,0.45541704982899994,-12.778596488694127,0.5232290094322786,-6.274147618069308,-1.833410388087083,0.0,-2.220446049250313e-16,0.9786460592612785,-20.886154494850516
121.99999999999734,0.0,453.0,506.29418701994564,506.13352888457774,5.468756486982937e-07,PILOT_ASC_HOLD_ACC,caténaire,,12.78670922912306,6.2959270111427,12.78670922912306,0.036950319826349866,-0.9993171037587271,0.07611482664366204,-0.9970990588527328,20.322125926734355,-505.73527129675705,5.0,0.0,-0.47921339301427585,6.277662897415885,-3.7548047478611526,2.6583237125068644,8.829000000000008,0.7659818591245715,0.10698660992274256,0.4724729955426366,-12.777977233452242,0.47921339301427585,-6.277662897415885,-1.8334103882851192,0.0,-6.661338147750939e-16,0.9516863885569125,-20.889050519153248
122.09999999999734,0.0,453.0,506.2941870691644,506.14644904887916,4.921880838284644e-07,PILOT_ASC_HOLD_ACC,caténaire,,12.78670922912306,6.2959270111427,12.78670922912306,0.03789640609054816,-0.9992816732060187,0.07132826296387888,-0.9974528955808167,20.344882616642362,-505.7495476253314,5.0,0.0,-0.4490775374521745,6.279890627629763,-3.8405011941816634,2.645092350046611,8.829000000000008,0.7104212683661624,0.09598297767636588,0.4845703255086075,-12.777524193276934,0.4490775374521745,-6.279890627629763,-1.8334103884633524,0.0,0.0,0.9336478629607821,-20.89082520937005
122.19999999999733,0.0,453.0,506.29418711346136,506.1604633935956,4.4296927544561796e-07,PILOT_ASC_HOLD_ACC,caténaire,,12.78670922912306,6.2959270111427,12.78670922912306,0.038571305693625865,-0.9992558503091632,0.06807543993070063,-0.9976801764484656,20.367876113639824,-505.76379195957986,5.0,0.0,-0.4285980010551204,6.2813215713835095,-3.920845905341991,2.6332499330895063,8.829000000000008,0.6505560936028889,0.08557150447300899,0.4932000704920127,-12.777194003403388,0.4285980010551204,-6.2813215713835095,-1.8334103886237618,0.0,-4.440892098500626e-16,0.9217980715471331,-20.891925963410657
122.29999999999733,0.0,453.0,506.2941871533286,506.17501932740726,3.986723479010562e-07,PILOT_ASC_HOLD_ACC,caténaire,,12.78670922912306,6.2959270111427,12.78670922912306,0.03905660421126524,-0.9992369997490509,0.06588716897022823,-0.9978270796912101,20.391086462668486,-505.7780077699935,5.0,0.0,-0.41482080680738304,6.282246463477529,-3.9951497598722763,2.6227144904718256,8.829000000000008,0.5900294333203409,0.07596095394934643,0.4994054415263919,-12.776952966772425,0.41482080680738304,-6.282246463477529,-1.8334103887681303,0.0,-2.220446049250313e-16,0.9142262483337749,-20.892609819018084
122.39999999999732,0.0,453.0,506.29418718920914,506.189842875047,3.5880511311095054e-07,PILOT_ASC_HOLD_ACC,caténaire,,12.78670922912306,6.2959270111427,12.78670922912306,0.039409378512532844,-0.9992231486936519,0.0644357067636746,-0.9979218605150735,20.414493488174923,-505.79219826008915,5.0,0.0,-0.40568250669548933,6.2828431966266285,-4.063143660125843,2.6133799788080645,8.829000000000008,0.5311738331786673,0.0672231754346857,0.5039162639402077,-12.776775857354522,0.40568250669548933,-6.2828431966266285,-1.8334103888980622,0.0,-6.661338147750939e-16,0.909598770635697,-20.893029442879214
122.49999999999731,0.0,453.0,506.2941872215016,506.20479770388596,3.229246017998555e-07,PILOT_ASC_HOLD_ACC,caténaire,,12.78670922912306,6.2959270111427,12.78670922912306,0.039669555058982515,-0.9992128534008269,0.06349240138279545,-0.9979823219710086,20.43807757162575,-505.8063663424597,5.0,0.0,-0.399743524868256,6.283223857540183,-4.124845886271528,2.605133094479154,8.829000000000008,0.4754105888602158,0.05935695201933022,0.5072430657878971,-12.77664421443874,0.399743524868256,-6.283223857540183,-1.833410389015001,0.0,4.440892098500626e-16,0.9069865906561532,-20.893278460993923
122.59999999999731,0.0,453.0,506.2941872505648,506.21981570947827,2.906321416198699e-07,PILOT_ASC_HOLD_ACC,caténaire,,12.78670922912306,6.2959270111427,12.78670922912306,0.03986505948247031,-0.9992050725614132,0.06289795761456834,-0.9980199631910757,20.461820125272865,-505.8205146391795,5.0,0.0,-0.3960009502912695,6.2834608439143365,-4.1804648589366,2.5978620663424152,8.829000000000008,0.4235341907721306,0.05232291025674485,0.5097429240040429,-12.7765447231076,0.3960009502912695,-6.2834608439143365,-1.8334103891202453,0.0,-2.220446049250313e-16,0.9057438742953123,-20.89341595614218
122.6999999999973,0.0,453.0,506.2941872767217,506.2348627607253,2.6156892745788293e-07,PILOT_ASC_HOLD_ACC,caténaire,,12.78670922912306,6.2959270111427,12.78670922912306,0.04001542033680395,-0.9991990623170484,0.06254158852406022,-0.9980423586726603,20.485703856983573,-505.8346454949293,5.0,0.0,-0.39375727650840303,6.2836018442317725,-4.230328461422417,2.591461111022955,8.829000000000008,0.37591426206918044,0.04606295525471893,0.5116655445278496,-12.77646787186051,0.39375727650840303,-6.2836018442317725,-1.833410389214966,0.0,2.220446049250313e-16,0.9054228210362527,-20.893480105307248
122.7999999999973,0.0,453.0,506.2941873002629,506.24992174254317,2.3541203471209465e-07,PILOT_ASC_HOLD_ACC,caténaire,,12.78670922912306,6.2959270111427,12.78670922912306,0.040134291029940004,-0.9991942947612962,0.06234640880228735,-0.9980545703063827,20.509712893448302,-505.8487609963606,5.0,0.0,-0.3925284392260659,6.283678727786375,-4.274833297850749,2.5858325061745497,8.829000000000008,0.33263826292318566,0.040511233960916826,0.5131855095168447,-12.776406910511373,0.3925284392260659,-6.283678727786375,-1.8334103893002143,0.0,6.661338147750939e-16,0.9057139487429107,-20.893496027597966
122.89999999999729,0.0,453.0,506.29418732144995,506.26498412443476,2.1187083124088519e-07,PILOT_ASC_HOLD_ACC,caténaire,,12.78670922912306,6.2959270111427,12.78670922912306,0.04023121466908119,-0.9991903969545795,0.06225920650723135,-0.9980600138293738,20.533832809334005,-505.8628629940473,5.0,0.0,-0.39197941994118923,6.283712999809811,-4.314408858744599,2.5808873443643745,8.829000000000008,0.2936117213142113,0.03560034417417768,0.5144248439079715,-12.776357070390254,0.39197941994118923,-6.283712999809811,-1.8334103893769371,0.0,-4.440892098500626e-16,0.9064042638491607,-20.893480459577003
122.99999999999729,0.0,453.0,506.2941873405183,506.28004574294215,1.9068374811679666e-07,PILOT_ASC_HOLD_ACC,straight,,12.78670922912306,6.2959270111427,12.78670922912306,0.04031285907099937,-0.999187106298676,0.06224328380941939,-0.9980610069633119,20.558037723154985,-505.87663636480505,5.0,0.0,-0.3918791717979446,6.283719252508598,-4.34487015844998,2.4620011200702083,8.829000000000008,0.26325066975207534,-0.08327962742120221,0.5154688071354849,-12.776314993730045,0.3918791717979446,-6.283719252508598,-1.8334103894459886,0.0,0.0,0.9073479789334296,-20.89344463568463
123.09999999999728,0.0,453.0,506.29418735767985,506.29478737936637,1.7161537330511699e-07,PILOT_ASC_HOLD_ACC,straight,,12.78670922912306,6.2959270111427,12.78670922912306,0.0403838809965509,-0.9991842383442888,0.06226842406977426,-0.9980594387930344,20.581729687096995,-505.87567302180156,5.0,0.0,-0.39203745304218,6.283709379422989,-4.162668696665703,-0.012043969996544675,8.829000000000008,0.4452938502921171,-2.5573345905735634,0.5163769438464048,-12.776278322031214,0.39203745304218,-6.283709379422989,-1.8334103895081346,0.0,4.440892098500626e-16,0.9084143968885847,-20.89339809096234
123.19999999999727,0.0,453.0,506.2941873731252,506.29478720938465,1.544538359746053e-07,PILOT_ASC_HOLD_ACC,straight,,12.78670922912306,6.2959270111427,12.78670922912306,0.04044752899413537,-0.999181663862117,0.062325058809983284,-0.9980559037670848,20.605496961592074,-505.8747054980898,5.0,0.0,-0.39239402123283107,6.283687123157628,-4.189174826631908,-0.01214873348018842,8.829000000000008,0.41843115213526083,-2.5574616103225685,0.5171907922845332,-12.776245402876267,0.39239402123283107,-6.283687123157628,-1.8334103895640657,0.0,-4.440892098500626e-16,0.9095848135173643,-20.89334291559796
123.29999999999727,0.0,453.0,506.29418738702606,506.29478839250663,1.3900845237714478e-07,PILOT_ASC_HOLD_ACC,straight,,12.78670922912306,6.2959270111427,12.78670922912306,0.04050607252635686,-0.9991792922636505,0.06239956248124398,-0.9980512484848408,20.629330271348472,-505.8737341614454,5.0,0.0,-0.39286309090915056,6.283657813840404,-4.212485665652297,-0.012244676510455662,8.829000000000008,0.3946512434385525,-2.5575868626700595,0.5179393714082953,-12.776215077936268,0.39286309090915056,-6.283657813840404,-1.8334103896144043,0.0,2.220446049250313e-16,0.9108024623174458,-20.893283281391074
123.39999999999726,0.0,453.0,506.29418739953684,506.29479030565847,1.251076071394303e-07,PILOT_ASC_HOLD_ACC,straight,,12.78670922912306,6.2959270111427,12.78670922912306,0.040561091671979424,-0.9991770603063188,0.062484044774752334,-0.9980459629438849,20.6532213964633,-505.8727593382609,5.0,0.0,-0.3933949852628131,6.283624536460331,-4.232947932216551,-0.012332736968009099,8.829000000000008,0.37365708252063534,-2.557708200507686,0.5186428852254058,-12.776186538546856,0.3933949852628131,-6.283624536460331,-1.8334103896597083,0.0,-4.440892098500626e-16,0.9120378704882188,-20.893221464666894
123.49999999999726,0.0,453.0,506.2941874107965,506.2942985628439,1.1259684642548726e-07,PILOT_ASC_HOLD_ACC,straight,,12.78670922912306,6.2959270111427,12.78670922912306,0.040724725868184986,-0.9991704042369156,0.05013063266833009,-0.9987426693940101,20.653221396922618,-505.8727593382609,5.0,0.0,-0.31561880430221206,6.288010949418512,-1.5645632875157578e-15,-0.0,8.829000000000008,4.684381195697786,-2.540989050581496,0.5207352281122276,-12.776101429322788,0.31561880430221206,-6.288010949418512,-1.8334103897004823,0.0,0.0,0.8363540324144396,-20.89752276844178
123.59999999999725,0.0,453.0,506.2941874209302,506.2942418405694,1.0133716178293854e-07,PILOT_ASC_HOLD_ACC,straight,,12.78670922912306,6.2959270111427,12.78670922912306,0.04072818234373694,-0.9991702633500336,0.04732793595497577,-0.9988794053729619,20.67716307111231,-505.8717813275916,5.0,0.0,-0.2979732303605637,6.288871829161789,-4.25087910644868,-0.012413520193679422,8.829000000000008,0.4511476631907563,-2.552541691031898,0.520779425060068,-12.776099627843193,0.2979732303605637,-6.288871829161789,-1.8334103897371785,0.0,4.440892098500626e-16,0.8187526554206317,-20.89838184674216
123.69999999999725,0.0,453.0,506.29418743005056,506.2943461304429,9.120344560464469e-08,PILOT_ASC_HOLD_ACC,straight,,12.78670922912306,6.2959270111427,12.78670922912306,0.040744699446223206,-0.9991695899430871,0.05199767688750126,-0.9986472057730413,20.701180894371575,-505.870799053507,5.0,0.0,-0.32737357843268966,6.287409917428673,-4.277962865784313,-0.012521983931007112,8.829000000000008,0.39466355578299694,-2.5541120665023422,0.5209906244468675,-12.776091017184376,0.32737357843268966,-6.287409917428673,-1.8334103897702057,0.0,-4.440892098500626e-16,0.8483642028795572,-20.896911324383254
123.79999999999724,0.0,453.0,506.29418743825886,506.29445229733784,8.208310104418022e-08,PILOT_ASC_HOLD_ACC,straight,,12.78670922912306,6.2959270111427,12.78670922912306,0.04077042073079832,-0.9991685407344617,0.055300432243352425,-0.998469760280049,20.725255709958947,-505.86981330133113,5.0,0.0,-0.34816748508878925,6.286292733556337,-4.298289465117884,-0.012610818017866088,8.829000000000008,0.35354304979332696,-2.555318084461537,0.521319515033729,-12.776077601258763,0.34816748508878925,-6.286292733556337,-1.83341038979993,0.0,-2.220446049250313e-16,0.8694870001225182,-20.89578072461503
123.89999999999723,0.0,453.0,506.29418744564634,506.29454333944034,7.38747909397622e-08,PILOT_ASC_HOLD_ACC,straight,,12.78670922912306,6.2959270111427,12.78670922912306,0.04080263091831845,-0.9991672258987199,0.05764126681049054,-0.9983373599943467,20.749373539937018,-505.86882463633543,5.0,0.0,-0.3629052086686506,6.285459151021301,-4.313662664664425,-0.01268545607203577,8.829000000000008,0.32343212666692445,-2.5562263050507426,0.5217313773357645,-12.776060788836446,0.3629052086686506,-6.285459151021301,-1.8334103898266816,0.0,2.220446049250313e-16,0.8846365860044151,-20.894930329684428
123.99999999999723,0.0,453.0,506.2941874522951,506.2942660793705,6.648731184578598e-08,PILOT_ASC_HOLD_ACC,straight,,12.78670922912306,6.2959270111427,12.78670922912306,0.0409301338744243,-0.9991620109576933,0.04883709855239173,-0.9988067569880491,20.7493735402095,-505.86882463633543,5.0,0.0,-0.3074748079218412,6.288414440232901,-5.50613545476267e-16,-0.0,8.829000000000008,4.6925251920781585,-2.5405855597671065,0.5233617205613436,-12.775994106901893,0.3074748079218412,-6.288414440232901,-1.8334103898507585,0.0,-4.440892098500626e-16,0.8308365284831847,-20.89781893698555
124.09999999999722,0.0,453.0,506.29418745827894,506.2942259526971,5.983858066120737e-08,PILOT_ASC_HOLD_ACC,straight,,12.78670922912306,6.2959270111427,12.78670922912306,0.0409286321600747,-0.9991620724734828,0.046479376995600175,-0.9989192497464953,20.773524119616408,-505.86783347994225,5.0,0.0,-0.29263076508768376,6.28912268642936,-4.325385601872497,-0.01274947034283097,8.829000000000008,0.38198363303981875,-2.552626783913478,0.5233425185766101,-12.775994893486406,0.29263076508768376,-6.28912268642936,-1.8334103898724272,0.0,-6.661338147750939e-16,0.8159732836642939,-20.89852796978819
124.19999999999722,0.0,453.0,506.2941874636644,506.2943276946224,5.3854722595086636e-08,PILOT_ASC_HOLD_ACC,straight,,12.78670922912306,6.2959270111427,12.78670922912306,0.040941828313698386,-0.999161531832732,0.05151877143015251,-0.9986720263381407,20.797726780936504,-505.8668390201493,5.0,0.0,-0.32435842462798403,6.287566185894914,-4.3440615318572116,-0.012834596730777073,8.829000000000008,0.33158004351480486,-2.5542684108358715,0.523511253955939,-12.77598798047033,0.32435842462798403,-6.287566185894914,-1.8334103898919294,0.0,2.220446049250313e-16,0.847869678583923,-20.896964556257174
124.29999999999721,0.0,453.0,506.2941874685113,506.2944372073567,4.846925033557797e-08,PILOT_ASC_HOLD_ACC,straight,,12.78670922912306,6.2959270111427,12.78670922912306,0.04096535814291469,-0.9991605673925602,0.05507366130551097,-0.9984822941997549,20.821964466001795,-505.8658419582969,5.0,0.0,-0.346739751815891,6.286371646199969,-4.356643238236989,-0.012901849475913194,8.829000000000008,0.2966170099471199,-2.5555302032759517,0.5238121230403388,-12.775975648454283,0.346739751815891,-6.286371646199969,-1.8334103899094814,0.0,0.0,0.8705518748562298,-20.895757684563733
124.3999999999972,0.0,453.0,506.29418747287355,506.29453291090664,4.362232530202018e-08,PILOT_ASC_HOLD_ACC,straight,,12.78670922912306,6.2959270111427,12.78670922912306,0.040996152179188866,-0.9991593043686782,0.05758494791677523,-0.9983406100992899,20.846225314958513,-505.8648427781231,5.0,0.0,-0.3625506290244707,6.285479613444801,-4.3649744822192496,-0.012956729314774498,8.829000000000008,0.27247488875628,-2.5564771158699813,0.5242058774281677,-12.775959498535155,0.3625506290244707,-6.285479613444801,-1.8334103899252778,0.0,2.220446049250313e-16,0.8867565064526384,-20.894849501905234
124.4999999999972,0.0,453.0,506.29418747679955,506.29460938146127,3.926009277181816e-08,PILOT_ASC_HOLD_ACC,straight,,12.78670922912306,6.2959270111427,12.78670922912306,0.041032051678447715,-0.9991578307429998,0.05936268184739008,-0.9982364810023151,20.870501111542122,-505.8638418153108,5.0,0.0,-0.3737431120968536,6.284824024250512,-4.370354847085683,-0.013003002785990876,8.829000000000008,0.25590204081746304,-2.557178978535487,0.5246649138866617,-12.775940655712091,0.3737431120968536,-6.284824024250512,-1.833410389939495,0.0,4.440892098500626e-16,0.8984080259835153,-20.894175069902097
124.5999999999972,0.0,453.0,506.29418748033294,506.2942756684632,3.5334083494636345e-08,PILOT_ASC_HOLD_ACC,straight,,12.78670922912306,6.2959270111427,12.78670922912306,0.04116643833794525,-0.9991523028820823,0.04953982681832785,-0.9987721489703295,20.870501111687776,-505.8638418153108,5.0,0.0,-0.31189913379284184,6.288196550679338,-1.5733142622638998e-16,-0.0,8.829000000000008,4.688100866207158,-2.54080344932067,0.5263832770259299,-12.775869972561882,0.31189913379284184,-6.288196550679338,-1.8334103899522902,0.0,4.440892098500626e-16,0.8382824108187718,-20.89747691319351
124.69999999999719,0.0,453.0,506.294187483513,506.29423066541347,3.180067514517271e-08,PILOT_ASC_HOLD_ACC,straight,,12.78670922912306,6.2959270111427,12.78670922912306,0.041165569011943265,-0.9991523386991209,0.04704306886161787,-0.9988928619587193,20.89478618857213,-505.8628393050081,5.0,0.0,-0.296179727932906,6.288956550843537,-4.373696938013409,-0.01304323919997959,8.829000000000008,0.33012333405368466,-2.5530866883564505,0.5263721612071172,-12.77587043054394,0.296179727932906,-6.288956550843537,-1.833410389963806,0.0,4.440892098500626e-16,0.8225518891400232,-20.898237371351282
124.79999999999718,0.0,453.0,506.29418748637505,506.294334873314,2.8620607630655442e-08,PILOT_ASC_HOLD_ACC,straight,,12.78670922912306,6.2959270111427,12.78670922912306,0.04117930637296911,-0.9991517726184752,0.05202227101632357,-0.9986459248994631,20.919105174611108,-505.8618342207507,5.0,0.0,-0.3275284212726576,6.287401853142114,-4.385919415845445,-0.01311030246140279,8.829000000000008,0.28655216288189767,-2.554708449319296,0.5265478168481302,-12.775863192235322,0.3275284212726576,-6.287401853142114,-1.8334103899741703,0.0,-4.440892098500626e-16,0.8540762381207878,-20.896675435351604
124.89999999999718,0.0,453.0,506.2941874889509,506.29423478153234,2.5758546867589898e-08,PILOT_ASC_HOLD_ACC,straight,,12.78670922912306,6.2959270111427,12.78670922912306,0.04127781812870745,-0.9991477076641537,0.04740952382871151,-0.998875536315879,20.919105174717536,-505.8618342207507,5.0,0.0,-0.29848690165859826,6.2888474698607935,-8.400144873972729e-17,-0.0,8.829000000000008,4.701513098341402,-2.5401525301392143,0.5278074580244067,-12.775811214846383,0.29848690165859826,-6.2888474698607935,-1.833410389983498,0.0,2.220446049250313e-16,0.8262943596830049,-20.898069074690675
124.99999999999717,0.0,453.0,506.29418749126916,506.2942106433519,2.3182692180830908e-08,PILOT_ASC_HOLD_ACC,straight,,12.78670922912306,6.2959270111427,12.78670922912306,0.04127222927433909,-0.9991479385409981,0.045580573794581414,-0.9989606655382167,20.943443343423848,-505.86082717321096,5.0,0.0,-0.2869719657366882,6.289383437231147,-4.392841317524986,-0.013161570530893188,8.829000000000008,0.3201867167383261,-2.5527781332997534,0.5277359949686745,-12.775814167001462,0.2869719657366882,-6.289383437231147,-1.8334103899918928,0.0,-4.440892098500626e-16,0.8147079607053627,-20.898607994224502
125.09999999999717,0.0,453.0,506.2941874933556,506.2943068543537,2.0864422962747815e-08,PILOT_ASC_HOLD_ACC,straight,,12.78670922912306,6.2959270111427,12.78670922912306,0.041282699574115414,-0.9991475059849138,0.05104242807390172,-0.9986964856933865,20.967811755416065,-505.8598176963126,5.0,0.0,-0.32135940162478627,6.287720180210282,-4.403765434414871,-0.01322514794957212,8.829000000000008,0.27487516396034284,-2.554504967739298,0.5278698756474562,-12.775808636032584,0.32135940162478627,-6.287720180210282,-1.8334103899994483,0.0,-2.220446049250313e-16,0.8492292772722425,-20.896939206242312
125.19999999999716,0.0,453.0,506.2941874952334,506.2942299938346,1.8777980666473033e-08,PILOT_ASC_HOLD_ACC,straight,,12.78670922912306,6.2959270111427,12.78670922912306,0.04137618082493716,-0.9991436391532211,0.047188724349841935,-0.9988859916398041,20.967811755493834,-505.8598176963126,5.0,0.0,-0.29709676425553705,6.288913295817103,-4.4851984203983286e-17,-0.0,8.829000000000008,4.702903235744463,-2.5400867041829045,0.5290651932200886,-12.775759191980093,0.29709676425553705,-6.288913295817103,-1.833410390006248,0.0,-4.440892098500626e-16,0.8261619574756256,-20.898082877803443
125.29999999999715,0.0,453.0,506.2941874969234,506.29420830191674,1.690018259982573e-08,PILOT_ASC_HOLD_ACC,straight,,12.78670922912306,6.2959270111427,12.78670922912306,0.04136985036969576,-0.9991439012876919,0.045454860678186444,-0.9989663936493193,20.992195115097662,-505.8588064246975,5.0,0.0,-0.2861804851315222,6.289419501000561,-4.409169640824543,-0.013272214887030686,8.829000000000008,0.3046498740439345,-2.5528527138864776,0.5289842475296288,-12.77576254381735,0.2861804851315222,-6.289419501000561,-1.8334103900123682,0.0,-4.440892098500626e-16,0.8151647326611511,-20.898592434830277
125.39999999999715,0.0,453.0,506.29418749844444,506.29420876934597,1.521016433984316e-08,PILOT_ASC_HOLD_ACC,straight,,12.78670922912306,6.2959270111427,12.78670922912306,0.041436040328369186,-0.9991411584765717,0.04554786531830107,-0.9989621574238665,20.992195115160726,-505.8588064246975,5.0,0.0,-0.2867660355573815,6.289392830034307,-2.949414325992417e-17,-0.0,8.829000000000008,4.713233964442619,-2.5396071699657004,0.5298305992850736,-12.775727472289086,0.2867660355573815,-6.289392830034307,-1.8334103900178762,0.0,4.440892098500626e-16,0.8165966348424551,-20.898530692341268
125.49999999999714,0.0,453.0,506.29418749981335,506.29419790890023,1.3689147905858843e-08,PILOT_ASC_HOLD_ACC,straight,Fx:(e3>15:0) | Fy:(e3>15:50),12.78670922912306,6.2959270111427,12.78670922912306,0.04142614757163077,-0.9991415686965354,0.04432065417954114,-0.9990173570129288,21.016603208285996,-505.85779294746624,0.0,50.0,-0.27903960380048765,6.2897403626180886,-4.4181191542485365,-0.013330172283353148,8.829000000000008,-4.697158758049024,47.44741019033473,0.529704103481185,-12.775732717652481,0.27903960380048765,-6.2897403626180886,-1.8334103900228333,0.0,4.440892098500626e-16,0.8087437072816727,-20.898883470293406
125.59999999999714,0.0,453.0,506.29418750104537,506.2942842739273,1.2320233115272959e-08,PILOT_ASC_HOLD_ACC,caténaire,,12.78670922912306,6.2959270111427,12.78670922912306,0.04144027546450498,-0.9991409828294634,0.05022350596731259,-0.9987380034064747,21.039993198720364,-505.85512704433444,0.0,50.0,-0.31620352781388994,6.287981572701554,-4.05723169508725,-0.09223515873659865,8.829000000000008,-4.37343522290114,47.36674641396495,0.5298847527393877,-12.775725226340585,0.31620352781388994,-6.287981572701554,-1.8334103900272947,0.0,-4.440892098500626e-16,0.8460882805532777,-20.897117189069434
125.69999999999713,0.0,453.0,506.2941875021542,506.29269618902526,1.1088209803745663e-08,PILOT_ASC_HOLD_ACC,caténaire,,12.78670922912306,6.2959270111427,12.78670922912306,0.04147338634004466,-0.999139608976388,0.054106946200865744,-0.9985351462882098,21.061925377413765,-505.8366722257313,0.0,50.0,-0.34065338407647555,6.286704399091268,-3.567247747966862,-4.420051518509512,8.829000000000008,-3.9079011320433374,43.037652880581746,0.5303081318772354,-12.775707659280785,0.34065338407647555,-6.286704399091268,-1.83341039003131,0.0,4.440892098500626e-16,0.870961515953711,-20.895822448403365
125.79999999999713,0.0,453.0,506.29418750315216,506.27525595626884,9.979388823371096e-09,PILOT_ASC_HOLD_ACC,caténaire,,12.78670922912306,6.2959270111427,12.78670922912306,0.04152847531794363,-0.9991373207611489,0.05661777771595335,-0.9983959270983166,21.082554922396483,-505.8038715228347,0.0,50.0,-0.35646139603274396,6.285827885233149,-3.156087383854977,-13.96284994223291,8.829000000000008,-3.512548779887721,33.49397794300023,0.531012538619359,-12.77567840053787,0.35646139603274396,-6.285827885233149,-1.8334103900349237,0.0,4.440892098500626e-16,0.887473934652103,-20.894916675805945
125.89999999999712,0.0,453.0,506.2941875040503,506.24340407258416,8.981449941033986e-09,PILOT_ASC_HOLD_ACC,caténaire,,12.78670922912306,6.2959270111427,12.78670922912306,0.04160125007894665,-0.9991342932718649,0.058194392998746375,-0.9983052702573034,21.102013617785907,-505.75990616062376,0.0,50.0,-0.36638765077786095,6.28525711637907,-2.80800036753268,-25.085864998776785,8.829000000000008,-3.174388018310541,22.37039211760228,0.5319430883275236,-12.775639688912701,0.36638765077786095,-6.28525711637907,-1.833410390038176,0.0,0.0,0.8983307391053845,-20.894307195329944
125.99999999999712,0.0,453.0,506.2941875048586,506.20032580430865,8.083304946930587e-09,PILOT_ASC_HOLD_ACC,caténaire,,12.78670922912306,6.2959270111427,12.78670922912306,0.04168249591145247,-0.9991309071060667,0.05911693836885369,-0.9982510644110996,21.120414183835894,-505.7084840010403,0.0,50.0,-0.37219592909252425,6.284915840327793,-2.510915442399179,-34.316927204044944,8.829000000000008,-2.883111371491703,13.13898863628284,0.5329819551638535,-12.775596390995238,0.37219592909252425,-6.284915840327793,-1.8334103900411032,0.0,-4.440892098500626e-16,0.9051778842563778,-20.893922621364133
126.09999999999711,0.0,453.0,506.2941875055861,506.1497343508208,7.274974452237528e-09,PILOT_ASC_HOLD_ACC,caténaire,,12.78670922912306,6.2959270111427,12.78670922912306,0.041727634507977174,-0.9991290229586811,0.05956991258010519,-0.998224135910968,21.137853712762052,-505.65268217857806,0.0,50.0,-0.3750478216644936,6.284746300456446,-2.2554812465374257,-40.41145951680153,8.829000000000008,-2.6305290682019193,7.044286783654911,0.5335591292726256,-12.775572298950474,0.3750478216644936,-6.284746300456446,-1.8334103900437377,0.0,-2.220446049250313e-16,0.9086069509371192,-20.893728989450658
126.1999999999971,0.0,453.0,506.2941875062408,506.0947126681204,6.547477007013775e-09,PILOT_ASC_HOLD_ACC,caténaire,,12.78670922912306,6.2959270111427,12.78670922912306,0.04176663039685472,-0.9991273935716569,0.05968519328036684,-0.9982172497523198,21.154416398665475,-505.59453226052125,0.0,50.0,-0.3757736205391343,6.284702945704209,-2.0343761371119937,-43.88397752484757,8.829000000000008,-2.410149757651128,3.5717254208566303,0.534057758364834,-12.775551464452374,0.3757736205391343,-6.284702945704209,-1.8334103900461085,0.0,0.0,0.9098313789039684,-20.89366480020269
126.2999999999971,0.0,453.0,506.2941875068301,506.0372983304897,5.892729306312397e-09,PILOT_ASC_HOLD_ACC,caténaire,,12.78670922912306,6.2959270111427,12.78670922912306,0.04180409878146001,-0.9991258265729446,0.059563455839471466,-0.9982245212017482,21.170175701316346,-505.53519176732414,0.0,50.0,-0.37500717049673377,6.2847487262190755,-1.8418052782297476,-45.69935525647667,8.829000000000008,-2.2168124487264813,1.7563934697423988,0.5345368557040668,-12.775531427695476,0.37500717049673377,-6.2847487262190755,-1.8334103900482426,0.0,-2.220446049250313e-16,0.9095440262008005,-20.893690543962794
126.39999999999709,0.0,453.0,506.29418750736045,505.9786545602241,5.3034563756811575e-09,PILOT_ASC_HOLD_ACC,caténaire,,12.78670922912306,6.2959270111427,12.78670922912306,0.041840088974591995,-0.9991243200696288,0.059282240313121216,-0.9982412614110164,21.18519606648431,-505.4752658096371,0.0,50.0,-0.37323665806843254,6.28485412135478,-1.6731339182809817,-46.605560612299044,8.829000000000008,-2.046370576349414,0.8502935090557315,0.5349970518387455,-12.775512164475625,0.37323665806843254,-6.28485412135478,-1.8334103900501628,0.0,-6.661338147750939e-16,0.908233709907178,-20.893776675880567
126.49999999999709,0.0,453.0,506.29418750783776,505.91939146264104,4.773110738113042e-09,PILOT_ASC_HOLD_ACC,caténaire,,12.78670922912306,6.2959270111427,12.78670922912306,0.041874677849444285,-0.9991228709998612,0.05889970912293767,-0.9982639051199003,21.19953430812682,-505.4150564207804,0.0,50.0,-0.3708282696155514,6.284996684493174,-1.524619645927775,-47.04746283335817,8.829000000000008,-1.8954479155433264,0.4085338511349974,0.5354393297240442,-12.775493635641853,0.3708282696155514,-6.284996684493174,-1.8334103900518914,0.0,-4.440892098500626e-16,0.9062675993395956,-20.89390071018692
126.59999999999708,0.0,453.0,506.2941875082673,505.859815204726,4.295799664301738e-09,PILOT_ASC_HOLD_ACC,caténaire,,12.78670922912306,6.2959270111427,12.78670922912306,0.04190795216054979,-0.9991214758705315,0.058457989023197134,-0.9982898694864952,21.213240733797488,-505.3547108539733,0.0,50.0,-0.3680472321082303,6.285160154250146,-1.3932150321994108,-47.260521708964426,8.829000000000008,-1.761262264307641,0.1956384452857094,0.5358647986649496,-12.775475796528777,0.3680472321082303,-6.285160154250146,-1.833410390053447,0.0,0.0,0.9039120307731799,-20.89404634083237
126.69999999999708,0.0,453.0,506.294187508654,505.800076364944,3.866219697871564e-09,PILOT_ASC_HOLD_ACC,caténaire,,12.78670922912306,6.2959270111427,12.78670922912306,0.041939998597750744,-0.999120131174235,0.05798658915477549,-0.9983173621039529,21.226360072046717,-505.2943000743511,0.0,50.0,-0.36507933294358536,6.285333245763005,-1.2764199397005966,-47.36272165883501,8.829000000000008,-1.641499272644182,0.09361158692799165,0.5362745671392677,-12.775458602288234,0.36507933294358536,-6.285333245763005,-1.833410390054847,0.0,4.440892098500626e-16,0.901353900082853,-20.894202238106086
126.79999999999707,0.0,453.0,506.2941875090019,505.74024856279266,3.479597728084407e-09,PILOT_ASC_HOLD_ACC,caténaire,,12.78670922912306,6.2959270111427,12.78670922912306,0.04197089916373247,-0.9991188335845681,0.05750553726317623,-0.9983451873896491,21.23893224387173,-505.2338580908666,0.0,50.0,-0.3620506653455043,6.285508431730812,-1.1721692846131773,-47.41166264396088,8.829000000000008,-1.5342199499586815,0.04484578776992265,0.5366696836914913,-12.775442010386463,0.3620506653455043,-6.285508431730812,-1.8334103900561074,0.0,4.440892098500626e-16,0.8987203490369955,-20.894360832173383
126.89999999999706,0.0,453.0,506.29418750931507,505.6803679352052,3.1316379552759663e-09,PILOT_ASC_HOLD_ACC,caténaire,,12.78670922912306,6.2959270111427,12.78670922912306,0.04200072945646308,-0.9991175800300608,0.05702798117331594,-0.9983725804344268,21.25099300904676,-505.17340115878613,0.0,50.0,-0.3590440070600172,6.285680896341345,-1.0787466117990745,-47.435117381551564,8.829000000000008,-1.4377906188590917,0.021563514789775695,0.5370511149708572,-12.775425981549477,0.3590440070600172,-6.285680896341345,-1.833410390057241,0.0,0.0,0.8960951220308744,-20.894517267948064
126.99999999999706,0.0,453.0,506.2941875095969,505.6204524633639,2.8184741597483696e-09,PILOT_ASC_HOLD_ACC,caténaire,,12.78670922912306,6.2959270111427,12.78670922912306,0.04202955835898365,-0.9991163677090616,0.05656220681979187,-0.9983990769024554,21.262574510682168,-505.1129370388674,0.0,50.0,-0.35611152572656746,6.285847716170107,-0.9947168318513655,-47.44639735254885,8.829000000000008,-1.350828357577933,0.010450363621245629,0.5374197417647825,-12.775410479953367,0.35611152572656746,-6.285847716170107,-1.833410390058262,0.0,-4.440892098500626e-16,0.8935312674913499,-20.894668586181737
127.09999999999705,0.0,453.0,506.29418750985053,505.5605113341268,2.5366267437735327e-09,PILOT_ASC_HOLD_ACC,caténaire,,12.78670922912306,6.2959270111427,12.78670922912306,0.04205744834687227,-0.9991151940785158,0.05611313752735325,-0.9984244166669985,21.273705736198384,-505.0524694354942,0.0,50.0,-0.3532842182384284,6.28600725347815,-0.918873409951165,-47.45186446688145,8.829000000000008,-1.2721576281895934,0.005142786596692872,0.537776362930318,-12.775395473080835,0.3532842182384284,-6.28600725347815,-1.8334103900591803,0.0,-4.440892098500626e-16,0.8910605811687464,-20.894813116618167
127.19999999999705,0.0,453.0,506.2941875100788,505.500549453254,2.2829640693961795e-09,PILOT_ASC_HOLD_ACC,caténaire,,12.78670922912306,6.2959270111427,12.78670922912306,0.042084456028333585,-0.9991140568327518,0.0556834163267061,-0.9984484749581155,21.28441290917187,-504.9920001178587,0.0,50.0,-0.3505787249240134,6.286158722723035,-0.8501965896721816,-47.45455503463396,8.829000000000008,-1.200775314596195,0.002603688089067191,0.5381217023001167,-12.775380931449929,0.3505787249240134,-6.286158722723035,-1.8334103900600067,0.0,4.440892098500626e-16,0.8887004272241301,-20.89495004423297
127.29999999999704,0.0,453.0,506.2941875102843,505.4405696198,2.0546676624565616e-09,PILOT_ASC_HOLD_ACC,caténaire,,12.78670922912306,6.2959270111427,12.78670922912306,0.042110632739361366,-0.9991129538797356,0.05527417153971445,-0.9984712143875747,21.294719823707158,-504.93152993232724,0.0,50.0,-0.3480021496154233,6.286301888511185,-0.7878201253551511,-47.45591724330243,8.829000000000008,-1.1358222749705744,0.001384645208744928,0.5384564162926037,-12.775366828310418,0.3480021496154233,-6.286301888511185,-1.833410390060751,0.0,-4.440892098500626e-16,0.886458565908027,-20.895079106882356
127.39999999999704,0.0,453.0,506.2941875104692,505.38057358181265,1.8492008962109055e-09,PILOT_ASC_HOLD_ACC,caténaire,,12.78670922912306,6.2959270111427,12.78670922912306,0.042136025117396336,-0.9991118833180327,0.05488554990929367,-0.998492652156817,21.304648130817455,-504.8710592852474,0.0,50.0,-0.34555541619534275,6.286436859141617,-0.7310046278784263,-47.45664167585394,8.829000000000008,-1.076560044073769,0.0007951832876713638,0.5387811012471728,-12.77535313934921,0.34555541619534275,-6.286436859141617,-1.8334103900614205,0.0,-6.661338147750939e-16,0.8843365174425155,-20.895200388552247
127.49999999999703,0.0,453.0,506.29418751063565,505.32056254386083,1.664280806589815e-09,PILOT_ASC_HOLD_ACC,caténaire,,12.78670922912306,6.2959270111427,12.78670922912306,0.042160675624368114,-0.9991108434157328,0.05451708290583633,-0.9985128380103273,21.31421758457973,-504.81058837310644,0.0,50.0,-0.3432355748355609,6.286563947801975,-0.6791160864065443,-47.45705771032103,8.829000000000008,-1.022351661242105,0.0005062374809341463,0.5390963001121714,-12.775339842420875,0.3432355748355609,-6.286563947801975,-1.8334103900620236,0.0,0.0,0.8823318749477322,-20.895314180284874
127.59999999999702,0.0,453.0,506.29418751078543,505.3568665563234,1.4978527259308336e-09,PILOT_ASC_HOLD_ACC,caténaire,,12.78670922912306,6.2959270111427,12.78670922912306,0.03267625842839446,-0.9994659884834104,0.1894547941932954,-0.9818894443659,21.32344625445492,-504.75011729221967,0.0,50.0,-1.1927935561520495,6.181904274739167,-0.6316084662857607,-47.45732257127274,8.829000000000008,-1.8244020224378104,-0.1044182965335807,0.41782181521956163,-12.779880979135426,1.1927935561520495,-6.181904274739167,-1.8334103900625656,0.0,4.440892098500626e-16,1.6106153713716111,-20.795195643937156
127.69999999999702,0.0,453.0,506.29418751092027,505.48409347244274,1.3480674533377502e-09,PILOT_ASC_HOLD_ACC,caténaire,,12.78670922912306,6.2959270111427,12.78670922912306,0.02597609955266713,-0.9996625641945536,0.2906645921165462,-0.9568250074541959,21.332066790322635,-504.6896810174317,0.0,50.0,-1.8300030566893388,6.024100409367687,-0.5511099442027513,-47.40270708035404,8.829000000000008,-2.38111300089209,-0.20760667098636532,0.3321488318867082,-12.782394535595321,1.8300030566893388,-6.024100409367687,-1.833410390063054,0.0,4.440892098500626e-16,2.162151888576047,-20.63990533502606
127.79999999999701,0.0,453.0,506.29418751104157,505.62643782407696,1.2132607080039752e-09,PILOT_ASC_HOLD_ACC,caténaire,,12.78670922912306,6.2959270111427,12.78670922912306,0.02123318381800477,-0.9997745505387456,0.36731904936439147,-0.9300950037356613,21.339893621856717,-504.6293139448674,0.0,50.0,-2.312613924600531,5.855810256948221,-0.4542989084553381,-47.29421281389728,8.829000000000008,-2.766912833055869,-0.26740255694906523,0.27150254748934805,-12.783826472416138,2.312613924600531,-5.855810256948221,-1.8334103900634933,0.0,-4.440892098500626e-16,2.584116472089879,-20.473047119427854
127.89999999999701,0.0,453.0,506.29418751115077,505.7543997390219,1.0919346372035778e-09,PILOT_ASC_HOLD_ACC,caténaire,,12.78670922912306,6.2959270111427,12.78670922912306,0.017865677165169753,-0.9998403960530049,0.4264994203227525,-0.904487835442996,21.346798149113106,-504.5690360064888,0.0,50.0,-2.6852092206467213,5.694589394415552,-0.3535392350393388,-47.15465266053082,8.829000000000008,-3.03874845568606,-0.2890632661152779,0.2284432190924092,-12.784668419861013,2.6852092206467213,-5.694589394415552,-1.8334103900638887,0.0,0.0,2.9136524397391304,-20.312668204340454
127.999999999997,0.0,453.0,506.29418751124905,505.85927987921576,9.8274117348322e-10,PILOT_ASC_HOLD_ACC,caténaire,,12.78670922912306,6.2959270111427,12.78670922912306,0.015465106034527522,-0.9998804080965586,0.47331910825643314,-0.8808910385282251,21.352689760217565,-504.5088544225322,0.0,50.0,-2.979982558561653,5.546025683343397,-0.2574173797083442,-47.004019510775436,8.829000000000008,-3.237399938269997,-0.28699382743204893,0.1977478140610598,-12.785180042227598,2.979982558561653,-5.546025683343397,-1.8334103900642447,0.0,4.440892098500626e-16,3.1777303726227126,-20.16461611563524
128.099999999997,0.0,453.0,506.2941875113375,505.9411234466618,8.844670561348981e-10,PILOT_ASC_HOLD_ACC,caténaire,,12.78670922912306,6.2959270111427,12.78670922912306,0.013744792446644198,-0.9999055358785642,0.5113835658926598,-0.8593525752186396,21.35750223800927,-504.44876850318474,0.0,50.0,-3.2196336055580694,5.410421090414072,-0.17175413354781208,-46.85470316026503,8.829000000000008,-3.3913877391058813,-0.27328206985096415,0.1757506644298863,-12.785501343869676,3.2196336055580694,-5.410421090414072,-1.8334103900645649,0.0,-4.440892098500626e-16,3.3953842699879555,-20.029332824348312
128.199999999997,0.0,453.0,506.2941875114171,506.00312039093996,7.960203505214082e-10,PILOT_ASC_HOLD_ACC,caténaire,,12.78670922912306,6.2959270111427,12.78670922912306,0.012503566073663585,-0.9999218273622402,0.5432024205318519,-0.8396017688930492,21.361184253221275,-504.38877367786057,0.0,50.0,-3.419962791944582,5.286071455376939,-0.10054046233490713,-46.712741514366634,8.829000000000008,-3.520503254279489,-0.2556700589897005,0.15987946371106415,-12.785709658334353,3.419962791944582,-5.286071455376939,-1.8334103900648533,0.0,-4.440892098500626e-16,3.579842255655646,-19.905191503776145
128.299999999997,0.0,453.0,506.2941875114887,506.0491762546919,7.164183154692675e-10,PILOT_ASC_HOLD_ACC,caténaire,,12.78670922912306,6.2959270111427,12.78670922912306,0.011600150283484103,-0.9999327159931316,0.5705261442859236,-0.8212794400727668,21.363692767348518,-504.3288640758894,0.0,50.0,-3.591990962372844,5.170715410450285,-0.0466662414266957,-46.580123779517436,8.829000000000008,-3.6386572037995397,-0.2384083690671588,0.14832774868904067,-12.785848888091463,3.591990962372844,-5.170715410450285,-1.8334103900651124,0.0,0.0,3.7403187110618847,-19.78997468860686
128.399999999997,0.0,453.0,506.29418751155316,506.08290639129666,6.447764839223407e-10,PILOT_ASC_HOLD_ACC,caténaire,,12.78670922912306,6.2959270111427,12.78670922912306,0.010935302947689905,-0.9999402077871666,0.5945720783846077,-0.8040423145614962,21.36498839574116,-504.26903394337455,0.0,50.0,-3.743382408372906,5.062191726349419,-0.012448890142408471,-46.45662965300869,8.829000000000008,-3.755831298515315,-0.22343792665927964,0.13982653912448312,-12.785944683483395,3.743382408372906,-5.062191726349419,-1.833410390065346,0.0,0.0,3.883208947497389,-19.68154679989816
