t,x_bat,L0,L,L_seg,dL/dt,Explain,mode_câble,Scénario,Tbat,Trov,Tmax,U_bat_x,U_bat_y,U_rov_x,U_rov_y,x_rov,y_rov,Fx_rov,Fy_rov,Tr_cable_rov_x,Tr_cable_rov_y,Trainee_rov_x,Trainee_rov_y,Poids_app_rov,Sigma_f_rov_x,Sigma_f_rov_y,Tr_bat_cable_x,Tr_bat_cable_y,Tr_rov_cable_x,Tr_rov_cable_y,Poids_app_cable_y,Trainee_cable_x,Trainee_cable_y,Sigma_f_cable_x,Sigma_f_cable_y
0.1,0.0,110.0,110.0,109.8923428223954,0.0,HISTORY_LT2,caténaire,,0.8068861135073987,0.019708231224208315,0.8068861135073987,0.03964465948952153,-0.9992138414643583,0.8034332224627495,0.5953948748881889,19.999997050118594,-100.00147056559041,0.0,0.0,-0.015834247721506666,-0.011734179864005007,2.413778721873619e-07,0.11177759588652329,8.829000000000008,-0.01583400634363448,-8.728956583977489,0.03198872521682424,-0.8062517731019742,0.015834247721506666,0.011734179864005007,-0.3983358843174276,0.0,0.0,0.047822972938330904,-1.1928534775553967
0.2,0.0,110.0,109.998,109.8592782577363,-0.02,REG_SIGN_ACC,caténaire,Fy:(t>0:-50),1.0739447555431212,0.01907197991201566,1.0739447555431212,0.03878721320357681,-0.9992474929124918,0.7994970918247909,0.600669959431718,19.99998875354856,-100.01397871440732,0.0,-50.0,-0.015247992474997352,-0.011455965400032986,8.738140460851635e-07,6.135603838777439,8.829000000000008,-0.015247118660951266,-52.7048521266226,0.04165532420211422,-1.0731366045029826,0.015247992474997352,0.011455965400032986,-0.3983286418468036,0.0,-5.551115123125783e-17,0.05690331667711157,-1.4600092809497531
0.30000000000000004,0.0,110.0,109.99585549409521,109.86398890113689,-0.02144505904774572,REG_T_ACC,caténaire,,4.225558479160041,0.018963867582057068,4.225558479160041,0.03708122799265376,-0.9993122547685267,0.8023417326300758,0.5968649295109976,19.999975361428298,-100.04388612637769,0.0,-50.0,-0.015215502373154994,-0.011318867487620383,1.881507100229069e-06,18.151810766435528,8.829000000000008,-0.015213620866054765,-40.6885081010521,0.15668889736202476,-4.222652371465687,0.015215502373154994,0.011318867487620383,-0.3983208760862945,0.0,5.551115123125783e-17,0.17190439973517976,-4.60965438006436
0.4,0.0,110.0,109.99381350798055,109.8705759495845,-0.02041986114658041,REG_T_ACC,caténaire,,8.84965055114687,0.018914986115853252,8.84965055114687,0.035374019242062904,-0.9993741435331727,0.8059658082870785,0.5919620898944089,19.999956895433986,-100.08733956491022,0.0,-50.0,-0.015244832073602535,-0.01119695471146422,3.272271434360836e-06,30.902329159123532,8.829000000000008,-0.015241559802168174,-27.93786779558794,0.313047708881802,-8.844111940120273,0.015244832073602535,0.01119695471146422,-0.3983134815740695,0.0,-5.551115123125783e-17,0.32829254095540455,-9.231228466982879
0.5,0.0,110.0,109.99191674082017,109.87495297644993,-0.018967671603844792,REG_T_ACC,caténaire,,13.18006377316,0.01886578812584952,13.18006377316,0.034141489200244346,-0.9994170094185857,0.8103478837780441,0.5859490654113595,19.999933345394187,-100.14017885173972,0.0,-50.0,-0.015287851483587111,-0.011054390920590249,5.0507496642916406e-06,41.153381239408326,8.829000000000008,-0.01528280073392282,-17.686673151512274,0.4499870049698739,-13.172379920117809,0.015287851483587111,0.011054390920590249,-0.3983066129338498,0.0,0.0,0.46527485645346106,-13.559632142131068
0.6,0.0,110.0,109.99017233046894,109.87588692419344,-0.01744410351237246,REG_T_ACC,caténaire,,16.452912216694916,0.018811518962015616,16.452912216694916,0.03338036145777576,-0.9994427204542282,0.8154903730258054,0.5787706380788792,19.999904696527004,-100.1990041512973,0.0,-50.0,-0.015340612615516126,-0.010887554832878713,7.220926232123235e-06,48.208153009785086,8.829000000000008,-0.015333391689284003,-10.631734545047799,0.549204156826331,-16.443743345248173,0.015340612615516126,0.010887554832878713,-0.39830029601348726,0.0,-5.551115123125783e-17,0.5645447694418471,-16.83115608642878
0.7,0.0,110.0,109.98857623177652,109.87816496192042,-0.015960986924174705,REG_T_ACC,caténaire,,18.639365718175263,0.018754106373604272,18.639365718175263,0.03292048298532169,-0.9994579740039163,0.8201121336718074,0.572202838339933,19.999870932990106,-100.26144628669786,0.0,-50.0,-0.01538047019316464,-0.010731152897505392,9.786399612897253e-06,52.64576141631047,8.829000000000008,-0.015370683793551743,-6.193969736587043,0.6136169219823772,-18.6292626974055,0.01538047019316464,0.010731152897505392,-0.39829451616454087,0.0,5.551115123125783e-17,0.6289973921755418,-19.016826060672535
0.7999999999999999,0.0,110.0,109.9871198462632,109.87513994762753,-0.014563855133255144,REG_T_ACC,caténaire,,19.994839489864667,0.018695307095029198,19.994839489864667,0.03269585650775669,-0.9994653475569948,0.8259463764821497,0.5637486879594551,19.999832039270146,-100.32600243264599,0.0,-50.0,-0.01544132115236039,-0.010539454845821802,1.2750982552357421e-05,55.29645295305738,8.829000000000008,-0.015428570169808033,-3.5430865017884443,0.6537484028562421,-19.984149200083912,0.01544132115236039,0.010539454845821802,-0.3982892422498922,0.0,0.0,0.6691897240086025,-20.37189898748798
0.8999999999999999,0.0,110.0,109.98579266648753,109.87586368322413,-0.013271797756727561,REG_T_ACC,caténaire,,20.798743276539906,0.018636323893692235,20.798743276539906,0.03258494257400316,-0.9994689697621677,0.8306956575795404,0.5567267951863777,19.999787999090366,-100.39177020524484,0.0,-50.0,-0.015481113331735973,-0.010375340875390594,1.611798259484575e-05,56.8338230250557,8.829000000000008,-0.015464995349141128,-2.005552315819699,0.6777258552774872,-20.787698514951153,0.015481113331735973,0.010375340875390594,-0.39828443621962323,0.0,5.551115123125783e-17,0.6932069686092232,-21.175607610295383
0.9999999999999999,0.0,110.0,109.9845835889461,109.87705194190569,-0.012090775414389002,REG_T_ACC,caténaire,,21.263272403368443,0.018577841312332474,21.263272403368443,0.03255367655688582,-0.9994699886152808,0.8352592627888016,0.5498563120720792,19.999738797588822,-100.4582245903875,0.0,-50.0,-0.015517314038746163,-0.01021514331025945,1.9892601525986162e-05,57.71073122550943,8.829000000000008,-0.015497421437220178,-1.1284839178008426,0.6921976923602124,-21.252002626918273,0.015517314038746163,0.01021514331025945,-0.39828005786533527,0.0,0.0,0.7077150063989586,-21.64006754147335
1.0999999999999999,0.0,110.0,109.98348162692685,109.87579145598187,-0.011019620192499486,REG_T_ACC,caténaire,,21.52759535522238,0.018520342457024955,21.52759535522238,0.03256746370153278,-0.9994695394598323,0.8404608082137105,0.541872337231526,19.999684417890496,-100.52506554856743,0.0,-50.0,-0.01556562198982589,-0.010035661253516374,2.4073974028538328e-05,58.20623945875328,8.829000000000008,-0.015541548015797352,-0.6327962025002449,0.7010991803124906,-21.516175815361738,0.01556562198982589,0.010035661253516374,-0.39827606740155863,0.0,-1.1102230246251565e-16,0.7166648023023166,-21.904416221509777
1.2,0.0,110.0,109.98247602025235,109.86793615717559,-0.010056066744872935,REG_T_ACC,caténaire,,21.67664752101023,0.018464061502233477,21.67664752101023,0.03260082266655418,-0.9994684519090455,0.8473929373272098,0.5309662981470327,19.999624847865764,-100.59212335350267,0.0,-50.0,-0.01564631531136788,-0.009803794384600049,2.8666567967141817e-05,58.48473087037549,8.829000000000008,-0.015617648743400738,-0.3540729240091167,0.7066765418378559,-21.665125340402145,0.01564631531136788,0.009803794384600049,-0.3982724258631591,0.0,0.0,0.7223228571492237,-22.053593971880705
1.3,0.0,110.0,109.9815584536413,109.86734628285329,-0.009175666110499543,REG_T_ACC,caténaire,,21.760208085093204,0.018409109167487944,21.760208085093204,0.0326527348390221,-0.9994667572798669,0.8523753006373572,0.5229305373215213,19.999560072788803,-100.6593025272887,0.0,-50.0,-0.015691469961103464,-0.009626685348565013,3.367384687025275e-05,58.64075897400724,8.829000000000008,-0.01565779611423321,-0.1978677113413312,0.7105303046444932,-21.748604612543247,0.015691469961103464,0.009626685348565013,-0.398269103138546,0.0,0.0,0.7262217746055967,-22.137247030333228
1.4000000000000001,0.0,110.0,109.98071943571826,109.86681088074432,-0.008390179230469717,REG_T_ACC,caténaire,,21.806849299133496,0.01835560890999335,21.806849299133496,0.03271384072739244,-0.9994647590710055,0.8573209796357539,0.5147822237377584,19.999490079162666,-100.72654953469791,0.0,-50.0,-0.01573664861252627,-0.009449141172746988,3.909836848063325e-05,58.72799818496719,8.829000000000008,-0.01569755024404564,-0.11045095620556111,0.7133857947381026,-21.795177380856185,0.01573664861252627,0.009449141172746988,-0.3982660648572158,0.0,0.0,0.7291224433506289,-22.18399430454065
1.5000000000000002,0.0,110.0,109.9799481851796,109.86601890036795,-0.007712505386628245,REG_T_ACC,caténaire,,21.832770512371138,0.018303563087901428,21.832770512371138,0.032779951041591496,-0.9994625930017146,0.8623331522770342,0.5063413221177525,19.999414853631908,-100.79383441048272,0.0,-50.0,-0.015783769255491603,-0.009267850333393701,4.494371729119583e-05,58.776694969038225,8.829000000000008,-0.015738825538200406,-0.06157288129517724,0.7156771484978284,-21.82103742870583,0.015783769255491603,0.009267850333393701,-0.39826327197753075,0.0,-5.551115123125783e-17,0.73146091775332,-22.210032850349965
1.6000000000000003,0.0,110.0,109.97923215489466,109.86523942166849,-0.007160302849311544,REG_T_ACC,caténaire,,21.847093546751196,0.018253151678938803,21.847093546751196,0.03284961148683221,-0.9994603058777093,0.8673195359817207,0.49775176795713444,19.999334382392536,-100.86114039814376,0.0,-50.0,-0.01583131504438117,-0.009085538518981527,5.1213122945468536e-05,58.8038277315901,8.829000000000008,-0.015780101921435703,-0.03425780692889191,0.7176685351272559,-21.83530279877488,0.01583131504438117,0.009085538518981527,-0.39826067906337853,0.0,-5.551115123125783e-17,0.7334998501716371,-22.22447793931928
1.7000000000000004,0.0,110.0,109.97855575489939,109.86455567656974,-0.006763999952627568,REG_T_ACC,caténaire,,21.854933973837426,0.018204286509600823,21.854933973837426,0.03292162567936141,-0.9994579363648218,0.8722700494900884,0.48902449914350804,19.999248651664697,-100.9284581329314,0.0,-50.0,-0.01587905389466126,-0.008902342092622462,5.790977300711879e-05,58.81890515129269,8.829000000000008,-0.01582114412165414,-0.018997190799943553,0.7194999555338343,-21.843087208880988,0.01587905389466126,0.008902342092622462,-0.3982582296598306,0.0,-5.551115123125783e-17,0.7353790094284955,-22.232443096448197
1.8000000000000005,0.0,110.0,109.977897991028,109.86381187101556,-0.006577638713916122,REG_T_ACC,caténaire,,21.859152199417462,0.018157027890661166,21.859152199417462,0.032995678665055955,-0.9994554943515157,0.8771918613070512,0.48014001963663805,19.999157647711172,-100.99578238265362,0.0,-50.0,-0.01592719709121311,-0.008717915727965037,6.50368120297374e-05,58.82724589323576,8.829000000000008,-0.015862160279183374,-0.010472022492209021,0.7212575618625298,-21.8472497675738,0.01592719709121311,0.008717915727965037,-0.3982558477420726,0.0,0.0,0.7371847589537429,-22.236787699587907
1.9000000000000006,0.0,110.0,109.97722832225246,109.86320058609523,-0.006696687755517675,REG_T_ACC,caténaire,,21.861341798736397,0.01811145379323697,21.861341798736397,0.033071114147536766,-0.9994530011006223,0.8820683411301002,0.47112147220859396,19.999061356843896,-101.0631102244226,0.0,-50.0,-0.015975540002854994,-0.008532694774907723,7.259741177708857e-05,58.83182276959397,8.829000000000008,-0.015902942591077905,-0.005709925180944708,0.7229789300443281,-21.849383668833568,0.015975540002854994,0.008532694774907723,-0.3982534227138552,0.0,0.0,0.7389544700471831,-22.239104396772515
2.0000000000000004,0.0,110.0,109.97649913538055,109.86252814638715,-0.007291868719088373,REG_T_ACC,caténaire,,21.862383490087375,0.018067593544079552,21.862383490087375,0.03314812221489024,-0.999450449994209,0.8869092795354866,0.46194364361233947,19.998959765414476,-101.13044002544996,0.0,-50.0,-0.016024316373119605,-0.00834620999305889,8.059471443698137e-05,58.834296877189566,8.829000000000008,-0.015943721658682623,-0.003049332803499283,0.7246969598382149,-21.850369017113792,0.016024316373119605,0.00834620999305889,-0.39825078215660564,0.0,5.551115123125783e-17,0.7407212762113345,-22.24027358927734
2.1000000000000005,0.0,110.0,109.9756311709383,109.86172016346636,-0.008679644422500268,REG_T_ACC,caténaire,,21.862752377878508,0.018025359888868966,21.862752377878508,0.03322670164589948,-0.9994478407089258,0.8917162403639778,0.45259490349663956,19.998852859803282,-101.19777087352715,0.0,-50.0,-0.016073506151309883,-0.008158186019394846,8.903193171975188e-05,58.83559591698465,8.829000000000008,-0.01598447421959013,-0.0015622690347498747,0.7264271504179485,-21.850680656024608,0.016073506151309883,0.008158186019394846,-0.39824763905311783,0.0,0.0,0.7425006565692583,-22.24077010905833
2.2000000000000006,0.0,110.0,109.97448258076622,109.86070925330549,-0.011485901720772228,REG_T_ACC,caténaire,,21.86268342622829,0.017984833465193042,21.86268342622829,0.033306968082659184,-0.999445169019862,0.8964901697834036,0.44306362464292226,19.998740626389882,-101.26510225879615,0.0,-50.0,-0.01612322640673715,-0.007968425503687758,9.791228946718397e-05,58.83623795031432,8.829000000000008,-0.016025314117269963,-0.00073047518937841,0.7281796990786676,-21.85055333215447,0.01612322640673715,0.007968425503687758,-0.3982434797378278,0.0,0.0,0.7443029254854048,-22.24082838638861
2.3000000000000007,0.0,110.0,109.9727748412754,109.85923484726092,-0.01707739490837678,REG_T_ACC,caténaire,,21.862247058342057,0.017945888393023173,21.862247058342057,0.03338933467788441,-0.9994424207175561,0.9012448422618468,0.43331020562227557,19.998623051521847,-101.33243389604084,0.0,-50.0,-0.016173639354018877,-0.00777613658965528,0.00010723915954383101,58.83651207848613,8.829000000000008,-0.016066400194475045,-0.0002640581035322498,0.7299658838415768,-21.850057122314656,0.016173639354018877,0.00777613658965528,-0.3982372956112799,0.0,0.0,0.7461395231955956,-22.240518281336282
2.400000000000001,0.0,110.0,109.96988737186919,109.85664241373982,-0.028874694062077516,REG_T_ACC,caténaire,,21.861345913205263,0.01790850527572968,21.861345913205263,0.03347494664256967,-0.9994395569254187,0.9060195487635581,0.42323584117874363,19.99850012141911,-101.39976562527019,0.0,-50.0,-0.016225455868946404,-0.007579521294627419,0.0001170161358547481,58.8365792624114,8.829000000000008,-0.016108439733091656,-2.5888324017842024e-07,0.7318073879793047,-21.84909387328718,0.016225455868946404,0.007579521294627419,-0.3982268394051039,0.0,5.551115123125783e-17,0.7480328438482511,-22.23974119139766
2.500000000000001,0.0,110.0,109.96416936373355,109.85157242787055,-0.057180081356580155,REG_T_ACC,caténaire,,21.85955737538118,0.01787225462370054,21.85955737538118,0.033566139582979035,-0.9994364983697042,0.9108991744799309,0.4126290027758354,19.99837182196864,-101.46709735593105,0.0,-50.0,-0.01627982198282395,-0.007374610602733368,0.00012724750957908307,58.836528052068275,8.829000000000008,-0.016152574473244866,0.0001534414655353089,0.7337409540841835,-21.847239479162607,0.01627982198282395,0.007374610602733368,-0.3982061331521289,0.0,0.0,0.7500207760670075,-22.238071001712
2.600000000000001,0.0,110.0,109.95345135559789,109.84181721138808,-0.10718008135658019,REG_T_ACC,caténaire,,21.856159773899552,0.017836664559638442,21.856159773899552,0.03366683812809061,-0.999433111323843,0.9160175278969004,0.4011382412406617,19.998238138308214,-101.53442903519017,0.0,-50.0,-0.01633869737584626,-0.007154968251053007,0.000137938775505069,58.83640559706958,8.829000000000008,-0.01620075860034119,0.00025062881852022656,0.7358277932095617,-21.843769764419452,0.01633869737584626,0.007154968251053007,-0.39816732072259403,0.0,0.0,0.752166490585408,-22.23478211689099
2.700000000000001,0.0,110.0,109.93773334746223,109.82720318913711,-0.15718008135658024,REG_T_ACC,caténaire,,21.85081056825611,0.017801823810932094,21.85081056825611,0.03377762373797863,-0.9994293732598695,0.9213651199570869,0.38869823221422417,19.998099054355833,-101.60176063000587,0.0,-50.0,-0.016401979531014375,-0.006919537445498388,0.00014909648921370257,58.836236437682615,8.829000000000008,-0.016252883041800673,0.00031690023710950754,0.7380684577444019,-21.83834191145234,0.016401979531014375,0.006919537445498388,-0.3981104021164993,0.0,0.0,0.7544704372754163,-22.229532776123342
2.800000000000001,0.0,110.0,109.92701533932656,109.8161762092323,-0.10718008135658019,REG_T_ACC,caténaire,,21.845727693902333,0.017770148418702225,21.845727693902333,0.03388398599693121,-0.9994257728780862,0.9263794068097008,0.3765915488150351,19.99795455317147,-101.6690921190515,0.0,-50.0,-0.01646189955103771,-0.006692087715672118,0.00016072490677340707,58.83603927302749,8.829000000000008,-0.016301174644264303,0.00034718531180999435,0.7402203312729589,-21.83318328456255,0.01646189955103771,0.006692087715672118,-0.39807158968696427,0.0,0.0,0.7566822308239967,-22.224562786533845
2.9000000000000012,0.0,110.0,109.9212973311909,109.81015792324087,-0.05718008135658015,REG_T_ACC,caténaire,,21.842396026748276,0.01774270147437633,21.842396026748276,0.0339837546400746,-0.9994223853909634,0.9309787676825145,0.36507332705135653,19.997804618636323,-101.73642349175664,0.0,-50.0,-0.01651807835397361,-0.006477387058129575,0.00017282481824938814,58.835831675066046,8.829000000000008,-0.016345253535724222,0.00035428800791237336,0.7422866273243538,-21.829779539706863,0.01651807835397361,0.006477387058129575,-0.3980508834339893,0.0,0.0,0.7588047056783274,-22.22135303608272
3.0000000000000013,0.0,110.0,109.92057932305524,109.80917734653177,-0.007180081356580104,REG_T_ACC,caténaire,,21.841020558273996,0.01771932599558138,21.841020558273996,0.03407656990464015,-0.9994192250419911,0.9351752903286578,0.3541852288827286,19.997649236037734,-101.80375474540939,0.0,-50.0,-0.01657067583234595,-0.006275923533392673,0.00018539667243531663,58.83562411036578,8.829000000000008,-0.016385279159910632,0.00034818683237602954,0.7442670638427065,-21.82833584047639,0.01657067583234595,0.006275923533392673,-0.3980482833575741,0.0,0.0,0.7608377396750524,-22.220108200300572
3.1000000000000014,0.0,110.0,109.92486131491958,109.81310831320863,0.04281991864341994,REG_T_ACC,caténaire,,21.841630823761715,0.017699482552320022,21.841630823761715,0.03416226965254957,-0.9994162993128471,0.9389907443164708,0.34394241100509865,19.997488392030483,-101.8710858818276,0.0,-50.0,-0.016619650295819365,-0.006087602702587625,0.00019844064382229388,58.83542228033651,8.829000000000008,-0.01642120965199707,0.00033467763391570315,0.7461596818527861,-21.828881848841345,0.016619650295819365,0.006087602702587625,-0.398063789457719,0.0,0.0,0.7627793321486055,-22.220858035596475
3.2000000000000015,0.0,110.0,109.93414330678392,109.82210826548392,0.09281991864341999,REG_T_ACC,caténaire,,21.844232018247933,0.017682806225345356,21.844232018247933,0.0342402855574133,-0.999413629507296,0.9424305727456685,0.3344018773187007,19.99732207464294,-101.93841690539598,0.0,-50.0,-0.016664817198702896,-0.0059131635980182945,0.00021195624097723859,58.83522975563834,8.829000000000008,-0.01645286095772566,0.0003165920403134237,0.7479527420871999,-21.83142320515665,0.016664817198702896,0.0059131635980182945,-0.39809740173442354,0.0,0.0,0.7646175592859028,-22.22360744329306
3.3000000000000016,0.0,110.0,109.94842529864826,109.83609662224124,0.14281991864342003,REG_T_ACC,caténaire,,21.848825567972288,0.017668829717796507,21.848825567972288,0.034310409789710186,-0.9994112245617727,0.9455141666170179,0.3255809587898619,19.997150273320365,-102.00574782203611,0.0,-50.0,-0.016706128805720363,-0.005752634520214991,0.00022594256781975592,58.83504845367806,8.829000000000008,-0.016480186237900606,0.0002958191578414926,0.7496421586610266,-21.835961516123753,0.016706128805720363,0.005752634520214991,-0.398149120187688,0.0,0.0,0.7663482874667469,-22.22835800179123
3.4000000000000017,0.0,110.0,109.9677072905126,109.85499479247736,0.19281991864342007,REG_T_ACC,caténaire,,21.855412386548426,0.01765714318274981,21.855412386548426,0.034372507890323,-0.9994090907638021,0.9482601604398061,0.31749435919819624,19.99697297895075,-102.07307863857903,0.0,-50.0,-0.01674356542738296,-0.00560604336007795,0.0002403981081326332,58.83487965214155,8.829000000000008,-0.016503167319250327,0.0002736087814696475,0.7512253347028988,-21.842497821508303,0.01674356542738296,0.00560604336007795,-0.3982189448175125,0.0,-5.551115123125783e-17,0.7679689001302817,-22.235110722965736
3.5000000000000018,0.0,110.0,109.99083796532716,109.87788687035474,0.2313067481454953,REG_T_ACC,caténaire,,21.86373345274765,0.017647311866120646,21.86373345274765,0.034428086771334396,-0.9994071777014939,0.9507333131470042,0.3100099470541561,19.996790183828065,-102.14040936223903,0.0,-50.0,-0.016777887278615324,-0.005470842217264242,0.00025532126958493573,58.834723410184594,8.829000000000008,-0.016522566009030386,0.00025256796732264775,0.7527265124565227,-21.850772144028266,0.016777887278615324,0.005470842217264242,-0.3983027064339408,0.0,0.0,0.769504399735138,-22.243604008244944
3.600000000000002,0.0,110.0,110.01896864014172,109.90563725036816,0.28130674814549533,REG_T_ACC,caténaire,,21.873878319299664,0.017639017607022724,21.873878319299664,0.03447515566643211,-0.999405555138541,0.9528969999429278,0.30329409407334,19.99660188153317,-102.2077400001354,0.0,-50.0,-0.016808166959672435,-0.005349809865465651,0.0002707100755951568,58.834579673353154,8.829000000000008,-0.01653745688407728,0.00022986348768228027,0.7541053600864503,-21.860875504732576,0.016808166959672435,0.005349809865465651,-0.398404574226929,0.0,0.0,0.7709135270461228,-22.25393026909404
3.700000000000002,0.0,110.0,110.05209931495627,109.9383058729385,0.3313067481454954,REG_T_ACC,caténaire,,21.885995971011756,0.017631990820748848,21.885995971011756,0.03451346819012106,-0.9994042327874589,0.9547598821377401,0.29737781938189106,19.996408067091522,-102.27507055972359,0.0,-50.0,-0.016834317477871886,-0.005243362981635812,0.0002865614228053846,58.834449411725174,8.829000000000008,-0.0165477560550665,0.0002060487435286973,0.755361625754632,-21.87295701219842,0.016834317477871886,0.005243362981635812,-0.39852454819647704,0.0,-5.551115123125783e-17,0.7721959432325038,-22.266238197413262
3.800000000000002,0.0,110.0,110.09022998977082,109.9758919717153,0.3813067481454954,REG_T_ACC,caténaire,,21.9001080305784,0.01762592537058934,21.9001080305784,0.03454281004507842,-0.9994032190633516,0.9563332588482708,0.2922784597274422,19.996208737068685,-102.34240104886528,0.0,-50.0,-0.01685625864987212,-0.0051516783185866985,0.00030287172788688935,58.83433314406712,8.829000000000008,-0.01655338692198523,0.00018146574852551112,0.7564912716669662,-21.88703846359521,0.01685625864987212,0.0051516783185866985,-0.39866262834258503,0.0,-1.1102230246251565e-16,0.7733475303168383,-22.28054941361921
3.900000000000002,0.0,110.0,110.13336066458537,110.01848722736247,0.43130674814549547,REG_T_ACC,caténaire,,21.916219065723705,0.017620557686923412,21.916219065723705,0.03456283231560803,-0.9994025268240636,0.9576224628346884,0.28802642009792384,19.9960038895916,-102.4097314756966,0.0,-50.0,-0.0168738418486723,-0.005075186150693504,0.0003196367890775851,58.83423129069287,8.829000000000008,-0.016554205059594714,0.00015610454217096503,0.75748660456074,-21.90312471271399,0.0168738418486723,0.005075186150693504,-0.3988188146652528,0.0,5.551115123125783e-17,0.7743604464094123,-22.296868341228546
4.000000000000002,0.0,110.0,110.18149133939991,110.06605995387382,0.4813067481454955,REG_T_ACC,caténaire,,21.9343315601339,0.017615654823292106,21.9343315601339,0.0345734397562641,-0.9994021599253324,0.9586377735185121,0.28462891487596614,19.995793524379167,-102.47706184856922,0.0,-50.0,-0.016887032118871385,-0.005013924717183212,0.00033685180240716127,58.83414417763311,8.829000000000008,-0.016550180316464224,0.0001302529159161736,0.7583452907882117,-21.921218337716205,0.016887032118871385,0.005013924717183212,-0.3989931071644805,0.0,5.551115123125783e-17,0.7752323229070831,-22.3151975201635
4.100000000000001,0.0,110.0,110.23462201421447,110.11843727681487,0.5313067481454954,REG_T_ACC,caténaire,,21.95444795623084,0.01761102876785703,21.95444795623084,0.03457489422327047,-0.9994021096082646,0.9593947919492433,0.28206671760537155,19.995577642762886,-102.54439217599037,0.0,-50.0,-0.016895929280750333,-0.004967485078203203,0.00035451139949857545,58.83407200992621,8.829000000000008,-0.01654141788125176,0.00010452484799827744,0.7590727158169779,-21.941321602741954,0.016895929280750333,0.004967485078203203,-0.39918550584026813,0.0,0.0,0.7759686450977282,-22.33553962350402
4.200000000000001,0.0,110.0,110.29275268902902,110.17585990130293,0.5813067481454952,REG_T_ACC,caténaire,,21.97657091487148,0.01760653420950269,21.97657091487148,0.034566622665173095,-0.9994023957333319,0.9598868193866348,0.2803877564513295,19.995356247684786,-102.61172246653389,0.0,-50.0,-0.016900280122781514,-0.004936656625886042,0.0003726096793901086,58.83401490273497,8.829000000000008,-0.016527670443391405,7.824610907647411e-05,0.7596558342887804,-21.96343762232602,0.016900280122781514,0.004936656625886042,-0.3993960106926156,0.0,0.0,0.7765561144115619,-22.357896976392748
4.300000000000001,0.0,110.0,110.35588336384356,110.23823490712044,0.631306748145495,REG_T_ACC,caténaire,,22.000703410470962,0.017602070663553668,22.000703410470962,0.03454878015611948,-0.9994030126979426,0.9601220572104562,0.27958117829704027,19.99512934371574,-102.67905272884788,0.0,-50.0,-0.016900136296654968,-0.0049212076565841,0.0003911401576954876,58.83397296721748,8.829000000000008,-0.01650899613895948,5.1759560882658207e-05,0.7600974654083493,-21.98756926989858,0.016900136296654968,0.0049212076565841,-0.39962462172152297,0.0,0.0,0.7769976017050043,-22.382272683963517
4.4,0.0,110.0,110.42401403865811,110.30555156742987,0.6813067481454949,REG_T_ACC,caténaire,,22.026848746529293,0.017597583378607007,22.026848746529293,0.03452139372810386,-0.9994039590551306,0.9601027607874061,0.27964743647743456,19.994896937076202,-102.7463829716674,0.0,-50.0,-0.016895488384987157,-0.004921119080025361,0.0004100957319982555,58.83394635328353,8.829000000000008,-0.0164853926529889,2.52342034983144e-05,0.7603975181683287,-22.013719842789914,0.016895488384987157,0.004921119080025361,-0.3998713389269902,0.0,0.0,0.7772930065533158,-22.408670062636876
4.5,0.0,110.0,110.49714471347266,110.37766392587888,0.7313067481454947,REG_T_ACC,caténaire,,22.055010485487134,0.01759306575535507,22.055010485487134,0.034484774239516666,-0.9994052232931592,0.9598360839877533,0.2805613869994491,19.994659035623638,-102.81371320372953,0.0,-50.0,-0.016886459339959057,-0.00493593492989493,0.00042946890921333495,58.83393495038649,8.829000000000008,-0.01645699043074572,-9.845434121302787e-07,0.7605620574421967,-22.041892678981235,0.016886459339959057,0.00493593492989493,-0.40013616230901733,0.0,5.551115123125783e-17,0.7774485167821558,-22.43709290636036
4.6,0.0,110.0,110.57527538828721,110.45481090776522,0.7813067481454945,REG_T_ACC,caténaire,,22.08519250733059,0.017588555807361274,22.08519250733059,0.03443852740191999,-0.9994068179827407,0.9593082656580031,0.28236085323612775,19.994415648839862,-102.88104343374542,0.0,-50.0,-0.016872846966988743,-0.004966319624957779,0.00044925158963422655,58.833938808157356,8.829000000000008,-0.016423595377354515,-2.7511467607155282e-05,0.7605815073403824,-22.07209196828753,0.016872846966988743,0.004966319624957779,-0.4004190918676044,0.0,5.551115123125783e-17,0.7774543543073712,-22.467544740530176
4.699999999999999,0.0,110.0,110.65840606310175,110.53694504995846,0.8313067481454943,REG_T_ACC,caténaire,,22.117399041193643,0.017584138815372904,22.117399041193643,0.03438284707367982,-0.9994087351164727,0.9585178950843979,0.28503235746661376,19.994166787854027,-102.94837367046838,0.0,-50.0,-0.016854711724183093,-0.005012048540565928,0.00046943511793495334,58.83395797962667,8.829000000000008,-0.01638527660624814,-5.4068913904359306e-05,0.7604591489009137,-22.104321799825623,0.016854711724183093,0.005012048540565928,-0.40072012760275116,0.0,-5.551115123125783e-17,0.7773138606250968,-22.50002987888781
4.799999999999999,0.0,110.0,110.7465367379163,110.62392728473469,0.8813067481454941,REG_T_ACC,caténaire,,22.151634601199298,0.017579944041682994,22.151634601199298,0.034318154167600756,-0.9994109586624158,0.9574664620247707,0.2885445790476205,19.993912465429762,-103.01570392264186,0.0,-50.0,-0.016832206824183665,-0.005072597553188144,0.0004900104206675004,58.83399236692859,8.829000000000008,-0.016342196403516165,-8.023062460438268e-05,0.7602032113083168,-22.13858637272413,0.016832206824183665,0.005072597553188144,-0.40103926951445795,0.0,0.0,0.7770354181325004,-22.534553044685403
4.899999999999999,0.0,110.0,110.83966741273085,110.71579175819478,0.931306748145494,REG_T_ACC,caténaire,,22.18790397871505,0.017576144990316935,22.18790397871505,0.034244564552116746,-0.9994134828981627,0.9561451882795822,0.2928931186112131,19.993652695930944,-103.08303419892374,0.0,-50.0,-0.01680534646099582,-0.005147931919376777,0.0005109680148537635,58.83404182039803,8.829000000000008,-0.016294378446142056,-0.00010611152135453494,0.7598151100752755,-22.17489039357761,0.01680534646099582,0.005147931919376777,-0.40137651760272464,0.0,-5.551115123125783e-17,0.7766204565362713,-22.571118979260955
4.999999999999998,0.0,110.0,110.93779808754539,110.8126597628191,0.9813067481454938,REG_T_ACC,caténaire,,22.22621228507507,0.017572957882825334,22.22621228507507,0.034162033510118865,-0.9994163073846922,0.9545392136867685,0.2980853728954942,19.993387495305864,-103.15036450789627,0.0,-50.0,-0.016774077399622795,-0.005238241703378803,0.0005322979403985989,58.83410625234057,8.829000000000008,-0.016241779459224195,-0.00013198936282066143,0.7592926088857502,-22.21323900909801,0.016774077399622795,0.005238241703378803,-0.4017318718675511,0.0,5.551115123125783e-17,0.776066686285373,-22.609732639262184
5.099999999999998,0.0,110.0,111.03779808754538,110.9118893598282,1.0,REG_T_ACC,caténaire,,22.26585164274445,0.017570505592415797,22.26585164274445,0.0340758835958562,-0.9994192484423949,0.9527829173898553,0.3036522885309386,19.99311688095756,-103.21769485774551,0.0,-50.0,-0.01674087757835669,-0.005335324233782713,0.0005539912176502952,58.834183888779485,8.829000000000008,-0.016186886360706396,-0.00015143545430618133,0.7587285687407634,-22.252920714721522,0.01674087757835669,0.005335324233782713,-0.40209399539874885,0.0,0.0,0.7754694463191202,-22.649679385886486
5.1999999999999975,0.0,110.0,111.13779808754538,111.0111935599656,1.0,REG_T_ACC,caténaire,,22.305928928649454,0.017568738478162784,22.305928928649454,0.0339903667115184,-0.9994221605361853,0.9509976281364366,0.30919817476639755,19.992840871082613,-103.28502525473252,0.0,-50.0,-0.016707828622082158,-0.0054322218703961095,0.0005760418652152614,58.83427018918784,8.829000000000008,-0.016131786756866898,-0.0001620326825602092,0.7581867041258618,-22.293039682637435,0.016707828622082158,0.0054322218703961095,-0.4024561189299464,0.0,-5.551115123125783e-17,0.774894532747944,-22.690063579696986
5.299999999999997,0.0,110.0,111.23779808754539,111.11073216557958,1.0,REG_T_ACC,caténaire,,22.346099509961647,0.017567636612128217,22.346099509961647,0.03390505812178541,-0.9994250582378644,0.9491757708047375,0.31474649500388757,19.99255948406445,-103.35235570256009,0.0,-50.0,-0.016674775022534328,-0.005529352049169326,0.0005984451994619732,58.83436123079524,8.829000000000008,-0.016076329823072354,-0.00016812125393528277,0.7576458026804501,-22.333251804132534,0.016674775022534328,0.005529352049169326,-0.40281824246114417,0.0,0.0,0.7743205777029845,-22.73054069454451
5.399999999999997,0.0,110.0,111.3377980875454,111.21009829019933,1.0,REG_T_ACC,caténaire,,22.38631568755131,0.01756716555895838,22.38631568755131,0.033820695126294056,-0.999427916650908,0.9473398207155256,0.3202300174666263,19.99227273835837,-103.4196862032381,0.0,-50.0,-0.016642075471103586,-0.005625533733784358,0.0006211966341183092,58.83445468290586,8.829000000000008,-0.016020878836985275,-0.0001708508279349985,0.7571207578696467,-22.373508849098947,0.016642075471103586,0.005625533733784358,-0.40318036599234186,0.0,0.0,0.7737628333407504,-22.771063681357504
5.4999999999999964,0.0,110.0,111.43779808754539,111.30946372636446,1.0,REG_T_ACC,caténaire,,22.426570418676064,0.017567312409857292,22.426570418676064,0.033736951801843655,-0.9994307470170807,0.9454811305035089,0.32567688260269045,19.99198065244712,-103.48701675772227,0.0,-50.0,-0.016609562397180193,-0.00572126754134988,0.0006442915936307564,58.83454925096698,8.829000000000008,-0.015965270803549435,-0.00017201657437482254,0.7566041252955271,-22.413804026568585,0.016609562397180193,0.00572126754134988,-0.40354248952353944,0.0,-5.551115123125783e-17,0.7732136876927073,-22.811625248550772
5.599999999999996,0.0,110.0,111.5377980875454,111.40896640689158,1.0,REG_T_ACC,caténaire,,22.466862510940953,0.017568096900484338,22.466862510940953,0.033653567800519535,-0.999433558259025,0.9435924789261619,0.3311090963926857,19.9916832448785,-103.5543473664693,0.0,-50.0,-0.01657712410434304,-0.005816956690058512,0.0006677253666588603,58.83464434123457,8.829000000000008,-0.01590939873768418,-0.00017261545549729362,0.7560900807769019,-22.45413634222601,0.01657712410434304,0.005816956690058512,-0.4039046130547372,0.0,0.0,0.772667204881245,-22.85222399859069
5.699999999999996,0.0,110.0,111.6377980875454,111.50839367860789,1.0,REG_T_ACC,caténaire,,22.50719158999454,0.01756948204433721,22.50719158999454,0.033570910566080775,-0.9994363381245273,0.9416861243407332,0.3364925604290969,19.99138053425273,-103.62167802963391,0.0,-50.0,-0.016544937453006007,-0.005911999998512071,0.000691493398724743,58.834739477240674,8.829000000000008,-0.015853444054281265,-0.0001725227578432964,0.7555869159613521,-22.4945051441713,0.016544937453006007,0.005911999998512071,-0.40426673658593487,0.0,0.0,0.7721318534143581,-22.89285988075872
5.799999999999995,0.0,110.0,111.7377980875454,111.60788788111985,1.0,REG_T_ACC,caténaire,,22.547557516129174,0.01757146817130022,22.547557516129174,0.03348873176963335,-0.9994390951150858,0.9397545229204124,0.34185002069712966,19.991072539215676,-103.68900874718365,0.0,-50.0,-0.01651286668833145,-0.006006806758037935,0.0007155910318224195,58.834834483371715,8.829000000000008,-0.015797275656509027,-0.00017232338633021982,0.7550891057180303,-22.534910480975494,0.01651286668833145,0.006006806758037935,-0.4046288601171325,0.0,1.1102230246251565e-16,0.7716019724063617,-22.93353253433459
5.899999999999995,0.0,110.0,111.8377980875454,111.70735371664647,1.0,REG_T_ACC,caténaire,,22.587960236536343,0.01757405570566497,22.587960236536343,0.033407192743973725,-0.9994418239562356,0.9378035238238165,0.3471664596467126,19.99075927847433,-103.75633951902127,0.0,-50.0,-0.016481011368648657,-0.006101122700969817,0.0007400136144263156,58.83492927163113,8.829000000000008,-0.01574099775422234,-0.00017185106984385357,0.7546003413151839,-22.575352178254807,0.016481011368648657,0.006101122700969817,-0.4049909836483301,0.0,5.551115123125783e-17,0.7710813526838326,-22.974242039202167
5.999999999999995,0.0,110.0,111.9377980875454,111.80681619357507,1.0,REG_T_ACC,caténaire,,22.628399697201885,0.017577233740350043,22.628399697201885,0.033326244058524884,-0.9994445264530452,0.9358321777708937,0.3524459320925503,19.990440770781653,-103.8236703449881,0.0,-50.0,-0.01644934093041981,-0.006195024529226295,0.0007647565498446543,58.83502376038482,8.829000000000008,-0.015684584380575156,-0.00017126414441293036,0.7541195709628006,-22.61583021976017,0.01644934093041981,0.006195024529226295,-0.4053531071795278,0.0,0.0,0.7705689118932204,-23.014988302410472
6.099999999999994,0.0,110.0,112.0377980875454,111.90627715856776,1.0,REG_T_ACC,caténaire,,22.6688758394969,0.017580970520089508,22.6688758394969,0.033245873366539405,-0.9994472031598747,0.9338408463324446,0.35768879451431457,19.99011703493823,-103.8910012248921,0.0,-50.0,-0.016417828389826142,-0.006288516151722518,0.000789815256362032,58.835117873013814,8.829000000000008,-0.01562801313346411,-0.00017064313791337327,0.7536465755217185,-22.65634455656363,0.016417828389826142,0.006288516151722518,-0.4057152307107254,0.0,-5.551115123125783e-17,0.7700644039115447,-23.055771271122634
6.199999999999994,0.0,110.0,112.13779808754539,112.00573404304744,1.0,REG_T_ACC,caténaire,,22.709388690083554,0.017585301214970105,22.709388690083554,0.033166068613690855,-0.9994498546163844,0.9318301567205924,0.362894694127754,19.989788089792818,-103.95833215852251,0.0,-50.0,-0.01638651398712442,-0.006381612505550997,0.0008151850680516927,58.83521165250298,8.829000000000008,-0.015571328919072727,-0.00016996000258018285,0.7531811434702862,-22.69689522473097,0.01638651398712442,0.006381612505550997,-0.40607735424192304,0.0,-5.551115123125783e-17,0.7695676574574106,-23.096590966467343
6.299999999999994,0.0,110.0,112.23779808754539,112.10526674871731,1.0,REG_T_ACC,caténaire,,22.7499381961051,0.01759017381493055,22.7499381961051,0.033086683872863065,-0.9994524857892432,0.9297957889422525,0.3680757950005062,19.98945395424816,-104.02566314567922,0.0,-50.0,-0.0163552695398847,-0.006474517211127649,0.000840861414846969,58.835305049178515,8.829000000000008,-0.015514408125037732,-0.0001694680326167486,0.752720013221702,-22.73748228164889,0.0163552695398847,0.006474517211127649,-0.4064394777731207,0.0,-5.551115123125783e-17,0.7690752827615868,-23.137447242210882
6.399999999999993,0.0,110.0,112.33779808754538,112.20473226383974,1.0,REG_T_ACC,caténaire,,22.790524358971645,0.017595587092030796,22.790524358971645,0.03300796399897863,-0.9994550886921544,0.9277466981216419,0.3732104823345547,19.989114647258134,-104.09299418616075,0.0,-50.0,-0.01632424782614335,-0.006566857545576479,0.0008668396471010543,58.83539808785678,8.829000000000008,-0.015457408179042297,-0.00016876968880552567,0.7522688075587816,-22.77810554453671,0.01632424782614335,0.006566857545576479,-0.40680160130431836,0.0,-5.551115123125783e-17,0.768593055384925,-23.178340288295455
6.499999999999993,0.0,110.0,112.43779808754537,112.30424353422936,1.0,REG_T_ACC,caténaire,,22.831147184430062,0.01760156304185188,22.831147184430062,0.03292971355652797,-0.9994576699215856,0.9256765460405075,0.37831591575099804,19.988770187818314,-104.16032527974356,0.0,-50.0,-0.0162933540814957,-0.006658951440827117,0.0008931151856745936,58.83549074325075,8.829000000000008,-0.015400238895821105,-0.0001682081900824528,0.751823136950212,-22.818765166587237,0.0162933540814957,0.006658951440827117,-0.407163724835516,0.0,5.551115123125783e-17,0.7681164910317076,-23.219269939981928
6.5999999999999925,0.0,110.0,112.53779808754537,112.40376923135173,1.0,REG_T_ACC,caténaire,,22.871806656500933,0.01760806975509812,22.871806656500933,0.03285197074756851,-0.9994602283322737,0.923587643086852,0.38338735703890087,19.988420594977722,-104.22765642622727,0.0,-50.0,-0.016262595644419956,-0.006750711325963675,0.000919683403114771,58.835583061336834,8.829000000000008,-0.015342912241305184,-0.00016764998913743057,0.7513839232234113,-22.85946110327804,0.016262595644419956,0.006750711325963675,-0.4075258483667136,0.0,0.0,0.7676465188678313,-23.26023624031879
6.699999999999992,0.0,110.0,112.63779808754536,112.50332241842185,1.0,REG_T_ACC,caténaire,,22.9125027768596,0.017615099031493435,22.9125027768596,0.03277471720607402,-0.9994627646451176,0.9214795808472628,0.3884268040204654,19.988065887838935,-104.2949876254281,0.0,-50.0,-0.016231954072123595,-0.00684217661930699,0.0009465396420891665,58.83567506831734,8.829000000000008,-0.015285414430034429,-0.00016710830197297355,0.7509507989949591,-22.900193370299032,0.016231954072123595,0.00684217661930699,-0.40788797189791126,0.0,0.0,0.7671827530670827,-23.301239165577634
6.799999999999992,0.0,110.0,112.73779808754536,112.60288663146146,1.0,REG_T_ACC,caténaire,,22.95323552320512,0.017622644459190987,22.95323552320512,0.03269795703009005,-0.9994652788396695,0.9193538204943905,0.3934317637689768,19.987706085550045,-104.36231887714456,0.0,-50.0,-0.016201445510771538,-0.006933308091853096,0.0009736793974045184,58.83576668111124,8.829000000000008,-0.015227766113367019,-0.0001666269806221976,0.7505239088392974,-22.94096194247281,0.016201445510771538,0.006933308091853096,-0.4082500954291089,0.0,0.0,0.7667253543500689,-23.34227872981007
6.8999999999999915,0.0,110.0,112.83779808754535,112.70241728510517,1.0,REG_T_ACC,caténaire,,22.994004934040348,0.017630738151561787,22.994004934040348,0.0326217789927264,-0.9994677681322944,0.9172135250386088,0.3983959707203995,19.987341207302507,-104.42965018117295,0.0,-50.0,-0.01617115148902667,-0.007024015040408641,0.0010010979844110044,58.835857995111674,8.829000000000008,-0.015170053504615668,-0.00016601992874143434,0.7501053471159246,-22.981766791848273,0.01617115148902667,0.007024015040408641,-0.40861221896030653,0.0,0.0,0.7662764986049513,-23.383354995768173
6.999999999999991,0.0,110.0,112.93779808754536,112.80192817123498,1.0,REG_T_ACC,caténaire,,23.034810968575524,0.01763932919141662,23.034810968575524,0.03254614838409696,-0.9994702337865597,0.9150583014228886,0.40332159004578216,19.986971272339503,-104.49698153733645,0.0,-50.0,-0.01614101460813687,-0.007114322296823132,0.0010287908886054042,58.8359489768435,8.829000000000008,-0.015112223719531465,-0.0001653454533325771,0.7496943757828832,-23.02260790399139,0.01614101460813687,0.007114322296823132,-0.4089743424915042,0.0,0.0,0.7658353903910201,-23.42446792418607
7.099999999999991,0.0,110.0,113.03779808754535,112.90151431635469,1.0,REG_T_ACC,caténaire,,23.075653620230877,0.017648418567137718,23.075653620230877,0.032470896735816074,-0.9994726814001332,0.9128825707819043,0.408222258044097,19.986596299942637,-104.56431294544275,0.0,-50.0,-0.01611093371180377,-0.007204477278384326,0.0010567534839552894,58.836039635796396,8.829000000000008,-0.01505418022784848,-0.00016484148199680249,0.7492871658139771,-23.063485398872846,0.01611093371180377,0.007204477278384326,-0.40933646602270185,0.0,0.0,0.7653980995257809,-23.46561738761716
7.19999999999999,0.0,110.0,113.13779808754535,113.00101098782919,1.0,REG_T_ACC,caténaire,,23.116532860378143,0.0176579815352349,23.116532860378143,0.03239627979454002,-0.9994751027691855,0.9106972180393504,0.41307454176623853,19.986216309442348,-104.63164440530039,0.0,-50.0,-0.016081074660328643,-0.007294062631183858,0.001084981288792072,58.83612991925079,8.829000000000008,-0.014996093371536571,-0.00016414338040249277,0.7488896664244888,-23.104399056293698,0.016081074660328643,0.007294062631183858,-0.4096985895538995,0.0,0.0,0.7649707410848174,-23.50680358321641
7.29999999999999,0.0,110.0,113.23779808754536,113.10066560543498,1.0,REG_T_ACC,caténaire,,23.15744872281235,0.01766805425982124,23.15744872281235,0.032321901946161746,-0.9994775108298249,0.9084868079101699,0.4179135315507146,19.985831320205094,-104.69897591670463,0.0,-50.0,-0.01605119421648868,-0.007383718951351541,0.001113469665250487,58.83621988884931,8.829000000000008,-0.014937724551238192,-0.00016383010205345272,0.7484927869420094,-23.145349206645797,0.01605119421648868,0.007383718951351541,-0.4100607130850972,0.0,0.0,0.7645439811584981,-23.548026200779542
7.39999999999999,0.0,110.0,113.33779808754535,113.20023328653488,1.0,REG_T_ACC,caténaire,,23.198401195781003,0.017678608106529076,23.198401195781003,0.032248151250090375,-0.9994798931148896,0.9062674340007254,0.4227047883212827,19.985441351650564,-104.76630747948504,0.0,-50.0,-0.01602154680540853,-0.007472832297485286,0.0011422140717861186,58.836309557076376,8.829000000000008,-0.014879332733622411,-0.00016327522111936332,0.7481055505218231,-23.186335547595522,0.01602154680540853,0.007472832297485286,-0.41042283661629486,0.0,0.0,0.7641270973272317,-23.589285551914333
7.499999999999989,0.0,110.0,113.43779808754536,113.29980020194635,1.0,REG_T_ACC,caténaire,,23.23939023392887,0.01768961199820933,23.23939023392887,0.03217487930418712,-0.9994822545407003,0.9040339915889741,0.4274605736810199,19.985046423233403,-104.83363909345152,0.0,-50.0,-0.01599201054440139,-0.007561611692949213,0.0011712099783895511,58.83639887062926,8.829000000000008,-0.014820800566011838,-0.00016274106369706942,0.7477245758795663,-23.22735814515836,0.01599201054440139,0.007561611692949213,-0.4107849601474925,0.0,0.0,0.7637165864239677,-23.6305814936129
7.599999999999989,0.0,110.0,113.53779808754535,113.39937276570588,1.0,REG_T_ACC,caténaire,,23.28041592715526,0.01770114320372719,23.28041592715526,0.03210207129263846,-0.9994845956885591,0.9017864654029646,0.43218187238248157,19.98464655445737,-104.90097075842445,0.0,-50.0,-0.01596265136328085,-0.007650113213097255,0.0012004528129909672,58.83648790542274,8.829000000000008,-0.014762198550289884,-0.00016220779036046906,0.7473495718158141,-23.26841710041427,0.01596265136328085,0.007650113213097255,-0.4111470836786902,0.0,0.0,0.763312223179095,-23.67191407087986
7.699999999999989,0.0,110.0,113.63779808754535,113.49893543869126,1.0,REG_T_ACC,caténaire,,23.321478168474922,0.01771308798683741,23.321478168474922,0.032029758485379395,-0.9994869156579131,0.8995262366805394,0.43686674115037194,19.984241764861174,-104.96830247424023,0.0,-50.0,-0.015933387376791126,-0.007738259024519461,0.0012299380767804853,58.83657665580403,8.829000000000008,-0.014703449300010642,-0.00016160322049785236,0.7469813132583,-23.30951228319236,0.015933387376791126,0.007738259024519461,-0.4115092072098878,0.0,1.1102230246251565e-16,0.7629147006350911,-23.713283231377726
7.799999999999988,0.0,110.0,113.73779808754536,113.59860171225594,1.0,REG_T_ACC,caténaire,,23.36257700043684,0.017725491782174706,23.36257700043684,0.03195774424011128,-0.9994892208438687,0.897246236980877,0.4415305088254445,19.983832074029568,-105.03563424073101,0.0,-50.0,-0.015904130800191714,-0.007826345405764833,0.001259661195451018,58.8366651169042,8.829000000000008,-0.014644469604740695,-0.00016122850157529456,0.7466152605698667,-23.350643883071506,0.015904130800191714,0.007826345405764833,-0.4118713307410855,0.0,0.0,0.7625193913700584,-23.754688868406827
7.899999999999988,0.0,110.0,113.83779808754537,113.6981790278811,1.0,REG_T_ACC,caténaire,,23.403712415903286,0.017738353760840632,23.403712415903286,0.031886321901250674,-0.9994915019526728,0.8949595725482357,0.4461472441966662,19.983417501588747,-105.10296605772496,0.0,-50.0,-0.01587510949951132,-0.007913917646984618,0.0012896177072225011,58.83675325217513,8.829000000000008,-0.014585491792288819,-0.00016066547186710523,0.7462583077777892,-23.39181167383959,0.01587510949951132,0.007913917646984618,-0.4122334542722832,0.0,0.0,0.7621334172773006,-23.79613121046489
7.999999999999988,0.0,110.0,113.93779808754537,113.7977529127911,1.0,REG_T_ACC,caténaire,,23.444884423521373,0.017751682109929837,23.444884423521373,0.031815359537568366,-0.999493763310955,0.8926609704879058,0.45072873412684694,19.982998067195297,-105.17029792504266,0.0,-50.0,-0.015846233780042764,-0.008001193206030871,0.0013198031392762048,58.83684109595604,8.829000000000008,-0.01452643064076656,-0.00016009724999577202,0.7459074272510687,-23.433015762855767,0.015846233780042764,0.008001193206030871,-0.4125955778034809,0.0,-1.1102230246251565e-16,0.7617536610311115,-23.837610147453216
8.099999999999987,0.0,110.0,114.03779808754537,113.8974356726978,1.0,REG_T_ACC,caténaire,,23.486092979377243,0.017765421449148146,23.486092979377243,0.03174467097757513,-0.9994960109297713,0.8903433034696592,0.4552897999809952,19.982573790548233,-105.2376298425266,0.0,-50.0,-0.0158173240205653,-0.008088415178160741,0.0013502129206121936,58.83692867867443,8.829000000000008,-0.014467111099953106,-0.0001597365037326881,0.7455582941790677,-23.47425624521326,0.0158173240205653,0.008088415178160741,-0.4129577013346785,0.0,0.0,0.7613756181996331,-23.87912553136978
8.199999999999987,0.0,110.0,114.13779808754538,113.99704025496357,1.0,REG_T_ACC,caténaire,,23.52733815536006,0.017779631451535636,23.52733815536006,0.03167455120670268,-0.9994982355191298,0.8880194509086294,0.45980588818319446,19.98214469139742,-105.30496181003791,0.0,-50.0,-0.015788658558950473,-0.008175179231143201,0.001380842566398642,58.837016014643616,8.829000000000008,-0.014407815992551832,-0.00015916458753650886,0.7452178771593619,-23.515532972744275,0.015788658558950473,0.008175179231143201,-0.4133198248658762,0.0,0.0,0.7610065357183124,-23.92067761837901
8.299999999999986,0.0,110.0,114.23779808754537,114.09668508653986,1.0,REG_T_ACC,caténaire,,23.568619863725626,0.017794249980083318,23.568619863725626,0.03160479586758482,-0.9995004436608161,0.8856818604800346,0.4642926254170149,19.981710789512114,-105.37229382740513,0.0,-50.0,-0.015760044428207012,-0.008261739040579549,0.0014116877362816275,58.83710300936094,8.829000000000008,-0.014348356691925385,-0.0001587296796472515,0.7448814196737532,-23.556846010266888,0.015760044428207012,0.008261739040579549,-0.41368194839707384,0.0,0.0,0.7606414641019602,-23.96226621962338
8.399999999999986,0.0,110.0,114.33779808754537,114.19629257006125,1.0,REG_T_ACC,caténaire,,23.609938118562514,0.017809285474700242,23.609938118562514,0.03153554605318282,-0.9995026309795925,0.8833360925940691,0.4687401705856263,19.981272104693286,-105.439625894452,0.0,-50.0,-0.015731584643114024,-0.008347927511419108,0.0014427439063854528,58.8371897577838,8.829000000000008,-0.014288840736728571,-0.0001581697276265004,0.7445522908507246,-23.598195266768602,0.015731584643114024,0.008347927511419108,-0.41404407192827153,0.0,0.0,0.7602838754938386,-24.003891411185453
8.499999999999986,0.0,110.0,114.43779808754536,114.29599848552915,1.0,REG_T_ACC,caténaire,,23.65129294485712,0.017824751497862997,23.65129294485712,0.03146655549479338,-0.9995048053337678,0.8809733589662923,0.4731658702734681,19.980828656788663,-105.50695801103657,0.0,-50.0,-0.015703131199811815,-0.00843406405489465,0.0014740066672516967,58.83727621533283,8.829000000000008,-0.014229124532560119,-0.00015784872207547096,0.7442247219729616,-23.63958095074133,0.015703131199811815,0.00843406405489465,-0.41440619545946916,0.0,0.0,0.7599278531727734,-24.045553082145904
8.599999999999985,0.0,110.0,114.53779808754537,114.39558250207754,1.0,REG_T_ACC,caténaire,,23.69268425154235,0.017840560752559978,23.69268425154235,0.03139817807591628,-0.999506955660396,0.878608989472181,0.4775418762984803,19.980380465672066,-105.57429017700115,0.0,-50.0,-0.015674877054423775,-0.008519614855994518,0.001505471608665849,58.837362396883755,8.829000000000008,-0.014169405445757927,-0.0001572179722444389,0.7439071192263839,-23.681002707682104,0.015674877054423775,0.008519614855994518,-0.41476831899066685,0.0,0.0,0.7595819962808077,-24.087251411816776
8.699999999999985,0.0,110.0,114.63779808754538,114.49525678185498,1.0,REG_T_ACC,caténaire,,23.73411215078641,0.017856837809106543,23.73411215078641,0.03133008014692528,-0.9995090925439283,0.8762288604799344,0.48189520028947724,19.979927551248934,-105.64162239217136,0.0,-50.0,-0.015646676645248436,-0.008605124432556108,0.001537134228017983,58.83744830212471,8.829000000000008,-0.014109542417230453,-0.0001568223078507458,0.7435916359002513,-23.722460898168347,0.015646676645248436,0.008605124432556108,-0.41513044252186454,0.0,0.0,0.7592383125454998,-24.128986216257655
8.799999999999985,0.0,110.0,114.73779808754537,114.59493940076469,1.0,REG_T_ACC,caténaire,,23.775576640732808,0.017873549235907366,23.775576640732808,0.03126238866727098,-0.9995112120705884,0.8738389110758,0.4862155463267912,19.979469933474522,-105.70895465642043,0.0,-50.0,-0.01561860280136499,-0.008690397506535502,0.001568990166349691,58.83753399814513,8.829000000000008,-0.0140496126350153,-0.00015639936140843247,0.7432813177310779,-23.763955425856018,0.01561860280136499,0.008690397506535502,-0.4154925660530622,0.0,0.0,0.7588999205324428,-24.170757594402545
8.899999999999984,0.0,110.0,114.83779808754538,114.69467401919295,1.0,REG_T_ACC,caténaire,,23.817077656964813,0.017890648748857416,23.817077656964813,0.031195028810752142,-0.9995133166584107,0.8714364737638808,0.490508381369751,19.97900763231382,-105.77628696959958,0.0,-50.0,-0.015590563859052492,-0.008775513159456811,0.0016010351163433924,58.8376194163029,8.829000000000008,-0.0139895287427091,-0.0001560968565641474,0.7429744236969384,-23.80548628202383,0.015590563859052492,0.008775513159456811,-0.41585468958425986,0.0,-1.1102230246251565e-16,0.7585649875559909,-24.212565458448633
8.999999999999984,0.0,110.0,114.93779808754539,114.79426538083297,1.0,REG_T_ACC,caténaire,,23.858615177746636,0.017908098878062124,23.858615177746636,0.031128279660856597,-0.9995153976829749,0.8690354211869422,0.494749872887739,19.97854066777306,-105.84361933157614,0.0,-50.0,-0.015562772251154124,-0.008860029643582297,0.0016332646594106083,58.83770461077623,8.829000000000008,-0.013929507591743516,-0.00015541886736514243,0.7426776455736551,-23.84705323755049,0.015562772251154124,0.008860029643582297,-0.4162168131154576,0.0,5.551115123125783e-17,0.7582404178248092,-24.254410021022366
9.099999999999984,0.0,110.0,115.03779808754538,114.89401356898207,1.0,REG_T_ACC,caténaire,,23.900189213189094,0.017925930256204686,23.900189213189094,0.031061696464944263,-0.9995174690883194,0.8666153093560429,0.498976858771757,19.978069059879182,-105.91095174219495,0.0,-50.0,-0.015534885594475674,-0.008944624369802612,0.0016656744763052793,58.83778951180762,8.829000000000008,-0.013869211118170395,-0.00015511256219014058,0.7423804227948148,-23.888656633098716,0.015534885594475674,0.008944624369802612,-0.4165789366466552,0.0,0.0,0.7579153083892904,-24.296290945375567
9.199999999999983,0.0,110.0,115.13779808754539,114.99370313929938,1.0,REG_T_ACC,caténaire,,23.941799801087818,0.017944180146529654,23.941799801087818,0.030995599545627656,-0.9995195209743566,0.8641914218745932,0.5031631806465662,19.977592828693194,-105.97828420129774,0.0,-50.0,-0.015507206555203308,-0.009028850756622827,0.0016982602377083702,58.837874156547365,8.829000000000008,-0.013808946317494937,-0.0001546942092645054,0.7420904390361058,-23.930296268447243,0.015507206555203308,0.009028850756622827,-0.41694106017785293,0.0,5.551115123125783e-17,0.7575976455913092,-24.338208477868474
9.299999999999983,0.0,110.0,115.23779808754539,115.0933789285422,1.0,REG_T_ACC,caténaire,,23.983446824344252,0.017962728796983834,23.983446824344252,0.03092990617388799,-0.9995215559977056,0.8617609827893253,0.5073145065361092,19.977111994294724,-106.04561670873424,0.0,-50.0,-0.015479578821666904,-0.009112752895683812,0.0017310176648495407,58.83795852450294,8.829000000000008,-0.013748561156817362,-0.0001542283927520316,0.7418057600033996,-23.9719720880568,0.015479578821666904,0.009112752895683812,-0.4173031837090506,0.0,5.551115123125783e-17,0.7572853388250665,-24.380162518870165
9.399999999999983,0.0,110.0,115.3377980875454,115.1930341311049,1.0,REG_T_ACC,caténaire,,24.025130482652415,0.01798176383550897,24.025130482652415,0.030864625168106726,-0.9995235739657331,0.859324835249263,0.5114301785423178,19.976626576800935,-106.11294926436581,0.0,-50.0,-0.015452176245439899,-0.009196416688900144,0.001763942392466512,58.83804268118842,8.829000000000008,-0.013688233852973387,-0.00015373550048991547,0.7415266469619218,-24.01368428501382,0.015452176245439899,0.009196416688900144,-0.4176653072402482,0.0,0.0,0.7569788232073618,-24.422153175565168
9.499999999999982,0.0,110.0,115.43779808754539,115.29281856983344,1.0,REG_T_ACC,caténaire,,24.066850576991875,0.018001092866336832,24.066850576991875,0.030799552589659294,-0.9995255812435602,0.8568727399572046,0.5155279890735641,19.976136596339966,-106.18028186805307,0.0,-50.0,-0.015424645766602131,-0.009280067206509108,0.0017970302253753612,58.838126582156306,8.829000000000008,-0.013627615541226771,-0.00015348505021250958,0.7412482300135333,-24.055432811669714,0.015424645766602131,0.009280067206509108,-0.41802743077144594,0.0,5.551115123125783e-17,0.7566728757801355,-24.464180175234652
9.599999999999982,0.0,110.0,115.5377980875454,115.3925636307228,1.0,REG_T_ACC,caténaire,,24.10860730733399,0.01802088722590851,24.10860730733399,0.030734912789035507,-0.9995275709733326,0.8544168945253148,0.5195880775669482,19.975642073085215,-106.24761451968782,0.0,-50.0,-0.015397350500151664,-0.009363438149760577,0.0018302767756029803,58.83821033002849,8.829000000000008,-0.013567073724548684,-0.0001531081212817753,0.7409759430560143,-24.09721770144948,0.015397350500151664,0.009363438149760577,-0.41838955430264363,0.0,-5.551115123125783e-17,0.756373293556166,-24.50624381760236
9.699999999999982,0.0,110.0,115.6377980875454,115.49223849084885,1.0,REG_T_ACC,caténaire,,24.150400392436115,0.01804089359285422,24.150400392436115,0.030670729255492094,-0.999529542518347,0.8519598178467819,0.5236071702855855,19.975143027212876,-106.31494721913771,0.0,-50.0,-0.015370116419161256,-0.009446341243577747,0.0018636780117403274,58.83829376706958,8.829000000000008,-0.013506438407420928,-0.0001525741740024955,0.7407103918481381,-24.13903865588658,0.015370116419161256,0.009446341243577747,-0.41875167783384126,0.0,-5.551115123125783e-17,0.7560805082672994,-24.548343992476845
9.799999999999981,0.0,110.0,115.7377980875454,115.59196706198485,1.0,REG_T_ACC,caténaire,,24.192230040875927,0.01806132436018676,24.192230040875927,0.030606852584018365,-0.9995315005415787,0.8494930663632299,0.5275997822220903,19.97463947892702,-106.38227996624559,0.0,-50.0,-0.01534296981331595,-0.009529150799077067,0.0018972295751042841,58.83837698541194,8.829000000000008,-0.013445740238211667,-0.00015216538714213357,0.7404480185397501,-24.180895994203773,0.01534296981331595,0.009529150799077067,-0.41911380136503895,0.0,-5.551115123125783e-17,0.755790988353066,-24.590480644769734
9.89999999999998,0.0,110.0,115.83749163569414,115.69140864408989,0.9969354814873261,REG_T_ACC,caténaire,,24.234023215283482,0.018081974306124876,24.234023215283482,0.0305437099931965,-0.9995334320470983,0.8470422908445328,0.5315255003486155,19.97413144843217,-106.44961276084487,0.0,-50.0,-0.015316196939251996,-0.009611030440353833,0.0019309276928952492,58.83845980394708,8.829000000000008,-0.013385269246356747,-0.00015122649327992121,0.7401969770560101,-24.222716396681356,0.015316196939251996,0.009611030440353833,-0.4194748151619714,0.0,-5.551115123125783e-17,0.7555131739952621,-24.632580181402975
9.99999999999998,0.0,110.0,115.93639858723749,115.79016268394288,0.9890695154335655,REG_T_ACC,caténaire,,24.27561718138095,0.018102513099847957,24.27561718138095,0.03048178456344976,-0.9995353224422975,0.8446383469864301,0.5353373355184847,19.973618955857262,-106.51694560258741,0.0,-50.0,-0.015290076740955776,-0.00969095112906107,0.001964769284563362,58.83854175379611,8.829000000000008,-0.013325307456392413,-0.00014919733295926108,0.7399641330676336,-24.264336846877388,0.015290076740955776,0.00969095112906107,-0.4198329805075001,0.0,0.0,0.7552542098085894,-24.674478876255826
10.09999999999998,0.0,110.0,116.03408829169554,115.88774954841868,0.9768970445805827,REG_T_ACC,caténaire,,24.31682666043613,0.018122646511512814,24.31682666043613,0.030421665836605508,-0.9995371540106581,0.8423178219448377,0.5389811562885151,19.9731020211518,-106.58427849076739,0.0,-50.0,-0.015265028137453686,-0.0097677649717832,0.0019987521556307473,58.838622116799655,8.829000000000008,-0.013266275981822938,-0.00014564817213624792,0.7397583748704478,-24.305571714742825,0.015265028137453686,0.0097677649717832,-0.4201867379149002,0.0,-5.551115123125783e-17,0.7550234030079015,-24.71599068768594
10.19999999999998,0.0,110.0,116.13017726539006,115.98373487838907,0.9608897369451579,REG_T_ACC,caténaire,,24.357479909844955,0.018141908249775063,24.357479909844955,0.030363843844138375,-0.9995389121925213,0.8401141558062392,0.5424096286147309,19.972580663974576,-106.65161142420857,0.0,-50.0,-0.015241273933974023,-0.009840345716123014,0.0020328750860647946,58.83869995772945,8.829000000000008,-0.013208398847909229,-0.00014038798667570518,0.7395867164192699,-24.346248972837618,0.015241273933974023,0.009840345716123014,-0.42053469869953436,0.0,-5.551115123125783e-17,0.7548279903532439,-24.756943325821027
10.29999999999998,0.0,110.0,116.22432698413226,116.07793890658913,0.941497187422009,REG_T_ACC,caténaire,,24.397423371642894,0.018160064864643954,24.397423371642894,0.030308477658986192,-0.9995405925634009,0.8380425544296672,0.5456048725634679,19.972054903606395,-106.71894440120253,0.0,-50.0,-0.015218907147774668,-0.009908219876218375,0.0020671374650125733,58.838774382481255,8.829000000000008,-0.013151769682762094,-0.00013383739496930502,0.7394487611962662,-24.386215013912103,0.015218907147774668,0.009908219876218375,-0.4208756369856562,0.0,-5.551115123125783e-17,0.7546676683440409,-24.79718243102154
10.399999999999979,0.0,110.0,116.31624159734969,116.16984845301553,0.9191461321743049,REG_T_ACC,caténaire,,24.4365211587897,0.01817672081705532,24.4365211587897,0.030256158923242887,-0.9995421776229413,0.8361418312937794,0.5485132978886518,19.971524758873723,-106.78627741953105,0.0,-50.0,-0.015198316630888397,-0.009970173080164322,0.002101539424999894,58.83884450748485,8.829000000000008,-0.013096777205888503,-0.0001256655953199015,0.7393552677115286,-24.425333572585735,0.015198316630888397,0.009970173080164322,-0.42120848142872586,0.0,-5.551115123125783e-17,0.754553584342417,-24.836571880934297
10.499999999999979,0.0,110.0,116.40566558432835,116.25943955570703,0.8942398697866681,REG_T_ACC,caténaire,,24.474654733537943,0.018191745808486242,24.474654733537943,0.03020684755690929,-0.9995436690613742,0.8344156520733703,0.5511356634940007,19.970990248097078,-106.85361047651962,0.0,-50.0,-0.01517947744114105,-0.01002611989627427,0.0021360816342942753,58.83890959079618,8.829000000000008,-0.013043395806846774,-0.0001165291001044011,0.739302164543969,-24.463486191370844,0.01517947744114105,0.01002611989627427,-0.4215323067281107,0.0,-5.551115123125783e-17,0.75448164198511,-24.87499237820268
10.599999999999978,0.0,110.0,116.49238134898813,116.34616472742248,0.8671576465977445,REG_T_ACC,caténaire,,24.511721422378596,0.01820470512389506,24.511721422378596,0.030161175509586025,-0.999545048255395,0.8329048930614674,0.553416153644132,19.970451389020127,-106.9209435690683,0.0,-50.0,-0.015162787974433363,-0.010074777887891625,0.0021707653975632955,58.83896889992884,8.829000000000008,-0.012992022576870068,-0.00010587795906502606,0.7393023318624404,-24.500569771954215,0.015162787974433363,0.010074777887891625,-0.42184632491720186,0.0,0.0,0.7544651198368738,-24.912341318983525
10.699999999999978,0.0,110.0,116.57620681027214,116.43015881048173,0.8382546128400975,REG_T_ACC,caténaire,,24.547634212674,0.01821555232172968,24.547634212674,0.030118915099202323,-0.999546322565016,0.8316013690592603,0.5553729944629681,19.96990819877603,-106.98827669370634,0.0,-50.0,-0.01514807824892099,-0.010116425838715883,0.0022055923994237924,58.839021908101365,8.829000000000008,-0.012942485849497198,-9.451773735946745e-05,0.7393481107378025,-24.53649750494947,0.01514807824892099,0.010116425838715883,-0.4221498766376462,0.0,0.0,0.7544961889867234,-24.9485309557484
10.799999999999978,0.0,110.0,116.65699297641825,116.51117505064587,0.8078616614611667,REG_T_ACC,caténaire,,24.582320185381707,0.01822401744967678,24.582320185381707,0.030080312505424023,-0.9995474850148821,0.8305240309490093,0.5569827950809693,19.969360693852412,-107.0556098466634,0.0,-50.0,-0.015135484432390644,-0.01015046417672533,0.0022405648583208463,58.83906803757341,8.829000000000008,-0.012894919574069796,-8.242660332058449e-05,0.7394438732846748,-24.571196317128855,0.015135484432390644,0.01015046417672533,-0.4224424223552137,0.0,5.551115123125783e-17,0.7545793577170654,-24.983488275307344
10.899999999999977,0.0,110.0,116.73462155710358,116.58883480359192,0.7762858068532854,REG_T_ACC,caténaire,,24.615719831044547,0.01822988143782655,24.615719831044547,0.030045786312441407,-0.9995485234468946,0.8297010232378348,0.5582080365223073,19.968808890054376,-107.12294302387116,0.0,-50.0,-0.015125351282469099,-0.010176066323443615,0.0022756854637531244,58.839106811527,8.829000000000008,-0.012849665818715975,-6.925479645047972e-05,0.7395986579704907,-24.60460641070302,0.015125351282469099,0.010176066323443615,-0.4227235337128101,0.0,5.551115123125783e-17,0.7547240092529598,-25.017153878092387
10.999999999999977,0.0,110.0,116.80900329091276,116.66341400306725,0.7438173380917708,REG_T_ACC,caténaire,,24.647786523880775,0.01823320051482957,24.647786523880775,0.030014966388403567,-0.9995494493984292,0.8291133225774378,0.5590805830330738,19.968252802474943,-107.19027622101737,0.0,-50.0,-0.015117389460070994,-0.010193828374389858,0.002310957071355635,58.83913793043029,8.829000000000008,-0.012806432388715358,-5.5897944108096453e-05,0.7398024840628279,-24.636681448835052,0.015117389460070994,0.010193828374389858,-0.4229928874738459,0.0,-5.551115123125783e-17,0.7549198735228989,-25.049480507934508
11.099999999999977,0.0,110.0,116.88007592782398,116.73473896956372,0.7107263691122622,REG_T_ACC,caténaire,,24.67848518167546,0.018233702610757428,24.67848518167546,0.029988020286625682,-0.9995502581857947,0.8287739939521083,0.5595834763006059,19.967692445507364,-107.25760943364587,0.0,-50.0,-0.015111618537252418,-0.010203278692759075,0.002346382784111641,58.839161107060356,8.829000000000008,-0.012765235753140777,-4.2171632408383175e-05,0.7400589142712749,-24.667386234978014,0.015111618537252418,0.010203278692759075,-0.42325025821634416,0.0,-5.551115123125783e-17,0.7551705328085273,-25.0804332145016
11.199999999999976,0.0,110.0,116.9478017206825,116.80262654983812,0.6772579285853165,REG_T_ACC,caténaire,,24.707792047201103,0.01823151319504408,24.707792047201103,0.029965175573515346,-0.9995509433004645,0.8286965146171523,0.5596982103432028,19.9671278328401,-107.32494265716879,0.0,-50.0,-0.015108391440929651,-0.010204145307114658,0.00238196588851023,58.83917621056882,8.829000000000008,-0.01272642555241942,-2.793473829854065e-05,0.7403733267282873,-24.696696847651577,0.015108391440929651,0.010204145307114658,-0.42349550924897494,0.0,-5.551115123125783e-17,0.7554817181692169,-25.10998821159344
11.299999999999976,0.0,110.0,117.01216498407592,116.86722571940429,0.6436326339342481,REG_T_ACC,caténaire,,24.73569293839506,0.018226425158626467,24.73569293839506,0.029946200364894867,-0.9995515119710969,0.8288704013665839,0.5594406650739631,19.96655897741933,-107.39227588689143,0.0,-50.0,-0.015107344336708722,-0.010196603412662803,0.0024177103084467664,58.83918298454889,8.829000000000008,-0.012689634028261955,-1.3618863782483004e-05,0.7407400168976935,-24.724599276225568,0.015107344336708722,0.010196603412662803,-0.4237285837711693,0.0,5.551115123125783e-17,0.7558473612344022,-25.138131256584074
11.399999999999975,0.0,110.0,117.07316980881563,116.92830688945705,0.6100482473971001,REG_T_ACC,caténaire,,24.762182951100154,0.018218532634200545,24.762182951100154,0.029931379367570583,-0.9995519558928162,0.8293121547423736,0.5587856028894816,19.965985891464364,-107.45960911803256,0.0,-50.0,-0.015108850555113107,-0.010180253741763448,0.002453619771826007,58.839181346378645,8.829000000000008,-0.0126552307832871,1.092636871646846e-06,0.7411662918785672,-24.751088400947907,0.015108850555113107,0.010180253741763448,-0.42394949659671766,0.0,-5.551115123125783e-17,0.7562751424336803,-25.16485764380286
11.499999999999975,0.0,110.0,117.13083791455824,116.98620909815321,0.5766810574260806,REG_T_ACC,caténaire,,24.78726518327442,0.01820787780213419,24.78726518327442,0.029920306452171013,-0.9995522874076215,0.8299972424774068,0.5577674941047577,19.96540858646546,-107.52694234575542,0.0,-50.0,-0.015112488367136964,-0.01015576237466203,0.002489698158252884,58.839171276958595,8.829000000000008,-0.012622790208884078,1.551458392867744e-05,0.7416425703947995,-24.776167612521242,0.015112488367136964,0.01015576237466203,-0.42415832637760764,0.0,-5.551115123125783e-17,0.7567550587619365,-25.190170176524187
11.599999999999975,0.0,110.0,117.18520664808152,117.04080551107724,0.5436873352327048,REG_T_ACC,caténaire,,24.810949952131207,0.018194484226667983,24.810949952131207,0.029913140132706212,-0.9995525018964242,0.8309344503375635,0.5563703256305201,19.964827073224622,-107.5942755652625,0.0,-50.0,-0.015118423750061831,-0.010122871113870629,0.0025259493908056773,58.839152832210104,8.829000000000008,-0.012592474359256154,2.9961096224440098e-05,0.7421734227436613,-24.799847099079713,0.015118423750061831,0.010122871113870629,-0.42435520835530954,0.0,0.0,0.757291846493723,-25.21407943632115
11.699999999999974,0.0,110.0,117.23632711399915,117.09203499128004,0.5112046591763816,REG_T_ACC,caténaire,,24.83325389799865,0.018178352940724066,24.83325389799865,0.029909965594392587,-0.9995525968943018,0.8321276492300486,0.5545841463537099,19.964241361837498,-107.66160877175614,0.0,-50.0,-0.015126710099438858,-0.010081426347747908,0.002562377714566559,58.83912598024381,8.829000000000008,-0.012564332384872298,4.4553896053400877e-05,0.7427617696859552,-24.822143423080092,0.015126710099438858,0.010081426347747908,-0.42454032759165516,0.0,0.0,0.7578884797853941,-25.236602324323997
11.799999999999974,0.0,110.0,117.28426243985763,117.14008409512766,0.47935325858477557,REG_T_ACC,caténaire,,24.854199338115635,0.01815956255577791,24.854199338115635,0.029910571026707217,-0.9995525787775531,0.8335627881143406,0.5524247263392967,19.96365146168918,-107.7289419604104,0.0,-50.0,-0.015137135594931015,-0.010031791375316953,0.0025989874569798395,58.839090690343305,8.829000000000008,-0.012538148137951175,5.889896797839356e-05,0.7434032946146472,-24.843079041864836,0.015137135594931015,0.010031791375316953,-0.424713912686345,0.0,0.0,0.7585404302095782,-25.257761163175868
11.899999999999974,0.0,110.0,117.32908616243652,117.18508406285545,0.44823722578897995,REG_T_ACC,caténaire,,24.87381373383775,0.018138346604259233,24.87381373383775,0.029914847242889855,-0.9995524508070772,0.8352295531103388,0.5499014399063744,19.96305738150322,-107.796275126466,0.0,-50.0,-0.015149683128435868,-0.009974302915203048,0.0026357825232670934,58.83904720720471,8.829000000000008,-0.012513900605168774,7.290428949602301e-05,0.7440963381958521,-24.86268147857626,0.015149683128435868,0.009974302915203048,-0.424876229933362,0.0,-5.551115123125783e-17,0.759246021324288,-25.277583405594417
11.999999999999973,0.0,110.0,117.37088072936011,117.22695909278758,0.41794566923584897,REG_T_ACC,caténaire,,24.892128581681153,0.018114710801304047,24.892128581681153,0.029922908438079085,-0.9995522095171449,0.8371323287125448,0.5470004243365008,19.96245912935836,-107.86360826526831,0.0,-50.0,-0.015164410037049946,-0.009908754495046307,0.0026727672269955633,58.83899561684444,8.829000000000008,-0.012491642810054382,8.686234939148108e-05,0.7448448843785366,-24.88098212340427,0.015164410037049946,0.009908754495046307,-0.4250275778949543,0.0,5.551115123125783e-17,0.7600092944155865,-25.296100946804177
12.099999999999973,0.0,110.0,117.40973611964692,117.26602077296901,0.388553902868236,REG_T_ACC,caténaire,,24.909179203228263,0.01808886363465576,24.909179203228263,0.029934415735882035,-0.9995518649647709,0.8392475556387133,0.5437495198659442,19.961856712687197,-107.93094137221118,0.0,-50.0,-0.015181034589666857,-0.009835810916264608,0.0027099457053917993,58.838936062141016,8.829000000000008,-0.012471088884275058,0.00010025122474388581,0.7456417259090217,-24.898016527328494,0.015181034589666857,0.009835810916264608,-0.4251682824063216,0.0,0.0,0.7608227604986886,-25.31334899881855
12.199999999999973,0.0,110.0,117.44574856750803,117.30215238587971,0.3601244786111866,REG_T_ACC,caténaire,,24.925003957974376,0.01806092318011087,24.925003957974376,0.029949570645666942,-0.9995514109930216,0.8415820782103588,0.5401292490090993,19.961250138324637,-107.9982744428161,0.0,-50.0,-0.01519974926431535,-0.009755232873684318,0.002747321933290361,58.83886878407051,8.829000000000008,-0.012452427331024989,0.00011355119681866199,0.7464931668828817,-24.913822875199934,0.01519974926431535,0.009755232873684318,-0.425298691954187,0.0,0.0,0.761692916147197,-25.329366334280436
12.299999999999972,0.0,110.0,117.47901939293335,117.33548272408454,0.33270825425321515,REG_T_ACC,caténaire,,24.939643729311335,0.01803100838160772,24.939643729311335,0.029968254318436367,-0.9995508509991403,0.844125005419558,0.5361464121165328,19.960639412506755,-108.06560747269492,0.0,-50.0,-0.015220425047844712,-0.00966726045064211,0.0027849001985996123,58.83879389283698,8.829000000000008,-0.0124355248492451,0.0001266323863333696,0.7473975858911989,-24.92844211324852,0.015220425047844712,0.00966726045064211,-0.4254191734420758,0.0,0.0,0.7626180109390436,-25.344194026239954
12.399999999999972,0.0,110.0,117.5096539296823,117.36615798916517,0.30634536748961794,REG_T_ACC,caténaire,,24.953141501809966,0.017999277789306094,24.953141501809966,0.02999034269623742,-0.9995501885072917,0.8468639603690377,0.5318095830539998,19.960024540881054,-108.13294045752934,0.0,-50.0,-0.015242939672434215,-0.009572188416403993,0.002822684617920459,58.838711527141804,8.829000000000008,-0.012420255054513756,0.00013933872538984815,0.7483532649869854,-24.941917291983277,0.015242939672434215,0.009572188416403993,-0.42553010830831717,0.0,0.0,0.7635962046594196,-25.35787521187519
12.499999999999972,0.0,110.0,117.53776054757037,117.39430695614753,0.2810661788807586,REG_T_ACC,caténaire,,24.965541967338687,0.017965937717097126,24.965541967338687,0.030015741809476047,-0.9995494261133999,0.8497875750182992,0.5271252956788532,19.959405528546434,-108.2002733931118,0.0,-50.0,-0.015267230645541764,-0.009470300231272684,0.0028606790984419803,58.83862192541588,8.829000000000008,-0.012406551547099784,0.0001516251845998795,0.7493592618252767,-24.954293146063385,0.015267230645541764,0.009470300231272684,-0.42563188898551363,0.0,0.0,0.7646264924708185,-25.370454734817628
12.599999999999971,0.0,110.0,117.56344976164354,117.42012099461057,0.2568921407316982,REG_T_ACC,caténaire,,24.976891055872347,0.017931185853149022,24.976891055872347,0.030044277584782186,-0.9995485687971388,0.8528798295253546,0.5221072652135785,19.958782380084983,-108.2676062753804,0.0,-50.0,-0.015293146733621189,-0.009362002407824045,0.002898887380310779,58.83852536320145,8.829000000000008,-0.01239425935331041,0.00016336079361423117,0.7504126480874922,-24.96561570789926,0.015293146733621189,0.009362002407824045,-0.4257249156746523,0.0,0.0,0.7657057948211133,-25.38197862116609
12.69999999999997,0.0,110.0,117.58683342483005,117.44357263999807,0.23383663186504836,REG_T_ACC,caténaire,,24.98723556040598,0.017895216456480505,24.98723556040598,0.030076058198401433,-0.9995476130346399,0.8561399668870533,0.5167439957064189,19.958155099594922,-108.33493910043661,0.0,-50.0,-0.01532081002448787,-0.009247245655753,0.0029373130689453746,58.838422118021505,8.829000000000008,-0.012383496955542497,0.00017487236574709186,0.7515175509319362,-24.97593166073807,0.01532081002448787,0.009247245655753,-0.42580959342150665,0.0,5.551115123125783e-17,0.766838360956424,-25.39249400850382
12.79999999999997,0.0,110.0,117.60802399927712,117.46484863184257,0.211905744470796,REG_T_ACC,caténaire,,24.99662273335312,0.017858195686036686,24.99662273335312,0.030110901971339088,-0.9995465639891283,0.859551856845967,0.5110485352612314,19.957523690695616,-108.40227186450562,0.0,-50.0,-0.01535004526185147,-0.009126404747757489,0.0029759600551625153,58.83831235326968,8.829000000000008,-0.012374085206688956,0.00018594852191000655,0.752670856738542,-24.985288364455645,0.01535004526185147,0.009126404747757489,-0.4258863294779755,0.0,0.0,0.7680209020003934,-25.402048289185863
12.89999999999997,0.0,110.0,117.62713390284914,117.48404078505015,0.1910990357202004,REG_T_ACC,caténaire,,25.005100013042604,0.017820269293713432,25.005100013042604,0.030148766008690136,-0.9995454226337858,0.8631057987720858,0.5050231481090739,19.956888156535058,-108.46960456391506,0.0,-50.0,-0.015380777763084205,-0.00899964849886262,0.0030148319572727176,58.83819626617397,8.829000000000008,-0.012365945805811487,0.0001966176751011517,0.7538729093171161,-24.99373326053675,0.015380777763084205,0.00899964849886262,-0.42595553093559896,0.0,0.0,0.7692536870802004,-25.41068914297349
12.99999999999997,0.0,110.0,117.64427492549945,117.50140262604785,0.17141022650296395,REG_T_ACC,caténaire,,25.01271489614749,0.01778166610784541,25.01271489614749,0.030189408427759263,-0.9995441959307161,0.8667805214963409,0.4986898109592088,19.9562484998403,-108.53693719513605,0.0,-50.0,-0.015412801822032056,-0.008867535709861199,0.0030539319045666926,58.83807418174469,8.829000000000008,-0.012358869917465362,0.00020664603481890254,0.7551190658868947,-25.001313998913986,0.015412801822032056,0.008867535709861199,-0.4260176026121036,0.0,0.0,0.7705318677089268,-25.418464065816227
13.09999999999997,0.0,110.0,117.6595577093454,117.51678050652627,0.15282783845949582,REG_T_ACC,caténaire,,25.01951451828856,0.017742549961538623,25.01951451828856,0.030233102180901895,-0.9995428752847569,0.8705830393888656,0.49202151531050464,19.95560472295764,-108.60426975480566,0.0,-50.0,-0.015446363072025095,-0.00872971631754857,0.003093263241162293,58.8379463000009,8.829000000000008,-0.012353099830862802,0.00021658368334698253,0.7564175389479765,-25.008077479838867,0.015446363072025095,0.00872971631754857,-0.4260729451686319,0.0,5.551115123125783e-17,0.7718639020200015,-25.42542070868995
13.199999999999969,0.0,110.0,117.6730912906186,117.53036986963866,0.13533581273193113,REG_T_ACC,caténaire,,25.02554551422441,0.01770313830961695,25.02554551422441,0.03027966649245571,-0.9995414657717335,0.8744956762092561,0.4850333104966256,19.95495682783253,-108.67160223965386,0.0,-50.0,-0.015481317907094462,-0.008586611780493147,0.0031328292919157535,58.83781280726246,8.829000000000008,-0.012348488615178708,0.0002261954819573475,0.7577651719624862,-25.014070445025098,0.015481317907094462,0.008586611780493147,-0.4261219534510359,0.0,-5.551115123125783e-17,0.7732464898695807,-25.43160578669564
13.299999999999969,0.0,110.0,117.68498269852311,117.54245764383546,0.11891407904512577,REG_T_ACC,caténaire,,25.0308537313339,0.017663538748842758,25.0308537313339,0.030328799092921674,-0.9995399761618248,0.8784943310361323,0.47775277114568204,19.954304816047948,-108.73893464654847,0.0,-50.0,-0.01551731865689542,-0.008438804585498762,0.0031726330508392124,58.837673971880506,8.829000000000008,-0.012344685606056208,0.0002351672949956196,0.7591557339419347,-25.019338941927607,0.01551731865689542,0.008438804585498762,-0.42616501503724885,0.0,0.0,0.7746730525988301,-25.437065152379358
13.399999999999968,0.0,110.0,117.6953366082008,117.55294916825385,0.10353909677684102,REG_T_ACC,caténaire,,25.035484336928043,0.01762406511043018,25.035484336928043,0.03038070335251571,-0.9995383998945746,0.8825810761878105,0.47016023221362124,19.95364868885718,-108.80626697248748,0.0,-50.0,-0.01555466635196751,-0.008286134544867834,0.0032126774601854867,58.83752998262295,8.829000000000008,-0.012341988891782025,0.0002438480780710961,0.7605956229267643,-25.02392795471874,0.01555466635196751,0.008286134544867834,-0.42620250898059064,0.0,-1.1102230246251565e-16,0.7761502892787319,-25.441844329154463
13.499999999999968,0.0,110.0,117.70425504190533,117.56201842186414,0.08918433704535202,REG_T_ACC,caténaire,,25.03948125406979,0.01758478091730189,25.03948125406979,0.0304352317564007,-0.9995367410295302,0.8867392396076941,0.46226996543142257,19.952988447192755,-108.87359921461069,0.0,-50.0,-0.015593115259276166,-0.008128916066760283,0.003252965303702402,58.837381135767366,8.829000000000008,-0.012340149955573764,0.00025221970059874366,0.7620824150276649,-25.027881489762933,0.015593115259276166,0.008128916066760283,-0.4262348047276491,0.0,0.0,0.7776755302869411,-25.445987378423823
13.599999999999968,0.0,110.0,117.71183711811689,117.5698718739767,0.07582076211571587,REG_T_ACC,caténaire,,25.042887411174956,0.017545919817763506,25.042887411174956,0.030492174665725506,-0.9995350055321499,0.8909499432548663,0.45410152897138606,19.952324091696205,-108.94093137018811,0.0,-50.0,-0.01563253626599083,-0.007967629016455752,0.003293499254173227,58.83722760188336,8.829000000000008,-0.012339037011817603,0.0002599728668997159,0.7636120970756451,-25.031242607069768,0.01563253626599083,0.007967629016455752,-0.4262622612097644,0.0,0.0,0.779244633341636,-25.449537239263076
13.699999999999967,0.0,110.0,117.71817884269034,117.57633259889933,0.06341724573441287,REG_T_ACC,caténaire,,25.0457443684437,0.017507596423635526,25.0457443684437,0.030551868239603566,-0.9995331827143459,0.8952199462336127,0.44562455931589723,19.951655622727653,-109.00826343659612,0.0,-50.0,-0.015673149529046786,-0.00780181494096316,0.003334281939555813,58.837069583436,8.829000000000008,-0.012338867589490973,0.00026776849502851974,0.765194281907485,-25.034052582040434,0.015673149529046786,0.00780181494096316,-0.42628522608672864,0.0,0.0,0.7808674314365317,-25.452535993186203
13.799999999999967,0.0,110.0,117.72337294107275,117.58185370218955,0.05194098382420054,REG_T_ACC,caténaire,,25.048092544589398,0.017470107117733315,25.048092544589398,0.030613747225824176,-0.9995312893955812,0.8995136869057638,0.43689258069827597,19.950983040387882,-109.07559541133011,0.0,-50.0,-0.015714600464110922,-0.007632560183741827,0.0033753157504761958,58.83690732864007,8.829000000000008,-0.012339284713634727,0.0002747684563217945,0.7668159736491109,-25.036352237993285,0.015714600464110922,0.007632560183741827,-0.4263040351392049,0.0,-5.551115123125783e-17,0.7825305741132218,-25.455023712948748
13.899999999999967,0.0,110.0,117.72750872885226,117.58619567020372,0.04135787779496762,REG_T_ACC,caténaire,,25.04997064497202,0.017433417648210235,25.04997064497202,0.03067823481216372,-0.9995293121808934,0.9038416326959314,0.42786715579202056,19.95030634454376,-109.14292729203781,0.0,-50.0,-0.015757048670628403,-0.0074591868248741295,0.0034166031283143668,58.83674099682738,8.829000000000008,-0.012340445542314036,0.0002818100024981618,0.76848888148426,-25.038179928920453,0.015757048670628403,0.0074591868248741295,-0.42631901179995496,0.0,5.551115123125783e-17,0.7842459301548884,-25.457039753895533
13.999999999999966,0.0,110.0,117.73067202051983,117.58968693020276,0.031632916675745845,REG_T_ACC,caténaire,,25.05141628476116,0.017397894627653773,25.05141628476116,0.030744946460151412,-0.9995272623931588,0.9081765934149859,0.4185872372315609,19.94962553482684,-109.2102590764325,0.0,-50.0,-0.015800360675535488,-0.007282536645835409,0.003458146214368416,58.83657082313326,8.829000000000008,-0.012342214461167072,0.0002882864874109714,0.770204452425947,-25.03957353817872,0.015800360675535488,0.007282536645835409,-0.42633046682344367,0.0,5.551115123125783e-17,0.7860048131014825,-25.458621468356327
14.099999999999966,0.0,110.0,117.73294507368571,117.59236444038991,0.02273053165877123,REG_T_ACC,caténaire,,25.052465311122237,0.017363573783788618,25.052465311122237,0.030813892742401826,-0.999525139260669,0.9125106751461692,0.40905289113302007,19.94894061067284,-109.27759076238684,0.0,-50.0,-0.015844446436395276,-0.007102620056660246,0.0034999470666900686,58.83639702074343,8.829000000000008,-0.012344499369705208,0.00029440068676223063,0.7719639790296631,-25.04056887892253,0.015844446436395276,0.007102620056660246,-0.42633869808383384,0.0,0.0,0.7878084254660583,-25.459804956949707
14.199999999999966,0.0,110.0,117.7344065729371,117.594129521058,0.01461499251389224,REG_T_ACC,caténaire,,25.053152142989735,0.01733060773354094,25.053152142989735,0.030885317379994587,-0.999522934789561,0.9168442883997076,0.39924497595941516,19.948251571323187,-109.34492234785942,0.0,-50.0,-0.015889468714992812,-0.006919158067939608,0.0035420078601806843,58.836219702189744,8.829000000000008,-0.012347460854812128,0.0003005441217993621,0.7737745553055295,-25.04120015569048,0.015889468714992812,0.006919158067939608,-0.4263439905165315,0.0,0.0,0.7896640240205224,-25.46062498813907
14.299999999999965,0.0,110.0,117.73513165847545,117.59530928609007,0.0072508553834752945,REG_T_ACC,caténaire,,25.05350977183289,0.01729922393861653,25.05350977183289,0.03095878909242529,-0.9995206618064135,0.9211509187991915,0.38920558166013663,19.947558415827164,-109.41225383088873,0.0,-50.0,-0.015935196025569587,-0.006732954515298207,0.0035843305811319036,58.836039061481245,8.829000000000008,-0.012350865444437684,0.0003061069659366922,0.7756263250511904,-25.04150066771586,0.015935196025569587,0.006732954515298207,-0.4263466162218872,0.0,5.551115123125783e-17,0.79156152107676,-25.46111432942245
14.399999999999965,0.0,110.0,117.73519201825307,117.59588283033993,0.0006035977762133115,REG_T_ACC,caténaire,,25.053569537988828,0.017269463489095,25.053569537988828,0.031034415212322912,-0.9995183165267302,0.9254261579619787,0.3789279960094407,19.946861143063266,-109.47958520962489,0.0,-50.0,-0.015981613246777854,-0.006543883192080972,0.0036269171449052604,58.835855257142015,8.829000000000008,-0.012354696101872594,0.0003113739499269741,0.7775228795927503,-25.04150164759596,0.015981613246777854,0.006543883192080972,-0.4263468347988453,0.0,-5.551115123125783e-17,0.7935044928395282,-25.461304599202727
14.499999999999964,0.0,110.0,117.73465607051112,117.59586013289585,-0.005359477419609342,REG_T_ACC,caténaire,,25.053361519046984,0.017241529540789228,25.053361519046984,0.031112279774597667,-0.9995158958451973,0.9296633990828853,0.36841004927343685,19.946159751756227,-109.54691648231207,0.0,-50.0,-0.016028818958278093,-0.006351952747671577,0.0036697692856693196,58.83566847482275,8.829000000000008,-0.012359049672608773,0.0003165220750673825,0.779467192874729,-25.04123308264384,0.016028818958278093,0.006351952747671577,-0.42634489400595676,0.0,0.0,0.7954960118330071,-25.461226023902125
14.599999999999964,0.0,110.0,117.7335893464706,117.59533309009025,-0.010667240405295215,REG_T_ACC,caténaire,,25.052914369067206,0.01721553284187985,25.052914369067206,0.031192292336085576,-0.9995134020606328,0.9338511412899753,0.35766191565696615,19.945454240469967,-109.61424764725729,0.0,-50.0,-0.016076744992304548,-0.006157340455282162,0.003712888997783271,58.83547877705874,8.829000000000008,-0.012363855994521278,0.0003214366034498539,0.7814578288708632,-25.040723672560073,0.016076744992304548,0.006157340455282162,-0.42634103114719313,0.0,5.551115123125783e-17,0.7975345738631678,-25.460907363251984
14.699999999999964,0.0,110.0,117.73205533937748,117.59434378353295,-0.015340070931119516,REG_T_ACC,caténaire,,25.052255768716755,0.0171916126847934,25.052255768716755,0.03127447907904564,-0.9995108338373999,0.9379808382105804,0.3466871026585454,19.94474460762313,-109.68157870285323,0.0,-50.0,-0.01612540327627416,-0.005960110391718921,0.00375627797927423,58.835286359870814,8.829000000000008,-0.01236912529699993,0.00032624947908743707,0.7834962489216326,-25.040001052897896,0.01612540327627416,0.005960110391718921,-0.42633547614653866,0.0,-5.551115123125783e-17,0.7996216521979068,-25.460376418652714
14.799999999999963,0.0,110.0,117.73011791958099,117.59310652667799,-0.0193741979648786,REG_T_ACC,caténaire,,25.05141305227918,0.017169881715403148,25.05141305227918,0.03135854577255475,-0.9995081998698313,0.9420343222593195,0.3355165207339643,19.94403085149496,-109.7489096475741,0.0,-50.0,-0.016174617885042486,-0.005760778974565775,0.003799938030559613,58.835091323411014,8.829000000000008,-0.012374679854482873,0.0003305444364372079,0.7855758828670723,-25.03909276407916,0.016174617885042486,0.005760778974565775,-0.4263284602935575,0.0,0.0,0.8017505007521147,-25.459660445398153
14.899999999999963,0.0,110.0,117.72785206268031,117.59154792004227,-0.022658569006777606,REG_T_ACC,caténaire,,25.050416276006306,0.017150467331726656,25.050416276006306,0.03144471158140026,-0.99950549278809,0.9460100352774614,0.3241373368717897,19.943312970239017,-109.81624047998406,0.0,-50.0,-0.016224514205511683,-0.0055591068070125075,0.0038438706682910498,58.834893882215326,8.829000000000008,-0.012380643537220633,0.0003347754083051768,0.7877031147930331,-25.038028664496473,0.016224514205511683,0.0055591068070125075,-0.42632025509253685,0.0,-5.551115123125783e-17,0.8039276289985448,-25.458789812781998
14.999999999999963,0.0,110.0,117.72561857684252,117.59005798262707,-0.022334858377995644,REG_T_ACC,caténaire,,25.049366320126826,0.017133514545000672,25.049366320126826,0.03153236439393726,-0.9995027313598138,0.9498806499319171,0.31261278106456075,19.94259096190405,-109.88357119876815,0.0,-50.0,-0.016274793931623194,-0.005356155631322762,0.003888077184033107,58.83469429546226,8.829000000000008,-0.012386716747590088,0.00033813983093011757,0.7898657466434583,-25.03691005579929,0.016274793931623194,0.005356155631322762,-0.4263121671147523,0.0,0.0,0.8061405405750816,-25.45786606728272
15.099999999999962,0.0,110.0,117.72299996587597,117.58820445169036,-0.02618610966538168,REG_T_ACC,caténaire,,25.04822166435127,0.017119087147954053,25.04822166435127,0.03162231294369477,-0.9994998896068429,0.9536651442169837,0.30087005950343376,19.9418648244566,-109.9509018027565,0.0,-50.0,-0.016325876713816714,-0.005150620768849404,0.0039325590797485085,58.83449265410343,8.829000000000008,-0.012393317634068205,0.0003420333345687254,0.7920827041531509,-25.035694788366825,0.016325876713816714,0.005150620768849404,-0.4263026845082518,0.0,5.551115123125783e-17,0.8084085808669675,-25.456846852106228
15.199999999999962,0.0,110.0,117.72007817174507,117.58622902512397,-0.029217941308954526,REG_T_ACC,caténaire,,25.04694389691031,0.017107294122136005,25.04694389691031,0.031714200275098095,-0.9994969782350075,0.9573449931860202,0.2889473377999168,19.941134555719863,-110.018232290716,0.0,-50.0,-0.016377582374787536,-0.004943107093551364,0.003977318426845488,58.83428882207029,8.829000000000008,-0.012400263947942048,0.00034571497673141494,0.7943437950257595,-25.034344738983616,0.016377582374787536,0.004943107093551364,-0.4262921040041707,0.0,0.0,0.8107213774005471,-25.455693735894236
15.299999999999962,0.0,110.0,117.7169068331814,117.58397939851551,-0.03171338563674028,REG_T_ACC,caténaire,,25.045551181129497,0.017098242622705838,25.045551181129497,0.03180836581249223,-0.9994939859070382,0.9609222163975153,0.27681852184000805,19.94040015337694,-110.08556266140062,0.0,-50.0,-0.01643008119751296,-0.004733110248879253,0.004022357184645331,58.83408278229684,8.829000000000008,-0.012407724012867629,0.00034967204795322004,0.7966580539448639,-25.03287777926585,0.01643008119751296,0.004733110248879253,-0.42628061984097765,0.0,5.551115123125783e-17,0.8130881351423769,-25.454425288857948
15.399999999999961,0.0,110.0,117.7135310773924,117.58162287194412,-0.033757557890007096,REG_T_ACC,caténaire,,25.04406373982763,0.017092049909595893,25.04406373982763,0.031904586648076605,-0.999490919093723,0.9643826444690959,0.26451108681261987,19.939661614960393,-110.15289291354152,0.0,-50.0,-0.01648327629121386,-0.004521036697442751,0.004067677408902208,58.83387454577196,8.829000000000008,-0.012415598882311652,0.0003535090745145908,0.7990205016072841,-25.0313142851621,0.01648327629121386,0.004521036697442751,-0.42626839543490996,0.0,5.551115123125783e-17,0.8155037778984979,-25.453061643899566
15.499999999999961,0.0,110.0,117.70999085514104,117.57908993999429,-0.0354022225134788,REG_T_ACC,caténaire,,25.042499764802958,0.01708882747016817,25.042499764802958,0.03200307069871942,-0.9994877705434184,0.9677238933125637,0.2520128296574881,19.9389189378576,-110.22022304588829,0.0,-50.0,-0.01653726665157783,-0.004306603766285695,0.004113281233564414,58.83366412056369,8.829000000000008,-0.012423985418013414,0.00035751679739348674,0.8014368904456535,-25.02967225875699,0.01653726665157783,0.004306603766285695,-0.42625557545708115,0.0,0.0,0.8179741570972313,-25.451621230447785
15.59999999999996,0.0,110.0,117.70632210605852,117.57653710590739,-0.03668749082512722,REG_T_ACC,caténaire,,25.04087552702503,0.017088683184488657,25.04087552702503,0.03210359617451498,-0.999484546710285,0.9709331436612412,0.23935085239058498,19.938172119295263,-110.28755305717588,0.0,-50.0,-0.016591968885346562,-0.0040901908864400165,0.0041591709682351095,58.83345149720053,8.829000000000008,-0.012432797917111452,0.0003613063140832651,0.8039021557759064,-25.02796812535728,0.016591968885346562,0.0040901908864400165,-0.42624229005335273,0.0,0.0,0.8204941246612529,-25.45012022452419
15.69999999999996,0.0,110.0,117.70255732904923,117.57396619837961,-0.03764777009291968,REG_T_ACC,caténaire,,25.03920573998619,0.017091733052478852,25.03920573998619,0.03220622857447816,-0.9994812448670602,0.9740050976418868,0.2265260906995455,19.937421156345245,-110.35488294616744,0.0,-50.0,-0.01664743512064873,-0.0038717234716582442,0.004205348865140257,58.83323671761447,8.829000000000008,-0.012442086255508472,0.0003649941427994463,0.8064183833853809,-25.02621652348384,0.01664743512064873,0.0038717234716582442,-0.42622865690990486,0.0,-5.551115123125783e-17,0.8230658185060296,-25.448573456922087
15.79999999999996,0.0,110.0,117.6987259305926,117.5713524123473,-0.03831398456616323,REG_T_ACC,caténaire,,25.037503695072868,0.017098081201739897,25.037503695072868,0.03231109215857571,-0.9994778603468514,0.9769354719142589,0.21353473655511887,19.93666604591864,-110.42221271164063,0.0,-50.0,-0.016703722027650084,-0.003651034265011559,0.004251817335640797,58.833019822080736,8.829000000000008,-0.012451904692009286,0.0003687878157165869,0.8089890893121793,-25.024430621577814,0.016703722027650084,0.003651034265011559,-0.4262147825145196,0.0,0.0,0.8256928113398294,-25.446994369827323
15.89999999999996,0.0,110.0,117.69485446206428,117.5686998617133,-0.038714685283105656,REG_T_ACC,caténaire,,25.03578140406982,0.01710783755086937,25.03578140406982,0.03241826424118974,-0.999474389938826,0.9797186326084325,0.20037814481590427,19.935906784750713,-110.4895423523641,0.0,-50.0,-0.016760867212224934,-0.003428036750255068,0.0042985789961722965,58.8328007602984,8.829000000000008,-0.012462288216052638,0.0003727235481321145,0.8116165770417996,-25.02262234547449,0.016760867212224934,0.003428036750255068,-0.4262007630159757,0.0,0.0,0.8283774442540245,-25.44539507174021
15.99999999999996,0.0,110.0,117.69096675439195,117.5662217670936,-0.03887707672330285,REG_T_ACC,caténaire,,25.034049735388315,0.01712114530538232,25.034049735388315,0.03252737238372475,-0.9994708450204091,0.9823415096821533,0.18709665511544607,19.93514336940238,-110.55687186711623,0.0,-50.0,-0.01681881172677678,-0.0032033090183825547,0.004345636492118774,58.83257958154918,8.829000000000008,-0.012473175234658008,0.0003762725307936421,0.8142918580156618,-25.020802843311508,0.01681881172677678,0.0032033090183825547,-0.4261866847116699,0.0,-5.551115123125783e-17,0.8311106697424386,-25.443786219004796
16.09999999999996,0.0,110.0,117.68708265153592,117.5636503511198,-0.03884102856028279,REG_T_ACC,caténaire,,25.032317991152205,0.017138048467188114,25.032317991152205,0.03263905147693839,-0.9994672042236732,0.9848088429813171,0.17364199603148908,19.934375796249437,-110.62420125469016,0.0,-50.0,-0.01687770168192926,-0.002975884943926946,0.00439299258480757,58.83235627908831,8.829000000000008,-0.012484709097121693,0.00038039414437207597,0.8170311155003077,-25.018980877854847,0.01687770168192926,0.002975884943926946,-0.4261726194612523,0.0,1.1102230246251565e-16,0.833908817182237,-25.442177612372173
16.19999999999996,0.0,110.0,117.68322201954787,117.56130387264375,-0.03860631988044076,REG_T_ACC,caténaire,,25.030594824304394,0.01715868871835666,25.030594824304394,0.03275269985586661,-0.9994634864026558,0.9871048012110124,0.16007533047339773,19.93360406146827,-110.6915305138273,0.0,-50.0,-0.016937424016375092,-0.002746682767081104,0.0044406504427855825,58.83213075684081,8.829000000000008,-0.012496773573589508,0.00038407407372176294,0.81981955949425,-25.01716556983154,0.016937424016375092,0.002746682767081104,-0.4261586392043706,0.0,-1.1102230246251565e-16,0.8367569835106251,-25.44057752626883
16.29999999999996,0.0,110.0,117.67940259709991,117.5589160699147,-0.03819422447973011,REG_T_ACC,caténaire,,25.028888329883536,0.01718321724526529,25.028888329883536,0.03286897643661748,-0.9994596692153263,0.9892331747103971,0.14634796224201113,19.93282816102641,-110.75885964326625,0.0,-50.0,-0.01699820854727223,-0.0025147288286063592,0.004488613202385168,58.83190299584919,8.829000000000008,-0.01250959534488706,0.00038826702057548346,0.8226739407496722,-25.01536445101274,0.01699820854727223,0.0025147288286063592,-0.4261448081769307,0.0,-5.551115123125783e-17,0.8396721492969443,-25.438994530361065
16.399999999999963,0.0,110.0,117.67564001204885,117.55681087920061,-0.03762585051067416,REG_T_ACC,caténaire,,25.027205643654145,0.017211695497689975,25.027205643654145,0.03298724517091763,-0.9994557727363595,0.9911797710271399,0.1325241921559472,19.932048090673863,-110.82618864172652,0.0,-50.0,-0.017059884402389206,-0.002280966041465518,0.004536884117008689,58.83167301686375,8.829000000000008,-0.012523000285380517,0.0003920508222776675,0.8255785685101927,-25.013585156010134,0.017059884402389206,0.002280966041465518,-0.4261311829710795,0.0,-5.551115123125783e-17,0.842638452912582,-25.43743537293975
16.499999999999964,0.0,110.0,117.67194794195663,117.55465701280315,-0.036920700922082265,REG_T_ACC,caténaire,,25.025553184085624,0.017244341120182898,25.025553184085624,0.03310831187220904,-0.9994517695641809,0.9929490867417385,0.1185416008781194,19.931263845935487,-110.89351750790476,0.0,-50.0,-0.017122752766748617,-0.0020441718024748635,0.004585466940480315,58.83144066314493,8.829000000000008,-0.012537285826268302,0.00039649134244967854,0.8285538195932609,-25.0118334141569,0.017122752766748617,0.0020441718024748635,-0.42611781311648733,0.0,0.0,0.8456765723600095,-25.435907055470913
16.599999999999966,0.0,110.0,117.6683382606712,117.55273343764605,-0.0360968128542287,REG_T_ACC,caténaire,,25.02393631357034,0.017281135245241854,25.02393631357034,0.033231647302492104,-0.9994476762780345,0.9945293837593441,0.10445719141954327,19.930475422068696,-110.96084624041096,0.0,-50.0,-0.017186596786112264,-0.001805138852259244,0.004634365539611697,58.83120590625536,8.829000000000008,-0.012552231246500567,0.0004007674030930275,0.8315866256925939,-25.0101149999274,0.017186596786112264,0.001805138852259244,-0.42610474161115147,0.0,0.0,0.8487732224787061,-25.434414602686292
16.699999999999967,0.0,110.0,117.6648211781369,117.55100719925295,-0.03517082534310641,REG_T_ACC,caténaire,,25.02235999371149,0.017322357285355364,25.02235999371149,0.033357373791128804,-0.9994434879540508,0.9959175860629899,0.09026716884043237,19.929682814084956,-111.02817483785986,0.0,-50.0,-0.01725164025255176,-0.0015636401497914664,0.004683583971331734,58.83096864087321,8.829000000000008,-0.012568056281220026,0.00040500072341131954,0.8346802154464216,-25.008434748956912,0.01725164025255176,0.0015636401497914664,-0.42609200542768316,0.0,0.0,0.8519318556989733,-25.432963114234806
16.79999999999997,0.0,110.0,117.66140536078174,117.54933591439168,-0.0341581735515364,REG_T_ACC,caténaire,,25.020828261072133,0.01736806516378014,25.020828261072133,0.03348594420052044,-0.9994391885157393,0.9971119796015329,0.0759453759955962,19.92888601671184,-111.09550329880854,0.0,-50.0,-0.017317905837305237,-0.0013190242391792988,0.004733126487711991,58.8307288229171,8.829000000000008,-0.012584779349593246,0.00040979867791435254,0.8378460590010662,-25.00679629323761,0.017317905837305237,0.0013190242391792988,-0.42607963594925735,0.0,0.0,0.8551639648383714,-25.431556904947687
16.89999999999997,0.0,110.0,117.65809805099703,117.547838207475,-0.033073097847086,REG_T_ACC,caténaire,,25.01934455088498,0.017418387840773528,25.01934455088498,0.03361714107821045,-0.9994347841784013,0.998105960486667,0.06151822202395044,19.92808502438364,-111.16283162172404,0.0,-50.0,-0.017385396725944545,-0.0010715482504879846,0.004782997829320121,58.83048624495217,8.829000000000008,-0.012602398896624425,0.0004146967016751546,0.8410788354514562,-25.00520322149879,0.017385396725944545,0.0010715482504879846,-0.4260676594022773,0.0,0.0,0.8584642321774008,-25.43019933265058
16.99999999999997,0.0,110.0,117.65490517888445,117.54650634701387,-0.03192872112579279,REG_T_ACC,caténaire,,25.01791182655106,0.01747353340199537,25.01791182655106,0.03375108286388898,-0.9994302699065678,0.9988955033379734,0.04698694937082677,19.927279831222332,-111.23015980501027,0.0,-50.0,-0.017454233942679056,-0.000821028029289007,0.004833202846148212,58.830240843329776,8.829000000000008,-0.012621031096530844,0.00041981530048218474,0.844381615139393,-25.003658369308642,0.017454233942679056,0.000821028029289007,-0.42605609726103666,0.0,-5.551115123125783e-17,0.8618358490820721,-25.42889343854039
17.099999999999973,0.0,110.0,117.65183146623046,117.54542410138978,-0.030737126539819727,REG_T_ACC,caténaire,,25.01653242225513,0.017533605255751664,25.01653242225513,0.033887652074092514,-0.9994256485786751,0.9994758835809633,0.032372181576977625,19.926470431024644,-111.29748784703382,0.0,-50.0,-0.017524415605352214,-0.000567601053038242,0.004883746608126754,58.82999253801697,8.829000000000008,-0.01264066899722546,0.00042493696392398306,0.8477515468256366,-25.002164141301787,0.017524415605352214,0.000567601053038242,-0.42604496662423513,0.0,0.0,0.8652759624309888,-25.427641506872984
17.199999999999974,0.0,110.0,117.64888052982212,117.54437412510555,-0.029509364083335873,REG_T_ACC,caténaire,,25.01520826356384,0.017598838754498414,25.01520826356384,0.034027491071567974,-0.9994208972456873,0.9998445632788732,0.017630918344756503,19.92565681724036,-111.36481574606242,0.0,-50.0,-0.017596103248706776,-0.00031028368904309776,0.004934634918144393,58.82974108921757,8.829000000000008,-0.012661468330562382,0.0004308055285164869,0.851204775841832,-25.0007218875587,0.017596103248706776,0.00031028368904309776,-0.4260342805891099,0.0,5.551115123125783e-17,0.8688008790905387,-25.42644588445877
17.299999999999976,0.0,110.0,117.64605496932637,117.54356634901184,-0.028255604957601318,REG_T_ACC,caténaire,,25.013940736517768,0.01766939348385749,25.013940736517768,0.03417015866839387,-0.9994160296175846,0.9999960503295159,0.0028105738503933263,19.924838982934215,-111.43214350023202,0.0,-50.0,-0.017669323695575577,-4.96611352780401e-05,0.004985873534210769,58.829486283128084,8.829000000000008,-0.012683450161364808,0.00043662199279737024,0.854730323888613,-24.999333335980147,0.017669323695575577,4.96611352780401e-05,-0.4260240485696665,0.0,-5.551115123125783e-17,0.8723996475841886,-25.425307723414534
17.399999999999977,0.0,110.0,117.64335645807688,117.54295730348379,-0.026985112494893645,REG_T_ACC,caténaire,,25.012730790631522,0.017745340717831893,25.012730790631522,0.034315887900170275,-0.9994110364797975,0.9999268573983359,-0.012094620849288315,19.9240169207959,-111.49947110763709,0.0,-50.0,-0.017744042777444374,0.00021462316782361448,0.005037468560107267,58.829228155777926,8.829000000000008,-0.012706574217337108,0.00044277894573951926,0.8583340658884487,-24.997999204655194,0.017744042777444374,-0.00021462316782361448,-0.42601427662544017,0.0,-5.551115123125783e-17,0.8760781086658931,-25.42422810444846
17.49999999999998,0.0,110.0,117.64078582926851,117.542462389379,-0.025706288083730662,REG_T_ACC,caténaire,,25.01157921690629,0.01782704502234914,25.01157921690629,0.0344649709328667,-0.9994059064157048,0.9996327243212038,-0.027100119301736246,19.923190623108027,-111.56679856626297,0.0,-50.0,-0.017820497582287625,0.000483115046903085,0.005089426816099592,58.82896628516043,8.829000000000008,-0.012731070766188034,0.00044940020733008623,0.8620233506957682,-24.996719998160437,0.017820497582287625,-0.000483115046903085,-0.4260049677736253,0.0,1.1102230246251565e-16,0.8798438482780558,-25.423208080980967
17.59999999999998,0.0,110.0,117.63834315438521,117.54216531824326,-0.02442674883297349,REG_T_ACC,caténaire,,25.01048625469642,0.017914658948877584,25.01048625469642,0.034617344673685484,-0.9994006401077314,0.9991098511107579,-0.042184184399361106,19.922360081695206,-111.63412587392432,0.0,-50.0,-0.01789871223511309,0.0007557152765511167,0.005141755357382634,58.82870056044942,8.829000000000008,-0.012756956877730454,0.00045627572596629307,0.8657966231352991,-24.99549597234922,0.01789871223511309,-0.0007557152765511167,-0.4259961222730822,0.0,0.0,0.8836953353704122,-25.422247809898856
17.69999999999998,0.0,110.0,117.63602781950051,117.5419958536202,-0.02315334884694477,REG_T_ACC,caténaire,,25.009451928621317,0.01800840069473082,25.009451928621317,0.03477331315466351,-0.9993952254700078,0.9983536130456596,-0.05735907355142144,19.92152528792201,-111.70145302835334,0.0,-50.0,-0.01797875189875848,0.001032945179992534,0.005194461794920157,58.82843077471635,8.829000000000008,-0.012784290103838322,0.0004637198963379774,0.8696615037404524,-24.994326849085823,0.01797875189875848,-0.001032945179992534,-0.42598773790063865,0.0,0.0,0.8876402556392109,-25.421347532166454
17.799999999999983,0.0,110.0,117.63383859844274,117.54201933535207,-0.02189221057769174,REG_T_ACC,caténaire,,25.00847610334427,0.018108626407232778,25.00847610334427,0.034932789370149084,-0.9993896638583075,0.9973606324092558,-0.07260694815380737,19.920686232666867,-111.76878002715779,0.0,-50.0,-0.018060831085580632,0.0013148120986866173,0.005247553924637215,58.828156623873,8.829000000000008,-0.012813277160943416,0.0004714359716757599,0.8736158281865322,-24.99321252652975,0.018060831085580632,-0.0013148120986866173,-0.42597981021603853,0.0,0.0,0.8916766592721128,-25.420507148844475
17.899999999999984,0.0,110.0,117.63177371734096,117.54220553778144,-0.020648811017673387,REG_T_ACC,caténaire,,25.00755800570087,0.018215327452430114,25.00755800570087,0.035096020277405424,-0.9993839449184122,0.9961265782258183,-0.08793088281214313,19.919842906280756,-111.83610686776363,0.0,-50.0,-0.01814477180645202,0.001601689823604446,0.005301040372402476,58.82787791066282,8.829000000000008,-0.012843731434049543,0.00047960048641471076,0.87766576285647,-24.992151972513355,0.01814477180645202,-0.001601689823604446,-0.4259723327956778,0.0,0.0,0.895810534662922,-25.419725995132637
17.999999999999986,0.0,110.0,117.62983092325442,117.5425493372468,-0.019427940865409256,REG_T_ACC,caténaire,,25.006697257980957,0.018329072124439013,25.006697257980957,0.035263160129401463,-0.9993780613650113,0.9946472844505855,-0.10332850301381583,19.91899529858776,-111.90343354749449,0.0,-50.0,-0.018230961815072187,0.0018939155842505441,0.005354929747648098,58.827594365416395,8.829000000000008,-0.01287603206742409,0.0004882810006350269,0.881815169715647,-24.991144626822752,0.018230961815072187,-0.0018939155842505441,-0.4259652974811276,0.0,-5.551115123125783e-17,0.9000461315307192,-25.41900383988813
18.099999999999987,0.0,110.0,117.62800753777005,117.54300396300893,-0.01823385484367272,REG_T_ACC,caténaire,,25.005892867450605,0.01845006142212034,25.005892867450605,0.035434495053068775,-0.9993720010888507,0.9929173677954997,-0.118806989399009,19.918143398826462,-111.970760063482,0.0,-50.0,-0.01831938642291702,0.002191996251788916,0.005409231951353752,58.82730563630479,8.829000000000008,-0.012910154471563268,0.0004976325565735351,0.8860711871092463,-24.99018919395753,0.01831938642291702,-0.002191996251788916,-0.42595869457322433,0.0,-1.1102230246251565e-16,0.9043905735321632,-25.418339884782544
18.19999999999999,0.0,110.0,117.62630051474059,117.54365222625403,-0.017070230294557353,REG_T_ACC,caténaire,,25.00514370105226,0.01857851257516116,25.00514370105226,0.03560991701800578,-0.9993657657784616,0.9909348112129299,-0.13434358907813504,19.917287195612413,-112.03808641267858,0.0,-50.0,-0.018410094851284368,0.0024959040590804152,0.005463957017489203,58.827011446286875,8.829000000000008,-0.012946137833795165,0.0005073503459485096,0.8904310922177809,-24.989284583202565,0.018410094851284368,-0.0024959040590804152,-0.42595251304115167,0.0,0.0,0.9088411870690654,-25.4177330003028
18.29999999999999,0.0,110.0,117.62470649411546,117.54442891876599,-0.015940206251402515,REG_T_ACC,caténaire,,25.004448679325254,0.01871483851262807,25.004448679325254,0.035789811750810585,-0.9993593394644599,0.9886936564222121,-0.1499495040021038,19.916426676932815,-112.10541259187008,0.0,-50.0,-0.01850324211840148,0.002806280752448049,0.0055191153116615176,58.82671147288928,8.829000000000008,-0.012984126806739962,0.0005177536417164674,0.8949045111658552,-24.988429315843472,0.01850324211840148,-0.002806280752448049,-0.42594674071737587,0.0,0.0,0.9134077532842567,-25.417182337313296
18.39999999999999,0.0,110.0,117.6232218481887,117.54529560114261,-0.014846459267530412,REG_T_ACC,caténaire,,25.003806647124705,0.018859545329328695,25.003806647124705,0.035974487503811936,-0.9993527086313609,0.9861879603353562,-0.16563003015633954,19.915561830108867,-112.17273859761458,0.0,-50.0,-0.018599056541182858,0.0031237070616315643,0.005574718322954173,58.82640526232917,8.829000000000008,-0.013024338218228685,0.0005289693907926107,0.8994991297747175,-24.9876218988989,0.018599056541182858,-0.0031237070616315643,-0.42594136446512015,0.0,0.0,0.9180981863159003,-25.416686970425655
18.499999999999993,0.0,110.0,117.62184272415946,117.5463228579238,-0.013791240292390832,REG_T_ACC,caténaire,,25.00321602954531,0.019012827679824387,25.00321602954531,0.03616388926437389,-0.9993458726153194,0.9834159070701621,-0.18136469811231232,19.914692641726745,-112.24006442622817,0.0,-50.0,-0.018697517178723186,0.0034482557524127652,0.0056307781774099525,58.826092435058115,8.829000000000008,-0.013066739001313233,0.0005406908105172192,0.9042135357456947,-24.9868607412353,0.018697517178723186,-0.0034482557524127652,-0.4259363703324859,0.0,0.0,0.9229110529244179,-25.4162453673202
18.599999999999994,0.0,110.0,117.6205650900646,117.54748688993827,-0.01277634094855603,REG_T_ACC,caténaire,,25.002675749494838,0.019175445009926812,25.002675749494838,0.03635829639435089,-0.9993388185612028,0.9803723268709336,-0.19715501694268803,19.91381909761907,-112.30739007382354,0.0,-50.0,-0.01879907564316758,0.0037805351858157033,0.00568730781402835,58.82577258858266,8.829000000000008,-0.01311176782913923,0.0005531237684692769,0.9090546955519826,-24.986144444369007,0.01879907564316758,-0.0037805351858157033,-0.42593174371878584,0.0,5.551115123125783e-17,0.9278537711951502,-25.415856723273606
18.699999999999996,0.0,110.0,117.61938476702987,117.54873827535634,-0.011803230347362668,REG_T_ACC,caténaire,,25.002184006688303,0.019347527919879745,25.002184006688303,0.03655812095933402,-0.9993315284688673,0.9770503153712531,-0.2130086412165828,19.91294118279009,-112.37471553626258,0.0,-50.0,-0.018903508255772628,0.004121190633113483,0.005744320878204143,58.825445319690374,8.829000000000008,-0.013159187377568486,0.0005665103234804292,0.9140328671640375,-24.98547075846369,0.018903508255772628,-0.004121190633113483,-0.42592746949133287,0.0,0.0,0.9329363754198101,-25.41551941858814
18.799999999999997,0.0,110.0,117.61829747015639,117.5501327308705,-0.010872968734891734,REG_T_ACC,caténaire,,25.001739429282072,0.019529708402022464,25.001739429282072,0.036763353390430645,-0.9993239994353633,0.973448023292523,-0.22890816050957985,19.912058881417455,-112.4420408091487,0.0,-50.0,-0.019011156039428146,0.004470509625595448,0.005801831552290936,58.82511009072467,8.829000000000008,-0.01320932448713721,0.0005806003502613066,0.9191477820141606,-24.984838239310978,0.019011156039428146,-0.004470509625595448,-0.42592353213350004,0.0,5.551115123125783e-17,0.9381589380535887,-25.41523228107007
18.9,0.0,110.0,117.61729883914249,117.55165266724282,-0.009986310139046009,REG_T_ACC,caténaire,,25.001340420035962,0.0197224534428578,25.001340420035962,0.03697432549488451,-0.9993162158467149,0.9695601265374038,-0.2448533459619729,19.911172176781346,-112.5093658877782,0.0,-50.0,-0.01912210445568526,0.0048291087160629645,0.00585985531204954,58.824766406827216,8.829000000000008,-0.013262249143635722,0.0005955155432744164,0.9244076984988223,-24.984244899645855,0.01912210445568526,-0.0048291087160629645,-0.4259199158556089,0.0,0.0,0.9435298029545076,-25.414993924217526
19.0,0.0,110.0,117.61638446837559,117.5531888497814,-0.009143707669025062,REG_T_ACC,caténaire,,25.000985705248798,0.019926576858294895,25.000985705248798,0.03719176642159232,-0.9993081469248821,0.9653761260246698,-0.2608619084910645,19.910281051224022,-112.57669076716016,0.0,-50.0,-0.019236641572393562,0.005198084868948686,0.005918408286670485,58.82441371611887,8.829000000000008,-0.013318233285723076,0.0006118009878122166,0.9298308206591818,-24.983688696407643,0.019236641572393562,-0.005198084868948686,-0.4259166047038995,0.0,0.0,0.9490674622315753,-25.41480338598049
19.1,0.0,110.0,117.61554993167498,117.55477782368699,-0.008345367006135807,REG_T_ACC,caténaire,,25.000673705876526,0.02014265956813604,25.000673705876526,0.03741609244877771,-0.9992997728539041,0.9609010343500892,-0.27689204066734846,19.90938548607026,-112.6440154419225,0.0,-50.0,-0.019355102413583642,0.0055773421122888795,0.005977508392899231,58.82405147697015,8.829000000000008,-0.013377594020684412,0.0006288190824292883,0.9354275186608021,-24.983167555476985,0.019355102413583642,-0.0055773421122888795,-0.42591358265013013,0.0,-5.551115123125783e-17,0.9547826210743857,-25.414658480239403
19.200000000000003,0.0,110.0,117.61479080830853,117.556448483024,-0.0075912336645155305,REG_T_ACC,caténaire,,25.000402944792707,0.020371321991976766,25.000402944792707,0.03764718371278534,-0.9992910935050385,0.9561230870496015,-0.29296525802685225,19.908485461541442,-112.71133990643001,0.0,-50.0,-0.019477491270250263,0.005968089603727563,0.006037174419801246,58.82367902104554,8.829000000000008,-0.013440316850449018,0.0006471106492611511,0.9411947625562707,-24.98267999676849,0.019477491270250263,-0.005968089603727563,-0.4259108336857894,0.0,5.551115123125783e-17,0.9606722538265209,-25.414558920058006
19.300000000000004,0.0,110.0,117.61410270589008,117.55822735100895,-0.006881024184567298,REG_T_ACC,caténaire,,25.00017191232761,0.020613239331787245,25.00017191232761,0.03788526305579102,-0.9992820957283252,0.9510392488317903,-0.3090701331113445,19.907580956720395,-112.77866415462161,0.0,-50.0,-0.019603999650092855,0.006370936624131486,0.006097425677673159,58.82329562678629,8.829000000000008,-0.013506573972419696,0.0006665634104123797,0.9471380893385295,-24.982224182119143,0.019603999650092855,-0.006370936624131486,-0.4259083419050134,0.0,0.0,0.9667420889886224,-25.414503460648287
19.400000000000006,0.0,110.0,117.61348128252195,117.56003801715147,-0.0062142336813528695,REG_T_ACC,caténaire,,24.999979476825978,0.020869469333045673,24.999979476825978,0.03813101397067407,-0.999272748439368,0.9456382578089779,-0.3252203643193351,19.906671949518678,-112.84598818000653,0.0,-50.0,-0.0197349686214992,0.006787176419644305,0.006158283276306636,58.822900453679345,8.829000000000008,-0.013576685345192565,0.0006876300989802075,0.9532745666974163,-24.981798202735686,0.0197349686214992,-0.006787176419644305,-0.42590609158476905,0.0,0.0,0.9730095353189154,-25.414491470740096
19.500000000000007,0.0,110.0,117.6129222626592,117.5619184166448,-0.005590198627446472,REG_T_ACC,caténaire,,24.999824129694034,0.021140704762863304,24.999824129694034,0.03838464223923278,-0.9992630380636351,0.9399176269168684,-0.3414013102068631,19.905758416561998,-112.91331197560073,0.0,-50.0,-0.019870521052060615,0.007217464304738003,0.006219769573741793,58.82249264783404,8.829000000000008,-0.013650751478318821,0.0007101121387691478,0.9596093052620446,-24.981400210894634,0.019870521052060615,-0.007217464304738003,-0.42590406724230206,0.0,5.551115123125783e-17,0.9794798263141052,-25.414521742441675
19.60000000000001,0.0,110.0,117.6124214574163,117.56388309809094,-0.005008052428987294,REG_T_ACC,caténaire,,24.99970497894696,0.02142824252850789,24.99970497894696,0.03864649063982868,-0.9992529453352769,0.9338733913838766,-0.35760381550701753,19.904840333131972,-112.98063553391454,0.0,-50.0,-0.02001126552149388,0.007662821287804163,0.0062819083262497435,58.822071270806944,8.829000000000008,-0.013729357195244136,0.0007340920947385143,0.9661508644673521,-24.981028832725734,0.02001126552149388,-0.007662821287804163,-0.425902253708672,0.0,5.551115123125783e-17,0.986162129988846,-25.41459390772221
19.70000000000001,0.0,110.0,117.61197477633392,117.5658097306247,-0.004466810823859259,REG_T_ACC,caténaire,,24.99962073829369,0.021732977959381904,24.99962073829369,0.03891760942458471,-0.9992424228767889,0.9274880734797982,-0.3738527431392371,19.903917673059038,-113.04795884690142,0.0,-50.0,-0.020157077858526037,0.008124933426699505,0.0063447253574438,58.82163533566584,8.829000000000008,-0.013812352501082238,0.0007602690925310185,0.9729254756556619,-24.980681597533405,0.020157077858526037,-0.008124933426699505,-0.4259006361713633,0.0,-5.551115123125783e-17,0.993082553514188,-25.414707167131468
19.80000000000001,0.0,110.0,117.61157824527834,117.56784657035448,-0.003965310555917192,REG_T_ACC,caténaire,,24.999570279567763,0.022055944005034706,24.999570279567763,0.03919773791812421,-0.9992314733544485,0.9207702445280567,-0.39010531500063267,19.902990408647494,-113.1152819059277,0.0,-50.0,-0.020308456954812933,0.00860414098372038,0.006408247593066989,58.82118378978846,8.829000000000008,-0.013900209361745942,0.0007879307721765372,0.9799266038842244,-24.980357443680578,0.020308456954812933,-0.00860414098372038,-0.42589920023910255,0.0,5.551115123125783e-17,1.0002350608390373,-25.4148607849034
19.900000000000013,0.0,110.0,117.61122802290446,117.56988351643606,-0.0035022237388709185,REG_T_ACC,caténaire,,24.999553257036634,0.022398932437340237,24.999553257036634,0.039487961966753145,-0.9992200462659425,0.9137028604142483,-0.40638292640171375,19.902058510600142,-113.18260470174243,0.0,-50.0,-0.020465968638223263,0.009102543712160596,0.006472503760859924,58.820715479006495,8.829000000000008,-0.013993464877363339,0.0008180227186471711,0.9871814081996824,-24.98005476212404,0.020465968638223263,-0.009102543712160596,-0.42589793200147513,0.0,0.0,1.0076473768379057,-25.415055237837677
20.000000000000014,0.0,110.0,117.61092041047662,117.57192530224691,-0.003076124278303748,REG_T_ACC,caténaire,,24.999568691145257,0.0227631421761572,24.999568691145257,0.03978884042770636,-0.9992081105442541,0.9062798451103267,-0.4226781782240507,19.901121947870582,-113.24992722433856,0.0,-50.0,-0.02062977696563209,0.009621483465673177,0.006537525921263041,58.82022898048507,8.829000000000008,-0.01409225104436905,0.0008504639507336265,0.9947038494134626,-24.979771796300543,0.02062977696563209,-0.009621483465673177,-0.42589681806448915,0.0,5.551115123125783e-17,1.0153336263790946,-25.415290097830706
20.100000000000016,0.0,110.0,117.6106518750047,117.57399420823498,-0.002685354719264763,REG_T_ACC,caténaire,,24.9996159966277,0.02315010533961832,24.9996159966277,0.04010087049980577,-0.9991956365923331,0.8984973230972443,-0.43897899766057885,19.900180687523928,-113.31724946293963,0.0,-50.0,-0.020800307677066282,0.010162410037722464,0.006603347808798814,58.819722979956374,8.829000000000008,-0.014196959868267467,0.0008853899940888255,1.0025063636256402,-24.97950722031429,0.020800307677066282,-0.010162410037722464,-0.4258958456343557,0.0,0.0,1.0233066713027064,-25.415565475986366
20.200000000000017,0.0,110.0,117.61041908432433,117.57611138924861,-0.0023279068037159656,REG_T_ACC,caténaire,,24.999694997933513,0.023561751520352357,24.999694997933513,0.040424580610687544,-0.9991825925637666,0.8903517823445675,-0.4552732187114152,19.899234694628166,-113.38457140593309,0.0,-50.0,-0.020978247461305544,0.010727034453149398,0.006670005379141618,58.81919588265925,8.829000000000008,-0.014308242082163927,0.0009229171123905644,1.0106021856865655,-24.979260061338636,0.020978247461305544,-0.010727034453149398,-0.42589500264452357,0.0,-5.551115123125783e-17,1.031580433147871,-25.41588209843631
20.30000000000002,0.0,110.0,117.6102189899785,117.57819466483976,-0.002000943458265692,REG_T_ACC,caténaire,,24.999805425994833,0.023999865951317464,24.999805425994833,0.040761217051424554,-0.999168916242137,0.8818262936138557,-0.47157437153777776,19.898283932113106,-113.45189304078586,0.0,-50.0,-0.02116371283907965,0.011317721702983443,0.006737537465887749,58.818646041759024,8.829000000000008,-0.0144261753731919,0.0009637634619963364,1.0190224952123568,-24.979028493755553,0.02116371283907965,-0.011317721702983443,-0.42589427805581276,0.0,0.0,1.0401862080514364,-25.41624049351435
20.40000000000002,0.0,110.0,117.61004921473084,117.58027104909173,-0.001697752476594345,REG_T_ACC,caténaire,,24.9999476381951,0.024466748345029276,24.9999476381951,0.04111141284709896,-0.9991545684896382,0.8729171395737793,-0.48786849400051574,19.8973283606535,-113.51921435391864,0.0,-50.0,-0.021357443980014452,0.011936555668179043,0.0068059854543628074,58.81807148978986,8.829000000000008,-0.014551458525651643,0.0010080454580290166,1.0277831685096952,-24.978811894704375,0.021357443980014452,-0.011936555668179043,-0.42589366325969086,0.0,-5.551115123125783e-17,1.0491406124897096,-25.416642113632243
20.50000000000002,0.0,110.0,117.60992463889738,117.58238879119311,-0.0012457583345814823,REG_T_ACC,caténaire,,25.00012603013403,0.024964513654163318,25.00012603013403,0.04147577041421196,-0.9991395100127646,0.8636245039664711,-0.5041356128549804,19.896367938467698,-113.58653533062791,0.0,-50.0,-0.02155996572134099,0.012585500390668152,0.006875394485538459,58.81747028033775,8.829000000000008,-0.01468457123580253,0.0010557807284143905,1.0368994875522033,-24.978613672005476,0.02155996572134099,-0.012585500390668152,-0.42589321214128373,0.0,-5.551115123125783e-17,1.0584594532735443,-25.417092384537426
20.600000000000023,0.0,110.0,117.6098187775266,117.58450011946941,-0.001058613707835416,REG_T_ACC,caténaire,,25.000338646119573,0.025496209467588217,25.000338646119573,0.041855527199571654,-0.9991236734473095,0.8539349351366619,-0.5203797906847893,19.89540262115898,-113.65385595502903,0.0,-50.0,-0.02177210397793569,0.013267712145999101,0.00694581273842213,58.816840123763086,8.829000000000008,-0.014826291239513558,0.0011078359090745948,1.0464023542011602,-24.97843018553772,0.02177210397793569,-0.013267712145999101,-0.4258928287923497,0.0,5.551115123125783e-17,1.068174458179096,-25.41759072647607
20.700000000000024,0.0,110.0,117.60973045694894,117.58656046441988,-0.0008832057767098826,REG_T_ACC,caténaire,,25.000583469799587,0.02606511697986294,25.000583469799587,0.04225204715257363,-0.9991069835164884,0.8438343326528125,-0.5366037821674224,19.894432361473246,-113.72117620977318,0.0,-50.0,-0.021994640592220137,0.013986640354030758,0.007017293442950076,58.816178243092764,8.829000000000008,-0.01497734714927006,0.0011648834467905544,1.056325831607825,-24.978257536663648,0.021994640592220137,-0.013986640354030758,-0.42589250896275505,0.0,-5.551115123125783e-17,1.0783204722000452,-25.418136685980432
20.800000000000026,0.0,110.0,117.60965776935211,117.58862428922089,-0.0007268759683372679,REG_T_ACC,caténaire,,25.00086109267812,0.02667430655785879,25.00086109267812,0.04266614173485484,-0.9990893855654064,0.8333233050645554,-0.5527859162788846,19.893457109113523,-113.78849607578694,0.0,-50.0,-0.022228321301100033,0.014745180991689831,0.0070898930527347765,58.81548154318409,8.829000000000008,-0.015138428248365256,0.001226724175772631,1.0666902828736227,-24.978094947689858,0.022228321301100033,-0.014745180991689831,-0.4258922457438627,0.0,-5.551115123125783e-17,1.0889186041747227,-25.41873237442541
20.900000000000027,0.0,110.0,117.60959875619734,117.59062975702008,-0.0005901315477344089,REG_T_ACC,caténaire,,25.00117312220294,0.02732763117385804,25.00117312220294,0.043099596784669535,-0.9990707806542032,0.8223842760817803,-0.5689324234506642,19.892476810552,-113.85581553219635,0.0,-50.0,-0.02247381417994314,0.015547575430908974,0.007163671241904623,58.81474682154003,8.829000000000008,-0.015310142938038515,0.0012943969709269254,1.077540480710664,-24.977941548470174,0.02247381417994314,-0.015547575430908974,-0.42589203204334275,0.0,-5.551115123125783e-17,1.1000142948906073,-25.419381155944425
21.00000000000003,0.0,110.0,117.6095515440125,117.59261433579012,-0.00047212184842191013,REG_T_ACC,caténaire,,25.001521901565454,0.028029689454136676,25.001521901565454,0.04355356365415406,-0.999051093334582,0.8110162429179915,-0.5850236351833876,19.891491408723496,-113.9231345562631,0.0,-50.0,-0.022732533431251974,0.016398030817520504,0.007238695878900651,58.81397052999907,8.829000000000008,-0.015493837552351324,0.0013685608165801,1.0889053755905578,-24.977797790787463,0.022732533431251974,-0.016398030817520504,-0.4258918610769119,0.0,-5.551115123125783e-17,1.1116379090218098,-25.420087682681896
21.10000000000003,0.0,110.0,117.60951438600975,117.59457154296865,-0.00037158002758407125,REG_T_ACC,caténaire,,25.001909756917694,0.028785265631565162,25.001909756917694,0.044029705971585245,-0.9990302222615968,0.7992107813452811,-0.6010508522425246,19.890500842588914,-113.99045312304712,0.0,-50.0,-0.02300549463663466,0.017301408439879696,0.007315041459402266,58.813148600542746,8.829000000000008,-0.015690453177232395,0.0014500089826157136,1.1008267353251944,-24.97766346141787,0.02300549463663466,-0.017301408439879696,-0.42589172651904017,0.0,0.0,1.123832229961829,-25.42085659637679
21.20000000000003,0.0,110.0,117.60948567910476,117.59648955775282,-0.0002870690497481225,REG_T_ACC,caténaire,,25.002340252596348,0.0296004953600686,25.002340252596348,0.04452988778171059,-0.9990080525672194,0.7869518219209415,-0.6170144487573292,19.88950504679398,-114.057771205167,0.0,-50.0,-0.02329416375336836,0.01826393332753661,0.007392789507754339,58.812276475153034,8.829000000000008,-0.01590137424561402,0.0015404084805652474,1.113351405728261,-24.977539245369275,0.02329416375336836,-0.01826393332753661,-0.42589162256458213,0.0,0.0,1.1366455694816293,-25.421694801261392
21.300000000000033,0.0,110.0,117.60946397180085,117.59839862899389,-0.00021707303905442774,REG_T_ACC,caténaire,,25.00281655397873,0.030481383009585562,25.00281655397873,0.04505585602766807,-0.9989844692674725,0.7742413305665946,-0.6328904818706544,19.88850395122126,-114.12508877238842,0.0,-50.0,-0.023599946538851516,0.019291377181020586,0.007472030163985134,58.81134886659183,8.829000000000008,-0.01612791637486638,0.001640243772840222,1.1265233029422614,-24.977425425368416,0.023599946538851516,-0.019291377181020586,-0.4258915439573267,0.0,-5.551115123125783e-17,1.1501232494811129,-25.422608346506763
21.400000000000034,0.0,110.0,117.60944796637823,117.60029760272637,-0.00016005422624494462,REG_T_ACC,caténaire,,25.003342636136708,0.03143489780768769,25.003342636136708,0.045609850545859296,-0.9989593292688067,0.7610695308854003,-0.6486703085218845,19.887497480568605,-114.19240579132051,0.0,-50.0,-0.02392414292792737,0.020390884859266684,0.0075528617090786345,58.81035993590726,8.829000000000008,-0.016371281218848736,0.0017508207665173359,1.1403987207811068,-24.977322389273283,0.02392414292792737,-0.020390884859266684,-0.4258914859979251,0.0,0.0,1.1643228637090342,-25.423604760130477
21.500000000000036,0.0,110.0,117.6094365213737,117.60212827934984,-0.00011445004531287791,REG_T_ACC,caténaire,,25.003923898911438,0.03246973754051369,25.003923898911438,0.04619502169844879,-0.998932440143116,0.7474224055081514,-0.6643491158603347,19.886485553865693,-114.25972222494809,0.0,-50.0,-0.02426860933874907,0.021571241427257387,0.007635392502857959,58.80930286648008,8.829000000000008,-0.016633216835891113,0.0018741079073336664,1.155056807056576,-24.97723071349238,0.02426860933874907,-0.021571241427257387,-0.4258914445528706,0.0,0.0,1.179325416395325,-25.424693399472506
21.600000000000037,0.0,110.0,117.60942874244677,117.60387211635333,-7.778926935677454e-05,REG_T_ACC,caténaire,,25.004567218464743,0.03359647340917875,25.004567218464743,0.04681439123609616,-0.9989036053459782,0.7332833513513264,-0.6799231770067607,19.885468083884188,-114.32703803201747,0.0,-50.0,-0.024635734615068315,0.022843020936591973,0.007719742092463989,58.80816952406251,8.829000000000008,-0.016915992522604326,0.0020125449990899824,1.1705735924544731,-24.97715234464029,0.024635734615068315,-0.022843020936591973,-0.42589141638354566,0.0,1.1102230246251565e-16,1.1952093270695414,-25.42588678196043
21.70000000000004,0.0,110.0,117.60942384776814,117.60554214634642,-4.894678629511302e-05,REG_T_ACC,caténaire,,25.005279777646987,0.03482645280546775,25.005279777646987,0.047471018878507645,-0.998872615685622,0.718635986450213,-0.695386452973258,19.88444497647086,-114.39435316627629,0.0,-50.0,-0.025027542266419102,0.024217843486034788,0.007806043144618002,58.806950460380556,8.829000000000008,-0.017221499121801098,0.0021683038665827326,1.1870261083870455,-24.977089217449034,0.025027542266419102,-0.024217843486034788,-0.4258913986587625,0.0,-5.551115123125783e-17,1.2120536506534645,-25.427198459593832
21.80000000000004,0.0,110.0,117.60942116606907,117.6071017851943,-2.6816990721265912e-05,REG_T_ACC,caténaire,,25.006070312274932,0.03617308428556277,25.006070312274932,0.04816887463640969,-0.9988392060368185,0.7034452823434039,-0.7107494176915017,19.88341612985759,-114.4616675757402,0.0,-50.0,-0.02544578548848945,0.02570999859206935,0.00789444619318285,58.805635374327174,8.829000000000008,-0.017551339295306598,0.0023453729192368655,1.2045142660212174,-24.97704341681355,0.02544578548848945,-0.02570999859206935,-0.4258913889476992,0.0,0.0,1.2299600515097069,-25.428644804353322
21.90000000000004,0.0,110.0,117.60942013111091,117.60275379758964,-1.0349581653150895e-05,REG_T_ACC,caténaire,,25.00694961728593,0.037652459490504664,25.00694961728593,0.04899204037491389,-0.998799168992397,0.6875306853674577,-0.7261553254491453,19.88238143358099,-114.52898120190244,0.0,-50.0,-0.025887221279277107,0.027341533975288174,0.007985115822658472,58.80421124744766,8.829000000000008,-0.017902105456618633,0.0025527814229420187,1.2251414853035099,-24.976920496779925,0.025887221279277107,-0.027341533975288174,-0.42589138519987213,0.0,0.0,1.251028706582787,-25.430153415955086
22.000000000000043,0.0,110.0,117.60942027415479,117.60998415636952,1.4304387908371966e-06,REG_T_ACC,caténaire,,25.007930449499238,0.039283587720467576,25.007930449499238,0.04970629318349962,-0.9987638782104388,0.6714908507321629,-0.7410128456261715,19.88134076778312,-114.59629397831647,0.0,-50.0,-0.02637856973822832,0.02910964312314901,0.008078247508302213,58.80266455961074,8.829000000000008,-0.018300322229926107,0.0027742027338817365,1.2430515228353765,-24.97701760175878,0.02637856973822832,-0.02910964312314901,-0.4258913857178677,0.0,0.0,1.2694300925736048,-25.4320186305998
22.100000000000044,0.0,110.0,117.60942121511336,117.60495003941615,9.409585680719518e-06,REG_T_ACC,caténaire,,25.009029143808913,0.041089741817728676,25.009029143808913,0.05065480776685632,-0.9987162211810234,0.6545074554534709,-0.7560555474009981,19.880294001059124,-114.66360582990559,0.0,-50.0,-0.02689354236236167,0.031066127242568537,0.00817405310200915,58.80097691769409,8.829000000000008,-0.018719489260352523,0.0030430449366534162,1.2668275637153477,-24.976923081910925,0.02689354236236167,-0.031066127242568537,-0.42589138912530006,0.0,0.0,1.2937211060777094,-25.433880598278794
22.200000000000045,0.0,110.0,117.60942265279479,117.61264512660716,1.4376814398864196e-05,REG_T_ACC,caténaire,,25.010263070890193,0.043097138186040065,25.010263070890193,0.05146992867318842,-0.998674544805452,0.6373883395947599,-0.7705427337588971,19.879240990096232,-114.73091667005161,0.0,-50.0,-0.027469613349686003,0.03320818667505627,0.008272775247805945,58.79912752124572,8.829000000000008,-0.019196838101880057,0.003335707920768982,1.2872764563563965,-24.97711308778587,0.027469613349686003,-0.03320818667505627,-0.4258913943314829,0.0,5.551115123125783e-17,1.3147460697060824,-25.43621266879241
22.300000000000047,0.0,110.0,117.60942435492362,117.61392676146605,1.70212882174773e-05,REG_T_ACC,caténaire,,25.011657546106147,0.0453410493707165,25.011657546106147,0.052454567035789657,-0.9986233115630176,0.6195341031707927,-0.7849697414603709,19.878181577437736,-114.79822639936461,0.0,-50.0,-0.02809032635870948,0.03559135180207324,0.008374692109262876,58.797091413304464,8.829000000000008,-0.019715634249446605,0.0036827651065323153,1.311975667428439,-24.97722428637266,0.02809032635870948,-0.03559135180207324,-0.42589140049529184,0.0,-5.551115123125783e-17,1.3400659937871486,-25.438707038670024
22.40000000000005,0.0,110.0,117.60942614802947,117.61512369826445,1.793105841253774e-05,REG_T_ACC,caténaire,,25.01324019642825,0.047861438851693736,25.01324019642825,0.05352038739832794,-0.99856675697358,0.601146843988769,-0.799138581199996,19.877115589490263,-114.86553490243989,0.0,-50.0,-0.028771752914457143,0.0382479223381329,0.008480131376350194,58.79483827379566,8.829000000000008,-0.02029162153810695,0.004086196133783915,1.3387183054002685,-24.97739014434855,0.028771752914457143,-0.0382479223381329,-0.4258914069885501,0.0,0.0,1.3674900583147256,-25.441529473675235
22.50000000000005,0.0,110.0,117.60942790775928,117.60937578002834,1.7597298181526126e-05,REG_T_ACC,caténaire,,25.015045625637324,0.05071029468723162,25.015045625637324,0.05481204288195305,-0.9984966900070861,0.5819305793121531,-0.8132384649421237,19.876042838084253,-114.93284204187,0.0,-50.0,-0.029509871164430695,0.04123956220820697,0.00858924974862846,58.79231604005953,8.829000000000008,-0.020920621415802233,0.0045556022677288865,1.3711257535264452,-24.977440257575104,0.029509871164430695,-0.04123956220820697,-0.4258914133609458,0.0,-5.551115123125783e-17,1.4006356246908758,-25.44457123314426
22.60000000000005,0.0,110.0,117.60942954977921,117.61054945813568,1.6420199194991216e-05,REG_T_ACC,caténaire,,25.01712102785415,0.053952582797278686,25.01712102785415,0.05608386056648505,-0.9984260616510163,0.5623142373449784,-0.826923635216176,19.87496311885028,-115.00014765530061,0.0,-50.0,-0.030338305448443566,0.04461466589602741,0.008702671663584894,58.78949755678673,8.829000000000008,-0.021635633784858672,0.005112222682747358,1.4030567275010533,-24.977745621687244,0.030338305448443566,-0.04461466589602741,-0.4258914193070864,0.0,0.0,1.4333950329494969,-25.448251706890357
22.700000000000053,0.0,110.0,117.60943102209188,117.61147135968687,1.4723126817790027e-05,REG_T_ACC,caténaire,,25.019533136897902,0.05767150207910813,25.019533136897902,0.05748779167629744,-0.9983462093924044,0.5420457620691849,-0.8403489702634476,19.873876187318196,-115.06745156015498,0.0,-50.0,-0.031260593294144746,0.04846418738572479,0.008821204000912996,58.78633862015228,8.829000000000008,-0.02243938929323175,0.005802807537996557,1.4383177088122072,-24.978156067989673,0.031260593294144746,-0.04846418738572479,-0.42589142463867713,0.0,0.0,1.469578302106352,-25.452511680014076
22.800000000000054,0.0,110.0,117.60943229801399,117.61293517166554,1.2759221083026406e-05,REG_T_ACC,caténaire,,25.022358409624644,0.06197493549101396,25.022358409624644,0.05902166639844342,-0.998256701903649,0.5212966349240025,-0.8533755436013569,19.872781762987493,-115.1347535348519,0.0,-50.0,-0.03230732532109771,0.05288789426430306,0.008945212555325493,58.78273969101822,8.829000000000008,-0.023362112765772214,0.006627585282515724,1.476861290555151,-24.97873697984293,0.03230732532109771,-0.05288789426430306,-0.42589142925909124,0.0,5.551115123125783e-17,1.5091686158762487,-25.457516303366326
22.900000000000055,0.0,110.0,117.60943336994066,117.61387572929742,1.0719266875059093e-05,REG_T_ACC,caténaire,,25.025700230590854,0.06700695380599604,25.025700230590854,0.06074039555146961,-0.9981535975731647,0.49988505116367693,-0.8660917593552591,19.871679538275654,-115.20205330213685,0.0,-50.0,-0.033495774531632466,0.05803417051087168,0.009075505516173619,58.7786083194496,8.829000000000008,-0.024420269015458847,0.007642489960467458,1.5200709309585927,-24.97949271695184,0.033495774531632466,-0.05803417051087168,-0.4258914331407899,0.0,-5.551115123125783e-17,1.5535667054902251,-25.463418320603502
23.000000000000057,0.0,110.0,117.60943424394671,117.61527154690157,8.740060591319662e-06,REG_T_ACC,caténaire,,25.029704681806038,0.0729625972335585,25.029704681806038,0.06265293624521986,-0.9980353749140621,0.4779015539096574,-0.8784134019758209,19.870569158416366,-115.26935052224273,0.0,-50.0,-0.03486893859520208,0.06409132325292173,0.009213032664653781,58.773815992796855,8.829000000000008,-0.025655905930548298,0.008907316049771907,1.568184491665875,-24.980530696094544,0.03486893859520208,-0.06409132325292173,-0.4258914363057715,0.0,-5.551115123125783e-17,1.603053430261077,-25.470513455653236
23.10000000000006,0.0,110.0,117.60943493526334,117.61500121826889,6.913166232606236e-06,REG_T_ACC,caténaire,,25.034571785610243,0.08011326339332536,25.034571785610243,0.06486722781301478,-0.9978939035568133,0.4550307036078795,-0.8904757485603512,19.869450225059143,-115.33664476365338,0.0,-50.0,-0.036453994610188216,0.07133891818978398,0.009358534196142326,58.76816944936745,8.829000000000008,-0.02709546041404589,0.010508367557221732,1.623923271218452,-24.981846563015868,0.036453994610188216,-0.07133891818978398,-0.4258914388091917,0.0,5.551115123125783e-17,1.6603772658286402,-25.479076920014844
23.20000000000006,0.0,110.0,117.60943546459767,117.61613377544444,5.293343295614327e-06,REG_T_ACC,caténaire,,25.0406131441684,0.08884974039798123,25.0406131441684,0.06736346838807764,-0.9977285017111261,0.43157276206052997,-0.9020781291259895,19.868322253807598,-115.40393548749296,0.0,-50.0,-0.03834512787191781,0.08014940759154075,0.009514616207374758,58.761479549049135,8.829000000000008,-0.02883051166454305,0.01262895664066832,1.6868225519552693,-24.98373343425907,0.03834512787191781,-0.08014940759154075,-0.4258914407260358,0.0,-1.1102230246251565e-16,1.725167679827187,-25.489774282576647
23.30000000000006,0.0,110.0,117.60943585527758,117.61650955763113,3.90679917866662e-06,REG_T_ACC,caténaire,,25.04827660279839,0.09975935120336642,25.04827660279839,0.07028174075866196,-0.9975271810411644,0.40725863002912827,-0.9133128753427259,19.86718466637193,-115.47122198293076,0.0,-50.0,-0.040627856703677676,0.0911114998898714,0.00968208806957001,58.75333332502817,8.829000000000008,-0.030945768634107668,0.015444824918034783,1.7604364826491343,-24.98633674952883,0.040627856703677676,-0.0911114998898714,-0.42589144214077973,0.0,0.0,1.801064339352812,-25.503339691559482
23.400000000000063,0.0,110.0,117.60943613108225,117.6172080659144,2.758046729063435e-06,REG_T_ACC,caténaire,,25.058300840786956,0.11376634483865755,25.058300840786956,0.07372691453466625,-0.9972784676674804,0.3820731023896609,-0.9241321033436398,19.866036772843554,-115.53850329018964,0.0,-50.0,-0.04346706032003788,0.10513513154546644,0.009864634322191155,58.74325164804696,8.829000000000008,-0.03360242599784673,0.019386779592416303,1.8474712044726551,-24.990103864850752,0.04346706032003788,-0.10513513154546644,-0.4258914431395334,0.0,-5.551115123125783e-17,1.890938264792693,-25.521130439535753
23.500000000000064,0.0,110.0,117.60943631472455,117.61771877135436,1.8364230950414207e-06,REG_T_ACC,caténaire,,25.071945668526865,0.13242432269083249,25.071945668526865,0.07790757946299813,-0.99696058551089,0.3558082574837726,-0.9345589782920933,19.864877683712738,-115.60577807702384,0.0,-50.0,-0.04711766750509391,0.12375833971496689,0.010066143570548964,58.73038916237672,8.829000000000008,-0.03705152393454495,0.025147502091677154,1.9532945994627287,-24.995741633591766,0.04711766750509391,-0.12375833971496689,-0.4258914438045454,0.0,0.0,2.0004122669678224,-25.54539141711128
23.600000000000065,0.0,110.0,117.60943642685287,117.61813719832556,1.1212831754190687e-06,REG_T_ACC,caténaire,,25.09160405770031,0.15860475688244707,25.09160405770031,0.08315627752787841,-0.9965365189031993,0.3281972613945646,-0.9446092089393939,19.863706209500435,-115.67304439432444,0.0,-50.0,-0.052053646852969856,0.14981951393275322,0.010294194205629796,58.713360326311744,8.829000000000008,-0.04175945264734006,0.03417984024449083,2.0865243906417668,-25.004699761358054,0.052053646852969856,-0.14981951393275322,-0.4258914442105884,0.0,5.551115123125783e-17,2.1385780374947365,-25.580410719501398
23.700000000000067,0.0,110.0,117.60943648547898,117.61412824511604,5.862613118116981e-07,REG_T_ACC,caténaire,,25.122414998407248,0.19835218162077692,25.122414998407248,0.09050997816532053,-0.9958955486658795,0.29732531369146137,-0.9547762344331125,19.86252076248036,-115.74029914723005,0.0,-50.0,-0.05897512462178321,0.18938194905947822,0.010557003313775523,58.68939099448867,8.829000000000008,-0.04841812130800769,0.04977294354814177,2.273829232965961,-25.019301268650704,0.05897512462178321,-0.18938194905947822,-0.42589144442288734,0.0,5.551115123125783e-17,2.332804357587744,-25.63457466213307
23.800000000000068,0.0,110.0,117.60943650573918,117.61474072832188,2.0260192743419537e-07,REG_T_ACC,caténaire,,25.178402966398483,0.26753947769908104,25.178402966398483,0.10050745275717403,-0.9949363054689806,0.26495756559742006,-0.9642600730263018,19.8613189812044,-115.80753691234892,0.0,-50.0,-0.07088660871235376,0.25797763630353454,0.010877584942057653,58.65252146751781,8.829000000000008,-0.06000902377029611,0.0814991038213364,2.530617146646386,-25.05090722499773,0.07088660871235376,-0.25797763630353454,-0.4258914444962543,0.0,5.551115123125783e-17,2.6015037553587397,-25.734776305797517
23.90000000000007,0.0,110.0,117.60943649992028,117.61261086766189,-5.818913436411236e-08,REG_T_ACC,caténaire,,25.320939133454303,0.43264973497234127,25.320939133454303,0.11856355592933647,-0.9929464654277145,0.2249739962261123,-0.9743647679498953,19.86009678942282,-115.874746058968,0.0,-50.0,-0.097334939842896,0.42155865861990904,0.011306701185331967,58.58380754889453,8.829000000000008,-0.08602823865756404,0.17636620751442678,3.0021405831326335,-25.142337013873746,0.097334939842896,-0.42155865861990904,-0.4258914444751826,0.0,-5.551115123125783e-17,3.0994755229755295,-25.989787116968838
24.00000000000007,0.0,110.0,117.60943647767104,117.60943649754535,-2.2249227064659748e-07,REG_T_ACC,straight,,19.18911539701381,5.298151210391658,19.18911539701381,0.1688994500031208,-0.9856332866683446,0.16872032456603067,-0.9856639650907065,19.855173181361142,-115.92131661835754,0.0,-50.0,-0.8939057918171888,5.222196729684767,0.010579682635794209,69.0691670400794,8.829000000000008,-0.8833261091813945,15.462363769764167,3.2410310366020494,-18.913430877016857,0.8939057918171888,-5.222196729684767,-0.4258914443946129,0.0,0.0,4.134936828419238,-24.561519051096237
24.100000000000072,0.0,110.0,117.60943644653491,117.60943656869709,-3.113612346450032e-07,REG_T_ACC,straight,,12.607330242344783,9.182185474754545,12.607330242344783,0.16880302763337723,-0.9856498048809249,0.16839964528790916,-0.9857188034459453,19.840493341276296,-115.92383001456736,0.0,-50.0,-1.5462767769164572,9.05105287919379,0.008982344785520019,105.01390434829592,8.829000000000008,-1.5372944321309372,55.235957227489706,2.128155515281639,-12.42641259343652,1.5462767769164572,-9.05105287919379,-0.42589144428186165,0.0,-5.551115123125783e-17,3.6744322921980963,-21.903356916912173
24.200000000000074,0.0,110.0,117.60943641097707,117.6094366689668,-3.555784770314411e-07,REG_T_ACC,straight,,12.084021447943005,9.707828889185784,12.084021447943005,0.1686856772798476,-0.9856698951883635,0.16811168758341807,-0.9857679546921047,19.823189993530455,-115.92679013665501,0.0,-50.0,-1.631999497332081,9.569666628593597,0.005911245435918944,146.90351335217824,8.829000000000008,-1.6260882518961621,97.64417998077184,2.0384013422104705,-11.910856154047918,1.631999497332081,-9.569666628593597,-0.4258914441530984,0.0,0.0,3.670400839542552,-21.906414226794613
24.300000000000075,0.0,110.0,117.60943637425795,117.60943651922048,-3.6719127550832963e-07,REG_T_ACC,straight,,12.41598087132821,9.778963026699198,12.41598087132821,0.16854426627402452,-0.9856940855590799,0.16807789254657937,-0.9857737174611122,19.80348069736048,-115.93015861517615,0.0,-50.0,-1.6436274968185205,9.639844735744038,0.001688813251456638,195.53623801222147,8.829000000000008,-1.641938683567064,146.34708274796552,2.092642386030337,-12.238358911282889,1.6436274968185205,-9.639844735744038,-0.4258914440201298,0.0,0.0,3.7362698828488576,-22.30409509104706
24.400000000000077,0.0,110.0,117.60943633862577,117.60943654235791,-3.563219976682245e-07,REG_T_ACC,straight,,12.878777725767252,9.788584477961686,12.878777725767252,0.16838750802438676,-0.9857208768923063,0.1678348466467163,-0.9858151268118547,19.78159170068999,-115.93389558570203,0.0,-50.0,-1.6428655747471272,9.649734648450352,-0.0001926020273317068,251.03246873698473,8.829000000000008,-1.643058176774459,201.85320338543505,2.1686252876419267,-12.694880073144397,1.6428655747471272,-9.649734648450352,-0.42589144389109723,0.0,0.0,3.811490862389054,-22.770506165485845
24.500000000000078,0.0,110.0,117.60943630552403,117.60943675881991,-3.3101730061665757e-07,REG_T_ACC,straight,,13.357024528580213,9.78988041423111,13.357024528580213,0.16821592741584576,-0.9857501720839955,0.16742638292258744,-0.9858845806185726,19.757750082310167,-115.93796108172718,0.0,-50.0,-1.6390842669993968,9.651692146490216,-0.007726050224481103,313.4012278203489,8.829000000000008,-1.646810317223878,264.2239199668391,2.2468642685913207,-13.166689227578095,1.6390842669993968,-9.651692146490216,-0.4258914437712281,0.0,-5.551115123125783e-17,3.8859485355907175,-23.244272817839537
24.60000000000008,0.0,110.0,117.60943627577821,117.60943638148531,-2.9745836977195944e-07,REG_T_ACC,straight,,13.822152333378577,9.790049133759075,13.822152333378577,0.1680172677648682,-0.9857840522816488,0.16760593451753608,-0.9858540717137114,19.732177526196725,-115.94231613686605,0.0,-50.0,-1.6408703340362842,9.651559800793677,-0.0324765306856903,382.6338724357672,8.829000000000008,-1.6733468647219745,333.4564322365609,2.322360269684066,-13.62565733845218,1.6408703340362842,-9.651559800793677,-0.42589144366351145,0.0,5.551115123125783e-17,3.9632306037203504,-23.70310858290937
24.70000000000008,0.0,110.0,117.6094362497562,117.6094368112307,-2.602202005988854e-07,REG_T_ACC,straight,,14.261092070934417,9.790064885825585,14.261092070934417,0.1678190859117733,-0.9858178099444829,0.16692469926454379,-0.9859696469848559,19.70508504351957,-115.94692371258984,0.0,-50.0,-1.6342036368468058,9.652706819436284,-0.08389263926040884,458.7211023024383,8.829000000000008,-1.7180962761072147,409.54480912187455,2.393283435447852,-14.058838552785197,1.6342036368468058,-9.652706819436284,-0.42589144356927966,0.0,0.0,4.027487072294658,-24.13743681579076
24.800000000000082,0.0,110.0,117.6094362275017,117.60943654324171,-2.225448798881467e-07,REG_T_ACC,straight,,14.666214458355805,9.790059575992501,14.666214458355805,0.1675954084390217,-0.9858558612039375,0.16688569557925959,-0.9859762495167045,19.676669133279454,-115.95174936830507,0.0,-50.0,-1.6338209021018997,9.652766223282184,-0.17205972115310086,541.6549121727584,8.829000000000008,-1.8058806232550006,492.47867839604055,2.4579902024024265,-14.458773485444002,1.6338209021018997,-9.652766223282184,-0.42589144348869096,0.0,0.0,4.091811104504326,-24.537431152214875
24.900000000000084,0.0,110.0,117.60943620884022,117.60943639541043,-1.8661461716263556e-07,REG_T_ACC,straight,,15.033295246803942,9.79005110705698,15.033295246803942,0.1673600574175223,-0.9858958419535016,0.16680911837261753,-0.9859892078657606,19.647109951743875,-115.95676157907026,0.0,-50.0,-1.633069793991043,9.652884736012425,-0.3071104423329755,631.4290862664657,8.829000000000008,-1.9401802363240186,582.252971002478,2.515973155679673,-14.821263274683345,1.633069793991043,-9.652884736012425,-0.42589144342111324,0.0,0.0,4.149042949670716,-24.900039454116886
25.000000000000085,0.0,110.0,117.6094361934549,117.60943808854273,-1.5385318751278463e-07,REG_T_ACC,straight,,15.360696065026296,9.790041948129016,15.360696065026296,0.16713559723189633,-0.9859339187480758,0.1655965053224158,-0.9861935902372327,19.61657034560251,-115.9619318984397,0.0,-50.0,-1.6211967335700204,9.654876617398466,-0.4987028549519147,728.0393953094074,8.829000000000008,-2.119899588521935,678.8652719268059,2.5673191107258098,-15.144631266089524,1.6211967335700204,-9.654876617398466,-0.42589144336539936,0.0,-5.551115123125783e-17,4.18851584429583,-25.22539932685339
25.100000000000087,0.0,110.0,117.60943618318615,117.60943794290348,-1.0268749127285023e-07,REG_T_ACC,straight,,15.648773548238287,9.790032474678146,15.648773548238287,0.16688267047493544,-0.9859767615391117,0.16538061136255533,-0.9862298177328384,19.585195497234494,-115.96723501343834,0.0,-50.0,-1.6190815559215421,9.655221943100397,-0.7556674712349353,831.4831860291711,8.829000000000008,-2.3747490271564775,782.3094079722714,2.611509119387536,-15.4293270651509,1.6190815559215421,-9.655221943100397,-0.4258914433282138,0.0,0.0,4.230590675309078,-25.510440451579512
25.200000000000088,0.0,110.0,117.60943616989583,117.60943779756533,-1.3290336912031317e-07,REG_T_ACC,straight,,15.899263625006768,9.79002277402813,15.899263625006768,0.1666215594301033,-0.9860209206366163,0.16515936379021084,-0.9862668931645292,19.553113455599725,-115.97264863058551,0.0,-50.0,-1.616913932850161,9.655575345350709,-1.0858281742171032,941.7588243437124,8.829000000000008,-2.702742107067264,892.585399689063,2.649160098988945,-15.677006556973438,1.616913932850161,-9.655575345350709,-0.42589144328008643,0.0,5.551115123125783e-17,4.266074031839105,-25.758473345604234
25.30000000000009,0.0,110.0,117.6094361550592,117.60943765731966,-1.4836634189316362e-07,REG_T_ACC,straight,,16.114707305399023,9.790012889980474,16.114707305399023,0.16635342429829417,-0.9860661936321676,0.16493250927147113,-0.9863048551971221,19.52043637939732,-115.9781532715056,0.0,-50.0,-1.6146913917445265,9.65593724583015,-1.4958757174692088,1058.8656767242724,8.829000000000008,-3.1105671092137355,1009.6926139701025,2.6807367418178645,-15.8901680941313,1.6146913917445265,-9.65593724583015,-0.4258914432263595,0.0,0.0,4.295428133562391,-25.97199678318781
25.40000000000009,0.0,110.0,117.60943613907337,117.60943752356337,-1.5985829832424132e-07,REG_T_ACC,straight,,16.298128499322353,9.790002856280154,16.298128499322353,0.16607930187105177,-0.9861124000285283,0.16470039325487024,-0.9863436421763416,19.48726179737834,-115.98373203424356,0.0,-50.0,-1.6124173203956442,9.656307074180155,-1.9913508922398542,1182.8038925742599,8.829000000000008,-3.603768212635498,1133.63119964844,2.706781802972149,-16.07178661044012,1.6124173203956442,-9.656307074180155,-0.42589144316847116,0.0,0.0,4.3191991233677935,-26.153985127788747
25.500000000000092,0.0,110.0,117.60943612214693,117.60943739680663,-1.6926441398026624e-07,REG_T_ACC,straight,,16.452757954047687,9.789992701532029,16.452757954047687,0.16580011387345128,-0.9861593797351168,0.1644634672115055,-0.9863831750150497,19.45367400056192,-115.98937034422258,0.0,-50.0,-1.610096143669291,9.656684084311326,-2.5766927214196236,1313.5742163146886,8.829000000000008,-4.186788865088914,1264.401900399,2.727869142313438,-16.225041578895677,1.610096143669291,-9.656684084311326,-0.4258914431071765,0.0,5.551115123125783e-17,4.33796528598273,-26.30761710631418
25.600000000000094,0.0,110.0,117.60943610438164,117.60943738637704,-1.7765294992475477e-07,REG_T_ACC,straight,,16.581778003977508,9.78998245025856,16.581778003977508,0.1655176373276682,-0.9862068300987712,0.16417417369400314,-0.98643136643757,19.419745435463035,-115.99505570502754,0.0,-50.0,-1.607262279249991,9.65714576580838,-3.255328954561277,1451.1794791777345,8.829000000000008,-4.862591233811268,1402.0076249435429,2.744576717910255,-16.353062722704188,1.607262279249991,-9.65714576580838,-0.4258914430428442,0.0,0.0,4.351838997160247,-26.43609993155541
25.700000000000095,0.0,110.0,117.60943608577865,117.60943727150921,-1.8602986589699695e-07,REG_T_ACC,straight,,16.688410177270008,9.789972123441396,16.688410177270008,0.16523068663092513,-0.9862549468547536,0.16392747047043899,-0.9864723941526004,19.38553815694004,-116.00077744041494,0.0,-50.0,-1.6048453661718602,9.65753723929845,-4.029785631719242,1595.619722356233,8.829000000000008,-5.634630997891102,1546.4482595955317,2.7574374723688426,-16.45902709247376,1.6048453661718602,-9.65753723929845,-0.4258914429754784,0.0,0.0,4.362282838540703,-26.542455774747687
25.800000000000097,0.0,110.0,117.60943606622851,117.60943641426805,-1.9550136407841658e-07,REG_T_ACC,straight,,16.77548534396077,9.789961738965964,16.77548534396077,0.16493075165151913,-0.9863051491093742,0.16417360767729156,-0.9864314606409421,19.351105101693896,-116.00652646795132,0.0,-50.0,-1.607253337708693,9.657126257787134,-4.902008978146832,1746.8961197810388,8.829000000000008,-6.509262315855525,1697.724246038826,2.766793407098493,-16.54574757355735,1.607253337708693,-9.657126257787134,-0.4258914429046827,0.0,-5.551115123125783e-17,4.3740467448071865,-26.628765274249165
25.900000000000098,0.0,110.0,117.60943604548916,117.609436469658,-2.0739322360825507e-07,REG_T_ACC,straight,,16.845443545712293,9.78995131210867,16.845443545712293,0.1646407820701783,-0.9863535942446401,0.16380495949613094,-0.9864927446486724,19.316491709907474,-116.01229501634334,0.0,-50.0,-1.6036425781490546,9.657715939858953,-5.87285989772504,1905.0139570693163,8.829000000000008,-7.476502475874095,1855.8426730091753,2.773446999685109,-16.615563787958493,1.6036425781490546,-9.657715939858953,-0.4258914428295807,0.0,-5.551115123125783e-17,4.377089577834164,-26.699171170647027
26.0000000000001,0.0,110.0,117.60943602314842,117.60943700655895,-2.2340739010286532e-07,REG_T_ACC,straight,,16.901110976916666,9.789940855760099,16.901110976916666,0.16435476805848334,-0.9864012926879415,0.16314495372453688,-0.986602110313078,19.28173602811298,-116.01807659768029,0.0,-50.0,-1.5971794478789343,9.658776308133135,-6.942731007792421,2069.969936311819,8.829000000000008,-8.539910455671356,2020.7997126199516,2.7777781745418255,-16.67127771549296,1.5971794478789343,-9.658776308133135,-0.42589144274867957,0.0,0.0,4.37495762242076,-26.755945466374772
26.1000000000001,0.0,110.0,117.60943599856472,117.60943637198196,-2.4583683789868967e-07,REG_T_ACC,straight,,16.94427658177426,9.789930380690356,16.94427658177426,0.1640512439283682,-0.986451818065918,0.16326634139230314,-0.9865820299237017,19.24686992073754,-116.02386579559698,0.0,-50.0,-1.5983661157406719,9.658569387793209,-8.112170855505513,2241.7713290565644,8.829000000000008,-9.710536971246185,2192.6008984443574,2.7797296507063862,-16.71471243990298,1.5983661157406719,-9.658569387793209,-0.4258914426596563,0.0,0.0,4.378095766447058,-26.799173270355844
26.200000000000102,0.0,110.0,117.60943597069931,117.60943699361513,-2.7865399063141906e-07,REG_T_ACC,straight,,16.97695750678122,9.789919896109216,16.97695750678122,0.1637639016880843,-0.9864995613298039,0.1625326488745033,-0.9867031661294279,19.21192121823026,-116.02965790025642,0.0,-50.0,-1.5911816129838332,9.659744957644444,-9.38036544637998,2420.4141128004044,8.829000000000008,-10.971547059363813,2371.2448577580485,2.780212800103304,-16.74776113315439,1.5911816129838332,-9.659744957644444,-0.42589144255874894,0.0,-5.551115123125783e-17,4.371394413087137,-26.833397533357584
26.300000000000104,0.0,110.0,117.60943593820573,117.609436262718,-3.249359063297268e-07,REG_T_ACC,straight,,17.000589182540935,9.789909409639765,17.000589182540935,0.1634565786040393,-0.9865505293248094,0.16272865340892972,-0.9866708596891449,19.17691225701869,-116.03544914374022,0.0,-50.0,-1.5930987752260892,9.659418333488116,-10.747414291879553,2605.907692698419,8.829000000000008,-12.340513067105642,2556.738111031907,2.7788581420309826,-16.77194025686939,1.5930987752260892,-9.659418333488116,-0.4258914424410821,0.0,0.0,4.371956917257072,-26.857250032798586
26.400000000000105,0.0,110.0,117.60943589917069,117.60943695025983,-3.903504001821638e-07,REG_T_ACC,straight,,17.016689533417022,9.789898927813132,17.016689533417022,0.16316901045158969,-0.9865981319809243,0.1619233037816837,-0.9868033460079187,19.14186320053674,-116.04123614359283,0.0,-50.0,-1.5852127780802654,9.660705019045334,-12.211873857172879,2798.244801843832,8.829000000000008,-13.797086635253144,2749.0765068628775,2.7765963923295787,-16.78863410616858,1.5852127780802654,-9.660705019045334,-0.4258914422997271,0.0,-5.551115123125783e-17,4.361809170409844,-26.87523056751364
26.500000000000107,0.0,110.0,117.60943585071242,117.6094369177921,-4.845829219596204e-07,REG_T_ACC,straight,,17.02643274221682,9.789888456005329,17.02643274221682,0.16287069414203492,-0.9866474228363907,0.16161717460549943,-0.9868535295942026,19.106789710960513,-116.0470162824705,0.0,-50.0,-1.5822141119625766,9.661185977142397,-13.773200039370916,2997.4316518539804,8.829000000000008,-15.355414151333493,2948.2638378311226,2.7731069194875246,-16.799085985205366,1.5822141119625766,-9.661185977142397,-0.4258914421242483,0.0,5.551115123125783e-17,4.355321031450101,-26.886163404472008
26.600000000000108,0.0,110.0,117.60943578823647,117.60943687578656,-6.247594985145077e-07,REG_T_ACC,straight,,17.030766762547138,9.789877998694564,17.030766762547138,0.16257205829367538,-0.9866966736855647,0.16130876474961459,-0.9869039884481942,19.0717055417209,-116.0527872744003,0.0,-50.0,-1.579193127018849,9.66166964333289,-15.430362559362743,3203.4699636625983,8.829000000000008,-17.009555686381592,3154.302633305931,2.7687268069068023,-16.804200914919935,1.579193127018849,-9.66166964333289,-0.42589144189800804,0.0,-5.551115123125783e-17,4.347919933925652,-26.891762000150834
26.70000000000011,0.0,110.0,117.60943570395135,117.60943679989006,-8.428512237870069e-07,REG_T_ACC,straight,,17.030543248797525,9.789867559672695,17.030543248797525,0.16227308365905246,-0.9867458874096117,0.16100607602900738,-0.986953415051461,19.03662224844308,-116.05854720774316,0.0,-50.0,-1.576228160626575,9.662143220920479,-17.182257191261794,3416.3613552775496,8.829000000000008,-18.758485351888368,3367.19449849847,2.763598769371232,-16.804818511102486,1.576228160626575,-9.662143220920479,-0.42589144159279185,0.0,0.0,4.339826929997807,-26.89285317361576
26.80000000000011,0.0,110.0,117.60943558362439,117.60943669302185,-1.2032697055062268e-06,REG_T_ACC,straight,,17.026490591387677,9.789857142120749,17.026490591387677,0.1619740583778039,-0.9867950164105126,0.16070102702098094,-0.9870031306507604,19.00154954048406,-116.06429448094373,0.0,-50.0,-1.5732400971274896,9.662619647896886,-19.02770876659017,3636.1074268599946,8.829000000000008,-20.600948863717658,3586.9410465078913,2.7578497810185567,-16.80165606254184,1.5732400971274896,-9.662619647896886,-0.4258914411570597,0.0,5.551115123125783e-17,4.331089878146046,-26.890167151595787
26.900000000000112,0.0,110.0,117.60943539867736,117.60943652217512,-1.849470237236378e-06,REG_T_ACC,straight,,17.01922913365544,9.789846748710083,17.01922913365544,0.16167504011790984,-0.9868440512071156,0.1603958202394797,-0.9870527751086587,18.966495559660075,-116.07002774610274,0.0,-50.0,-1.5702504992781574,9.663095401202767,-20.965508218885127,3862.7097166240733,8.829000000000008,-22.535758718163283,3813.5438120252757,2.751584552959643,-16.795325026678704,1.5702504992781574,-9.663095401202767,-0.42589144048732297,0.0,1.1102230246251565e-16,4.321835052237801,-26.884311868368794
27.000000000000114,0.0,110.0,117.60943508370708,117.60943622824873,-3.1497029746397327e-06,REG_T_ACC,straight,,17.009284964258296,9.789836381714336,17.009284964258296,0.16137617368531962,-0.9868929681412698,0.16008762700479087,-0.9871028070469534,18.931467126532315,-116.07574584359016,0.0,-50.0,-1.567231675113816,9.66357497292061,-22.994420426389564,4096.169748386954,8.829000000000008,-24.56165210150338,4047.0043233598744,2.744893324655242,-16.78634372433754,1.567231675113816,-9.66357497292061,-0.4258914393467415,0.0,0.0,4.312124999769058,-26.875810136604894
27.100000000000115,0.0,110.0,117.60943445325537,117.60943560371517,-6.3045169517410316e-06,REG_T_ACC,straight,,16.997104416403392,9.789826043180467,16.997104416403392,0.16107732142522438,-0.9869417898348792,0.15978668611708952,-0.9871515663461812,18.89646993858446,-116.08144768340351,0.0,-50.0,-1.5642838611025858,9.664042112782235,-25.113224446508738,4336.489023550717,8.829000000000008,-26.677508307611323,4287.3240656635,2.73784805137911,-16.775152654735493,1.5642838611025858,-9.664042112782235,-0.42589143706372745,0.0,5.551115123125783e-17,4.302131912481696,-26.865086204581452
27.200000000000117,0.0,110.0,117.60943271535326,117.60943387732651,-1.7379021007836086e-05,REG_T_ACC,straight,,16.983090277947376,9.789815735545218,16.983090277947376,0.16077874402108083,-0.9869904738501805,0.15948347529583443,-0.9872005982106995,18.861508686382752,-116.08713173173294,0.0,-50.0,-1.561313836010597,9.664511950502758,-27.320693934894383,4583.669515741151,8.829000000000008,-28.88200777090498,4534.5050276916545,2.730519924485008,-16.762148320871674,1.561313836010597,-9.664511950502758,-0.42589143077037495,0.0,-5.551115123125783e-17,4.291833760495605,-26.852551702144805
27.300000000000118,0.0,110.0,117.6094098738982,117.60941276554627,-0.00022841455072105944,REG_T_ACC,straight,,16.968236015128284,9.789805480872104,16.968236015128284,0.16049264080203968,-0.9870370369182644,0.1585942629046213,-0.9873438407027919,18.826584118939042,-116.09277764486082,0.0,-50.0,-1.552606984218533,9.665904143217507,-29.61612059946678,4837.75006018309,8.829000000000008,-31.16872758368531,4788.586964326308,2.723277007820217,-16.748277398101997,1.552606984218533,-9.665904143217507,-0.42589134805609136,0.0,5.551115123125783e-17,4.27588399203875,-26.840072889375595
27.40000000000012,0.0,110.0,117.6094216692736,117.6094228549777,0.00011795375393107243,REG_T_ACC,straight,,16.94980363316015,9.789795237081893,16.94980363316015,0.16018233158400377,-0.9870874432634185,0.15887777571021675,-0.9872982590815068,18.79170872490035,-116.0984399058812,0.0,-50.0,-1.5553808919260452,9.66544779433538,-31.996830038136757,5098.64565575563,8.829000000000008,-33.5522109300628,5049.482103549966,2.7150590658506113,-16.730938332073055,1.5553808919260452,-9.66544779433538,-0.4258913907699212,0.0,0.0,4.270439957776657,-26.822277517178357
27.50000000000012,0.0,110.0,117.60944084846079,117.60944205347403,0.00019179187185599508,REG_T_ACC,straight,,16.931255089365223,9.789784997183867,16.931255089365223,0.15988469297154487,-0.9871356973351713,0.1585722151865315,-0.9873473819131928,18.756880500859126,-116.10409127401192,0.0,-50.0,-1.552387893203318,9.665918586462546,-34.46233370716347,5366.398965063183,8.829000000000008,-36.014721600366784,5317.235883649646,2.707048521586065,-16.713446299400207,1.552387893203318,-9.665918586462546,-0.4258914602222711,0.0,-5.551115123125783e-17,4.259436414789382,-26.805256346085024
27.600000000000122,0.0,110.0,117.60945599129309,117.60945623730497,0.00015142832280984206,REG_T_ACC,straight,,16.914439602364588,9.7897747864713,16.914439602364588,0.1595734058193736,-0.9871860656204611,0.1589549886458198,-0.9872858307423475,18.722097263834456,-116.10972057761326,0.0,-50.0,-1.5561335400286784,9.665305932841806,-37.00645576178738,5641.048577308685,8.829000000000008,-38.562589301816054,5591.884883241527,2.6990947348754086,-16.697699083233214,1.5561335400286784,-9.665305932841806,-0.4258915150580302,0.0,5.551115123125783e-17,4.255228274904087,-26.78889653113305
27.700000000000124,0.0,110.0,117.6094625985655,117.60946382321639,6.607272410653538e-05,REG_T_ACC,straight,,16.895322769062947,9.789764618991159,16.895322769062947,0.15929058285774653,-0.987231740886019,0.1579709566089142,-0.9874437588379729,18.687361125291314,-116.11532296340707,0.0,-50.0,-1.5464984818381358,9.666841973515625,-39.639458456497096,5922.542787845001,8.829000000000008,-41.18595693833523,5873.380629818517,2.6912658114537926,-16.67959891013321,1.5464984818381358,-9.666841973515625,-0.4258915389845183,0.0,0.0,4.237764293291928,-26.77233242263335
27.800000000000125,0.0,110.0,117.60946048523071,117.60946172104056,-2.113334790097279e-05,REG_T_ACC,straight,,16.875367222490606,9.789754500548979,16.875367222490606,0.15899410501341776,-0.9872795321341278,0.15767040467695825,-0.9874917941375535,18.65267666127186,-116.12089755507873,0.0,-50.0,-1.5435545537896307,9.667302235913299,-42.35409239318674,6210.911839588152,8.829000000000008,-43.89764694697637,6161.750141824066,2.6830839083126596,-16.660704656012122,1.5435545537896307,-9.667302235913299,-0.42589153133163576,0.0,5.551115123125783e-17,4.22663846210229,-26.753898423257056
27.900000000000126,0.0,110.0,117.60945188947952,117.60945313899465,-8.595751206490787e-05,REG_T_ACC,straight,,16.8547485736158,9.789744430166053,16.8547485736158,0.15869807698891908,-0.9873271597398803,0.1573692303364055,-0.9875398348134253,18.618045600196005,-116.12644639259749,0.0,-50.0,-1.5406045461653446,9.667762597431835,-45.14915916513439,6506.1553407292295,8.829000000000008,-46.68976371129974,6456.994103326661,2.6748161867645543,-16.641151037317886,1.5406045461653446,-9.667762597431835,-0.425891500204398,0.0,5.551115123125783e-17,4.215420732929899,-26.73480513495412
28.000000000000128,0.0,110.0,117.60944007009354,117.60944133585303,-0.00011819385971795823,REG_T_ACC,straight,,16.833527305109286,9.789734403431897,16.833527305109286,0.1584025067004997,-0.9873746228615552,0.15706746875422362,-0.9875878747023685,18.583469549325095,-116.13197257047788,0.0,-50.0,-1.5376488025231874,9.668222993385967,-48.02344831621162,6808.271801629048,8.829000000000008,-49.56109711873481,6759.111024622434,2.6664729217406187,-16.620997674311973,1.5376488025231874,-9.668222993385967,-0.4258914574036202,0.0,-5.551115123125783e-17,4.204121724263806,-26.71511212510156
28.10000000000013,0.0,110.0,117.6094282741991,117.60942954171318,-0.00011795894438848118,REG_T_ACC,straight,,16.811792733556878,9.789724414874652,16.811792733556878,0.15810725537692683,-0.9874219441541571,0.15677245611285434,-0.9876347487833462,18.548949872228107,-116.13747921158593,0.0,-50.0,-1.534759141187875,9.668672013142917,-50.9757871490905,7117.259431028054,8.829000000000008,-52.51054629027838,7068.099103041197,2.65806640706844,-16.60033306568546,1.534759141187875,-9.668672013142917,-0.4258914146879107,0.0,0.0,4.192825548256315,-26.69489649351629
28.20000000000013,0.0,110.0,117.60941902303725,117.6094202994787,-9.251161883596755e-05,REG_T_ACC,straight,,16.789664350407772,9.789714459568838,16.789664350407772,0.15781253021273153,-0.9874690908113812,0.1564748479290634,-0.9876819437276235,18.514487626780898,-116.1429687534038,0.0,-50.0,-1.5318440813299872,9.669124205965371,-54.00501667877273,7433.116916685487,8.829000000000008,-55.53686076010272,7383.957040891452,2.649619412560348,-16.579274591125422,1.5318440813299872,-9.669124205965371,-0.42589138118727676,0.0,5.551115123125783e-17,4.181463493890336,-26.67429017827807
28.300000000000132,0.0,110.0,117.60941360297504,117.60941488959128,-5.420062207143434e-05,REG_T_ACC,straight,,16.7672802333015,9.789704534258027,16.7672802333015,0.15751829371004034,-0.9875160693106101,0.15617721812561272,-0.9877290501643377,18.480083521146327,-116.14844243935045,0.0,-50.0,-1.5289288204321156,9.66957556101219,-57.11004256424763,7755.84388548131,8.829000000000008,-58.63897138467974,7706.684461042323,2.641153372507739,-16.557958669019385,1.5289288204321156,-9.66957556101219,-0.42589136155995594,0.0,0.0,4.170082192939855,-26.653425591591528
28.400000000000134,0.0,110.0,117.60940796105837,117.60940926062577,-5.6419166803814064e-05,REG_T_ACC,straight,,16.744983875679683,9.789694641961441,16.744983875679683,0.1572245980683357,-0.9875628718022212,0.15587894450746004,-0.9877761662741414,18.445737356944242,-116.15389625109135,0.0,-50.0,-1.5260072678392864,9.670027042431176,-60.289963169734406,8085.444966370009,8.829000000000008,-61.81597043757369,8036.28599341244,2.6327233595145003,-16.536724364548117,1.5260072678392864,-9.670027042431176,-0.42589134112924815,0.0,0.0,4.158730627353787,-26.63264274810854
28.500000000000135,0.0,110.0,117.6094056457997,117.6094069767735,-2.3152586567502995e-05,REG_T_ACC,straight,,16.722420910984194,9.789684781649798,16.722420910984194,0.15693153466747276,-0.9876094842734712,0.155573468175145,-0.9878243244625823,18.4114500460324,-116.15933369110171,0.0,-50.0,-1.5230152138226962,9.670488756134835,-63.543606950154825,8421.917720638534,8.829000000000008,-65.06662216397753,8372.75920939467,2.6242751769161874,-16.51522149170101,1.5230152138226962,-9.670488756134835,-0.4258913327451517,0.0,0.0,4.147290390738884,-26.611601580580995
28.600000000000136,0.0,110.0,117.60941053872212,117.60941185749807,4.892922410208306e-05,REG_T_ACC,straight,,16.6995649041993,9.789674947339071,16.6995649041993,0.15663856987445343,-0.9876559919464298,0.15528679232875806,-0.9878694307084541,18.377222419072428,-116.16475861217816,0.0,-50.0,-1.5202072205134878,9.670920617048663,-66.8698911133351,8765.258905777588,8.829000000000008,-68.39009833384858,8716.100826394637,2.615795964119392,-16.493425340530745,1.5202072205134878,-9.670920617048663,-0.4258913504635751,0.0,-5.551115123125783e-17,4.13600318463288,-26.590237308042983
28.700000000000138,0.0,110.0,117.60942372133181,117.60942504681465,0.00013182609698143973,REG_T_ACC,straight,,16.676596901362636,9.789665135020053,16.676596901362636,0.15634626484108866,-0.9877023060974598,0.15499270893688574,-0.9879156138944286,18.34305480197693,-116.17017211227432,0.0,-50.0,-1.5173267188617414,9.67136304168422,-70.26775873632066,9115.468007973748,8.829000000000008,-71.7850854551824,9066.310371015432,2.607323635788521,-16.471513217333626,1.5173267188617414,-9.67136304168422,-0.4258913982009068,0.0,5.551115123125783e-17,4.124650354650262,-26.568767657218753
28.80000000000014,0.0,110.0,117.60944298285972,117.60944427334461,0.00019261527918422282,REG_T_ACC,straight,,16.653424326747217,9.789655345743789,16.653424326747217,0.1560541186523874,-0.9877485064790666,0.15471666788122976,-0.9879588820794766,18.308946837417285,-116.17557206419585,0.0,-50.0,-1.5146228547991474,9.671776951324405,-73.73636898018994,9472.569712680288,8.829000000000008,-75.25099183498908,9423.412489631613,2.5988354558547653,-16.44939500650672,1.5146228547991474,-9.671776951324405,-0.4258914679514319,0.0,5.551115123125783e-17,4.113458310653913,-26.547063425782554
28.90000000000014,0.0,110.0,117.60946360928104,117.60946380916471,0.00020626421309335958,REG_T_ACC,straight,,16.63224708450823,9.789645585150517,16.63224708450823,0.15572991716870882,-0.9877996724531889,0.15517010446730056,-0.9878877662364318,18.274894285299755,-116.18095441733949,0.0,-50.0,-1.5190603281456534,9.67107110936069,-77.26235400981709,9836.598407813653,8.829000000000008,-78.78141433796274,9787.440478923014,2.5901384607999653,-16.429328222237736,1.5190603281456534,-9.67107110936069,-0.4258915426445571,0.0,-5.551115123125783e-17,4.109198788945619,-26.52629087424298
29.000000000000142,0.0,110.0,117.60947996929062,117.6094813423947,0.00016360009582647915,REG_T_ACC,straight,,16.611548392928984,9.789635861250554,16.611548392928984,0.15547279220501609,-0.987840174767141,0.15410226671432567,-0.9880549030258929,18.240896277690478,-116.18631365885359,0.0,-50.0,-1.5086050765265602,9.67269771154672,-80.87168163460524,10207.437608331826,8.829000000000008,-82.3802867111318,10158.281306043373,2.582643811497417,-16.40955486762379,1.5086050765265602,-9.67269771154672,-0.4258916018880015,0.0,-5.551115123125783e-17,4.091248888023977,-26.50814418105851
29.100000000000144,0.0,110.0,117.60948715446412,117.60948860819293,7.185173503664928e-05,REG_T_ACC,straight,,16.5893574310564,9.789626184533157,16.5893574310564,0.15518314949622491,-0.9878857171315073,0.15378059988683396,-0.9881050182538521,18.206957528965486,-116.19164413276243,0.0,-50.0,-1.5054545873253664,9.673178759766524,-84.5490834238326,10585.166295066982,8.829000000000008,-86.05453801115796,10536.01047382675,2.574388734269935,-16.38838926253005,1.5054545873253664,-9.673178759766524,-0.42589162790720553,0.0,5.551115123125783e-17,4.079843321595302,-26.487459650203782
29.200000000000145,0.0,110.0,117.60948248932468,117.60948398533368,-4.6651394260098484e-05,REG_T_ACC,straight,,16.56712536300212,9.78961656190603,16.56712536300212,0.1548937179636133,-0.9879311393692419,0.15347530316509453,-0.9881524838396059,18.173077683655034,-116.19694324254235,0.0,-50.0,-1.5024643697085582,9.673633921484786,-88.29379325358914,10969.788532060935,8.829000000000008,-89.7962576232977,10920.633165982419,2.5661436434446747,-16.36717903594375,1.5024643697085582,-9.673633921484786,-0.42589161101363787,0.0,-5.551115123125783e-17,4.0686080131532325,-26.46670456844217
29.300000000000146,0.0,110.0,117.60946626576701,117.60946782487339,-0.00016223557649320877,REG_T_ACC,straight,,16.54488313776004,9.78960699536132,16.54488313776004,0.15460496448118488,-0.9879763686231424,0.15316286088425893,-0.9882009603545976,18.139256864084427,-116.20221132034172,0.0,-50.0,-1.4994042143420938,9.674099034310142,-92.1048455037017,11361.305466426185,8.829000000000008,-93.60424971804379,11312.150565460495,2.5579210698587453,-16.345953561738426,1.4994042143420938,-9.674099034310142,-0.4258915522643179,0.0,-5.551115123125783e-17,4.057325284200839,-26.445944148312886
29.400000000000148,0.0,110.0,117.60944165386647,117.60944327609702,-0.0002461190052539207,REG_T_ACC,straight,,16.522495875831538,9.789597481716369,16.522495875831538,0.1543167034959186,-0.9880214344953011,0.1528514860426252,-0.9882491706116232,18.105495575232457,-116.20745155156555,0.0,-50.0,-1.4963545228394883,9.674561591927837,-95.98119777635027,11759.714953330245,8.829000000000008,-97.47755229918975,11710.560514922174,2.5496970970832336,-16.324580076681773,1.4963545228394883,-9.674561591927837,-0.4258914631388346,0.0,0.0,4.046051619922721,-26.425033131748446
29.50000000000015,0.0,110.0,117.60941308413744,117.60941476873722,-0.0002856972902305968,REG_T_ACC,straight,,16.49990220552667,9.789588014261597,16.49990220552667,0.15402892347892685,-0.9880663392363506,0.1525414248610378,-0.9882970776549754,18.071794439127668,-116.21266837890435,0.0,-50.0,-1.4933177044980017,9.67502122594091,-99.92176997584026,12165.013221098961,8.829000000000008,-101.41508768033826,12115.859242324903,2.541462174224844,-16.302997969972523,1.4933177044980017,-9.67502122594091,-0.425891359681123,0.0,0.0,4.034779878722846,-26.403910555594557
29.60000000000015,0.0,110.0,117.60938595067833,117.6093904058501,-0.0002713345911614271,REG_T_ACC,straight,,16.47667863081489,9.789578584089952,16.47667863081489,0.15375669430303981,-0.9881087384276093,0.15150090948821326,-0.9884571181514372,18.038153785189678,-116.21786726539712,0.0,-50.0,-1.4831300589959628,9.676578635146582,-103.92629480236224,12577.230837028623,8.829000000000008,-105.4094248613582,12528.07841566377,2.5333996393676337,-16.28075013537165,1.4831300589959628,-9.676578635146582,-0.4258912614244828,0.0,0.0,4.0165296983635965,-26.383220031942713
29.700000000000152,0.0,110.0,117.60936623188196,117.60936640140902,-0.00019718796343586682,REG_T_ACC,straight,,16.455257635991103,9.78956918053437,16.455257635991103,0.15336055595277495,-0.9881702990263651,0.15283334861471295,-0.9882519757385834,18.004570752732956,-116.22305475883333,0.0,-50.0,-1.4961726393564592,9.674561084292636,-107.97478125135356,12996.379559763009,8.829000000000008,-109.47095389071002,12947.2251208473,2.5235874594017407,-16.260596858713207,1.4961726393564592,-9.674561084292636,-0.425891190018081,0.0,0.0,4.0197600987582,-26.361049133023922
29.800000000000153,0.0,110.0,117.60935958178841,117.60936146567792,-6.650093541802374e-05,REG_T_ACC,straight,,16.433667938326135,9.789559792003564,16.433667938326135,0.15316860083330458,-0.9882000706935655,0.15161283764465955,-0.9884399564269618,17.971045243106495,-116.22823664716171,0.0,-50.0,-1.4842229393577233,9.67639205424714,-112.10372351950728,13422.310492049875,8.829000000000008,-113.587946458865,13373.157884104123,2.5171219246725514,-16.239751818408468,1.4842229393577233,-9.67639205424714,-0.4258911659365275,0.0,5.551115123125783e-17,4.0013448640302745,-26.342035038592137
29.900000000000155,0.0,110.0,117.60936985200573,117.60937177658943,0.00010270217336372375,REG_T_ACC,straight,,16.410080942182425,9.789550411464575,16.410080942182425,0.15288251366820224,-0.9882443711018504,0.1513138853221736,-0.9884857652534548,17.93758347136557,-116.23341591897601,0.0,-50.0,-1.481294908315988,9.676831229963833,-116.29226770688533,13855.108253535685,8.829000000000008,-117.77356261520131,13805.95608476565,2.50881442393951,-16.21717012043753,1.481294908315988,-9.676831229963833,-0.425891203127401,0.0,5.551115123125783e-17,3.990109332255498,-26.31989255352876
30.000000000000156,0.0,110.0,117.60939722054209,117.60939920061811,0.00027368536339918153,REG_T_ACC,straight,,16.386427826113994,9.789541035779068,16.386427826113994,0.1525970562972096,-0.9882884894652099,0.15101069145468807,-0.988532129506359,17.904184922720024,-116.23859288907579,0.0,-50.0,-1.4783253608370404,9.67727584698857,-120.53961984325886,14294.772482915512,8.829000000000008,-122.01794520409591,14245.620758762501,2.500520649491679,-16.194518004000884,1.4783253608370404,-9.67727584698857,-0.4258913022353113,0.0,0.0,3.978846010328719,-26.297685153224766
30.100000000000158,0.0,110.0,117.60943768290451,117.60943972124899,0.000404623624124887,REG_T_ACC,straight,,16.363159300848107,9.789531668294382,16.363159300848107,0.152312162010463,-0.9883324366344042,0.1507074064607695,-0.9885784124882905,17.870848550727533,-116.243763721612,0.0,-50.0,-1.4753549281942162,9.677719675646307,-124.84518427037425,14741.307903139916,8.829000000000008,-126.32053919856847,14692.156622815563,2.492308170433791,-16.172241102844122,1.4753549281942162,-9.677719675646307,-0.4258914487590469,0.0,-5.551115123125783e-17,3.967663098628007,-26.275852227249473
30.20000000000016,0.0,110.0,117.60948354380325,117.60948591315181,0.0004586089874880372,REG_T_ACC,straight,,16.340431951641694,9.789522319238465,16.340431951641694,0.15202958031700903,-0.9883759440155522,0.15031988886843758,-0.9886374112942422,17.837572867290163,-116.24892091389168,0.0,-50.0,-1.4715599071030154,9.678288003499121,-129.20855455585968,15194.72927319235,8.829000000000008,-130.6801144629627,15145.578561195849,2.4842290118067316,-16.15048985582575,1.4715599071030154,-9.678288003499121,-0.42589161483215293,0.0,0.0,3.955788918909747,-26.254669474157026
30.30000000000016,0.0,110.0,117.6095246172095,117.60952704771263,0.0004107340626344408,REG_T_ACC,straight,,16.318437989417173,9.78951300430952,16.318437989417173,0.15174580908349375,-0.9884195513169475,0.15001858290114675,-0.9886831771524848,17.80435626570063,-116.25405446112413,0.0,-50.0,-1.4686088681988618,9.678726819876301,-133.62937500519,15655.044817047536,8.829000000000008,-135.09798387338887,15605.894543867413,2.47625457568293,-16.129463155693152,1.4686088681988618,-9.678726819876301,-0.425891763568622,0.0,0.0,3.944863443881792,-26.234081739138077
30.400000000000162,0.0,110.0,117.6095503977481,117.60955289962081,0.0002578053858796704,REG_T_ACC,straight,,16.29710680707726,9.789503741646879,16.29710680707726,0.15146266881866838,-0.9884629785451382,0.14971505712445607,-0.9887291852020051,17.77119724773852,-116.25915401869403,0.0,-50.0,-1.4656361119007388,9.679168058010498,-138.1072939195238,16122.268797097295,8.829000000000008,-139.57293003142456,16073.118965155305,2.468403291022809,-16.109086736191834,1.4656361119007388,-9.679168058010498,-0.4258918569260187,0.0,-5.551115123125783e-17,3.9340394029235477,-26.21414665112835
30.500000000000163,0.0,110.0,117.60955260572779,117.6095551554126,2.207979707202415e-05,REG_T_ACC,straight,,16.276261490044014,9.78949454766231,16.276261490044014,0.15117994127501053,-0.9885062596443608,0.14941920519444496,-0.9887739383292119,17.738094794182288,-116.26421142033371,0.0,-50.0,-1.4627384945670547,9.67959707814441,-142.64185366717527,16596.413160989712,8.829000000000008,-144.10459216174232,16547.263758067857,2.4606442562415696,-16.08918636651696,1.4627384945670547,-9.67959707814441,-0.42589186492163267,0.0,0.0,3.9233827508086243,-26.194675309582998
30.600000000000165,0.0,110.0,117.60952738073871,117.6095299809631,-0.0002522498908861546,REG_T_ACC,straight,,16.255625383018035,9.789485432882636,16.255625383018035,0.15089776227892085,-0.9885493742546267,0.14912323360408275,-0.9888186189587361,17.7050486124952,-116.26922285949068,0.0,-50.0,-1.4598397230715223,9.680025466059673,-147.2323580152519,17077.484578285486,8.829000000000008,-148.69219773832342,17028.335603751544,2.452937494741847,-16.069488300500105,1.4598397230715223,-9.680025466059673,-0.42589177357601155,0.0,5.551115123125783e-17,3.9127772178133693,-26.17540554013579
30.700000000000166,0.0,110.0,117.60947670495607,117.60947935624877,-0.0005067578264213336,REG_T_ACC,straight,,16.23486554944103,9.78947639875087,16.23486554944103,0.1506160880116182,-0.9885923295434152,0.14882778146195783,-0.9888631308048207,17.672059252555208,-116.2741903114693,0.0,-50.0,-1.4569460541002883,9.680452280608685,-151.87783052320967,17565.482317013495,8.829000000000008,-153.33477657730995,17516.333769294102,2.445231938451398,-16.049663553346043,1.4569460541002883,-9.680452280608685,-0.42589159006707805,0.0,0.0,3.902177992551686,-26.156007424021805
30.800000000000168,0.0,110.0,117.60940912882711,117.60941182842652,-0.0006757612897148571,REG_T_ACC,straight,,16.213637259693613,9.789467435675636,16.213637259693613,0.15033486636000065,-0.9886351338873817,0.1485337680085032,-0.9889073362864673,17.639128115042944,-116.27912226609273,0.0,-50.0,-1.4540664850174418,9.680876165477107,-156.5769919144771,18060.397031499786,8.829000000000008,-158.03105839949455,18011.24890766526,2.4374749906455664,-16.029371443038634,1.4540664850174418,-9.680876165477107,-0.4258913453580136,0.0,0.0,3.8915414756630082,-26.136138953873758
30.90000000000017,0.0,110.0,117.60933841763931,117.60934116302752,-0.0007071118780144961,REG_T_ACC,straight,,16.191692565843812,9.789458523735654,16.191692565843812,0.15005407417460256,-0.9886777912058118,0.1482410926571646,-0.9889512518055731,17.606257167319047,-116.28403240167171,0.0,-50.0,-1.4512000280805668,9.681297261547112,-161.328339271731,18562.212142493823,8.829000000000008,-162.77953929981157,18513.06443975537,2.4296294372874883,-16.008366841882022,1.4512000280805668,-9.681297261547112,-0.42589108929616326,0.0,0.0,3.880829465368055,-26.115555192725296
31.00000000000017,0.0,110.0,117.60928111681712,117.60928390673372,-0.0005730082221550225,REG_T_ACC,straight,,16.168935688802687,9.789449635956766,16.168935688802687,0.1497737062656711,-0.9887203026697917,0.14794938070950195,-0.9889949346420713,17.573448542685796,-116.28893718291559,0.0,-50.0,-1.4483430111266629,9.68171610289491,-166.13027722184927,19070.906598970683,8.829000000000008,-167.57862023297594,19021.759315073577,2.42168142448326,-15.98655498808139,1.4483430111266629,-9.68171610289491,-0.4258908817964026,0.0,0.0,3.870024435609923,-26.094161972772703
31.100000000000172,0.0,110.0,117.6092531174916,117.60925595388059,-0.00027999325534579505,REG_T_ACC,straight,,16.145463048404533,9.78944074354085,16.145463048404533,0.14949378459196658,-0.9887626653390442,0.14765773923784778,-0.9890385189886023,17.540704047100633,-116.29385246171114,0.0,-50.0,-1.4454866885941173,9.682133974718322,-170.98129423770445,19586.459072393143,8.829000000000008,-172.42678092629856,19537.31220636786,2.4136463750957433,-15.964031076873516,1.4454866885941173,-9.682133974718322,-0.4258907804042564,0.0,0.0,3.8591330636898604,-26.072055831996092
31.200000000000173,0.0,110.0,117.60926545299529,117.60926836002338,0.00012335503698093938,REG_T_ACC,straight,,16.121588684624832,9.789431822686266,16.121588684624832,0.14921445664473132,-0.9888048573546844,0.14736015449921072,-0.9890829009066776,17.508024611436888,-116.29878930839492,0.0,-50.0,-1.4425721858505383,9.682559625410677,-175.88016834783812,20108.85357452035,8.829000000000008,-177.32274053368866,20059.70713414576,2.405574095826143,-15.941105199631352,1.4425721858505383,-9.682559625410677,-0.4258908250740178,0.0,0.0,3.8481462816766814,-26.049555650116044
31.300000000000175,0.0,110.0,117.6093207943699,117.60932371856912,0.0005534137461792186,REG_T_ACC,straight,,16.097784633306503,9.789422861337338,16.097784633306503,0.14893532913110566,-0.9888469384776439,0.14707767501605945,-0.9891249453491052,17.475409922505833,-116.3037505231598,0.0,-50.0,-1.4398055541945558,9.682962352719576,-180.82615302191314,20638.084685254667,8.829000000000008,-182.2659585761077,20588.938647607385,2.397528852643159,-15.918245050917598,1.4398055541945558,-9.682962352719576,-0.4258910254781578,0.0,-5.551115123125783e-17,3.837334406837715,-26.027098429115334
31.400000000000176,0.0,110.0,117.60941171756485,117.60941197575241,0.0009092319493500006,REG_T_ACC,straight,,16.074734828649774,9.789413863751394,16.074734828649774,0.1486323889348118,-0.9888925184060859,0.14797803443770638,-0.9889906477434218,17.442858536475203,-116.30872886687479,0.0,-50.0,-1.448618221855164,9.681638758139924,-185.8219895851991,21174.130533703337,8.829000000000008,-187.27060780705426,21124.983172461474,2.3892262390758385,-15.896185007413496,1.448618221855164,-9.681638758139924,-0.42589135473244205,0.0,0.0,3.8378444609310023,-26.00371512028586
31.500000000000178,0.0,110.0,117.60952137922675,117.60952439247185,0.0010966166190548138,REG_T_ACC,straight,,16.052111639406142,9.789404851676514,16.052111639406142,0.14837905696650047,-0.9889305614924296,0.1464997095746443,-0.9892107131923638,17.410368452556163,-116.31370765905896,0.0,-50.0,-1.4341449676792233,9.68378415505571,-190.8615003996988,21717.074916916514,8.829000000000008,-192.29564536737803,21667.929701071567,2.3817971873760695,-15.874423776697082,1.4341449676792233,-9.68378415505571,-0.4258917518431245,0.0,5.551115123125783e-17,3.8159421550552928,-25.984099683595915
31.60000000000018,0.0,110.0,117.60962630741112,117.60962787898451,0.001049281843464739,REG_T_ACC,straight,,16.03117134232094,9.789395860509924,16.03117134232094,0.14809239070010258,-0.98897353039236,0.14667132360638335,-0.989185282356926,17.377935071461263,-116.3186639057592,0.0,-50.0,-1.4358236481678406,9.683526308382232,-195.9485028678072,22266.935474747817,8.829000000000008,-197.38432651597506,22217.790001056197,2.3740944898072804,-15.854404118739968,1.4358236481678406,-9.683526308382232,-0.42589213181277097,0.0,-5.551115123125783e-17,3.809918137975121,-25.963822558934968
31.70000000000018,0.0,110.0,117.60970097800978,117.60970409338528,0.0007467059866275456,REG_T_ACC,straight,,16.012038444456227,9.789386933415841,16.012038444456227,0.1478253494125169,-0.9890134812382828,0.1459207928804721,-0.9892962762515254,17.345554902687272,-116.32357237144471,0.0,-50.0,-1.428475103137773,9.68460404001363,-201.08398365706685,22823.72146639241,8.829000000000008,-202.51245876020462,22774.57707043242,2.3669851778583952,-15.836121883672872,1.428475103137773,-9.68460404001363,-0.42589240221257957,0.0,0.0,3.795460280996168,-25.94661832589908
31.800000000000182,0.0,110.0,117.60972295012162,117.60972611196662,0.0002197211183663898,REG_T_ACC,straight,,15.99385061162866,9.78937811269529,15.99385061162866,0.1475493884646315,-0.9890546890661371,0.14563348229233042,-0.9893386118187287,17.31322560099139,-116.32841076750572,0.0,-50.0,-1.4256612240281366,9.685009752582605,-206.26800448572908,23387.48145550323,8.829000000000008,-207.69366570975723,23338.337465255812,2.3598828769404814,-15.818792943654632,1.4256612240281366,-9.685009752582605,-0.42589248177876693,0.0,5.551115123125783e-17,3.785544100968618,-25.929695178016004
31.900000000000183,0.0,110.0,117.60967842808967,117.60968163439162,-0.00044522031952084,REG_T_ACC,straight,,15.976219980812953,9.78936943018487,15.976219980812953,0.14727398021282062,-0.9890957358882271,0.14534730217203148,-0.9893806960676523,17.28094607850376,-116.3331653596278,0.0,-50.0,-1.422858436642728,9.685413140899703,-211.500349553544,23958.237493720815,8.829000000000008,-212.92320799018674,23909.09390686171,2.352881505329916,-15.802011058634385,1.422858436642728,-9.685413140899703,-0.4258923205540126,0.0,0.0,3.775739941972644,-25.913316520088102
32.000000000000185,0.0,110.0,117.60956716174402,117.60957041622775,-0.0011126634565528223,REG_T_ACC,straight,,15.95842023916691,9.789360897921288,15.95842023916691,0.14699909025256896,-0.9891366272992408,0.14506076905280646,-0.9894227475057406,17.248717202572685,-116.3378358180968,0.0,-50.0,-1.420052220387934,9.685816355946544,-216.78003598289305,24535.992151721577,8.829000000000008,-218.20008820328098,24486.848968077524,2.34587325702572,-15.785057972393501,1.420052220387934,-9.685816355946544,-0.42589191763239276,0.0,0.0,3.7659254774136537,-25.896766245972437
32.100000000000186,0.0,110.0,117.60940559428438,117.60940887473193,-0.0016156745965421576,REG_T_ACC,straight,,15.939602274756224,9.789352501038689,15.939602274756224,0.1467245068873428,-0.9891773951514794,0.14478046333254227,-0.9894638029949426,17.216542016344537,-116.34243836726276,0.0,-50.0,-1.4173069908259628,9.686209954535794,-222.1051809608333,25120.724127401514,8.829000000000008,-223.52248795165926,25071.58133735605,2.3387302837439745,-15.767094257893957,1.4173069908259628,-9.686209954535794,-0.4258913325586027,0.0,0.0,3.7560372745699375,-25.879195544988352
32.20000000000019,0.0,110.0,117.60922662933008,117.609229930774,-0.001789649543037421,REG_T_ACC,straight,,15.918995125595462,9.789344195313674,15.918995125595462,0.1464502497001866,-0.9892180368163295,0.14450193117374885,-0.9895045183762715,17.184425460075126,-116.34700559084555,0.0,-50.0,-1.4145791411473543,9.686600313203407,-227.47306828412192,25712.388401940418,8.829000000000008,-228.88764742526928,25663.246002253618,2.331340811119509,-15.747357106230261,1.4145791411473543,-9.686600313203407,-0.42589068448439055,0.0,0.0,3.7459199522668634,-25.859848103918058
32.30000000000019,0.0,110.0,117.60907426198426,117.60907758549716,-0.0015236734580054037,REG_T_ACC,straight,,15.896155882753296,9.789335912372747,15.896155882753296,0.14617630372029936,-0.9892585547927654,0.14422362521364598,-0.9895451207146816,17.152373433637543,-116.35158114247513,0.0,-50.0,-1.4118535137165322,9.686989587125458,-232.8805016609065,26310.922654788097,8.829000000000008,-234.29235517462303,26261.78064437522,2.3236413103025693,-15.725408195333042,1.4118535137165322,-9.686989587125458,-0.42589013272637744,0.0,0.0,3.7354948240191015,-25.838287915184875
32.40000000000019,0.0,110.0,117.60899278793002,117.60899613416008,-0.0008147405424108725,REG_T_ACC,straight,,15.871216733725387,9.7893275742151,15.871216733725387,0.1459026673116198,-0.9892989495958008,0.14394564840219204,-0.9895855952397814,17.12039123058187,-116.3562090681163,0.0,-50.0,-1.4091311050918502,9.687377554526856,-238.32444585209066,26916.260699886512,8.829000000000008,-239.73357695718252,26867.11907744104,2.315652854931348,-15.70137804348182,1.4091311050918502,-9.687377554526856,-0.42588983768965516,0.0,-5.551115123125783e-17,3.7247839600231982,-25.814645435698335
32.50000000000019,0.0,110.0,117.60901341651014,117.60901678875295,0.00020628580118073748,REG_T_ACC,straight,,15.844980342921488,9.789319114565226,15.844980342921488,0.14562941301720453,-0.989339210819153,0.14366734181246996,-0.9896260379034795,17.088481799655316,-116.36092052999456,0.0,-50.0,-1.406405455343588,9.687765089119981,-243.80278006596672,27528.351000013005,8.829000000000008,-245.2091855213103,27479.20976510212,2.3074951866088003,-15.676060347910937,1.406405455343588,-9.687765089119981,-0.4258899123905979,0.0,0.0,3.7139006419523883,-25.789715349421517
32.60000000000019,0.0,110.0,117.60914423974076,117.60914764314582,0.0013082323061808258,REG_T_ACC,straight,,15.818717973738277,9.789310499160344,15.818717973738277,0.1453566537805108,-0.9893793222024265,0.1433882629160769,-0.9896665125474895,17.056644659021536,-116.36572382699305,0.0,-50.0,-1.4036722276207154,9.68815278194854,-249.3148121480849,28147.17366029074,8.829000000000008,-250.71848437570563,28098.03281307269,2.299355911760218,-15.650712466968518,1.4036722276207154,-9.68815278194854,-0.4258903861323003,0.0,0.0,3.7030281393809332,-25.76475563504936
32.700000000000195,0.0,110.0,117.60936614466479,117.60936958501873,0.002219049240381083,REG_T_ACC,straight,,15.793836016541478,9.789301738084914,15.793836016541478,0.1450845162088203,-0.9894192656080901,0.1431082860015712,-0.9897070366920165,17.024875725918132,-116.37060028833255,0.0,-50.0,-1.400930192889534,9.688540814484027,-254.86142100999098,28772.75143285656,8.829000000000008,-256.2623512028805,28723.610973671042,2.2914410575413617,-15.626725632621072,1.400930192889534,-9.688540814484027,-0.4258911897022471,0.0,5.551115123125783e-17,3.6923712504308956,-25.741157636807348
32.800000000000196,0.0,110.0,117.6096364937523,117.60963997639088,0.002703490875040423,REG_T_ACC,straight,,15.77147010461931,9.789292885959096,15.77147010461931,0.14481310479726767,-0.9894590262759623,0.14282755955751522,-0.9897475881409585,16.993168200543757,-116.37550786441528,0.0,-50.0,-1.3981808126952828,9.688929023483459,-260.4447426588993,29405.148538831654,8.829000000000008,-261.8429234715946,29356.008467855136,2.28391555306721,-15.605223452657071,1.3981808126952828,-9.688929023483459,-0.42589216869990937,0.0,-5.551115123125783e-17,3.6820963657624928,-25.720044644840442
32.9000000000002,0.0,110.0,117.60989774712007,117.60990127872,0.00261253367750423,REG_T_ACC,straight,,15.75223259638592,9.789284031293139,15.75223259638592,0.14454249096675148,-0.9894985943926988,0.14254579161779202,-0.9897882083011785,16.96151400612484,-116.38038963119203,0.0,-50.0,-1.3954212416120908,9.689317901884975,-266.0675915656092,30044.45833778341,8.829000000000008,-267.4630128072213,29995.318655685292,2.27686693776928,-15.58681201267072,1.3954212416120908,-9.689317901884975,-0.4258931147598301,0.0,0.0,3.672288179381371,-25.702023029315527
33.0000000000002,0.0,110.0,117.61008760002574,117.61009118056997,0.0018985290564683,REG_T_ACC,straight,,15.736154602130545,9.789275280164842,15.736154602130545,0.14427265506732673,-0.9895379735006757,0.14226464450889034,-0.9898286573557865,16.929905273403392,-116.38518381958811,0.0,-50.0,-1.3926677677323192,9.689705207051757,-271.7328263859837,30690.784762947147,8.829000000000008,-273.125494153716,30641.645468154198,2.2702968049993064,-15.571522535685592,1.3926677677323192,-9.689705207051757,-0.42589380226187623,0.0,5.551115123125783e-17,3.6629645727316253,-25.687121544999222
33.1000000000002,0.0,110.0,117.61015001048465,117.6101536212888,0.0006241045892451797,REG_T_ACC,straight,,15.722685468385164,9.789266737378483,15.722685468385164,0.14400346513005663,-0.9895771834629863,0.141988616286366,-0.98986829065542,16.898335790756875,-116.3898347493952,0.0,-50.0,-1.3899644384985195,9.6900847320988,-277.44269184948575,31344.220559171998,8.829000000000008,-278.83265628798426,31295.081643904094,2.264121188597451,-15.558810802279014,1.3899644384985195,-9.6900847320988,-0.4258940282648338,0.0,0.0,3.65408562709597,-25.67478956264265
33.2000000000002,0.0,110.0,117.61004699022152,117.61005063410573,-0.0010302026313469357,REG_T_ACC,straight,,15.710712764333818,9.789258485997227,15.710712764333818,0.1437349369831648,-0.9896162225279281,0.1417124753123011,-0.9899078615410933,16.866802401067215,-116.39430454195542,0.0,-50.0,-1.3872600515226161,9.690463933946516,-283.1981645207007,32004.825728840384,8.829000000000008,-284.5854245722233,31955.68719277433,2.2581783091421244,-15.547576219061337,1.3872600515226161,-9.690463933946516,-0.4258936552042192,0.0,5.551115123125783e-17,3.6454383606647403,-25.66393380821207
33.3000000000002,0.0,110.0,117.60977133359494,117.60977500324431,-0.0027565662659458983,REG_T_ACC,straight,,15.698577547605966,9.789250565260442,15.698577547605966,0.14346688036912003,-0.9896551188354217,0.1414386440802903,-0.9899470238152792,16.83530638978859,-116.39858578136777,0.0,-50.0,-1.3845783265126523,9.690839462461614,-288.998247049035,32672.608833191487,8.829000000000008,-290.38282537554767,32623.470672653948,2.252225946987739,-15.536177628423065,1.3845783265126523,-9.690839462461614,-0.425892656986709,0.0,-5.551115123125783e-17,3.6368042735003914,-25.652909747871387
33.400000000000205,0.0,110.0,117.60935916195066,117.60936284723958,-0.004121716442792262,REG_T_ACC,straight,,15.684154326974024,9.789242947937055,15.684154326974024,0.14319910177113399,-0.9896939007854603,0.14116775514164875,-0.9899856892441766,16.803854679207824,-116.40271401649007,0.0,-50.0,-1.38192545149649,9.69121042699216,-294.8393283729693,33347.51340236377,8.829000000000008,-296.2212538244658,33298.37561279077,2.245956811662525,-15.522511876384078,1.38192545149649,-9.69121042699216,-0.4258911644161961,0.0,5.551115123125783e-17,3.627882263159015,-25.639613467792433
33.500000000000206,0.0,110.0,117.60889697899007,117.60890066954143,-0.00462182960607911,REG_T_ACC,straight,,15.66516035178841,9.78923552325752,15.66516035178841,0.14293140392269985,-0.9897325971052413,0.14089982346798702,-0.9900238581704434,16.772460142805315,-116.40677484310227,0.0,-50.0,-1.379301557113532,9.69157672127457,-300.71492713184625,34029.41280185937,8.829000000000008,-302.0942286889598,33980.27537858065,2.239043361755332,-15.504319839045598,1.379301557113532,-9.69157672127457,-0.4258894907429387,0.0,-5.551115123125783e-17,3.618344918868864,-25.621786051063108
33.60000000000021,0.0,110.0,117.60851123692682,117.60851492623482,-0.0038574206326749314,REG_T_ACC,straight,,15.639968956888948,9.789228101324081,15.639968956888948,0.14266365319968435,-0.9897712271306538,0.14063388718192124,-0.9900616696833096,16.741139547263238,-116.41089365701734,0.0,-50.0,-1.376697200399704,9.691939518907693,-306.6165477842438,34718.12146071997,8.829000000000008,-307.99324498464347,34668.984400238885,2.2312551073194338,-15.479991266745305,1.376697200399704,-9.691939518907693,-0.42588809388015786,0.0,0.0,3.6079523077191378,-25.597818879533154
33.70000000000021,0.0,110.0,117.60832980217693,117.60833349225956,-0.0018143474989197766,REG_T_ACC,straight,,15.608852460098994,9.789220458409325,15.608852460098994,0.14239588122511299,-0.9898097862772036,0.14036789327236454,-0.990099416492242,16.70990801020238,-116.41519751797095,0.0,-50.0,-1.3740922525256476,9.69230146378499,-312.53623352242124,35413.43554578025,8.829000000000008,-313.9103257749469,35364.29884724404,2.222636300968569,-15.44979491756299,1.3740922525256476,-9.69230146378499,-0.42588743686223474,0.0,0.0,3.5967285534942164,-25.567983818210216
33.80000000000021,0.0,110.0,117.6084295733437,117.60843327507786,0.000997711667697642,REG_T_ACC,straight,,15.574564965836759,9.789212416994491,15.574564965836759,0.14212832672008,-0.989848240258955,0.14009973950002988,-0.9901373960173526,16.67877228527417,-116.41976319235542,0.0,-50.0,-1.371466109531386,9.69266529162366,-318.4697892348802,36115.203356715654,8.829000000000008,-319.8412553444116,36066.06702200728,2.213586857987558,-15.416455724232287,1.371466109531386,-9.69266529162366,-0.425887798157107,0.0,5.551115123125783e-17,3.585052967518944,-25.535008814013054
33.90000000000021,0.0,110.0,117.60880823110688,117.60881196020956,0.0037865776317456265,REG_T_ACC,straight,,15.541172635305932,9.789203913475514,15.541172635305932,0.14186134080431378,-0.9898865389453493,0.1398283199935376,-0.9901757626440798,16.647728010462863,-116.42458900778188,0.0,-50.0,-1.3688079372954447,9.693032450704028,-324.4182368995741,36823.38914928863,8.829000000000008,-325.78704483686954,36774.25318173934,2.20469158771581,-15.383997591115161,1.3688079372954447,-9.693032450704028,-0.42588916936597015,0.0,5.551115123125783e-17,3.573499525011255,-25.50291921118516
34.00000000000021,0.0,110.0,117.60939316091664,117.60939775267269,0.005849298097570487,REG_T_ACC,straight,,15.512166267316916,9.789195013335808,15.512166267316916,0.14159901212416978,-0.9899240979819912,0.13937033631152296,-0.9902403290900715,16.616760912069076,-116.42960369455098,0.0,-50.0,-1.364323401227695,9.693655691532538,-330.38421499569546,37538.15160700053,8.829000000000008,-331.74853839692315,37489.016262692065,2.1965074193579457,-15.35586719992037,1.364323401227695,-9.693655691532538,-0.42589128753445227,0.0,0.0,3.5608308205856405,-25.47541417898736
34.100000000000215,0.0,110.0,117.61006667511019,117.6100704826478,0.006735141935482524,REG_T_ACC,straight,,15.48996392277924,9.78918588368499,15.48996392277924,0.14133010481687486,-0.9899625252869177,0.13928146992228038,-0.9902528324303288,16.58585493554874,-116.43469070419177,0.0,-50.0,-1.3634521992220827,9.693769048506052,-336.3810042931508,38259.57725974814,8.829000000000008,-337.7444564923729,38210.44202879665,2.189198224816,-15.334483801597786,1.3634521992220827,-9.693769048506052,-0.4258937264878331,0.0,-5.551115123125783e-17,3.5526504240380827,-25.454146576591672
34.200000000000216,0.0,110.0,117.61068986515222,117.61069154138451,0.006231900420279513,REG_T_ACC,straight,,15.474634170700922,9.78917675112272,15.474634170700922,0.14105348212344063,-0.9900019773620921,0.13962237304088979,-0.990204823734176,16.554991493197473,-116.43971241469629,0.0,-50.0,-1.366788088108462,9.693290039348167,-342.4123827828678,38987.99144319614,8.829000000000008,-343.77917087097626,38938.85573323549,2.1827510343637457,-15.31991842794891,1.366788088108462,-9.693290039348167,-0.42589598320561933,0.0,0.0,3.5495391224722077,-25.439104450502697
34.30000000000022,0.0,110.0,117.61112104169288,117.61112493647785,0.004311765406830131,REG_T_ACC,straight,,15.466188116078754,9.789167864859628,15.466188116078754,0.14080323324286603,-0.9900376000477735,0.13873490208120234,-0.9903295547162667,16.524152961315142,-116.44452825957428,0.0,-50.0,-1.3580992451877532,9.694502252649222,-348.4893645114388,39723.66813128009,8.829000000000008,-349.84746375662655,39674.53363353274,2.1776892926862796,-15.312107764330007,1.3580992451877532,-9.694502252649222,-0.42589754459733414,0.0,5.551115123125783e-17,3.5357885378740326,-25.432507561576564
34.40000000000022,0.0,110.0,117.61123224067629,117.6112361750754,0.0011119898340238932,REG_T_ACC,straight,,15.463166589805821,9.789159465109105,15.463166589805821,0.14054131690076996,-0.9900748144679762,0.13846346245706273,-0.9903675426650459,16.493326378237146,-116.44901087665468,0.0,-50.0,-1.3554409140833348,9.694865804216379,-354.6166997066009,40466.829923225414,8.829000000000008,-355.97214062068423,40417.69578902963,2.1732137959872984,-15.309691792489406,1.3554409140833348,-9.694865804216379,-0.42589794727501945,0.0,-5.551115123125783e-17,3.528654710070633,-25.430455543980806
34.50000000000022,0.0,110.0,117.61092815163873,117.61093211733925,-0.003040890375529586,REG_T_ACC,straight,,15.463553878148865,9.789151750626194,15.463553878148865,0.1402801670737811,-0.9901118496037465,0.13819454549401203,-0.9904051027714383,16.46250389775806,-116.45306516406612,0.0,-50.0,-1.352807376949699,9.695225845624142,-360.7982077815924,41217.605360209214,8.829000000000008,-362.1510151585421,41168.47158605484,2.1692299215811386,-15.31064793174116,1.352807376949699,-9.695225845624142,-0.42589684609705875,0.0,0.0,3.5220372985308375,-25.43177062346236
34.60000000000022,0.0,110.0,117.61017407600526,117.6101780597816,-0.007540756334661306,REG_T_ACC,straight,,15.464079071278839,9.78914483556399,15.464079071278839,0.14001948252246907,-0.990148748680793,0.13792924942595133,-0.990442084199169,16.431686492412858,-116.45665599356404,0.0,-50.0,-1.350209399691269,9.69558101346353,-367.03340199356626,41975.991494819136,8.829000000000008,-368.3836113932575,41926.8580758326,2.165272349247007,-15.31173854192758,1.350209399691269,-9.69558101346353,-0.42589411541174693,0.0,0.0,3.515481748938276,-25.433213670802857
34.70000000000022,0.0,110.0,117.6090446514316,117.60904863382461,-0.01129424573663625,REG_T_ACC,straight,,15.459616832498634,9.789138678952224,15.459616832498634,0.13975883397283762,-0.990185572671382,0.13766895294610557,-0.9904782982956885,16.400889393691976,-116.45985664991312,0.0,-50.0,-1.3476604721755756,9.695929420509103,-373.31454686780194,42741.82566255595,8.829000000000008,-374.6622073399775,42692.69259197646,2.1606180221768625,-15.307889546567797,1.3476604721755756,-9.695929420509103,-0.42589002549959853,0.0,0.0,3.508278494352438,-25.429708992576497
34.800000000000225,0.0,110.0,117.60779967375073,117.6078036279898,-0.012449776808714945,REG_T_ACC,straight,,15.44230650798172,9.789132971604301,15.44230650798172,0.1394975948559631,-0.9902224098804275,0.1374152601927061,-0.9905135265437675,16.370150321895892,-116.46292424003278,0.0,-50.0,-1.3451762543540033,9.696268621509647,-379.62218334280914,43514.74903117351,8.829000000000008,-380.9673595971631,43465.61629979502,2.1541646168920363,-15.291317964445868,1.3451762543540033,-9.696268621509647,-0.4258855171424579,0.0,5.551115123125783e-17,3.49934087124604,-25.413472103097973
34.900000000000226,0.0,110.0,117.60690679316649,117.60691069821299,-0.008928805842442614,REG_T_ACC,straight,,15.40376745143797,9.789127056751068,15.40376745143797,0.13923508913811694,-0.990259354892798,0.1371667752568614,-0.9905479674228974,16.339529782268638,-116.46632256558505,0.0,-50.0,-1.342742990954235,9.696599908909262,-385.92465479047075,44294.149497648585,8.829000000000008,-387.26739778142496,44245.017097557495,2.14474493416379,-15.253724819379643,1.342742990954235,-9.696599908909262,-0.4258822838117568,0.0,0.0,3.487487925118025,-25.37620701210066
35.00000000000023,0.0,110.0,117.60676717270265,117.60676737859508,-0.0013962046381327895,REG_T_ACC,straight,,15.34730026505124,9.78912018625364,15.34730026505124,0.13894186632647895,-0.9903005391201778,0.13835858353393113,-0.990382200144209,16.309072880485186,-116.47045044384998,0.0,-50.0,-1.3544088030134658,9.69497038753797,-392.1962895242637,45079.31625655679,8.829000000000008,-393.5506983272772,45030.18222694433,2.1323825418990845,-15.19843972651949,1.3544088030134658,-9.69497038753797,-0.4258817782132029,0.0,-5.551115123125783e-17,3.4867913449125503,-25.319291892270662
35.10000000000023,0.0,110.0,117.60741025603274,117.60741179766073,0.006430833300733024,REG_T_ACC,straight,,15.290455508167586,9.789112012483013,15.290455508167586,0.13869464926640887,-0.9903351928841404,0.13732340916992036,-0.9905262648178242,16.278771644464854,-116.47533876696029,0.0,-50.0,-1.3442742343003873,9.696372557608093,-398.4400206185162,45869.894032969336,8.829000000000008,-399.7842948528166,45820.761405526944,2.120704363828933,-15.142676204967513,1.3442742343003873,-9.696372557608093,-0.42588410696926643,0.0,5.551115123125783e-17,3.4649785981293206,-25.264932869544875
35.20000000000023,0.0,110.0,117.60863543532486,117.60863563363547,0.012251792921352839,REG_T_ACC,straight,,15.244461055245191,9.789102674681319,15.244461055245191,0.13841663179236632,-0.9903740889397583,0.13784478412421716,-0.990453843189953,16.248589734287695,-116.48079009264124,0.0,-50.0,-1.3493767449612433,9.695654365519161,-404.6752596679599,46666.133560434486,8.829000000000008,-406.02463641292115,46617.000214800006,2.1100869527569417,-15.097719228966083,1.3493767449612433,-9.695654365519161,-0.4258885436317825,0.0,-5.551115123125783e-17,3.459463697718185,-25.219262138117028
35.30000000000023,0.0,110.0,117.6101734661737,117.61017744685455,0.015380308488512746,REG_T_ACC,straight,,15.213413903945453,9.789092571448633,15.213413903945453,0.1381865191853704,-0.9904062226760448,0.13611376309935835,-0.9906932136110208,16.218486920863846,-116.48653821253869,0.0,-50.0,-1.3324302272278479,9.697987577944216,-410.9220446880654,47468.50273838621,8.829000000000008,-412.25447491529326,47419.371725964156,2.102288712312539,-15.067459798613836,1.3324302272278479,-9.697987577944216,-0.42589411320340337,0.0,5.551115123125783e-17,3.434718939540387,-25.191341489761452
35.40000000000023,0.0,110.0,117.61174112897487,117.61174516370808,0.015676628011615387,REG_T_ACC,straight,,15.197116503010266,9.789082188437913,15.197116503010266,0.1379281612106815,-0.9904422357437308,0.13584378016491486,-0.99073026974576,16.188425337976117,-116.49230247731295,0.0,-50.0,-1.3297859288224434,9.698340037114507,-417.1981199141831,48277.665296433464,8.829000000000008,-418.52790584300556,48228.534636470584,2.0961103349647083,-15.051866046099436,1.3297859288224434,-9.698340037114507,-0.4258997900792961,0.0,0.0,3.425896263787152,-25.17610587329324
35.500000000000234,0.0,110.0,117.61305827298555,117.61306236218876,0.013171440106802074,REG_T_ACC,straight,,15.194452412396226,9.789072028036664,15.194452412396226,0.1376715345777348,-0.9904779394650904,0.13557433594202012,-0.9907671772085913,16.158370748280422,-116.4978048337642,0.0,-50.0,-1.327146939689675,9.698691260709465,-423.52111127769405,49094.305064837834,8.829000000000008,-424.8482582173837,49045.174756098546,2.0918435806829527,-15.049769916730586,1.327146939689675,-9.698691260709465,-0.42590455976769864,0.0,0.0,3.4189905203726276,-25.174365737207747
35.600000000000236,0.0,110.0,117.6138556146638,117.61385595071732,0.007973416782583034,REG_T_ACC,straight,,15.205686616152226,9.789062582034164,15.205686616152226,0.13721875106594708,-0.9905407686490757,0.13697040056769003,-0.9905751406977295,16.12828683003907,-116.50277849251053,0.0,-50.0,-1.3408118230434054,9.696802044497371,-429.8606247329006,49919.18751610624,8.829000000000008,-431.201436555944,49870.05531815074,2.0865053265685956,-15.061852508600388,1.3408118230434054,-9.696802044497371,-0.4259074471295396,0.0,0.0,3.427317149612001,-25.1845620002273
35.70000000000024,0.0,110.0,117.61387548230914,117.61387583676031,0.00019867645334141395,REG_T_ACC,straight,,15.226367755256879,9.789054323992291,15.226367755256879,0.1371347653914616,-0.9905523994827475,0.13639761882489673,-0.9906541725440307,16.098149452605554,-116.50696670229509,0.0,-50.0,-1.3352037003401076,9.697567511323149,-436.32607620426234,50752.41337580018,8.829000000000008,-437.66127990460245,50703.2819433115,2.088064369881268,-15.082515115376438,1.3352037003401076,-9.697567511323149,-0.4259075190749585,0.0,5.551115123125783e-17,3.4232680702213756,-25.205990145774546
35.80000000000024,0.0,110.0,117.61288125276721,117.61288158850466,-0.009942295419270154,REG_T_ACC,straight,,15.253298579886772,9.789047700137141,15.253298579886772,0.13688126317847257,-0.9905874619591476,0.13615972293506795,-0.990686897990604,16.067945577871168,-116.51013244127779,0.0,-50.0,-1.3328740226488374,9.697881300330922,-442.8784276021569,51594.15874344763,8.829000000000008,-444.2113016248057,51545.02762474796,2.0878907772533033,-15.109726326755109,1.3328740226488374,-9.697881300330922,-0.42590391873583305,0.0,0.0,3.4207647999021407,-25.233511545821862
35.90000000000024,0.0,110.0,117.610676219833,117.61067661156656,-0.022050329342033867,REG_T_ACC,straight,,15.283327165334372,9.789043100494775,15.283327165334372,0.13662964032220876,-0.9906221991180209,0.1358584026463231,-0.9907282646772472,16.037663287207007,-116.51207884666964,0.0,-50.0,-1.32992375906923,9.698281683803968,-449.5249082955505,52444.22927249274,8.829000000000008,-450.85483205461975,52395.09855417655,2.0881554935262776,-15.140003166363723,1.32992375906923,-9.698281683803968,-0.4258959337927075,0.0,0.0,3.4180792525955077,-25.264180783960395
36.00000000000024,0.0,110.0,117.60717117380695,117.60717158473005,-0.03505046026024057,REG_T_ACC,straight,,15.310461540980857,9.789040776847157,15.310461540980857,0.13637738914647807,-0.9906569576445673,0.13558972979939518,-0.990765070626194,16.00730690533263,-116.5127153453374,0.0,-50.0,-1.3272933939279676,9.698639676635667,-456.26460155307,53302.009921153316,8.829000000000008,-457.59189494699797,53252.879560829955,2.0880007715865325,-15.167415250322248,1.3272933939279676,-9.698639676635667,-0.4258832411962679,0.0,0.0,3.4152941655145,-25.291938168154182
36.10000000000024,0.0,110.0,117.60348531861843,117.60348613437527,-0.03685855188540741,REG_T_ACC,straight,,15.290774243966217,9.789039672999476,15.290774243966217,0.13612785142689765,-0.990691277879187,0.13507990707156,-0.9908347080646392,15.977031963711765,-116.51315036817532,0.0,-50.0,-1.3223025693485833,9.699320266629607,-462.999019458507,54166.83105713208,8.829000000000008,-464.3213220278556,54117.70137739871,2.0815002444848663,-15.14843667551705,1.3223025693485833,-9.699320266629607,-0.4258698938473044,0.0,-5.551115123125783e-17,3.4038028138334493,-25.273626835993966
36.200000000000244,0.0,110.0,117.59479946342988,117.59480051182594,-0.08685855188540811,REG_T_ACC,straight,,15.457163524490026,9.78904396110084,15.457163524490026,0.135891355719738,-0.9907237452694124,0.13471749479964756,-0.9908840480070848,15.946221920097116,-116.50860426302988,0.0,-50.0,-1.3187554789231237,9.699807506294908,-470.0981182068581,55043.39482892483,8.829000000000008,-471.41687368578124,54994.265636431126,2.1004949069246335,-15.31377893822451,1.3187554789231237,-9.699807506294908,-0.4258384403217809,0.0,0.0,3.419250385847757,-25.4394248848412
36.300000000000246,0.0,110.0,117.58387845881666,117.58387864998488,-0.10921004613203975,REG_T_ACC,straight,,15.535803009262374,9.789053968729723,15.535803009262374,0.13563647869890194,-0.9907586717491613,0.13507223138132443,-0.9908357544566454,15.915294665282593,-116.50181058307633,0.0,-50.0,-1.3222293626685333,9.699344674523134,-477.32328169245403,55932.88377990204,8.829000000000008,-478.64551105512254,55883.75412457657,2.1072216139361526,-15.392231554013412,1.3222293626685333,-9.699344674523134,-0.42579889279423333,0.0,1.1102230246251565e-16,3.429450976604686,-25.51737512133078
36.40000000000025,0.0,110.0,117.57018991540595,117.57019036511572,-0.1368854341071291,REG_T_ACC,straight,,15.645295501485686,9.789068812425826,15.645295501485686,0.13540723495102353,-0.990790028574631,0.13457285663925028,-0.9909037018075731,15.884187210700407,-116.4922407433218,0.0,-50.0,-1.3173429539263368,9.700024523481815,-484.7099386063192,56840.21982562665,8.829000000000008,-486.02728156024557,56791.09085015013,2.118486203847864,-15.50120277697555,1.3173429539263368,-9.700024523481815,-0.42574932335746496,0.0,-5.551115123125783e-17,3.435829157774201,-25.62697662381483
36.50000000000025,0.0,110.0,117.55353379685374,117.5535348763701,-0.166561185522164,REG_T_ACC,straight,,15.803152069812288,9.789088861100685,15.803152069812288,0.13518754790272955,-0.990820027498459,0.13397049738215155,-0.9909853206940953,15.852876027974512,-116.4796962125576,0.0,-50.0,-1.3114491036397382,9.700843364320859,-492.27600452716393,57770.42872603976,8.829000000000008,-493.5874536308037,57721.300569404084,2.1363893774518683,-15.65807956837374,1.3114491036397382,-9.700843364320859,-0.42568900763280315,0.0,-1.1102230246251565e-16,3.4478384810916065,-25.7846119403274
36.60000000000025,0.0,110.0,117.53453379681254,117.53453486332516,-0.19,REG_T_ACC,straight,,15.960358673225556,9.789113635359922,15.960358673225556,0.1349602070870301,-0.9908510193278434,0.133737615432764,-0.991016775952031,15.821439527663028,-116.46479590892078,0.0,-50.0,-1.3091727147933916,9.701175834342454,-499.97855251824706,58723.62214023319,8.829000000000008,-501.2877252330405,58674.49431606753,2.154013311721798,-15.814337660203527,1.3091727147933916,-9.701175834342454,-0.4256202041617264,0.0,0.0,3.4631860265151895,-25.94113369870771
36.70000000000025,0.0,110.0,117.51224456180883,117.51224593145302,-0.22289235003713545,REG_T_ACC,straight,,16.261170293842962,9.7891436982413,16.261170293842962,0.13475096273645937,-0.9908794972354598,0.13337249985369792,-0.9910659797827667,15.78973756279936,-116.44660497263237,0.0,-50.0,-1.3056025664615158,9.70168729053181,-507.9043452973659,59710.832236017945,8.829000000000008,-509.20994786382744,59661.704923308476,2.191208352316853,-16.11286024522331,1.3056025664615158,-9.70168729053181,-0.425539489596854,0.0,5.551115123125783e-17,3.496810918778369,-26.240087025351972
36.80000000000025,0.0,110.0,117.48789292285889,117.48789416553947,-0.24351638949956939,REG_T_ACC,straight,,16.509221765310606,9.789178376639494,16.509221765310606,0.13452902358354138,-0.9909096537089843,0.1331921186996291,-0.9910902378271638,15.757918004873604,-116.42634153663353,0.0,-50.0,-1.3038414083132102,9.701959125436165,-515.9678507603044,60725.61912056067,8.829000000000008,-517.2716921686176,60676.492079686104,2.220969484211385,-16.35914722246876,1.3038414083132102,-9.701959125436165,-0.425451306581984,0.0,0.0,3.524810892524595,-26.48655765448691
36.900000000000254,0.0,110.0,117.46175147527578,117.46175233541864,-0.26141447583108335,REG_T_ACC,straight,,16.75509469384166,9.789216643801907,16.75509469384166,0.13430409468257748,-0.990940164768536,0.1331483883502029,-0.9910961137446477,15.725997434893003,-116.40427854815813,0.0,-50.0,-1.3034184193332063,9.702054572276493,-524.1603378284822,61767.63104707508,8.829000000000008,-525.4637562478154,61718.50410164736,2.2502778241772616,-16.603296296627878,1.3034184193332063,-9.702054572276493,-0.4253566422488898,0.0,0.0,3.553696243510468,-26.73070751115326
37.000000000000256,0.0,110.0,117.43405275817247,117.4340539667158,-0.27698717103326415,REG_T_ACC,straight,,17.00045393754744,9.789257974326617,17.00045393754744,0.13408611920655245,-0.9909696830055531,0.13274236717946722,-0.9911505758236694,15.693987699855233,-116.38064915305306,0.0,-50.0,-1.2994492764425913,9.702628678140274,-532.4768282294071,62836.15648644995,8.829000000000008,-533.7762775058497,62787.030115128095,2.27952489323549,-16.846934449441896,1.2994492764425913,-9.702628678140274,-0.42525633867641893,0.0,-5.551115123125783e-17,3.578974169678081,-26.974819466258587
37.10000000000026,0.0,110.0,117.40502664955231,117.4050277429646,-0.2902610862015481,REG_T_ACC,straight,,17.234589351737785,9.789301935059292,17.234589351737785,0.13386214232024163,-0.9909999630945681,0.13256527185235348,-0.9911742776619616,15.661901989665054,-116.35568361127966,0.0,-50.0,-1.297721472265905,9.702904274297238,-540.9101097268382,63930.06814964559,8.829000000000008,-542.2078311991041,63880.94205391988,2.307059052633244,-17.07947741152218,1.297721472265905,-9.702904274297238,-0.42515122830691426,0.0,0.0,3.604780524899149,-27.20753291412633
37.20000000000026,0.0,110.0,117.37493900660401,117.37494011536013,-0.3008764294829764,REG_T_ACC,straight,,17.440186643856716,9.789348070612693,17.440186643856716,0.133636971620709,-0.9910303526209707,0.13232580405102726,-0.9912062760002326,15.629760993022906,-116.32964745972967,0.0,-50.0,-1.2953833545791968,9.70326324554207,-549.4484229554969,65047.085834485,8.829000000000008,-550.743806310076,64997.960097730545,2.330653727584948,-17.283754319436866,1.2953833545791968,-9.70326324554207,-0.4250422738718158,0.0,0.0,3.626037082164145,-27.41205983885075
37.30000000000026,0.0,110.0,117.34366929426392,117.34367048733634,-0.3126971234009377,REG_T_ACC,straight,,17.681986728889946,9.789396297498369,17.681986728889946,0.1334156490912428,-0.9910601720266851,0.13205532915612023,-0.9912423467757361,15.597535269897936,-116.30242309146385,0.0,-50.0,-1.2927419503058517,9.703664159449986,-558.1114569098407,66189.81693113419,8.829000000000008,-559.4041988601466,66140.69159529364,2.359053736657593,-17.523912809307234,1.2927419503058517,-9.703664159449986,-0.4249290388852945,0.0,0.0,3.6517956869634447,-27.652506007642515
37.40000000000026,0.0,110.0,117.31143125172123,117.3114323983415,-0.32238042542683293,REG_T_ACC,straight,,17.901294377666932,9.789446448202401,17.901294377666932,0.13319068202613615,-0.9910904308999319,0.13184700774622202,-0.9912700775007626,15.565241485047746,-116.2742239700591,0.0,-50.0,-1.2907092216873677,9.703985339399159,-566.8900675510246,67356.30894034813,8.829000000000008,-568.180776772712,67307.18392568752,2.3842856073120955,-17.74180155842845,1.2907092216873677,-9.703985339399159,-0.4248122973472499,0.0,1.1102230246251565e-16,3.674994828999463,-27.870599195174858
37.50000000000026,0.0,110.0,117.27834597510004,117.27834708793267,-0.33085276621189635,REG_T_ACC,straight,,18.10320022191166,9.789498260615893,18.10320022191166,0.13296462809455367,-0.9911207835958626,0.13163302681537106,-0.9912985152069098,15.532886532804127,-116.24517138623133,0.0,-50.0,-1.2886212870486802,9.704315090369162,-575.7809006547504,68545.59021126725,8.829000000000008,-577.0695219417992,68496.46552635761,2.4070852848277253,-17.942457989533878,1.2886212870486802,-9.704315090369162,-0.4246924877752427,0.0,0.0,3.6957065718764053,-28.071465567678285
37.600000000000264,0.0,110.0,117.24444340967432,117.24444453405695,-0.3390256542571993,REG_T_ACC,straight,,18.305673849838744,9.789551602478811,18.305673849838744,0.1327391841583008,-0.9911510021126895,0.13139687157412874,-0.9913298452788214,15.500466784439965,-116.21529606686374,0.0,-50.0,-1.2863164546792145,9.704674675434358,-584.7873661746871,69757.89142945402,8.829000000000008,-586.0736826293663,69708.76710412945,2.429880212295536,-18.143686980615726,1.2863164546792145,-9.704674675434358,-0.42456971860815657,0.0,0.0,3.7161966669747506,-28.272931374658242
37.700000000000266,0.0,110.0,117.20979101828992,117.209792138231,-0.3465239138441358,REG_T_ACC,straight,,18.500893879667593,9.789606369736669,18.500893879667593,0.13251293562402086,-0.9911812759996549,0.1311687280560982,-0.9913600580919857,15.467984830432712,-116.18466575171054,0.0,-50.0,-1.284090215688236,9.705024739399818,-593.9089306164498,70992.80723163016,8.829000000000008,-595.193020832138,70943.68325636955,2.4516077596632333,-18.33773960278313,1.284090215688236,-9.705024739399818,-0.4244442341448309,0.0,5.551115123125783e-17,3.735697975351469,-28.467208576327778
37.80000000000027,0.0,110.0,117.1742156511583,117.17421690001501,-0.3557536713159666,REG_T_ACC,straight,,18.746396559053615,9.789662687427404,18.746396559053615,0.13229165573712823,-0.9912108341933763,0.1308766504267891,-0.9913986596586986,15.435411254538112,-116.15310969951442,0.0,-50.0,-1.2812382613386168,9.7054584668263,-603.1664202593556,72253.8016876126,8.829000000000008,-604.4476585206943,72204.67814607943,2.4799918399020062,-18.581631371419373,1.2812382613386168,-9.7054584668263,-0.4243154073691374,0.0,-5.551115123125783e-17,3.7612301012406233,-28.71140524561481
37.90000000000027,0.0,110.0,117.13781369020357,117.1378149360078,-0.3640196095472709,REG_T_ACC,straight,,18.98433826603954,9.789720565137698,18.98433826603954,0.1320677605395154,-0.9912406905621243,0.1306493047874033,-0.9914286455204774,15.402752372597336,-116.12072431512513,0.0,-50.0,-1.2790201858981851,9.70580939991843,-612.5574994878199,73540.06137317246,8.829000000000008,-613.836519673718,73490.93818257238,2.5072190401204693,-18.818048572693993,1.2790201858981851,-9.70580939991843,-0.42418358730270295,0.0,0.0,3.7862392260186546,-28.948041559915126
38.00000000000027,0.0,110.0,117.10068115993728,117.10068238014115,-0.3713253026628767,REG_T_ACC,straight,,19.203836832815433,9.789779853860304,19.203836832815433,0.1318421847715535,-0.9912707189838018,0.13043252821243567,-0.9914571879733952,15.370016288964884,-116.08760539953542,0.0,-50.0,-1.2769057369821686,9.706147604786933,-622.0781828536088,74850.61675149931,8.829000000000008,-623.355088590591,74801.4938991041,2.531875804034817,-19.03620114451257,1.2769057369821686,-9.706147604786933,-0.42404912167287956,0.0,1.1102230246251565e-16,3.8087815410169856,-29.166397870972382
38.10000000000027,0.0,110.0,117.06287708833702,117.06287788285897,-0.3780407160024424,REG_T_ACC,straight,,19.410838150327628,9.789840421348764,19.410838150327628,0.131610721444911,-0.991301476847861,0.13045790645104077,-0.9914538489735221,15.337207625499182,-116.05381189108537,0.0,-50.0,-1.2771620858589345,9.706174966582799,-631.726768719592,76185.0419902564,8.829000000000008,-633.0039308054509,76135.919165223,2.554674412815021,-19.24199252527458,1.2771620858589345,-9.706174966582799,-0.4239122242338642,0.0,1.1102230246251565e-16,3.8318364986739555,-29.37207971609124
38.20000000000027,0.0,110.0,117.02445978729685,117.02446098387344,-0.384173010401936,REG_T_ACC,straight,,19.60519125690494,9.789902158313026,19.60519125690494,0.13138856079048636,-0.991330946805054,0.12998477067588235,-0.9915159904874646,15.304332056695296,-116.01940186368428,0.0,-50.0,-1.2725381869876444,9.706844535275108,-641.5003592741334,77542.76431486075,8.829000000000008,-642.772897461121,77493.64215939603,2.5758978632669667,-19.43523281100174,1.2725381869876444,-9.706844535275108,-0.42377310614674674,0.0,0.0,3.848436050254611,-29.565850452423597
38.300000000000274,0.0,110.0,116.98551755509538,116.98551871187108,-0.3894223220145739,REG_T_ACC,straight,,19.776295072851795,9.789964928648729,19.776295072851795,0.13115931991379734,-0.9913613028556996,0.12977473313850504,-0.9915435031499273,15.271400335270352,-115.9844629656638,0.0,-50.0,-1.2704900860507125,9.70717612106729,-651.3927503496917,78922.62441138418,8.829000000000008,-652.6632404357424,78873.50258750525,2.5938454121698227,-19.605453649081106,1.2704900860507125,-9.70717612106729,-0.42363208716037154,0.0,0.0,3.864335498220535,-29.73626185730877
38.400000000000276,0.0,110.0,116.9460029664675,116.946004179658,-0.3951458862789365,REG_T_ACC,straight,,19.961437903334772,9.790028715084985,19.961437903334772,0.13093213058082281,-0.991391334025856,0.12951473790241785,-0.9915774970551058,15.238405677028224,-115.94894825851307,0.0,-50.0,-1.2679530030913764,9.707572169401582,-661.4095856371111,80325.97728006465,8.829000000000008,-662.6775386402026,80276.85585223405,2.6135935941404145,-19.789596552061347,1.2679530030913764,-9.707572169401582,-0.42348899553669406,0.0,0.0,3.881546597231791,-29.92065771699962
38.50000000000028,0.0,110.0,116.90597113565269,116.90597173721042,-0.40031830814784614,REG_T_ACC,straight,,20.135661337010102,9.790093484265576,20.135661337010102,0.13069388384960415,-0.991422769924267,0.1297392784581592,-0.991548142868089,15.205354764677125,-115.91291245435242,0.0,-50.0,-1.2701596646865414,9.70734901282851,-671.5484736912512,81752.15113193147,8.829000000000008,-672.8186333559377,81703.0294809443,2.631607784014163,-19.962953136995527,1.2701596646865414,-9.70734901282851,-0.42334403085734434,0.0,0.0,3.9017674487007046,-30.093646180681382
38.60000000000028,0.0,110.0,116.86548641907953,116.86548759452317,-0.4048471657317827,REG_T_ACC,straight,,20.290962415090767,9.790159136720492,20.290962415090767,0.13047272323533618,-0.9914518992324113,0.12907236871437755,-0.9916351766826648,15.172256516696677,-115.87641929296753,0.0,-50.0,-1.2636390298672195,9.70826618529323,-681.8019180712117,83200.34023973077,8.829000000000008,-683.065557101079,83151.21950591606,2.647417123362746,-20.117513223695216,1.2636390298672195,-9.70826618529323,-0.4231974261720943,0.0,0.0,3.911056153229966,-30.24897683516054
38.70000000000028,0.0,110.0,116.82455580809766,116.82455699789641,-0.4093061098185451,REG_T_ACC,straight,,20.443853309563593,9.79022561769862,20.443853309563593,0.13024260254885406,-0.9914821554023556,0.12883287244418865,-0.9916663203808929,15.139112400586312,-115.83947563538838,0.0,-50.0,-1.2613028882047943,9.708637014001946,-692.1706303846901,84670.72292608014,8.829000000000008,-693.4319332728949,84621.60256309414,2.6626606611645656,-20.26971574409569,1.2613028882047943,-9.708637014001946,-0.4230492067982659,0.0,0.0,3.92396354936936,-30.4014019648959
38.80000000000028,0.0,110.0,116.7832014677423,116.7832026634842,-0.4135434035533373,REG_T_ACC,straight,,20.591383473261914,9.79029289360882,20.591383473261914,0.13001192729290018,-0.9915124299581856,0.1285976453851021,-0.9916968516645636,15.10592612485863,-115.80210335294261,0.0,-50.0,-1.259008613748592,9.709002639465817,-702.6527632055635,86163.19145992896,8.829000000000008,-703.9117718193121,86114.07146256843,2.677125450985954,-20.416612663774742,1.259008613748592,-9.709002639465817,-0.4228994530006676,0.0,0.0,3.936134064734546,-30.548514756241225
38.90000000000028,0.0,110.0,116.74131089795993,116.74131221569623,-0.4189056978234721,REG_T_ACC,straight,,20.77642495141235,9.79036106280012,20.77642495141235,0.1297848813977431,-0.9915421748773844,0.1283030516481528,-0.9917350084260268,15.072682823774242,-115.76419093427829,0.0,-50.0,-1.256133201094508,9.70944381110992,-713.2599458843644,87680.55828853586,8.829000000000008,-714.5160790854588,87631.43873234697,2.6964658481881623,-20.600701582500154,1.256133201094508,-9.70944381110992,-0.4227477573901329,0.0,0.0,3.9525990492826706,-30.73289315100021
39.000000000000284,0.0,110.0,116.69893701268164,116.69893832938442,-0.4237388527829105,REG_T_ACC,straight,,20.952326229502976,9.79043014444082,20.952326229502976,0.12955541937244777,-0.9915721826025724,0.12807241202787809,-0.9917648195400769,15.039388471269445,-115.7257909642448,0.0,-50.0,-1.2538840033889829,9.70980418542108,-723.9891960170321,89222.11352390233,8.829000000000008,-725.2430800204211,89172.99432808775,2.7144874114915956,-20.775743849989393,1.2538840033889829,-9.70980418542108,-0.42259431158045746,0.0,5.551115123125783e-17,3.968371414880578,-30.90814234699093
39.100000000000286,0.0,110.0,116.65615041839446,116.65615169855725,-0.4278659428716421,REG_T_ACC,straight,,21.105851440788953,9.790500040933287,21.105851440788953,0.1293240625299147,-0.9916023834434641,0.1278593178478751,-0.9917923143680214,15.00605257857802,-115.6869734086255,0.0,-50.0,-1.2518066566233232,9.710142694417433,-734.8343466444776,90786.668398892,8.829000000000008,-736.0861533011009,90737.54954158641,2.729494451475681,-20.928612593289998,1.2518066566233232,-9.710142694417433,-0.42243937125434555,0.0,0.0,3.9813011080990046,-31.061194658961778
39.20000000000029,0.0,110.0,116.61297038425317,116.61297166441192,-0.4318003414127537,REG_T_ACC,straight,,21.251463113422897,9.790570681969626,21.251463113422897,0.12909265719269988,-0.9916325357000585,0.12762688514011084,-0.9918222513078807,14.97267872997082,-115.64775723500992,0.0,-50.0,-1.249540039883874,9.710505855380047,-745.7933152705968,92374.13034777781,8.829000000000008,-747.0428553104807,92325.0118536332,2.7434078425444084,-21.073642254499806,1.249540039883874,-9.710505855380047,-0.4222830061899408,0.0,5.551115123125783e-17,3.9929478824282825,-31.20643111606979
39.30000000000029,0.0,110.0,116.56942357683002,116.56942421870735,-0.43546807423164874,REG_T_ACC,straight,,21.388555488685075,9.790642020842032,21.388555488685075,0.12884973917253217,-0.9916641289847943,0.12792192031710412,-0.9917842418098729,14.939271750486993,-115.60816871051766,0.0,-50.0,-1.2524377284434456,9.710204473472697,-756.8652840125413,93984.15210526029,8.829000000000008,-758.1177217409847,93935.03330973377,2.7559097959943033,-21.210263248929827,1.2524377284434456,-9.710204473472697,-0.42212531295317623,0.0,5.551115123125783e-17,4.008347524437749,-31.3425930353557
39.40000000000029,0.0,110.0,116.52557122187821,116.52557244758717,-0.4385235495179118,REG_T_ACC,straight,,21.50397424004396,9.790713974948728,21.50397424004396,0.12862664600322207,-0.9916930905970666,0.1271902170493644,-0.9918783436928823,14.905841694024575,-115.56826827454711,0.0,-50.0,-1.245283035541974,9.7111971610429,-768.0388992075842,95615.68606996741,8.829000000000008,-769.2841822431262,95566.56826712846,2.7659840822365407,-21.3253426742289,1.245283035541974,-9.7111971610429,-0.42196651325691137,0.0,5.551115123125783e-17,4.011267117778514,-31.45850634852871
39.50000000000029,0.0,110.0,116.48133974071935,116.48134066034288,-0.44231481158856156,REG_T_ACC,straight,,21.642903695072597,9.790786575795682,21.642903695072597,0.12839063460584785,-0.9917236736841104,0.12716217540716163,-0.9918819391166058,14.87238001898901,-115.52798284555851,0.0,-50.0,-1.2450177199254138,9.711304374277054,-779.3236429498212,97270.7885359237,8.829000000000008,-780.5686606697466,97221.67084029797,2.77874614012362,-21.463779961668802,1.2450177199254138,-9.711304374277054,-0.4218063406554379,0.0,5.551115123125783e-17,4.0237638600490335,-31.59689067660129
39.60000000000029,0.0,110.0,116.43633974074946,116.43634141933012,-0.45,REG_T_ACC,straight,,21.92559106761591,9.790860263469026,21.92559106761591,0.12817641895526133,-0.9917513829704526,0.12650644808680747,-0.9919657849908231,14.838833091367233,-115.48692672640388,0.0,-50.0,-1.2386069556457304,9.71219838698751,-790.761125157952,98959.4737157314,8.829000000000008,-791.9997321135978,98910.35691411838,2.810343746524472,-21.74473526375268,1.2386069556457304,-9.71219838698751,-0.42164338506650795,0.0,0.0,4.0489507021702025,-31.878577035806696
39.700000000000294,0.0,110.0,116.39222051018284,116.39222288707731,-0.44119230566588197,REG_T_ACC,straight,,21.63142660699917,9.79093362863528,21.63142660699917,0.12798241451993336,-0.9917764372950427,0.1270839973639218,-0.9918919586396527,14.805483579442187,-115.44672646407041,1.0,-50.0,-1.2442709834518193,9.71154833381789,-803.1375937108943,100641.7432268295,8.829000000000008,-803.3818646943461,100592.62577516331,2.7684422066744836,-21.453539213898832,1.2442709834518193,-9.71154833381789,-0.42148361895084285,0.0,-5.551115123125783e-17,4.012713190126303,-31.586571166667568
39.800000000000296,0.0,110.0,116.34638156774747,116.34638223085832,-0.45838942435351515,REG_T_ACC,straight,,22.143409420729753,9.791008307700837,22.143409420729753,0.12769337715217494,-0.9918136929037995,0.1268075212540633,-0.9919273423761441,14.772354863777077,-115.40475742224204,2.0,-50.0,-1.2415734940774843,9.711968849840439,-817.6961294153854,102383.2021689028,8.829000000000008,-816.9377029094628,102334.08513775264,2.827566730596268,-21.96213667105476,1.2415734940774843,-9.711968849840439,-0.4213176253538323,0.0,1.1102230246251565e-16,4.0691402246737525,-32.09542314624903
39.9000000000003,0.0,110.0,116.30110656224372,116.3011077905844,-0.45275005503737725,REG_T_ACC,straight,,21.94236561514069,9.791083622697794,21.94236561514069,0.12745440628273746,-0.9918444305026444,0.1260147312994402,-0.99202837030779,14.739827292025563,-115.363273527599,2.0,-50.0,-1.2338207718446121,9.713032729772186,-831.9057532535844,104126.70694294668,8.829000000000008,-831.139574025429,104077.59097567646,2.79665118191651,-21.763413127430024,1.2338207718446121,-9.713032729772186,-0.4211536739051521,0.0,-1.1102230246251565e-16,4.030471953761122,-31.89759953110736
40.0000000000003,0.0,110.0,116.25458696289857,116.25458877896264,-0.46519599345140233,REG_T_ACC,straight,,22.32860396994431,9.791160096549026,22.32860396994431,0.12725545164041285,-0.9918699763717997,0.12552191469837812,-0.9920908471155516,14.707582542622434,-115.32049256600534,2.0,-50.0,-1.2290051624371905,9.71372031442931,-846.0127560311777,105919.98489239559,8.829000000000008,-845.2417611936148,105870.86961271001,2.8414365826951786,-22.147071892083936,1.2290051624371905,-9.71372031442931,-0.42098521548930445,0.0,0.0,4.070441745132369,-32.28177742200255
40.1000000000003,0.0,110.0,116.20840684017128,116.20840788027164,-0.46180122727274514,REG_T_ACC,straight,,22.211477736258335,9.791237131903973,22.211477736258335,0.12701002932823874,-0.9919014328299157,0.12569116890398388,-0.9920694179640608,14.675747201888168,-115.27799557763416,2.0,-50.0,-1.230672040125101,9.713586922596074,-859.916967514771,107720.72331483706,8.829000000000008,-859.1476395548962,107671.60790175965,2.821080438705693,-22.031596591864414,1.230672040125101,-9.713586922596074,-0.420817986398173,0.0,5.551115123125783e-17,4.051752478830794,-32.166001500858656
40.2000000000003,0.0,110.0,116.16119841440458,116.16120012419151,-0.4720842576668717,REG_T_ACC,straight,,22.55730008555187,9.791315185585923,22.55730008555187,0.1268152149757883,-0.9919263587840805,0.12512630626547333,-0.9921408203880933,14.644088161181818,-115.23443365157051,2.0,-50.0,-1.225151102653404,9.714363480905613,-873.7943113533373,109566.53574667849,8.829000000000008,-873.0194624559907,109517.4211101594,2.860608859622628,-22.375180537861294,1.225151102653404,-9.714363480905613,-0.42064703357976385,0.0,1.1102230246251565e-16,4.085759962276032,-32.51019105234667
40.3000000000003,0.0,110.0,116.11448540577611,116.11448875115948,-0.46713008628463726,REG_T_ACC,straight,,22.385769093815973,9.791393481336993,22.385769093815973,0.12679507606276325,-0.9919289332841531,0.12573872476381787,-0.9920633916715044,14.612725947197818,-115.19132763120791,2.0,-50.0,-1.2311573300040726,9.713683026285436,-887.2748557372125,111415.88991572631,8.829000000000008,-886.5060130672166,111366.7745987526,2.838405294973851,-22.20509205797424,1.2311573300040726,-9.713683026285436,-0.4204778747833897,0.0,-5.551115123125783e-17,4.069562624977923,-32.339252959043066
40.400000000000304,0.0,110.0,116.06648051509234,116.06648234505143,-0.48004890683763835,REG_T_ACC,straight,,22.84763078115636,9.791472911732043,22.84763078115636,0.12639037178882165,-0.9919805814223802,0.12464533221916847,-0.9922013611943763,14.58139611798725,-115.1469095825444,2.0,-50.0,-1.2204613939978295,9.715112751118397,-901.1122765330139,113317.93226718945,8.829000000000008,-900.3327379270117,113268.81837994057,2.887720548924078,-22.66440606641536,1.2204613939978295,-9.715112751118397,-0.4203040377780981,0.0,-5.551115123125783e-17,4.108181942921908,-32.79982285531185
40.500000000000306,0.0,110.0,116.01959908487734,116.01960069328909,-0.4688143021499154,REG_T_ACC,straight,,22.445119529711736,9.791552086986648,22.445119529711736,0.12614252159633402,-0.992012129081756,0.1245027056255833,-0.9922192682526929,14.550403946151164,-115.10357560397289,2.0,-50.0,-1.2190747271036644,9.71536664680802,-914.7893805039159,115204.23407509942,8.829000000000008,-914.0084552310196,115155.12044174623,2.831283975008961,-22.26583081216384,1.2190747271036644,-9.71536664680802,-0.42013426908752755,0.0,-5.551115123125783e-17,4.050358702112625,-32.40133172805939
40.60000000000031,0.0,110.0,115.97005308702289,115.97005393349083,-0.4954599785445497,REG_T_ACC,straight,,23.44550066415096,9.791633388886614,23.44550066415096,0.12597600703175604,-0.9920332885807488,0.12487327578209542,-0.9921726991786504,14.519229602450832,-115.0575733481209,2.0,-50.0,-1.2227133365276117,9.714991328819428,-928.717291914002,117186.60429893565,8.829000000000008,-927.9400052505296,117137.49029026447,2.953570556530122,-23.258717126279805,1.2227133365276117,-9.714991328819428,-0.4199548513705299,0.0,5.551115123125783e-17,4.176283893057734,-33.39366330646976
40.70000000000031,0.0,110.0,115.92307719748418,115.92307790346555,-0.4697588953871811,REG_T_ACC,straight,,22.52687872523742,9.79171381372621,22.52687872523742,0.12569679039471973,-0.992068705727817,0.12469302892872457,-0.9921953681289689,14.48851517858009,-115.01409806999284,2.0,-50.0,-1.2209584538367542,9.715293092023586,-942.3824864752874,119108.8584347534,8.829000000000008,-941.6034449291241,119059.74472784543,2.8315563533734394,-22.348211421033785,1.2209584538367542,-9.715293092023586,-0.41978474062052085,0.0,-5.551115123125783e-17,4.052514807210193,-32.48328925367789
40.80000000000031,0.0,110.0,115.8743203354893,115.87432104079312,-0.48756861994865497,REG_T_ACC,straight,,23.0980512400351,9.791794602171976,23.0980512400351,0.1255204553332033,-0.9920910317571393,0.12460785198592471,-0.9922060689309724,14.457712884814777,-114.96883339127979,2.0,-50.0,-1.220134492464022,9.71547803000057,-956.2240138444504,121101.20276387499,8.829000000000008,-955.4441483369144,121052.08924190499,2.899277908958867,-22.915369486305693,1.220134492464022,-9.71547803000057,-0.41960818055016375,0.0,0.0,4.119412401422889,-33.050455696856424
40.90000000000031,0.0,110.0,115.82573668250737,115.82574093949741,-0.48583652981923353,REG_T_ACC,straight,,23.090308563043717,9.791876243346358,23.090308563043717,0.12533399419070596,-0.992114605224721,0.12282758069237874,-0.9924280253102776,14.427035832193209,-114.92372216014475,2.0,-50.0,-1.2027124694094113,9.717732404266846,-970.0791562304952,123105.2432729164,8.829000000000008,-969.2818686999046,123056.13200532067,2.8940005993021294,-22.90823236454111,1.2027124694094113,-9.717732404266846,-0.41943224771040083,0.0,0.0,4.096713068711541,-33.04539701651836
41.00000000000031,0.0,110.0,115.77805732293191,115.77805894588275,-0.4767935957544724,REG_T_ACC,straight,,22.710150583659143,9.791957014927242,22.710150583659143,0.12508144223081305,-0.9921464774968763,0.12343195252736766,-0.9923530385378388,14.396584114889926,-114.87948869704725,2.0,-50.0,-1.208640373416524,9.717078296994954,-983.8429639720798,125098.39918532938,8.829000000000008,-983.0516043454963,125049.28726362638,2.8406183882830263,-22.531795905001047,1.208640373416524,-9.717078296994954,-0.4192595895298537,0.0,5.551115123125783e-17,4.049258761699551,-32.668133791525854
41.100000000000314,0.0,110.0,115.72537796335648,115.72537926839621,-0.5267935957544732,REG_T_ACC,straight,,24.767593427937587,9.79204230954169,24.767593427937587,0.12498577835201492,-0.9921585333049052,0.12351765353675669,-0.9923423750222369,14.365552825705711,-114.83028344811126,2.0,-50.0,-1.2094900894072333,9.71705852176883,-998.1820775193054,127270.86203286046,8.829000000000008,-997.3915676087126,127221.75009138223,3.095596942497029,-24.573379168954766,1.2094900894072333,-9.71705852176883,-0.41906882517274685,0.0,-5.551115123125783e-17,4.305087031904263,-34.70950651589634
41.200000000000315,0.0,110.0,115.67769860378101,115.67769987615789,-0.47679359575447244,REG_T_ACC,straight,,22.915291534713738,9.79212579755756,22.915291534713738,0.12465175544900815,-0.992200554254774,0.12318206220544095,-0.9923840887231189,14.335191931076206,-114.78602801110598,2.0,-50.0,-1.2062142491182384,9.717549836271303,-1012.0718426400746,129298.14006915734,8.829000000000008,-1011.2780568891928,129249.02861899362,2.8564313164278636,-22.736564961652704,1.2062142491182384,-9.717549836271303,-0.41889616699219967,0.0,-5.551115123125783e-17,4.062645565546102,-32.873010964916205
41.30000000000032,0.0,110.0,115.62501924420556,115.62502018845804,-0.5267935957544732,REG_T_ACC,straight,,24.77262787300402,9.792211495215538,24.77262787300402,0.12455304725379358,-0.9922129501371136,0.12341708497821173,-0.9923548876966751,14.304259709293035,-114.7367998045614,2.0,-50.0,-1.2085261982296378,9.717348938636706,-1026.5382415745446,131507.33982246698,8.829000000000008,-1025.7467677727743,131458.22817140562,3.0855062900669137,-24.579722184522208,1.2085261982296378,-9.717348938636706,-0.4187054026350928,0.0,5.551115123125783e-17,4.294032488296551,-34.715776525794006
41.40000000000032,0.0,110.0,115.5773398846301,115.57734086624797,-0.47679359575447244,REG_T_ACC,straight,,22.89463599084698,9.79229507414561,22.89463599084698,0.12422277311215792,-0.9922543538026555,0.12294229669954983,-0.992413820783568,14.274001449938892,-114.69252101778237,2.0,-50.0,-1.2038872463751498,9.718008968772956,-1040.5448338083047,133568.52726747893,8.829000000000008,-1039.74872105468,133519.4162764477,2.844035172176429,-22.717302240644887,1.2038872463751498,-9.718008968772956,-0.4185327444545457,0.0,0.0,4.047922418551579,-32.85384395387239
41.50000000000032,0.0,110.0,115.52466052505468,115.52466177147852,-0.5267935957544732,REG_T_ACC,straight,,24.746229109267528,9.79238082143682,24.746229109267528,0.12413403232623821,-0.992265459450458,0.12270236492135386,-0.9924435145854433,14.243178332121829,-114.64326870963033,2.0,-50.0,-1.2015482850008077,9.718384838585848,-1055.1272455280603,135814.6635133384,8.829000000000008,-1054.328793813061,135765.55289817697,3.0718492042023122,-24.55482839677364,1.2015482850008077,-9.718384838585848,-0.4183419800974389,0.0,0.0,4.27339748920312,-34.69155521545693
41.60000000000032,0.0,110.0,115.47697618744718,115.47697716893401,-0.47684337607527294,REG_T_ACC,straight,,22.870694085757542,9.792464450059953,22.870694085757542,0.12379888921434345,-0.9923073289204785,0.12251680919606725,-0.9924664384574495,14.213030136355577,-114.59896074458656,2.0,-50.0,-1.1997414985872668,9.718692316472188,-1069.2419928186173,137910.13125431995,8.829000000000008,-1068.4417343172045,137861.02094663642,2.831366523377838,-22.69475735879545,1.1997414985872668,-9.718692316472188,-0.4181693038902664,0.0,-1.1102230246251565e-16,4.031108021965105,-32.8316189791579
41.70000000000032,0.0,110.0,115.43429184983964,115.43429232610877,-0.42684337607527223,REG_T_ACC,straight,,20.73523097404102,9.792540063169088,20.73523097404102,0.12346966300010899,-0.9923483472645277,0.12266153196730066,-0.9924485621811515,14.183685678144261,-114.55958622244391,2.0,-50.0,-1.2011679659994876,9.718592305793484,-1082.7840775181999,139869.56638965345,8.829000000000008,-1081.9852454841994,139820.45598195924,2.560171980594266,-20.57657218723785,1.2011679659994876,-9.718592305793484,-0.41801473385965365,0.0,5.551115123125783e-17,3.761339946593754,-30.71317922689099
41.800000000000324,0.0,110.0,115.39660751223212,115.39660828425285,-0.3768433760752715,REG_T_ACC,straight,,18.81436804621329,9.792606879189208,18.81436804621329,0.12317071199734944,-0.9923854975290933,0.12203154347734557,-0.9925262225233833,14.155230766711126,-114.52513465293677,2.0,-50.0,-1.195006932134331,9.719419114458162,-1095.690529787624,141707.7971637186,8.829000000000008,-1094.8855367197582,141658.68758283308,2.317379108032271,-18.67110599423685,1.195006932134331,-9.719419114458162,-0.41787827000560085,0.0,0.0,3.512386040166602,-28.808403378700614
41.900000000000325,0.0,110.0,115.36392317462457,115.36392382018333,-0.3268433760752708,REG_T_ACC,straight,,17.173613951468337,9.79266480412744,17.173613951468337,0.12287729954591059,-0.9924218706055932,0.12184804029753599,-0.9925487671019747,14.127716177353077,-114.4955999410145,2.0,-50.0,-1.1932170156735826,9.71969737797959,-1107.931272043359,143440.56447044853,8.829000000000008,-1107.1244890590326,143391.45516782653,2.110247305800404,-17.04347008277452,1.1932170156735826,-9.71969737797959,-0.4177599123281079,0.0,5.551115123125783e-17,3.3034643214739865,-27.18092737308222
42.00000000000033,0.0,110.0,115.33623883701705,115.3362392829847,-0.2768433760752701,REG_T_ACC,straight,,15.827225093300433,9.792713829079073,15.827225093300433,0.12259752043802052,-0.9924564715807184,0.12174493379389302,-0.9925614193063926,14.101148611107561,-114.47098146218936,2.0,-50.0,-1.1922132967837724,9.719869937052064,-1119.4164425406266,145084.3179084357,8.829000000000008,-1118.6086558374104,145035.20877837276,1.9403785518530512,-15.707831971010753,1.1922132967837724,-9.719869937052064,-0.41765966082717476,0.0,5.551115123125783e-17,3.1325918486368236,-25.84536156888999
42.10000000000033,0.0,110.0,115.31355449940952,115.31355493928805,-0.2268433760752694,REG_T_ACC,straight,,14.771679324238974,9.79275395501239,14.771679324238974,0.12233565117737023,-0.9924887850504955,0.12151582894537163,-0.9925894938572134,14.075544584843481,-114.45127738880144,2.0,-50.0,-1.1899746145013972,9.720184691673973,-1130.3430400562333,146654.78364853142,8.829000000000008,-1129.5330146707347,146605.6748332231,1.8071030091140712,-14.660726065669465,1.1899746145013972,-9.720184691673973,-0.4175775155028016,0.0,-5.551115123125783e-17,2.9970776236154686,-24.79848827284624
42.20000000000033,0.0,110.0,115.29524558768344,115.29524591124881,-0.18308911726116855,REG_T_ACC,straight,,14.05268419730201,9.792785817251328,14.05268419730201,0.12209231528519669,-0.992518748713746,0.12139407392788559,-0.9926043918979963,14.050806517727253,-114.43587064957225,2.0,-50.0,-1.1887861654593572,9.720362211120078,-1140.69980150928,148176.4501949403,8.829000000000008,-1139.8885876747393,148127.3415571514,1.7157247496202983,-13.947552535575623,1.1887861654593572,-9.720362211120078,-0.4175112146251353,0.0,0.0,2.9045109150796558,-24.085425961320837
42.30000000000033,0.0,110.0,115.28112964512093,115.28112987437669,-0.1411594256250552,REG_T_ACC,straight,,13.55142325395316,9.792810014859494,13.55142325395316,0.1218624583074628,-0.9925469970007778,0.12127559977276595,-0.992618873938913,14.026876204462793,-114.42458475432565,2.0,-50.0,-1.1876289080128342,9.720528049647541,-1150.5402027758817,149664.02125168493,8.829000000000008,-1149.7278316838945,149614.9127797346,1.6514097512916488,-13.450424455797718,1.1876289080128342,-9.720528049647541,-0.41746009747546603,0.0,0.0,2.839038659304483,-23.588412602920723
42.40000000000033,0.0,110.0,115.27017958550336,115.27017970189311,-0.10950059617586212,REG_T_ACC,straight,,13.246450969523108,9.79282776601712,13.246450969523108,0.12164766839809603,-0.9925733447827958,0.12121539963130137,-0.992626227183336,14.003586334353253,-114.41640560448711,2.0,-50.0,-1.1870415311782696,9.720617678837792,-1159.9894605368277,151135.84264391765,8.829000000000008,-1159.176502068006,151086.7342615965,1.6113998749921847,-13.14807414532086,1.1870415311782696,-9.720617678837792,-0.4174204447329107,0.0,5.551115123125783e-17,2.798441406170454,-23.286112268891564
42.500000000000334,0.0,110.0,115.26219546592891,115.26219552488787,-0.07984119574431406,REG_T_ACC,straight,,13.031628816887912,9.792839979238066,13.031628816887912,0.1214414008792624,-0.9925986027355076,0.12112530542528963,-0.9926372249647049,13.980868962780887,-114.41114022100975,2.0,-50.0,-1.1861607334661977,9.720737501514291,-1169.0990207207883,152599.77442206632,8.829000000000008,-1168.2851814542546,152550.66615956783,1.582579259261433,-12.935176555010717,1.1861607334661977,-9.720737501514291,-0.41739153235717263,0.0,5.551115123125783e-17,2.768739992727631,-23.073305588882178
42.600000000000335,0.0,110.0,115.25635051223088,115.25635157612486,-0.05844953698026929,REG_T_ACC,straight,,12.893597201122176,9.792847719510755,12.893597201122176,0.12126114082392055,-0.9926206403889057,0.1201743274887679,-0.9927528045856242,13.958583424692439,-114.40797298341634,2.0,-50.0,-1.1768488888921194,9.721877038424235,-1177.9646293330948,154063.91023682442,8.829000000000008,-1177.141478221987,154014.80311386284,1.5634923059321841,-12.798450710694498,1.1768488888921194,-9.721877038424235,-0.4173703664044444,0.0,0.0,2.7403411948243033,-22.93769811552318
42.70000000000034,0.0,110.0,115.252428611262,115.25242954978678,-0.03921900968890491,REG_T_ACC,straight,,12.792234438641138,9.792851785531239,12.792234438641138,0.12106802249388765,-0.9926442131647267,0.12004537626873205,-0.9927684058412106,13.936668317235457,-114.40669375962845,2.0,-50.0,-1.175586577338022,9.7220338557611,-1186.6273507949018,155531.76714129475,8.829000000000008,-1185.8029373722397,155482.66017515052,1.5487305267644895,-12.698137488963653,1.175586577338022,-9.7220338557611,-0.41735616427816585,0.0,-5.551115123125783e-17,2.7243171041025116,-22.837527509002918
42.80000000000034,0.0,110.0,115.25029644838772,115.25029728868617,-0.02132162874283815,REG_T_ACC,straight,,12.714503747164727,9.79285253034621,12.714503747164727,0.12087811230873614,-0.9926673571568054,0.11990787293878691,-0.9927850230575075,13.915075620372656,-114.40717417155517,2.0,-50.0,-1.1742401169170311,9.722197325138533,-1195.1191937888582,157005.84785993592,8.829000000000008,-1194.2934339057751,156956.74105726107,1.5369052118996245,-12.62127283225831,1.1742401169170311,-9.722197325138533,-0.4173484432146746,0.0,0.0,2.711145328816656,-22.76081860061152
42.90000000000034,0.0,110.0,115.24985089853436,115.24985172761237,-0.004455498533500798,REG_T_ACC,straight,,12.645181571332865,9.79285017257106,12.645181571332865,0.12068960887797286,-0.9926902932480411,0.11972851658860828,-0.9928066691534113,13.893765955851475,-114.4093151788718,2.0,-50.0,-1.1724834243364295,9.722406961348682,-1203.4655431991669,158485.16703037787,8.829000000000008,-1202.6380266235033,158436.0604373392,1.5261420180351137,-12.552749002221146,1.1724834243364295,-9.722406961348682,-0.41734682977381243,0.0,-5.551115123125783e-17,2.6986254423715432,-22.692502793343643
43.00000000000034,0.0,110.0,115.2510060075678,115.25100686799196,0.011551090334383462,REG_T_ACC,straight,,12.577502286660465,9.792844880158405,12.577502286660465,0.1205012353404049,-0.9927131772478073,0.11952814246719065,-0.9928308129577482,13.872708650033653,-114.41303396234062,2.0,-50.0,-1.1705205579946725,9.722638143536791,-1211.6859246582999,159967.77226941317,8.829000000000008,-1210.8564452162946,159918.66590755671,1.5156045630393535,-12.485852256832272,1.1705205579946725,-9.722638143536791,-0.4173510126954334,0.0,0.0,2.686125121034026,-22.6258414130645
43.10000000000034,0.0,110.0,115.25367467483996,115.25367556015534,0.026686672721939846,REG_T_ACC,straight,,12.511151760443402,9.79283680742307,12.511151760443402,0.12031249374102292,-0.9927360695823519,0.11933158591336002,-0.992854456908666,13.851878876638336,-114.41824582487176,2.0,-50.0,-1.1685947468205202,9.722861670029227,-1219.7960707301104,161451.99341257033,8.829000000000008,-1218.9646654769308,161402.88727424035,1.5052478678713346,-12.420271624610907,1.1685947468205202,-9.722861670029227,-0.4173606765675953,0.0,-5.551115123125783e-17,2.673842614691855,-22.56049397120773
43.200000000000344,0.0,110.0,115.257730580501,115.2577314689221,0.04055905661049556,REG_T_ACC,straight,,12.44858937428637,9.792826148500918,12.44858937428637,0.12012345724824643,-0.9927589611878247,0.11914613360696773,-0.9928767289278718,13.831251996923019,-114.4248265315048,2.0,-50.0,-1.1667773726790975,9.723069193282921,-1227.811385032463,162936.64013539857,8.829000000000008,-1226.978162405142,162887.53420459185,1.4953675935030635,-12.358448655470328,1.1667773726790975,-9.723069193282921,-0.41737536395639707,0.0,5.551115123125783e-17,2.662144966182161,-22.498893212709646
43.300000000000345,0.0,110.0,115.2628485964233,115.2628494189691,0.05118015922281374,REG_T_ACC,straight,,12.39818974076541,9.792813327575313,12.39818974076541,0.11993474100343751,-0.992781777582787,0.11899544999514866,-0.992894799503176,13.810783840518218,-114.43245394673873,2.0,-50.0,-1.1653002286333136,9.723233425454922,-1235.7591981277483,164422.13172618917,8.829000000000008,-1234.9244983563815,164373.02595961464,1.4869736754701754,-12.308696849645756,1.1653002286333136,-9.723233425454922,-0.4173938974963823,0.0,0.0,2.652273904103489,-22.44932417259706
43.40000000000035,0.0,110.0,115.26845362974531,115.26845422392468,0.056050333220133905,REG_T_ACC,straight,,12.36955358215187,9.7927991619259,12.36955358215187,0.11974680519736254,-0.992804463449387,0.11893809477402195,-0.9929016716732457,13.790404218558859,-114.44055729365137,2.0,-50.0,-1.1647368748241056,9.723286658236587,-1243.6833954367744,165911.35013768595,8.829000000000008,-1242.8481323115984,165862.2444243442,1.481214523180278,-12.28054800723673,1.1647368748241056,-9.723286658236587,-0.4174141946409727,0.0,0.0,2.6459513980043834,-22.42124886011429
43.50000000000035,0.0,110.0,115.27362245929422,115.27362493421943,0.051688295488912746,REG_T_ACC,straight,,12.37461004777578,9.792785011894129,12.37461004777578,0.11958124190118082,-0.9928244188099784,0.11801795828972593,-0.9930114609213353,13.77000492968473,-114.44821972894273,2.0,-50.0,-1.1557244930739745,9.724347751149544,-1251.6536979886669,167410.06104053967,8.829000000000008,-1250.8094224817407,167360.95638829083,1.4797712375558583,-12.285815028683109,1.1557244930739745,-9.724347751149544,-0.4174329121890568,0.0,5.551115123125783e-17,2.6354957306298328,-22.42759569202171
