t,x_bat,L0,L,L_seg,dL/dt,Explain,mode_câble,Scénario,Tbat,Trov,Tmax,U_bat_x,U_bat_y,U_rov_x,U_rov_y,x_rov,y_rov,Fx_rov,Fy_rov,Tr_cable_rov_x,Tr_cable_rov_y,Trainee_rov_x,Trainee_rov_y,Poids_app_rov,Sigma_f_rov_x,Sigma_f_rov_y,Tr_bat_cable_x,Tr_bat_cable_y,Tr_rov_cable_x,Tr_rov_cable_y,Poids_app_cable_y,Trainee_cable_x,Trainee_cable_y,Sigma_f_cable_x,Sigma_f_cable_y
0.1,0.0,110.0,110.0,109.8923428223954,0.0,HISTORY_LT2,caténaire,,0.8068861135073987,0.019708231224208315,0.8068861135073987,0.03964465948952153,-0.9992138414643583,0.8034332224627495,0.5953948748881889,19.999997050118594,-100.00147056559041,0.0,0.0,-0.015834247721506666,-0.011734179864005007,2.413778721873619e-07,0.11177759588652329,8.829000000000008,-0.01583400634363448,-8.728956583977489,0.03198872521682424,-0.8062517731019742,0.015834247721506666,0.011734179864005007,-0.3983358843174276,0.0,0.0,0.047822972938330904,-1.1928534775553967
0.2,0.0,110.0,109.999,109.86020318192688,-0.01,CATENARY_SIGN_IN_ACC,caténaire,Fy:(t>0:-50),1.0739802996429546,0.01907251101848445,1.0739802996429546,0.038794835439996754,-0.9992471970154251,0.799442567332784,0.6007425251606274,19.99998875359652,-100.01397871450013,0.0,-50.0,-0.015247377174100019,-0.011457668430398239,5.104601777296947e-07,2.0304572755582493,8.829000000000008,-0.015246866713922289,-56.810000392872155,0.041664888990446826,-1.0731718040680087,0.015247377174100019,0.011457668430398239,-0.39833226308211567,0.0,0.0,0.056912266164546844,-1.4600463987197263
0.30000000000000004,0.0,110.0,110.0001,109.86818968184932,0.011000000000000001,PILOT_DESC_ACC,caténaire,,4.22581576648217,0.018966422971001175,4.22581576648217,0.037075730669902086,-0.9993124587411552,0.8020213229429293,0.5972954022465546,19.999975361882797,-100.04388612733314,0.0,-50.0,-0.015211475642697526,-0.011328557237642442,1.3299705813803194e-06,11.608215477202643,8.829000000000008,-0.015210145672116145,-47.232113080035006,0.15667520721871878,-4.222910343790437,0.015211475642697526,0.011328557237642442,-0.3983362464409588,0.0,0.0,0.1718866828614163,-4.609918032993753
0.4,0.0,110.0,110.00309,109.87968299485016,0.029900000000000003,PILOT_DESC_ACC,caténaire,,8.850853074128691,0.018921214391111427,8.850853074128691,0.03536128335625518,-0.9993745942535256,0.8052678497288605,0.5929111992474567,19.999956897645017,-100.0873395693583,0.0,-50.0,-0.015236645626989068,-0.011218599915852112,2.5283226174192904e-06,24.505080674125903,8.829000000000008,-0.01523411730437165,-34.33513792578996,0.3129775234988469,-8.845317699754931,0.015236645626989068,0.011218599915852112,-0.3983470739345416,0.0,1.1102230246251565e-16,0.32821416912583595,-9.23244617377362
0.5,0.0,110.0,110.009781,109.89259563357518,0.06691,PILOT_DESC_TAUT_ACC,caténaire,,13.183523426773169,0.018878119553605088,13.183523426773169,0.03411766862144282,-0.9994178228788184,0.8090002335978457,0.5878083208314009,19.999933352124273,-100.14017886462226,0.0,-50.0,-0.015272403128754573,-0.011096715755259041,4.111367713267546e-06,36.23446080715473,8.829000000000008,-0.015268291761041306,-22.605635908600533,0.4497910835376752,-13.17584828105754,0.015272403128754573,0.011096715755259041,-0.3983713036200141,0.0,0.0,0.46506348666642977,-13.563122868922294
0.6,0.0,110.0,110.01980290000002,109.90478038074392,0.100219,PILOT_DESC_TAUT_ACC,caténaire,,16.460261265312848,0.018832604533593256,16.460261265312848,0.033341807404101635,-0.9994440073756146,0.8132879233107076,0.5818614558440494,19.99990471277076,-100.19900418070975,0.0,-50.0,-0.015316329831657876,-0.010957966691251816,6.082696416348809e-06,44.90930237443319,8.829000000000008,-0.015310247135241527,-13.93065559225807,0.5488148609292552,-16.451109481453877,0.015316329831657876,0.010957966691251816,-0.39840759527818725,0.0,0.0,0.5641311907609131,-16.838559110040812
0.7,0.0,110.0,110.03282261000001,109.92193163846922,0.1301971,PILOT_DESC_TAUT_ACC,caténaire,,18.65212920654624,0.018786177828571504,18.65212920654624,0.032862595924837854,-0.999459879029209,0.8167781812902597,0.5769518199712829,19.999870966690686,-100.26144634438982,0.0,-50.0,-0.015344140160216034,-0.010838719488498492,8.445325377564627e-06,50.60153094192906,8.829000000000008,-0.01533569483483847,-8.238307777559442,0.6129573852525955,-18.642054800411877,0.015344140160216034,0.010838719488498492,-0.3984547427117908,0.0,0.0,0.6283015254128115,-19.029670823635172
0.7999999999999999,0.0,110.0,110.048540349,109.93499337920994,0.15717739,PILOT_DESC_TAUT_ACC,caténaire,,20.014279602786395,0.018740272950462475,20.014279602786395,0.03261641690185606,-0.9994679431319867,0.821407644892028,0.5703415475948882,19.999832102022562,-100.32600253424042,0.0,-50.0,-0.015393403468873159,-0.01068835627691739,1.1201589368786407e-05,54.085836388076835,8.829000000000008,-0.015382201879504372,-4.753851968200088,0.6527940875147951,-20.003630867865393,0.015393403468873159,0.01068835627691739,-0.39851166034328206,0.0,0.0,0.6681874909836683,-20.391454171931755
0.8999999999999999,0.0,110.0,110.06668631410001,109.95566408843077,0.181459651,PILOT_DESC_TAUT_ACC,caténaire,,20.825878129047304,0.018695598800774076,20.825878129047304,0.032478838942939896,-0.9994724233418941,0.82461611186439,0.5656927328980422,19.99978810653528,-100.39177037014403,0.0,-50.0,-0.015416691992070871,-0.010575964378775247,1.4354431114981845e-05,56.13514813151333,8.829000000000008,-0.01540233756095589,-2.7044278328654485,0.6764003415986218,-20.81489088186186,0.015416691992070871,0.010575964378775247,-0.3985773711528721,0.0,-5.551115123125783e-17,0.6918170335906927,-21.202892288635958
0.9999999999999999,0.0,110.0,110.08701768269002,109.97879165018445,0.2033136859,PILOT_DESC_TAUT_ACC,caténaire,,21.29893570929369,0.018652628530504048,21.29893570929369,0.032417562324037946,-0.9994744127054814,0.8275879076576045,0.5613361337905376,19.999738970114546,-100.45822484078674,0.0,-50.0,-0.015436689817874383,-0.010470394384344219,1.7905100240994306e-05,57.313400362533024,8.829000000000008,-0.015418784717633388,-1.5260700318513258,0.6904595757917056,-21.28774125929812,0.015436689817874383,0.010470394384344219,-0.39865099582275115,0.0,0.0,0.70589626560958,-21.675921860736526
1.0999999999999999,0.0,110.0,110.10931591442102,109.99013186005939,0.22298231731,PILOT_DESC_TAUT_ACC,caténaire,,21.57251494353013,0.01861161677552717,21.57251494353013,0.032399714414575766,-0.9994749914359308,0.8332230033980028,0.5529370910044035,19.99968468172395,-100.52506591321716,0.0,-50.0,-0.015507627227797402,-0.01029105323874875,2.1856652886534114e-05,57.982186490233815,8.829000000000008,-0.015485770574910868,-0.8571045630049383,0.6989433233745442,-21.561189188436266,0.015507627227797402,0.01029105323874875,-0.39873174296689,0.0,-5.551115123125783e-17,0.7144509506023417,-21.94962987816441
1.2,0.0,110.0,110.13338432297893,110.01437674177006,0.240684085579,PILOT_DESC_TAUT_ACC,caténaire,,21.731452343636587,0.01857236210004448,21.731452343636587,0.032401071471969335,-0.9994749474436407,0.8363808151524711,0.5481488228983876,19.999625232509985,-100.59212385915356,0.0,-50.0,-0.015533567352542063,-0.010180418423582008,2.6209694247643148e-05,58.35905657322435,8.829000000000008,-0.01550735765829442,-0.48012384519923756,0.7041223405758645,-21.72004218903016,0.015533567352542063,0.010180418423582008,-0.39881890033786294,0.0,-5.551115123125783e-17,0.7196559079284066,-22.10868067094444
1.3,0.0,110.0,110.15904589068103,110.04027810303545,0.2566156770211,PILOT_DESC_TAUT_ACC,caténaire,,21.82547694960934,0.018534816888026197,21.82547694960934,0.03241514625893759,-0.9994744910666864,0.8393916876948025,0.5435269953083023,19.99956061585906,-100.65930320802084,0.0,-50.0,-0.015557971228754438,-0.010074173331738457,3.0964110652476585e-05,58.570556456907305,8.829000000000008,-0.015527007118101961,-0.2685177164244408,0.7074760274926578,-21.814007466498488,0.015557971228754438,0.010074173331738457,-0.3989118269129865,0.0,0.0,0.7230339987214123,-22.202845120079736
1.4000000000000001,0.0,110.0,110.18614130161292,110.06772657428873,0.27095410931899,PILOT_DESC_TAUT_ACC,caténaire,,21.883109068501433,0.018498926708571693,21.883109068501433,0.032435504655363184,-0.9994738305917528,0.8422832727655746,0.5390351458108396,19.999490825415865,-100.72655042766674,0.0,-50.0,-0.015581336530746264,-0.009971571655698976,3.6121155409629456e-05,58.688963003235706,8.829000000000008,-0.015545215375336634,-0.15000856841999877,0.7097896860651985,-21.87159484595225,0.015581336530746264,0.009971571655698976,-0.3990099457718456,0.0,0.0,0.7253710225959448,-22.260633220068392
1.5000000000000002,0.0,110.0,110.21452717145164,110.09583714162464,0.283858698387091,PILOT_DESC_TAUT_ACC,caténaire,,21.920504307663148,0.018464563476737132,21.920504307663148,0.03245884274008342,-0.9994730729379228,0.8451891708676705,0.5344672725696306,19.999415855036972,-100.79383555532385,0.0,-50.0,-0.01560604909533693,-0.00986870488060051,4.1682055987855484e-05,58.75514890496119,8.829000000000008,-0.015564367039349073,-0.08371979991942169,0.7115142021057593,-21.90895380072906,0.01560604909533693,0.00986870488060051,-0.39911273768606675,0.0,0.0,0.7271202512010962,-22.298197833534527
1.6000000000000003,0.0,110.0,110.24407445430649,110.12511999188993,0.2954728285483819,PILOT_DESC_TAUT_ACC,caténaire,,21.946745037100833,0.01843152267707564,21.946745037100833,0.03248332243506488,-0.9994722776363433,0.8480044650519474,0.529989082200719,19.999335698399,-100.86114183682963,0.0,-50.0,-0.015630013527866367,-0.009768505787185059,4.7648442305408874e-05,58.792098910094104,8.829000000000008,-0.015582365085560958,-0.04666959569308915,0.7129031954403063,-21.935163248935282,0.015630013527866367,0.009768505787185059,-0.3992197353501137,0.0,-5.551115123125783e-17,0.7285332089681728,-22.324614478498212
1.7000000000000004,0.0,110.0,110.27466700887584,110.15548357376976,0.30592554569354374,PILOT_DESC_TAUT_ACC,caténaire,,21.9669117144542,0.01839971065789595,21.9669117144542,0.03250795781401593,-0.9994714766709263,0.8507349316471746,0.5255949734113495,19.999250349531994,-100.92845990966006,0.0,-50.0,-0.0156532765888729,-0.009670795434013345,5.4021326200648704e-05,58.81270018039156,8.829000000000008,-0.01559925526267225,-0.025970615042460565,0.7140994393176894,-21.955301689145408,0.0156532765888729,0.009670795434013345,-0.39933051818900384,0.0,-5.551115123125783e-17,0.7297527159065623,-22.3449614119004
1.8000000000000005,0.0,110.0,110.30620030798826,110.1867781366729,0.3153329911241894,PILOT_DESC_TAUT_ACC,caténaire,,21.983833927425255,0.0183691222418748,21.983833927425255,0.03253234744472305,-0.9994706830966759,0.85339115867173,0.521271071805181,19.999159802821595,-100.9957845437557,0.0,-50.0,-0.01567604651377618,-0.009575292039142464,6.08016093634456e-05,58.82416528962081,8.829000000000008,-0.015615244904412734,-0.014410002418344448,0.7151857234940889,-21.972197512527597,0.01567604651377618,0.009575292039142464,-0.39944470768525275,0.0,-1.1102230246251565e-16,0.7308617700078651,-22.362066928173707
1.9000000000000006,0.0,110.0,110.33858027718944,110.21900234064205,0.32379969201177045,PILOT_DESC_TAUT_ACC,caténaire,,21.99907984722869,0.018339561526858353,21.99907984722869,0.0325561157381555,-0.9994699091658756,0.8559734378854142,0.5170198000411828,19.999064052977843,-101.06311281823722,0.0,-50.0,-0.01569817752945602,-0.009481916433459274,6.7990129601674e-05,58.83052695656756,8.829000000000008,-0.015630187399854348,-0.007954959865905664,0.7162045896393013,-21.987418336642502,0.01569817752945602,0.009481916433459274,-0.39956196317312487,0.0,-5.551115123125783e-17,0.7319027671687574,-22.377498383382168
2.0000000000000004,0.0,110.0,110.3717222494705,110.25187031638605,0.3314197228105934,PILOT_DESC_TAUT_ACC,caténaire,,22.013512938411527,0.018310913190910754,22.013512938411527,0.03257945789521521,-0.9994691485600014,0.8585020588918045,0.5128101158114302,19.998963095030607,-101.13044310219111,0.0,-50.0,-0.015719956674585985,-0.009390021514043988,7.558763272850694e-05,58.83403870803418,8.829000000000008,-0.015644369041857478,-0.0043513134798729425,0.7171883179027535,-22.00182703336874,0.015719956674585985,0.009390021514043988,-0.39968197805345757,0.0,0.0,0.7329082745773395,-22.392118989908155
2.1000000000000005,0.0,110.0,110.40571513247532,110.2856181170746,0.34,PILOT_DESC_TAUT_ACC,caténaire,,22.027640341078154,0.018283194257136072,22.027640341078154,0.03260190613769569,-0.9994684165676216,0.8609601502367371,0.5086724090260204,19.998856924286834,-101.19777448516295,0.0,-50.0,-0.01574110167443132,-0.009300156467468108,8.359483419663511e-05,58.83595939479037,8.829000000000008,-0.015657506840234686,-0.002340761677103842,0.718143062834749,-22.015930812418446,0.01574110167443132,0.009300156467468108,-0.3998050742817505,0.0,0.0,0.7338841645091804,-22.40643573023273
2.2000000000000006,0.0,110.0,110.44016013002299,110.31995819009913,0.3444499754765807,PILOT_DESC_TAUT_ACC,caténaire,,22.04166667363699,0.018256380444684982,22.04166667363699,0.032623846201120896,-0.9994677006582282,0.8633689863285898,0.5045730803817653,19.99874553638019,-101.26510645916983,0.0,-50.0,-0.015761992678556762,-0.009211678117596123,9.201228277353398e-05,58.836992323693956,8.829000000000008,-0.01566998039578323,-0.0012193544236467346,0.7190839435771051,-22.02993390897506,0.015761992678556762,0.009211678117596123,-0.39992980772319103,0.0,5.551115123125783e-17,0.7348459362556619,-22.420652038580656
2.3000000000000007,0.0,110.0,110.47516062781588,110.35468263909033,0.3500049779289226,PILOT_DESC_TAUT_ACC,caténaire,,22.055711955498445,0.018230245774276583,22.055711955498445,0.0326454914111397,-0.99946699389751,0.8657429574651453,0.5004888925835452,19.998628927191213,-101.33243874086732,0.0,-50.0,-0.015782706891938676,-0.009124035519093542,0.00010084056510869494,58.83753006618079,8.829000000000008,-0.015681866326829982,-0.0005939693383112399,0.7200195552097957,-22.043956126431404,0.015782706891938676,0.009124035519093542,-0.40005655276173546,0.0,5.551115123125783e-17,0.7358022621017344,-22.434888643674046
2.400000000000001,0.0,110.0,110.51066107582947,110.39007046118567,0.35500448013603036,PILOT_DESC_TAUT_ACC,caténaire,,22.069859553465477,0.018204796962555333,22.069859553465477,0.032666389784083476,-0.9994663110773041,0.8680626532847486,0.4964546605403582,19.998507092829822,-101.39977117228705,0.0,-50.0,-0.015802904353825916,-0.009037856296251551,0.00011008022374036557,58.837791732542485,8.829000000000008,-0.01569282413008555,-0.00024612375377586204,0.7209426346534817,-22.05808111389634,0.015802904353825916,0.009037856296251551,-0.4001851082376733,0.0,0.0,0.7367455390073077,-22.449228365837758
2.500000000000001,0.0,110.0,110.54661147904172,110.42583669597178,0.3595040321224273,PILOT_DESC_TAUT_ACC,caténaire,,22.08414003286912,0.018179962511641026,22.08414003286912,0.0326869840326341,-0.9994656377659265,0.8703479771307431,0.49243720280298026,19.998380029644693,-101.46710366547637,0.0,-50.0,-0.01582289359631951,-0.00895248988629555,0.00011973171316039877,58.83789968611849,8.829000000000008,-0.01570316188315911,-5.280376781513496e-05,0.7218639326288484,-22.072339102463562,0.01582289359631951,0.00895248988629555,-0.4003152931072652,0.0,0.0,0.7376868262251679,-22.463701905684534
2.600000000000001,0.0,110.0,110.58296684193273,110.46200168308324,0.3635536289101846,PILOT_DESC_TAUT_ACC,caténaire,,22.098562288116508,0.018155749370632537,22.098562288116508,0.03270720345063604,-0.9994649762960376,0.872597616709463,0.4884397601679918,19.998247734222872,-101.5344361715711,0.0,-50.0,-0.015842663630388287,-0.008867989868261924,0.00012979541515570242,58.83792224066361,8.829000000000008,-0.015712868215232583,5.425079533694088e-05,0.7227821727239797,-22.086739033468877,0.015842663630388287,0.008867989868261924,-0.4004469444311459,0.0,0.0,0.738624836354368,-22.478317988031762
2.700000000000001,0.0,110.0,110.61968666853464,110.49857769281796,0.36719826601916616,PILOT_DESC_TAUT_ACC,caténaire,,22.113124695797968,0.018132146894113462,22.113124695797968,0.03272703127727527,-0.9994643272392348,0.8748107844980344,0.4844647472478609,19.998110203375887,-101.60176866351627,0.0,-50.0,-0.015862197649072995,-0.008784385962117764,0.00014027166639708102,58.83789751172166,8.829000000000008,-0.015721925982675914,0.00011312575953326132,0.7236969235576682,-22.101279297243025,0.015862197649072995,0.008784385962117764,-0.4005799155638864,0.0,0.0,0.7395591212067413,-22.49307482684479
2.800000000000001,0.0,110.0,110.65673451247636,110.53543877273319,0.37047843941724956,PILOT_DESC_TAUT_ACC,caténaire,,22.12782043806022,0.018109058525509106,22.12782043806022,0.03274663615299847,-0.9994636850934923,0.876996217097832,0.4804972790725168,19.997967434125883,-101.66910112640619,0.0,-50.0,-0.01588157582207473,-0.008701353348072089,0.00015116076366651144,58.837846732401786,8.829000000000008,-0.015730415058408217,0.00014537905370559656,0.7246116847440413,-22.11595295811076,0.01588157582207473,0.008701353348072089,-0.4007140745246007,0.0,5.551115123125783e-17,0.740493260566116,-22.507965679287288
2.9000000000000012,0.0,110.0,110.69407757202391,110.57265906491352,0.3734305954755246,PILOT_DESC_TAUT_ACC,caténaire,,22.142640529572482,0.018086487244266366,22.142640529572482,0.03276589437564242,-0.9994630539273396,0.8791488575282252,0.47654725506167434,19.997819423693098,-101.73643355208073,0.0,-50.0,-0.015900714597495594,-0.008619065849963123,0.00016246296618839575,58.83778169178103,8.829000000000008,-0.0157382516313072,0.00016262593106119994,0.7255234207897908,-22.130751125701796,0.015900714597495594,0.008619065849963123,-0.4008493025304916,0.0,-5.551115123125783e-17,0.7414241353872865,-22.522981362382325
3.0000000000000013,0.0,110.0,110.73168632561672,110.61012442511202,0.3760875359279721,PILOT_DESC_TAUT_ACC,caténaire,,22.157575240553086,0.01806440675895193,22.157575240553086,0.032784984757353614,-0.9994624278953462,0.88127652094276,0.47260098776348847,19.997666169497144,-101.8037659361459,0.0,-50.0,-0.015919737541424037,-0.00853725647764212,0.00017417846905109501,58.8377089719242,8.829000000000008,-0.015745559072372944,0.00017171544654814852,0.7264357665214488,-22.145663946196997,0.015919737541424037,0.00853725647764212,-0.4009854926770413,0.0,-5.551115123125783e-17,0.7423555040628729,-22.538112182396397
3.1000000000000014,0.0,110.0,110.76953420385024,110.64780099374039,0.3784787823351749,PILOT_DESC_TAUT_ACC,caténaire,,22.172614881651008,0.018042790527291037,22.172614881651008,0.03280396096609759,-0.9994618052456705,0.8833814752879039,0.4686546373590754,19.99750766914124,-101.87109827627566,0.0,-50.0,-0.015938666914308973,-0.008455837451513341,0.00018630744268811707,58.83763218695555,8.829000000000008,-0.015752359471620857,0.00017634950403078165,0.7273495930939942,-22.160681696631936,0.015938666914308973,0.008455837451513341,-0.40112254875018394,0.0,0.0,0.7432882600083032,-22.553348407930606
3.2000000000000015,0.0,110.0,110.8075972942604,110.68578450042244,0.3806309041016574,PILOT_DESC_TAUT_ACC,caténaire,,22.18775023840673,0.01802161678361418,22.18775023840673,0.032822657156093706,-0.9994611914312699,0.8854572098988961,0.464720915645145,19.99734392042563,-101.93843057130923,0.0,-50.0,-0.015957370515086132,-0.008375022253087096,0.0001988499680566128,58.837553373334416,8.829000000000008,-0.01575852054702952,0.0001783510813240241,0.7282609191402605,-22.17579528845743,0.015957370515086132,0.008375022253087096,-0.4012603841572602,0.0,1.1102230246251565e-16,0.7442182896553466,-22.568680650361603
3.3000000000000016,0.0,110.0,110.84585407562956,110.72393493184349,0.3825678136914917,PILOT_DESC_TAUT_ACC,caténaire,,22.202972755328496,0.018000907419592056,22.202972755328496,0.03284128389026161,-0.9994605795490081,0.8875131910639349,0.460782308349085,19.997174921330963,-102.00576282070242,0.0,-50.0,-0.015976042786008608,-0.008294499673177799,0.00021180610669544966,58.83747360872234,8.829000000000008,-0.01576423667931316,0.00017910904915652281,0.7291741314654873,-22.190996017751456,0.015976042786008608,0.008294499673177799,-0.4013989209648767,0.0,5.551115123125783e-17,0.7451501742514959,-22.584100439043155
3.4000000000000017,0.0,110.0,110.88428517886179,110.7622514512351,0.38431103232234254,PILOT_DESC_TAUT_ACC,caténaire,,22.218274485045477,0.0179805949949024,22.218274485045477,0.032859844620591994,-0.9994599694892792,0.8895493844830322,0.4568390225953325,19.99700067000036,-102.07309502423314,0.0,-50.0,-0.01599462721035412,-0.008214237443153739,0.00022517591042207552,58.8373934560281,8.829000000000008,-0.015769451299932045,0.00017921858493963327,0.730089047316258,-22.20627593892798,0.01599462721035412,0.008214237443153739,-0.4015380890329795,0.0,0.0,0.7460836745266122,-22.599599790517807
3.5000000000000018,0.0,110.0,110.9228731717708,110.80070663893869,0.38587992909010826,PILOT_DESC_TAUT_ACC,caténaire,,22.233648198136645,0.017960638455792897,22.233648198136645,0.03287837591769132,-0.9994593600527312,0.8915675488087614,0.45288774095921064,19.996821164739313,-102.14042718183867,0.0,-50.0,-0.01601312240307165,-0.00813415297642917,0.00023895938092554055,58.83731319376265,8.829000000000008,-0.01577416302214611,0.00017904078620745167,0.7310062434800368,-22.22162779974721,0.01601312240307165,0.00813415297642917,-0.40167782523552,0.0,1.1102230246251565e-16,0.7470193658831085,-22.615171472006303
3.600000000000002,0.0,110.0,110.96160236538891,110.83931171576539,0.3872919361810974,PILOT_DESC_TAUT_ACC,caténaire,,22.24908744482137,0.017941095344709123,22.24908744482137,0.03289686765211283,-0.9994587515744107,0.8935668118512602,0.4489302315037102,19.996636404026184,-102.20775929355094,0.0,-50.0,-0.016031567368291217,-0.008054300086530405,0.0002531564405954987,58.8372329873334,8.829000000000008,-0.01577841092769572,0.00017868724686564974,0.7319252850525739,-22.237045161271062,0.016031567368291217,0.008054300086530405,-0.40181807275905423,0.0,-5.551115123125783e-17,0.7479568524208652,-22.630808933943584
3.700000000000002,0.0,110.0,111.00045863964522,110.87815526065373,0.3885627425629877,PILOT_DESC_TAUT_ACC,caténaire,,22.264586289837975,0.017921928876651786,22.264586289837975,0.032915164497550886,-0.9994581491718896,0.8955412120845905,0.44497858089807246,19.996446386495425,-102.27509135942994,0.0,-50.0,-0.016049825909090563,-0.007974874478488698,0.00026776700536040415,58.83715288584083,8.829000000000008,-0.01578205890373016,0.00017801136232975523,0.7328425201999331,-22.25252220531929,0.016049825909090563,0.007974874478488698,-0.40195878047148303,0.0,-5.551115123125783e-17,0.7488923461090237,-22.646506111312284
3.800000000000002,0.0,110.0,111.03942928647588,110.91700132068041,0.3897064683066889,PILOT_DESC_TAUT_ACC,caténaire,,22.280139448837396,0.017903150064524368,22.280139448837396,0.032933662235763994,-0.9994575398143439,0.8975062861790148,0.441001662433547,19.99625111095069,-102.34242337957986,0.0,-50.0,-0.016068189725316855,-0.00789531894125251,0.00028279090455884487,58.83707296647465,8.829000000000008,-0.01578539882075801,0.00017764753339122308,0.7337665871737318,-22.268053360255536,0.016068189725316855,0.00789531894125251,-0.4020999023539167,0.0,-5.551115123125783e-17,0.7498347768990486,-22.6622579436682
3.900000000000002,0.0,110.0,111.07850286862349,110.95594122778269,0.39073582147602004,PILOT_DESC_TAUT_ACC,caténaire,,22.295742066510776,0.017884709964038258,22.295742066510776,0.03295218932373521,-0.9994569291464103,0.8994558396722345,0.4370116617202744,19.99605057635089,-102.40975535410008,0.0,-50.0,-0.01608650681799841,-0.007815826820769508,0.0002982279563233633,58.836993220864784,8.829000000000008,-0.015788278861675047,0.0001773940440088495,0.7346935136888304,-22.2836338988353,0.01608650681799841,0.007815826820769508,-0.40224139698935507,0.0,0.0,0.7507800205068288,-22.678059469003884
4.000000000000002,0.0,110.0,111.11766909255633,110.99514203169127,0.39166223932841804,PILOT_DESC_TAUT_ACC,caténaire,,22.311389893360257,0.017866681680271945,22.311389893360257,0.032970485255355224,-0.9994563257601736,0.9013787566977155,0.4330315657940894,19.995844781805303,-102.47708728306954,0.0,-50.0,-0.016104647319277375,-0.007736837143552733,0.000314077945267713,58.836913613222976,8.829000000000008,-0.01579056937400966,0.00017677607941379847,0.7356173515055159,-22.299259765420516,0.016104647319277375,0.007736837143552733,-0.40238322710249746,0.0,-5.551115123125783e-17,0.7517219988247933,-22.69390615537946
4.100000000000001,0.0,110.0,111.15691869409588,111.0342839332324,0.3924960153955762,PILOT_DESC_TAUT_ACC,caténaire,,22.32707895393532,0.01784897715327341,22.32707895393532,0.03298907143644669,-0.9994557124584166,0.9032958891395458,0.4290181076173795,19.995633726581257,-102.54441916658229,0.0,-50.0,-0.016122907687897543,-0.0076575344012032,0.00033034058514003705,58.836834170047695,8.829000000000008,-0.015792567102757508,0.00017663564648273677,0.7365496025785578,-22.314926603020744,0.016122907687897543,0.0076575344012032,-0.40252535914557347,0.0,5.551115123125783e-17,0.7526725102664554,-22.709794427765114
4.200000000000001,0.0,110.0,111.19624333548148,111.07353999123949,0.3932464138560186,PILOT_DESC_TAUT_ACC,caténaire,,22.34280571901878,0.017831610002469935,22.34280571901878,0.03300765011982221,-0.9994550990582656,0.9051957421193323,0.4249949040271322,19.99541741007468,-102.61175100466339,0.0,-50.0,-0.016141097449368282,-0.00757834338164896,0.00034701563482833356,58.8367547707116,8.829000000000008,-0.015794081814539947,0.0001764273299471597,0.7374835138685345,-22.3306311031415,0.016141097449368282,0.00757834338164896,-0.40266776292558987,0.0,5.551115123125783e-17,0.7536246113179028,-22.72572052268544
4.300000000000001,0.0,110.0,111.23563551272852,111.11290271689421,0.39392177247041676,PILOT_DESC_TAUT_ACC,caténaire,,22.358567076587605,0.01781461246081291,22.358567076587605,0.0330262542499283,-0.9994544844715135,0.9070786282486321,0.42096123595240925,19.995195831830994,-102.67908279734189,0.0,-50.0,-0.01615925423373516,-0.007499261279516993,0.00036410274444277304,58.83667542219346,8.829000000000008,-0.015795151489292388,0.0001761609139308007,0.7384197209354583,-22.34637013105262,0.01615925423373516,0.007499261279516993,-0.4028104112688525,0.0,5.551115123125783e-17,0.7545789751691935,-22.741681281041956
4.4,0.0,110.0,111.27508847225087,111.15224124567958,0.3945295952233751,PILOT_DESC_TAUT_ACC,caténaire,,22.374360124354574,0.017797924849923576,22.374360124354574,0.03304508041392824,-0.9994538621969686,0.9089528510861828,0.4168989260028137,19.994968991544404,-102.7464145446538,0.0,-50.0,-0.016177474535755656,-0.007419935755011928,0.00038160151984014594,58.836596136662685,8.829000000000008,-0.01579587301591551,0.00017620090766712337,0.7393625295194864,-22.362140640472028,0.016177474535755656,0.007419935755011928,-0.4029532797190368,0.0,0.0,0.7555400040552421,-22.75767398443605
4.5,0.0,110.0,111.31459613582098,111.19167265020181,0.39507663570103757,PILOT_DESC_TAUT_ACC,caténaire,,22.390182335143855,0.01778159778305217,22.390182335143855,0.03306394947181306,-0.9994532381484016,0.9108106361935991,0.41282439971083507,19.994736889036826,-102.81374624658739,0.0,-50.0,-0.01619566838932044,-0.007340677430688028,0.0003995115929619244,58.836516830670995,8.829000000000008,-0.015796156796358516,0.00017615324029662816,0.7403078573938778,-22.377940237592664,0.01619566838932044,0.007340677430688028,-0.40309634626545054,0.0,1.1102230246251565e-16,0.7565035257831982,-22.773695906427427
4.6,0.0,110.0,111.35415303303408,111.23121460760541,0.39556897213093384,PILOT_DESC_TAUT_ACC,caténaire,,22.406031393686014,0.01776562033562539,22.406031393686014,0.033082823824254017,-0.9994526135679537,0.9126507181351511,0.40874034139951615,19.994499524270534,-102.88107790313167,0.0,-50.0,-0.016213806157424956,-0.0072615257211577095,0.0004178325113655281,58.836437505559545,8.829000000000008,-0.015795973646059426,0.00017597983838157916,0.7412547891980191,-22.393766636105106,0.016213806157424956,0.0072615257211577095,-0.4032395910984709,0.0,5.551115123125783e-17,0.7574685953554441,-22.78974470148242
4.699999999999999,0.0,110.0,111.39375424052587,111.27084008522047,0.39601207491784046,PILOT_DESC_TAUT_ACC,caténaire,,22.421905263455567,0.017750002605975004,22.421905263455567,0.0331017630742201,-0.9994519864812808,0.914474643475968,0.4046432088142607,19.994256897359186,-102.94840951430542,0.0,-50.0,-0.016231927304796494,-0.0071824180109432145,0.00043656373910504247,58.83635821330959,8.829000000000008,-0.015795363565691452,0.00017579529863809285,0.7422045957035148,-22.409617756255752,0.016231927304796494,0.0071824180109432145,-0.4033829963894371,0.0,5.551115123125783e-17,0.7584365230083113,-22.805818334634246
4.799999999999999,0.0,110.0,111.43339532726847,111.31040350221812,0.3964108674260564,PILOT_DESC_TAUT_ACC,caténaire,,22.437801999326958,0.017734684651865198,22.437801999326958,0.033120987231117054,-0.9994513495937839,0.9162914517405851,0.40051214147280323,19.994009008553824,-103.01574108011152,0.0,-50.0,-0.016250139945819034,-0.007102956528263386,0.00045570474445197747,58.836278926129864,8.829000000000008,-0.015794435201367057,0.00017596960159238506,0.7431621535140408,-22.42549149014543,0.016250139945819034,0.007102956528263386,-0.4035265460925545,0.0,0.0,0.7594122934598598,-22.82191507970972
4.899999999999999,0.0,110.0,111.47307230533681,111.35008712900108,0.39676978068345076,PILOT_DESC_TAUT_ACC,caténaire,,22.453719991830294,0.01771974858867949,22.453719991830294,0.03314020989154769,-0.9994507123857305,0.9180893948546252,0.3963733884299855,19.99375585823245,-103.08307260051474,0.0,-50.0,-0.016268313258756852,-0.007023636790222343,0.00047525499192985514,58.83619957743587,8.829000000000008,-0.015793058266826997,0.0001759406456400825,0.7441209933752964,-22.441386441544505,0.016268313258756852,0.007023636790222343,-0.4036702257666081,0.0,5.551115123125783e-17,0.7603893066340532,-22.83803303052089
4.999999999999998,0.0,110.0,111.51278158559832,111.38978451691378,0.3970928026151057,PILOT_DESC_TAUT_ACC,caténaire,,22.469657668812612,0.01770513455721048,22.469657668812612,0.03315960540528757,-0.9994500690726703,0.9198749758922196,0.39221171416377715,19.99349744690627,-103.15040407548614,0.0,-50.0,-0.016286510223982493,-0.0069441611741838495,0.0004952138824980763,58.83612017822993,8.829000000000008,-0.015791296341484417,0.00017601705574321613,0.7450849818897199,-22.45730090913402,0.016286510223982493,0.0069441611741838495,-0.4038140224145042,0.0,5.551115123125783e-17,0.7613714921137025,-22.854170770374342
5.099999999999998,0.0,110.0,111.55251993783368,111.4295293006457,0.39738352235359514,PILOT_DESC_TAUT_ACC,caténaire,,22.4856137010077,0.01769087448216167,22.4856137010077,0.03317911687131989,-0.9994494215334958,0.9216458801483355,0.38803204971445343,19.99323377522019,-103.217735504995,0.0,-50.0,-0.01630472158270562,-0.006864626286554313,0.0005155807736318235,58.8360407254077,8.829000000000008,-0.015789140809073798,0.0001760991211341434,0.7460528049090863,-22.473233606297793,0.01630472158270562,0.006864626286554313,-0.4039579243388587,0.0,0.0,0.7623575264917919,-22.870326904350097
5.1999999999999975,0.0,110.0,111.5922844548455,111.4692732911999,0.39764517011823564,PILOT_DESC_TAUT_ACC,caténaire,,22.50158680766763,0.01767693545359595,22.50158680766763,0.033198827745787016,-0.9994487669892368,0.9234048635208848,0.3838273805058418,19.99296484394534,-103.28506688898354,0.0,-50.0,-0.016322968169995258,-0.006784891830524578,0.0005363550108711652,58.83596117160769,8.829000000000008,-0.015786613159124094,0.00017627977715761745,0.7470263044346311,-22.489183190224686,0.016322968169995258,0.006784891830524578,-0.40410192101202563,0.0,5.551115123125783e-17,0.7633492726046264,-22.886500219406187
5.299999999999997,0.0,110.0,111.63207252015613,111.50906618773354,0.3978806531064121,PILOT_DESC_TAUT_ACC,caténaire,,22.517575955042997,0.017663368003016423,22.517575955042997,0.0332186764853843,-0.9994481074735994,0.9251485960530276,0.37960515700015474,19.992690653986283,-103.3523982274031,0.0,-50.0,-0.016341240109558612,-0.006705105583936559,0.0005575358711331473,58.835881532873934,8.829000000000008,-0.015783704238425466,0.00017642728998623625,0.7480040708856417,-22.50514867316075,0.016341240109558612,0.006705105583936559,-0.4042460029591236,0.0,-5.551115123125783e-17,0.7643453109952003,-22.902689570535937
5.399999999999997,0.0,110.0,111.67188177893571,111.54885613239436,0.3980925877957709,PILOT_DESC_TAUT_ACC,caténaire,,22.533580066437498,0.017650108171102713,22.533580066437498,0.03323870766392468,-0.999447441495966,0.9268800973340225,0.3753575431053345,19.99241120637573,-103.41972952020134,0.0,-50.0,-0.01635953397958771,-0.006625101238648503,0.0005791226115929429,58.83580180269967,8.829000000000008,-0.015780411367994764,0.00017670146101522732,0.7489870804499564,-22.521128945145456,0.01635953397958771,0.006625101238648503,-0.40439016165276,0.0,5.551115123125783e-17,0.7653466144295441,-22.91889400555957
5.4999999999999964,0.0,110.0,111.71171011183733,111.58866849588462,0.3982833290161938,PILOT_DESC_TAUT_ACC,caténaire,,22.549598346301888,0.017637258069817027,22.549598346301888,0.033258915326194655,-0.9994467692435276,0.9285975129126016,0.3710884786847078,19.992126502267876,-103.48706076729816,0.0,-50.0,-0.016377913978229804,-0.006544983265297986,0.0006011144776841482,58.83572193258116,8.829000000000008,-0.015776799500545655,0.00017694931585054974,0.7499751820393535,-22.537123214950615,0.016377913978229804,0.006544983265297986,-0.4045343894182804,0.0,-5.551115123125783e-17,0.7663530960175834,-22.9351126211036
5.599999999999996,0.0,110.0,111.7515556114488,111.62860508953719,0.3984549961145744,PILOT_DESC_TAUT_ACC,caténaire,,22.565629908550903,0.01762473298545422,22.565629908550903,0.03327910988981128,-0.9994460970182142,0.9302945536021485,0.36681336335823317,19.991836542943673,-103.55439196862987,0.0,-50.0,-0.016396193105060197,-0.006464987584685256,0.0006235106542766321,58.83564195122863,8.829000000000008,-0.015772682450783563,0.0001769636439377109,0.7509640774594776,-22.55313073885868,0.016396193105060197,0.006464987584685256,-0.4046786793484967,0.0,-5.551115123125783e-17,0.7673602705645378,-22.95134443062249
5.699999999999996,0.0,110.0,111.79141656109911,111.66844616441428,0.39860949650311694,PILOT_DESC_TAUT_ACC,caténaire,,22.581674022055026,0.017612524735413367,22.581674022055026,0.03329968796342204,-0.9994454116066264,0.9319841152729254,0.3624991156940144,19.99154132981145,-103.62172312413477,0.0,-50.0,-0.01641459328325674,-0.0063845246417263,0.0006463102841258488,58.83556186209444,8.829000000000008,-0.01576828299913089,0.0001773374527047622,0.7519626986261458,-22.569150487739446,0.01641459328325674,0.0063845246417263,-0.40482302522693947,0.0,1.1102230246251565e-16,0.7683772919094026,-22.967588988324657
5.799999999999995,0.0,110.0,111.83129141578439,111.70835867237209,0.39874854685280525,PILOT_DESC_TAUT_ACC,caténaire,,22.59773010312307,0.01760071985806449,22.59773010312307,0.03332034163803481,-0.999444723250428,0.9336560220532991,0.3581709542712944,19.99124086440179,-103.68905423372013,0.0,-50.0,-0.016433018087954998,-0.00630406662742468,0.0006695124931837626,58.83548161093797,8.829000000000008,-0.015763505594771236,0.00017754431053873532,0.7529640872801643,-22.585182109003703,0.016433018087954998,0.00630406662742468,-0.40496742145878567,0.0,0.0,0.7693971053681192,-22.983845463835063
5.899999999999995,0.0,110.0,111.87117878500113,111.74834944310301,0.3988736921675247,PILOT_DESC_TAUT_ACC,caténaire,,22.613797544708348,0.017589270522500103,22.613797544708348,0.033341072321765704,-0.9994440318979521,0.935309679274562,0.35383019070638366,19.990935148381137,-103.7563852973394,0.0,-50.0,-0.016451414971073077,-0.006223614943362384,0.0006931163076593655,58.835401278524714,8.829000000000008,-0.015758298663413713,0.00017766358133997073,0.7539682594078887,-22.60122499460732,0.016451414971073077,0.006223614943362384,-0.40511186300869517,0.0,5.551115123125783e-17,0.7704196743789617,-23.000113242672654
5.999999999999995,0.0,110.0,111.91107741729621,111.78833535028573,0.39898632295077224,PILOT_DESC_TAUT_ACC,caténaire,,22.629875793874383,0.017578170785395236,22.629875793874383,0.033362021751352576,-0.9994433328131528,0.9369497530583683,0.34946410437105335,19.990624183533612,-103.82371631492113,0.0,-50.0,-0.016469862776593888,-0.006142939709999562,0.0007171207955156822,58.83532082124366,8.829000000000008,-0.015752741981078205,0.00017788153365216886,0.7549784084656443,-22.617278484577504,0.016469862776593888,0.006142939709999562,-0.40525634534486177,0.0,0.0,0.7714482712422382,-23.01639189021237
6.099999999999994,0.0,110.0,111.95098618636179,111.82824119474604,0.39908769065569505,PILOT_DESC_TAUT_ACC,caténaire,,22.64596438266666,0.017567446182451516,22.64596438266666,0.03338333190566154,-0.9994426212398971,0.9385802752618067,0.34506096112059864,19.990307971756533,-103.8910472863633,0.0,-50.0,-0.016488458473572318,-0.006061839864151112,0.0007415250091379074,58.83524018577326,8.829000000000008,-0.01574693346443441,0.0001783459090987094,0.7559977453103507,-22.633342003117715,0.016488458473572318,0.006061839864151112,-0.4054008643886596,0.0,0.0,0.772486203783923,-23.032681027642223
6.199999999999994,0.0,110.0,111.9909040785208,111.86826050361758,0.3991789215901255,PILOT_DESC_TAUT_ACC,caténaire,,22.662062888503385,0.01755709837420371,22.662062888503385,0.033404663270489,-0.9994419085028331,0.9401898381231788,0.3406509478776048,19.989986515064714,-103.95837821156758,0.0,-50.0,-0.016507005478355312,-0.005980842203152848,0.0007663279453640202,58.83515937847177,8.829000000000008,-0.01574067753299129,0.00017853626861352723,0.7570185798051009,-22.64941538389705,0.016507005478355312,0.005980842203152848,-0.4055454164693254,0.0,1.1102230246251565e-16,0.7735255852834562,-23.048979958163223
6.299999999999994,0.0,110.0,112.03083018146391,111.90822321001157,0.39926102943111297,PILOT_DESC_TAUT_ACC,caténaire,,22.678170915607406,0.017547109804146265,22.678170915607406,0.033426322318239325,-0.9994411843506736,0.9417879326255514,0.3362075102684198,19.989659815600273,-104.0257090904579,0.0,-50.0,-0.016525656266000454,-0.005899470099658595,0.0007915285171312065,58.83507843830638,8.829000000000008,-0.01573412774886925,0.00017896820671836622,0.7580478506132138,-22.665497998801666,0.016525656266000454,0.005899470099658595,-0.4056899982831726,0.0,0.0,0.7745735068792142,-23.065288526985178
6.399999999999993,0.0,110.0,112.07076367411271,111.94823270423774,0.3993349264880017,PILOT_DESC_TAUT_ACC,caténaire,,22.694288121975692,0.017537497038602447,22.694288121975692,0.033448110563429584,-0.9994404554047914,0.9433684435829269,0.3317468608019164,19.989327875616027,-104.0930399229325,0.0,-50.0,-0.01654432128564658,-0.005818009588879267,0.000817125679695781,58.834997320374875,8.829000000000008,-0.0157271956059508,0.00017931078598820704,0.7590810582621697,-22.681589655714934,0.01654432128564658,0.005818009588879267,-0.40583460685688294,0.0,0.0,0.7756253795478162,-23.081606252982937
6.499999999999993,0.0,110.0,112.11070381749664,111.98822009177076,0.3994014338392015,PILOT_DESC_TAUT_ACC,caténaire,,22.71041418141238,0.01752826417362227,22.71041418141238,0.0334701610126679,-0.9994397172024864,0.9449349763054591,0.32725814054749086,19.988990697475145,-104.16037070887035,0.0,-50.0,-0.01656306989157759,-0.005736267140484826,0.0008431183558731399,58.83491599092628,8.829000000000008,-0.01571995153570445,0.000179723785784347,0.7601212193162488,-22.697689927022125,0.01656306989157759,0.005736267140484826,-0.4059792395144703,0.0,5.551115123125783e-17,0.7766842892078264,-23.09793289939611
6.5999999999999925,0.0,110.0,112.15064994654217,112.02826429550305,0.39946129045528134,PILOT_DESC_TAUT_ACC,caténaire,,22.72654884182501,0.017519426345536635,22.72654884182501,0.03349233991776341,-0.9994389742084471,0.9464828768720891,0.32275402985545204,19.98864828366167,-104.22770144816735,0.0,-50.0,-0.016581837048672186,-0.005654465453777725,0.0008695053809822859,58.834834479664174,8.829000000000008,-0.0157123316676899,0.00018001421038604803,0.7611652989680556,-22.713798661771758,0.016581837048672186,0.005654465453777725,-0.40612389384754677,0.0,1.1102230246251565e-16,0.7777471360167278,-23.114268090165528
6.699999999999992,0.0,110.0,112.19060146268316,112.06840280056716,0.3995151614097532,PILOT_DESC_TAUT_ACC,caténaire,,22.742691872948782,0.017510977459877036,22.742691872948782,0.03351457794189893,-0.9994382287392134,0.9480099246205238,0.3182407623498107,19.988300636788132,-104.29503214076195,0.0,-50.0,-0.01660058042176972,-0.00557270681632162,0.0008962855138229979,58.83475286084678,8.829000000000008,-0.015704294907946722,0.00018015403044557843,0.7622117193845334,-22.729915682261634,0.01660058042176972,0.00557270681632162,-0.4062685676885635,0.0,0.0,0.7788122998063031,-23.130611543133877
6.799999999999992,0.0,110.0,112.23055782721003,112.10846427945614,0.39956364526877786,PILOT_DESC_TAUT_ACC,caténaire,,22.758843000654263,0.017502895139982478,22.758843000654263,0.03353718147042224,-0.9994374705097964,0.9495252297090587,0.3136906727111267,19.987947759582852,-104.36236278657262,0.0,-50.0,-0.01661944052836543,-0.005490494950853414,0.0009234575399998436,58.83467109963028,8.829000000000008,-0.015695982988365588,0.00018060467941438674,0.763267447769791,-22.74604048030348,0.01661944052836543,0.005490494950853414,-0.4064132590867264,0.0,0.0,0.7798868882981564,-23.146963244439355
6.8999999999999915,0.0,110.0,112.27051855528423,112.14848431346161,0.39960728074190005,PILOT_DESC_TAUT_ACC,caténaire,,22.77500204526374,0.01749522610351782,22.77500204526374,0.03356011165971234,-0.9994367007996993,0.9510264578089448,0.3091094895783227,19.987589654869822,-104.42969338546222,0.0,-50.0,-0.01663842290979514,-0.00540794041091574,0.0009510203164239254,58.83458909878454,8.829000000000008,-0.015687402593371213,0.00018115837361420972,0.7643316116892279,-22.762172904824794,0.01663842290979514,0.00540794041091574,-0.406557966286321,0.0,0.0,0.780970034599023,-23.1633229307002
6.999999999999991,0.0,110.0,112.310483210551,112.1886261337116,0.39964655266771004,PILOT_DESC_TAUT_ACC,caténaire,,22.79116879518372,0.017487952378371942,22.79116879518372,0.03358303521937666,-0.9994359307856877,0.9525047170957351,0.30452383143257256,19.987226325585148,-104.49702393730394,0.0,-50.0,-0.016657357132744854,-0.005325498262172193,0.0009789725820600235,58.83450687639019,8.829000000000008,-0.01567838455068483,0.0001813781280119997,0.7653966243394131,-22.77831299850816,0.016657357132744854,0.005325498262172193,-0.40670268770720397,0.0,0.0,0.782053981472158,-23.179690187953188
7.099999999999991,0.0,110.0,112.35045140029109,112.22869823674418,0.39968189740093907,PILOT_DESC_TAUT_ACC,caténaire,,22.807343109265524,0.0174810816125454,22.807343109265524,0.033606334198513575,-0.9994351476217643,0.9539698703287076,0.2999024616521664,19.98685777477845,-104.56435444198581,0.0,-50.0,-0.01667642515912549,-0.005242619407944788,0.0010073130338249627,58.83442445837578,8.829000000000008,-0.015669112125300526,0.00018183896782630882,0.7664711947101429,-22.794460327269018,0.01667642515912549,0.005242619407944788,-0.40684742192724666,0.0,-5.551115123125783e-17,0.7831476198692684,-23.19606512978832
7.19999999999999,0.0,110.0,112.39042277105717,112.2688682436646,0.3997137076608452,PILOT_DESC_TAUT_ACC,caténaire,,22.82352486179863,0.017474624830076207,22.82352486179863,0.03362970327891608,-0.999434361555261,0.955412876502567,0.29527315389837056,19.986484005615218,-104.63168489941282,0.0,-50.0,-0.01669548157470629,-0.005159787586767379,0.0010360403208356384,58.83434187434539,8.829000000000008,-0.015659441253870653,0.00018208675861330903,0.7675483688812521,-22.81061499869234,0.01669548157470629,0.005159787586767379,-0.40699216766653284,0.0,-5.551115123125783e-17,0.7842438504559583,-23.212447378772108
7.29999999999999,0.0,110.0,112.43039700474665,112.30899059408819,0.3997423368947607,PILOT_DESC_TAUT_ACC,caténaire,,22.83971389424549,0.017468574675431125,22.83971389424549,0.03365339500770119,-0.9994335640774006,0.9568410727431842,0.2906117022965049,19.986105021371934,-104.69901530948232,0.0,-50.0,-0.01671464973173394,-0.0050765722231206544,0.0010651530841709817,58.8342591110125,8.829000000000008,-0.015649496647562957,0.00018253878937457557,0.7686339135459247,-22.826776659833897,0.01671464973173394,0.0050765722231206544,-0.4071369237731384,0.0,0.0,0.7853485632776587,-23.228837011383913
7.39999999999999,0.0,110.0,112.47037381506718,112.34911304335397,0.3997681032052846,PILOT_DESC_TAUT_ACC,caténaire,,22.855910094721015,0.01746294231796304,22.855910094721015,0.03367734392677015,-0.9994327573709189,0.958251656298478,0.2859261499080207,19.985720825426252,-104.76634567207158,0.0,-50.0,-0.016733893400032864,-0.004993111863041019,0.0010946499870122326,58.83417613323559,8.829000000000008,-0.015639243413020632,0.0001830213725355634,0.7697263450192574,-22.842945248188844,0.016733893400032864,0.004993111863041019,-0.4072816892103312,0.0,0.0,0.7864602384192902,-23.245233825536136
7.499999999999989,0.0,110.0,112.51035294435565,112.38923851068469,0.3997912928847561,PILOT_DESC_TAUT_ACC,caténaire,,22.872113347400887,0.01745773078413632,22.872113347400887,0.03370153798125433,-0.9994319418238032,0.959644215455377,0.28121696204716073,19.98533142126136,-104.83367598705348,0.0,-50.0,-0.01675321036197368,-0.004909410015352013,0.0011245296365587506,58.83409293336584,8.829000000000008,-0.015628680725414932,0.00018352335047921997,0.7708253966889852,-22.859120656406997,0.01675321036197368,0.004909410015352013,-0.4074264630450528,0.0,1.1102230246251565e-16,0.7875786070509588,-23.261637709436698
7.599999999999989,0.0,110.0,112.55033416071528,112.42947471742501,0.3998121635962805,PILOT_DESC_TAUT_ACC,caténaire,,22.88832356028641,0.01745294457883442,22.88832356028641,0.03372575703105174,-0.9994311248468714,0.9610132123170347,0.27650245162040427,19.98493681246833,-104.9010062543089,0.0,-50.0,-0.01677251033409684,-0.004825781964042761,0.0011547905941646465,58.834009525361125,8.829000000000008,-0.015617719739932194,0.00018374339707349918,0.7719260392423165,-22.875302961716194,0.01677251033409684,0.004825781964042761,-0.40757124443755005,0.0,5.551115123125783e-17,0.7886985495764134,-23.2780484241897
7.699999999999989,0.0,110.0,112.59031725543893,112.46959205924104,0.39983094723665247,PILOT_DESC_TAUT_ACC,caténaire,,22.904540654472648,0.01744858928173734,22.904540654472648,0.03375047678834083,-0.9994302903737508,0.9623696329864517,0.2717437938675366,19.984537002740154,-104.96833647371243,0.0,-50.0,-0.0167919924631969,-0.00474154584905574,0.0011854314238060493,58.83392589826956,8.829000000000008,-0.01560656103939085,0.00018435242049719136,0.773039167706388,-22.891491717176976,0.0167919924631969,0.00474154584905574,-0.4077160326320454,0.0,0.0,0.7898311601695849,-23.294466203959967
7.799999999999988,0.0,110.0,112.63030204069024,112.50978453866836,0.3998478525129872,PILOT_DESC_TAUT_ACC,caténaire,,22.92076453847566,0.017444669106006932,22.92076453847566,0.033775305829715795,-0.9994294515953135,0.9637037363839923,0.2669739846493149,19.98413199587029,-105.03566664512731,0.0,-50.0,-0.01681149279744128,-0.004657272822119472,0.001216450667356262,58.833842032223465,8.829000000000008,-0.015595042130085019,0.00018475940133555468,0.7741558321379199,-22.907687132834038,0.01681149279744128,0.004657272822119472,-0.4078608269483393,0.0,5.551115123125783e-17,0.7909673249353613,-23.31089068696026
7.899999999999988,0.0,110.0,112.6702883474164,112.55002797891673,0.3998630672616885,PILOT_DESC_TAUT_ACC,caténaire,,22.936995152680048,0.017441188239200153,22.936995152680048,0.03380028121471316,-0.9994286072500658,0.9650165340701944,0.2621890328963998,19.98372179575605,-105.10299676842766,0.0,-50.0,-0.01683103502465877,-0.00457288827699995,0.0012478468156772215,58.83375794624707,8.829000000000008,-0.015583188208981549,0.00018505797006440616,0.7752768863810982,-22.92388911994453,0.01683103502465877,0.00457288827699995,-0.4080056267742515,0.0,0.0,0.7921079214057569,-23.32732185844178
7.999999999999988,0.0,110.0,112.71027602346996,112.59020545353206,0.3998767605355197,PILOT_DESC_TAUT_ACC,caténaire,,22.95323245716427,0.017438150496294835,22.95323245716427,0.033825681664543056,-0.9994277478937279,0.9663131986228104,0.25736900001234186,19.983306406401393,-105.17032684350352,0.0,-50.0,-0.01685071498414061,-0.004488039355296124,0.0012796183111783187,58.83367366815626,8.829000000000008,-0.01557109667296229,0.00018562880095629453,0.7764087342682959,-22.940097421544905,0.01685071498414061,0.004488039355296124,-0.40815043155882064,0.0,-5.551115123125783e-17,0.7932594492524365,-23.34375981374843
8.099999999999987,0.0,110.0,112.75026493191815,112.63033691368537,0.3998890844819677,PILOT_DESC_TAUT_ACC,caténaire,,22.969476369455656,0.01743556993643284,22.969476369455656,0.03385141920817619,-0.9994268764735079,0.9675924747645327,0.25251693562818145,19.982885831907396,-105.23765687021773,0.0,-50.0,-0.016870526263723137,-0.004402776691278867,0.0013117636234883667,58.83358915044179,8.829000000000008,-0.01555876264023477,0.0001863737505019003,0.7775493735747403,-22.956312022157118,0.016870526263723137,0.004402776691278867,-0.40829524080618057,0.0,-5.551115123125783e-17,0.7944198998384634,-23.360204486272018
8.199999999999987,0.0,110.0,112.79025494952153,112.67055264743087,0.3999001760337709,PILOT_DESC_TAUT_ACC,caténaire,,22.98572682107445,0.01743344062745864,22.98572682107445,0.033877271827507514,-0.9994260004890434,0.9688480644851082,0.24765586595810635,19.982460076453194,-105.30498684838841,0.0,-50.0,-0.016890355209229352,-0.004317493835222502,0.0013442813135021783,58.83350431489838,8.829000000000008,-0.015546073895727174,0.00018682106314571456,0.7786937156703694,-22.97253302512017,0.016890355209229352,0.004317493835222502,-0.4084400540700525,0.0,0.0,0.7955840708795987,-23.376655585355
8.299999999999986,0.0,110.0,112.83024596536455,112.71083725541212,0.39991015843039385,PILOT_DESC_TAUT_ACC,caténaire,,23.00198379758132,0.01743176980583356,23.00198379758132,0.033903248852300324,-0.9994251196149009,0.9700805654178474,0.24278322964856872,19.982029144331072,-105.37231677789464,0.0,-50.0,-0.016910221109476778,-0.004232141371950675,0.0013771696945849426,58.83341926811898,8.829000000000008,-0.015533051414891835,0.00018712674702214827,0.7798419807859795,-22.988760408277724,0.016910221109476778,0.004232141371950675,-0.4085848709487851,0.0,0.0,0.7967522018954564,-23.39311313785456
8.399999999999986,0.0,110.0,112.87023787962329,112.75111309614681,0.39991914258735445,PILOT_DESC_TAUT_ACC,caténaire,,23.018247274374378,0.017430559397823276,23.018247274374378,0.03392953404665292,-0.9994242276027617,0.9712931827633056,0.23788558829304518,19.98159303993473,-105.43964665862417,0.0,-50.0,-0.016930183514856617,-0.004146478876628058,0.0014104271220824964,58.83333402522865,8.829000000000008,-0.015519756392774121,0.00018754635201645442,0.7809984045901612,-23.004994002960988,0.016930183514856617,0.004146478876628058,-0.40872969108089235,0.0,-5.551115123125783e-17,0.7979285881050179,-23.409577215165253
8.499999999999986,0.0,110.0,112.91023060245615,112.79129924572189,0.399927228328619,PILOT_DESC_TAUT_ACC,caténaire,,23.034517217921856,0.017429831162891082,23.034517217921856,0.033956277652148745,-0.9994233193237039,0.9724891000421633,0.23294838548310154,19.98115176775564,-105.50697649045293,0.0,-50.0,-0.0169503208214868,-0.004060251028638528,0.0014440519448543025,58.83324856556503,8.829000000000008,-0.015506268876632498,0.00018831453638057383,0.7821664622349553,-23.021233656954468,0.0169503208214868,0.004060251028638528,-0.4088745141410368,0.0,5.551115123125783e-17,0.7991167830564422,-23.426047920066868
8.599999999999985,0.0,110.0,112.95022405300573,112.83154770430029,0.3999345054957571,PILOT_DESC_TAUT_ACC,caténaire,,23.050793552828136,0.017429579409379777,23.050793552828136,0.03398316903070288,-0.9994224053034988,0.9736614348923951,0.22799870658247678,19.98070533236008,-105.57430627319889,0.0,-50.0,-0.01697050929730766,-0.003973921561615159,0.0014780426348222789,58.833162787851215,8.829000000000008,-0.01549246666248538,0.00018886628959080554,0.7833390135975947,-23.03747953672188,0.01697050929730766,0.003973921561615159,-0.4090193398364147,0.0,5.551115123125783e-17,0.8003095228949024,-23.442524954996678
8.699999999999985,0.0,110.0,112.99021815850035,112.87177877281798,0.3999410549461814,PILOT_DESC_TAUT_ACC,caténaire,,23.067076263136343,0.017429811142960307,23.067076263136343,0.034010389976969424,-0.9994214793437324,0.9748133048478524,0.2230224667866628,19.98025373840211,-105.6416360066889,0.0,-50.0,-0.01699081180314306,-0.0038872394767286702,0.0015123975549382496,58.833076707609806,8.829000000000008,-0.01547841424820481,0.00018946813307252341,0.7845202593377616,-23.05373148303842,0.01699081180314306,0.0038872394767286702,-0.4091641679035028,0.0,-5.551115123125783e-17,0.8015110711409047,-23.45900841146519
8.799999999999985,0.0,110.0,113.03021285344552,112.91213362813926,0.3999469494515632,PILOT_DESC_TAUT_ACC,caténaire,,23.083365335848868,0.017430505507245248,23.083365335848868,0.03403764965426706,-0.999420551322622,0.9759386493278324,0.2180452997616926,19.97979699064126,-105.70896569080233,0.0,-50.0,-0.017011104001842272,-0.0038006397983251236,0.0015471149223821466,58.832990416606876,8.829000000000008,-0.015463989079460125,0.00018977680853993206,0.7857035021430765,-23.069989710335577,0.017011104001842272,0.0038006397983251236,-0.40930899810512994,0.0,0.0,0.8027146061449187,-23.47549806864238
8.899999999999984,0.0,110.0,113.07020807889616,112.95248984328771,0.3999522545064069,PILOT_DESC_TAUT_ACC,caténaire,,23.09966078259585,0.017431708334568537,23.09966078259585,0.03406520111626596,-0.9994196126116939,0.9770423350184891,0.21304524303916883,19.979335093935006,-105.7762953254168,0.0,-50.0,-0.017031517014568103,-0.003713742538726059,0.0015821929746994044,58.83290391178818,8.829000000000008,-0.015449324039868699,0.00019016924944281755,0.7868945902766492,-23.086254030803484,0.017031517014568103,0.003713742538726059,-0.40945383022784226,0.0,-5.551115123125783e-17,0.8039261072912173,-23.491994118492602
8.999999999999984,0.0,110.0,113.11020378180173,112.99271928074134,0.39995702905576624,PILOT_DESC_TAUT_ACC,caténaire,,23.115962577742714,0.01743342508749031,23.115962577742714,0.03409331999798927,-0.999418653784046,0.9781290703635382,0.20799885026066997,19.978868053223362,-105.84362491039134,0.0,-50.0,-0.017052139874079282,-0.003626132374303504,0.0016176300272869423,58.83281716069486,8.829000000000008,-0.01543450984679234,0.00019102832055040153,0.7880999092245273,-23.10252420037001,0.017052139874079282,0.003626132374303504,-0.4095986640795312,0.0,5.551115123125783e-17,0.8051520490986066,-23.508496732075237
9.099999999999984,0.0,110.0,113.15019991441675,113.03301232615303,0.39996132615018964,PILOT_DESC_TAUT_ACC,caténaire,,23.132270646700018,0.017435632915861973,23.132270646700018,0.03412159571079291,-0.9994176888099136,0.9791909996162638,0.2029408442637956,19.97839587351922,-105.91095444553712,0.0,-50.0,-0.017072814823825118,-0.003538402064218653,0.0016534244390045139,58.83273007963362,8.829000000000008,-0.015419390384820604,0.00019167756939708624,0.7893099868793401,-23.118800466650335,0.017072814823825118,0.003538402064218653,-0.40974349948729927,0.0,-5.551115123125783e-17,0.8063828017031652,-23.525005564073414
9.199999999999983,0.0,110.0,113.19019643377027,113.07332889908811,0.3999651935351707,PILOT_DESC_TAUT_ACC,caténaire,,23.14858500225719,0.01743836489666,23.14858500225719,0.03415011393820031,-0.9994167147481614,0.980229474651495,0.1978640367132286,19.97791855991819,-105.97828393066867,0.0,-50.0,-0.017093599261434105,-0.0034504252721314116,0.001689574477953481,58.83264267454076,8.829000000000008,-0.015404024783480623,0.00019224926861483027,0.790526815335198,-23.13508277402444,0.017093599261434105,0.0034504252721314116,-0.4098883362955384,0.0,-5.551115123125783e-17,0.807620414596632,-23.541520685047846
9.299999999999983,0.0,110.0,113.23019330118844,113.11362051254586,0.3999686741816536,PILOT_DESC_TAUT_ACC,caténaire,,23.16490563039172,0.017441610134710475,23.16490563039172,0.03417901187540759,-0.9994157268860746,0.9812459971865152,0.19275967681401032,19.97743611759792,-106.04561336561109,0.0,-50.0,-0.01711451012917241,-0.0033620391326827583,0.0017260783931397964,58.83255496384451,8.829000000000008,-0.015388431736032613,0.00019292471181842075,0.7917535846338547,-23.151370998845263,0.01711451012917241,0.0033620391326827583,-0.4100331743642015,0.0,0.0,0.8088680947630271,-23.558042134076782
9.399999999999983,0.0,110.0,113.27019048186477,113.15398601807038,0.39997180676348826,PILOT_DESC_TAUT_ACC,caténaire,,23.181232523043686,0.017445379128390094,23.181232523043686,0.03420805406552106,-0.9994147332499409,0.9822367000613986,0.18764611653986848,19.97694855181957,-106.1129427501964,0.0,-50.0,-0.017135491626389884,-0.0032735576450080768,0.001762934399025544,58.83246695964015,8.829000000000008,-0.01537255722736434,0.00019340199513351308,0.7929848554536937,-23.16766531842256,0.017135491626389884,0.0032735576450080768,-0.41017801356724615,0.0,-5.551115123125783e-17,0.8101203470800835,-23.5745697743448
9.499999999999982,0.0,110.0,113.31018794447348,113.19429250481112,0.3999746260871394,PILOT_DESC_TAUT_ACC,caténaire,,23.197565691834853,0.01744967266834037,23.197565691834853,0.03423755404345364,-0.9994137230862509,0.9832060842271063,0.1824987559924742,19.976455867932287,-106.18027208428144,0.0,-50.0,-0.017156624335283695,-0.003184543554447995,0.0018001406532457988,58.83237870533974,8.829000000000008,-0.015356483682037897,0.00019416178528786077,0.7942279090507618,-23.18396549461455,0.017156624335283695,0.003184543554447995,-0.4103228537912343,0.0,0.0,0.8113845333860454,-23.59110380485134
9.599999999999982,0.0,110.0,113.35018566082132,113.23468181812746,0.3999771634784255,PILOT_DESC_TAUT_ACC,caténaire,,23.21390510329825,0.017454501664477654,23.21390510329825,0.034267179805266924,-0.9994127077379963,0.9841488983312862,0.17734414541595628,19.97595807136131,-106.2476013676879,0.0,-50.0,-0.017177828584017285,-0.003095453681348176,0.0018376953757988927,58.83229013947754,8.829000000000008,-0.015340133208218393,0.00019468579618830972,0.7954750601571245,-23.200271756460193,0.017177828584017285,0.003095453681348176,-0.41046769493407154,0.0,0.0,0.8126528887411418,-23.607643997712916
9.699999999999982,0.0,110.0,113.39018360553439,113.27508415236659,0.3999794471305829,PILOT_DESC_TAUT_ACC,caténaire,,23.23025076614334,0.01745985885107185,23.23025076614334,0.03429711192632509,-0.999411680997132,0.9850673430494248,0.17216947946005617,19.975455167613415,-106.314930600264,0.0,-50.0,-0.01719913676844333,-0.003006054809835095,0.0018755967242491238,58.83220130842091,8.829000000000008,-0.015323540044194206,0.00019525361106786931,0.7967305106030173,-23.216583968176227,0.01719913676844333,0.003006054809835095,-0.41061253690387295,0.0,0.0,0.8139296473714606,-23.624190450270266
9.799999999999981,0.0,110.0,113.43018175577615,113.31543758080052,0.3999815024175246,PILOT_DESC_TAUT_ACC,caténaire,,23.246602693419813,0.017465788324102005,23.246602693419813,0.03432746999864725,-0.9994106387283919,0.9859631762493509,0.16696291528447643,19.974947162275228,-106.38225978184254,0.0,-50.0,-0.01722062413173044,-0.002916138936333641,0.0019138428456120498,58.83211218522466,8.829000000000008,-0.01530678128611839,0.000196046288316154,0.7979970565288409,-23.23290204609585,0.01722062413173044,0.002916138936333641,-0.4107573796179422,0.0,0.0,0.8152176806605713,-23.640743286777457
9.89999999999998,0.0,110.0,113.47018009099372,113.35579995080957,0.39998335217577213,PILOT_DESC_TAUT_ACC,caténaire,,23.262960844120865,0.01747227889777884,23.262960844120865,0.034358139312971436,-0.9994095848364426,0.9868341391156656,0.16173553065372862,19.974434060993595,-106.44958891221427,0.0,-50.0,-0.017242241304478396,-0.0028258882992622057,0.0019524320133866722,58.832022696452896,8.829000000000008,-0.015289809291091723,0.00019680815362477233,0.7992720495145043,-23.249226039289255,0.017242241304478396,0.0028258882992622057,-0.4109022230018523,0.0,5.551115123125783e-17,0.8165142908189826,-23.657302373991843
9.99999999999998,0.0,110.0,113.51017859268954,113.39620136684074,0.39998501695819494,PILOT_DESC_TAUT_ACC,caténaire,,23.27932520882097,0.01747932210303548,23.27932520882097,0.03438906119322677,-0.9994085213116048,0.9876790274942986,0.15649325432080563,19.973915869486987,-106.51691799118225,0.0,-50.0,-0.017263959855985684,-0.0027353959992256105,0.0019913623966492933,58.83193286356372,8.829000000000008,-0.01527259745933639,0.00019746756449023906,0.800554139143171,-23.265555984079732,0.017263959855985684,0.0027353959992256105,-0.4110470669886194,0.0,0.0,0.8178180989991567,-23.673867655069127
10.09999999999998,0.0,110.0,113.55017724421577,113.43657629093869,0.39998651526237544,PILOT_DESC_TAUT_ACC,caténaire,,23.295695824197026,0.01748696020043819,23.295695824197026,0.03442036887435636,-0.9994074435416984,0.9884995988550594,0.15122348714200037,19.973392593548866,-106.58424701856083,0.0,-50.0,-0.01728585314332754,-0.0026444391010236367,0.0020306321182041245,58.83184270627674,8.829000000000008,-0.015255221025123417,0.00019826717570481378,0.8018464434536646,-23.28189180918577,0.01728585314332754,0.0026444391010236367,-0.41119191151795753,0.0,-5.551115123125783e-17,0.8191322965969922,-23.690439281602703
10.19999999999998,0.0,110.0,113.59017603058939,113.47691529787521,0.3999878637361379,PILOT_DESC_TAUT_ACC,caténaire,,23.312072616532205,0.01749514024036985,23.312072616532205,0.03445212769647777,-0.9994063492379792,0.9892957155049622,0.14592459451211365,19.97286423903057,-106.65157599413274,0.0,-50.0,-0.017307867281956345,-0.0025529712455085326,0.002070239413770815,58.83175216938503,8.829000000000008,-0.01523762786818553,0.00019919813951219112,0.8031505026543302,-23.298233386859117,0.017307867281956345,0.0025529712455085326,-0.4113367565356099,0.0,0.0,0.8204583699362865,-23.70701717214922
10.29999999999998,0.0,110.0,113.63017493832564,113.5173226633823,0.39998907736252415,PILOT_DESC_TAUT_ACC,caténaire,,23.32845568094444,0.017503975036104527,23.32845568094444,0.034484049625288685,-0.9994052482959255,0.9900641188362419,0.1406166440824699,19.972330811852423,-106.71890491767765,0.0,-50.0,-0.017330057620252404,-0.0024613502276803487,0.0021101824153324455,58.831661247500314,8.829000000000008,-0.015219875204919959,0.00019989727262270662,0.8044596233830358,-23.314581042174773,0.017330057620252404,0.0024613502276803487,-0.41148160199274486,0.0,0.0,0.8217896810032882,-23.723601293939836
10.399999999999979,0.0,110.0,113.67017395528826,113.55776834562157,0.39999016962627176,PILOT_DESC_TAUT_ACC,caténaire,,23.344844923491117,0.017513350575533715,23.344844923491117,0.03451625624271152,-0.9994041365008388,0.9908054564048405,0.13529429980008623,19.971792317996105,-106.7862337889927,0.0,-50.0,-0.01735232331016966,-0.002369456503270271,0.002150459296496891,58.831569971195044,8.829000000000008,-0.01520186401367277,0.00020051469176962655,0.8057766493255826,-23.33093458250763,0.01735232331016966,0.002369456503270271,-0.4116264478454144,0.0,-5.551115123125783e-17,0.8231289726357522,-23.740191573849774
10.499999999999979,0.0,110.0,113.71017307055463,113.59818879383941,0.3999911526636446,PILOT_DESC_TAUT_ACC,caténaire,,23.361240413224888,0.017523330194306748,23.361240413224888,0.03454887802627033,-0.9994030093146238,0.9915211926172628,0.12994508298062227,19.971248763522336,-106.8535626079095,0.0,-50.0,-0.01737475325288512,-0.002277070596196034,0.002191068071514138,58.83147840064452,8.829000000000008,-0.015183685181370981,0.0002013300483199032,0.8071046455788837,-23.347293970299358,0.01737475325288512,0.002277070596196034,-0.4117712940540647,0.0,0.0,0.8244793988317688,-23.756788193757227
10.599999999999978,0.0,110.0,113.75017227429436,113.63862886348956,0.3999920373972801,PILOT_DESC_TAUT_ACC,caténaire,,23.377642137321665,0.017533928364490164,23.377642137321665,0.03458181589167762,-0.9994018701251435,0.9922098299179478,0.12457790098647925,19.970700154549096,-106.92089137421861,0.0,-50.0,-0.017397336080324267,-0.0021843399916954757,0.002232006909732643,58.831386464201366,8.829000000000008,-0.015165329170591624,0.00020212420966458922,0.8084413163743828,-23.36365927115563,0.017397336080324267,0.0021843399916954757,-0.41191614058309794,0.0,-5.551115123125783e-17,0.825838652454707,-23.77339107174703
10.699999999999978,0.0,110.0,113.79017155766012,113.67916732496944,0.3999928336575521,PILOT_DESC_TAUT_ACC,caténaire,,23.39405007402964,0.017545104496584186,23.39405007402964,0.034614882145307016,-0.9994007254020113,0.9928692366796529,0.11920855193803619,19.970146497261847,-106.98822008774269,0.0,-50.0,-0.017419994508988287,-0.002091526500639328,0.0022732738810217826,58.83129421786862,8.829000000000008,-0.015146720627966504,0.00020269136796713383,0.8097822862139469,-23.380030614076198,0.017419994508988287,0.002091526500639328,-0.4120609874004758,0.0,0.0,0.8272022807229351,-23.790000074976035
10.799999999999978,0.0,110.0,113.8301709126893,113.7195416175725,0.3999935502917969,PILOT_DESC_TAUT_ACC,caténaire,,23.41046428554126,0.017556964384120584,23.41046428554126,0.03464870729086103,-0.9993995532734004,0.9935054052125423,0.11378492788353957,19.96958779790552,-107.05554874825624,0.0,-50.0,-0.017442939014747895,-0.0019977179263010333,0.0023148671031753302,58.83120157755688,8.829000000000008,-0.015128071911572564,0.0002038596305737883,0.8111423245728752,-23.396407548892828,0.017442939014747895,0.0019977179263010333,-0.4122058344773638,0.0,0.0,0.8285852635876231,-23.806615665443893
10.899999999999977,0.0,110.0,113.87017033221557,113.7600858677088,0.3999941952626172,PILOT_DESC_TAUT_ACC,caténaire,,23.426884666481808,0.017569407744129167,23.426884666481808,0.03468251110229497,-0.999398380738952,0.9941102153901202,0.10837379598873859,19.969024062767158,-107.12287735551172,0.0,-50.0,-0.017465927716793093,-0.001904063410505218,0.0023567848229448267,58.83110850469893,8.829000000000008,-0.015109142893848265,0.00020444128841745624,0.8125031875374391,-23.412790601440104,0.017465927716793093,0.001904063410505218,-0.41235068178781087,0.0,5.551115123125783e-17,0.8299691152542322,-23.823237219817408
10.999999999999977,0.0,110.0,113.9101698097892,113.80046296622766,0.3999947757363555,PILOT_DESC_TAUT_ACC,caténaire,,23.443311348242148,0.017582556527212464,23.443311348242148,0.03471708249275273,-0.999397180395858,0.9946909163961676,0.10290763255926216,19.968455298203782,-107.19020590930832,0.0,-50.0,-0.017489209264640385,-0.0018093792665548369,0.0023990250413406366,58.831015081001645,8.829000000000008,-0.015090184223299748,0.00020570173508360767,0.8138833739802088,-23.429179260575424,0.017489209264640385,0.0018093792665548369,-0.41249552930846106,0.0,0.0,0.8313725832448492,-23.83986541061733
11.099999999999977,0.0,110.0,113.95016933960547,113.84103476107276,0.39999529816271995,PILOT_DESC_TAUT_ACC,caténaire,,23.45974417378221,0.017596283764001384,23.45974417378221,0.03475158228289433,-0.99939598134515,0.9952394922844633,0.09745949413660852,19.967881510605523,-107.25753440937436,0.0,-50.0,-0.01751251651937808,-0.0017149249143237927,0.0024415860539094107,58.830921182590934,8.829000000000008,-0.01507093046546867,0.00020625767660220617,0.8152632299908432,-23.445574050663236,0.01751251651937808,0.0017149249143237927,-0.41264037701829426,0.0,0.0,0.8327757465102213,-23.856499502767207
11.199999999999976,0.0,110.0,113.99016891644011,113.88152955675801,0.39999576834644796,PILOT_DESC_TAUT_ACC,caténaire,,23.47618328661036,0.01761069244856057,23.47618328661036,0.0347866468202619,-0.9993947614446468,0.995761350656398,0.09197462986577352,19.967302706438105,-107.32486285552834,0.0,-50.0,-0.017536046898573104,-0.0016197369196363314,0.002484465783458461,58.830826967068106,8.829000000000008,-0.015051581115114643,0.00020723014846169008,0.8166576966790499,-23.461974595352764,0.017536046898573104,0.0016197369196363314,-0.412785224898392,0.0,0.0,0.834193743577623,-23.87314008333152
11.299999999999976,0.0,110.0,114.03016853559129,113.92206325807813,0.39999619151180316,PILOT_DESC_TAUT_ACC,caténaire,,23.492628646183825,0.01762579396588484,23.492628646183825,0.03482201336851387,-0.9993935297894233,0.9962538768483382,0.08647666080889327,19.96671889220341,-107.39219124750433,0.0,-50.0,-0.01755976557104282,-0.0015242198062752612,0.0025276624736468695,58.83073228689187,8.829000000000008,-0.015032103097395949,0.00020806708558751552,0.818060628778945,-23.478381066741772,0.01755976557104282,0.0015242198062752612,-0.4129300729317279,0.0,0.0,0.8356203943499878,-23.889786919867227
11.399999999999975,0.0,110.0,114.07016819282735,113.9625288832057,0.39999657236062286,PILOT_DESC_TAUT_ACC,caténaire,,23.509080246698243,0.017641563205397025,23.509080246698243,0.03485796047370913,-0.9993922766319607,0.9967186584258836,0.08094390616783116,19.96613007445148,-107.45951958506434,0.0,-50.0,-0.01758367521061875,-0.0014279770367515196,0.0025711742544204243,58.83063719088803,8.829000000000008,-0.015012500956198327,0.00020921385127081749,0.8194785900126634,-23.494793229271213,0.01758367521061875,0.0014279770367515196,-0.4130749211029781,0.0,0.0,0.8370622652232822,-23.90644017333744
11.499999999999975,0.0,110.0,114.1101678843398,114.00299922836653,0.3999969151245606,PILOT_DESC_TAUT_ACC,caténaire,,23.525538106870602,0.017658053281131257,23.525538106870602,0.034894292864056986,-0.9993910087275738,0.9971540370981191,0.07539115530964287,19.965536259776385,-107.52684786793584,0.0,-50.0,-0.017607799116573723,-0.0013312610373837155,0.002614999279750202,58.83054161868492,8.829000000000008,-0.014992799836823521,0.00021035764752497244,0.8209070164856755,-23.511211259484387,0.017607799116573723,0.0013312610373837155,-0.4132197693983511,0.0,0.0,0.8385148156022493,-23.923099767845358
11.599999999999975,0.0,110.0,114.15016760670102,114.04353121973402,0.39999722361210455,PILOT_DESC_TAUT_ACC,caténaire,,23.542002188262572,0.01767522799794534,23.542002188262572,0.034930873587427205,-0.999389730820974,0.9975588824662404,0.06983033733776065,19.964937454803927,-107.59417609583306,0.0,-50.0,-0.017632080688966354,-0.0012342671336183547,0.0026591358016248507,58.83044554716279,8.829000000000008,-0.014972944887341504,0.00021128002916270816,0.8223427024331346,-23.527635229914512,0.017632080688966354,0.0012342671336183547,-0.4133646178054349,0.0,1.1102230246251565e-16,0.8399747831221009,-23.93976558058633
11.699999999999974,0.0,110.0,114.19016735682611,114.0841333570488,0.3999975012508941,PILOT_DESC_TAUT_ACC,caténaire,,23.55847249837243,0.017693058740214013,23.55847249837243,0.03496770900092399,-0.9993884426624249,0.9979329572259742,0.06426362020787652,19.964333666213296,-107.66150426852812,0.0,-50.0,-0.01765648643099464,-0.0011370200071967635,0.002703581870697838,58.830349077473635,8.829000000000008,-0.0149529045602968,0.00021205746642749546,0.823785810829358,-23.54406514165399,0.01765648643099464,0.0011370200071967635,-0.41350946631305796,0.0,-5.551115123125783e-17,0.8414422972603526,-23.956437587959854
11.799999999999974,0.0,110.0,114.23016713193869,114.12460585889491,0.3999977511258047,PILOT_DESC_TAUT_ACC,caténaire,,23.57494912525089,0.017711660951251092,23.57494912525089,0.03500529167670681,-0.9993871269706393,0.9982786364983706,0.05864950051751683,19.963724900730565,-107.72883238576881,0.0,-50.0,-0.017681172744536372,-0.0010387800681264836,0.00274833558254759,58.8302521671267,8.829000000000008,-0.014932837161988781,0.00021338705856521756,0.8252479703929314,-23.56050067476347,0.017681172744536372,0.0010387800681264836,-0.4136543149111668,0.0,5.551115123125783e-17,0.8429291431374678,-23.973116209606513
11.899999999999974,0.0,110.0,114.27016692954001,114.1651804280944,0.39999797601322423,PILOT_DESC_TAUT_ACC,caténaire,,23.591431980747615,0.017730973295206027,23.591431980747615,0.03504303870602121,-0.999385804100823,0.9985925859949405,0.053036281882663946,19.96311116510254,-107.79616044725074,0.0,-50.0,-0.017706018475067017,-0.0009403848977385336,0.0027933952589366015,58.83015472490625,8.829000000000008,-0.014912623216130415,0.00021434000850462098,0.8267154640318053,-23.576942219969325,0.017706018475067017,0.0009403848977385336,-0.4137991635907127,0.0,0.0,0.8444214825068723,-23.9898009986623
11.999999999999973,0.0,110.0,114.3101667473812,114.20570288109694,0.39999817841190183,PILOT_DESC_TAUT_ACC,caténaire,,23.60792113284034,0.017751024674868165,23.60792113284034,0.0350813579090851,-0.9993844597187084,0.998876368177451,0.04739199401402691,19.962492466124846,-107.86348845273282,0.0,-50.0,-0.01773107905866063,-0.0008412564551341961,0.002838758959786453,58.830056861450856,8.829000000000008,-0.014892320098874177,0.0002156049957164896,0.8281979307506256,-23.59338950642552,0.01773107905866063,0.0008412564551341961,-0.4139440123435518,0.0,0.0,0.8459290098092863,-24.006492262313937
12.099999999999973,0.0,110.0,114.35016658343828,114.24629581925868,0.39999836057071164,PILOT_DESC_TAUT_ACC,caténaire,,23.624416472595986,0.017771751349366448,23.624416472595986,0.03511993352518795,-0.9993831048547831,0.9991284042244922,0.04174244688347618,19.961868810627482,-107.93081640191409,0.0,-50.0,-0.017756261565966967,-0.000741836386727275,0.0028844248663734543,58.82995847210949,8.829000000000008,-0.014871836699593513,0.00021663572275087972,0.8296879360889261,-23.609842684765457,0.017756261565966967,0.000741836386727275,-0.414088861162355,0.0,5.551115123125783e-17,0.8474441976548931,-24.023189709541086
12.199999999999973,0.0,110.0,114.39016643588964,114.28690606251655,0.3999985245136405,PILOT_DESC_TAUT_ACC,caténaire,,23.640918210610426,0.017793350975003192,23.640918210610426,0.035158891783474235,-0.9993817350384977,0.9993490272159186,0.03607661018717482,19.961240205475605,-107.99814429451685,0.0,-50.0,-0.017781767987780858,-0.0006419237870487771,0.0029303911445495365,58.82985959758699,8.829000000000008,-0.014851376843231321,0.00021767379993065106,0.8311884850288173,-23.626301859223062,0.017781767987780858,0.0006419237870487771,-0.4142337100405257,0.0,0.0,0.8489702530165981,-24.03989364547654
12.299999999999972,0.0,110.0,114.43016630309586,114.32754431716201,0.39999867206227646,PILOT_DESC_TAUT_ACC,caténaire,,23.657426194720923,0.017815676676153094,23.657426194720923,0.03519823352924307,-0.9993803501952702,0.9995379024037984,0.03039706660543206,19.96060665755517,-108.06547213024864,0.0,-50.0,-0.017807444094786337,-0.000541544310545868,0.002976656086869853,58.82976021203203,8.829000000000008,-0.014830788007916484,0.0002186677214766064,0.8326996119026192,-23.642766875198955,0.017807444094786337,0.000541544310545868,-0.4143785589721272,0.0,-5.551115123125783e-17,0.8505070559974055,-24.056603889860536
12.399999999999972,0.0,110.0,114.47016618358147,114.36807328589234,0.39999880485604883,PILOT_DESC_TAUT_ACC,caténaire,,23.67394046916684,0.0178387834118975,23.67394046916684,0.03523833330358683,-0.9993789370734132,0.999695533605466,0.0246746851911545,19.95996817377948,-108.13279990880777,0.0,-50.0,-0.017833352101829205,-0.00044016636488175976,0.003023217919990064,58.82966029935326,8.829000000000008,-0.01481013418183914,0.00022013298836753847,0.834230204861774,-23.659237462415216,0.017833352101829205,0.00044016636488175976,-0.4145234079518166,0.0,-5.551115123125783e-17,0.8520635569636033,-24.07332070400215
12.499999999999972,0.0,110.0,114.5101660760185,114.40869887594802,0.39999892437044393,PILOT_DESC_TAUT_ACC,caténaire,,23.690461041492817,0.0178626931747579,23.690461041492817,0.03527863658553994,-0.9993775151566425,0.9998203692306183,0.01895334460062589,19.959324761091022,-108.2001276298735,0.0,-50.0,-0.01785948448543969,-0.0003385577792364346,0.00307007484694958,58.82955982624924,8.829000000000008,-0.014789409638490111,0.0002212684699927081,0.835767165626717,-23.675714088562337,0.01785948448543969,0.0003385577792364346,-0.4146682569747848,0.0,0.0,0.8536266501121568,-24.090043787757885
12.599999999999971,0.0,110.0,114.55016597921185,114.44932423506623,0.39999903193339953,PILOT_DESC_TAUT_ACC,caténaire,,23.706987903237508,0.017887378897238265,23.706987903237508,0.03531940825716003,-0.9993760750590159,0.999912709150768,0.013212648438961234,19.958676426451156,-108.2674552931533,0.0,-50.0,-0.017885817492743792,-0.0002363396488637033,0.003117225163735536,58.82945884199261,8.829000000000008,-0.014768592329008255,0.00022250234373899502,0.8373167843019999,-23.69219652220907,0.017885817492743792,0.0002363396488637033,-0.41481310603670424,0.0,-5.551115123125783e-17,0.8552026017947436,-24.10677328859691
12.69999999999997,0.0,110.0,114.59016589208586,114.48991008829977,0.3999991287400596,PILOT_DESC_TAUT_ACC,caténaire,,23.723521079311233,0.017912891651265177,23.723521079311233,0.03536076220345186,-0.9993746126935539,0.9999722914809672,0.007444210522516982,19.95802317684763,-108.33478289832662,0.0,-50.0,-0.017912395311565927,-0.00013334733651905483,0.0031646670900724446,58.8293572976612,8.829000000000008,-0.014747728221493481,0.0002239503246670438,0.8388817875141023,-23.708684690364024,0.017912395311565927,0.00013334733651905483,-0.4149579551336796,0.0,0.0,0.8567941828256682,-24.123509298161185
12.79999999999997,0.0,110.0,114.63016581367248,114.53049097238626,0.39999921586605364,PILOT_DESC_TAUT_ACC,caténaire,,23.740060640294143,0.01793932985062193,23.740060640294143,0.03540261336057571,-0.99937313100125,0.9999986295713676,0.0016555528945515336,19.957365019276846,-108.40211044502304,0.0,-50.0,-0.01793930526605066,-2.9699509460511868e-05,0.0032123990132491244,58.8292551060883,8.829000000000008,-0.014726906252801535,0.00022540657882785808,0.8404601880049549,-23.7251787322503,0.01793930526605066,2.9699509460511868e-05,-0.41510280426220525,0.0,0.0,0.8583994932710056,-24.140251837003042
12.89999999999997,0.0,110.0,114.67016574310043,114.57108896196367,0.39999929427944825,PILOT_DESC_TAUT_ACC,caténaire,,23.75660649606006,0.01796659539682243,23.75660649606006,0.035444898761168915,-0.9993716321528295,0.9999913953666846,-0.004148396387879549,19.95670196074574,-108.46943793289151,0.0,-50.0,-0.017966440800857113,7.453255944667151e-05,0.003260419301831668,58.82915230112463,8.829000000000008,-0.014706021499025446,0.00022683368406717364,0.8420505121617766,-23.741678608380052,0.017966440800857113,-7.453255944667151e-05,-0.4152476534191264,0.0,5.551115123125783e-17,0.8600169529626337,-24.157000794358623
12.99999999999997,0.0,110.0,114.71016567958557,114.61178709456418,0.39999936485150345,PILOT_DESC_TAUT_ACC,caténaire,,23.77315852078943,0.017994554296492108,23.77315852078943,0.03548741970891208,-0.9993701231487778,0.9999505053971843,-0.009949208808519794,19.95603400827947,-108.5367653615837,0.0,-50.0,-0.01799366366317436,0.000179031578112047,0.0033087262472007548,58.82904888753996,8.829000000000008,-0.014684937415973605,0.0002279191180676321,0.843648054233754,-23.75818435855675,0.01799366366317436,-0.000179031578112047,-0.41539250260160315,0.0,0.0,0.8616417178969283,-24.173755892736466
13.09999999999997,0.0,110.0,114.75016562242222,114.65246945300767,0.3999994283663531,PILOT_DESC_TAUT_ACC,caténaire,,23.78971704122284,0.01802352280786293,23.78971704122284,0.035530477499777474,-0.999368593247075,0.9998756135079677,-0.0157720484422679,19.955361168932708,-108.60409273078909,0.0,-50.0,-0.018021280925086796,0.00028426787482593445,0.003357318025068519,58.82894493136995,8.829000000000008,-0.014663962900018278,0.000229199244770939,0.8452600060592409,-23.774696053232837,0.018021280925086796,-0.00028426787482593445,-0.4155373518070803,0.0,5.551115123125783e-17,0.8632812869843277,-24.190517672914744
13.199999999999969,0.0,110.0,114.79016557097519,114.69309644785615,0.3999994855297178,PILOT_DESC_TAUT_ACC,caténaire,,23.806281902232,0.01805336881445383,23.806281902232,0.035574202075152515,-0.9993670377527549,0.9997661425875278,-0.021625451108705687,19.954683449753222,-108.67142004014855,0.0,-50.0,-0.018049146900336478,0.0003904122446444033,0.003406193170772757,58.8288403477081,8.829000000000008,-0.01464295372956372,0.00023075995273558192,0.8468894830480475,-23.791213424540615,0.018049146900336478,-0.0003904122446444033,-0.4156822010332576,0.0,0.0,0.8649386299483839,-24.207286037818516
13.299999999999969,0.0,110.0,114.83016552467286,114.73380178231872,0.39999953697674606,PILOT_DESC_TAUT_ACC,caténaire,,23.822853070202093,0.018084057848366593,23.822853070202093,0.035618234681523114,-0.9993654693645222,0.9996223573149189,-0.02747986091967635,19.954000857806886,-108.73874728930402,0.0,-50.0,-0.018077228536203572,0.0004969473945364956,0.003455349970750701,58.82873513841864,8.829000000000008,-0.01462187856545287,0.00023208581316680466,0.8485279714379016,-23.807736740104563,0.018077228536203572,-0.0004969473945364956,-0.4158270502780651,0.0,1.1102230246251565e-16,0.8666051999741051,-24.224060737777165
13.399999999999968,0.0,110.0,114.87016548300076,114.77449243086043,0.3999995832790715,PILOT_DESC_TAUT_ACC,caténaire,,23.839430682837605,0.01811573182473765,23.839430682837605,0.03566281855978305,-0.9993638793614525,0.9994435453389515,-0.033355654397823294,19.95331340016881,-108.80607447790773,0.0,-50.0,-0.01810565124132547,0.0006042620899095977,0.0035047867987690814,58.82862932148312,8.829000000000008,-0.014600864442556389,0.00023358357302072363,0.8501812910105625,-23.82426592896903,0.01810565124132547,-0.0006042620899095977,-0.4159718995396396,0.0,0.0,0.868286942251888,-24.240842090598576
13.499999999999968,0.0,110.0,114.91016544549588,114.81511475060842,0.3999996249511643,PILOT_DESC_TAUT_ACC,caténaire,,23.85601456484779,0.018148246011659135,23.85601456484779,0.0357081378761722,-0.999362261089249,0.9992288502141319,-0.0392645501660728,19.952621083907488,-108.87340160555821,0.0,-50.0,-0.01813425099563336,0.0007125827159510207,0.00355450219100286,58.828522803055215,8.829000000000008,-0.014579748804630501,0.00023538577115544967,0.851853857257557,-23.840800656104342,0.01813425099563336,-0.0007125827159510207,-0.41611674881630467,0.0,0.0,0.8699881082531904,-24.257629987636598
13.599999999999968,0.0,110.0,114.95016541174148,114.85579251859208,0.3999996624560479,PILOT_DESC_TAUT_ACC,caténaire,,23.872604903438457,0.018181817973780424,23.872604903438457,0.03575384425262086,-0.9993606269116065,0.9989789084705762,-0.04517898218127525,19.95192391608729,-108.94072867181494,0.0,-50.0,-0.01816325267345787,0.0008214360302606159,0.003604494661970435,58.82841551486802,8.829000000000008,-0.014558758011487436,0.00023695089826958338,0.8535373976218917,-23.85734140231335,0.01816325267345787,-0.0008214360302606159,-0.41626159810655117,0.0,0.0,0.8717006502953496,-24.27442443645016
13.699999999999967,0.0,110.0,114.99016538136252,114.89650903379851,0.3999996962104431,PILOT_DESC_TAUT_ACC,caténaire,,23.8892014681663,0.018216168079826293,23.8892014681663,0.03579999373300046,-0.9993589747676843,0.9986934224964547,-0.051102327366938344,19.951221903767777,-109.00805567630213,0.0,-50.0,-0.01819236724441239,0.0009308885845864559,0.0036547627366642996,58.828307570117126,8.829000000000008,-0.014537604507748091,0.00023845870170191574,0.855233262846739,-23.87388788724533,0.01819236724441239,-0.0009308885845864559,-0.4164064474090208,0.0,5.551115123125783e-17,0.8734256300911514,-24.29122522323894
13.799999999999967,0.0,110.0,115.03016535402146,114.93719767130528,0.3999997265893988,PILOT_DESC_TAUT_ACC,caténaire,,23.905804618754384,0.018251680483651788,23.905804618754384,0.03584676266948905,-0.999357298270302,0.9983713532518353,-0.05704946105003236,19.95051505403402,-109.07538261863274,0.0,-50.0,-0.018221954943583547,0.0010412485348497286,0.003705304625962264,58.82819894906135,8.829000000000008,-0.014516650317621282,0.00024019759619164915,0.8569457045916636,-23.890440316776086,0.018221954943583547,-0.0010412485348497286,-0.41655129672249147,0.0,0.0,0.8751676595352472,-24.30803286203343
13.899999999999967,0.0,110.0,115.07016532941451,114.97788364413566,0.39999975393045895,PILOT_DESC_TAUT_ACC,caténaire,,23.922414124188325,0.01828816149947921,23.922414124188325,0.03589410854635084,-0.9993555988594164,0.9980126140307144,-0.06301446052756692,19.949803373930603,-109.1427094983457,0.0,-50.0,-0.018251815863911114,0.0011524186309307017,0.003756119232160747,58.82808952236713,8.829000000000008,-0.014495696631750366,0.00024194099805185942,0.8586737292643722,-23.906998493241186,0.018251815863911114,-0.0011524186309307017,-0.4166961460458629,0.0,-5.551115123125783e-17,0.8769255451282834,-24.324847057917978
13.999999999999966,0.0,110.0,115.11016530726825,115.0186302076227,0.39999977853741303,PILOT_DESC_TAUT_ACC,caténaire,,23.939029935691472,0.018325534307142566,23.939029935691472,0.03594185243185276,-0.9993538828882222,0.9976178432692452,-0.0689828876665775,19.949086870497545,-109.21003631502336,0.0,-50.0,-0.018281880012248126,0.0012641482745396277,0.003807205089630241,58.82797936595415,8.829000000000008,-0.014474674922617885,0.0002435142286785208,0.8604130813103286,-23.923562518810662,0.018281880012248126,-0.0012641482745396277,-0.4168409953781453,0.0,-5.551115123125783e-17,0.8786949613225767,-24.341667662463347
14.099999999999966,0.0,110.0,115.15016528733662,115.05932360024794,0.39999980068367175,PILOT_DESC_TAUT_ACC,caténaire,,23.955652301623154,0.018364053420822504,23.955652301623154,0.035990348732008175,-0.9993521375361882,0.9971850205958601,-0.07498022872220506,19.948365550778593,-109.27736306825554,0.0,-50.0,-0.018312358988666365,0.0013769409257600636,0.0038585606476156126,58.8278684928126,8.829000000000008,-0.014453798341050752,0.0002454337383497318,0.8621722804381515,-23.940132333700806,0.018312358988666365,-0.0013769409257600636,-0.41698584471844713,0.0,-5.551115123125783e-17,0.8804846394268179,-24.35849511934501
14.199999999999966,0.0,110.0,115.19016526939815,115.10009287733939,0.3999998206153046,PILOT_DESC_TAUT_ACC,caténaire,,23.972280978331916,0.0184035068488615,23.972280978331916,0.03603918250067597,-0.9993503776577477,0.9967159543064272,-0.08097719698179326,19.947639421795937,-109.34468975757541,0.0,-50.0,-0.018343068891447857,0.0014902643992560389,0.003910184628742609,58.827756803981366,8.829000000000008,-0.014432884262705248,0.00024706838061661074,0.863941409135587,-23.956708049013642,0.018343068891447857,-0.0014902643992560389,-0.41713069406596687,0.0,0.0,0.8822844780270349,-24.375329007478864
14.299999999999965,0.0,110.0,115.23016525325353,115.14078144692795,0.39999983855377413,PILOT_DESC_TAUT_ACC,caténaire,,23.988916134761062,0.01844404632728045,23.988916134761062,0.03608888467027637,-0.9993485840302448,0.9962075261391156,-0.0870089930052264,19.946908490560755,-109.41201638254482,0.0,-50.0,-0.0183740977636953,0.0016047978978784164,0.003962075649709866,58.827644349577554,8.829000000000008,-0.014412022113985436,0.00024914747542226223,0.865733227752324,-23.973289371693763,0.0183740977636953,-0.0016047978978784164,-0.41727554341998246,0.0,0.0,0.8841073255160192,-24.392169713011626
14.399999999999965,0.0,110.0,115.27016523872337,115.18154162543398,0.3999998546983967,PILOT_DESC_TAUT_ACC,caténaire,,24.005557721428204,0.018485661446974,24.005557721428204,0.03613895680470582,-0.9993467745487886,0.9956622828165013,-0.09304095107335056,19.946172764065373,-109.47934294267766,0.0,-50.0,-0.01840547587566712,0.0017199235222464307,0.00401423241806617,58.82753104578906,8.829000000000008,-0.01439124345760095,0.0002509693112955347,0.8675358135675661,-23.989876680154044,0.01840547587566712,-0.0017199235222464307,-0.4174203927798443,0.0,0.0,0.8859412894432332,-24.409016996456135
14.499999999999964,0.0,110.0,115.31016522564622,115.22224959177724,0.39999986922855707,PILOT_DESC_TAUT_ACC,caténaire,,24.0222058575555,0.018528460230440153,24.0222058575555,0.03618983060854108,-0.9993449335242187,0.9950773831123716,-0.09910096678758727,19.945432249287535,-109.54666943749558,0.0,-50.0,-0.01843725171920804,0.0018361883219219811,0.0040666536020389395,58.82741690617761,8.829000000000008,-0.014370598117169099,0.00025309449952715113,0.8693595608284369,-24.0064697158239,0.01843725171920804,-0.0018361883219219811,-0.41756524214496793,0.0,0.0,0.887796812547645,-24.42587114629079
14.599999999999964,0.0,110.0,115.35016521387679,115.26305555409839,0.3999998823057014,PILOT_DESC_TAUT_ACC,caténaire,,24.0388604268832,0.0185723538535329,24.0388604268832,0.036241011718299375,-0.9993430787620606,0.9944558938279677,-0.10515453024391232,19.944686953156975,-109.61399586649134,0.0,-50.0,-0.018469386751904363,0.001952967144991967,0.004119338245643936,58.82730188025848,8.829000000000008,-0.014350048506260427,0.0002548474034682613,0.8711926224252372,-24.02306878893292,0.018469386751904363,-0.001952967144991967,-0.4177100915148272,0.0,-5.551115123125783e-17,0.8896620091771416,-24.44273184759274
14.699999999999964,0.0,110.0,115.39016520328431,115.30375655428593,0.39999989407513126,PILOT_DESC_TAUT_ACC,caténaire,,24.055521435853205,0.01861732842291322,24.055521435853205,0.03629317760001058,-0.999341185611648,0.9937926760726797,-0.11124799766423583,19.943936882569158,-109.68132222918277,0.0,-50.0,-0.018501764634730893,0.0020711405089065614,0.0041722852558221364,58.82718601186593,8.829000000000008,-0.014329479378908758,0.00025715237482870634,0.8730513117322819,-24.039673312211953,0.018501764634730893,-0.0020711405089065614,-0.4178549408889484,0.0,0.0,0.8915530763670128,-24.459599393609807
14.799999999999963,0.0,110.0,115.43016519375107,115.34453624184725,0.39999990466761814,PILOT_DESC_TAUT_ACC,caténaire,,24.07218901644275,0.01866356315107963,24.07218901644275,0.036345714273501716,-0.9993392762490368,0.993091909476529,-0.11733907845326472,19.943182044417174,-109.74864852503146,0.0,-50.0,-0.018534633567341453,0.002189965300801993,0.004225493194281233,58.82706920268554,8.829000000000008,-0.01430914037306022,0.0002591679863357399,0.8749209039293544,-24.05628394942191,0.018534633567341453,-0.002189965300801993,-0.41799979026690526,0.0,5.551115123125783e-17,0.8934555374966958,-24.476473704989615
14.899999999999963,0.0,110.0,115.47016518517115,115.38534324938848,0.39999991420085634,PILOT_DESC_TAUT_ACC,caténaire,,24.088863013117393,0.018710889034639595,24.088863013117393,0.03639884229208068,-0.9993373425824718,0.9923521543879104,-0.12343906059944229,19.942422445531065,-109.81597475350468,0.0,-50.0,-0.01856779104403773,0.002309654565416317,0.0042789613090430875,58.82695146267844,8.829000000000008,-0.014288829734994641,0.00026111724384492163,0.8768067258099954,-24.07290034936193,0.01856779104403773,-0.002309654565416317,-0.4181446396483145,0.0,0.0,0.8953745168540331,-24.49335464357566
14.999999999999963,0.0,110.0,115.51016517744922,115.42607134643991,0.39999992278077073,PILOT_DESC_TAUT_ACC,caténaire,,24.105543609360037,0.018759488279765323,24.105543609360037,0.036452892984209624,-0.9993353724316385,0.9915699324769794,-0.1295726398882059,19.941658092723284,-109.88330091408767,0.0,-50.0,-0.01860134452686959,0.002430716419361051,0.004332688352684975,58.826832823237254,8.829000000000008,-0.014268656174184612,0.0002635396566077475,0.8787168015181996,-24.089522400526917,0.01860134452686959,-0.002430716419361051,-0.41828948903283064,0.0,0.0,0.8973181460450692,-24.51024260597911
15.099999999999962,0.0,110.0,115.5501651704995,115.46687259248073,0.39999993050269367,PILOT_DESC_TAUT_ACC,caténaire,,24.12223062721275,0.018809210829656278,24.12223062721275,0.03650738338874903,-0.9993333832901344,0.9907493963256945,-0.1357042139370471,19.940888992768496,-109.95062700621799,0.0,-50.0,-0.018635214274844672,0.0025524891704146986,0.00438667331520878,58.82671320102282,8.829000000000008,-0.014248540959635892,0.0002656901932240885,0.8806395216994799,-24.10615034519742,0.018635214274844672,-0.0025524891704146986,-0.4184343384201431,0.0,0.0,0.8992747359743246,-24.52713717278798
15.199999999999962,0.0,110.0,115.59016516424474,115.50769258947874,0.3999999374524243,PILOT_DESC_TAUT_ACC,caténaire,,24.138924194388338,0.018860175672147636,24.138924194388338,0.0365625008017108,-0.9993313682333428,0.9898887143884666,-0.1418461600691003,19.940115152406378,-110.01795302935264,0.0,-50.0,-0.018669475049242858,0.0026752434973228052,0.004440915167217176,58.82659263006026,8.829000000000008,-0.014228559882025682,0.00026787355757562636,0.8825794352097598,-24.12278414285904,0.018669475049242858,-0.0026752434973228052,-0.4185791878099723,0.0,0.0,0.9012489102590027,-24.544038574166333
15.299999999999962,0.0,110.0,115.63016515861545,115.54844055226674,0.39999994370718184,PILOT_DESC_TAUT_ACC,caténaire,,24.155624410669944,0.01891250034449797,24.155624410669944,0.03661856600906364,-0.9993293154028056,0.9889844330130151,-0.1480195637675137,19.939336578339766,-110.0852789829261,0.0,-50.0,-0.018704168430061778,0.0027994200507455423,0.004495412912515298,58.826471070941494,8.829000000000008,-0.01420875551754648,0.0002704909922286447,0.8845443269722663,-24.139423605442094,0.018704168430061778,-0.0027994200507455423,-0.41872403720206636,0.0,0.0,0.903248495402328,-24.560947062694904
15.399999999999961,0.0,110.0,115.6701651535491,115.58923434261659,0.39999994933646366,PILOT_DESC_TAUT_ACC,caténaire,,24.172331179288882,0.0189661391254675,24.172331179288882,0.03667517017776899,-0.9993272396429669,0.9880401709667431,-0.15419669437445443,19.93855327720796,-110.15260486630409,0.0,-50.0,-0.018739307344105945,0.0029245159581930947,0.004550165877484432,58.82634840354938,8.829000000000008,-0.014189141466621515,0.0002729195075659163,0.886524359593811,-24.15606899313438,0.018739307344105945,-0.0029245159581930947,-0.418868886596199,0.0,0.0,0.9052636669379169,-24.577862395688772
15.499999999999961,0.0,110.0,115.71016514898939,115.63002745215674,0.39999995440281727,PILOT_DESC_TAUT_ACC,caténaire,,24.189044428011556,0.019020995120374425,24.189044428011556,0.03673252951964959,-0.9993251329147527,0.9870540402078409,-0.1603880348073941,19.937765255594304,-110.21993067887615,0.0,-50.0,-0.018774750082339205,0.0030507400274378867,0.004605173319562975,58.82622466950848,8.829000000000008,-0.01416957676277623,0.0002754095359094322,0.8885247885040498,-24.172720038103506,0.018774750082339205,-0.0030507400274378867,-0.4190137359921662,0.0,0.0,0.907299538586389,-24.59478451412311
15.59999999999996,0.0,110.0,115.75016514488564,115.67086194822332,0.39999995896253554,PILOT_DESC_TAUT_ACC,caténaire,,24.2057644037108,0.019077323418725117,24.2057644037108,0.03679046567118973,-0.9993230016544686,0.9860273300780196,-0.1665836256635456,19.936972520051395,-110.28725642004176,0.0,-50.0,-0.018810762275600405,0.0031779697030472967,0.004660434217590137,58.82609988615598,8.829000000000008,-0.014150328058010269,0.0002778558590179614,0.8905413443396285,-24.189377141257165,0.018810762275600405,-0.0031779697030472967,-0.4191585853897847,0.0,5.551115123125783e-17,0.9093521066152289,-24.611713696349995
15.69999999999996,0.0,110.0,115.79016514119226,115.71165299852949,0.399999963066282,PILOT_DESC_TAUT_ACC,caténaire,,24.222490836429312,0.019134882908207067,24.222490836429312,0.03684931369666274,-0.9993208334064116,0.9849563821646344,-0.17280314011369868,19.936175077050844,-110.35458208914555,0.0,-50.0,-0.018847025042411533,0.003306567852246124,0.004715948154964592,58.825973957712264,8.829000000000008,-0.014131076887446942,0.0002805255645057514,0.8925821633461224,-24.20603972983971,0.018847025042411533,-0.003306567852246124,-0.41930343478888915,0.0,5.551115123125783e-17,0.9114291883885339,-24.628649732480845
15.79999999999996,0.0,110.0,115.83016513786824,115.75248531511923,0.39999996675965377,PILOT_DESC_TAUT_ACC,caténaire,,24.239224125873196,0.01919406886205776,24.239224125873196,0.0369087610816749,-0.9993186395516777,0.983844261111466,-0.1790264502190492,19.935372933021757,-110.42190768555372,0.0,-50.0,-0.018883974497313813,0.003436246013634186,0.004771714281860009,58.82584692180378,8.829000000000008,-0.014112260215453804,0.00028316781740755914,0.894639732067024,-24.222708477255807,0.018883974497313813,-0.003436246013634186,-0.41944828418933106,0.0,0.0,0.9135237065643378,-24.645593007458775
15.89999999999996,0.0,110.0,115.8701651348766,115.7932771815018,0.39999997008368837,PILOT_DESC_TAUT_ACC,caténaire,,24.255963854794835,0.019254489958060915,24.255963854794835,0.03696914710960483,-0.9993164074315943,0.9826871741424559,-0.18527254997952292,19.934566094307566,-110.48923320858671,0.0,-50.0,-0.018921140326441176,0.0035673284530850628,0.004827732278673057,58.825718698519964,8.829000000000008,-0.014093408047768118,0.0002860269730433629,0.8967222960331678,-24.239382658164182,0.018921140326441176,-0.0035673284530850628,-0.4195931335909767,0.0,1.1102230246251565e-16,0.915643436359609,-24.66254312020824
15.99999999999996,0.0,110.0,115.91016513218413,115.83410987042787,0.39999997307531954,PILOT_DESC_TAUT_ACC,caténaire,,24.272710273599564,0.019316406979916614,24.272710273599564,0.037030169516317143,-0.9993141480763658,0.9814883108422026,-0.19152205011465379,19.933754567207277,-110.55655865755848,0.0,-50.0,-0.01895882765825889,0.003699517865642638,0.0048840013550815325,58.82558927651579,8.829000000000008,-0.014074826303177357,0.0002887943814258165,0.8988225760518446,-24.2560627885666,0.01895882765825889,-0.003699517865642638,-0.4197379829937057,0.0,-5.551115123125783e-17,0.9177814037101034,-24.679500289425945
16.09999999999996,0.0,110.0,115.9501651297609,115.87491300302729,0.39999997576778756,PILOT_DESC_TAUT_ACC,caténaire,,24.289463368857355,0.01937982055492955,24.289463368857355,0.037092102653372865,-0.9993118511859808,0.9802441327219374,-0.19779140594125053,19.93293835795408,-110.6238840317666,0.0,-50.0,-0.018996955392173692,0.0038331619544486615,0.00494052099376786,58.825458627137444,8.829000000000008,-0.014056434398405832,0.00029178909188232183,0.9009472686729969,-24.27274860344691,0.018996955392173692,-0.0038331619544486615,-0.41988283239740976,0.0,0.0,0.9199442240651706,-24.69646459779877
16.19999999999996,0.0,110.0,115.99016512758001,115.91577279910392,0.3999999781910088,PILOT_DESC_TAUT_ACC,caténaire,,24.306223239024057,0.019444839946515302,24.306223239024057,0.03715463682599703,-0.9993095281054455,0.9789584281440461,-0.20405978527318566,19.93211747271884,-110.69120933049258,0.0,-50.0,-0.019035689949553177,0.003967909864157375,0.00499729065491705,58.82532672239968,8.829000000000008,-0.014038399294636128,0.00029463226383086294,0.9030888970575481,-24.289440475014743,0.019035689949553177,-0.003967909864157375,-0.42002768180199124,0.0,5.551115123125783e-17,0.9221245870071013,-24.71343606668089
16.29999999999996,0.0,110.0,116.03016512561722,115.95663889848339,0.3999999803719079,PILOT_DESC_TAUT_ACC,caténaire,,24.322989719124035,0.019511315018845534,24.322989719124035,0.03721797077851974,-0.9993071713197746,0.977628526948099,-0.21033892482679029,19.931291917566643,-110.75853455300121,0.0,-50.0,-0.01907481816069428,0.004103989023020775,0.0050543103499090985,58.82519353298268,8.829000000000008,-0.014020507810785184,0.0002975220056953276,0.9052523206125943,-24.3061380542578,0.01907481816069428,-0.004103989023020775,-0.42017253120736253,0.0,-1.1102230246251565e-16,0.9243271387732885,-24.730414574488186
16.399999999999963,0.0,110.0,116.07016512385069,115.99748092543722,0.3999999823347171,PILOT_DESC_TAUT_ACC,caténaire,,24.339762987656467,0.019579435952338395,24.339762987656467,0.037282238475992775,-0.9993047756786811,0.9762524637599435,-0.21663593192875555,19.930461698485157,-110.82585969854632,0.0,-50.0,-0.01911447258750037,0.004241609354174209,0.005111579771721041,58.825059039816715,8.829000000000008,-0.01400289281577933,0.00030064917088168386,0.9074408481549509,-24.32284139245231,0.01911447258750037,-0.004241609354174209,-0.42031738061344465,0.0,-5.551115123125783e-17,0.9265553207424512,-24.74740038241993
16.499999999999964,0.0,110.0,116.11016512226081,116.0382966705799,0.39999998410124543,PILOT_DESC_TAUT_ACC,caténaire,,24.356542902753237,0.01964908988717837,24.356542902753237,0.03734748856555497,-0.9993023391836156,0.9748296302203245,-0.22295109787687817,19.92962682139135,-110.89318476633346,0.0,-50.0,-0.01915451502888401,0.004380786162627882,0.0051690985532571124,58.824923158497796,8.829000000000008,-0.013985416475626898,0.00030394466041627766,0.9096557075570255,-24.339550297147397,0.01915451502888401,-0.004380786162627882,-0.42046223002016636,0.0,0.0,0.9288102225859095,-24.764393313330192
16.599999999999966,0.0,110.0,116.15016512082993,116.07914909291283,0.3999999856911209,PILOT_DESC_TAUT_ACC,caténaire,,24.373329676597145,0.019720485259646304,24.373329676597145,0.03741344980867975,-0.9992998717969563,0.9733630763596766,-0.22926910297645095,19.928787292117644,-110.96050975558887,0.0,-50.0,-0.019195192199634982,0.004521297965739432,0.005226866520837671,58.82478592521284,8.829000000000008,-0.01396832567879731,0.000307223178573679,0.9118903465257719,-24.356265221088478,0.019195192199634982,-0.004521297965739432,-0.42060707942746384,0.0,-5.551115123125783e-17,0.9310855387254069,-24.781393598481678
16.699999999999967,0.0,110.0,116.19016511954213,116.12002721993908,0.3999999871220088,PILOT_DESC_TAUT_ACC,caténaire,,24.39012299301699,0.019793330432332373,24.39012299301699,0.03748021366149248,-0.9992973699474491,0.9718520177261115,-0.23559213832741893,19.927943116415797,-111.02783466549269,0.0,-50.0,-0.019236188118181865,0.004663153041174359,0.005284883477203122,58.82464725938265,8.829000000000008,-0.013951304640978743,0.00031041242381490974,0.9141470210083572,-24.372985759616686,0.019236188118181865,-0.004663153041174359,-0.42075192883527945,0.0,0.0,0.933383209126539,-24.79840084149314
16.79999999999997,0.0,110.0,116.23016511838311,116.16086692801514,0.39999998840980794,PILOT_DESC_TAUT_ACC,caténaire,,24.40692344900081,0.01986823132747218,24.40692344900081,0.0375480307946406,-0.9992948240551658,0.9702923048265757,-0.2419356178703987,19.92709429996262,-111.09515949523453,0.0,-50.0,-0.019277991967560557,0.004806832822203994,0.00534314917671736,58.824507177576066,8.829000000000008,-0.013934842790843198,0.00031401039826306487,0.9164319132655182,-24.389712273697164,0.019277991967560557,-0.004806832822203994,-0.4208967782435615,0.0,0.0,0.9357099052330787,-24.81541588476293
16.89999999999997,0.0,110.0,116.27016511734,116.20170518742437,0.39999998956882715,PILOT_DESC_TAUT_ACC,caténaire,,24.42373062760621,0.019944818906983262,24.42373062760621,0.03761677712999228,-0.9992922385760595,0.9686856719196293,-0.24829029183118762,19.926240848293595,-111.16248424392265,0.0,-50.0,-0.019320260304226407,0.004952104906935062,0.0054016642360754695,58.82436553765289,8.829000000000008,-0.013918596068150938,0.00031764255981414635,0.9187420317016293,-24.406444453239278,0.019320260304226407,-0.004952104906935062,-0.4210416276522633,0.0,0.0,0.9380622920058557,-24.832438185798473
16.99999999999997,0.0,110.0,116.3101651164012,116.24259796383161,0.39999999061194447,PILOT_DESC_TAUT_ACC,caténaire,,24.440544558994628,0.02002313398570204,24.440544558994628,0.03768622816303488,-0.9992896217848176,0.9670353158352759,-0.25464229406633976,19.925382766839075,-111.2298089106633,0.0,-50.0,-0.01936307769787542,0.005098736772516861,0.005460428851702083,58.8242223360676,8.829000000000008,-0.013902648846173336,0.00032107284010862713,0.9210719386790922,-24.423182528572724,0.01936307769787542,-0.005098736772516861,-0.42118647706134266,0.0,5.551115123125783e-17,0.9404350163769676,-24.849467742406585
17.099999999999973,0.0,110.0,116.35016511555627,116.28344709292045,0.39999999155075,PILOT_DESC_TAUT_ACC,caténaire,,24.457365408355884,0.02010334353986996,24.457365408355884,0.037756829742840434,-0.999286956688503,0.9653346905614826,-0.2610152010871527,19.924520060954126,-111.29713349455592,0.0,-50.0,-0.01940645491531155,0.00524727825658327,0.005519442868144838,58.8240775609805,8.829000000000008,-0.01388701204716671,0.0003248392370736042,0.9234325816817281,-24.43992624753462,0.01940645491531155,-0.00524727825658327,-0.421331326470762,0.0,0.0,0.9428390365970397,-24.866504852261965
17.199999999999974,0.0,110.0,116.39016511479582,116.3243002507026,0.399999992395675,PILOT_DESC_TAUT_ACC,caténaire,,24.47419319574545,0.020185486221073655,24.47419319574545,0.03782839257323539,-0.9992842502087808,0.9635863921123,-0.2673972044281708,19.92365273588033,-111.36445799468304,0.0,-50.0,-0.019450459840796908,0.005397542585538456,0.0055787066434251804,58.82393118277151,8.829000000000008,-0.013871753197371727,0.00032872535704342454,0.9258193881218654,-24.456675797075334,0.019450459840796908,-0.005397542585538456,-0.4214761758804874,0.0,5.551115123125783e-17,0.9452698479626622,-24.88354951554136
17.299999999999976,0.0,110.0,116.43016511411143,116.36517797431623,0.3999999931561075,PILOT_DESC_TAUT_ACC,caténaire,,24.49102777634633,0.020269448052820948,24.49102777634633,0.037900837798301626,-0.9992815051296541,0.9617914904948845,-0.27378299584091903,19.92278079673324,-111.43178241008599,0.0,-50.0,-0.019494982654231295,0.005549430211943202,0.00563822073014064,58.82378312953,8.829000000000008,-0.013856761924090655,0.0003325597419348014,0.9282304712650019,-24.473431098519523,0.019494982654231295,-0.005549430211943202,-0.42162102529048806,0.0,-1.1102230246251565e-16,0.9477254539192332,-24.900601554021954
17.399999999999977,0.0,110.0,116.47016511349548,116.40604097024756,0.3999999938404968,PILOT_DESC_TAUT_ACC,caténaire,,24.50786935698362,0.020355437151741484,24.50786935698362,0.037974365472037704,-0.9992787136565034,0.9599469281655136,-0.28018189646298347,19.921904248529373,-111.49910673980276,0.0,-50.0,-0.01954013936528041,0.005703224984508,0.005697985365446632,58.82363339537688,8.829000000000008,-0.01384215399983378,0.00033662036138082385,0.9306707879030496,-24.49019216550823,0.01954013936528041,-0.005703224984508,-0.4217658747007367,0.0,1.1102230246251565e-16,0.95021092726833,-24.917661265193473
17.49999999999998,0.0,110.0,116.51016511294112,116.44690091132303,0.3999999944564471,PILOT_DESC_TAUT_ACC,caténaire,,24.524718030932643,0.02044358774931134,24.524718030932643,0.038048926896065045,-0.9992758774042623,0.9580530752724651,-0.2865908319555463,19.92102309617321,-111.5664309828298,0.0,-50.0,-0.019586042112830222,0.005858944821231352,0.005758000984881922,58.8234819077565,8.829000000000008,-0.0138280411279483,0.00034085257772886735,0.9331392035055645,-24.506959128452348,0.019586042112830222,-0.005858944821231352,-0.4219107241112082,0.0,5.551115123125783e-17,0.9527252456183947,-24.934728797384786
17.59999999999998,0.0,110.0,116.5501651124422,116.48781354964218,0.3999999950108024,PILOT_DESC_TAUT_ACC,caténaire,,24.541573419958436,0.02053353701219475,24.541573419958436,0.038124313243706666,-0.9992730041083346,0.9561137470972841,-0.2929957382140404,19.920137344411287,-111.63375513812689,0.0,-50.0,-0.019632397013890295,0.006016238835033322,0.005818268658701653,58.82332860255686,8.829000000000008,-0.01381412835518864,0.0003448413918860638,0.9356306325559209,-24.52373179690712,0.019632397013890295,-0.006016238835033322,-0.4220555735218806,0.0,-5.551115123125783e-17,0.9552630295698112,-24.951803609264037
17.69999999999998,0.0,110.0,116.59016511199317,116.52868749282436,0.39999999550972215,PILOT_DESC_TAUT_ACC,caténaire,,24.558435959913282,0.020625732025807395,24.558435959913282,0.03820093977326538,-0.9992700777069428,0.9541217624613635,-0.29941887448459437,19.919246997890756,-111.70107920465969,0.0,-50.0,-0.01967945979251914,0.0061757334685881024,0.005878788727831831,58.823173490115586,8.829000000000008,-0.01380067106468731,0.000349223584166225,0.938155333030242,-24.540510210023523,0.01967945979251914,-0.0061757334685881024,-0.42220042293273363,0.0,0.0,0.9578347928227612,-24.968886366424844
17.799999999999983,0.0,110.0,116.63016511158905,116.56957038456774,0.3999999959587499,PILOT_DESC_TAUT_ACC,caténaire,,24.575305491248386,0.02072005449056454,24.575305491248386,0.03827860879118469,-0.9992671054873224,0.9520802713893203,-0.3058482578522209,19.918352061116593,-111.76840318133267,0.0,-50.0,-0.01972715510257819,0.006337192568542251,0.005939562129418579,58.823016463459616,8.829000000000008,-0.01378759297315961,0.000353656028153182,0.9407085048233499,-24.557294384706477,0.01972715510257819,-0.006337192568542251,-0.4223452723437493,0.0,0.0,0.960435659925928,-24.985976849618766
17.899999999999984,0.0,110.0,116.67016511122533,116.61042628366931,0.3999999963628749,PILOT_DESC_TAUT_ACC,caténaire,,24.59218219509179,0.020816693339767937,24.59218219509179,0.03835752827901714,-0.9992640792224669,0.9499860123327307,-0.31229245327442157,19.91745253846822,-111.8357270670383,0.0,-50.0,-0.019775567495799458,0.006500896232137441,0.0060005896184688315,58.82285750166249,8.829000000000008,-0.013774977877330626,0.000358397894622442,0.9432953239909752,-24.57408429724954,0.019775567495799458,-0.006500896232137441,-0.4224901217549112,0.0,-1.1102230246251565e-16,0.9630708914867746,-25.00307531523659
17.999999999999986,0.0,110.0,116.71016511089799,116.65131891113418,0.3999999967265874,PILOT_DESC_TAUT_ACC,caténaire,,24.609065912367154,0.0209155466393513,24.609065912367154,0.03843740121729539,-0.9992610100407504,0.9478437070802395,-0.3187354811570078,19.91654843417712,-111.90305086060346,0.0,-50.0,-0.019824669262252383,0.006666526821755474,0.006061872285061059,58.822696490078805,8.829000000000008,-0.013762796977191323,0.0003630169005504058,0.9459085400565238,-24.590880059751402,0.019824669262252383,-0.006666526821755474,-0.42263497116620485,0.0,-5.551115123125783e-17,0.9657332093187762,-25.020181557739363
18.099999999999987,0.0,110.0,116.75016511060338,116.69222659781154,0.3999999970539287,PILOT_DESC_TAUT_ACC,caténaire,,24.6259568210964,0.021016790731397093,24.6259568210964,0.03851836292904477,-0.9992578924968603,0.9456513258686184,-0.32518236404043205,19.9156397523191,-111.97037456085205,0.0,-50.0,-0.019874556020648953,0.006834289694578747,0.006123411364778433,58.82253342357658,8.829000000000008,-0.013751144655870521,0.0003677132711530362,0.9485515423099767,-24.607681713767466,0.019874556020648953,-0.006834289694578747,-0.4227798205776171,0.0,-5.551115123125783e-17,0.9684260983306257,-25.03729582403966
18.19999999999999,0.0,110.0,116.79016511033824,116.73306306780327,0.3999999973485358,PILOT_DESC_TAUT_ACC,caténaire,,24.642854762854554,0.02112029139126962,24.642854762854554,0.03860084620553101,-0.9992547096072236,0.9434009936645279,-0.33165428559387194,19.914726496810744,-112.03769816658568,0.0,-50.0,-0.019924903885008134,0.00700463515290593,0.00618520818422124,58.822368263152065,8.829000000000008,-0.013739695700786893,0.00037289830495979004,0.951235046766186,-24.624488679949216,0.019924903885008134,-0.00700463515290593,-0.422924669989136,0.0,5.551115123125783e-17,0.9711599506511941,-25.05441798509126
18.29999999999999,0.0,110.0,116.8301651100996,116.77396687194683,0.3999999976136822,PILOT_DESC_TAUT_ACC,caténaire,,24.659759994042318,0.021226344639158144,24.659759994042318,0.03868420684299621,-0.9992514859338105,0.9411042212895961,-0.3381166140119455,19.913808671440766,-112.1050216765513,0.0,-50.0,-0.01997620254245952,0.007176979777242762,0.0062472636868927695,58.822200913307334,8.829000000000008,-0.01372893885556675,0.00037789308456837034,0.9539432563081761,-24.641301816817922,0.01997620254245952,-0.007176979777242762,-0.42306951940075094,0.0,-5.551115123125783e-17,0.9739194588506357,-25.071548315995916
18.39999999999999,0.0,110.0,116.87016510988482,116.81485407555193,0.399999997852314,PILOT_DESC_TAUT_ACC,caténaire,,24.676672554582375,0.021335004450017844,24.676672554582375,0.0387688767214143,-0.9992482045006436,0.9387533216261017,-0.3445899028351832,19.912886279841093,-112.17234508947972,0.0,-50.0,-0.020028306294361913,0.00735182711041985,0.006309579247497282,58.82203134586662,8.829000000000008,-0.01371872704686463,0.0003831729770311654,0.9566868761633117,-24.658120743216745,0.020028306294361913,-0.00735182711041985,-0.4232143688124522,0.0,-5.551115123125783e-17,0.9767151824576736,-25.088686939139617
18.499999999999993,0.0,110.0,116.91016510969153,116.85574285507215,0.3999999980670826,PILOT_DESC_TAUT_ACC,caténaire,,24.693592412426003,0.021446296946794337,24.693592412426003,0.038854780468380166,-0.9992448679051367,0.9363494240156763,-0.3510694463286587,19.911959325447416,-112.23966840403531,0.0,-50.0,-0.020081227793400037,0.007529139594911092,0.006372156826046028,58.82185944474677,8.829000000000008,-0.01370907096735401,0.00038858434167110545,0.9594641121604706,-24.674945488257908,0.020081227793400037,-0.007529139594911092,-0.4233592182242314,0.0,5.551115123125783e-17,0.9795453399538706,-25.10583384607705
18.599999999999994,0.0,110.0,116.95016510951757,116.89663162317078,0.39999999826037436,PILOT_DESC_TAUT_ACC,caténaire,,24.710519623718078,0.0215603106632125,24.710519623718078,0.03894196034844753,-0.9992414741814012,0.9338919240481898,-0.35755541416341363,19.91102781149921,-112.30699161883396,0.0,-50.0,-0.020135000008344225,0.007709005808676809,0.006434998435971488,58.821685125204226,8.829000000000008,-0.013700001572372736,0.00039413101289653696,0.9622760753763641,-24.691776056592495,0.020135000008344225,-0.007709005808676809,-0.4235040676360805,0.0,1.1102230246251565e-16,0.9824110753847083,-25.122989130037254
18.699999999999996,0.0,110.0,116.99016510936102,116.93751915535532,0.3999999984343369,PILOT_DESC_TAUT_ACC,caténaire,,24.72745376863328,0.021676633814634333,24.72745376863328,0.039030584834700996,-0.999238016414238,0.9313842564368464,-0.364037589901898,19.910091741072346,-112.37431473247094,0.0,-50.0,-0.020189275467497,0.007891109531065468,0.006498105691465946,58.82150835124247,8.829000000000008,-0.013691169776031053,0.0003994607735293698,0.965126982062788,-24.708611854743893,0.020189275467497,-0.007891109531065468,-0.4236489170479927,0.0,1.1102230246251565e-16,0.9853162575302851,-25.14015188132295
18.799999999999997,0.0,110.0,117.0301651092201,116.97845857871886,0.39999999859090324,PILOT_DESC_TAUT_ACC,caténaire,,24.74439566262499,0.021796062226159103,24.74439566262499,0.039120619702115146,-0.9992344955585363,0.9288385747117315,-0.3704846854155769,19.909151117089582,-112.44163774358907,0.0,-50.0,-0.02024502337247383,0.008075107257156895,0.006561480105067942,58.821329205987155,8.829000000000008,-0.013683543267405888,0.00040431324430301174,0.9680160924762197,-24.725453717843912,0.02024502337247383,-0.008075107257156895,-0.42379376645996136,0.0,-1.1102230246251565e-16,0.9882611158486935,-25.15732259156103
18.9,0.0,110.0,117.07016510909328,117.0193511810637,0.3999999987318129,PILOT_DESC_TAUT_ACC,caténaire,,24.76134506976831,0.021918338008274363,24.76134506976831,0.039212249769671345,-0.9992309039796563,0.9262340441176599,-0.3769489295878753,19.908205942197142,-112.50896065088492,0.0,-50.0,-0.020301510853741777,0.008262094050564264,0.006625124961246662,58.82114778331604,8.829000000000008,-0.013676385892495115,0.00040987736660014207,0.9709480475087752,-24.742301217816795,0.020301510853741777,-0.008262094050564264,-0.4239386158719812,0.0,0.0,0.9912495583625169,-25.174501927739342
19.0,0.0,110.0,117.11016510897915,117.0602896327195,0.39999999885863163,PILOT_DESC_TAUT_ACC,caténaire,,24.778301923189527,0.022043481761193154,24.778301923189527,0.03930502189661221,-0.9992272590625753,0.9235795758214498,-0.38340679066165606,19.907256218820244,-112.57628345291643,0.0,-50.0,-0.020358909534630636,0.008451620597067817,0.006689042837321732,58.82096384104847,8.829000000000008,-0.013669866697308904,0.00041546164552386244,0.9739116996518328,-24.759154714933608,0.020358909534630636,-0.008451620597067817,-0.4240834652840469,0.0,0.0,0.9942706091864634,-25.19168980081472
19.1,0.0,110.0,117.15016510887642,117.10122264743191,0.3999999989727685,PILOT_DESC_TAUT_ACC,caténaire,,24.795266588298716,0.022171917265054845,24.795266588298716,0.03939924776016424,-0.9992235481992673,0.9208696683595237,-0.389870560436949,19.90630194916798,-112.64360614816775,0.0,-50.0,-0.020417446098765852,0.008644177810088598,0.00675323630144006,58.82077725021652,8.829000000000008,-0.013664209797325792,0.00042142802660549705,0.9769148515917034,-24.776014258906585,0.020417446098765852,-0.008644177810088598,-0.42422831469615396,0.0,0.0,0.9973322976904693,-25.208886751412827
19.200000000000003,0.0,110.0,117.19016510878397,117.14214753155984,0.39999999907549166,PILOT_DESC_TAUT_ACC,caténaire,,24.812238526790875,0.022303152790007975,24.812238526790875,0.03949497705341503,-0.9992197690135791,0.9181036209370541,-0.3963404360171571,19.905343135225085,-112.71092873505617,0.0,-50.0,-0.02047660533481868,0.008839641301349035,0.0068177080972869454,58.82058789402121,8.829000000000008,-0.013658897237531737,0.0004275353225509093,0.9799587912594659,-24.792879249449808,0.02047660533481868,-0.008839641301349035,-0.42437316410829834,0.0,0.0,1.0004353965942847,-25.226092054859457
19.300000000000004,0.0,110.0,117.23016510870076,117.18302121810716,0.3999999991679425,PILOT_DESC_TAUT_ACC,caténaire,,24.82921805419723,0.02243753396203165,24.82921805419723,0.039592464053332575,-0.9992159109973106,0.9152762238920921,-0.40282680394660053,19.90437977881565,-112.77825121197716,0.0,-50.0,-0.0205365413582189,0.009038440094368515,0.006882460118992941,58.82039573433335,8.829000000000008,-0.01365408123922596,0.00043417442771698234,0.9830499232831601,-24.809749737375558,0.0205365413582189,-0.009038440094368515,-0.4245180135204761,0.0,0.0,1.003586464641379,-25.243306190990403
19.400000000000006,0.0,110.0,117.27016510862587,117.22397243690403,0.39999999925114826,PILOT_DESC_TAUT_ACC,caténaire,,24.84620544251271,0.022575407568501484,24.84620544251271,0.03969103474765646,-0.9992120004086523,0.9124012695072448,-0.40929686463686515,19.90341188155514,-112.84557357722964,0.0,-50.0,-0.020597830525144217,0.009240043535687014,0.0069474949927723325,58.82020060245589,8.829000000000008,-0.013650335532371886,0.0004406459915671235,0.9861716035661829,-24.82662664277747,0.020597830525144217,-0.009240043535687014,-0.42466286293268396,0.0,0.0,1.0067694340913271,-25.26052954924584
19.500000000000007,0.0,110.0,117.31016510855848,117.26487319066239,0.3999999993260334,PILOT_DESC_TAUT_ACC,caténaire,,24.863200619963884,0.022716741260167664,24.863200619963884,0.03979145525418876,-0.9992080064174597,0.9094642118705196,-0.4157822114120978,19.902439444784573,-112.91289582905361,0.0,-50.0,-0.0206600631864449,0.009445216917228957,0.007012816350723049,58.82000239544901,8.829000000000008,-0.013647246835721851,0.0004476123662300324,0.9893429349452111,-24.84350912463146,0.0206600631864449,-0.009445216917228957,-0.42480771234491893,0.0,-5.551115123125783e-17,1.010002998131656,-25.277762053893607
19.60000000000001,0.0,110.0,117.35016510849783,117.30579819924915,0.39999999939343006,PILOT_DESC_TAUT_ACC,caténaire,,24.880203594862476,0.022861583743788036,24.880203594862476,0.039893330860280525,-0.9992039442240368,0.9064730425601919,-0.42226368907552103,19.901462469599384,-112.98021796564612,0.0,-50.0,-0.020723409373976164,0.009653616689760898,0.007078427480516925,58.819801038285206,8.829000000000008,-0.01364498189345924,0.0004546549749591122,0.9925541938809896,-24.860397565083645,0.020723409373976164,-0.009653616689760898,-0.42495256175717844,0.0,1.1102230246251565e-16,1.0132776032549657,-25.295003743530582
19.70000000000001,0.0,110.0,117.39016510844324,117.3466772366912,0.39999999945408704,PILOT_DESC_TAUT_ACC,caténaire,,24.89721432238491,0.023009953996144153,24.89721432238491,0.039997096783957124,-0.9991997959611755,0.9034191562909243,-0.42875847285691576,19.900480956836294,-113.04753998512672,0.0,-50.0,-0.020787633225489533,0.009865712735894653,0.007144331927270512,58.81959639554589,8.829000000000008,-0.01364330129821902,0.00046210828177351004,0.9958162909033528,-24.87729147092866,0.020787633225489533,-0.009865712735894653,-0.42509741116945976,0.0,1.1102230246251565e-16,1.0166039241288423,-25.312254594834016
19.80000000000001,0.0,110.0,117.43016510839412,117.38758496706961,0.3999999995086783,PILOT_DESC_TAUT_ACC,caténaire,,24.914232835613753,0.02316192732626067,24.914232835613753,0.040102370938435945,-0.999195576373873,0.9003109179551477,-0.43524734463378284,19.899494907081916,-113.11486188555504,0.0,-50.0,-0.020852936052716164,0.01008116736535561,0.007210533179890535,58.81938836255585,8.829000000000008,-0.01364240287282563,0.0004695299211974202,0.9991198068203435,-24.894191238093956,0.020852936052716164,-0.01008116736535561,-0.425242260581761,0.0,5.551115123125783e-17,1.0199727428730596,-25.329514666041074
19.900000000000013,0.0,110.0,117.4701651083499,117.4284867291357,0.3999999995578105,PILOT_DESC_TAUT_ACC,caténaire,,24.931259300116636,0.023317700210321014,24.931259300116636,0.04020938602950766,-0.9991912756200035,0.897143839712579,-0.4417385322402497,19.898504320691544,-113.18218366496437,0.0,-50.0,-0.020919331099954207,0.010300326666125367,0.00727703451860388,58.819176893269514,8.829000000000008,-0.013642296581350327,0.0004772199356324336,1.0024706294001429,-24.911096782896617,0.020919331099954207,-0.010300326666125367,-0.4253871099940799,0.0,5.551115123125783e-17,1.0233899605000971,-25.346784219556824
20.000000000000014,0.0,110.0,117.5101651083101,117.4693720704549,0.3999999996020295,PILOT_DESC_TAUT_ACC,caténaire,,24.948293960942895,0.023477559131149864,24.948293960942895,0.040318266374793674,-0.9991868881228032,0.8939161651496651,-0.44823419066835646,19.89750919775954,-113.24950532133155,0.0,-50.0,-0.02098696962559199,0.010523444716019442,0.007343839722914912,58.818961889122136,8.829000000000008,-0.013643129902677076,0.00048533383814941544,1.005871961513952,-24.928008206807455,0.02098696962559199,-0.010523444716019442,-0.4255319594064148,0.0,0.0,1.026858931139544,-25.364063610929886
20.100000000000016,0.0,110.0,117.55016510827429,117.5102385365942,0.39999999964182653,PILOT_DESC_TAUT_ACC,caténaire,,24.965336441728564,0.02364118526051486,24.965336441728564,0.04042905428924716,-0.9991824115592094,0.8906270384780365,-0.4547345141198786,19.89650953810148,-113.31682685256344,0.0,-50.0,-0.021055478814682956,0.010750462892658259,0.007410952907359442,58.81874322778578,8.829000000000008,-0.013644525907323513,0.0004936906784323014,1.0093249423519646,-24.944925071233357,0.021055478814682956,-0.010750462892658259,-0.42567680881876424,0.0,0.0,1.0303804211666476,-25.38135234294478
20.200000000000017,0.0,110.0,117.59016510824205,117.5511502874515,0.3999999996776439,PILOT_DESC_TAUT_ACC,caténaire,,24.982387708582184,0.02380962056667234,24.982387708582184,0.040541397349745475,-0.9991778595930407,0.8872843191650308,-0.46122287124973305,19.895505341236593,-113.38414825647983,0.0,-50.0,-0.021125902974077584,0.010981541561127314,0.007478378523017628,58.81852075720986,8.829000000000008,-0.013647524451059956,0.0005022987709821791,1.0128209068390277,-24.961848678184637,0.021125902974077584,-0.010981541561127314,-0.42582165823112655,0.0,5.551115123125783e-17,1.0339468098131053,-25.39865187797689
20.30000000000002,0.0,110.0,117.63016510821303,117.59204166008777,0.3999999997098795,PILOT_DESC_TAUT_ACC,caténaire,,24.999446712269147,0.02398187605460732,24.999446712269147,0.0406557525002798,-0.9991732131060339,0.8838792453309046,-0.4677151693854611,19.8944966063199,-113.4514695308104,0.0,-50.0,-0.02119708250876561,0.011216687221061797,0.007546122116045357,58.81829431988229,8.829000000000008,-0.013650960392720252,0.0005110071033485042,1.0163713181779481,-24.97877749737104,0.02119708250876561,-0.011216687221061797,-0.4259665076435005,0.0,0.0,1.0375684006867136,-25.415960692235604
20.40000000000002,0.0,110.0,117.67016510818694,117.63293990607775,0.39999999973889155,PILOT_DESC_TAUT_ACC,caténaire,,25.016514041979857,0.024158571380395583,25.016514041979857,0.04077201724307898,-0.9991684755885416,0.880414872971558,-0.4742042296842951,19.893483332253545,-113.51879067325885,0.0,-50.0,-0.021269565553045294,0.011456096731713545,0.007614187657600227,58.818063870482995,8.829000000000008,-0.013655377895445069,0.0005199672147000456,1.0199737418813302,-24.995712199864357,0.021269565553045294,-0.011456096731713545,-0.42611135705588504,0.0,-5.551115123125783e-17,1.0412433074343754,-25.433279653651955
20.50000000000002,0.0,110.0,117.71016510816344,117.67378205738457,0.3999999997650024,PILOT_DESC_TAUT_ACC,caténaire,,25.03359009263851,0.02434017108563368,25.03359009263851,0.040890597674082506,-0.9991636297533335,0.8768821530152489,-0.4807054084606719,19.892465517627517,-113.58611168145148,0.0,-50.0,-0.021343461626329968,0.011700451883722174,0.007682580081685513,58.817829273776624,8.829000000000008,-0.013660881544644454,0.0005297256603356004,1.023638460815979,-25.01265274271778,0.021343461626329968,-0.011700451883722174,-0.42625620646827905,0.0,0.0,1.044981922442309,-25.45060940106978
20.600000000000023,0.0,110.0,117.75016510814228,117.71466787526514,0.39999999978850215,PILOT_DESC_TAUT_ACC,caténaire,,25.05067438129267,0.024526281442625586,25.05067438129267,0.04101094463083859,-0.9991586973151395,0.8732943067358584,-0.4871930354825863,19.891443160679906,-113.65343255288408,0.0,-50.0,-0.02141866194924626,0.011949033505132985,0.007751305009295453,58.81759030170816,8.829000000000008,-0.013667356939950807,0.0005393352132827545,1.0273518200163605,-25.029599181678122,0.02141866194924626,-0.011949033505132985,-0.42640105588068156,0.0,0.0,1.0487704819656067,-25.467949271063937
20.700000000000024,0.0,110.0,117.79016510812325,117.75550959552606,0.39999999980965195,PILOT_DESC_TAUT_ACC,caténaire,,25.067767369161814,0.02471739458508296,25.067767369161814,0.041133680840740025,-0.9991536519977756,0.869638708878814,-0.4936886833011158,19.890416259316748,-113.72075328502812,0.0,-50.0,-0.021495203113819736,0.012202697987343736,0.007820367854004777,58.817346911842044,8.829000000000008,-0.01367483525981496,0.0005496098293775731,1.0311295423530193,-25.0465513143287,0.021495203113819736,-0.012202697987343736,-0.42654590529309167,0.0,5.551115123125783e-17,1.0526247454668392,-25.485299917609137
20.800000000000026,0.0,110.0,117.83016510810612,117.79641210733405,0.3999999998286868,PILOT_DESC_TAUT_ACC,caténaire,,25.084868751285036,0.02491328002672017,25.084868751285036,0.041258164544264335,-0.9991485194196298,0.8659298146825297,-0.5001655286441478,19.889384811105653,-113.7880738752605,0.0,-50.0,-0.021573151956671765,0.012460763874824182,0.007889774216648904,58.817098938926115,8.829000000000008,-0.01368337774002286,0.0005597028009347582,1.0349556425117927,-25.06350947268218,0.021573151956671765,-0.012460763874824182,-0.42669075470550866,0.0,5.551115123125783e-17,1.0565287944684645,-25.502660991262513
20.900000000000027,0.0,110.0,117.87016510809069,117.83723253865615,0.39999999984581813,PILOT_DESC_TAUT_ACC,caténaire,,25.101979338540144,0.025114822759803965,25.101979338540144,0.041385373304621505,-0.999143258435164,0.862146586475258,-0.5066589221844026,19.88834881326375,-113.85539432088105,0.0,-50.0,-0.021652658712296106,0.01272464903033458,0.00795952997482285,58.816846248377196,8.829000000000008,-0.013693128737473255,0.0005708974075204765,1.0388547856103798,-25.080473429481163,0.021652658712296106,-0.01272464903033458,-0.42683560411793187,0.0,5.551115123125783e-17,1.0605074443226759,-25.520033682629432
21.00000000000003,0.0,110.0,117.91016510807681,117.87808454621427,0.3999999998612363,PILOT_DESC_TAUT_ACC,caténaire,,25.11909853567502,0.025321528023993133,25.11909853567502,0.04151465026672013,-0.9991378952943543,0.8583050483490555,-0.5131397898999117,19.887308262614642,-113.92271461903503,0.0,-50.0,-0.02173359533490539,0.012993483570176562,0.008029641765314425,58.816588570083134,8.829000000000008,-0.013703953569590964,0.0005820536533036602,1.04281059072383,-25.097443242625832,0.02173359533490539,-0.012993483570176562,-0.42698045353036074,0.0,0.0,1.0645441860587355,-25.537417179726372
