t,x_bat,L0,L,L_seg,dL/dt,Explain,mode_câble,Scénario,Tbat,Trov,Tmax,U_bat_x,U_bat_y,U_rov_x,U_rov_y,x_rov,y_rov,Fx_rov,Fy_rov,Tr_cable_rov_x,Tr_cable_rov_y,Trainee_rov_x,Trainee_rov_y,Poids_app_rov,Sigma_f_rov_x,Sigma_f_rov_y,Tr_bat_cable_x,Tr_bat_cable_y,Tr_rov_cable_x,Tr_rov_cable_y,Poids_app_cable_y,Trainee_cable_x,Trainee_cable_y,Sigma_f_cable_x,Sigma_f_cable_y
0.1,0.0,10.0,10.0,9.998448640241326,0.0,HISTORY_LT2,caténaire,,0.5,0.5,0.5,0.0,-1.0,0.0,-1.0,0.0,-9.998448640241326,0.0,0.0,-0.0,0.5,-0.0,-0.1243806300102116,8.829000000000008,0.0,-8.45338063001022,0.0,-0.5,0.0,-0.5,-0.0,0.0,0.0,0.0,-1.0
0.2,0.0,10.0,10.0,9.993835655854506,0.0,PILOT_ASC_HOLD_ACC,caténaire,,0.5,0.5,0.5,0.0,-1.0,0.0,-1.0,0.0,-9.993835655854506,0.0,0.0,-0.0,0.5,-0.0,-0.27616697264071305,8.829000000000008,0.0,-8.60516697264072,0.0,-0.5,0.0,-0.5,-0.0,0.0,0.0,0.0,-1.0
0.30000000000000004,0.0,10.0,10.0,9.986280075492086,0.0,PILOT_ASC_HOLD_ACC,caténaire,,0.5,0.5,0.5,0.0,-1.0,0.0,-1.0,0.0,-9.986280075492086,0.0,0.0,-0.0,0.5,-0.0,-0.7408724204872302,8.829000000000008,0.0,-9.069872420487238,0.0,-0.5,0.0,-0.5,-0.0,0.0,0.0,0.0,-1.0
0.4,0.0,10.0,10.0,9.975967000585953,0.0,PILOT_ASC_HOLD_ACC,caténaire,,0.5,0.5,0.5,0.0,-1.0,0.0,-1.0,0.0,-9.975967000585953,0.0,0.0,-0.0,0.5,-0.0,-1.3803337729451686,8.829000000000008,0.0,-9.709333772945175,0.0,-0.5,0.0,-0.5,-0.0,0.0,0.0,0.0,-1.0
0.5,0.0,10.0,10.0,9.963130541032754,0.0,PILOT_ASC_HOLD_ACC,caténaire,,0.5,0.5,0.5,0.0,-1.0,0.0,-1.0,0.0,-9.963130541032754,0.0,0.0,-0.0,0.5,-0.0,-2.1384459769269806,8.829000000000008,0.0,-10.467445976926989,0.0,-0.5,0.0,-0.5,-0.0,0.0,0.0,0.0,-1.0
0.6,0.0,10.0,10.0,9.948034652808037,0.0,PILOT_ASC_HOLD_ACC,caténaire,,0.4878324975821179,0.5,0.5,0.0,-1.0,0.0,-1.0,0.0,-9.948034652808037,0.0,0.0,-0.0,0.5,-0.0,-2.957502448302655,8.829000000000008,0.0,-11.286502448302663,0.0,-0.4878324975821179,0.0,-0.5,-0.0,0.0,0.0,0.0,-0.9878324975821179
0.7,0.0,10.0,10.0,9.930954796159828,0.0,PILOT_ASC_HOLD_ACC,caténaire,,0.44796070454392545,0.5,0.5,0.0,-1.0,0.0,-1.0,0.0,-9.930954796159828,0.0,0.0,-0.0,0.5,-0.0,-3.785961667535131,8.829000000000008,0.0,-12.11496166753514,0.0,-0.44796070454392545,0.0,-0.5,-0.0,0.0,0.0,0.0,-0.9479607045439254
0.7999999999999999,0.0,10.0,10.0,9.912162511422,0.0,PILOT_ASC_HOLD_ACC,caténaire,,0.43356799514993116,0.5,0.5,0.0,-1.0,0.0,-1.0,0.0,-9.912162511422,0.0,0.0,-0.0,0.5,-0.0,-4.583180254433892,8.829000000000008,0.0,-12.912180254433899,0.0,-0.43356799514993116,0.0,-0.5,-0.0,0.0,0.0,0.0,-0.9335679951499312
0.8999999999999999,0.0,10.0,10.0,9.891913959906798,0.0,PILOT_ASC_HOLD_ACC,caténaire,,0.4264515279170737,0.5,0.5,0.0,-1.0,0.0,-1.0,0.0,-9.891913959906798,0.0,0.0,-0.0,0.5,-0.0,-5.3210298155830555,8.829000000000008,0.0,-13.650029815583064,0.0,-0.4264515279170737,0.0,-0.5,-0.0,0.0,0.0,0.0,-0.9264515279170737
0.9999999999999999,0.0,10.0,10.0,9.870442549993358,0.0,PILOT_ASC_HOLD_ACC,caténaire,,0.42227020299379636,0.5,0.5,0.0,-1.0,0.0,-1.0,0.0,-9.870442549993358,0.0,0.0,-0.0,0.5,-0.0,-5.9831362959618986,8.829000000000008,0.0,-14.312136295961906,0.0,-0.42227020299379636,0.0,-0.5,-0.0,0.0,0.0,0.0,-0.9222702029937964
1.0999999999999999,0.0,10.0,10.0,9.847955145299716,0.0,PILOT_ASC_HOLD_ACC,caténaire,,0.4174289816484005,0.5,0.5,0.0,-1.0,0.0,-1.0,0.0,-9.847955145299716,0.0,0.0,-0.0,0.5,-0.0,-6.562758773986442,8.829000000000008,0.0,-14.89175877398645,0.0,-0.4174289816484005,0.0,-0.5,-0.0,0.0,0.0,0.0,-0.9174289816484005
1.2,0.0,10.0,10.0,9.824631053170519,0.0,PILOT_ASC_HOLD_ACC,caténaire,,0.4128004888200273,0.5,0.5,0.0,-1.0,0.0,-1.0,0.0,-9.824631053170519,0.0,0.0,-0.0,0.5,-0.0,-7.060204265446333,8.829000000000008,0.0,-15.389204265446342,0.0,-0.4128004888200273,0.0,-0.5,-0.0,0.0,0.0,0.0,-0.9128004888200273
1.3,0.0,10.0,10.0,9.800622945297457,0.0,PILOT_ASC_HOLD_ACC,caténaire,,0.4088530783748022,0.5,0.5,0.0,-1.0,0.0,-1.0,0.0,-9.800622945297457,0.0,0.0,-0.0,0.5,-0.0,-7.4803796040192685,8.829000000000008,0.0,-15.809379604019277,0.0,-0.4088530783748022,0.0,-0.5,-0.0,0.0,0.0,0.0,-0.9088530783748022
1.4000000000000001,0.0,10.0,10.0,9.776058964285657,0.0,PILOT_ASC_HOLD_ACC,caténaire,,0.40579790362526674,0.5,0.5,0.0,-1.0,0.0,-1.0,0.0,-9.776058964285657,0.0,0.0,-0.0,0.5,-0.0,-7.830784559335873,8.829000000000008,0.0,-16.159784559335883,0.0,-0.40579790362526674,0.0,-0.5,-0.0,0.0,0.0,0.0,-0.9057979036252668
1.5000000000000002,0.0,10.0,10.0,9.751045435328201,0.0,PILOT_ASC_HOLD_ACC,caténaire,,0.40368803354422006,0.5,0.5,0.0,-1.0,0.0,-1.0,0.0,-9.751045435328201,0.0,0.0,-0.0,0.5,-0.0,-8.120031315890861,8.829000000000008,0.0,-16.44903131589087,0.0,-0.40368803354422006,0.0,-0.5,-0.0,0.0,0.0,0.0,-0.9036880335442201
1.6000000000000003,0.0,10.0,10.0,9.725669772261487,0.0,PILOT_ASC_HOLD_ACC,caténaire,,0.4024846831720146,0.5,0.5,0.0,-1.0,0.0,-1.0,0.0,-9.725669772261487,0.0,0.0,-0.0,0.5,-0.0,-8.356849254906956,8.829000000000008,0.0,-16.685849254906962,0.0,-0.4024846831720146,0.0,-0.5,-0.0,0.0,0.0,0.0,-0.9024846831720146
1.7000000000000004,0.0,10.0,10.0,9.700003314139925,0.0,PILOT_ASC_HOLD_ACC,caténaire,,0.40210065076707435,0.5,0.5,0.0,-1.0,0.0,-1.0,0.0,-9.700003314139925,0.0,0.0,-0.0,0.5,-0.0,-8.549479066981048,8.829000000000008,0.0,-16.878479066981058,0.0,-0.40210065076707435,0.0,-0.5,-0.0,0.0,0.0,0.0,-0.9021006507670744
1.8000000000000005,0.0,10.0,10.0,9.674103940041556,0.0,PILOT_ASC_HOLD_ACC,caténaire,,0.40242796033761014,0.5,0.5,0.0,-1.0,0.0,-1.0,0.0,-9.674103940041556,0.0,0.0,-0.0,0.5,-0.0,-8.70535141620338,8.829000000000008,0.0,-17.034351416203386,0.0,-0.40242796033761014,0.0,-0.5,-0.0,0.0,0.0,0.0,-0.9024279603376102
1.9000000000000006,0.0,10.0,9.998136798001385,9.648018389003402,-0.018632019986147913,PILOT_ASC_REMOVE_SLACK_ACC,caténaire,,0.4033109820894318,0.5,0.5,0.0,-1.0,0.0,-1.0,0.0,-9.648018389003402,0.0,0.0,-0.0,0.5,-0.0,-8.830957617128494,8.829000000000008,0.0,-17.1599576171285,0.0,-0.4033109820894318,0.0,-0.5,-0.0,0.0,0.0,0.0,-0.9033109820894318
2.0000000000000004,0.0,10.0,9.993789302569365,9.621784263441615,-0.04347495432019389,PILOT_ASC_REMOVE_SLACK_ACC,caténaire,,0.4045655478853885,0.5,0.5,0.0,-1.0,0.0,-1.0,0.0,-9.621784263441615,0.0,0.0,-0.0,0.5,-0.0,-8.931840426323276,8.829000000000008,0.0,-17.260840426323284,0.0,-0.4045655478853885,0.0,-0.5,-0.0,0.0,0.0,0.0,-0.9045655478853885
2.1000000000000005,0.0,10.0,9.986476388709622,9.59543172538158,-0.07312913859742437,PILOT_ASC_REMOVE_SLACK_ACC,caténaire,,0.4060262363550151,0.5,0.5,0.0,-1.0,0.0,-1.0,0.0,-9.59543172538158,0.0,0.0,-0.0,0.5,-0.0,-9.012653370904104,8.829000000000008,0.0,-17.341653370904112,0.0,-0.4060262363550151,0.0,-0.5,-0.0,0.0,0.0,0.0,-0.9060262363550151
2.2000000000000006,0.0,10.0,9.975859944124918,9.568984911538582,-0.10616444584702935,PILOT_ASC_REMOVE_SLACK_ACC,caténaire,,0.40755225640970594,0.5,0.5,0.0,-1.0,0.0,-1.0,0.0,-9.568984911538582,0.0,0.0,-0.0,0.5,-0.0,-9.077253964626848,8.829000000000008,0.0,-17.406253964626856,0.0,-0.40755225640970594,0.0,-0.5,-0.0,0.0,0.0,0.0,-0.9075522564097059
2.3000000000000007,0.0,10.0,9.961742642912476,9.542463100692256,-0.1411730121244386,PILOT_ASC_REMOVE_SLACK_ACC,caténaire,,0.40902961380138136,0.5,0.5,0.0,-1.0,0.0,-1.0,0.0,-9.542463100692256,0.0,0.0,-0.0,0.5,-0.0,-9.128808915475238,8.829000000000008,0.0,-17.457808915475248,0.0,-0.40902961380138136,0.0,-0.5,-0.0,0.0,0.0,0.0,-0.9090296138013814
2.400000000000001,0.0,10.0,9.944061087080604,9.515881668438958,-0.17681555831873486,PILOT_ASC_REMOVE_SLACK_ACC,caténaire,,0.4103708318836972,0.5,0.5,0.0,-1.0,0.0,-1.0,0.0,-9.515881668438958,0.0,0.0,-0.0,0.5,-0.0,-9.169898432382862,8.829000000000008,0.0,-17.49889843238287,0.0,-0.4103708318836972,0.0,-0.5,-0.0,0.0,0.0,0.0,-0.9103708318836972
2.500000000000001,0.0,10.0,9.922875039543863,9.489252862890494,-0.21186047536741,PILOT_ASC_REMOVE_SLACK_ACC,caténaire,,0.4115131850609556,0.5,0.5,0.0,-1.0,0.0,-1.0,0.0,-9.489252862890494,0.0,0.0,-0.0,0.5,-0.0,-9.202612651924163,8.829000000000008,0.0,-17.53161265192417,0.0,-0.4115131850609556,0.0,-0.5,-0.0,0.0,0.0,0.0,-0.9115131850609556
2.600000000000001,0.0,10.0,9.898353524205683,9.46258643164085,-0.245215153381792,PILOT_ASC_REMOVE_SLACK_ACC,caténaire,,0.4124161336950494,0.5,0.5,0.0,-1.0,0.0,-1.0,0.0,-9.46258643164085,0.0,0.0,-0.0,0.5,-0.0,-9.228637054473188,8.829000000000008,0.0,-17.557637054473197,0.0,-0.4124161336950494,0.0,-0.5,-0.0,0.0,0.0,0.0,-0.9124161336950494
2.700000000000001,0.0,10.0,9.87075859064916,9.435890126461675,-0.2759493355652242,PILOT_ASC_REMOVE_SLACK_ACC,caténaire,,0.41305842477105575,0.5,0.5,0.0,-1.0,0.0,-1.0,0.0,-9.435890126461675,0.0,0.0,-0.0,0.5,-0.0,-9.249325993229691,8.829000000000008,0.0,-17.578325993229697,0.0,-0.41305842477105575,0.0,-0.5,-0.0,0.0,0.0,0.0,-0.9130584247710558
2.800000000000001,0.0,10.0,9.840427534975374,9.409170108290516,-0.3033105567378634,PILOT_ASC_REMOVE_SLACK_ACC,caténaire,,0.4134351520663892,0.5,0.5,0.0,-1.0,0.0,-1.0,0.0,-9.409170108290516,0.0,0.0,-0.0,0.5,-0.0,-9.265764717708912,8.829000000000008,0.0,-17.59476471770892,0.0,-0.4134351520663892,0.0,-0.5,-0.0,0.0,0.0,0.0,-0.9134351520663893
2.9000000000000012,0.0,10.0,9.807754337312804,9.382431271400044,-0.3267319766256966,PILOT_ASC_REMOVE_SLACK_ACC,caténaire,,0.4135549383108636,0.5,0.5,0.0,-1.0,0.0,-1.0,0.0,-9.382431271400044,0.0,0.0,-0.0,0.5,-0.0,-9.278820938556494,8.829000000000008,0.0,-17.6078209385565,0.0,-0.4135549383108636,0.0,-0.5,-0.0,0.0,0.0,0.0,-0.9135549383108637
3.0000000000000013,0.0,10.0,9.773171023886066,9.355677502367316,-0.3458331342673804,PILOT_ASC_REMOVE_SLACK_ACC,caténaire,,0.4134373113872685,0.5,0.5,0.0,-1.0,0.0,-1.0,0.0,-9.355677502367316,0.0,0.0,-0.0,0.5,-0.0,-9.289187235471449,8.829000000000008,0.0,-17.618187235471456,0.0,-0.4134373113872685,0.0,-0.5,-0.0,0.0,0.0,0.0,-0.9134373113872685
3.1000000000000014,0.0,10.0,9.73712959108471,9.328911886636927,-0.3604143280135591,PILOT_ASC_REMOVE_SLACK_ACC,caténaire,,0.41311029035285773,0.5,0.5,0.0,-1.0,0.0,-1.0,0.0,-9.328911886636927,0.0,0.0,-0.0,0.5,-0.0,-9.297415650469329,8.829000000000008,0.0,-17.626415650469337,0.0,-0.41311029035285773,0.0,-0.5,-0.0,0.0,0.0,0.0,-0.9131102903528577
3.2000000000000015,0.0,10.0,9.700085044748564,9.30213687308195,-0.370445463361464,PILOT_ASC_REMOVE_SLACK_ACC,caténaire,,0.41260816763380526,0.5,0.5,0.0,-1.0,0.0,-1.0,0.0,-9.30213687308195,0.0,0.0,-0.0,0.5,-0.0,-9.303945731580118,8.829000000000008,0.0,-17.632945731580126,0.0,-0.41260816763380526,0.0,-0.5,-0.0,0.0,0.0,0.0,-0.9126081676338053
3.3000000000000016,0.0,10.0,9.662480013990479,9.275354404973164,-0.3760503075808552,PILOT_ASC_REMOVE_SLACK_ACC,caténaire,,0.41196946252186517,0.5,0.5,0.0,-1.0,0.0,-1.0,0.0,-9.275354404973163,0.0,0.0,-0.0,0.5,-0.0,-9.309127160821248,8.829000000000008,0.0,-17.638127160821256,0.0,-0.41196946252186517,0.0,-0.5,-0.0,0.0,0.0,0.0,-0.9119694625218652
3.4000000000000017,0.0,10.0,9.624731299340958,9.248566024140926,-0.3774871464952083,PILOT_ASC_REMOVE_SLACK_ACC,caténaire,,0.411235033320891,0.5,0.5,0.0,-1.0,0.0,-1.0,0.0,-9.248566024140926,0.0,0.0,-0.0,0.5,-0.0,-9.313237937320782,8.829000000000008,0.0,-17.64223793732079,0.0,-0.411235033320891,0.0,-0.5,-0.0,0.0,0.0,0.0,-0.911235033320891
3.5000000000000018,0.0,10.0,9.587218613649721,9.221772953760992,-0.3751268569123648,PILOT_ASC_REMOVE_SLACK_ACC,caténaire,,0.41044633638898603,0.5,0.5,0.0,-1.0,0.0,-1.0,0.0,-9.221772953760992,0.0,0.0,-0.0,0.5,-0.0,-9.316498955345061,8.829000000000008,0.0,-17.64549895534507,0.0,-0.41044633638898603,0.0,-0.5,-0.0,0.0,0.0,0.0,-0.9104463363889861
3.600000000000002,0.0,10.0,9.550275674531317,9.194976164121504,-0.3694293911840382,PILOT_ASC_REMOVE_SLACK_ACC,caténaire,,0.40964384083418404,0.5,0.5,0.0,-1.0,0.0,-1.0,0.0,-9.194976164121504,0.0,0.0,-0.0,0.5,-0.0,-9.31908566020841,8.829000000000008,0.0,-17.648085660208416,0.0,-0.40964384083418404,0.0,-0.5,-0.0,0.0,0.0,0.0,-0.909643840834184
3.700000000000002,0.0,10.0,9.514183712311093,9.168176424849904,-0.3609196222022386,PILOT_ASC_REMOVE_SLACK_ACC,caténaire,,0.40886561652228737,0.5,0.5,0.0,-1.0,0.0,-1.0,0.0,-9.168176424849904,0.0,0.0,-0.0,0.5,-0.0,-9.321137352784612,8.829000000000008,0.0,-17.65013735278462,0.0,-0.40886561652228737,0.0,-0.5,-0.0,0.0,0.0,0.0,-0.9088656165222874
3.800000000000002,0.0,10.0,9.479167370064184,9.141374346374908,-0.35016342246907783,PILOT_ASC_REMOVE_SLACK_ACC,caténaire,,0.408146120041416,0.5,0.5,0.0,-1.0,0.0,-1.0,0.0,-9.141374346374908,0.0,0.0,-0.0,0.5,-0.0,-9.322764606504768,8.829000000000008,0.0,-17.651764606504777,0.0,-0.408146120041416,0.0,-0.5,-0.0,0.0,0.0,0.0,-0.908146120041416
3.900000000000002,0.0,10.0,9.445392894585657,9.114570412834556,-0.337744754785262,PILOT_ASC_REMOVE_SLACK_ACC,caténaire,,0.4075152047650069,0.5,0.5,0.0,-1.0,0.0,-1.0,0.0,-9.114570412834556,0.0,0.0,-0.0,0.5,-0.0,-9.324055173291564,8.829000000000008,0.0,-17.65305517329157,0.0,-0.4075152047650069,0.0,-0.5,-0.0,0.0,0.0,0.0,-0.9075152047650069
4.000000000000002,0.0,10.0,9.412968450596614,9.08776500819033,-0.32424443989043605,PILOT_ASC_REMOVE_SLACK_ACC,caténaire,,0.4069973769611203,0.5,0.5,0.0,-1.0,0.0,-1.0,0.0,-9.08776500819033,0.0,0.0,-0.0,0.5,-0.0,-9.325078682030657,8.829000000000008,0.0,-17.654078682030665,0.0,-0.4069973769611203,0.0,-0.5,-0.0,0.0,0.0,0.0,-0.9069973769611204
4.100000000000001,0.0,10.0,9.381946336259599,9.060958436946326,-0.31022114337015383,PILOT_ASC_REMOVE_SLACK_ACC,caténaire,,0.4066113133974131,0.5,0.5,0.0,-1.0,0.0,-1.0,0.0,-9.060958436946326,0.0,0.0,-0.0,0.5,-0.0,-9.32589037441719,8.829000000000008,0.0,-17.6548903744172,0.0,-0.4066113133974131,0.0,-0.5,-0.0,0.0,0.0,0.0,-0.9066113133974131
4.200000000000001,0.0,10.0,9.35232683671251,9.034150940586688,-0.2961949954708962,PILOT_ASC_REMOVE_SLACK_ACC,caténaire,,0.4063696429532456,0.5,0.5,0.0,-1.0,0.0,-1.0,0.0,-9.034150940586688,0.0,0.0,-0.0,0.5,-0.0,-9.326534072992288,8.829000000000008,0.0,-17.655534072992296,0.0,-0.4063696429532456,0.0,-0.5,-0.0,0.0,0.0,0.0,-0.9063696429532456
4.300000000000001,0.0,10.0,9.324063423915936,9.007342710614727,-0.28263412796574744,PILOT_ASC_REMOVE_SLACK_ACC,caténaire,,0.40627898350644626,0.5,0.5,0.0,-1.0,0.0,-1.0,0.0,-9.007342710614727,0.0,0.0,-0.0,0.5,-0.0,-9.327044538710812,8.829000000000008,0.0,-17.65604453871082,0.0,-0.40627898350644626,0.0,-0.5,-0.0,0.0,0.0,0.0,-0.9062789835064462
4.4,0.0,10.0,9.29706899528898,8.98053389889541,-0.2699442862695755,PILOT_ASC_REMOVE_SLACK_ACC,caténaire,,0.40634021441049595,0.5,0.5,0.0,-1.0,0.0,-1.0,0.0,-8.98053389889541,0.0,0.0,-0.0,0.5,-0.0,-9.327449342935394,8.829000000000008,0.0,-17.656449342935403,0.0,-0.40634021441049595,0.0,-0.5,-0.0,0.0,0.0,0.0,-0.906340214410496
4.5,0.0,10.0,9.271222839644931,8.95372462585852,-0.2584615564404742,PILOT_ASC_REMOVE_SLACK_ACC,caténaire,,0.4065489534082723,0.5,0.5,0.0,-1.0,0.0,-1.0,0.0,-8.95372462585852,0.0,0.0,-0.0,0.5,-0.0,-9.32777035330859,8.829000000000008,0.0,-17.6567703533086,0.0,-0.4065489534082723,0.0,-0.5,-0.0,0.0,0.0,0.0,-0.9065489534082722
4.6,0.0,10.0,9.246378025772408,8.926914987004677,-0.24844813872523056,PILOT_ASC_REMOVE_SLACK_ACC,caténaire,,0.406896199278626,0.5,0.5,0.0,-1.0,0.0,-1.0,0.0,-8.926914987004677,0.0,0.0,-0.0,0.5,-0.0,-9.328024912974854,8.829000000000008,0.0,-17.65702491297486,0.0,-0.406896199278626,0.0,-0.5,-0.0,0.0,0.0,0.0,-0.906896199278626
4.699999999999999,0.0,10.0,9.222368925328214,8.900105058065176,-0.2400910044419512,PILOT_ASC_REMOVE_SLACK_ACC,caténaire,,0.40736909646319097,0.5,0.5,0.0,-1.0,0.0,-1.0,0.0,-8.900105058065176,0.0,0.0,-0.0,0.5,-0.0,-9.328226776260253,8.829000000000008,0.0,-17.65722677626026,0.0,-0.40736909646319097,0.0,-0.5,-0.0,0.0,0.0,0.0,-0.907369096463191
4.799999999999999,0.0,10.0,9.199018606019669,8.873294899094025,-0.23350319308543535,PILOT_ASC_REMOVE_SLACK_ACC,caténaire,,0.4079517759857217,0.5,0.5,0.0,-1.0,0.0,-1.0,0.0,-8.873294899094025,0.0,0.0,-0.0,0.5,-0.0,-9.328386851029302,8.829000000000008,0.0,-17.657386851029308,0.0,-0.4079517759857217,0.0,-0.5,-0.0,0.0,0.0,0.0,-0.9079517759857216
4.899999999999999,0.0,10.0,9.176145861744457,8.846484557713143,-0.22872744275210627,PILOT_ASC_REMOVE_SLACK_ACC,caténaire,,0.40862622762111633,0.5,0.5,0.0,-1.0,0.0,-1.0,0.0,-8.846484557713143,0.0,0.0,-0.0,0.5,-0.0,-9.328513787563601,8.829000000000008,0.0,-17.65751378756361,0.0,-0.40862622762111633,0.0,-0.5,-0.0,0.0,0.0,0.0,-0.9086262276211163
4.999999999999998,0.0,10.0,9.15357168176239,8.819674071685819,-0.22574179982066686,PILOT_ASC_REMOVE_SLACK_ACC,caténaire,,0.40937316321315437,0.5,0.5,0.0,-1.0,0.0,-1.0,0.0,-8.819674071685819,0.0,0.0,-0.0,0.5,-0.0,-9.328614445735223,8.829000000000008,0.0,-17.65761444573523,0.0,-0.40937316321315437,0.0,-0.5,-0.0,0.0,0.0,0.0,-0.9093731632131543
5.099999999999998,0.0,10.0,9.131124999442646,8.792863470957553,-0.22446682319745714,PILOT_ASC_REMOVE_SLACK_ACC,caténaire,,0.41017283407853244,0.5,0.5,0.0,-1.0,0.0,-1.0,0.0,-8.792863470957553,0.0,0.0,-0.0,0.5,-0.0,-9.328694265485822,8.829000000000008,0.0,-17.65769426548583,0.0,-0.41017283407853244,0.0,-0.5,-0.0,0.0,0.0,0.0,-0.9101728340785324
5.1999999999999975,0.0,10.0,9.108647601072038,8.76605277927446,-0.22477398370607582,PILOT_ASC_REMOVE_SLACK_ACC,caténaire,,0.41100577421648743,0.5,0.5,0.0,-1.0,0.0,-1.0,0.0,-8.76605277927446,0.0,0.0,-0.0,0.5,-0.0,-9.328757560688386,8.829000000000008,0.0,-17.657757560688395,0.0,-0.41100577421648743,0.0,-0.5,-0.0,0.0,0.0,0.0,-0.9110057742164874
5.299999999999997,0.0,10.0,9.08599811514524,8.739242015466642,-0.22649485926799412,PILOT_ASC_REMOVE_SLACK_ACC,caténaire,,0.4118534483065146,0.5,0.5,0.0,-1.0,0.0,-1.0,0.0,-8.739242015466642,0.0,0.0,-0.0,0.5,-0.0,-9.328807752230894,8.829000000000008,0.0,-17.6578077522309,0.0,-0.4118534483065146,0.0,-0.5,-0.0,0.0,0.0,0.0,-0.9118534483065146
5.399999999999997,0.0,10.0,9.063055041155167,8.712431194465895,-0.22943073990072704,PILOT_ASC_REMOVE_SLACK_ACC,caténaire,,0.41269879038315815,0.5,0.5,0.0,-1.0,0.0,-1.0,0.0,-8.712431194465895,0.0,0.0,-0.0,0.5,-0.0,-9.32884755284359,8.829000000000008,0.0,-17.6578475528436,0.0,-0.41269879038315815,0.0,-0.5,-0.0,0.0,0.0,0.0,-0.9126987903831582
5.4999999999999964,0.0,10.0,9.039718813007793,8.68562032811275,-0.23336228147374505,PILOT_ASC_REMOVE_SLACK_ACC,caténaire,,0.4135266264626518,0.5,0.5,0.0,-1.0,0.0,-1.0,0.0,-8.68562032811275,0.0,0.0,-0.0,0.5,-0.0,-9.328879113679363,8.829000000000008,0.0,-17.65787911367937,0.0,-0.4135266264626518,0.0,-0.5,-0.0,0.0,0.0,0.0,-0.9135266264626518
5.599999999999996,0.0,10.0,9.01591292484532,8.65880942579643,-0.23805888162471844,PILOT_ASC_REMOVE_SLACK_ACC,caténaire,,0.41432398053353126,0.5,0.5,0.0,-1.0,0.0,-1.0,0.0,-8.65880942579643,0.0,0.0,-0.0,0.5,-0.0,-9.328904140571167,8.829000000000008,0.0,-17.657904140571176,0.0,-0.41432398053353126,0.0,-0.5,-0.0,0.0,0.0,0.0,-0.9143239805335313
5.699999999999996,0.0,10.0,8.9915841755308,8.631998494962337,-0.24328749314520984,PILOT_ASC_REMOVE_SLACK_ACC,caténaire,,0.4150802683578844,0.5,0.5,0.0,-1.0,0.0,-1.0,0.0,-8.631998494962337,0.0,0.0,-0.0,0.5,-0.0,-9.328923986209022,8.829000000000008,0.0,-17.657923986209028,0.0,-0.4150802683578844,0.0,-0.5,-0.0,0.0,0.0,0.0,-0.9150802683578845
5.799999999999995,0.0,10.0,8.966702111795449,8.605187541514463,-0.24882063735350984,PILOT_ASC_REMOVE_SLACK_ACC,caténaire,,0.41578738737777965,0.5,0.5,0.0,-1.0,0.0,-1.0,0.0,-8.605187541514463,0.0,0.0,-0.0,0.5,-0.0,-9.328939723248135,8.829000000000008,0.0,-17.65793972324814,0.0,-0.41578738737777965,0.0,-0.5,-0.0,0.0,0.0,0.0,-0.9157873873777796
5.899999999999995,0.0,10.0,8.941257768757602,8.578376570134516,-0.2544434303784877,PILOT_ASC_REMOVE_SLACK_ACC,caténaire,,0.4164397138199438,0.5,0.5,0.0,-1.0,0.0,-1.0,0.0,-8.578376570134516,0.0,0.0,-0.0,0.5,-0.0,-9.328952202272687,8.829000000000008,0.0,-17.657952202272696,0.0,-0.4164397138199438,0.0,-0.5,-0.0,0.0,0.0,0.0,-0.9164397138199438
5.999999999999995,0.0,10.0,8.915261820069436,8.551565584534952,-0.25995948688166753,PILOT_ASC_REMOVE_SLACK_ACC,caténaire,,0.4170340185144556,0.5,0.5,0.0,-1.0,0.0,-1.0,0.0,-8.551565584534952,0.0,0.0,-0.0,0.5,-0.0,-9.328962097786365,8.829000000000008,0.0,-17.657962097786374,0.0,-0.4170340185144556,0.0,-0.5,-0.0,0.0,0.0,0.0,-0.9170340185144557
6.099999999999994,0.0,10.0,8.888742258398937,8.524754587659643,-0.26519561670499525,PILOT_ASC_REMOVE_SLACK_ACC,caténaire,,0.41756931619101406,0.5,0.5,0.0,-1.0,0.0,-1.0,0.0,-8.524754587659643,0.0,0.0,-0.0,0.5,-0.0,-9.328969944645811,8.829000000000008,0.0,-17.65796994464582,0.0,-0.41756931619101406,0.0,-0.5,-0.0,0.0,0.0,0.0,-0.9175693161910141
6.199999999999994,0.0,10.0,8.86174173053751,8.497943581842998,-0.27000527861426016,PILOT_ASC_REMOVE_SLACK_ACC,caténaire,,0.41804666011004726,0.5,0.5,0.0,-1.0,0.0,-1.0,0.0,-8.497943581842998,0.0,0.0,-0.0,0.5,-0.0,-9.328976166978709,8.829000000000008,0.0,-17.657976166978717,0.0,-0.41804666011004726,0.0,-0.5,-0.0,0.0,0.0,0.0,-0.9180466601100472
6.299999999999994,0.0,10.0,8.834314650505743,8.471132568936131,-0.2742708003176714,PILOT_ASC_REMOVE_SLACK_ACC,caténaire,,0.4184688952343537,0.5,0.5,0.0,-1.0,0.0,-1.0,0.0,-8.471132568936131,0.0,0.0,-0.0,0.5,-0.0,-9.328981101110525,8.829000000000008,0.0,-17.657981101110533,0.0,-0.4184688952343537,0.0,-0.5,-0.0,0.0,0.0,0.0,-0.9184688952343537
6.399999999999993,0.0,10.0,8.8065242090915,8.444321550406928,-0.2779044141424415,PILOT_ASC_REMOVE_SLACK_ACC,caténaire,,0.4188403819413481,0.5,0.5,0.0,-1.0,0.0,-1.0,0.0,-8.444321550406928,0.0,0.0,-0.0,0.5,-0.0,-9.328985013732211,8.829000000000008,0.0,-17.65798501373222,0.0,-0.4188403819413481,0.0,-0.5,-0.0,0.0,0.0,0.0,-0.9188403819413481
6.499999999999993,0.0,10.0,8.778439389862527,8.417510527419374,-0.28084819228972124,PILOT_ASC_REMOVE_SLACK_ACC,caténaire,,0.4191667014684813,0.5,0.5,0.0,-1.0,0.0,-1.0,0.0,-8.417510527419374,0.0,0.0,-0.0,0.5,-0.0,-9.328988116328631,8.829000000000008,0.0,-17.65798811632864,0.0,-0.4191667014684813,0.0,-0.5,-0.0,0.0,0.0,0.0,-0.9191667014684812
6.5999999999999925,0.0,10.0,8.750132090475013,8.39069950089648,-0.2830729938751334,PILOT_ASC_REMOVE_SLACK_ACC,caténaire,,0.41945435339819803,0.5,0.5,0.0,-1.0,0.0,-1.0,0.0,-8.39069950089648,0.0,0.0,-0.0,0.5,-0.0,-9.32899057659697,8.829000000000008,0.0,-17.65799057659698,0.0,-0.41945435339819803,0.0,-0.5,-0.0,0.0,0.0,0.0,-0.919454353398198
6.699999999999992,0.0,10.0,8.721674434706967,8.363888471570165,-0.2845765576804646,PILOT_ASC_REMOVE_SLACK_ACC,caténaire,,0.41971045458621675,0.5,0.5,0.0,-1.0,0.0,-1.0,0.0,-8.363888471570165,0.0,0.0,-0.0,0.5,-0.0,-9.32899252751649,8.829000000000008,0.0,-17.657992527516498,0.0,-0.41971045458621675,0.0,-0.5,-0.0,0.0,0.0,0.0,-0.9197104545862167
6.799999999999992,0.0,10.0,8.6931363457445,8.337077440020819,-0.2853808896246855,PILOT_ASC_REMOVE_SLACK_ACC,caténaire,,0.41994244806428443,0.5,0.5,0.0,-1.0,0.0,-1.0,0.0,-8.337077440020819,0.0,0.0,-0.0,0.5,-0.0,-9.328994074540551,8.829000000000008,0.0,-17.65799407454056,0.0,-0.41994244806428443,0.0,-0.5,-0.0,0.0,0.0,0.0,-0.9199424480642844
6.8999999999999915,0.0,10.0,8.664583435487488,8.310266406708676,-0.2855291025701109,PILOT_ASC_REMOVE_SLACK_ACC,caténaire,,0.42015782938897267,0.5,0.5,0.0,-1.0,0.0,-1.0,0.0,-8.310266406708676,0.0,0.0,-0.0,0.5,-0.0,-9.328995301282998,8.829000000000008,0.0,-17.657995301283005,0.0,-0.42015782938897267,0.0,-0.5,-0.0,0.0,0.0,0.0,-0.9201578293889727
6.999999999999991,0.0,10.0,8.636075248630217,8.283455371998684,-0.28508186857270384,PILOT_ASC_REMOVE_SLACK_ACC,caténaire,,0.42036389696763227,0.5,0.5,0.0,-1.0,0.0,-1.0,0.0,-8.283455371998684,0.0,0.0,-0.0,0.5,-0.0,-9.328996274056143,8.829000000000008,0.0,-17.657996274056153,0.0,-0.42036389696763227,0.0,-0.5,-0.0,0.0,0.0,0.0,-0.9203638969676322
7.099999999999991,0.0,10.0,8.607663884570956,8.25664433618024,-0.28411364059261096,PILOT_ASC_REMOVE_SLACK_ACC,caténaire,,0.4205675321272071,0.5,0.5,0.0,-1.0,0.0,-1.0,0.0,-8.25664433618024,0.0,0.0,-0.0,0.5,-0.0,-9.328997045435903,8.829000000000008,0.0,-17.657997045435913,0.0,-0.4205675321272071,0.0,-0.5,-0.0,0.0,0.0,0.0,-0.9205675321272071
7.19999999999999,0.0,10.0,8.579393005304597,8.229833299482827,-0.2827087926635882,PILOT_ASC_REMOVE_SLACK_ACC,caténaire,,0.4207750128786494,0.5,0.5,0.0,-1.0,0.0,-1.0,0.0,-8.229833299482827,0.0,0.0,-0.0,0.5,-0.0,-9.328997657117357,8.829000000000008,0.0,-17.657997657117363,0.0,-0.4207750128786494,0.0,-0.5,-0.0,0.0,0.0,0.0,-0.9207750128786494
7.29999999999999,0.0,10.0,8.551297223770815,8.203022262088416,-0.28095781533781944,PILOT_ASC_REMOVE_SLACK_ACC,caténaire,,0.4209918645908255,0.5,0.5,0.0,-1.0,0.0,-1.0,0.0,-8.203022262088416,0.0,0.0,-0.0,0.5,-0.0,-9.328998142163348,8.829000000000008,0.0,-17.657998142163358,0.0,-0.4209918645908255,0.0,-0.5,-0.0,0.0,0.0,0.0,-0.9209918645908255
7.39999999999999,0.0,10.0,8.523401855000998,8.176211224141307,-0.27895368769817064,PILOT_ASC_REMOVE_SLACK_ACC,caténaire,,0.42122274928191716,0.5,0.5,0.0,-1.0,0.0,-1.0,0.0,-8.176211224141307,0.0,0.0,-0.0,0.5,-0.0,-9.32899852678953,8.829000000000008,0.0,-17.657998526789537,0.0,-0.42122274928191716,0.0,-0.5,-0.0,0.0,0.0,0.0,-0.9212227492819172
7.499999999999989,0.0,10.0,8.495723002079506,8.149400185755923,-0.27678852921491726,PILOT_ASC_REMOVE_SLACK_ACC,caténaire,,0.4214713939032908,0.5,0.5,0.0,-1.0,0.0,-1.0,0.0,-8.149400185755923,0.0,0.0,-0.0,0.5,-0.0,-9.32899883178844,8.829000000000008,0.0,-17.657998831788447,0.0,-0.4214713939032908,0.0,-0.5,-0.0,0.0,0.0,0.0,-0.9214713939032908
7.599999999999989,0.0,10.0,8.46826794057271,8.122589147023001,-0.2745506150679534,PILOT_ASC_REMOVE_SLACK_ACC,caténaire,,0.42174055667459415,0.5,0.5,0.0,-1.0,0.0,-1.0,0.0,-8.122589147023001,0.0,0.0,-0.0,0.5,-0.0,-9.328999073642057,8.829000000000008,0.0,-17.657999073642067,0.0,-0.42174055667459415,0.0,-0.5,-0.0,0.0,0.0,0.0,-0.9217405566745942
7.699999999999989,0.0,10.0,8.441035758764938,8.095778108014493,-0.27232181807772776,PILOT_ASC_REMOVE_SLACK_ACC,caténaire,,0.4220320292966522,0.5,0.5,0.0,-1.0,0.0,-1.0,0.0,-8.095778108014493,0.0,0.0,-0.0,0.5,-0.0,-9.328999265425454,8.829000000000008,0.0,-17.65799926542546,0.0,-0.4220320292966522,0.0,-0.5,-0.0,0.0,0.0,0.0,-0.9220320292966522
7.799999999999988,0.0,10.0,8.414018206779595,8.068967068787453,-0.2701755198534369,PILOT_ASC_REMOVE_SLACK_ACC,caténaire,,0.4223466717867382,0.5,0.5,0.0,-1.0,0.0,-1.0,0.0,-8.068967068787453,0.0,0.0,-0.0,0.5,-0.0,-9.328999417502759,8.829000000000008,0.0,-17.657999417502765,0.0,-0.4223466717867382,0.0,-0.5,-0.0,0.0,0.0,0.0,-0.9223466717867381
7.899999999999988,0.0,10.0,8.387200705393049,8.04215602938712,-0.2681750138654739,PILOT_ASC_REMOVE_SLACK_ACC,caténaire,,0.4226844755668493,0.5,0.5,0.0,-1.0,0.0,-1.0,0.0,-8.04215602938712,0.0,0.0,-0.0,0.5,-0.0,-9.328999538098275,8.829000000000008,0.0,-17.65799953809828,0.0,-0.4226844755668493,0.0,-0.5,-0.0,0.0,0.0,0.0,-0.9226844755668493
7.999999999999988,0.0,10.0,8.36056346494496,8.015344989849376,-0.2663724044809026,PILOT_ASC_REMOVE_SLACK_ACC,caténaire,,0.42304465060359947,0.5,0.5,0.0,-1.0,0.0,-1.0,0.0,-8.015344989849376,0.0,0.0,-0.0,0.5,-0.0,-9.328999633724196,8.829000000000008,0.0,-17.657999633724202,0.0,-0.42304465060359947,0.0,-0.5,-0.0,0.0,0.0,0.0,-0.9230446506035994
8.099999999999987,0.0,10.0,8.334082666038492,7.988533950202666,-0.26480798906467345,PILOT_ASC_REMOVE_SLACK_ACC,caténaire,,0.42342573028801495,0.5,0.5,0.0,-1.0,0.0,-1.0,0.0,-7.988533950202666,0.0,0.0,-0.0,0.5,-0.0,-9.328999709554555,8.829000000000008,0.0,-17.657999709554563,0.0,-0.42342573028801495,0.0,-0.5,-0.0,0.0,0.0,0.0,-0.9234257302880149
8.199999999999987,0.0,10.0,8.307731656494811,7.9617229104695495,-0.2635100954368148,PILOT_ASC_REMOVE_SLACK_ACC,caténaire,,0.42382568935547155,0.5,0.5,0.0,-1.0,0.0,-1.0,0.0,-7.9617229104695495,0.0,0.0,-0.0,0.5,-0.0,-9.328999769685428,8.829000000000008,0.0,-17.657999769685436,0.0,-0.42382568935547155,0.0,-0.5,-0.0,0.0,0.0,0.0,-0.9238256893554715
8.299999999999986,0.0,10.0,8.28148212303799,7.934911870667915,-0.2624953345682205,PILOT_ASC_REMOVE_SLACK_ACC,caténaire,,0.4242420691273746,0.5,0.5,0.0,-1.0,0.0,-1.0,0.0,-7.934911870667915,0.0,0.0,-0.0,0.5,-0.0,-9.328999817367354,8.829000000000008,0.0,-17.65799981736736,0.0,-0.4242420691273746,0.0,-0.5,-0.0,0.0,0.0,0.0,-0.9242420691273746
8.399999999999986,0.0,10.0,8.25530520118118,7.908100830811948,-0.26176921856808977,PILOT_ASC_REMOVE_SLACK_ACC,caténaire,,0.4246721049241081,0.5,0.5,0.0,-1.0,0.0,-1.0,0.0,-7.908100830811948,0.0,0.0,-0.0,0.5,-0.0,-9.328999855177768,8.829000000000008,0.0,-17.657999855177778,0.0,-0.4246721049241081,0.0,-0.5,-0.0,0.0,0.0,0.0,-0.9246721049241081
8.499999999999986,0.0,10.0,8.229172492497744,7.881289790912898,-0.26132708683435807,PILOT_ASC_REMOVE_SLACK_ACC,caténaire,,0.42511285092980683,0.5,0.5,0.0,-1.0,0.0,-1.0,0.0,-7.881289790912898,0.0,0.0,-0.0,0.5,-0.0,-9.328999885160073,8.829000000000008,0.0,-17.65799988516008,0.0,-0.42511285092980683,0.0,-0.5,-0.0,0.0,0.0,0.0,-0.9251128509298068
8.599999999999985,0.0,10.0,8.203056964629823,7.854478750979682,-0.2611552786792044,PILOT_ASC_REMOVE_SLACK_ACC,caténaire,,0.42556129837925205,0.5,0.5,0.0,-1.0,0.0,-1.0,0.0,-7.854478750979682,0.0,0.0,-0.0,0.5,-0.0,-9.328999908935517,8.829000000000008,0.0,-17.657999908935523,0.0,-0.42556129837925205,0.0,-0.5,-0.0,0.0,0.0,0.0,-0.925561298379252
8.699999999999985,0.0,10.0,8.176933715760356,7.827667711019376,-0.2612324886946643,PILOT_ASC_REMOVE_SLACK_ACC,caténaire,,0.42601448362840594,0.5,0.5,0.0,-1.0,0.0,-1.0,0.0,-7.827667711019376,0.0,0.0,-0.0,0.5,-0.0,-9.328999927788495,8.829000000000008,0.0,-17.657999927788502,0.0,-0.42601448362840594,0.0,-0.5,-0.0,0.0,0.0,0.0,-0.9260144836284059
8.799999999999985,0.0,10.0,8.150780591619803,7.800856671037587,-0.2615312414055246,PILOT_ASC_REMOVE_SLACK_ACC,caténaire,,0.4264695834176624,0.5,0.5,0.0,-1.0,0.0,-1.0,0.0,-7.800856671037587,0.0,0.0,-0.0,0.5,-0.0,-9.328999942738236,8.829000000000008,0.0,-17.657999942738243,0.0,-0.4264695834176624,0.0,-0.5,-0.0,0.0,0.0,0.0,-0.9264695834176624
8.899999999999984,0.0,10.0,8.124578649207233,7.774045631038763,-0.2620194241257109,PILOT_ASC_REMOVE_SLACK_ACC,caténaire,,0.4269239954001897,0.5,0.5,0.0,-1.0,0.0,-1.0,0.0,-7.774045631038763,0.0,0.0,-0.0,0.5,-0.0,-9.3289999545932,8.829000000000008,0.0,-17.65799995459321,0.0,-0.4269239954001897,0.0,-0.5,-0.0,0.0,0.0,0.0,-0.9269239954001898
8.999999999999984,0.0,10.0,8.09831246709697,7.74723459102643,-0.26266182110263003,PILOT_ASC_REMOVE_SLACK_ACC,caténaire,,0.42737540277080016,0.5,0.5,0.0,-1.0,0.0,-1.0,0.0,-7.74723459102643,0.0,0.0,-0.0,0.5,-0.0,-9.328999963993729,8.829000000000008,0.0,-17.65799996399374,0.0,-0.42737540277080016,0.0,-0.5,-0.0,0.0,0.0,0.0,-0.9273754027708001
9.099999999999984,0.0,10.0,8.071970307328717,7.720423551003386,-0.26342159768254725,PILOT_ASC_REMOVE_SLACK_ACC,caténaire,,0.42782182245290545,0.5,0.5,0.0,-1.0,0.0,-1.0,0.0,-7.720423551003386,0.0,0.0,-0.0,0.5,-0.0,-9.328999971447892,8.829000000000008,0.0,-17.6579999714479,0.0,-0.42782182245290545,0.0,-0.5,-0.0,0.0,0.0,0.0,-0.9278218224529055
9.199999999999983,0.0,10.0,8.045544138326443,7.693612510971848,-0.26426169002273625,PILOT_ASC_REMOVE_SLACK_ACC,caténaire,,0.4282616370517246,0.5,0.5,0.0,-1.0,0.0,-1.0,0.0,-7.693612510971848,0.0,0.0,-0.0,0.5,-0.0,-9.328999977359304,8.829000000000008,0.0,-17.65799997735931,0.0,-0.4282616370517246,0.0,-0.5,-0.0,0.0,0.0,0.0,-0.9282616370517246
9.299999999999983,0.0,10.0,8.019029531979244,7.666801470933574,-0.26514606347199443,PILOT_ASC_REMOVE_SLACK_ACC,caténaire,,0.4286936112170691,0.5,0.5,0.0,-1.0,0.0,-1.0,0.0,-7.666801470933574,0.0,0.0,-0.0,0.5,-0.0,-9.328999982046282,8.829000000000008,0.0,-17.65799998204629,0.0,-0.4286936112170691,0.0,-0.5,-0.0,0.0,0.0,0.0,-0.9286936112170692
9.399999999999983,0.0,10.0,7.992425450898575,7.639990430889959,-0.266040810806685,PILOT_ASC_REMOVE_SLACK_ACC,caténaire,,0.4291168935515464,0.5,0.5,0.0,-1.0,0.0,-1.0,0.0,-7.639990430889959,0.0,0.0,-0.0,0.5,-0.0,-9.328999985763474,8.829000000000008,0.0,-17.65799998576348,0.0,-0.4291168935515464,0.0,-0.5,-0.0,0.0,0.0,0.0,-0.9291168935515464
9.499999999999982,0.0,10.0,7.965733943925686,7.613179390842109,-0.2669150697288885,PILOT_ASC_REMOVE_SLACK_ACC,caténaire,,0.4295310055488138,0.5,0.5,0.0,-1.0,0.0,-1.0,0.0,-7.613179390842109,0.0,0.0,-0.0,0.5,-0.0,-9.328999988711145,8.829000000000008,0.0,-17.657999988711154,0.0,-0.4295310055488138,0.0,-0.5,-0.0,0.0,0.0,0.0,-0.9295310055488137
9.599999999999982,0.0,10.0,7.938959769213967,7.5863683507909005,-0.26774174711719223,PILOT_ASC_REMOVE_SLACK_ACC,caténaire,,0.42993581930669417,0.5,0.5,0.0,-1.0,0.0,-1.0,0.0,-7.5863683507909005,0.0,0.0,-0.0,0.5,-0.0,-9.328999991047525,8.829000000000008,0.0,-17.657999991047532,0.0,-0.42993581930669417,0.0,-0.5,-0.0,0.0,0.0,0.0,-0.9299358193066942
9.699999999999982,0.0,10.0,7.91210996469265,7.559557310737029,-0.2684980452131618,PILOT_ASC_REMOVE_SLACK_ACC,caténaire,,0.43033152593228663,0.5,0.5,0.0,-1.0,0.0,-1.0,0.0,-7.559557310737029,0.0,0.0,-0.0,0.5,-0.0,-9.328999992901176,8.829000000000008,0.0,-17.657999992901182,0.0,-0.43033152593228663,0.0,-0.5,-0.0,0.0,0.0,0.0,-0.9303315259322866
9.799999999999981,0.0,10.0,7.885193385491612,7.532746270681045,-0.2691657920103861,PILOT_ASC_REMOVE_SLACK_ACC,caténaire,,0.43071859664741746,0.5,0.5,0.0,-1.0,0.0,-1.0,0.0,-7.532746270681045,0.0,0.0,-0.0,0.5,-0.0,-9.328999994370994,8.829000000000008,0.0,-17.657999994371004,0.0,-0.43071859664741746,0.0,-0.5,-0.0,0.0,0.0,0.0,-0.9307185966474174
9.89999999999998,0.0,10.0,7.858220227050325,7.505935230623387,-0.2697315844128698,PILOT_ASC_REMOVE_SLACK_ACC,caténaire,,0.43109773862105744,0.5,0.5,0.0,-1.0,0.0,-1.0,0.0,-7.505935230623387,0.0,0.0,-0.0,0.5,-0.0,-9.328999995536092,8.829000000000008,0.0,-17.657999995536102,0.0,-0.43109773862105744,0.0,-0.5,-0.0,0.0,0.0,0.0,-0.9310977386210575
9.99999999999998,0.0,10.0,7.8312015512389355,7.4791241905644,-0.27018675811389564,PILOT_ASC_REMOVE_SLACK_ACC,caténaire,,0.43146984750844697,0.5,0.5,0.0,-1.0,0.0,-1.0,0.0,-7.4791241905644,0.0,0.0,-0.0,0.5,-0.0,-9.328999996460755,8.829000000000008,0.0,-17.657999996460763,0.0,-0.43146984750844697,0.0,-0.5,-0.0,0.0,0.0,0.0,-0.931469847508447
10.09999999999998,0.0,10.0,7.8041488309862,7.452313150504361,-0.27052720252735113,PILOT_ASC_REMOVE_SLACK_ACC,caténaire,,0.4318359586088172,0.5,0.5,0.0,-1.0,0.0,-1.0,0.0,-7.452313150504361,0.0,0.0,-0.0,0.5,-0.0,-9.328999997193192,8.829000000000008,0.0,-17.6579999971932,0.0,-0.4318359586088172,0.0,-0.5,-0.0,0.0,0.0,0.0,-0.9318359586088172
10.19999999999998,0.0,10.0,7.777073526742678,7.425502110443487,-0.2707530424352291,PILOT_ASC_REMOVE_SLACK_ACC,caténaire,,0.43219719826729697,0.5,0.5,0.0,-1.0,0.0,-1.0,0.0,-7.425502110443487,0.0,0.0,-0.0,0.5,-0.0,-9.328999997774197,8.829000000000008,0.0,-17.657999997774205,0.0,-0.43219719826729697,0.0,-0.5,-0.0,0.0,0.0,0.0,-0.932197198267297
10.29999999999998,0.0,10.0,7.749986705713534,7.39869107038195,-0.2708682102914364,PILOT_ASC_REMOVE_SLACK_ACC,caténaire,,0.4325547372369587,0.5,0.5,0.0,-1.0,0.0,-1.0,0.0,-7.39869107038195,0.0,0.0,-0.0,0.5,-0.0,-9.328999998235291,8.829000000000008,0.0,-17.657999998235297,0.0,-0.4325547372369587,0.0,-0.5,-0.0,0.0,0.0,0.0,-0.9325547372369587
10.399999999999979,0.0,10.0,7.722898712276252,7.371880030319889,-0.2708799343728205,PILOT_ASC_REMOVE_SLACK_ACC,caténaire,,0.4329097472236331,0.5,0.5,0.0,-1.0,0.0,-1.0,0.0,-7.371880030319889,0.0,0.0,-0.0,0.5,-0.0,-9.328999998600583,8.829000000000008,0.0,-17.65799999860059,0.0,-0.4329097472236331,0.0,-0.5,-0.0,0.0,0.0,0.0,-0.9329097472236332
10.499999999999979,0.0,10.0,7.695818895450819,7.345068990257411,-0.2707981682543262,PILOT_ASC_REMOVE_SLACK_ACC,caténaire,,0.4332633617451893,0.5,0.5,0.0,-1.0,0.0,-1.0,0.0,-7.345068990257411,0.0,0.0,-0.0,0.5,-0.0,-9.328999998890467,8.829000000000008,0.0,-17.657999998890475,0.0,-0.4332633617451893,0.0,-0.5,-0.0,0.0,0.0,0.0,-0.9332633617451893
10.599999999999978,0.0,10.0,7.668755396801483,7.318257950194603,-0.2706349864933631,PILOT_ASC_REMOVE_SLACK_ACC,caténaire,,0.4336166421715443,0.5,0.5,0.0,-1.0,0.0,-1.0,0.0,-7.318257950194603,0.0,0.0,-0.0,0.5,-0.0,-9.328999999119779,8.829000000000008,0.0,-17.657999999119788,0.0,-0.4336166421715443,0.0,-0.5,-0.0,0.0,0.0,0.0,-0.9336166421715443
10.699999999999978,0.0,10.0,7.641714999796852,7.291446910131533,-0.2704039700463202,PILOT_ASC_REMOVE_SLACK_ACC,caténaire,,0.43397054955375597,0.5,0.5,0.0,-1.0,0.0,-1.0,0.0,-7.291446910131533,0.0,0.0,-0.0,0.5,-0.0,-9.328999999302114,8.829000000000008,0.0,-17.65799999930212,0.0,-0.43397054955375597,0.0,-0.5,-0.0,0.0,0.0,0.0,-0.933970549553756
10.799999999999978,0.0,10.0,7.614703039503839,7.264635870068256,-0.2701196029301277,PILOT_ASC_REMOVE_SLACK_ACC,caténaire,,0.43432592260485425,0.5,0.5,0.0,-1.0,0.0,-1.0,0.0,-7.264635870068256,0.0,0.0,-0.0,0.5,-0.0,-9.328999999446749,8.829000000000008,0.0,-17.65799999944676,0.0,-0.43432592260485425,0.0,-0.5,-0.0,0.0,0.0,0.0,-0.9343259226048543
10.899999999999977,0.0,10.0,7.587723369592275,7.237824830004814,-0.26979669911564264,PILOT_ASC_REMOVE_SLACK_ACC,caténaire,,0.43468346195876717,0.5,0.5,0.0,-1.0,0.0,-1.0,0.0,-7.237824830004814,0.0,0.0,-0.0,0.5,-0.0,-9.328999999561093,8.829000000000008,0.0,-17.6579999995611,0.0,-0.43468346195876717,0.0,-0.5,-0.0,0.0,0.0,0.0,-0.9346834619587672
10.999999999999977,0.0,10.0,7.560778382018952,7.211013789941242,-0.26944987573323187,PILOT_ASC_REMOVE_SLACK_ACC,caténaire,,0.43504372061416036,0.5,0.5,0.0,-1.0,0.0,-1.0,0.0,-7.211013789941242,0.0,0.0,-0.0,0.5,-0.0,-9.328999999651954,8.829000000000008,0.0,-17.657999999651963,0.0,-0.43504372061416036,0.0,-0.5,-0.0,0.0,0.0,0.0,-0.9350437206141604
11.099999999999977,0.0,10.0,7.533869073467037,7.184202749877566,-0.26909308551914535,PILOT_ASC_REMOVE_SLACK_ACC,caténaire,,0.4354071002731621,0.5,0.5,0.0,-1.0,0.0,-1.0,0.0,-7.184202749877566,0.0,0.0,-0.0,0.5,-0.0,-9.328999999723653,8.829000000000008,0.0,-17.65799999972366,0.0,-0.4354071002731621,0.0,-0.5,-0.0,0.0,0.0,0.0,-0.9354071002731621
11.199999999999976,0.0,10.0,7.506995151650665,7.157391709813808,-0.2687392181637211,PILOT_ASC_REMOVE_SLACK_ACC,caténaire,,0.4357738531163808,0.5,0.5,0.0,-1.0,0.0,-1.0,0.0,-7.157391709813808,0.0,0.0,-0.0,0.5,-0.0,-9.328999999781134,8.829000000000008,0.0,-17.65799999978114,0.0,-0.4357738531163808,0.0,-0.5,-0.0,0.0,0.0,0.0,-0.9357738531163808
11.299999999999976,0.0,10.0,7.480155173954701,7.1305806697499845,-0.2683997769596347,PILOT_ASC_REMOVE_SLACK_ACC,caténaire,,0.4361440883960671,0.5,0.5,0.0,-1.0,0.0,-1.0,0.0,-7.1305806697499845,0.0,0.0,-0.0,0.5,-0.0,-9.328999999826873,8.829000000000008,0.0,-17.65799999982688,0.0,-0.4361440883960671,0.0,-0.5,-0.0,0.0,0.0,0.0,-0.9361440883960671
11.399999999999975,0.0,10.0,7.453346710554843,7.103769629686109,-0.2680846339985768,PILOT_ASC_REMOVE_SLACK_ACC,caténaire,,0.4365177832095296,0.5,0.5,0.0,-1.0,0.0,-1.0,0.0,-7.103769629686109,0.0,0.0,-0.0,0.5,-0.0,-9.328999999862722,8.829000000000008,0.0,-17.65799999986273,0.0,-0.4365177832095296,0.0,-0.5,-0.0,0.0,0.0,0.0,-0.9365177832095296
11.499999999999975,0.0,10.0,7.42656652413268,7.076958589622194,-0.26780186422163044,PILOT_ASC_REMOVE_SLACK_ACC,caténaire,,0.43689479658184943,0.5,0.5,0.0,-1.0,0.0,-1.0,0.0,-7.076958589622194,0.0,0.0,-0.0,0.5,-0.0,-9.328999999890536,8.829000000000008,0.0,-17.657999999890542,0.0,-0.43689479658184943,0.0,-0.5,-0.0,0.0,0.0,0.0,-0.9368947965818495
11.599999999999975,0.0,10.0,7.399810758535717,7.050147549558246,-0.26755765596962927,PILOT_ASC_REMOVE_SLACK_ACC,caténaire,,0.4372748861094028,0.5,0.5,0.0,-1.0,0.0,-1.0,0.0,-7.050147549558246,0.0,0.0,-0.0,0.5,-0.0,-9.328999999913407,8.829000000000008,0.0,-17.657999999913415,0.0,-0.4372748861094028,0.0,-0.5,-0.0,0.0,0.0,0.0,-0.9372748861094028
11.699999999999974,0.0,10.0,7.373075129199202,7.023336509494272,-0.2673562933651568,PILOT_ASC_REMOVE_SLACK_ACC,caténaire,,0.43765772633036343,0.5,0.5,0.0,-1.0,0.0,-1.0,0.0,-7.023336509494272,0.0,0.0,-0.0,0.5,-0.0,-9.32899999993133,8.829000000000008,0.0,-17.657999999931338,0.0,-0.43765772633036343,0.0,-0.5,-0.0,0.0,0.0,0.0,-0.9376577263303634
11.799999999999974,0.0,10.0,7.346355108806173,6.996525469430278,-0.2672002039302843,PILOT_ASC_REMOVE_SLACK_ACC,caténaire,,0.43804292802348344,0.5,0.5,0.0,-1.0,0.0,-1.0,0.0,-6.996525469430277,0.0,0.0,-0.0,0.5,-0.0,-9.328999999946165,8.829000000000008,0.0,-17.65799999994617,0.0,-0.43804292802348344,0.0,-0.5,-0.0,0.0,0.0,0.0,-0.9380429280234834
11.899999999999974,0.0,10.0,7.319646102473251,6.969714429366267,-0.2670900633292212,PILOT_ASC_REMOVE_SLACK_ACC,caténaire,,0.4384300576884636,0.5,0.5,0.0,-1.0,0.0,-1.0,0.0,-6.969714429366267,0.0,0.0,-0.0,0.5,-0.0,-9.328999999956672,8.829000000000008,0.0,-17.65799999995668,0.0,-0.4384300576884636,0.0,-0.5,-0.0,0.0,0.0,0.0,-0.9384300576884637
11.999999999999973,0.0,10.0,7.292943607670055,6.942903389302243,-0.2670249480319605,PILOT_ASC_REMOVE_SLACK_ACC,caténaire,,0.43881865653056207,0.5,0.5,0.0,-1.0,0.0,-1.0,0.0,-6.942903389302243,0.0,0.0,-0.0,0.5,-0.0,-9.328999999965944,8.829000000000008,0.0,-17.657999999965952,0.0,-0.43881865653056207,0.0,-0.5,-0.0,0.0,0.0,0.0,-0.9388186565305621
12.099999999999973,0.0,10.0,7.2662433550682515,6.91609234923821,-0.267002526018035,PILOT_ASC_REMOVE_SLACK_ACC,caténaire,,0.43920825835827937,0.5,0.5,0.0,-1.0,0.0,-1.0,0.0,-6.91609234923821,0.0,0.0,-0.0,0.5,-0.0,-9.328999999972742,8.829000000000008,0.0,-17.657999999972752,0.0,-0.43920825835827937,0.0,-0.5,-0.0,0.0,0.0,0.0,-0.9392082583582794
12.199999999999973,0.0,10.0,7.239541427532294,6.889281309174168,-0.2670192753595787,PILOT_ASC_REMOVE_SLACK_ACC,caténaire,,0.43959840590085525,0.5,0.5,0.0,-1.0,0.0,-1.0,0.0,-6.889281309174168,0.0,0.0,-0.0,0.5,-0.0,-9.328999999978922,8.829000000000008,0.0,-17.65799999997893,0.0,-0.43959840590085525,0.0,-0.5,-0.0,0.0,0.0,0.0,-0.9395984059008553
12.299999999999972,0.0,10.0,7.212834355471328,6.862470269110119,-0.26707072060966297,PILOT_ASC_REMOVE_SLACK_ACC,caténaire,,0.43998866515710505,0.5,0.5,0.0,-1.0,0.0,-1.0,0.0,-6.862470269110119,0.0,0.0,-0.0,0.5,-0.0,-9.32899999998325,8.829000000000008,0.0,-17.657999999983257,0.0,-0.43998866515710505,0.0,-0.5,-0.0,0.0,0.0,0.0,-0.939988665157105
12.399999999999972,0.0,10.0,7.186119187737751,6.835659229046066,-0.2671516773357663,PILOT_ASC_REMOVE_SLACK_ACC,caténaire,,0.44037863749425554,0.5,0.5,0.0,-1.0,0.0,-1.0,0.0,-6.835659229046066,0.0,0.0,-0.0,0.5,-0.0,-9.32899999998634,8.829000000000008,0.0,-17.657999999986348,0.0,-0.44037863749425554,0.0,-0.5,-0.0,0.0,0.0,0.0,-0.9403786374942555
12.499999999999972,0.0,10.0,7.159393538154476,6.808848188982009,-0.26725649583275135,PILOT_ASC_REMOVE_SLACK_ACC,caténaire,,0.4407679693215886,0.5,0.5,0.0,-1.0,0.0,-1.0,0.0,-6.808848188982009,0.0,0.0,-0.0,0.5,-0.0,-9.32899999998943,8.829000000000008,0.0,-17.657999999989435,0.0,-0.4407679693215886,0.0,-0.5,-0.0,0.0,0.0,0.0,-0.9407679693215887
12.599999999999971,0.0,10.0,7.132655608557113,6.782037148917948,-0.26737929597363197,PILOT_ASC_REMOVE_SLACK_ACC,caténaire,,0.4411563592655065,0.5,0.5,0.0,-1.0,0.0,-1.0,0.0,-6.782037148917948,0.0,0.0,-0.0,0.5,-0.0,-9.328999999991902,8.829000000000008,0.0,-17.657999999991908,0.0,-0.4411563592655065,0.0,-0.5,-0.0,0.0,0.0,0.0,-0.9411563592655066
12.69999999999997,0.0,10.0,7.105904189931514,6.755226108853885,-0.2675141862559904,PILOT_ASC_REMOVE_SLACK_ACC,caténaire,,0.44154356285137497,0.5,0.5,0.0,-1.0,0.0,-1.0,0.0,-6.755226108853885,0.0,0.0,-0.0,0.5,-0.0,-9.32899999999314,8.829000000000008,0.0,-17.657999999993148,0.0,-0.44154356285137497,0.0,-0.5,-0.0,0.0,0.0,0.0,-0.941543562851375
12.79999999999997,0.0,10.0,7.0791386437992205,6.728415068789821,-0.26765546132293416,PILOT_ASC_REMOVE_SLACK_ACC,caténaire,,0.4419293948097004,0.5,0.5,0.0,-1.0,0.0,-1.0,0.0,-6.728415068789821,0.0,0.0,-0.0,0.5,-0.0,-9.328999999994375,8.829000000000008,0.0,-17.65799999999438,0.0,-0.4419293948097004,0.0,-0.5,-0.0,0.0,0.0,0.0,-0.9419293948097004
12.89999999999997,0.0,10.0,7.052358866446509,6.701604028725754,-0.26779777352710726,PILOT_ASC_REMOVE_SLACK_ACC,caténaire,,0.4423137291607715,0.5,0.5,0.0,-1.0,0.0,-1.0,0.0,-6.701604028725754,0.0,0.0,-0.0,0.5,-0.0,-9.32899999999623,8.829000000000008,0.0,-17.657999999996235,0.0,-0.4423137291607715,0.0,-0.5,-0.0,0.0,0.0,0.0,-0.9423137291607715
12.99999999999997,0.0,10.0,7.0255652389050445,6.674792988661686,-0.26793627541464826,PILOT_ASC_REMOVE_SLACK_ACC,caténaire,,0.44269649730716015,0.5,0.5,0.0,-1.0,0.0,-1.0,0.0,-6.674792988661686,0.0,0.0,-0.0,0.5,-0.0,-9.328999999996848,8.829000000000008,0.0,-17.657999999996854,0.0,-0.44269649730716015,0.0,-0.5,-0.0,0.0,0.0,0.0,-0.9426964973071601
13.09999999999997,0.0,10.0,6.998758565776281,6.647981948597617,-0.2680667312876363,PILOT_ASC_REMOVE_SLACK_ACC,caténaire,,0.443077684402077,0.5,0.5,0.0,-1.0,0.0,-1.0,0.0,-6.647981948597617,0.0,0.0,-0.0,0.5,-0.0,-9.328999999997466,8.829000000000008,0.0,-17.65799999999747,0.0,-0.443077684402077,0.0,-0.5,-0.0,0.0,0.0,0.0,-0.943077684402077
13.199999999999969,0.0,10.0,6.971940006054439,6.621170908533547,-0.2681855972184275,PILOT_ASC_REMOVE_SLACK_ACC,caténaire,,0.4434573242914614,0.5,0.5,0.0,-1.0,0.0,-1.0,0.0,-6.621170908533547,0.0,0.0,-0.0,0.5,-0.0,-9.328999999998084,8.829000000000008,0.0,-17.65799999999809,0.0,-0.4434573242914614,0.0,-0.5,-0.0,0.0,0.0,0.0,-0.9434573242914615
13.299999999999969,0.0,10.0,6.9451109990540845,6.5943598684694775,-0.2682900700035486,PILOT_ASC_REMOVE_SLACK_ACC,caténaire,,0.4438354933444375,0.5,0.5,0.0,-1.0,0.0,-1.0,0.0,-6.5943598684694775,0.0,0.0,-0.0,0.5,-0.0,-9.328999999998084,8.829000000000008,0.0,-17.65799999999809,0.0,-0.4438354933444375,0.0,-0.5,-0.0,0.0,0.0,0.0,-0.9438354933444375
13.399999999999968,0.0,10.0,6.918273188400945,6.567548828405407,-0.26837810653139604,PILOT_ASC_REMOVE_SLACK_ACC,caténaire,,0.44421230349138247,0.5,0.5,0.0,-1.0,0.0,-1.0,0.0,-6.567548828405407,0.0,0.0,-0.0,0.5,-0.0,-9.328999999998702,8.829000000000008,0.0,-17.657999999998708,0.0,-0.44421230349138247,0.0,-0.5,-0.0,0.0,0.0,0.0,-0.9442123034913825
13.499999999999968,0.0,10.0,6.891428346813267,6.540737788341335,-0.26844841587676904,PILOT_ASC_REMOVE_SLACK_ACC,caténaire,,0.44458789478245925,0.5,0.5,0.0,-1.0,0.0,-1.0,0.0,-6.540737788341335,0.0,0.0,-0.0,0.5,-0.0,-9.32899999999932,8.829000000000008,0.0,-17.657999999999326,0.0,-0.44458789478245925,0.0,-0.5,-0.0,0.0,0.0,0.0,-0.9445878947824593
13.599999999999968,0.0,10.0,6.86457830410196,6.513926748277264,-0.2685004271130695,PILOT_ASC_REMOVE_SLACK_ACC,caténaire,,0.44496242776344386,0.5,0.5,0.0,-1.0,0.0,-1.0,0.0,-6.513926748277264,0.0,0.0,-0.0,0.5,-0.0,-9.32899999999932,8.829000000000008,0.0,-17.657999999999326,0.0,-0.44496242776344386,0.0,-0.5,-0.0,0.0,0.0,0.0,-0.9449624277634439
13.699999999999967,0.0,10.0,6.837724880467627,6.487115708213192,-0.26853423634332807,PILOT_ASC_REMOVE_SLACK_ACC,caténaire,,0.4453360759415102,0.5,0.5,0.0,-1.0,0.0,-1.0,0.0,-6.487115708213192,0.0,0.0,-0.0,0.5,-0.0,-9.32899999999932,8.829000000000008,0.0,-17.657999999999326,0.0,-0.4453360759415102,0.0,-0.5,-0.0,0.0,0.0,0.0,-0.9453360759415101
13.799999999999967,0.0,10.0,6.810869826788247,6.46030466814912,-0.26855053679380697,PILOT_ASC_REMOVE_SLACK_ACC,caténaire,,0.4457090185827961,0.5,0.5,0.0,-1.0,0.0,-1.0,0.0,-6.46030466814912,0.0,0.0,-0.0,0.5,-0.0,-9.328999999999938,8.829000000000008,0.0,-17.657999999999944,0.0,-0.4457090185827961,0.0,-0.5,-0.0,0.0,0.0,0.0,-0.9457090185827961
13.899999999999967,0.0,10.0,6.784014773188834,6.433493628085048,-0.26855053599413536,PILOT_ASC_REMOVE_SLACK_ACC,caténaire,,0.4460814340518877,0.5,0.5,0.0,-1.0,0.0,-1.0,0.0,-6.433493628085048,0.0,0.0,-0.0,0.5,-0.0,-9.32899999999932,8.829000000000008,0.0,-17.657999999999326,0.0,-0.4460814340518877,0.0,-0.5,-0.0,0.0,0.0,0.0,-0.9460814340518877
13.999999999999966,0.0,10.0,6.757161186779236,6.406682588020976,-0.2685358640959837,PILOT_ASC_REMOVE_SLACK_ACC,caténaire,,0.44645349384733973,0.5,0.5,0.0,-1.0,0.0,-1.0,0.0,-6.406682588020976,0.0,0.0,-0.0,0.5,-0.0,-9.328999999999938,8.829000000000008,0.0,-17.657999999999944,0.0,-0.44645349384733973,0.0,-0.5,-0.0,0.0,0.0,0.0,-0.9464534938473397
14.099999999999966,0.0,10.0,6.7303103390519885,6.379871547956904,-0.2685084772724719,PILOT_ASC_REMOVE_SLACK_ACC,caténaire,,0.4468253574832753,0.5,0.5,0.0,-1.0,0.0,-1.0,0.0,-6.379871547956904,0.0,0.0,-0.0,0.5,-0.0,-9.32899999999932,8.829000000000008,0.0,-17.657999999999326,0.0,-0.4468253574832753,0.0,-0.5,-0.0,0.0,0.0,0.0,-0.9468253574832752
14.199999999999966,0.0,10.0,6.703463283060963,6.353060507892832,-0.26847055991025276,PILOT_ASC_REMOVE_SLACK_ACC,caténaire,,0.44719716828473793,0.5,0.5,0.0,-1.0,0.0,-1.0,0.0,-6.353060507892832,0.0,0.0,-0.0,0.5,-0.0,-9.328999999999938,8.829000000000008,0.0,-17.657999999999944,0.0,-0.44719716828473793,0.0,-0.5,-0.0,0.0,0.0,0.0,-0.947197168284738
14.299999999999965,0.0,10.0,6.676620840163436,6.3262494678287595,-0.2684244289752713,PILOT_ASC_REMOVE_SLACK_ACC,caténaire,,0.4475690501513707,0.5,0.5,0.0,-1.0,0.0,-1.0,0.0,-6.3262494678287595,0.0,0.0,-0.0,0.5,-0.0,-9.328999999999938,8.829000000000008,0.0,-17.657999999999944,0.0,-0.4475690501513707,0.0,-0.5,-0.0,0.0,0.0,0.0,-0.9475690501513707
14.399999999999965,0.0,10.0,6.649783595811173,6.299438427764688,-0.26837244352263645,PILOT_ASC_REMOVE_SLACK_ACC,caténaire,,0.44794110529901543,0.5,0.5,0.0,-1.0,0.0,-1.0,0.0,-6.299438427764688,0.0,0.0,-0.0,0.5,-0.0,-9.32899999999932,8.829000000000008,0.0,-17.657999999999326,0.0,-0.44794110529901543,0.0,-0.5,-0.0,0.0,0.0,0.0,-0.9479411052990154
14.499999999999964,0.0,10.0,6.6229519036259195,6.272627387700616,-0.26831692185253453,PILOT_ASC_REMOVE_SLACK_ACC,caténaire,,0.44831341295560656,0.5,0.5,0.0,-1.0,0.0,-1.0,0.0,-6.272627387700616,0.0,0.0,-0.0,0.5,-0.0,-9.328999999999938,8.829000000000008,0.0,-17.657999999999944,0.0,-0.44831341295560656,0.0,-0.5,-0.0,0.0,0.0,0.0,-0.9483134129556066
14.599999999999964,0.0,10.0,6.596125896795015,6.245816347636543,-0.268260068309049,PILOT_ASC_REMOVE_SLACK_ACC,caténaire,,0.4486860289582294,0.5,0.5,0.0,-1.0,0.0,-1.0,0.0,-6.245816347636543,0.0,0.0,-0.0,0.5,-0.0,-9.328999999999938,8.829000000000008,0.0,-17.657999999999944,0.0,-0.4486860289582294,0.0,-0.5,-0.0,0.0,0.0,0.0,-0.9486860289582294
14.699999999999964,0.0,10.0,6.569305505675251,6.219005307572471,-0.2682039111976347,PILOT_ASC_REMOVE_SLACK_ACC,caténaire,,0.44905898617336965,0.5,0.5,0.0,-1.0,0.0,-1.0,0.0,-6.219005307572471,0.0,0.0,-0.0,0.5,-0.0,-9.328999999999938,8.829000000000008,0.0,-17.657999999999944,0.0,-0.44905898617336965,0.0,-0.5,-0.0,0.0,0.0,0.0,-0.9490589861733696
14.799999999999963,0.0,10.0,6.542490480397372,6.192194267508398,-0.268150252778798,PILOT_ASC_REMOVE_SLACK_ACC,caténaire,,0.44943229564262954,0.5,0.5,0.0,-1.0,0.0,-1.0,0.0,-6.192194267508398,0.0,0.0,-0.0,0.5,-0.0,-9.328999999999938,8.829000000000008,0.0,-17.657999999999944,0.0,-0.44943229564262954,0.0,-0.5,-0.0,0.0,0.0,0.0,-0.9494322956426295
14.899999999999963,0.0,10.0,6.515680417217647,6.165383227444326,-0.26810063179724264,PILOT_ASC_REMOVE_SLACK_ACC,caténaire,,0.44980594834168747,0.5,0.5,0.0,-1.0,0.0,-1.0,0.0,-6.165383227444326,0.0,0.0,-0.0,0.5,-0.0,-9.328999999999938,8.829000000000008,0.0,-17.657999999999944,0.0,-0.44980594834168747,0.0,-0.5,-0.0,0.0,0.0,0.0,-0.9498059483416874
14.999999999999963,0.0,10.0,6.488874787363451,6.1385721873802535,-0.26805629854195867,PILOT_ASC_REMOVE_SLACK_ACC,caténaire,,0.45017991743102365,0.5,0.5,0.0,-1.0,0.0,-1.0,0.0,-6.1385721873802535,0.0,0.0,-0.0,0.5,-0.0,-9.328999999999938,8.829000000000008,0.0,-17.657999999999944,0.0,-0.45017991743102365,0.0,-0.5,-0.0,0.0,0.0,0.0,-0.9501799174310237
15.099999999999962,0.0,10.0,6.462072967161902,6.111761147316181,-0.2680182020154953,PILOT_ASC_REMOVE_SLACK_ACC,caténaire,,0.4505541608727088,0.5,0.5,0.0,-1.0,0.0,-1.0,0.0,-6.111761147316181,0.0,0.0,-0.0,0.5,-0.0,-9.328999999999938,8.829000000000008,0.0,-17.657999999999944,0.0,-0.4505541608727088,0.0,-0.5,-0.0,0.0,0.0,0.0,-0.9505541608727088
15.199999999999962,0.0,10.0,6.435274268318984,6.084950107252109,-0.267986988429186,PILOT_ASC_REMOVE_SLACK_ACC,caténaire,,0.45092862428806874,0.5,0.5,0.0,-1.0,0.0,-1.0,0.0,-6.084950107252109,0.0,0.0,-0.0,0.5,-0.0,-9.328999999999938,8.829000000000008,0.0,-17.657999999999944,0.0,-0.45092862428806874,0.0,-0.5,-0.0,0.0,0.0,0.0,-0.9509286242880688
15.299999999999962,0.0,10.0,6.408477967324794,6.058139067188036,-0.2679630099418924,PILOT_ASC_REMOVE_SLACK_ACC,caténaire,,0.4513032439341635,0.5,0.5,0.0,-1.0,0.0,-1.0,0.0,-6.058139067188036,0.0,0.0,-0.0,0.5,-0.0,-9.328999999999938,8.829000000000008,0.0,-17.657999999999944,0.0,-0.4513032439341635,0.0,-0.5,-0.0,0.0,0.0,0.0,-0.9513032439341635
15.399999999999961,0.0,10.0,6.381683333092132,6.031328027123964,-0.26794634232662246,PILOT_ASC_REMOVE_SLACK_ACC,caténaire,,0.4516779496920267,0.5,0.5,0.0,-1.0,0.0,-1.0,0.0,-6.031328027123964,0.0,0.0,-0.0,0.5,-0.0,-9.328999999999938,8.829000000000008,0.0,-17.657999999999944,0.0,-0.4516779496920267,0.0,-0.5,-0.0,0.0,0.0,0.0,-0.9516779496920267
15.499999999999961,0.0,10.0,6.354889652083797,6.004516987059891,-0.26793681008334974,PILOT_ASC_REMOVE_SLACK_ACC,caténaire,,0.4520526679566399,0.5,0.5,0.0,-1.0,0.0,-1.0,0.0,-6.004516987059891,0.0,0.0,-0.0,0.5,-0.0,-9.328999999999938,8.829000000000008,0.0,-17.657999999999944,0.0,-0.4520526679566399,0.0,-0.5,-0.0,0.0,0.0,0.0,-0.9520526679566399
15.59999999999996,0.0,10.0,6.328096250342165,5.977705946995819,-0.26793401741631656,PILOT_ASC_REMOVE_SLACK_ACC,caténaire,,0.45242732434830274,0.5,0.5,0.0,-1.0,0.0,-1.0,0.0,-5.977705946995819,0.0,0.0,-0.0,0.5,-0.0,-9.328999999999938,8.829000000000008,0.0,-17.657999999999944,0.0,-0.45242732434830274,0.0,-0.5,-0.0,0.0,0.0,0.0,-0.9524273243483028
15.69999999999996,0.0,10.0,6.301302511996485,5.9508949069317465,-0.2679373834568003,PILOT_ASC_REMOVE_SLACK_ACC,caténaire,,0.45280184617000835,0.5,0.5,0.0,-1.0,0.0,-1.0,0.0,-5.9508949069317465,0.0,0.0,-0.0,0.5,-0.0,-9.328999999999938,8.829000000000008,0.0,-17.657999999999944,0.0,-0.45280184617000835,0.0,-0.5,-0.0,0.0,0.0,0.0,-0.9528018461700083
15.79999999999996,0.0,10.0,6.274507893983215,5.924083866867674,-0.2679461801326998,PILOT_ASC_REMOVE_SLACK_ACC,caténaire,,0.453176164554417,0.5,0.5,0.0,-1.0,0.0,-1.0,0.0,-5.924083866867674,0.0,0.0,-0.0,0.5,-0.0,-9.328999999999938,8.829000000000008,0.0,-17.657999999999944,0.0,-0.453176164554417,0.0,-0.5,-0.0,0.0,0.0,0.0,-0.953176164554417
15.89999999999996,0.0,10.0,6.247711936867421,5.897272826803602,-0.26795957115794355,PILOT_ASC_REMOVE_SLACK_ACC,caténaire,,0.45355021626008496,0.5,0.5,0.0,-1.0,0.0,-1.0,0.0,-5.897272826803602,0.0,0.0,-0.0,0.5,-0.0,-9.328999999999938,8.829000000000008,0.0,-17.657999999999944,0.0,-0.45355021626008496,0.0,-0.5,-0.0,0.0,0.0,0.0,-0.953550216260085
15.99999999999996,0.0,10.0,6.2209142717944115,5.870461786739529,-0.2679766507300889,PILOT_ASC_REMOVE_SLACK_ACC,caténaire,,0.4539239450925188,0.5,0.5,0.0,-1.0,0.0,-1.0,0.0,-5.870461786739529,0.0,0.0,-0.0,0.5,-0.0,-9.328999999999938,8.829000000000008,0.0,-17.657999999999944,0.0,-0.4539239450925188,0.0,-0.5,-0.0,0.0,0.0,0.0,-0.9539239450925188
16.09999999999996,0.0,10.0,6.1941146237268745,5.843650746675457,-0.2679964806753741,PILOT_ASC_REMOVE_SLACK_ACC,caténaire,,0.45429730294074383,0.5,0.5,0.0,-1.0,0.0,-1.0,0.0,-5.843650746675457,0.0,0.0,-0.0,0.5,-0.0,-9.328999999999938,8.829000000000008,0.0,-17.657999999999944,0.0,-0.45429730294074383,0.0,-0.5,-0.0,0.0,0.0,0.0,-0.9542973029407438
16.19999999999996,0.0,10.0,6.167312811231043,5.8168397066113835,-0.2680181249583093,PILOT_ASC_REMOVE_SLACK_ACC,caténaire,,0.4546702504339517,0.5,0.5,0.0,-1.0,0.0,-1.0,0.0,-5.8168397066113835,0.0,0.0,-0.0,0.5,-0.0,-9.329000000000224,8.829000000000008,0.0,-17.658000000000232,0.0,-0.4546702504339517,0.0,-0.5,-0.0,0.0,0.0,0.0,-0.9546702504339517
16.29999999999996,0.0,10.0,6.14050874316414,5.79002866654731,-0.2680406806690316,PILOT_ASC_REMOVE_SLACK_ACC,caténaire,,0.45504275723508714,0.5,0.5,0.0,-1.0,0.0,-1.0,0.0,-5.79002866654731,0.0,0.0,-0.0,0.5,-0.0,-9.329000000000224,8.829000000000008,0.0,-17.658000000000232,0.0,-0.45504275723508714,0.0,-0.5,-0.0,0.0,0.0,0.0,-0.9550427572350871
16.399999999999963,0.0,10.0,6.113702412683366,5.763217626483238,-0.26806330480773827,PILOT_ASC_REMOVE_SLACK_ACC,caténaire,,0.4554148019986932,0.5,0.5,0.0,-1.0,0.0,-1.0,0.0,-5.763217626483238,0.0,0.0,-0.0,0.5,-0.0,-9.328999999999606,8.829000000000008,0.0,-17.657999999999614,0.0,-0.4554148019986932,0.0,-0.5,-0.0,0.0,0.0,0.0,-0.9554148019986932
16.499999999999964,0.0,10.0,6.086893889043998,5.7364065864191645,-0.26808523639367376,PILOT_ASC_REMOVE_SLACK_ACC,caténaire,,0.4557863720287937,0.5,0.5,0.0,-1.0,0.0,-1.0,0.0,-5.7364065864191645,0.0,0.0,-0.0,0.5,-0.0,-9.329000000000224,8.829000000000008,0.0,-17.658000000000232,0.0,-0.4557863720287937,0.0,-0.5,-0.0,0.0,0.0,0.0,-0.9557863720287937
16.599999999999966,0.0,10.0,6.060083307681073,5.709595546355092,-0.268105813629251,PILOT_ASC_REMOVE_SLACK_ACC,caténaire,,0.4561574626789615,0.5,0.5,0.0,-1.0,0.0,-1.0,0.0,-5.709595546355092,0.0,0.0,-0.0,0.5,-0.0,-9.328999999999606,8.829000000000008,0.0,-17.657999999999614,0.0,-0.4561574626789615,0.0,-0.5,-0.0,0.0,0.0,0.0,-0.9561574626789615
16.699999999999967,0.0,10.0,6.033270859076907,5.682784506291019,-0.26812448604165295,PILOT_ASC_REMOVE_SLACK_ACC,caténaire,,0.4565280765413187,0.5,0.5,0.0,-1.0,0.0,-1.0,0.0,-5.682784506291019,0.0,0.0,-0.0,0.5,-0.0,-9.329000000000224,8.829000000000008,0.0,-17.658000000000232,0.0,-0.4565280765413187,0.0,-0.5,-0.0,0.0,0.0,0.0,-0.9565280765413187
16.79999999999997,0.0,10.0,6.006456776906962,5.655973466226945,-0.2681408216994505,PILOT_ASC_REMOVE_SLACK_ACC,caténaire,,0.45689822247409967,0.5,0.5,0.0,-1.0,0.0,-1.0,0.0,-5.655973466226945,0.0,0.0,-0.0,0.5,-0.0,-9.329000000000224,8.829000000000008,0.0,-17.658000000000232,0.0,-0.45689822247409967,0.0,-0.5,-0.0,0.0,0.0,0.0,-0.9568982224740996
16.89999999999997,0.0,10.0,5.979641325931344,5.629162426162872,-0.26815450975617766,PILOT_ASC_REMOVE_SLACK_ACC,caténaire,,0.457267914511467,0.5,0.5,0.0,-1.0,0.0,-1.0,0.0,-5.629162426162872,0.0,0.0,-0.0,0.5,-0.0,-9.329000000000224,8.829000000000008,0.0,-17.658000000000232,0.0,-0.457267914511467,0.0,-0.5,-0.0,0.0,0.0,0.0,-0.957267914511467
16.99999999999997,0.0,10.0,5.952824790061006,5.602351386098799,-0.2681653587033839,PILOT_ASC_REMOVE_SLACK_ACC,caténaire,,0.45763717071404614,0.5,0.5,0.0,-1.0,0.0,-1.0,0.0,-5.602351386098799,0.0,0.0,-0.0,0.5,-0.0,-9.329000000000224,8.829000000000008,0.0,-17.658000000000232,0.0,-0.45763717071404614,0.0,-0.5,-0.0,0.0,0.0,0.0,-0.9576371707140461
17.099999999999973,0.0,10.0,5.92600746097896,5.5755403460347255,-0.26817329082044783,PILOT_ASC_REMOVE_SLACK_ACC,caténaire,,0.4580060119964893,0.5,0.5,0.0,-1.0,0.0,-1.0,0.0,-5.5755403460347255,0.0,0.0,-0.0,0.5,-0.0,-9.329000000000224,8.829000000000008,0.0,-17.658000000000232,0.0,-0.4580060119964893,0.0,-0.5,-0.0,0.0,0.0,0.0,-0.9580060119964893
17.199999999999974,0.0,10.0,5.899189627640312,5.548729305970652,-0.2681783333864813,PILOT_ASC_REMOVE_SLACK_ACC,caténaire,,0.45837446097670315,0.5,0.5,0.0,-1.0,0.0,-1.0,0.0,-5.548729305970652,0.0,0.0,-0.0,0.5,-0.0,-9.329000000000224,8.829000000000008,0.0,-17.658000000000232,0.0,-0.45837446097670315,0.0,-0.5,-0.0,0.0,0.0,0.0,-0.9583744609767031
17.299999999999976,0.0,10.0,5.872371566913206,5.521918265906579,-0.2681806072710531,PILOT_ASC_REMOVE_SLACK_ACC,caténaire,,0.4587425408828351,0.5,0.5,0.0,-1.0,0.0,-1.0,0.0,-5.521918265906579,0.0,0.0,-0.0,0.5,-0.0,-9.329000000000224,8.829000000000008,0.0,-17.658000000000232,0.0,-0.4587425408828351,0.0,-0.5,-0.0,0.0,0.0,0.0,-0.9587425408828352
17.399999999999977,0.0,10.0,5.84555353555859,5.4951072258425055,-0.26818031354615696,PILOT_ASC_REMOVE_SLACK_ACC,caténaire,,0.4591102745486667,0.5,0.5,0.0,-1.0,0.0,-1.0,0.0,-5.4951072258425055,0.0,0.0,-0.0,0.5,-0.0,-9.329000000000224,8.829000000000008,0.0,-17.658000000000232,0.0,-0.4591102745486667,0.0,-0.5,-0.0,0.0,0.0,0.0,-0.9591102745486667
17.49999999999998,0.0,10.0,5.818735763682233,5.468296185778433,-0.26817771876356944,PILOT_ASC_REMOVE_SLACK_ACC,caténaire,,0.459477683521982,0.5,0.5,0.0,-1.0,0.0,-1.0,0.0,-5.468296185778433,0.0,0.0,-0.0,0.5,-0.0,-9.328999999999606,8.829000000000008,0.0,-17.657999999999614,0.0,-0.459477683521982,0.0,-0.5,-0.0,0.0,0.0,0.0,-0.959477683521982
17.59999999999998,0.0,10.0,5.791918449730052,5.44148514571436,-0.26817313952181254,PILOT_ASC_REMOVE_SLACK_ACC,caténaire,,0.45984478730417316,0.5,0.5,0.0,-1.0,0.0,-1.0,0.0,-5.44148514571436,0.0,0.0,-0.0,0.5,-0.0,-9.329000000000224,8.829000000000008,0.0,-17.658000000000232,0.0,-0.45984478730417316,0.0,-0.5,-0.0,0.0,0.0,0.0,-0.9598447873041731
17.69999999999998,0.0,10.0,5.765101757039232,5.4146741056502865,-0.26816692690819544,PILOT_ASC_REMOVE_SLACK_ACC,caténaire,,0.46021160273307277,0.5,0.5,0.0,-1.0,0.0,-1.0,0.0,-5.4146741056502865,0.0,0.0,-0.0,0.5,-0.0,-9.329000000000224,8.829000000000008,0.0,-17.658000000000232,0.0,-0.46021160273307277,0.0,-0.5,-0.0,0.0,0.0,0.0,-0.9602116027330727
17.799999999999983,0.0,10.0,5.73828581190453,5.387863065586213,-0.26815945134702435,PILOT_ASC_REMOVE_SLACK_ACC,caténaire,,0.4605781435149561,0.5,0.5,0.0,-1.0,0.0,-1.0,0.0,-5.387863065586213,0.0,0.0,-0.0,0.5,-0.0,-9.329000000000224,8.829000000000008,0.0,-17.658000000000232,0.0,-0.4605781435149561,0.0,-0.5,-0.0,0.0,0.0,0.0,-0.9605781435149561
17.899999999999984,0.0,10.0,5.711470703072687,5.361052025522141,-0.26815108831842743,PILOT_ASC_REMOVE_SLACK_ACC,caténaire,,0.460944419906034,0.5,0.5,0.0,-1.0,0.0,-1.0,0.0,-5.361052025522141,0.0,0.0,-0.0,0.5,-0.0,-9.328999999999606,8.829000000000008,0.0,-17.657999999999614,0.0,-0.460944419906034,0.0,-0.5,-0.0,0.0,0.0,0.0,-0.960944419906034
17.999999999999986,0.0,10.0,5.68465648253901,5.334240985458068,-0.26814220533676664,PILOT_ASC_REMOVE_SLACK_ACC,caténaire,,0.4613104385386935,0.5,0.5,0.0,-1.0,0.0,-1.0,0.0,-5.334240985458068,0.0,0.0,-0.0,0.5,-0.0,-9.328999999999606,8.829000000000008,0.0,-17.657999999999614,0.0,-0.4613104385386935,0.0,-0.5,-0.0,0.0,0.0,0.0,-0.9613104385386935
18.099999999999987,0.0,10.0,5.657843167489336,5.307429945393995,-0.2681331504967372,PILOT_ASC_REMOVE_SLACK_ACC,caténaire,,0.46167620238335144,0.5,0.5,0.0,-1.0,0.0,-1.0,0.0,-5.307429945393995,0.0,0.0,-0.0,0.5,-0.0,-9.329000000000224,8.829000000000008,0.0,-17.658000000000232,0.0,-0.46167620238335144,0.0,-0.5,-0.0,0.0,0.0,0.0,-0.9616762023833514
18.19999999999999,0.0,10.0,5.631030743208118,5.280618905329922,-0.2681242428121771,PILOT_ASC_REMOVE_SLACK_ACC,caténaire,,0.4620417108331357,0.5,0.5,0.0,-1.0,0.0,-1.0,0.0,-5.280618905329922,0.0,0.0,-0.0,0.5,-0.0,-9.329000000000224,8.829000000000008,0.0,-17.658000000000232,0.0,-0.4620417108331357,0.0,-0.5,-0.0,0.0,0.0,0.0,-0.9620417108331357
18.29999999999999,0.0,10.0,5.604219166759082,5.253807865265848,-0.26811576449035823,PILOT_ASC_REMOVE_SLACK_ACC,caténaire,,0.4624069598962885,0.5,0.5,0.0,-1.0,0.0,-1.0,0.0,-5.253807865265848,0.0,0.0,-0.0,0.5,-0.0,-9.329000000000224,8.829000000000008,0.0,-17.658000000000232,0.0,-0.4624069598962885,0.0,-0.5,-0.0,0.0,0.0,0.0,-0.9624069598962885
18.39999999999999,0.0,10.0,5.577408371238508,5.226996825201776,-0.2681079552057335,PILOT_ASC_REMOVE_SLACK_ACC,caténaire,,0.46277194247736153,0.5,0.5,0.0,-1.0,0.0,-1.0,0.0,-5.226996825201776,0.0,0.0,-0.0,0.5,-0.0,-9.328999999999606,8.829000000000008,0.0,-17.657999999999614,0.0,-0.46277194247736153,0.0,-0.5,-0.0,0.0,0.0,0.0,-0.9627719424773615
18.499999999999993,0.0,10.0,5.5505982704021,5.200185785137703,-0.2681010083640707,PILOT_ASC_REMOVE_SLACK_ACC,caténaire,,0.4631366487294031,0.5,0.5,0.0,-1.0,0.0,-1.0,0.0,-5.200185785137703,0.0,0.0,-0.0,0.5,-0.0,-9.329000000000224,8.829000000000008,0.0,-17.658000000000232,0.0,-0.4631366487294031,0.0,-0.5,-0.0,0.0,0.0,0.0,-0.9631366487294031
18.599999999999994,0.0,10.0,5.523788763473853,5.17337474507363,-0.26809506928246263,PILOT_ASC_REMOVE_SLACK_ACC,caténaire,,0.4635010664585273,0.5,0.5,0.0,-1.0,0.0,-1.0,0.0,-5.17337474507363,0.0,0.0,-0.0,0.5,-0.0,-9.328999999999606,8.829000000000008,0.0,-17.657999999999614,0.0,-0.4635010664585273,0.0,-0.5,-0.0,0.0,0.0,0.0,-0.9635010664585273
18.699999999999996,0.0,10.0,5.496979739958423,5.146563705009557,-0.26809023515429053,PILOT_ASC_REMOVE_SLACK_ACC,caténaire,,0.4638651815603454,0.5,0.5,0.0,-1.0,0.0,-1.0,0.0,-5.146563705009557,0.0,0.0,-0.0,0.5,-0.0,-9.329000000000224,8.829000000000008,0.0,-17.658000000000232,0.0,-0.4638651815603454,0.0,-0.5,-0.0,0.0,0.0,0.0,-0.9638651815603454
18.799999999999997,0.0,10.0,5.470171084296241,5.119752664945484,-0.26808655662181685,PILOT_ASC_REMOVE_SLACK_ACC,caténaire,,0.4642289784707905,0.5,0.5,0.0,-1.0,0.0,-1.0,0.0,-5.119752664945484,0.0,0.0,-0.0,0.5,-0.0,-9.329000000000224,8.829000000000008,0.0,-17.658000000000232,0.0,-0.4642289784707905,0.0,-0.5,-0.0,0.0,0.0,0.0,-0.9642289784707905
18.9,0.0,10.0,5.443362680221918,5.092941624881411,-0.2680840407432209,PILOT_ASC_REMOVE_SLACK_ACC,caténaire,,0.46459244061447763,0.5,0.5,0.0,-1.0,0.0,-1.0,0.0,-5.092941624881411,0.0,0.0,-0.0,0.5,-0.0,-9.328999999999606,8.829000000000008,0.0,-17.657999999999614,0.0,-0.46459244061447763,0.0,-0.5,-0.0,0.0,0.0,0.0,-0.9645924406144777
19.0,0.0,10.0,5.416554414710345,5.066130584817339,-0.26808265511573454,PILOT_ASC_REMOVE_SLACK_ACC,caténaire,,0.4649555508355914,0.5,0.5,0.0,-1.0,0.0,-1.0,0.0,-5.066130584817339,0.0,0.0,-0.0,0.5,-0.0,-9.328999999999606,8.829000000000008,0.0,-17.657999999999614,0.0,-0.4649555508355914,0.0,-0.5,-0.0,0.0,0.0,0.0,-0.9649555508355914
19.1,0.0,10.0,5.389746181420161,5.0393195447532655,-0.26808233290182976,PILOT_ASC_REMOVE_SLACK_ACC,caténaire,,0.4653182917984335,0.5,0.5,0.0,-1.0,0.0,-1.0,0.0,-5.0393195447532655,0.0,0.0,-0.0,0.5,-0.0,-9.329000000000224,8.829000000000008,0.0,-17.658000000000232,0.0,-0.4653182917984335,0.0,-0.5,-0.0,0.0,0.0,0.0,-0.9653182917984335
19.200000000000003,0.0,10.0,5.3629378835701,5.012508504689192,-0.268082978500612,PILOT_ASC_REMOVE_SLACK_ACC,caténaire,,0.4656806463471048,0.5,0.5,0.0,-1.0,0.0,-1.0,0.0,-5.012508504689192,0.0,0.0,-0.0,0.5,-0.0,-9.329000000000224,8.829000000000008,0.0,-17.658000000000232,0.0,-0.4656806463471048,0.0,-0.5,-0.0,0.0,0.0,0.0,-0.9656806463471048
19.300000000000004,0.0,10.0,5.336129436209014,4.985697464625119,-0.2680844736108535,PILOT_ASC_REMOVE_SLACK_ACC,caténaire,,0.4660425978162591,0.5,0.5,0.0,-1.0,0.0,-1.0,0.0,-4.985697464625119,0.0,0.0,-0.0,0.5,-0.0,-9.329000000000224,8.829000000000008,0.0,-17.658000000000232,0.0,-0.4660425978162591,0.0,-0.5,-0.0,0.0,0.0,0.0,-0.9660425978162591
19.400000000000006,0.0,10.0,5.309320767864574,4.9588864245610464,-0.2680866834444,PILOT_ASC_REMOVE_SLACK_ACC,caténaire,,0.46640413028734024,0.5,0.5,0.0,-1.0,0.0,-1.0,0.0,-4.9588864245610464,0.0,0.0,-0.0,0.5,-0.0,-9.328999999999606,8.829000000000008,0.0,-17.657999999999614,0.0,-0.46640413028734024,0.0,-0.5,-0.0,0.0,0.0,0.0,-0.9664041302873403
19.500000000000007,0.0,10.0,5.282511821577794,4.932075384496974,-0.2680894628678026,PILOT_ASC_REMOVE_SLACK_ACC,caténaire,,0.46676522878712656,0.5,0.5,0.0,-1.0,0.0,-1.0,0.0,-4.932075384496974,0.0,0.0,-0.0,0.5,-0.0,-9.328999999999606,8.829000000000008,0.0,-17.657999999999614,0.0,-0.46676522878712656,0.0,-0.5,-0.0,0.0,0.0,0.0,-0.9667652287871266
19.60000000000001,0.0,10.0,5.2557025553503305,4.905264344432902,-0.2680926622746289,PILOT_ASC_REMOVE_SLACK_ACC,caténaire,,0.46712587942767253,0.5,0.5,0.0,-1.0,0.0,-1.0,0.0,-4.905264344432902,0.0,0.0,-0.0,0.5,-0.0,-9.328999999999606,8.829000000000008,0.0,-17.657999999999614,0.0,-0.46712587942767253,0.0,-0.5,-0.0,0.0,0.0,0.0,-0.9671258794276725
19.70000000000001,0.0,10.0,5.2288929420483665,4.878453304368829,-0.2680961330196423,PILOT_ASC_REMOVE_SLACK_ACC,caténaire,,0.46748606948880167,0.5,0.5,0.0,-1.0,0.0,-1.0,0.0,-4.878453304368829,0.0,0.0,-0.0,0.5,-0.0,-9.328999999999606,8.829000000000008,0.0,-17.657999999999614,0.0,-0.46748606948880167,0.0,-0.5,-0.0,0.0,0.0,0.0,-0.9674860694888017
19.80000000000001,0.0,10.0,5.202082968820614,4.851642264304756,-0.2680997322775239,PILOT_ASC_REMOVE_SLACK_ACC,caténaire,,0.4678457874461046,0.5,0.5,0.0,-1.0,0.0,-1.0,0.0,-4.851642264304756,0.0,0.0,-0.0,0.5,-0.0,-9.329000000000224,8.829000000000008,0.0,-17.658000000000232,0.0,-0.4678457874461046,0.0,-0.5,-0.0,0.0,0.0,0.0,-0.9678457874461046
19.900000000000013,0.0,10.0,5.175272636098441,4.8248312242406834,-0.26810332722172414,PILOT_ASC_REMOVE_SLACK_ACC,caténaire,,0.4682050229488159,0.5,0.5,0.0,-1.0,0.0,-1.0,0.0,-4.8248312242406834,0.0,0.0,-0.0,0.5,-0.0,-9.328999999999606,8.829000000000008,0.0,-17.657999999999614,0.0,-0.4682050229488159,0.0,-0.5,-0.0,0.0,0.0,0.0,-0.9682050229488159
20.000000000000014,0.0,10.0,5.148461956253227,4.798020184176611,-0.26810679845213764,PILOT_ASC_REMOVE_SLACK_ACC,caténaire,,0.46856376675550565,0.5,0.5,0.0,-1.0,0.0,-1.0,0.0,-4.79802018417661,0.0,0.0,-0.0,0.5,-0.0,-9.329000000000224,8.829000000000008,0.0,-17.658000000000232,0.0,-0.46856376675550565,0.0,-0.5,-0.0,0.0,0.0,0.0,-0.9685637667555056
20.100000000000016,0.0,10.0,5.12165095198998,4.771209144112538,-0.26811004263246285,PILOT_ASC_REMOVE_SLACK_ACC,caténaire,,0.4689220106265751,0.5,0.5,0.0,-1.0,0.0,-1.0,0.0,-4.771209144112538,0.0,0.0,-0.0,0.5,-0.0,-9.328999999999606,8.829000000000008,0.0,-17.657999999999614,0.0,-0.4689220106265751,0.0,-0.5,-0.0,0.0,0.0,0.0,-0.9689220106265751
20.200000000000017,0.0,10.0,5.094839654557143,4.744398104048464,-0.268112974328364,PILOT_ASC_REMOVE_SLACK_ACC,caténaire,,0.4692797471921305,0.5,0.5,0.0,-1.0,0.0,-1.0,0.0,-4.744398104048464,0.0,0.0,-0.0,0.5,-0.0,-9.329000000000224,8.829000000000008,0.0,-17.658000000000232,0.0,-0.4692797471921305,0.0,-0.5,-0.0,0.0,0.0,0.0,-0.9692797471921305
20.30000000000002,0.0,10.0,5.068028101850634,4.717587063984392,-0.2681155270650872,PILOT_ASC_REMOVE_SLACK_ACC,caténaire,,0.46963696979452435,0.5,0.5,0.0,-1.0,0.0,-1.0,0.0,-4.717587063984392,0.0,0.0,-0.0,0.5,-0.0,-9.328999999999606,8.829000000000008,0.0,-17.657999999999614,0.0,-0.46963696979452435,0.0,-0.5,-0.0,0.0,0.0,0.0,-0.9696369697945244
20.40000000000002,0.0,10.0,5.041216336485901,4.690776023920319,-0.2681176536473257,PILOT_ASC_REMOVE_SLACK_ACC,caténaire,,0.46999367231532896,0.5,0.5,0.0,-1.0,0.0,-1.0,0.0,-4.690776023920319,0.0,0.0,-0.0,0.5,-0.0,-9.329000000000224,8.829000000000008,0.0,-17.658000000000232,0.0,-0.46999367231532896,0.0,-0.5,-0.0,0.0,0.0,0.0,-0.969993672315329
20.50000000000002,0.0,10.0,5.014404403905455,4.663964983856246,-0.26811932580445386,PILOT_ASC_REMOVE_SLACK_ACC,caténaire,,0.47034984899405297,0.5,0.5,0.0,-1.0,0.0,-1.0,0.0,-4.663964983856246,0.0,0.0,-0.0,0.5,-0.0,-9.328999999999606,8.829000000000008,0.0,-17.657999999999614,0.0,-0.47034984899405297,0.0,-0.5,-0.0,0.0,0.0,0.0,-0.970349848994053
20.600000000000023,0.0,10.0,4.987592350581414,4.637153943792174,-0.2681205332404113,PILOT_ASC_REMOVE_SLACK_ACC,caténaire,,0.4707054942452721,0.5,0.5,0.0,-1.0,0.0,-1.0,0.0,-4.637153943792174,0.0,0.0,-0.0,0.5,-0.0,-9.328999999999606,8.829000000000008,0.0,-17.657999999999614,0.0,-0.4707054942452721,0.0,-0.5,-0.0,0.0,0.0,0.0,-0.9707054942452721
20.700000000000024,0.0,10.0,4.960780222363469,4.610342903728101,-0.2681212821794502,PILOT_ASC_REMOVE_SLACK_ACC,caténaire,,0.47106060248024223,0.5,0.5,0.0,-1.0,0.0,-1.0,0.0,-4.610342903728101,0.0,0.0,-0.0,0.5,-0.0,-9.328999999999606,8.829000000000008,0.0,-17.657999999999614,0.0,-0.47106060248024223,0.0,-0.5,-0.0,0.0,0.0,0.0,-0.9710606024802422
20.800000000000026,0.0,10.0,4.933968063012806,4.583531863664028,-0.2681215935066276,PILOT_ASC_REMOVE_SLACK_ACC,caténaire,,0.4714151679382756,0.5,0.5,0.0,-1.0,0.0,-1.0,0.0,-4.583531863664028,0.0,0.0,-0.0,0.5,-0.0,-9.329000000000224,8.829000000000008,0.0,-17.658000000000232,0.0,-0.4714151679382756,0.0,-0.5,-0.0,0.0,0.0,0.0,-0.9714151679382756
20.900000000000027,0.0,10.0,4.907155912952249,4.556720823599955,-0.2681215006055574,PILOT_ASC_REMOVE_SLACK_ACC,caténaire,,0.4717691845322782,0.5,0.5,0.0,-1.0,0.0,-1.0,0.0,-4.556720823599955,0.0,0.0,-0.0,0.5,-0.0,-9.329000000000224,8.829000000000008,0.0,-17.658000000000232,0.0,-0.4717691845322782,0.0,-0.5,-0.0,0.0,0.0,0.0,-0.9717691845322782
21.00000000000003,0.0,10.0,4.880343808252672,4.529909783535882,-0.2681210469957665,PILOT_ASC_REMOVE_SLACK_ACC,caténaire,,0.4721226457119016,0.5,0.5,0.0,-1.0,0.0,-1.0,0.0,-4.529909783535882,0.0,0.0,-0.0,0.5,-0.0,-9.328999999999606,8.829000000000008,0.0,-17.657999999999614,0.0,-0.4721226457119016,0.0,-0.5,-0.0,0.0,0.0,0.0,-0.9721226457119017
21.10000000000003,0.0,10.0,4.8535317798658255,4.50309874347181,-0.268120283868453,PILOT_ASC_REMOVE_SLACK_ACC,caténaire,,0.47247554434679656,0.5,0.5,0.0,-1.0,0.0,-1.0,0.0,-4.50309874347181,0.0,0.0,-0.0,0.5,-0.0,-9.328999999999606,8.829000000000008,0.0,-17.657999999999614,0.0,-0.47247554434679656,0.0,-0.5,-0.0,0.0,0.0,0.0,-0.9724755443467965
21.20000000000003,0.0,10.0,4.826719853104531,4.4762877034077375,-0.26811926761294624,PILOT_ASC_REMOVE_SLACK_ACC,caténaire,,0.4728278726315045,0.5,0.5,0.0,-1.0,0.0,-1.0,0.0,-4.4762877034077375,0.0,0.0,-0.0,0.5,-0.0,-9.328999999999606,8.829000000000008,0.0,-17.657999999999614,0.0,-0.4728278726315045,0.0,-0.5,-0.0,0.0,0.0,0.0,-0.9728278726315045
21.300000000000033,0.0,10.0,4.7999080473628055,4.449476663343664,-0.26811805741724937,PILOT_ASC_REMOVE_SLACK_ACC,caténaire,,0.4731796220126176,0.5,0.5,0.0,-1.0,0.0,-1.0,0.0,-4.449476663343664,0.0,0.0,-0.0,0.5,-0.0,-9.329000000000224,8.829000000000008,0.0,-17.658000000000232,0.0,-0.4731796220126176,0.0,-0.5,-0.0,0.0,0.0,0.0,-0.9731796220126177
21.400000000000034,0.0,10.0,4.7730963760612815,4.422665623279592,-0.2681167130152382,PILOT_ASC_REMOVE_SLACK_ACC,caténaire,,0.47353078313800623,0.5,0.5,0.0,-1.0,0.0,-1.0,0.0,-4.422665623279592,0.0,0.0,-0.0,0.5,-0.0,-9.328999999999606,8.829000000000008,0.0,-17.657999999999614,0.0,-0.47353078313800623,0.0,-0.5,-0.0,0.0,0.0,0.0,-0.9735307831380062
21.500000000000036,0.0,10.0,4.746284846797186,4.3958545832155185,-0.2681152926409443,PILOT_ASC_REMOVE_SLACK_ACC,caténaire,,0.4738813458271621,0.5,0.5,0.0,-1.0,0.0,-1.0,0.0,-4.3958545832155185,0.0,0.0,-0.0,0.5,-0.0,-9.329000000000224,8.829000000000008,0.0,-17.658000000000232,0.0,-0.4738813458271621,0.0,-0.5,-0.0,0.0,0.0,0.0,-0.9738813458271621
21.600000000000037,0.0,10.0,4.719473461673446,4.369043543151445,-0.26811385123740583,PILOT_ASC_REMOVE_SLACK_ACC,caténaire,,0.4742312990610497,0.5,0.5,0.0,-1.0,0.0,-1.0,0.0,-4.369043543151445,0.0,0.0,-0.0,0.5,-0.0,-9.329000000000224,8.829000000000008,0.0,-17.658000000000232,0.0,-0.4742312990610497,0.0,-0.5,-0.0,0.0,0.0,0.0,-0.9742312990610498
21.70000000000004,0.0,10.0,4.692662217778012,4.342232503087372,-0.2681124389543322,PILOT_ASC_REMOVE_SLACK_ACC,caténaire,,0.47458063098978115,0.5,0.5,0.0,-1.0,0.0,-1.0,0.0,-4.342232503087372,0.0,0.0,-0.0,0.5,-0.0,-9.329000000000224,8.829000000000008,0.0,-17.658000000000232,0.0,-0.47458063098978115,0.0,-0.5,-0.0,0.0,0.0,0.0,-0.9745806309897811
21.80000000000004,0.0,10.0,4.665851107782434,4.3154214630232985,-0.268111099955779,PILOT_ASC_REMOVE_SLACK_ACC,caténaire,,0.474929328955993,0.5,0.5,0.0,-1.0,0.0,-1.0,0.0,-4.3154214630232985,0.0,0.0,-0.0,0.5,-0.0,-9.329000000000224,8.829000000000008,0.0,-17.658000000000232,0.0,-0.474929328955993,0.0,-0.5,-0.0,0.0,0.0,0.0,-0.974929328955993
21.90000000000004,0.0,10.0,4.639040120627775,4.288610422959226,-0.26810987154657945,PILOT_ASC_REMOVE_SLACK_ACC,caténaire,,0.4752773795261411,0.5,0.5,0.0,-1.0,0.0,-1.0,0.0,-4.288610422959226,0.0,0.0,-0.0,0.5,-0.0,-9.328999999999606,8.829000000000008,0.0,-17.657999999999614,0.0,-0.4752773795261411,0.0,-0.5,-0.0,0.0,0.0,0.0,-0.9752773795261411
22.000000000000043,0.0,10.0,4.612229242266298,4.261799382895154,-0.2681087836147711,PILOT_ASC_REMOVE_SLACK_ACC,caténaire,,0.4756247685370577,0.5,0.5,0.0,-1.0,0.0,-1.0,0.0,-4.261799382895154,0.0,0.0,-0.0,0.5,-0.0,-9.328999999999606,8.829000000000008,0.0,-17.657999999999614,0.0,-0.4756247685370577,0.0,-0.5,-0.0,0.0,0.0,0.0,-0.9756247685370577
22.100000000000044,0.0,10.0,4.585418456428596,4.234988342831081,-0.2681078583770087,PILOT_ASC_REMOVE_SLACK_ACC,caténaire,,0.4759714811458999,0.5,0.5,0.0,-1.0,0.0,-1.0,0.0,-4.234988342831081,0.0,0.0,-0.0,0.5,-0.0,-9.328999999999606,8.829000000000008,0.0,-17.657999999999614,0.0,-0.4759714811458999,0.0,-0.5,-0.0,0.0,0.0,0.0,-0.9759714811458999
22.200000000000045,0.0,10.0,4.558607745388081,4.208177302767008,-0.26810711040514607,PILOT_ASC_REMOVE_SLACK_ACC,caténaire,,0.47631750188394606,0.5,0.5,0.0,-1.0,0.0,-1.0,0.0,-4.208177302767008,0.0,0.0,-0.0,0.5,-0.0,-9.329000000000224,8.829000000000008,0.0,-17.658000000000232,0.0,-0.47631750188394606,0.0,-0.5,-0.0,0.0,0.0,0.0,-0.9763175018839461
22.300000000000047,0.0,10.0,4.531797090697582,4.1813662627029355,-0.26810654690498925,PILOT_ASC_REMOVE_SLACK_ACC,caténaire,,0.47666281471130784,0.5,0.5,0.0,-1.0,0.0,-1.0,0.0,-4.1813662627029355,0.0,0.0,-0.0,0.5,-0.0,-9.328999999999606,8.829000000000008,0.0,-17.657999999999614,0.0,-0.47666281471130784,0.0,-0.5,-0.0,0.0,0.0,0.0,-0.9766628147113079
22.40000000000005,0.0,10.0,4.504986473876311,4.154555222638863,-0.26810616821270583,PILOT_ASC_REMOVE_SLACK_ACC,caténaire,,0.4770074030700406,0.5,0.5,0.0,-1.0,0.0,-1.0,0.0,-4.154555222638863,0.0,0.0,-0.0,0.5,-0.0,-9.328999999999606,8.829000000000008,0.0,-17.657999999999614,0.0,-0.4770074030700406,0.0,-0.5,-0.0,0.0,0.0,0.0,-0.9770074030700406
22.50000000000005,0.0,10.0,4.478175877029252,4.127744182574791,-0.2681059684705846,PILOT_ASC_REMOVE_SLACK_ACC,caténaire,,0.47735124993346245,0.5,0.5,0.0,-1.0,0.0,-1.0,0.0,-4.127744182574791,0.0,0.0,-0.0,0.5,-0.0,-9.328999999999606,8.829000000000008,0.0,-17.657999999999614,0.0,-0.47735124993346245,0.0,-0.5,-0.0,0.0,0.0,0.0,-0.9773512499334625
22.60000000000005,0.0,10.0,4.451365283385083,4.100933142510717,-0.26810593644167996,PILOT_ASC_REMOVE_SLACK_ACC,caténaire,,0.4776943378498307,0.5,0.5,0.0,-1.0,0.0,-1.0,0.0,-4.100933142510717,0.0,0.0,-0.0,0.5,-0.0,-9.329000000000224,8.829000000000008,0.0,-17.658000000000232,0.0,-0.4776943378498307,0.0,-0.5,-0.0,0.0,0.0,0.0,-0.9776943378498306
22.700000000000053,0.0,10.0,4.4245546777428535,4.074122102446645,-0.2681060564223007,PILOT_ASC_REMOVE_SLACK_ACC,caténaire,,0.47803664897888776,0.5,0.5,0.0,-1.0,0.0,-1.0,0.0,-4.074122102446645,0.0,0.0,-0.0,0.5,-0.0,-9.328999999999606,8.829000000000008,0.0,-17.657999999999614,0.0,-0.47803664897888776,0.0,-0.5,-0.0,0.0,0.0,0.0,-0.9780366489788878
22.800000000000054,0.0,10.0,4.397744046821639,4.047311062382572,-0.2681063092121401,PILOT_ASC_REMOVE_SLACK_ACC,caténaire,,0.47837816512016507,0.5,0.5,0.0,-1.0,0.0,-1.0,0.0,-4.047311062382572,0.0,0.0,-0.0,0.5,-0.0,-9.329000000000224,8.829000000000008,0.0,-17.658000000000232,0.0,-0.47837816512016507,0.0,-0.5,-0.0,0.0,0.0,0.0,-0.9783781651201651
22.900000000000055,0.0,10.0,4.370933379511244,4.020500022318498,-0.26810667310394865,PILOT_ASC_REMOVE_SLACK_ACC,caténaire,,0.4787188677323017,0.5,0.5,0.0,-1.0,0.0,-1.0,0.0,-4.020500022318498,0.0,0.0,-0.0,0.5,-0.0,-9.329000000000224,8.829000000000008,0.0,-17.658000000000232,0.0,-0.4787188677323017,0.0,-0.5,-0.0,0.0,0.0,0.0,-0.9787188677323018
23.000000000000057,0.0,10.0,4.344122667025463,3.993688982254426,-0.26810712485780225,PILOT_ASC_REMOVE_SLACK_ACC,caténaire,,0.47905873794299114,0.5,0.5,0.0,-1.0,0.0,-1.0,0.0,-3.993688982254426,0.0,0.0,-0.0,0.5,-0.0,-9.328999999999606,8.829000000000008,0.0,-17.657999999999614,0.0,-0.47905873794299114,0.0,-0.5,-0.0,0.0,0.0,0.0,-0.9790587379429911
23.10000000000006,0.0,10.0,4.317311902962559,3.9668779421903526,-0.26810764062903436,PILOT_ASC_REMOVE_SLACK_ACC,caténaire,,0.47939775654950045,0.5,0.5,0.0,-1.0,0.0,-1.0,0.0,-3.9668779421903526,0.0,0.0,-0.0,0.5,-0.0,-9.329000000000224,8.829000000000008,0.0,-17.658000000000232,0.0,-0.47939775654950045,0.0,-0.5,-0.0,0.0,0.0,0.0,-0.9793977565495005
23.20000000000006,0.0,10.0,4.290501083280206,3.9400669021262797,-0.2681081968235331,PILOT_ASC_REMOVE_SLACK_ACC,caténaire,,0.47973590401,0.5,0.5,0.0,-1.0,0.0,-1.0,0.0,-3.9400669021262797,0.0,0.0,-0.0,0.5,-0.0,-9.328999999999915,8.829000000000008,0.0,-17.657999999999923,0.0,-0.47973590401,0.0,-0.5,-0.0,0.0,0.0,0.0,-0.97973590401
23.30000000000006,0.0,10.0,4.26369020619429,3.913255862062207,-0.26810877085915513,PILOT_ASC_REMOVE_SLACK_ACC,caténaire,,0.4800731604261958,0.5,0.5,0.0,-1.0,0.0,-1.0,0.0,-3.913255862062207,0.0,0.0,-0.0,0.5,-0.0,-9.328999999999915,8.829000000000008,0.0,-17.657999999999923,0.0,-0.4800731604261958,0.0,-0.5,-0.0,0.0,0.0,0.0,-0.9800731604261959
23.400000000000063,0.0,10.0,4.236879272012563,3.8864448219981336,-0.2681093418172672,PILOT_ASC_REMOVE_SLACK_ACC,caténaire,,0.4804095055179559,0.5,0.5,0.0,-1.0,0.0,-1.0,0.0,-3.8864448219981336,0.0,0.0,-0.0,0.5,-0.0,-9.329000000000224,8.829000000000008,0.0,-17.658000000000232,0.0,-0.4804095055179559,0.0,-0.5,-0.0,0.0,0.0,0.0,-0.9804095055179559
23.500000000000064,0.0,10.0,4.210068282915193,3.8596337819340603,-0.26810989097368354,PILOT_ASC_REMOVE_SLACK_ACC,caténaire,,0.4807449185907226,0.5,0.5,0.0,-1.0,0.0,-1.0,0.0,-3.8596337819340603,0.0,0.0,-0.0,0.5,-0.0,-9.329000000000224,8.829000000000008,0.0,-17.658000000000232,0.0,-0.4807449185907226,0.0,-0.5,-0.0,0.0,0.0,0.0,-0.9807449185907227
23.600000000000065,0.0,10.0,4.183257242694857,3.8328227418699874,-0.2681104022033595,PILOT_ASC_REMOVE_SLACK_ACC,caténaire,,0.48107937849814636,0.5,0.5,0.0,-1.0,0.0,-1.0,0.0,-3.8328227418699874,0.0,0.0,-0.0,0.5,-0.0,-9.328999999999915,8.829000000000008,0.0,-17.657999999999923,0.0,-0.48107937849814636,0.0,-0.5,-0.0,0.0,0.0,0.0,-0.9810793784981464
23.700000000000067,0.0,10.0,4.156446156469059,3.806011701805914,-0.2681108622579802,PILOT_ASC_REMOVE_SLACK_ACC,caténaire,,0.48141286359760593,0.5,0.5,0.0,-1.0,0.0,-1.0,0.0,-3.806011701805914,0.0,0.0,-0.0,0.5,-0.0,-9.329000000000224,8.829000000000008,0.0,-17.658000000000232,0.0,-0.48141286359760593,0.0,-0.5,-0.0,0.0,0.0,0.0,-0.9814128635976059
23.800000000000068,0.0,10.0,4.129635030377069,3.7792006617418408,-0.2681112609198971,PILOT_ASC_REMOVE_SLACK_ACC,caténaire,,0.4817453517003244,0.5,0.5,0.0,-1.0,0.0,-1.0,0.0,-3.7792006617418408,0.0,0.0,-0.0,0.5,-0.0,-9.329000000000224,8.829000000000008,0.0,-17.658000000000232,0.0,-0.4817453517003244,0.0,-0.5,-0.0,0.0,0.0,0.0,-0.9817453517003244
23.90000000000007,0.0,10.0,4.102823871273104,3.752389621677768,-0.26811159103965027,PILOT_ASC_REMOVE_SLACK_ACC,caténaire,,0.48207682002323643,0.5,0.5,0.0,-1.0,0.0,-1.0,0.0,-3.752389621677768,0.0,0.0,-0.0,0.5,-0.0,-9.328999999999915,8.829000000000008,0.0,-17.657999999999923,0.0,-0.48207682002323643,0.0,-0.5,-0.0,0.0,0.0,0.0,-0.9820768200232364
24.00000000000007,0.0,10.0,4.076012686426358,3.725578581613695,-0.268111848467464,PILOT_ASC_REMOVE_SLACK_ACC,caténaire,,0.48240724513589983,0.5,0.5,0.0,-1.0,0.0,-1.0,0.0,-3.725578581613695,0.0,0.0,-0.0,0.5,-0.0,-9.328999999999915,8.829000000000008,0.0,-17.657999999999923,0.0,-0.48240724513589983,0.0,-0.5,-0.0,0.0,0.0,0.0,-0.9824072451358998
24.100000000000072,0.0,10.0,4.049201483237199,3.6987675415496213,-0.26811203189160526,PILOT_ASC_REMOVE_SLACK_ACC,caténaire,,0.4827444570930722,0.5,0.5,0.0,-1.0,0.0,-1.0,0.0,-3.6987675415496213,0.0,0.0,-0.0,0.5,-0.0,-9.329000000000534,8.829000000000008,0.0,-17.65800000000054,0.0,-0.4827444570930722,0.0,-0.5,-0.0,0.0,0.0,0.0,-0.9827444570930721
24.200000000000074,0.0,10.0,4.022390268977368,3.6987675415496213,-0.2681121425983039,PILOT_ASC_REMOVE_SLACK_ACC,caténaire,,0.48306934590940775,0.5,0.5,0.0,-1.0,0.0,-1.0,0.0,-3.6719565014855484,0.0,0.0,-0.0,0.5,-0.0,-9.328999999999915,8.829000000000008,0.0,-17.657999999999923,0.0,-0.48306934590940775,0.0,-0.5,-0.0,0.0,0.0,0.0,-0.9830693459094078
24.300000000000075,0.0,10.0,3.9955790505604596,3.6719565014855484,-0.26811218416908006,PILOT_ASC_REMOVE_SLACK_ACC,caténaire,,0.4833948181272911,0.5,0.5,0.0,-1.0,0.0,-1.0,0.0,-3.6451454614214756,0.0,0.0,-0.0,0.5,-0.0,-9.328999999999915,8.829000000000008,0.0,-17.657999999999923,0.0,-0.4833948181272911,0.0,-0.5,-0.0,0.0,0.0,0.0,-0.9833948181272911
24.400000000000077,0.0,10.0,3.968767834347276,3.6451454614214756,-0.2681121621318334,PILOT_ASC_REMOVE_SLACK_ACC,caténaire,,0.48371999696750606,0.5,0.5,0.0,-1.0,0.0,-1.0,0.0,-3.6183344213574027,0.0,0.0,-0.0,0.5,-0.0,-9.328999999999915,8.829000000000008,0.0,-17.657999999999923,0.0,-0.48371999696750606,0.0,-0.5,-0.0,0.0,0.0,0.0,-0.9837199969675061
24.500000000000078,0.0,10.0,3.9419566259890813,3.6183344213574027,-0.26811208358194116,PILOT_ASC_REMOVE_SLACK_ACC,caténaire,,0.48404442987437074,0.5,0.5,0.0,-1.0,0.0,-1.0,0.0,-3.59152338129333,0.0,0.0,-0.0,0.5,-0.0,-9.328999999999915,8.829000000000008,0.0,-17.657999999999923,0.0,-0.48404442987437074,0.0,-0.5,-0.0,0.0,0.0,0.0,-0.9840444298743707
24.60000000000008,0.0,10.0,3.915145430310181,3.59152338129333,-0.2681119567889975,PILOT_ASC_REMOVE_SLACK_ACC,caténaire,,0.48436787589644115,0.5,0.5,0.0,-1.0,0.0,-1.0,0.0,-3.564712341229257,0.0,0.0,-0.0,0.5,-0.0,-9.328999999999915,8.829000000000008,0.0,-17.657999999999923,0.0,-0.48436787589644115,0.0,-0.5,-0.0,0.0,0.0,0.0,-0.9843678758964411
24.70000000000008,0.0,10.0,3.8883342512298067,3.564712341229257,-0.26811179080373915,PILOT_ASC_REMOVE_SLACK_ACC,caténaire,,0.4846901993534112,0.5,0.5,0.0,-1.0,0.0,-1.0,0.0,-3.537901301165184,0.0,0.0,-0.0,0.5,-0.0,-9.328999999999915,8.829000000000008,0.0,-17.657999999999923,0.0,-0.4846901993534112,0.0,-0.5,-0.0,0.0,0.0,0.0,-0.9846901993534112
24.800000000000082,0.0,10.0,3.8615230917219825,3.537901301165184,-0.26811159507823945,PILOT_ASC_REMOVE_SLACK_ACC,caténaire,,0.485011316646898,0.5,0.5,0.0,-1.0,0.0,-1.0,0.0,-3.511090261101111,0.0,0.0,-0.0,0.5,-0.0,-9.328999999999915,8.829000000000008,0.0,-17.657999999999923,0.0,-0.485011316646898,0.0,-0.5,-0.0,0.0,0.0,0.0,-0.985011316646898
24.900000000000084,0.0,10.0,3.8347119538109116,3.511090261101111,-0.2681113791107059,PILOT_ASC_REMOVE_SLACK_ACC,caténaire,,0.4853311696437974,0.5,0.5,0.0,-1.0,0.0,-1.0,0.0,-3.4842792210370384,0.0,0.0,-0.0,0.5,-0.0,-9.328999999999915,8.829000000000008,0.0,-17.657999999999923,0.0,-0.4853311696437974,0.0,-0.5,-0.0,0.0,0.0,0.0,-0.9853311696437974
25.000000000000085,0.0,10.0,3.8079008385984854,3.4842792210370384,-0.26811115212425973,PILOT_ASC_REMOVE_SLACK_ACC,caténaire,,0.4856497123463371,0.5,0.5,0.0,-1.0,0.0,-1.0,0.0,-3.4574681809729655,0.0,0.0,-0.0,0.5,-0.0,-9.328999999999915,8.829000000000008,0.0,-17.657999999999923,0.0,-0.4856497123463371,0.0,-0.5,-0.0,0.0,0.0,0.0,-0.985649712346337
25.100000000000087,0.0,10.0,3.7810897463197843,3.4574681809729655,-0.26811092278700704,PILOT_ASC_REMOVE_SLACK_ACC,caténaire,,0.4859669042056414,0.5,0.5,0.0,-1.0,0.0,-1.0,0.0,-3.4306571409088926,0.0,0.0,-0.0,0.5,-0.0,-9.328999999999915,8.829000000000008,0.0,-17.657999999999923,0.0,-0.4859669042056414,0.0,-0.5,-0.0,0.0,0.0,0.0,-0.9859669042056414
25.200000000000088,0.0,10.0,3.7542786764219236,3.4306571409088926,-0.26811069897860357,PILOT_ASC_REMOVE_SLACK_ACC,caténaire,,0.48628270675693575,0.5,0.5,0.0,-1.0,0.0,-1.0,0.0,-3.4038461008448198,0.0,0.0,-0.0,0.5,-0.0,-9.328999999999915,8.829000000000008,0.0,-17.657999999999923,0.0,-0.48628270675693575,0.0,-0.5,-0.0,0.0,0.0,0.0,-0.9862827067569357
25.30000000000009,0.0,10.0,3.727467627661279,3.4038461008448198,-0.2681104876064445,PILOT_ASC_REMOVE_SLACK_ACC,caténaire,,0.48659708191515183,0.5,0.5,0.0,-1.0,0.0,-1.0,0.0,-3.377035060780747,0.0,0.0,-0.0,0.5,-0.0,-9.328999999999915,8.829000000000008,0.0,-17.657999999999923,0.0,-0.48659708191515183,0.0,-0.5,-0.0,0.0,0.0,0.0,-0.9865970819151518
25.40000000000009,0.0,10.0,3.700656598214014,3.377035060780747,-0.26811029447264406,PILOT_ASC_REMOVE_SLACK_ACC,caténaire,,0.48690999110000865,0.5,0.5,0.0,-1.0,0.0,-1.0,0.0,-3.350224020716674,0.0,0.0,-0.0,0.5,-0.0,-9.328999999999915,8.829000000000008,0.0,-17.657999999999923,0.0,-0.48690999110000865,0.0,-0.5,-0.0,0.0,0.0,0.0,-0.9869099911000087
25.500000000000092,0.0,10.0,3.6738455857948975,3.350224020716674,-0.2681101241911596,PILOT_ASC_REMOVE_SLACK_ACC,caténaire,,0.4872213947747897,0.5,0.5,0.0,-1.0,0.0,-1.0,0.0,-3.323412980652601,0.0,0.0,-0.0,0.5,-0.0,-9.328999999999915,8.829000000000008,0.0,-17.657999999999923,0.0,-0.4872213947747897,0.0,-0.5,-0.0,0.0,0.0,0.0,-0.9872213947747897
25.600000000000094,0.0,10.0,3.647034587779616,3.323412980652601,-0.26810998015280907,PILOT_ASC_REMOVE_SLACK_ACC,caténaire,,0.4875313251512646,0.5,0.5,0.0,-1.0,0.0,-1.0,0.0,-3.2966019405885283,0.0,0.0,-0.0,0.5,-0.0,-9.328999999999915,8.829000000000008,0.0,-17.657999999999923,0.0,-0.4875313251512646,0.0,-0.5,-0.0,0.0,0.0,0.0,-0.9875313251512646
25.700000000000095,0.0,10.0,3.62022360132616,3.2966019405885283,-0.2681098645345575,PILOT_ASC_REMOVE_SLACK_ACC,caténaire,,0.4878396288325793,0.5,0.5000000346305192,0.0,-1.0,0.0,-1.0,0.0,-3.2697909005244554,0.0,0.0,-0.0,0.5,-0.0,-9.328999999999915,8.829000000000008,0.0,-17.657999999999923,0.0,-0.4878396288325793,0.0,-0.5,-0.0,0.0,0.0,0.0,-0.9878396288325793
25.800000000000097,0.0,10.0,3.593412623491326,3.2697909005244554,-0.26810977834833666,PILOT_ASC_REMOVE_SLACK_ACC,caténaire,,0.4881462121105651,0.5,0.5,0.0,-1.0,0.0,-1.0,0.0,-3.2429798604603826,0.0,0.0,-0.0,0.5,-0.0,-9.328999999999915,8.829000000000008,0.0,-17.657999999999923,0.0,-0.4881462121105651,0.0,-0.5,-0.0,0.0,0.0,0.0,-0.9881462121105651
25.900000000000098,0.0,10.0,3.566601651338944,3.2429798604603826,-0.26810972152381746,PILOT_ASC_REMOVE_SLACK_ACC,caténaire,,0.48845114518086563,0.5,0.5,0.0,-1.0,0.0,-1.0,0.0,-3.2161688203963097,0.0,0.0,-0.0,0.5,-0.0,-9.328999999999915,8.829000000000008,0.0,-17.657999999999923,0.0,-0.48845114518086563,0.0,-0.5,-0.0,0.0,0.0,0.0,-0.9884511451808656
26.0000000000001,0.0,10.0,3.5397906820370455,3.2161688203963097,-0.26810969301898047,PILOT_ASC_REMOVE_SLACK_ACC,caténaire,,0.48875436781672127,0.5,0.5,0.0,-1.0,0.0,-1.0,0.0,-3.189357780332237,0.0,0.0,-0.0,0.5,-0.0,-9.328999999999915,8.829000000000008,0.0,-17.657999999999923,0.0,-0.48875436781672127,0.0,-0.5,-0.0,0.0,0.0,0.0,-0.9887543678167212
26.1000000000001,0.0,10.0,3.5129797129418434,3.3222708708701387,-0.26810969095201864,PILOT_ASC_REMOVE_SLACK_ACC,caténaire,,0.48905588867386796,0.5,0.5000000049160799,0.0,-1.0,0.0,1.0,0.0,-3.162546740268164,0.0,0.0,-0.0,-0.5,-0.0,-9.328999999999915,8.829000000000008,0.0,-18.657999999999923,0.0,-0.48905588867386796,0.0,0.5,-0.0,0.0,0.0,0.0,0.010944111326132044
26.200000000000102,0.0,10.0,3.4861687416670386,3.162546740268164,-0.2681097127480433,PILOT_ASC_REMOVE_SLACK_ACC,caténaire,,0.489355494470406,0.5,0.5,0.0,-1.0,0.0,-1.0,0.0,-3.135735700204091,0.0,0.0,-0.0,0.5,-0.0,-9.328999999999915,8.829000000000008,0.0,-17.657999999999923,0.0,-0.489355494470406,0.0,-0.5,-0.0,0.0,0.0,0.0,-0.9893554944704059
26.300000000000104,0.0,10.0,3.4593577661376163,3.135735700204091,-0.2681097552942215,PILOT_ASC_REMOVE_SLACK_ACC,caténaire,,0.4896532431619488,0.5,0.5,0.0,-1.0,0.0,-1.0,0.0,-3.1089246601400182,0.0,0.0,-0.0,0.5,-0.0,-9.328999999999915,8.829000000000008,0.0,-17.657999999999923,0.0,-0.4896532431619488,0.0,-0.5,-0.0,0.0,0.0,0.0,-0.9896532431619488
26.400000000000105,0.0,10.0,3.4325467846278825,3.1089246601400182,-0.268109815097332,PILOT_ASC_REMOVE_SLACK_ACC,caténaire,,0.4899490718573382,0.5,0.5,0.0,-1.0,0.0,-1.0,0.0,-3.0821136200759454,0.0,0.0,-0.0,0.5,-0.0,-9.328999999999915,8.829000000000008,0.0,-17.657999999999923,0.0,-0.4899490718573382,0.0,-0.5,-0.0,0.0,0.0,0.0,-0.9899490718573383
26.500000000000107,0.0,10.0,3.4057357957840577,3.241422862648324,-0.2681098884382445,PILOT_ASC_REMOVE_SLACK_ACC,caténaire,,0.49024297682683143,0.5,0.5000000026484418,0.0,-1.0,0.0,1.0,0.0,-3.0553025800118725,0.0,0.0,-0.0,-0.5,-0.0,-9.328999999999915,8.829000000000008,0.0,-18.657999999999923,0.0,-0.49024297682683143,0.0,0.5,-0.0,0.0,0.0,0.0,0.009757023173168566
26.600000000000108,0.0,10.0,3.3789247986322093,3.3185653714951977,-0.2681099715184818,PILOT_ASC_REMOVE_SLACK_ACC,caténaire,,0.49053481071278826,0.5,0.5000000288473697,0.0,-1.0,0.0,1.0,0.0,-3.0284915399477996,0.0,0.0,-0.0,-0.5,-0.0,-9.328999999999915,8.829000000000008,0.0,-18.657999999999923,0.0,-0.49053481071278826,0.0,0.5,-0.0,0.0,0.0,0.0,0.00946518928721174
26.70000000000011,0.0,10.0,3.352113792572732,3.292017235126027,-0.2681100605947702,PILOT_ASC_REMOVE_SLACK_ACC,caténaire,,0.49082452701948603,0.5,0.5000000410839408,0.0,-1.0,0.0,1.0,0.0,-3.0016804998837268,0.0,0.0,-0.0,-0.5,-0.0,-9.328999999999915,8.829000000000008,0.0,-18.657999999999923,0.0,-0.49082452701948603,0.0,0.5,-0.0,0.0,0.0,0.0,0.009175472980513966
26.80000000000011,0.0,10.0,3.3253027773629023,3.687907807704367,-0.2681101520982949,PILOT_ASC_REMOVE_SLACK_ACC,caténaire,,0.49111201830879736,0.5,0.5,0.0,-1.0,0.0,-1.0,0.0,-2.974869459819654,0.0,0.0,-0.0,0.5,-0.0,-9.328999999999915,8.829000000000008,0.0,-17.657999999999923,0.0,-0.49111201830879736,0.0,-0.5,-0.0,0.0,0.0,0.0,-0.9911120183087974
26.900000000000112,0.0,10.0,3.2984917530892806,3.2355483419783675,-0.26811024273621487,PILOT_ASC_REMOVE_SLACK_ACC,caténaire,,0.49139735181218896,0.5,0.5000000223236984,0.0,-1.0,0.0,1.0,0.0,-2.948058419755581,0.0,0.0,-0.0,-0.5,-0.0,-9.328999999999915,8.829000000000008,0.0,-18.657999999999923,0.0,-0.49139735181218896,0.0,0.5,-0.0,0.0,0.0,0.0,0.008602648187811035
27.000000000000114,0.0,10.0,3.2716807201318976,2.948058419755581,-0.2681103295738266,PILOT_ASC_REMOVE_SLACK_ACC,caténaire,,0.49170583392004225,0.5,0.5,0.0,-1.0,0.0,-1.0,0.0,-2.921247379691508,0.0,0.0,-0.0,0.5,-0.0,-9.328999999999915,8.829000000000008,0.0,-17.657999999999923,0.0,-0.49170583392004225,0.0,-0.5,-0.0,0.0,0.0,0.0,-0.9917058339200422
27.100000000000115,0.0,10.0,3.24486967912224,3.294271522620789,-0.2681104100965737,PILOT_ASC_REMOVE_SLACK_ACC,caténaire,,0.4919737442805764,0.5,0.500000016802303,0.0,-1.0,0.0,1.0,0.0,-2.8944363396274353,0.0,0.0,-0.0,-0.5,-0.0,-9.328999999999915,8.829000000000008,0.0,-18.657999999999923,0.0,-0.4919737442805764,0.0,0.5,-0.0,0.0,0.0,0.0,0.008026255719423614
27.200000000000117,0.0,10.0,3.2180586308970542,2.8944363396274353,-0.2681104822518512,PILOT_ASC_REMOVE_SLACK_ACC,caténaire,,0.4922692805713651,0.5,0.5,0.0,-1.0,0.0,-1.0,0.0,-2.8676252995633624,0.0,0.0,-0.0,0.5,-0.0,-9.328999999999915,8.829000000000008,0.0,-17.657999999999923,0.0,-0.4922692805713651,0.0,-0.5,-0.0,0.0,0.0,0.0,-0.9922692805713651
27.300000000000118,0.0,10.0,3.191247576449931,3.2594794889324388,-0.26811054447123,PILOT_ASC_REMOVE_SLACK_ACC,caténaire,,0.4925299164701565,0.5,0.5000000146061868,0.0,-1.0,0.0,1.0,0.0,-2.8408142594992896,0.0,0.0,-0.0,-0.5,-0.0,-9.328999999999915,8.829000000000008,0.0,-18.657999999999923,0.0,-0.4925299164701565,0.0,0.5,-0.0,0.0,0.0,0.0,0.007470083529843519
27.40000000000012,0.0,10.0,3.1644365168824984,2.8408142594992896,-0.26811059567432083,PILOT_ASC_REMOVE_SLACK_ACC,caténaire,,0.4928174551144218,0.5,0.5,0.0,-1.0,0.0,-1.0,0.0,-2.8140032194352167,0.0,0.0,-0.0,0.5,-0.0,-9.328999999999915,8.829000000000008,0.0,-17.657999999999923,0.0,-0.4928174551144218,0.0,-0.5,-0.0,0.0,0.0,0.0,-0.9928174551144218
27.50000000000012,0.0,10.0,3.1376254533569,2.8140032194352167,-0.26811063525598267,PILOT_ASC_REMOVE_SLACK_ACC,caténaire,,0.49307305191516915,0.5,0.5,0.0,-1.0,0.0,-1.0,0.0,-2.787192179371144,0.0,0.0,-0.0,0.5,-0.0,-9.328999999999915,8.829000000000008,0.0,-17.657999999999923,0.0,-0.49307305191516915,0.0,-0.5,-0.0,0.0,0.0,0.0,-0.9930730519151691
27.600000000000122,0.0,10.0,3.1108143870510028,3.3184889631036345,-0.26811066305896974,PILOT_ASC_REMOVE_SLACK_ACC,caténaire,,0.49333331506027617,0.5,0.5000000058343484,0.0,-1.0,0.0,1.0,0.0,-2.760381139307071,0.0,0.0,-0.0,-0.5,-0.0,-9.328999999999915,8.829000000000008,0.0,-18.657999999999923,0.0,-0.49333331506027617,0.0,0.5,-0.0,0.0,0.0,0.0,0.006666684939723833
27.700000000000124,0.0,10.0,3.084003319117564,2.760381139307071,-0.2681106793343834,PILOT_ASC_REMOVE_SLACK_ACC,caténaire,,0.4936369089843307,0.5,0.5,0.0,-1.0,0.0,-1.0,0.0,-2.733570099242998,0.0,0.0,-0.0,0.5,-0.0,-9.328999999999915,8.829000000000008,0.0,-17.657999999999923,0.0,-0.4936369089843307,0.0,-0.5,-0.0,0.0,0.0,0.0,-0.9936369089843307
27.800000000000125,0.0,10.0,3.057192250648317,3.2586267861649,-0.268110684692467,PILOT_ASC_REMOVE_SLACK_ACC,caténaire,,0.4938756191864705,0.5,0.500000009899761,0.0,-1.0,0.0,1.0,0.0,-2.7067590591789252,0.0,0.0,-0.0,-0.5,-0.0,-9.328999999999915,8.829000000000008,0.0,-18.657999999999923,0.0,-0.4938756191864705,0.0,0.5,-0.0,0.0,0.0,0.0,0.006124380813529506
27.900000000000126,0.0,10.0,3.0303811826436813,3.2978398135120224,-0.26811068004635086,PILOT_ASC_REMOVE_SLACK_ACC,caténaire,,0.49412282488646686,0.5,0.5000000218416807,0.0,-1.0,0.0,1.0,0.0,-2.6799480191148524,0.0,0.0,-0.0,-0.5,-0.0,-9.328999999999915,8.829000000000008,0.0,-18.657999999999923,0.0,-0.49412282488646686,0.0,0.5,-0.0,0.0,0.0,0.0,0.00587717511353314
28.000000000000128,0.0,10.0,3.0035701159885484,2.6799480191148524,-0.2681106665513254,PILOT_ASC_REMOVE_SLACK_ACC,caténaire,,0.49440985549206273,0.5,0.5,0.0,-1.0,0.0,-1.0,0.0,-2.6531369790507795,0.0,0.0,-0.0,0.5,-0.0,-9.328999999999915,8.829000000000008,0.0,-17.657999999999923,0.0,-0.49440985549206273,0.0,-0.5,-0.0,0.0,0.0,0.0,-0.9944098554920627
28.10000000000013,0.0,10.0,2.9767590514343363,3.3185462902652962,-0.26811064554211583,PILOT_ASC_REMOVE_SLACK_ACC,caténaire,,0.49464070208602123,0.5,0.5000000127803055,0.0,-1.0,0.0,1.0,0.0,-2.6263259389867066,0.0,0.0,-0.0,-0.5,-0.0,-9.328999999999915,8.829000000000008,0.0,-18.657999999999923,0.0,-0.49464070208602123,0.0,0.5,-0.0,0.0,0.0,0.0,0.005359297913978767
28.20000000000013,0.0,10.0,2.949947989587291,2.6263259389867066,-0.2681106184704475,PILOT_ASC_REMOVE_SLACK_ACC,caténaire,,0.4949340628327618,0.5,0.5,0.0,-1.0,0.0,-1.0,0.0,-2.5995148989226338,0.0,0.0,-0.0,0.5,-0.0,-9.328999999999915,8.829000000000008,0.0,-17.657999999999923,0.0,-0.4949340628327618,0.0,-0.5,-0.0,0.0,0.0,0.0,-0.9949340628327619
28.300000000000132,0.0,10.0,2.9231369309027952,3.3204118834624254,-0.2681105868449552,PILOT_ASC_REMOVE_SLACK_ACC,caténaire,,0.4951465892926661,0.5,0.5000000097941731,0.0,-1.0,0.0,1.0,0.0,-2.572703858858561,0.0,0.0,-0.0,-0.5,-0.0,-9.328999999999915,8.829000000000008,0.0,-18.657999999999923,0.0,-0.4951465892926661,0.0,0.5,-0.0,0.0,0.0,0.0,0.004853410707333916
28.400000000000134,0.0,10.0,2.8963258756852746,3.385659951049777,-0.26811055217520446,PILOT_ASC_REMOVE_SLACK_ACC,caténaire,,0.49537197356302226,0.5,0.5000000181064925,0.0,-1.0,0.0,1.0,0.0,-2.545892818794488,0.0,0.0,-0.0,-0.5,-0.0,-9.328999999999915,8.829000000000008,0.0,-18.657999999999923,0.0,-0.49537197356302226,0.0,0.5,-0.0,0.0,0.0,0.0,0.004628026436977739
28.500000000000135,0.0,10.0,2.8695148240931463,2.545892818794488,-0.26811051592127955,PILOT_ASC_REMOVE_SLACK_ACC,caténaire,,0.49564174592611754,0.5,0.5000000215594611,0.0,-1.0,0.0,-1.0,0.0,-2.519081778730415,0.0,0.0,-0.0,0.5,-0.0,-9.328999999999915,8.829000000000008,0.0,-17.657999999999923,0.0,-0.49564174592611754,0.0,-0.5,-0.0,0.0,0.0,0.0,-0.9956417459261175
28.600000000000136,0.0,10.0,2.8427037761481397,3.330549022427931,-0.26811047945006194,PILOT_ASC_REMOVE_SLACK_ACC,caténaire,,0.4958519167149172,0.5,0.5000000225947914,0.0,-1.0,0.0,1.0,0.0,-2.4922707386663423,0.0,0.0,-0.0,-0.5,-0.0,-9.328999999999915,8.829000000000008,0.0,-18.657999999999923,0.0,-0.4958519167149172,0.0,0.5,-0.0,0.0,0.0,0.0,0.004148083285082815
28.700000000000138,0.0,10.0,2.8158927317482405,3.4637403194606358,-0.26811044399898826,PILOT_ASC_REMOVE_SLACK_ACC,caténaire,,0.49607010183747097,0.5,0.500000022433782,0.0,-1.0,0.0,1.0,0.0,-2.4654596986022694,0.0,0.0,-0.0,-0.5,-0.0,-9.328999999999915,8.829000000000008,0.0,-18.657999999999923,0.0,-0.49607010183747097,0.0,0.5,-0.0,0.0,0.0,0.0,0.003929898162529033
28.80000000000014,0.0,10.0,2.7890816906834655,2.4654596986022694,-0.26811041064774643,PILOT_ASC_REMOVE_SLACK_ACC,caténaire,,0.4963388046910449,0.5,0.5000000216875468,0.0,-1.0,0.0,-1.0,0.0,-2.4386486585381966,0.0,0.0,-0.0,0.5,-0.0,-9.328999999999915,8.829000000000008,0.0,-17.657999999999923,0.0,-0.4963388046910449,0.0,-0.5,-0.0,0.0,0.0,0.0,-0.9963388046910449
28.90000000000014,0.0,10.0,2.762270652653659,3.5879108392027717,-0.26811038029806145,PILOT_ASC_REMOVE_SLACK_ACC,caténaire,,0.4965331929865638,0.5,0.5000000206621291,0.0,-1.0,0.0,1.0,0.0,-2.4118376184741237,0.0,0.0,-0.0,-0.5,-0.0,-9.328999999999915,8.829000000000008,0.0,-18.657999999999923,0.0,-0.4965331929865638,0.0,0.5,-0.0,0.0,0.0,0.0,0.0034668070134362128
29.000000000000142,0.0,10.0,2.7354596172875154,2.4118376184741237,-0.26811035366143376,PILOT_ASC_REMOVE_SLACK_ACC,caténaire,,0.4967545406546693,0.5,0.5000000195110625,0.0,-1.0,0.0,-1.0,0.0,-2.385026578410051,0.0,0.0,-0.0,0.5,-0.0,-9.328999999999915,8.829000000000008,0.0,-17.657999999999923,0.0,-0.4967545406546693,0.0,-0.5,-0.0,0.0,0.0,0.0,-0.9967545406546693
29.100000000000144,0.0,10.0,2.7086485841620704,3.5288079288702883,-0.2681103312544453,PILOT_ASC_REMOVE_SLACK_ACC,caténaire,,0.49695141008650745,0.5,0.500000018311651,0.0,-1.0,0.0,1.0,0.0,-2.358215538345978,0.0,0.0,-0.0,-0.5,-0.0,-9.328999999999915,8.829000000000008,0.0,-18.657999999999923,0.0,-0.49695141008650745,0.0,0.5,-0.0,0.0,0.0,0.0,0.00304858991349255
29.200000000000145,0.0,10.0,2.681837552821967,2.56337402065125,-0.2681103134010316,PILOT_ASC_REMOVE_SLACK_ACC,caténaire,,0.49716669172838907,0.5,0.500003253436884,0.0,-1.0,0.0,1.0,0.0,-2.331404498281905,0.0,0.0,-0.0,-0.5,-0.0,-9.328999999999915,8.829000000000008,0.0,-18.657999999999923,0.0,-0.49716669172838907,0.0,0.5,-0.0,0.0,0.0,0.0,0.002833308271610935
29.300000000000146,0.0,10.0,2.655026522797872,2.331404498281905,-0.2681103002409491,PILOT_ASC_REMOVE_SLACK_ACC,caténaire,,0.49735780149105574,0.5,0.5000000159056455,0.0,-1.0,0.0,-1.0,0.0,-2.3045934582178322,0.0,0.0,-0.0,0.5,-0.0,-9.328999999999915,8.829000000000008,0.0,-17.657999999999923,0.0,-0.49735780149105574,0.0,-0.5,-0.0,0.0,0.0,0.0,-0.9973578014910558
29.400000000000148,0.0,10.0,2.628215493623518,2.3045934582178322,-0.2681102917435341,PILOT_ASC_REMOVE_SLACK_ACC,caténaire,,0.4975494874158479,0.5,0.500000001175665,0.0,-1.0,0.0,-1.0,0.0,-2.2777824181537594,0.0,0.0,-0.0,0.5,-0.0,-9.328999999999915,8.829000000000008,0.0,-17.657999999999923,0.0,-0.4975494874158479,0.0,-0.5,-0.0,0.0,0.0,0.0,-0.9975494874158479
29.50000000000015,0.0,10.0,2.601404464850941,2.2777824181537594,-0.26811028772576695,PILOT_ASC_REMOVE_SLACK_ACC,caténaire,,0.49773865607828494,0.5,0.5,0.0,-1.0,0.0,-1.0,0.0,-2.2509713780896865,0.0,0.0,-0.0,0.5,-0.0,-9.328999999999915,8.829000000000008,0.0,-17.657999999999923,0.0,-0.49773865607828494,0.0,-0.5,-0.0,0.0,0.0,0.0,-0.9977386560782849
29.60000000000015,0.0,10.0,2.5745934360635796,3.548081770100815,-0.2681102878736084,PILOT_ASC_REMOVE_SLACK_ACC,caténaire,,0.4979236417760676,0.5,0.5000000028600957,0.0,-1.0,0.0,1.0,0.0,-2.2241603380256136,0.0,0.0,-0.0,-0.5,-0.0,-9.328999999999915,8.829000000000008,0.0,-18.657999999999923,0.0,-0.4979236417760676,0.0,0.5,-0.0,0.0,0.0,0.0,0.002076358223932373
29.700000000000152,0.0,10.0,2.547782406887022,3.591294137095773,-0.26811029176556955,PILOT_ASC_REMOVE_SLACK_ACC,caténaire,,0.4981034659815342,0.5,0.5000000065807542,0.0,-1.0,0.0,1.0,0.0,-2.1973492979615408,0.0,0.0,-0.0,-0.5,-0.0,-9.328999999999915,8.829000000000008,0.0,-18.657999999999923,0.0,-0.4981034659815342,0.0,0.5,-0.0,0.0,0.0,0.0,0.0018965340184657897
29.800000000000153,0.0,10.0,2.520971376997271,2.6208230835108406,-0.26811029889750637,PILOT_ASC_REMOVE_SLACK_ACC,caténaire,,0.49828987169093536,0.5,0.5000000079361561,0.0,-1.0,0.0,1.0,0.0,-2.170538257897468,0.0,0.0,-0.0,-0.5,-0.0,-9.328999999999915,8.829000000000008,0.0,-18.657999999999923,0.0,-0.49828987169093536,0.0,0.5,-0.0,0.0,0.0,0.0,0.0017101283090646402
29.900000000000155,0.0,10.0,2.4941603461265016,2.170538257897468,-0.2681103087076901,PILOT_ASC_REMOVE_SLACK_ACC,caténaire,,0.49845962104028463,0.5,0.5000000081288645,0.0,-1.0,0.0,-1.0,0.0,-2.143727217833395,0.0,0.0,-0.0,0.5,-0.0,-9.328999999999915,8.829000000000008,0.0,-17.657999999999923,0.0,-0.49845962104028463,0.0,-0.5,-0.0,0.0,0.0,0.0,-0.9984596210402846
30.000000000000156,0.0,10.0,2.467349314066372,2.143727217833395,-0.2681103206012899,PILOT_ASC_REMOVE_SLACK_ACC,caténaire,,0.49861377382966277,0.5,0.5000000003678424,0.0,-1.0,0.0,-1.0,0.0,-2.116916177769322,0.0,0.0,-0.0,0.5,-0.0,-9.328999999999915,8.829000000000008,0.0,-17.657999999999923,0.0,-0.49861377382966277,0.0,-0.5,-0.0,0.0,0.0,0.0,-0.9986137738296628
30.100000000000158,0.0,10.0,2.4405382806690206,2.116916177769322,-0.26811033397351086,PILOT_ASC_REMOVE_SLACK_ACC,caténaire,,0.49876459114783633,0.5,0.5,0.0,-1.0,0.0,-1.0,0.0,-2.0901051377052493,0.0,0.0,-0.0,0.5,-0.0,-9.328999999999915,8.829000000000008,0.0,-17.657999999999923,0.0,-0.49876459114783633,0.0,-0.5,-0.0,0.0,0.0,0.0,-0.9987645911478363
30.20000000000016,0.0,10.0,2.413727245845945,2.0901051377052493,-0.2681103482307502,PILOT_ASC_REMOVE_SLACK_ACC,caténaire,,0.498909962680548,0.5,0.5,0.0,-1.0,0.0,-1.0,0.0,-2.0632940976411764,0.0,0.0,-0.0,0.5,-0.0,-9.328999999999915,8.829000000000008,0.0,-17.657999999999923,0.0,-0.498909962680548,0.0,-0.5,-0.0,0.0,0.0,0.0,-0.998909962680548
30.30000000000016,0.0,10.0,2.386916209565018,2.0632940976411764,-0.26811036280926476,PILOT_ASC_REMOVE_SLACK_ACC,caténaire,,0.4990486631855366,0.5,0.5,0.0,-1.0,0.0,-1.0,0.0,-2.0364830575771036,0.0,0.0,-0.0,0.5,-0.0,-9.328999999999915,8.829000000000008,0.0,-17.657999999999923,0.0,-0.4990486631855366,0.0,-0.5,-0.0,0.0,0.0,0.0,-0.9990486631855366
30.400000000000162,0.0,10.0,2.36010517184592,2.0364830575771036,-0.2681103771909764,PILOT_ASC_REMOVE_SLACK_ACC,caténaire,,0.49917989978374167,0.5,0.5,0.0,-1.0,0.0,-1.0,0.0,-2.0096720175130307,0.0,0.0,-0.0,0.5,-0.0,-9.328999999999915,8.829000000000008,0.0,-17.657999999999923,0.0,-0.49917989978374167,0.0,-0.5,-0.0,0.0,0.0,0.0,-0.9991798997837417
30.500000000000163,0.0,10.0,2.333294132754302,2.0096720175130307,-0.2681103909161752,PILOT_ASC_REMOVE_SLACK_ACC,caténaire,,0.49930308484371067,0.5,0.5,0.0,-1.0,0.0,-1.0,0.0,-1.9828609774489576,0.0,0.0,-0.0,0.5,-0.0,-9.32900000000007,8.829000000000008,0.0,-17.65800000000008,0.0,-0.49930308484371067,0.0,-0.5,-0.0,0.0,0.0,0.0,-0.9993030848437107
30.600000000000165,0.0,10.0,2.306483092395001,1.9828609774489576,-0.2681104035930059,PILOT_ASC_REMOVE_SLACK_ACC,caténaire,,0.499417721594107,0.5,0.5,0.0,-1.0,0.0,-1.0,0.0,-1.9560499373848845,0.0,0.0,-0.0,0.5,-0.0,-9.32900000000007,8.829000000000008,0.0,-17.65800000000008,0.0,-0.499417721594107,0.0,-0.5,-0.0,0.0,0.0,0.0,-0.999417721594107
30.700000000000166,0.0,10.0,2.2796720509046264,1.9560499373848845,-0.26811041490374415,PILOT_ASC_REMOVE_SLACK_ACC,caténaire,,0.49952334602454235,0.5,0.5,0.0,-1.0,0.0,-1.0,0.0,-1.9292388973208114,0.0,0.0,-0.0,0.5,-0.0,-9.32900000000007,8.829000000000008,0.0,-17.65800000000008,0.0,-0.49952334602454235,0.0,-0.5,-0.0,0.0,0.0,0.0,-0.9995233460245423
30.800000000000168,0.0,10.0,2.2528610084438285,1.9292388973208114,-0.26811042460797474,PILOT_ASC_REMOVE_SLACK_ACC,caténaire,,0.49961949684675605,0.5,0.5,0.0,-1.0,0.0,-1.0,0.0,-1.9024278572567384,0.0,0.0,-0.0,0.5,-0.0,-9.32900000000007,8.829000000000008,0.0,-17.65800000000008,0.0,-0.49961949684675605,0.0,-0.5,-0.0,0.0,0.0,0.0,-0.999619496846756
30.90000000000017,0.0,10.0,2.226049965189541,1.9024278572567384,-0.268110432542874,PILOT_ASC_REMOVE_SLACK_ACC,caténaire,,0.49970569939305026,0.5,0.5,0.0,-1.0,0.0,-1.0,0.0,-1.8756168171926653,0.0,0.0,-0.0,0.5,-0.0,-9.32900000000007,8.829000000000008,0.0,-17.65800000000008,0.0,-0.49970569939305026,0.0,-0.5,-0.0,0.0,0.0,0.0,-0.9997056993930502
31.00000000000017,0.0,10.0,2.199238921327453,1.8756168171926653,-0.26811043862087847,PILOT_ASC_REMOVE_SLACK_ACC,caténaire,,0.49978145638020055,0.5,0.5,0.0,-1.0,0.0,-1.0,0.0,-1.8488057771285922,0.0,0.0,-0.0,0.5,-0.0,-9.32900000000007,8.829000000000008,0.0,-17.65800000000008,0.0,-0.49978145638020055,0.0,-0.5,-0.0,0.0,0.0,0.0,-0.9997814563802006
31.100000000000172,0.0,10.0,2.1724278770449446,1.8488057771285922,-0.2681104428250775,PILOT_ASC_REMOVE_SLACK_ACC,caténaire,,0.4998462419914117,0.5,0.5,0.0,-1.0,0.0,-1.0,0.0,-1.821994737064519,0.0,0.0,-0.0,0.5,-0.0,-9.32900000000007,8.829000000000008,0.0,-17.65800000000008,0.0,-0.4998462419914117,0.0,-0.5,-0.0,0.0,0.0,0.0,-0.9998462419914117
31.200000000000173,0.0,10.0,2.145616832524673,1.821994737064519,-0.2681104452027116,PILOT_ASC_REMOVE_SLACK_ACC,caténaire,,0.49989949748957463,0.5,0.5,0.0,-1.0,0.0,-1.0,0.0,-1.795183697000446,0.0,0.0,-0.0,0.5,-0.0,-9.32900000000007,8.829000000000008,0.0,-17.65800000000008,0.0,-0.49989949748957463,0.0,-0.5,-0.0,0.0,0.0,0.0,-0.9998994974895746
31.300000000000175,0.0,10.0,2.1188057879389546,1.795183697000446,-0.26811044585718286,PILOT_ASC_REMOVE_SLACK_ACC,caténaire,,0.4999406274537201,0.5,0.5,0.0,-1.0,0.0,-1.0,0.0,-1.768372656936373,0.0,0.0,-0.0,0.5,-0.0,-9.32900000000007,8.829000000000008,0.0,-17.65800000000008,0.0,-0.4999406274537201,0.0,-0.5,-0.0,0.0,0.0,0.0,-0.9999406274537201
31.400000000000176,0.0,10.0,2.091994743445055,1.768372656936373,-0.2681104449389918,PILOT_ASC_REMOVE_SLACK_ACC,caténaire,,0.4999689961679203,0.5,0.5,0.0,-1.0,0.0,-1.0,0.0,-1.7415616168722998,0.0,0.0,-0.0,0.5,-0.0,-9.32900000000007,8.829000000000008,0.0,-17.65800000000008,0.0,-0.4999689961679203,0.0,-0.5,-0.0,0.0,0.0,0.0,-0.9999689961679203
31.500000000000178,0.0,10.0,2.0651836991814534,1.7415616168722998,-0.26811044263601097,PILOT_ASC_REMOVE_SLACK_ACC,caténaire,,0.49998449808396017,0.5,0.5,0.0,-1.0,0.0,-1.0,0.0,-1.7147505768082267,0.0,0.0,-0.0,0.5,-0.0,-9.32900000000007,8.829000000000008,0.0,-17.65800000000008,0.0,-0.49998449808396017,0.0,-0.5,-0.0,0.0,0.0,0.0,-0.9999844980839602
31.60000000000018,0.0,10.0,2.0383726552651042,1.7147505768082267,-0.2681104391634854,PILOT_ASC_REMOVE_SLACK_ACC,caténaire,,0.4999922490419801,0.5,0.5,0.0,-1.0,0.0,-1.0,0.0,-1.6879395367441536,0.0,0.0,-0.0,0.5,-0.0,-9.32900000000007,8.829000000000008,0.0,-17.65800000000008,0.0,-0.4999922490419801,0.0,-0.5,-0.0,0.0,0.0,0.0,-0.9999922490419801
31.70000000000018,0.0,10.0,2.0115616117896917,1.6879395367441536,-0.26811043475412044,PILOT_ASC_REMOVE_SLACK_ACC,caténaire,,0.49999612452099007,0.5,0.5,0.0,-1.0,0.0,-1.0,0.0,-1.6611284966800806,0.0,0.0,-0.0,0.5,-0.0,-9.32900000000007,8.829000000000008,0.0,-17.65800000000008,0.0,-0.49999612452099007,0.0,-0.5,-0.0,0.0,0.0,0.0,-0.9999961245209901
31.800000000000182,0.0,10.0,1.9847505688248335,1.6611284966800806,-0.2681104296485788,PILOT_ASC_REMOVE_SLACK_ACC,caténaire,,0.49999806226049504,0.5,0.5,0.0,-1.0,0.0,-1.0,0.0,-1.6343174566160075,0.0,0.0,-0.0,0.5,-0.0,-9.32900000000007,8.829000000000008,0.0,-17.65800000000008,0.0,-0.49999806226049504,0.0,-0.5,-0.0,0.0,0.0,0.0,-0.999998062260495
31.900000000000183,0.0,10.0,1.9579395264161668,1.6343174566160075,-0.2681104240866629,PILOT_ASC_REMOVE_SLACK_ACC,caténaire,,0.4999990311302475,0.5,0.5,0.0,-1.0,0.0,-1.0,0.0,-1.6075064165519344,0.0,0.0,-0.0,0.5,-0.0,-9.32900000000007,8.829000000000008,0.0,-17.65800000000008,0.0,-0.4999990311302475,0.0,-0.5,-0.0,0.0,0.0,0.0,-0.9999990311302476
32.000000000000185,0.0,10.0,1.9311284845862255,1.6075064165519344,-0.2681104182994074,PILOT_ASC_REMOVE_SLACK_ACC,caténaire,,0.4999995155651238,0.5,0.5,0.0,-1.0,0.0,-1.0,0.0,-1.5806953764878613,0.0,0.0,-0.0,0.5,-0.0,-9.32900000000007,8.829000000000008,0.0,-17.65800000000008,0.0,-0.4999995155651238,0.0,-0.5,-0.0,0.0,0.0,0.0,-0.9999995155651238
32.100000000000186,0.0,10.0,1.9043174433359997,1.5806953764878613,-0.26811041250225476,PILOT_ASC_REMOVE_SLACK_ACC,caténaire,,0.4999997577825619,0.5,0.5,0.0,-1.0,0.0,-1.0,0.0,-1.5538843364237882,0.0,0.0,-0.0,0.5,-0.0,-9.32900000000007,8.829000000000008,0.0,-17.65800000000008,0.0,-0.4999997577825619,0.0,-0.5,-0.0,0.0,0.0,0.0,-0.9999997577825619
32.20000000000019,0.0,10.0,1.877506402647056,1.5538843364237882,-0.2681104068894331,PILOT_ASC_REMOVE_SLACK_ACC,caténaire,,0.49999987889128095,0.5,0.5,0.0,-1.0,0.0,-1.0,0.0,-1.5270732963597151,0.0,0.0,-0.0,0.5,-0.0,-9.32900000000007,8.829000000000008,0.0,-17.65800000000008,0.0,-0.49999987889128095,0.0,-0.5,-0.0,0.0,0.0,0.0,-0.999999878891281
32.30000000000019,0.0,10.0,1.8506953624840954,1.5270732963597151,-0.2681104016296034,PILOT_ASC_REMOVE_SLACK_ACC,caténaire,,0.4999999394456405,0.5,0.5,0.0,-1.0,0.0,-1.0,0.0,-1.500262256295642,0.0,0.0,-0.0,0.5,-0.0,-9.32900000000007,8.829000000000008,0.0,-17.65800000000008,0.0,-0.4999999394456405,0.0,-0.5,-0.0,0.0,0.0,0.0,-0.9999999394456405
32.40000000000019,0.0,10.0,1.8238843227978156,1.500262256295642,-0.2681103968627942,PILOT_ASC_REMOVE_SLACK_ACC,caténaire,,0.49999996972282024,0.5,0.5,0.0,-1.0,0.0,-1.0,0.0,-1.473451216231569,0.0,0.0,-0.0,0.5,-0.0,-9.32900000000007,8.829000000000008,0.0,-17.65800000000008,0.0,-0.49999996972282024,0.0,-0.5,-0.0,0.0,0.0,0.0,-0.9999999697228202
32.50000000000019,0.0,10.0,1.7970732835279555,1.473451216231569,-0.26811039269859704,PILOT_ASC_REMOVE_SLACK_ACC,caténaire,,0.4999999848614101,0.5,0.5,0.0,-1.0,0.0,-1.0,0.0,-1.4466401761674959,0.0,0.0,-0.0,0.5,-0.0,-9.32900000000007,8.829000000000008,0.0,-17.65800000000008,0.0,-0.4999999848614101,0.0,-0.5,-0.0,0.0,0.0,0.0,-0.9999999848614101
32.60000000000019,0.0,10.0,1.7702622446063994,1.4466401761674959,-0.26811038921555724,PILOT_ASC_REMOVE_SLACK_ACC,caténaire,,0.4999999924307051,0.5,0.5,0.0,-1.0,0.0,-1.0,0.0,-1.4198291361034228,0.0,0.0,-0.0,0.5,-0.0,-9.32900000000007,8.829000000000008,0.0,-17.65800000000008,0.0,-0.4999999924307051,0.0,-0.5,-0.0,0.0,0.0,0.0,-0.999999992430705
32.700000000000195,0.0,10.0,1.743451205960233,1.4198291361034228,-0.2681103864616604,PILOT_ASC_REMOVE_SLACK_ACC,caténaire,,0.49999999621535257,0.5,0.5,0.0,-1.0,0.0,-1.0,0.0,-1.3930180960393497,0.0,0.0,-0.0,0.5,-0.0,-9.32900000000007,8.829000000000008,0.0,-17.65800000000008,0.0,-0.49999999621535257,0.0,-0.5,-0.0,0.0,0.0,0.0,-0.9999999962153525
32.800000000000196,0.0,10.0,1.7166401675146536,1.3930180960393497,-0.2681103844557888,PILOT_ASC_REMOVE_SLACK_ACC,caténaire,,0.4999999981076763,0.5,0.5,0.0,-1.0,0.0,-1.0,0.0,-1.3662070559752766,0.0,0.0,-0.0,0.5,-0.0,-9.32900000000007,8.829000000000008,0.0,-17.65800000000008,0.0,-0.4999999981076763,0.0,-0.5,-0.0,0.0,0.0,0.0,-0.9999999981076764
32.9000000000002,0.0,10.0,1.689829129195653,1.3662070559752766,-0.26811038319000224,PILOT_ASC_REMOVE_SLACK_ACC,caténaire,,0.4999999990538382,0.5,0.5,0.0,-1.0,0.0,-1.0,0.0,-1.3393960159112035,0.0,0.0,-0.0,0.5,-0.0,-9.32900000000007,8.829000000000008,0.0,-17.65800000000008,0.0,-0.4999999990538382,0.0,-0.5,-0.0,0.0,0.0,0.0,-0.9999999990538382
33.0000000000002,0.0,10.0,1.6630180909324042,1.3393960159112035,-0.2681103826324852,PILOT_ASC_REMOVE_SLACK_ACC,caténaire,,0.4999999995269191,0.5,0.5,0.0,-1.0,0.0,-1.0,0.0,-1.3125849758471304,0.0,0.0,-0.0,0.5,-0.0,-9.32900000000007,8.829000000000008,0.0,-17.65800000000008,0.0,-0.4999999995269191,0.0,-0.5,-0.0,0.0,0.0,0.0,-0.9999999995269191
33.1000000000002,0.0,10.0,1.6362070526593042,1.3125849758471304,-0.26811038273099463,PILOT_ASC_REMOVE_SLACK_ACC,caténaire,,0.49999999976345955,0.5,0.5,0.0,-1.0,0.0,-1.0,0.0,-1.2857739357830573,0.0,0.0,-0.0,0.5,-0.0,-9.32900000000007,8.829000000000008,0.0,-17.65800000000008,0.0,-0.49999999976345955,0.0,-0.5,-0.0,0.0,0.0,0.0,-0.9999999997634595
33.2000000000002,0.0,10.0,1.6093960143176393,1.2857739357830573,-0.2681103834166441,PILOT_ASC_REMOVE_SLACK_ACC,caténaire,,0.4999999998817298,0.5,0.5,0.0,-1.0,0.0,-1.0,0.0,-1.2589628957189842,0.0,0.0,-0.0,0.5,-0.0,-9.32900000000007,8.829000000000008,0.0,-17.65800000000008,0.0,-0.4999999998817298,0.0,-0.5,-0.0,0.0,0.0,0.0,-0.9999999998817297
33.3000000000002,0.0,10.0,1.5825849758568524,1.2589628957189842,-0.26811038460786474,PILOT_ASC_REMOVE_SLACK_ACC,caténaire,,0.4999999999408649,0.5,0.5,0.0,-1.0,0.0,-1.0,0.0,-1.2321518556549111,0.0,0.0,-0.0,0.5,-0.0,-9.32900000000007,8.829000000000008,0.0,-17.65800000000008,0.0,-0.4999999999408649,0.0,-0.5,-0.0,0.0,0.0,0.0,-0.9999999999408649
33.400000000000205,0.0,10.0,1.555773937235413,1.2321518556549111,-0.26811038621439204,PILOT_ASC_REMOVE_SLACK_ACC,caténaire,,0.4999999999704325,0.5,0.5,0.0,-1.0,0.0,-1.0,0.0,-1.205340815590838,0.0,0.0,-0.0,0.5,-0.0,-9.32900000000007,8.829000000000008,0.0,-17.65800000000008,0.0,-0.4999999999704325,0.0,-0.5,-0.0,0.0,0.0,0.0,-0.9999999999704325
33.500000000000206,0.0,10.0,1.5289628984212982,1.205340815590838,-0.26811038814114446,PILOT_ASC_REMOVE_SLACK_ACC,caténaire,,0.49999999998521627,0.5,0.5,0.0,-1.0,0.0,-1.0,0.0,-1.178529775526765,0.0,0.0,-0.0,0.5,-0.0,-9.32900000000007,8.829000000000008,0.0,-17.65800000000008,0.0,-0.49999999998521627,0.0,-0.5,-0.0,0.0,0.0,0.0,-0.9999999999852163
33.60000000000021,0.0,10.0,1.5021518593921104,1.178529775526765,-0.26811039029187445,PILOT_ASC_REMOVE_SLACK_ACC,caténaire,,0.49999999999260814,0.5,0.5,0.0,-1.0,0.0,-1.0,0.0,-1.1517187354626919,0.0,0.0,-0.0,0.5,-0.0,-9.32900000000007,8.829000000000008,0.0,-17.65800000000008,0.0,-0.49999999999260814,0.0,-0.5,-0.0,0.0,0.0,0.0,-0.9999999999926081
33.70000000000021,0.0,10.0,1.4753408201348608,1.1517187354626919,-0.2681103925724932,PILOT_ASC_REMOVE_SLACK_ACC,caténaire,,0.49999999999630407,0.5,0.5,0.0,-1.0,0.0,-1.0,0.0,-1.1249076953986188,0.0,0.0,-0.0,0.5,-0.0,-9.32900000000007,8.829000000000008,0.0,-17.65800000000008,0.0,-0.49999999999630407,0.0,-0.5,-0.0,0.0,0.0,0.0,-0.9999999999963041
33.80000000000021,0.0,10.0,1.4485297806454613,1.1249076953986188,-0.26811039489399124,PILOT_ASC_REMOVE_SLACK_ACC,caténaire,,0.49999999999815203,0.5,0.5,0.0,-1.0,0.0,-1.0,0.0,-1.0980966553345457,0.0,0.0,-0.0,0.5,-0.0,-9.32900000000007,8.829000000000008,0.0,-17.65800000000008,0.0,-0.49999999999815203,0.0,-0.5,-0.0,0.0,0.0,0.0,-0.999999999998152
33.90000000000021,0.0,10.0,1.4217187409279712,1.0980966553345457,-0.2681103971748973,PILOT_ASC_REMOVE_SLACK_ACC,caténaire,,0.499999999999076,0.5,0.5,0.0,-1.0,0.0,-1.0,0.0,-1.0712856152704726,0.0,0.0,-0.0,0.5,-0.0,-9.32900000000007,8.829000000000008,0.0,-17.65800000000008,0.0,-0.499999999999076,0.0,-0.5,-0.0,0.0,0.0,0.0,-0.9999999999990761
34.00000000000021,0.0,10.0,1.3949077009936468,1.0712856152704726,-0.26811039934324044,PILOT_ASC_REMOVE_SLACK_ACC,caténaire,,0.49999999999953804,0.5,0.5,0.0,-1.0,0.0,-1.0,0.0,-1.0444745752063995,0.0,0.0,-0.0,0.5,-0.0,-9.32900000000007,8.829000000000008,0.0,-17.65800000000008,0.0,-0.49999999999953804,0.0,-0.5,-0.0,0.0,0.0,0.0,-0.999999999999538
34.100000000000215,0.0,10.0,1.3680966608598466,1.0444745752063995,-0.26811040133799885,PILOT_ASC_REMOVE_SLACK_ACC,caténaire,,0.499999999999769,0.5,0.5,0.0,-1.0,0.0,-1.0,0.0,-1.0176635351423264,0.0,0.0,-0.0,0.5,-0.0,-9.32900000000007,8.829000000000008,0.0,-17.65800000000008,0.0,-0.499999999999769,0.0,-0.5,-0.0,0.0,0.0,0.0,-0.9999999999997691
34.200000000000216,0.0,10.0,1.3412856205488424,1.0176635351423264,-0.26811040311003903,PILOT_ASC_REMOVE_SLACK_ACC,caténaire,,0.49999999999988454,0.5,0.5,0.0,-1.0,0.0,-1.0,0.0,-0.9908524950782535,0.0,0.0,-0.0,0.5,-0.0,-9.328999999999992,8.829000000000008,0.0,-17.658,0.0,-0.49999999999988454,0.0,-0.5,-0.0,0.0,0.0,0.0,-0.9999999999998845
34.30000000000022,0.0,10.0,1.3144745800865856,0.9908524950782535,-0.26811040462256475,PILOT_ASC_REMOVE_SLACK_ACC,caténaire,,0.49999999999994227,0.5,0.5,0.0,-1.0,0.0,-1.0,0.0,-0.9640414550141805,0.0,0.0,-0.0,0.5,-0.0,-9.328999999999992,8.829000000000008,0.0,-17.658,0.0,-0.49999999999994227,0.0,-0.5,-0.0,0.0,0.0,0.0,-0.9999999999999423
34.40000000000022,0.0,10.0,1.2876635395014742,0.9640414550141805,-0.26811040585110996,PILOT_ASC_REMOVE_SLACK_ACC,caténaire,,0.49999999999997113,0.5,0.5,0.0,-1.0,0.0,-1.0,0.0,-0.9372304149501075,0.0,0.0,-0.0,0.5,-0.0,-9.328999999999992,8.829000000000008,0.0,-17.658,0.0,-0.49999999999997113,0.0,-0.5,-0.0,0.0,0.0,0.0,-0.9999999999999711
34.50000000000022,0.0,10.0,1.2608524988231617,0.9372304149501075,-0.2681104067831212,PILOT_ASC_REMOVE_SLACK_ACC,caténaire,,0.49999999999998557,0.5,0.5,0.0,-1.0,0.0,-1.0,0.0,-0.9104193748860345,0.0,0.0,-0.0,0.5,-0.0,-9.328999999999992,8.829000000000008,0.0,-17.658,0.0,-0.49999999999998557,0.0,-0.5,-0.0,0.0,0.0,0.0,-0.9999999999999856
34.60000000000022,0.0,10.0,1.234041458081443,0.9104193748860345,-0.26811040741718484,PILOT_ASC_REMOVE_SLACK_ACC,caténaire,,0.4999999999999928,0.5,0.5,0.0,-1.0,0.0,-1.0,0.0,-0.8836083348219615,0.0,0.0,-0.0,0.5,-0.0,-9.328999999999992,8.829000000000008,0.0,-17.658,0.0,-0.4999999999999928,0.0,-0.5,-0.0,0.0,0.0,0.0,-0.9999999999999928
34.70000000000022,0.0,10.0,1.2072304173052466,0.8836083348219615,-0.26811040776196016,PILOT_ASC_REMOVE_SLACK_ACC,caténaire,,0.4999999999999964,0.5,0.5,0.0,-1.0,0.0,-1.0,0.0,-0.8567972947578886,0.0,0.0,-0.0,0.5,-0.0,-9.328999999999992,8.829000000000008,0.0,-17.658,0.0,-0.4999999999999964,0.0,-0.5,-0.0,0.0,0.0,0.0,-0.9999999999999964
34.800000000000225,0.0,10.0,1.1804193765217579,0.8567972947578886,-0.2681104078348835,PILOT_ASC_REMOVE_SLACK_ACC,caténaire,,0.4999999999999982,0.5,0.5,0.0,-1.0,0.0,-1.0,0.0,-0.8299862546938156,0.0,0.0,-0.0,0.5,-0.0,-9.328999999999992,8.829000000000008,0.0,-17.658,0.0,-0.4999999999999982,0.0,-0.5,-0.0,0.0,0.0,0.0,-0.9999999999999982
34.900000000000226,0.0,10.0,1.1536083357556866,0.8299862546938156,-0.26811040766070926,PILOT_ASC_REMOVE_SLACK_ACC,caténaire,,0.4999999999999991,0.5,0.5,0.0,-1.0,0.0,-1.0,0.0,-0.8031752146297426,0.0,0.0,-0.0,0.5,-0.0,-9.328999999999992,8.829000000000008,0.0,-17.658,0.0,-0.4999999999999991,0.0,-0.5,-0.0,0.0,0.0,0.0,-0.9999999999999991
35.00000000000023,0.0,10.0,1.1267972950286909,0.8031752146297426,-0.268110407269953,PILOT_ASC_REMOVE_SLACK_ACC,caténaire,,0.49999999999999956,0.5,0.5,0.0,-1.0,0.0,-1.0,0.0,-0.7763641745656696,0.0,0.0,-0.0,0.5,-0.0,-9.328999999999992,8.829000000000008,0.0,-17.658,0.0,-0.49999999999999956,0.0,-0.5,-0.0,0.0,0.0,0.0,-0.9999999999999996
35.10000000000023,0.0,10.0,1.0999862543589607,0.7763641745656696,-0.26811040669729813,PILOT_ASC_REMOVE_SLACK_ACC,caténaire,,0.4999999999999998,0.5,0.5,0.0,-1.0,0.0,-1.0,0.0,-0.7495531345015967,0.0,0.0,-0.0,0.5,-0.0,-9.328999999999992,8.829000000000008,0.0,-17.658,0.0,-0.4999999999999998,0.0,-0.5,-0.0,0.0,0.0,0.0,-0.9999999999999998
35.20000000000023,0.0,10.0,1.073175213760958,0.7495531345015967,-0.268110405980023,PILOT_ASC_REMOVE_SLACK_ACC,caténaire,,0.4999999999999999,0.5,0.5,0.0,-1.0,0.0,-1.0,0.0,-0.7227420944375237,0.0,0.0,-0.0,0.5,-0.0,-9.328999999999992,8.829000000000008,0.0,-17.658,0.0,-0.4999999999999999,0.0,-0.5,-0.0,0.0,0.0,0.0,-0.9999999999999999
35.30000000000023,0.0,10.0,1.0463641732453077,0.7227420944375237,-0.2681104051564988,PILOT_ASC_REMOVE_SLACK_ACC,caténaire,,0.49999999999999994,0.5,0.5,0.0,-1.0,0.0,-1.0,0.0,-0.6959310543734507,0.0,0.0,-0.0,0.5,-0.0,-9.328999999999992,8.829000000000008,0.0,-17.658,0.0,-0.49999999999999994,0.0,-0.5,-0.0,0.0,0.0,0.0,-1.0
35.40000000000023,0.0,10.0,1.0195531328188272,0.6959310543734507,-0.26811040426480126,PILOT_ASC_REMOVE_SLACK_ACC,caténaire,,0.5,0.5,0.5,0.0,-1.0,0.0,-1.0,0.0,-0.6691200143093777,0.0,0.0,-0.0,0.5,-0.0,-9.328999999999992,8.829000000000008,0.0,-17.658,0.0,-0.5,0.0,-0.5,-0.0,0.0,0.0,0.0,-1.0
35.500000000000234,0.0,10.0,0.9927420924846797,0.6691200143093777,-0.26811040334147096,PILOT_ASC_REMOVE_SLACK_ACC,caténaire,,0.5,0.5,0.5,0.0,-1.0,0.0,-1.0,0.0,-0.6423089742453048,0.0,0.0,-0.0,0.5,-0.0,-9.328999999999992,8.829000000000008,0.0,-17.658,0.0,-0.5,0.0,-0.5,-0.0,0.0,0.0,0.0,-1.0
35.600000000000236,0.0,10.0,0.9659310522426344,0.6423089742453048,-0.26811040242044887,PILOT_ASC_REMOVE_SLACK_ACC,caténaire,,0.5,0.5,0.5,0.0,-1.0,0.0,-1.0,0.0,-0.6154979341812318,0.0,0.0,-0.0,0.5,-0.0,-9.328999999999992,8.829000000000008,0.0,-17.658,0.0,-0.5,0.0,-0.5,-0.0,0.0,0.0,0.0,-1.0
35.70000000000024,0.0,10.0,0.9391200120894135,0.6154979341812318,-0.2681104015322049,PILOT_ASC_REMOVE_SLACK_ACC,caténaire,,0.5,0.5,0.5,0.0,-1.0,0.0,-1.0,0.0,-0.5886868941171588,0.0,0.0,-0.0,0.5,-0.0,-9.328999999999992,8.829000000000008,0.0,-17.658,0.0,-0.5,0.0,-0.5,-0.0,0.0,0.0,0.0,-1.0
35.80000000000024,0.0,10.0,0.9123089720191062,0.5886868941171588,-0.2681104007030693,PILOT_ASC_REMOVE_SLACK_ACC,caténaire,,0.5,0.5,0.5,0.0,-1.0,0.0,-1.0,0.0,-0.5618758540530858,0.0,0.0,-0.0,0.5,-0.0,-9.328999999999992,8.829000000000008,0.0,-17.658,0.0,-0.5,0.0,-0.5,-0.0,0.0,0.0,0.0,-1.0
35.90000000000024,0.0,10.0,0.8854979320236289,0.5618758540530858,-0.26811039995476915,PILOT_ASC_REMOVE_SLACK_ACC,caténaire,,0.5,0.5,0.5,0.0,-1.0,0.0,-1.0,0.0,-0.5350648139890128,0.0,0.0,-0.0,0.5,-0.0,-9.328999999999992,8.829000000000008,0.0,-17.658,0.0,-0.5,0.0,-0.5,-0.0,0.0,0.0,0.0,-1.0
36.00000000000024,0.0,10.0,0.8586868920932121,0.5350648139890128,-0.26811039930416425,PILOT_ASC_REMOVE_SLACK_ACC,caténaire,,0.5,0.5,0.5,0.0,-1.0,0.0,-1.0,0.0,-0.5082537739249399,0.0,0.0,-0.0,0.5,-0.0,-9.328999999999992,8.829000000000008,0.0,-17.658,0.0,-0.5,0.0,-0.5,-0.0,0.0,0.0,0.0,-1.0
36.10000000000024,0.0,10.0,0.8318758522168945,0.5082537739249399,-0.26811039876317194,PILOT_ASC_REMOVE_SLACK_ACC,caténaire,,0.5,0.5,0.5,0.0,-1.0,0.0,-1.0,0.0,-0.4814427338608669,0.0,0.0,-0.0,0.5,-0.0,-9.328999999999992,8.829000000000008,0.0,-17.658,0.0,-0.5,0.0,-0.5,-0.0,0.0,0.0,0.0,-1.0
